timestamp,electricity_kwh,outdoor_temp
2024-01-01 00:00:00,27.94,25.0
2024-01-01 00:15:00,20.0,29.1
2024-01-01 00:30:00,23.68,25.7
2024-01-01 00:45:00,29.61,26.6
2024-01-01 01:00:00,23.2,27.8
2024-01-01 01:15:00,20.0,25.0
2024-01-01 01:30:00,32.5,27.8
2024-01-01 01:45:00,32.69,27.9
2024-01-01 02:00:00,27.26,25.0
2024-01-01 02:15:00,36.48,30.6
2024-01-01 02:30:00,29.74,30.7
2024-01-01 02:45:00,37.7,26.2
2024-01-01 03:00:00,46.31,29.8
2024-01-01 03:15:00,40.74,29.7
2024-01-01 03:30:00,41.06,33.7
2024-01-01 03:45:00,53.74,28.9
2024-01-01 04:00:00,54.8,39.8
2024-01-01 04:15:00,73.85,33.1
2024-01-01 04:30:00,66.1,35.8
2024-01-01 04:45:00,68.66,38.0
2024-01-01 05:00:00,86.93,35.8
2024-01-01 05:15:00,79.6,36.9
2024-01-01 05:30:00,90.85,37.1
2024-01-01 05:45:00,87.79,37.3
2024-01-01 06:00:00,97.07,40.6
2024-01-01 06:15:00,105.34,40.8
2024-01-01 06:30:00,105.72,41.0
2024-01-01 06:45:00,119.12,42.1
2024-01-01 07:00:00,116.54,45.1
2024-01-01 07:15:00,126.51,43.3
2024-01-01 07:30:00,129.51,45.3
2024-01-01 07:45:00,143.21,48.5
2024-01-01 08:00:00,139.98,48.1
2024-01-01 08:15:00,138.36,46.3
2024-01-01 08:30:00,151.28,49.2
2024-01-01 08:45:00,147.71,50.9
2024-01-01 09:00:00,156.63,52.7
2024-01-01 09:15:00,149.74,49.9
2024-01-01 09:30:00,155.55,50.9
2024-01-01 09:45:00,160.73,51.2
2024-01-01 10:00:00,172.31,51.8
2024-01-01 10:15:00,173.23,54.4
2024-01-01 10:30:00,167.23,55.2
2024-01-01 10:45:00,176.22,56.4
2024-01-01 11:00:00,169.7,54.4
2024-01-01 11:15:00,174.65,52.0
2024-01-01 11:30:00,176.23,56.3
2024-01-01 11:45:00,184.36,55.4
2024-01-01 12:00:00,186.55,55.3
2024-01-01 12:15:00,169.31,52.5
2024-01-01 12:30:00,182.96,54.6
2024-01-01 12:45:00,176.27,52.5
2024-01-01 13:00:00,175.61,55.6
2024-01-01 13:15:00,177.45,53.5
2024-01-01 13:30:00,179.14,53.0
2024-01-01 13:45:00,178.62,50.5
2024-01-01 14:00:00,163.25,55.2
2024-01-01 14:15:00,163.96,52.1
2024-01-01 14:30:00,165.1,52.2
2024-01-01 14:45:00,165.61,50.0
2024-01-01 15:00:00,157.61,47.5
2024-01-01 15:15:00,150.1,49.0
2024-01-01 15:30:00,142.16,48.6
2024-01-01 15:45:00,136.95,49.1
2024-01-01 16:00:00,144.22,47.0
2024-01-01 16:15:00,143.66,45.4
2024-01-01 16:30:00,130.28,42.9
2024-01-01 16:45:00,132.56,45.1
2024-01-01 17:00:00,122.78,42.5
2024-01-01 17:15:00,111.89,45.8
2024-01-01 17:30:00,111.63,42.5
2024-01-01 17:45:00,113.63,42.3
2024-01-01 18:00:00,97.78,39.7
2024-01-01 18:15:00,101.46,39.6
2024-01-01 18:30:00,76.81,36.5
2024-01-01 18:45:00,90.47,34.9
2024-01-01 19:00:00,79.88,36.4
2024-01-01 19:15:00,73.41,36.5
2024-01-01 19:30:00,71.45,30.6
2024-01-01 19:45:00,54.92,32.6
2024-01-01 20:00:00,57.77,36.4
2024-01-01 20:15:00,56.01,32.9
2024-01-01 20:30:00,57.9,34.2
2024-01-01 20:45:00,45.13,29.1
2024-01-01 21:00:00,40.94,28.7
2024-01-01 21:15:00,35.54,30.9
2024-01-01 21:30:00,40.65,29.6
2024-01-01 21:45:00,35.92,27.6
2024-01-01 22:00:00,27.49,25.0
2024-01-01 22:15:00,30.26,29.1
2024-01-01 22:30:00,26.72,31.4
2024-01-01 22:45:00,28.78,25.0
2024-01-01 23:00:00,20.0,28.6
2024-01-01 23:15:00,21.77,25.0
2024-01-01 23:30:00,20.0,25.0
2024-01-01 23:45:00,20.0,25.8
2024-01-02 00:00:00,21.09,25.0
2024-01-02 00:15:00,22.68,25.2
2024-01-02 00:30:00,24.42,25.0
2024-01-02 00:45:00,20.0,26.5
2024-01-02 01:00:00,20.0,30.3
2024-01-02 01:15:00,21.75,25.0
2024-01-02 01:30:00,22.95,26.1
2024-01-02 01:45:00,26.26,26.6
2024-01-02 02:00:00,30.57,29.3
2024-01-02 02:15:00,35.78,28.6
2024-01-02 02:30:00,45.78,30.2
2024-01-02 02:45:00,40.52,28.0
2024-01-02 03:00:00,47.31,30.6
2024-01-02 03:15:00,45.82,25.0
2024-01-02 03:30:00,44.47,32.5
2024-01-02 03:45:00,55.57,29.6
2024-01-02 04:00:00,60.81,32.2
2024-01-02 04:15:00,77.02,35.2
2024-01-02 04:30:00,67.16,31.5
2024-01-02 04:45:00,75.33,37.7
2024-01-02 05:00:00,79.21,36.2
2024-01-02 05:15:00,77.13,40.3
2024-01-02 05:30:00,95.91,36.6
2024-01-02 05:45:00,103.55,35.7
2024-01-02 06:00:00,102.64,40.3
2024-01-02 06:15:00,99.74,42.5
2024-01-02 06:30:00,119.77,43.7
2024-01-02 06:45:00,107.92,41.0
2024-01-02 07:00:00,124.22,41.0
2024-01-02 07:15:00,136.06,44.6
2024-01-02 07:30:00,127.49,47.1
2024-01-02 07:45:00,133.3,47.9
2024-01-02 08:00:00,141.2,51.0
2024-01-02 08:15:00,141.4,48.0
2024-01-02 08:30:00,138.99,45.8
2024-01-02 08:45:00,153.86,52.7
2024-01-02 09:00:00,151.96,51.4
2024-01-02 09:15:00,163.7,52.2
2024-01-02 09:30:00,159.47,53.8
2024-01-02 09:45:00,171.22,55.4
2024-01-02 10:00:00,164.7,53.3
2024-01-02 10:15:00,170.3,56.2
2024-01-02 10:30:00,178.66,55.4
2024-01-02 10:45:00,170.07,53.3
2024-01-02 11:00:00,179.08,54.4
2024-01-02 11:15:00,184.4,56.4
2024-01-02 11:30:00,173.02,53.9
2024-01-02 11:45:00,175.92,57.2
2024-01-02 12:00:00,181.35,55.7
2024-01-02 12:15:00,183.04,56.2
2024-01-02 12:30:00,175.62,58.2
2024-01-02 12:45:00,171.37,55.9
2024-01-02 13:00:00,182.18,55.1
2024-01-02 13:15:00,178.97,54.5
2024-01-02 13:30:00,167.4,54.0
2024-01-02 13:45:00,173.09,54.5
2024-01-02 14:00:00,165.74,56.2
2024-01-02 14:15:00,167.19,51.7
2024-01-02 14:30:00,161.45,51.0
2024-01-02 14:45:00,154.07,54.3
2024-01-02 15:00:00,163.97,49.9
2024-01-02 15:15:00,156.02,50.8
2024-01-02 15:30:00,143.58,48.4
2024-01-02 15:45:00,151.55,45.4
2024-01-02 16:00:00,135.85,48.4
2024-01-02 16:15:00,138.46,49.3
2024-01-02 16:30:00,135.16,46.1
2024-01-02 16:45:00,121.64,42.3
2024-01-02 17:00:00,125.97,44.6
2024-01-02 17:15:00,117.75,41.9
2024-01-02 17:30:00,117.61,37.2
2024-01-02 17:45:00,115.29,41.3
2024-01-02 18:00:00,99.11,41.5
2024-01-02 18:15:00,91.62,41.9
2024-01-02 18:30:00,84.87,42.0
2024-01-02 18:45:00,82.76,38.9
2024-01-02 19:00:00,79.47,38.5
2024-01-02 19:15:00,76.51,33.1
2024-01-02 19:30:00,70.35,38.0
2024-01-02 19:45:00,67.52,36.4
2024-01-02 20:00:00,58.69,32.3
2024-01-02 20:15:00,63.31,33.5
2024-01-02 20:30:00,49.74,32.5
2024-01-02 20:45:00,61.35,33.6
2024-01-02 21:00:00,47.3,29.6
2024-01-02 21:15:00,36.21,27.8
2024-01-02 21:30:00,30.41,27.6
2024-01-02 21:45:00,35.0,29.9
2024-01-02 22:00:00,32.71,25.0
2024-01-02 22:15:00,30.5,25.0
2024-01-02 22:30:00,24.18,28.5
2024-01-02 22:45:00,25.63,26.9
2024-01-02 23:00:00,20.0,26.1
2024-01-02 23:15:00,20.0,25.0
2024-01-02 23:30:00,20.0,25.0
2024-01-02 23:45:00,26.97,25.0
2024-01-03 00:00:00,20.8,26.3
2024-01-03 00:15:00,20.0,25.0
2024-01-03 00:30:00,20.61,27.5
2024-01-03 00:45:00,24.83,25.0
2024-01-03 01:00:00,20.0,25.0
2024-01-03 01:15:00,20.0,27.8
2024-01-03 01:30:00,24.76,26.0
2024-01-03 01:45:00,23.65,26.5
2024-01-03 02:00:00,33.9,26.3
2024-01-03 02:15:00,37.36,26.5
2024-01-03 02:30:00,40.58,29.4
2024-01-03 02:45:00,45.96,30.3
2024-01-03 03:00:00,35.11,30.4
2024-01-03 03:15:00,42.86,29.5
2024-01-03 03:30:00,53.63,31.1
2024-01-03 03:45:00,58.67,35.5
2024-01-03 04:00:00,63.35,30.3
2024-01-03 04:15:00,84.11,37.7
2024-01-03 04:30:00,74.26,35.1
2024-01-03 04:45:00,80.74,35.4
2024-01-03 05:00:00,77.75,38.6
2024-01-03 05:15:00,86.99,33.6
2024-01-03 05:30:00,86.66,41.4
2024-01-03 05:45:00,99.03,43.4
2024-01-03 06:00:00,98.03,42.8
2024-01-03 06:15:00,105.01,37.4
2024-01-03 06:30:00,107.59,44.1
2024-01-03 06:45:00,113.75,46.9
2024-01-03 07:00:00,134.48,47.6
2024-01-03 07:15:00,117.0,42.6
2024-01-03 07:30:00,133.93,48.4
2024-01-03 07:45:00,128.7,50.9
2024-01-03 08:00:00,138.75,48.2
2024-01-03 08:15:00,150.33,46.1
2024-01-03 08:30:00,149.32,51.4
2024-01-03 08:45:00,147.67,52.7
2024-01-03 09:00:00,153.94,51.0
2024-01-03 09:15:00,162.95,49.6
2024-01-03 09:30:00,160.51,54.5
2024-01-03 09:45:00,166.95,51.6
2024-01-03 10:00:00,171.11,54.5
2024-01-03 10:15:00,169.29,57.2
2024-01-03 10:30:00,184.21,51.2
2024-01-03 10:45:00,178.61,56.7
2024-01-03 11:00:00,166.57,54.8
2024-01-03 11:15:00,181.17,55.0
2024-01-03 11:30:00,177.91,56.6
2024-01-03 11:45:00,185.06,54.1
2024-01-03 12:00:00,177.87,53.3
2024-01-03 12:15:00,179.69,52.1
2024-01-03 12:30:00,182.88,58.0
2024-01-03 12:45:00,184.3,54.7
2024-01-03 13:00:00,171.55,56.3
2024-01-03 13:15:00,175.29,53.9
2024-01-03 13:30:00,173.43,52.2
2024-01-03 13:45:00,168.9,55.5
2024-01-03 14:00:00,177.64,54.4
2024-01-03 14:15:00,166.12,52.7
2024-01-03 14:30:00,156.67,53.2
2024-01-03 14:45:00,165.05,50.1
2024-01-03 15:00:00,166.48,53.5
2024-01-03 15:15:00,155.18,53.2
2024-01-03 15:30:00,140.83,51.4
2024-01-03 15:45:00,143.14,48.3
2024-01-03 16:00:00,147.67,48.4
2024-01-03 16:15:00,133.26,50.5
2024-01-03 16:30:00,131.65,49.0
2024-01-03 16:45:00,130.54,49.6
2024-01-03 17:00:00,113.88,43.1
2024-01-03 17:15:00,115.62,41.9
2024-01-03 17:30:00,92.74,43.0
2024-01-03 17:45:00,100.92,42.6
2024-01-03 18:00:00,96.95,40.5
2024-01-03 18:15:00,87.12,39.0
2024-01-03 18:30:00,98.58,41.3
2024-01-03 18:45:00,76.43,37.7
2024-01-03 19:00:00,79.5,34.5
2024-01-03 19:15:00,78.49,33.8
2024-01-03 19:30:00,75.53,35.5
2024-01-03 19:45:00,58.45,40.2
2024-01-03 20:00:00,65.33,31.3
2024-01-03 20:15:00,56.07,31.8
2024-01-03 20:30:00,46.11,36.5
2024-01-03 20:45:00,50.74,29.9
2024-01-03 21:00:00,47.6,31.1
2024-01-03 21:15:00,35.93,33.3
2024-01-03 21:30:00,36.87,27.0
2024-01-03 21:45:00,33.14,27.7
2024-01-03 22:00:00,34.24,26.9
2024-01-03 22:15:00,32.74,25.0
2024-01-03 22:30:00,28.82,30.1
2024-01-03 22:45:00,20.0,25.4
2024-01-03 23:00:00,34.89,25.0
2024-01-03 23:15:00,20.0,25.2
2024-01-03 23:30:00,21.47,27.8
2024-01-03 23:45:00,22.85,26.1
2024-01-04 00:00:00,20.51,25.0
2024-01-04 00:15:00,20.0,26.7
2024-01-04 00:30:00,20.0,27.6
2024-01-04 00:45:00,20.0,26.1
2024-01-04 01:00:00,20.0,25.9
2024-01-04 01:15:00,28.47,28.7
2024-01-04 01:30:00,27.72,26.6
2024-01-04 01:45:00,24.14,30.6
2024-01-04 02:00:00,34.44,26.4
2024-01-04 02:15:00,35.18,26.8
2024-01-04 02:30:00,41.14,27.2
2024-01-04 02:45:00,43.2,29.1
2024-01-04 03:00:00,39.69,30.3
2024-01-04 03:15:00,44.89,28.3
2024-01-04 03:30:00,54.5,31.9
2024-01-04 03:45:00,60.38,33.7
2024-01-04 04:00:00,61.01,30.4
2024-01-04 04:15:00,64.99,33.2
2024-01-04 04:30:00,74.88,36.3
2024-01-04 04:45:00,71.56,33.9
2024-01-04 05:00:00,82.8,36.4
2024-01-04 05:15:00,87.48,40.1
2024-01-04 05:30:00,87.46,42.5
2024-01-04 05:45:00,101.28,40.8
2024-01-04 06:00:00,105.61,40.6
2024-01-04 06:15:00,108.18,40.9
2024-01-04 06:30:00,116.59,44.7
2024-01-04 06:45:00,115.01,46.1
2024-01-04 07:00:00,122.59,42.5
2024-01-04 07:15:00,123.46,47.6
2024-01-04 07:30:00,134.38,45.4
2024-01-04 07:45:00,134.09,45.8
2024-01-04 08:00:00,142.5,48.1
2024-01-04 08:15:00,148.02,51.2
2024-01-04 08:30:00,145.21,50.7
2024-01-04 08:45:00,163.29,51.4
2024-01-04 09:00:00,152.49,52.2
2024-01-04 09:15:00,154.19,53.2
2024-01-04 09:30:00,171.34,52.6
2024-01-04 09:45:00,169.62,54.7
2024-01-04 10:00:00,172.12,52.6
2024-01-04 10:15:00,176.45,55.7
2024-01-04 10:30:00,172.15,56.5
2024-01-04 10:45:00,175.28,56.6
2024-01-04 11:00:00,178.59,57.0
2024-01-04 11:15:00,179.33,56.6
2024-01-04 11:30:00,183.52,58.2
2024-01-04 11:45:00,178.4,51.4
2024-01-04 12:00:00,176.32,57.7
2024-01-04 12:15:00,178.78,59.9
2024-01-04 12:30:00,183.65,54.6
2024-01-04 12:45:00,175.28,54.2
2024-01-04 13:00:00,174.91,58.0
2024-01-04 13:15:00,178.7,53.3
2024-01-04 13:30:00,175.0,53.5
2024-01-04 13:45:00,168.52,54.8
2024-01-04 14:00:00,167.24,52.4
2024-01-04 14:15:00,168.26,55.2
2024-01-04 14:30:00,154.98,51.3
2024-01-04 14:45:00,152.34,53.0
2024-01-04 15:00:00,156.71,52.2
2024-01-04 15:15:00,150.56,54.2
2024-01-04 15:30:00,151.1,52.5
2024-01-04 15:45:00,152.12,48.3
2024-01-04 16:00:00,146.63,46.0
2024-01-04 16:15:00,126.19,49.3
2024-01-04 16:30:00,132.3,45.5
2024-01-04 16:45:00,119.41,45.2
2024-01-04 17:00:00,119.7,42.8
2024-01-04 17:15:00,112.9,45.3
2024-01-04 17:30:00,112.72,41.7
2024-01-04 17:45:00,100.34,41.9
2024-01-04 18:00:00,101.67,41.0
2024-01-04 18:15:00,107.35,40.4
2024-01-04 18:30:00,90.88,40.4
2024-01-04 18:45:00,86.86,37.6
2024-01-04 19:00:00,83.0,35.7
2024-01-04 19:15:00,72.22,32.5
2024-01-04 19:30:00,70.26,35.5
2024-01-04 19:45:00,69.83,34.1
2024-01-04 20:00:00,61.67,32.1
2024-01-04 20:15:00,51.02,32.9
2024-01-04 20:30:00,53.77,33.7
2024-01-04 20:45:00,46.92,33.4
2024-01-04 21:00:00,51.03,27.4
2024-01-04 21:15:00,45.39,29.1
2024-01-04 21:30:00,45.79,31.1
2024-01-04 21:45:00,28.47,31.8
2024-01-04 22:00:00,36.42,26.5
2024-01-04 22:15:00,28.94,30.4
2024-01-04 22:30:00,36.86,25.0
2024-01-04 22:45:00,20.81,29.2
2024-01-04 23:00:00,20.0,26.0
2024-01-04 23:15:00,22.61,29.5
2024-01-04 23:30:00,20.0,25.3
2024-01-04 23:45:00,21.71,25.5
2024-01-05 00:00:00,20.0,25.8
2024-01-05 00:15:00,24.34,25.0
2024-01-05 00:30:00,23.07,25.0
2024-01-05 00:45:00,30.8,27.4
2024-01-05 01:00:00,28.84,28.6
2024-01-05 01:15:00,21.76,28.1
2024-01-05 01:30:00,22.74,25.0
2024-01-05 01:45:00,31.29,28.6
2024-01-05 02:00:00,24.54,26.2
2024-01-05 02:15:00,41.08,29.5
2024-01-05 02:30:00,43.98,31.5
2024-01-05 02:45:00,38.99,30.6
2024-01-05 03:00:00,35.8,33.5
2024-01-05 03:15:00,54.11,31.0
2024-01-05 03:30:00,52.76,31.6
2024-01-05 03:45:00,62.85,33.0
2024-01-05 04:00:00,53.0,31.0
2024-01-05 04:15:00,61.96,33.7
2024-01-05 04:30:00,70.85,34.8
2024-01-05 04:45:00,67.08,35.8
2024-01-05 05:00:00,75.73,37.8
2024-01-05 05:15:00,85.08,35.3
2024-01-05 05:30:00,88.44,36.9
2024-01-05 05:45:00,96.0,42.5
2024-01-05 06:00:00,100.97,37.2
2024-01-05 06:15:00,108.32,43.4
2024-01-05 06:30:00,115.84,42.4
2024-01-05 06:45:00,107.94,44.4
2024-01-05 07:00:00,114.03,48.2
2024-01-05 07:15:00,132.5,45.8
2024-01-05 07:30:00,133.77,48.2
2024-01-05 07:45:00,130.08,48.0
2024-01-05 08:00:00,149.05,48.5
2024-01-05 08:15:00,145.3,49.1
2024-01-05 08:30:00,157.01,51.7
2024-01-05 08:45:00,154.05,49.6
2024-01-05 09:00:00,167.2,49.6
2024-01-05 09:15:00,168.65,52.6
2024-01-05 09:30:00,162.61,53.5
2024-01-05 09:45:00,171.98,50.0
2024-01-05 10:00:00,172.21,54.2
2024-01-05 10:15:00,178.79,52.2
2024-01-05 10:30:00,169.41,56.3
2024-01-05 10:45:00,179.73,51.8
2024-01-05 11:00:00,184.28,59.6
2024-01-05 11:15:00,170.03,55.3
2024-01-05 11:30:00,177.21,54.4
2024-01-05 11:45:00,170.11,55.6
2024-01-05 12:00:00,180.19,57.4
2024-01-05 12:15:00,185.97,58.0
2024-01-05 12:30:00,188.01,55.6
2024-01-05 12:45:00,178.1,53.1
2024-01-05 13:00:00,185.58,53.3
2024-01-05 13:15:00,169.96,56.0
2024-01-05 13:30:00,166.38,57.1
2024-01-05 13:45:00,172.97,57.0
2024-01-05 14:00:00,171.61,54.6
2024-01-05 14:15:00,166.5,55.7
2024-01-05 14:30:00,155.11,57.0
2024-01-05 14:45:00,160.27,54.9
2024-01-05 15:00:00,152.29,53.7
2024-01-05 15:15:00,158.09,49.6
2024-01-05 15:30:00,157.7,52.3
2024-01-05 15:45:00,136.77,50.5
2024-01-05 16:00:00,138.19,50.1
2024-01-05 16:15:00,131.52,50.5
2024-01-05 16:30:00,131.24,47.8
2024-01-05 16:45:00,129.71,45.9
2024-01-05 17:00:00,116.24,43.1
2024-01-05 17:15:00,123.5,43.6
2024-01-05 17:30:00,107.78,43.7
2024-01-05 17:45:00,103.21,42.9
2024-01-05 18:00:00,98.95,41.8
2024-01-05 18:15:00,90.44,42.3
2024-01-05 18:30:00,88.51,41.1
2024-01-05 18:45:00,79.32,38.3
2024-01-05 19:00:00,90.89,35.8
2024-01-05 19:15:00,75.56,37.3
2024-01-05 19:30:00,66.85,40.1
2024-01-05 19:45:00,66.59,35.3
2024-01-05 20:00:00,60.59,33.3
2024-01-05 20:15:00,54.6,34.1
2024-01-05 20:30:00,53.61,33.4
2024-01-05 20:45:00,54.33,32.6
2024-01-05 21:00:00,45.55,33.5
2024-01-05 21:15:00,39.45,30.9
2024-01-05 21:30:00,35.15,32.1
2024-01-05 21:45:00,22.04,29.4
2024-01-05 22:00:00,23.77,31.4
2024-01-05 22:15:00,34.28,30.3
2024-01-05 22:30:00,33.37,29.4
2024-01-05 22:45:00,25.35,28.7
2024-01-05 23:00:00,31.85,31.5
2024-01-05 23:15:00,23.99,28.8
2024-01-05 23:30:00,36.47,25.0
2024-01-05 23:45:00,25.72,26.9
2024-01-06 00:00:00,20.0,25.9
2024-01-06 00:15:00,20.0,30.6
2024-01-06 00:30:00,20.0,29.0
2024-01-06 00:45:00,20.0,30.7
2024-01-06 01:00:00,20.0,25.4
2024-01-06 01:15:00,20.0,29.4
2024-01-06 01:30:00,20.0,25.0
2024-01-06 01:45:00,20.0,25.0
2024-01-06 02:00:00,29.68,27.6
2024-01-06 02:15:00,32.82,32.0
2024-01-06 02:30:00,24.74,27.5
2024-01-06 02:45:00,42.81,30.1
2024-01-06 03:00:00,31.25,33.2
2024-01-06 03:15:00,30.58,33.2
2024-01-06 03:30:00,41.92,36.7
2024-01-06 03:45:00,43.77,33.1
2024-01-06 04:00:00,36.24,33.1
2024-01-06 04:15:00,44.73,32.6
2024-01-06 04:30:00,42.51,35.0
2024-01-06 04:45:00,47.59,34.4
2024-01-06 05:00:00,60.94,34.0
2024-01-06 05:15:00,68.43,42.5
2024-01-06 05:30:00,57.51,39.6
2024-01-06 05:45:00,67.49,45.7
2024-01-06 06:00:00,66.96,39.8
2024-01-06 06:15:00,70.81,41.6
2024-01-06 06:30:00,73.62,41.9
2024-01-06 06:45:00,77.73,43.1
2024-01-06 07:00:00,84.65,47.1
2024-01-06 07:15:00,83.92,47.4
2024-01-06 07:30:00,92.56,49.0
2024-01-06 07:45:00,96.89,50.8
2024-01-06 08:00:00,96.78,51.2
2024-01-06 08:15:00,97.22,47.8
2024-01-06 08:30:00,101.01,49.6
2024-01-06 08:45:00,111.52,51.6
2024-01-06 09:00:00,112.09,59.6
2024-01-06 09:15:00,107.61,54.3
2024-01-06 09:30:00,121.51,53.6
2024-01-06 09:45:00,122.44,55.3
2024-01-06 10:00:00,110.76,53.3
2024-01-06 10:15:00,124.32,55.5
2024-01-06 10:30:00,119.63,57.3
2024-01-06 10:45:00,126.56,55.7
2024-01-06 11:00:00,119.77,54.5
2024-01-06 11:15:00,116.8,56.1
2024-01-06 11:30:00,117.6,55.8
2024-01-06 11:45:00,124.49,53.8
2024-01-06 12:00:00,126.56,55.4
2024-01-06 12:15:00,123.83,53.7
2024-01-06 12:30:00,123.48,53.9
2024-01-06 12:45:00,117.35,54.0
2024-01-06 13:00:00,125.28,57.9
2024-01-06 13:15:00,117.12,58.7
2024-01-06 13:30:00,120.31,52.3
2024-01-06 13:45:00,119.58,58.2
2024-01-06 14:00:00,115.42,52.3
2024-01-06 14:15:00,113.96,55.5
2024-01-06 14:30:00,121.11,54.0
2024-01-06 14:45:00,109.8,54.1
2024-01-06 15:00:00,114.87,49.8
2024-01-06 15:15:00,101.51,47.8
2024-01-06 15:30:00,105.97,49.1
2024-01-06 15:45:00,108.56,50.8
2024-01-06 16:00:00,86.7,53.0
2024-01-06 16:15:00,91.41,46.2
2024-01-06 16:30:00,93.39,47.1
2024-01-06 16:45:00,87.28,44.9
2024-01-06 17:00:00,88.24,45.4
2024-01-06 17:15:00,82.25,40.7
2024-01-06 17:30:00,77.15,46.5
2024-01-06 17:45:00,68.14,42.6
2024-01-06 18:00:00,75.85,43.4
2024-01-06 18:15:00,66.4,40.2
2024-01-06 18:30:00,64.86,40.0
2024-01-06 18:45:00,60.11,40.9
2024-01-06 19:00:00,55.19,38.0
2024-01-06 19:15:00,50.3,37.1
2024-01-06 19:30:00,52.5,34.3
2024-01-06 19:45:00,43.61,33.9
2024-01-06 20:00:00,43.95,32.1
2024-01-06 20:15:00,48.82,31.8
2024-01-06 20:30:00,39.76,35.0
2024-01-06 20:45:00,31.83,35.4
2024-01-06 21:00:00,32.82,28.5
2024-01-06 21:15:00,27.62,31.1
2024-01-06 21:30:00,20.0,29.1
2024-01-06 21:45:00,20.0,32.0
2024-01-06 22:00:00,20.0,28.9
2024-01-06 22:15:00,20.67,28.2
2024-01-06 22:30:00,20.0,26.3
2024-01-06 22:45:00,26.64,25.0
2024-01-06 23:00:00,20.0,28.7
2024-01-06 23:15:00,20.0,27.7
2024-01-06 23:30:00,20.0,27.5
2024-01-06 23:45:00,20.0,25.5
2024-01-07 00:00:00,20.0,26.4
2024-01-07 00:15:00,20.0,28.3
2024-01-07 00:30:00,20.0,28.8
2024-01-07 00:45:00,21.92,25.0
2024-01-07 01:00:00,20.0,25.9
2024-01-07 01:15:00,20.0,25.0
2024-01-07 01:30:00,21.52,28.2
2024-01-07 01:45:00,30.82,30.0
2024-01-07 02:00:00,20.0,28.1
2024-01-07 02:15:00,24.5,27.9
2024-01-07 02:30:00,23.94,29.1
2024-01-07 02:45:00,22.17,35.0
2024-01-07 03:00:00,35.36,33.5
2024-01-07 03:15:00,29.53,33.3
2024-01-07 03:30:00,37.9,33.2
2024-01-07 03:45:00,38.27,33.4
2024-01-07 04:00:00,45.91,32.4
2024-01-07 04:15:00,47.94,33.0
2024-01-07 04:30:00,55.75,34.8
2024-01-07 04:45:00,46.44,35.0
2024-01-07 05:00:00,54.0,36.6
2024-01-07 05:15:00,52.28,38.6
2024-01-07 05:30:00,61.23,39.7
2024-01-07 05:45:00,69.79,39.5
2024-01-07 06:00:00,75.48,42.7
2024-01-07 06:15:00,69.02,42.3
2024-01-07 06:30:00,82.39,44.1
2024-01-07 06:45:00,83.96,43.2
2024-01-07 07:00:00,86.93,47.0
2024-01-07 07:15:00,97.55,45.5
2024-01-07 07:30:00,89.45,50.7
2024-01-07 07:45:00,89.3,47.9
2024-01-07 08:00:00,89.82,49.1
2024-01-07 08:15:00,108.49,51.3
2024-01-07 08:30:00,108.74,52.5
2024-01-07 08:45:00,106.35,53.5
2024-01-07 09:00:00,112.16,55.9
2024-01-07 09:15:00,105.04,54.4
2024-01-07 09:30:00,126.95,53.5
2024-01-07 09:45:00,117.29,53.2
2024-01-07 10:00:00,119.94,54.5
2024-01-07 10:15:00,124.53,58.2
2024-01-07 10:30:00,124.87,52.9
2024-01-07 10:45:00,124.93,54.4
2024-01-07 11:00:00,120.99,55.8
2024-01-07 11:15:00,134.04,54.8
2024-01-07 11:30:00,134.55,55.9
2024-01-07 11:45:00,130.11,60.4
2024-01-07 12:00:00,134.95,56.2
2024-01-07 12:15:00,124.14,57.6
2024-01-07 12:30:00,122.25,53.4
2024-01-07 12:45:00,125.64,54.3
2024-01-07 13:00:00,131.38,58.2
2024-01-07 13:15:00,128.19,59.4
2024-01-07 13:30:00,116.68,56.1
2024-01-07 13:45:00,128.6,54.7
2024-01-07 14:00:00,118.44,55.8
2024-01-07 14:15:00,119.9,49.1
2024-01-07 14:30:00,110.28,54.2
2024-01-07 14:45:00,102.06,51.0
2024-01-07 15:00:00,114.69,54.0
2024-01-07 15:15:00,108.79,47.3
2024-01-07 15:30:00,96.99,49.7
2024-01-07 15:45:00,94.75,50.1
2024-01-07 16:00:00,95.45,47.8
2024-01-07 16:15:00,102.51,47.7
2024-01-07 16:30:00,90.89,49.4
2024-01-07 16:45:00,83.58,46.6
2024-01-07 17:00:00,85.71,43.9
2024-01-07 17:15:00,80.09,46.7
2024-01-07 17:30:00,65.63,44.3
2024-01-07 17:45:00,74.21,43.4
2024-01-07 18:00:00,68.1,40.1
2024-01-07 18:15:00,70.56,35.8
2024-01-07 18:30:00,72.07,38.1
2024-01-07 18:45:00,66.38,36.9
2024-01-07 19:00:00,54.89,36.8
2024-01-07 19:15:00,47.57,35.4
2024-01-07 19:30:00,60.69,36.4
2024-01-07 19:45:00,46.27,37.0
2024-01-07 20:00:00,40.41,36.6
2024-01-07 20:15:00,39.01,35.2
2024-01-07 20:30:00,37.89,31.0
2024-01-07 20:45:00,32.06,32.1
2024-01-07 21:00:00,29.29,34.4
2024-01-07 21:15:00,27.12,27.5
2024-01-07 21:30:00,26.23,32.7
2024-01-07 21:45:00,20.0,27.5
2024-01-07 22:00:00,23.68,29.5
2024-01-07 22:15:00,24.83,29.3
2024-01-07 22:30:00,20.0,28.4
2024-01-07 22:45:00,25.12,32.2
2024-01-07 23:00:00,20.0,26.8
2024-01-07 23:15:00,22.42,25.0
2024-01-07 23:30:00,22.09,27.8
2024-01-07 23:45:00,20.0,26.6
2024-01-08 00:00:00,20.0,28.1
2024-01-08 00:15:00,20.0,28.7
2024-01-08 00:30:00,20.0,27.0
2024-01-08 00:45:00,20.0,28.1
2024-01-08 01:00:00,20.0,27.8
2024-01-08 01:15:00,34.72,31.3
2024-01-08 01:30:00,29.93,27.4
2024-01-08 01:45:00,36.71,27.1
2024-01-08 02:00:00,33.11,30.7
2024-01-08 02:15:00,28.44,27.6
2024-01-08 02:30:00,36.34,30.9
2024-01-08 02:45:00,44.05,30.4
2024-01-08 03:00:00,39.44,31.2
2024-01-08 03:15:00,52.33,37.0
2024-01-08 03:30:00,48.76,35.3
2024-01-08 03:45:00,53.45,35.7
2024-01-08 04:00:00,63.25,35.6
2024-01-08 04:15:00,68.44,34.0
2024-01-08 04:30:00,68.89,36.8
2024-01-08 04:45:00,80.81,38.3
2024-01-08 05:00:00,72.9,38.5
2024-01-08 05:15:00,88.42,39.3
2024-01-08 05:30:00,95.31,39.3
2024-01-08 05:45:00,94.98,41.6
2024-01-08 06:00:00,104.15,41.0
2024-01-08 06:15:00,100.06,44.4
2024-01-08 06:30:00,114.27,39.9
2024-01-08 06:45:00,115.67,47.7
2024-01-08 07:00:00,119.51,43.3
2024-01-08 07:15:00,130.46,44.7
2024-01-08 07:30:00,133.08,48.6
2024-01-08 07:45:00,130.05,49.7
2024-01-08 08:00:00,133.27,53.7
2024-01-08 08:15:00,148.01,51.0
2024-01-08 08:30:00,141.94,51.1
2024-01-08 08:45:00,162.29,52.3
2024-01-08 09:00:00,145.33,55.8
2024-01-08 09:15:00,169.22,58.2
2024-01-08 09:30:00,164.9,53.6
2024-01-08 09:45:00,167.68,55.6
2024-01-08 10:00:00,164.81,54.9
2024-01-08 10:15:00,173.06,55.3
2024-01-08 10:30:00,169.86,59.7
2024-01-08 10:45:00,183.03,54.4
2024-01-08 11:00:00,179.94,51.9
2024-01-08 11:15:00,185.47,57.4
2024-01-08 11:30:00,180.02,59.4
2024-01-08 11:45:00,179.18,57.5
2024-01-08 12:00:00,181.96,58.1
2024-01-08 12:15:00,172.09,58.6
2024-01-08 12:30:00,173.27,57.2
2024-01-08 12:45:00,183.64,57.9
2024-01-08 13:00:00,183.6,57.7
2024-01-08 13:15:00,171.59,52.4
2024-01-08 13:30:00,173.48,56.2
2024-01-08 13:45:00,178.64,52.4
2024-01-08 14:00:00,166.81,55.0
2024-01-08 14:15:00,165.34,53.6
2024-01-08 14:30:00,166.33,56.1
2024-01-08 14:45:00,156.39,53.9
2024-01-08 15:00:00,159.65,53.7
2024-01-08 15:15:00,146.68,51.6
2024-01-08 15:30:00,152.18,53.4
2024-01-08 15:45:00,143.06,47.3
2024-01-08 16:00:00,138.54,47.8
2024-01-08 16:15:00,139.08,51.3
2024-01-08 16:30:00,141.21,47.0
2024-01-08 16:45:00,131.95,42.7
2024-01-08 17:00:00,112.51,48.9
2024-01-08 17:15:00,108.44,47.2
2024-01-08 17:30:00,106.89,45.5
2024-01-08 17:45:00,105.82,43.3
2024-01-08 18:00:00,101.36,45.5
2024-01-08 18:15:00,91.39,43.7
2024-01-08 18:30:00,92.14,43.3
2024-01-08 18:45:00,81.12,40.6
2024-01-08 19:00:00,76.88,38.5
2024-01-08 19:15:00,68.37,36.5
2024-01-08 19:30:00,65.91,33.9
2024-01-08 19:45:00,58.02,36.5
2024-01-08 20:00:00,56.62,35.8
2024-01-08 20:15:00,59.37,33.1
2024-01-08 20:30:00,46.97,34.3
2024-01-08 20:45:00,61.44,31.6
2024-01-08 21:00:00,47.7,33.3
2024-01-08 21:15:00,38.88,29.1
2024-01-08 21:30:00,33.88,28.2
2024-01-08 21:45:00,36.61,29.2
2024-01-08 22:00:00,28.65,30.9
2024-01-08 22:15:00,29.89,26.4
2024-01-08 22:30:00,39.79,30.4
2024-01-08 22:45:00,25.82,25.0
2024-01-08 23:00:00,29.3,27.2
2024-01-08 23:15:00,20.0,25.0
2024-01-08 23:30:00,20.0,25.0
2024-01-08 23:45:00,30.53,28.0
2024-01-09 00:00:00,20.0,26.9
2024-01-09 00:15:00,30.26,25.0
2024-01-09 00:30:00,25.9,26.3
2024-01-09 00:45:00,20.0,28.4
2024-01-09 01:00:00,28.14,27.0
2024-01-09 01:15:00,29.62,27.6
2024-01-09 01:30:00,31.13,27.6
2024-01-09 01:45:00,21.54,27.6
2024-01-09 02:00:00,29.1,28.1
2024-01-09 02:15:00,33.71,28.5
2024-01-09 02:30:00,37.55,28.8
2024-01-09 02:45:00,44.29,28.9
2024-01-09 03:00:00,45.48,30.9
2024-01-09 03:15:00,41.77,31.1
2024-01-09 03:30:00,54.53,31.0
2024-01-09 03:45:00,59.72,35.5
2024-01-09 04:00:00,67.21,37.2
2024-01-09 04:15:00,71.45,35.6
2024-01-09 04:30:00,69.98,36.7
2024-01-09 04:45:00,77.21,36.1
2024-01-09 05:00:00,76.95,40.5
2024-01-09 05:15:00,84.37,42.8
2024-01-09 05:30:00,91.14,40.0
2024-01-09 05:45:00,95.31,40.3
2024-01-09 06:00:00,99.98,43.0
2024-01-09 06:15:00,95.92,43.5
2024-01-09 06:30:00,107.86,43.3
2024-01-09 06:45:00,120.34,46.2
2024-01-09 07:00:00,121.84,48.1
2024-01-09 07:15:00,129.68,45.6
2024-01-09 07:30:00,130.24,53.1
2024-01-09 07:45:00,136.31,45.9
2024-01-09 08:00:00,143.88,48.1
2024-01-09 08:15:00,142.42,51.1
2024-01-09 08:30:00,152.17,55.9
2024-01-09 08:45:00,152.03,51.1
2024-01-09 09:00:00,160.85,50.8
2024-01-09 09:15:00,160.23,54.7
2024-01-09 09:30:00,163.39,53.7
2024-01-09 09:45:00,162.05,56.1
2024-01-09 10:00:00,178.2,55.2
2024-01-09 10:15:00,167.07,54.1
2024-01-09 10:30:00,173.21,60.9
2024-01-09 10:45:00,175.63,50.6
2024-01-09 11:00:00,184.51,60.5
2024-01-09 11:15:00,181.04,58.9
2024-01-09 11:30:00,185.11,55.7
2024-01-09 11:45:00,174.01,61.1
2024-01-09 12:00:00,182.87,54.6
2024-01-09 12:15:00,184.98,59.3
2024-01-09 12:30:00,182.38,53.1
2024-01-09 12:45:00,183.27,54.8
2024-01-09 13:00:00,176.99,54.6
2024-01-09 13:15:00,184.76,55.1
2024-01-09 13:30:00,187.93,56.3
2024-01-09 13:45:00,171.58,54.2
2024-01-09 14:00:00,167.22,51.3
2024-01-09 14:15:00,176.82,55.8
2024-01-09 14:30:00,174.85,54.4
2024-01-09 14:45:00,150.24,54.5
2024-01-09 15:00:00,155.24,53.3
2024-01-09 15:15:00,151.32,54.2
2024-01-09 15:30:00,144.29,51.4
2024-01-09 15:45:00,140.21,52.8
2024-01-09 16:00:00,135.65,48.4
2024-01-09 16:15:00,132.46,47.6
2024-01-09 16:30:00,132.03,50.9
2024-01-09 16:45:00,127.87,49.9
2024-01-09 17:00:00,130.68,47.4
2024-01-09 17:15:00,111.6,43.6
2024-01-09 17:30:00,115.9,42.4
2024-01-09 17:45:00,105.13,46.1
2024-01-09 18:00:00,101.22,45.0
2024-01-09 18:15:00,98.12,41.3
2024-01-09 18:30:00,85.34,45.2
2024-01-09 18:45:00,86.44,40.4
2024-01-09 19:00:00,80.5,36.3
2024-01-09 19:15:00,76.99,37.1
2024-01-09 19:30:00,71.25,36.7
2024-01-09 19:45:00,79.16,36.0
2024-01-09 20:00:00,58.52,37.5
2024-01-09 20:15:00,52.81,32.2
2024-01-09 20:30:00,49.6,30.7
2024-01-09 20:45:00,44.89,33.8
2024-01-09 21:00:00,40.55,30.8
2024-01-09 21:15:00,45.3,36.0
2024-01-09 21:30:00,45.59,32.5
2024-01-09 21:45:00,27.84,29.0
2024-01-09 22:00:00,27.5,31.9
2024-01-09 22:15:00,33.56,30.5
2024-01-09 22:30:00,25.1,29.9
2024-01-09 22:45:00,31.4,28.0
2024-01-09 23:00:00,24.6,28.8
2024-01-09 23:15:00,20.0,25.0
2024-01-09 23:30:00,30.07,30.3
2024-01-09 23:45:00,30.16,25.0
2024-01-10 00:00:00,20.0,26.6
2024-01-10 00:15:00,20.0,25.0
2024-01-10 00:30:00,21.54,26.6
2024-01-10 00:45:00,24.55,27.6
2024-01-10 01:00:00,27.74,25.6
2024-01-10 01:15:00,35.0,25.0
2024-01-10 01:30:00,25.55,29.1
2024-01-10 01:45:00,23.86,33.2
2024-01-10 02:00:00,27.03,28.8
2024-01-10 02:15:00,29.64,32.0
2024-01-10 02:30:00,38.27,33.6
2024-01-10 02:45:00,46.59,27.5
2024-01-10 03:00:00,45.95,31.0
2024-01-10 03:15:00,48.78,30.1
2024-01-10 03:30:00,52.47,31.8
2024-01-10 03:45:00,62.16,37.6
2024-01-10 04:00:00,72.42,35.5
2024-01-10 04:15:00,62.71,37.5
2024-01-10 04:30:00,71.7,36.7
2024-01-10 04:45:00,82.32,35.3
2024-01-10 05:00:00,84.21,40.0
2024-01-10 05:15:00,94.51,42.1
2024-01-10 05:30:00,93.81,41.2
2024-01-10 05:45:00,95.2,42.6
2024-01-10 06:00:00,103.94,40.1
2024-01-10 06:15:00,112.25,45.0
2024-01-10 06:30:00,115.78,47.2
2024-01-10 06:45:00,118.86,46.3
2024-01-10 07:00:00,125.88,42.9
2024-01-10 07:15:00,132.14,50.7
2024-01-10 07:30:00,139.36,46.4
2024-01-10 07:45:00,139.63,50.0
2024-01-10 08:00:00,140.5,52.0
2024-01-10 08:15:00,145.93,53.1
2024-01-10 08:30:00,152.13,48.1
2024-01-10 08:45:00,149.46,52.7
2024-01-10 09:00:00,159.09,53.3
2024-01-10 09:15:00,158.14,56.8
2024-01-10 09:30:00,165.86,55.4
2024-01-10 09:45:00,173.54,58.0
2024-01-10 10:00:00,170.54,56.7
2024-01-10 10:15:00,174.65,55.9
2024-01-10 10:30:00,170.32,56.9
2024-01-10 10:45:00,180.16,59.9
2024-01-10 11:00:00,181.98,54.5
2024-01-10 11:15:00,190.1,59.2
2024-01-10 11:30:00,178.86,56.2
2024-01-10 11:45:00,182.74,55.9
2024-01-10 12:00:00,181.98,59.7
2024-01-10 12:15:00,188.85,55.8
2024-01-10 12:30:00,180.92,58.3
2024-01-10 12:45:00,185.85,56.4
2024-01-10 13:00:00,174.93,52.4
2024-01-10 13:15:00,179.7,57.8
2024-01-10 13:30:00,171.61,56.8
2024-01-10 13:45:00,174.23,52.3
2024-01-10 14:00:00,175.23,54.3
2024-01-10 14:15:00,161.22,51.5
2024-01-10 14:30:00,166.05,56.0
2024-01-10 14:45:00,159.8,56.7
2024-01-10 15:00:00,162.71,55.0
2024-01-10 15:15:00,147.17,54.5
2024-01-10 15:30:00,143.97,50.8
2024-01-10 15:45:00,147.91,52.1
2024-01-10 16:00:00,149.48,50.2
2024-01-10 16:15:00,136.18,49.7
2024-01-10 16:30:00,128.42,50.3
2024-01-10 16:45:00,136.34,49.9
2024-01-10 17:00:00,114.81,45.8
2024-01-10 17:15:00,107.48,42.8
2024-01-10 17:30:00,114.47,44.3
2024-01-10 17:45:00,99.87,43.2
2024-01-10 18:00:00,96.26,43.3
2024-01-10 18:15:00,100.64,43.4
2024-01-10 18:30:00,91.76,36.9
2024-01-10 18:45:00,82.37,38.4
2024-01-10 19:00:00,74.09,36.9
2024-01-10 19:15:00,79.14,40.4
2024-01-10 19:30:00,71.98,36.6
2024-01-10 19:45:00,64.02,35.1
2024-01-10 20:00:00,75.03,36.3
2024-01-10 20:15:00,51.9,33.2
2024-01-10 20:30:00,45.72,33.6
2024-01-10 20:45:00,44.81,36.5
2024-01-10 21:00:00,36.82,35.7
2024-01-10 21:15:00,43.6,30.7
2024-01-10 21:30:00,37.46,30.5
2024-01-10 21:45:00,34.9,29.0
2024-01-10 22:00:00,27.54,25.9
2024-01-10 22:15:00,39.35,31.4
2024-01-10 22:30:00,27.1,33.7
2024-01-10 22:45:00,31.02,27.7
2024-01-10 23:00:00,24.18,26.6
2024-01-10 23:15:00,25.03,27.5
2024-01-10 23:30:00,25.6,28.1
2024-01-10 23:45:00,22.99,25.5
2024-01-11 00:00:00,25.64,26.9
2024-01-11 00:15:00,27.06,29.8
2024-01-11 00:30:00,22.79,28.2
2024-01-11 00:45:00,27.73,30.6
2024-01-11 01:00:00,24.43,29.0
2024-01-11 01:15:00,39.72,26.4
2024-01-11 01:30:00,25.8,27.8
2024-01-11 01:45:00,39.41,29.8
2024-01-11 02:00:00,31.11,27.6
2024-01-11 02:15:00,27.68,27.8
2024-01-11 02:30:00,39.6,28.5
2024-01-11 02:45:00,38.85,32.6
2024-01-11 03:00:00,50.21,31.5
2024-01-11 03:15:00,45.08,35.3
2024-01-11 03:30:00,51.23,31.9
2024-01-11 03:45:00,47.19,29.6
2024-01-11 04:00:00,57.99,35.1
2024-01-11 04:15:00,52.41,39.5
2024-01-11 04:30:00,64.23,37.2
2024-01-11 04:45:00,78.2,35.3
2024-01-11 05:00:00,83.32,35.7
2024-01-11 05:15:00,86.68,42.3
2024-01-11 05:30:00,86.82,39.3
2024-01-11 05:45:00,94.53,44.9
2024-01-11 06:00:00,101.35,44.2
2024-01-11 06:15:00,99.99,42.3
2024-01-11 06:30:00,119.8,47.1
2024-01-11 06:45:00,120.34,43.9
2024-01-11 07:00:00,121.52,43.8
2024-01-11 07:15:00,126.84,46.0
2024-01-11 07:30:00,131.87,50.1
2024-01-11 07:45:00,126.39,51.8
2024-01-11 08:00:00,137.97,49.6
2024-01-11 08:15:00,138.86,47.5
2024-01-11 08:30:00,145.18,48.9
2024-01-11 08:45:00,147.91,50.6
2024-01-11 09:00:00,164.14,50.9
2024-01-11 09:15:00,162.17,54.7
2024-01-11 09:30:00,161.87,58.7
2024-01-11 09:45:00,170.46,57.0
2024-01-11 10:00:00,176.9,53.6
2024-01-11 10:15:00,178.48,55.0
2024-01-11 10:30:00,174.96,55.8
2024-01-11 10:45:00,174.08,57.9
2024-01-11 11:00:00,181.95,60.5
2024-01-11 11:15:00,181.12,56.7
2024-01-11 11:30:00,186.25,60.9
2024-01-11 11:45:00,184.83,62.1
2024-01-11 12:00:00,186.86,57.2
2024-01-11 12:15:00,177.86,57.1
2024-01-11 12:30:00,188.98,57.1
2024-01-11 12:45:00,179.68,57.8
2024-01-11 13:00:00,189.49,56.7
2024-01-11 13:15:00,175.31,58.9
2024-01-11 13:30:00,186.07,53.7
2024-01-11 13:45:00,173.82,55.3
2024-01-11 14:00:00,167.31,56.6
2024-01-11 14:15:00,162.29,57.2
2024-01-11 14:30:00,162.12,59.2
2024-01-11 14:45:00,163.82,51.6
2024-01-11 15:00:00,160.63,52.3
2024-01-11 15:15:00,151.44,48.3
2024-01-11 15:30:00,148.83,49.9
2024-01-11 15:45:00,156.94,47.8
2024-01-11 16:00:00,150.53,49.4
2024-01-11 16:15:00,138.86,49.1
2024-01-11 16:30:00,130.92,49.6
2024-01-11 16:45:00,126.98,47.2
2024-01-11 17:00:00,123.05,47.8
2024-01-11 17:15:00,112.91,46.1
2024-01-11 17:30:00,109.14,42.9
2024-01-11 17:45:00,97.52,40.6
2024-01-11 18:00:00,102.79,44.2
2024-01-11 18:15:00,99.12,45.3
2024-01-11 18:30:00,87.04,46.1
2024-01-11 18:45:00,93.24,41.9
2024-01-11 19:00:00,72.0,42.0
2024-01-11 19:15:00,67.13,39.1
2024-01-11 19:30:00,71.59,37.9
2024-01-11 19:45:00,70.49,36.6
2024-01-11 20:00:00,70.12,35.3
2024-01-11 20:15:00,48.04,35.9
2024-01-11 20:30:00,61.94,32.8
2024-01-11 20:45:00,47.46,32.8
2024-01-11 21:00:00,43.18,30.1
2024-01-11 21:15:00,47.76,32.7
2024-01-11 21:30:00,41.24,29.2
2024-01-11 21:45:00,26.4,30.6
2024-01-11 22:00:00,39.01,31.0
2024-01-11 22:15:00,34.91,30.8
2024-01-11 22:30:00,25.58,30.7
2024-01-11 22:45:00,28.13,28.4
2024-01-11 23:00:00,32.13,29.5
2024-01-11 23:15:00,22.46,27.4
2024-01-11 23:30:00,20.0,25.0
2024-01-11 23:45:00,20.0,29.1
2024-01-12 00:00:00,20.0,28.7
2024-01-12 00:15:00,29.38,30.1
2024-01-12 00:30:00,28.49,28.1
2024-01-12 00:45:00,22.97,25.1
2024-01-12 01:00:00,26.77,28.4
2024-01-12 01:15:00,20.0,30.6
2024-01-12 01:30:00,34.39,30.2
2024-01-12 01:45:00,20.53,29.3
2024-01-12 02:00:00,29.57,26.8
2024-01-12 02:15:00,27.25,28.6
2024-01-12 02:30:00,32.42,32.1
2024-01-12 02:45:00,48.86,28.5
2024-01-12 03:00:00,38.91,31.8
2024-01-12 03:15:00,50.51,33.3
2024-01-12 03:30:00,52.46,36.3
2024-01-12 03:45:00,60.7,36.0
2024-01-12 04:00:00,56.27,37.5
2024-01-12 04:15:00,61.07,37.1
2024-01-12 04:30:00,76.39,35.7
2024-01-12 04:45:00,74.55,37.1
2024-01-12 05:00:00,73.32,37.4
2024-01-12 05:15:00,83.85,41.4
2024-01-12 05:30:00,98.2,39.8
2024-01-12 05:45:00,101.24,41.4
2024-01-12 06:00:00,99.62,43.2
2024-01-12 06:15:00,104.76,47.4
2024-01-12 06:30:00,109.33,46.4
2024-01-12 06:45:00,127.67,44.5
2024-01-12 07:00:00,122.96,47.3
2024-01-12 07:15:00,129.06,51.3
2024-01-12 07:30:00,138.08,50.1
2024-01-12 07:45:00,138.14,46.6
2024-01-12 08:00:00,137.39,48.8
2024-01-12 08:15:00,146.13,49.5
2024-01-12 08:30:00,150.15,55.2
2024-01-12 08:45:00,154.84,55.6
2024-01-12 09:00:00,159.2,52.5
2024-01-12 09:15:00,162.0,53.1
2024-01-12 09:30:00,169.24,55.2
2024-01-12 09:45:00,169.08,55.8
2024-01-12 10:00:00,169.48,54.2
2024-01-12 10:15:00,164.23,56.1
2024-01-12 10:30:00,181.41,54.1
2024-01-12 10:45:00,176.74,59.9
2024-01-12 11:00:00,182.39,54.2
2024-01-12 11:15:00,165.87,54.4
2024-01-12 11:30:00,190.71,58.9
2024-01-12 11:45:00,179.92,55.7
2024-01-12 12:00:00,187.49,57.2
2024-01-12 12:15:00,176.6,58.3
2024-01-12 12:30:00,183.44,59.4
2024-01-12 12:45:00,172.98,57.5
2024-01-12 13:00:00,177.19,61.3
2024-01-12 13:15:00,187.15,57.4
2024-01-12 13:30:00,173.41,59.5
2024-01-12 13:45:00,173.61,57.2
2024-01-12 14:00:00,173.91,60.5
2024-01-12 14:15:00,172.07,57.8
2024-01-12 14:30:00,163.53,55.2
2024-01-12 14:45:00,164.41,55.8
2024-01-12 15:00:00,169.55,53.3
2024-01-12 15:15:00,153.1,52.6
2024-01-12 15:30:00,151.42,49.8
2024-01-12 15:45:00,150.92,50.0
2024-01-12 16:00:00,142.78,54.9
2024-01-12 16:15:00,144.43,47.5
2024-01-12 16:30:00,134.88,47.7
2024-01-12 16:45:00,122.23,47.9
2024-01-12 17:00:00,131.02,47.0
2024-01-12 17:15:00,108.71,46.9
2024-01-12 17:30:00,112.26,44.3
2024-01-12 17:45:00,102.46,45.1
2024-01-12 18:00:00,100.12,45.5
2024-01-12 18:15:00,95.9,44.8
2024-01-12 18:30:00,92.27,40.8
2024-01-12 18:45:00,88.7,41.6
2024-01-12 19:00:00,89.19,37.1
2024-01-12 19:15:00,78.13,37.0
2024-01-12 19:30:00,68.91,35.2
2024-01-12 19:45:00,71.99,36.6
2024-01-12 20:00:00,66.44,34.1
2024-01-12 20:15:00,52.46,31.9
2024-01-12 20:30:00,55.99,33.4
2024-01-12 20:45:00,53.6,29.9
2024-01-12 21:00:00,40.94,35.3
2024-01-12 21:15:00,47.74,30.9
2024-01-12 21:30:00,37.2,33.4
2024-01-12 21:45:00,34.95,29.9
2024-01-12 22:00:00,27.9,27.9
2024-01-12 22:15:00,28.67,32.2
2024-01-12 22:30:00,21.72,29.6
2024-01-12 22:45:00,20.0,32.9
2024-01-12 23:00:00,32.06,27.9
2024-01-12 23:15:00,20.0,27.7
2024-01-12 23:30:00,20.03,30.5
2024-01-12 23:45:00,20.0,30.4
2024-01-13 00:00:00,20.0,28.6
2024-01-13 00:15:00,20.0,35.0
2024-01-13 00:30:00,24.64,27.9
2024-01-13 00:45:00,21.51,26.1
2024-01-13 01:00:00,20.0,26.9
2024-01-13 01:15:00,27.73,28.6
2024-01-13 01:30:00,25.38,32.5
2024-01-13 01:45:00,20.0,29.5
2024-01-13 02:00:00,20.0,33.5
2024-01-13 02:15:00,36.49,31.8
2024-01-13 02:30:00,23.67,33.6
2024-01-13 02:45:00,22.52,32.9
2024-01-13 03:00:00,35.09,33.5
2024-01-13 03:15:00,45.57,35.0
2024-01-13 03:30:00,46.29,33.1
2024-01-13 03:45:00,43.7,33.9
2024-01-13 04:00:00,46.0,36.6
2024-01-13 04:15:00,51.69,40.6
2024-01-13 04:30:00,54.17,34.6
2024-01-13 04:45:00,53.59,34.5
2024-01-13 05:00:00,57.61,39.0
2024-01-13 05:15:00,60.59,42.5
2024-01-13 05:30:00,60.79,41.5
2024-01-13 05:45:00,68.9,40.1
2024-01-13 06:00:00,62.93,43.6
2024-01-13 06:15:00,74.37,40.9
2024-01-13 06:30:00,72.49,46.6
2024-01-13 06:45:00,76.72,45.7
2024-01-13 07:00:00,89.8,47.1
2024-01-13 07:15:00,97.31,49.1
2024-01-13 07:30:00,95.23,49.6
2024-01-13 07:45:00,88.32,49.0
2024-01-13 08:00:00,93.13,53.0
2024-01-13 08:15:00,106.22,53.4
2024-01-13 08:30:00,97.32,49.0
2024-01-13 08:45:00,105.48,52.9
2024-01-13 09:00:00,112.68,51.9
2024-01-13 09:15:00,109.13,52.2
2024-01-13 09:30:00,116.25,56.4
2024-01-13 09:45:00,109.7,55.1
2024-01-13 10:00:00,112.97,56.2
2024-01-13 10:15:00,122.63,55.6
2024-01-13 10:30:00,117.9,58.1
2024-01-13 10:45:00,126.85,59.0
2024-01-13 11:00:00,128.56,62.3
2024-01-13 11:15:00,133.65,57.8
2024-01-13 11:30:00,127.76,55.4
2024-01-13 11:45:00,131.46,57.4
2024-01-13 12:00:00,126.88,60.2
2024-01-13 12:15:00,125.53,56.9
2024-01-13 12:30:00,126.3,55.4
2024-01-13 12:45:00,128.28,56.7
2024-01-13 13:00:00,124.26,56.9
2024-01-13 13:15:00,122.92,55.5
2024-01-13 13:30:00,119.75,57.8
2024-01-13 13:45:00,118.07,56.8
2024-01-13 14:00:00,112.45,58.1
2024-01-13 14:15:00,126.76,55.1
2024-01-13 14:30:00,108.25,56.5
2024-01-13 14:45:00,110.27,53.8
2024-01-13 15:00:00,108.35,51.9
2024-01-13 15:15:00,113.4,52.3
2024-01-13 15:30:00,104.98,49.4
2024-01-13 15:45:00,107.91,55.4
2024-01-13 16:00:00,95.53,51.3
2024-01-13 16:15:00,98.23,48.6
2024-01-13 16:30:00,90.45,48.5
2024-01-13 16:45:00,99.46,43.4
2024-01-13 17:00:00,80.58,50.3
2024-01-13 17:15:00,82.94,49.1
2024-01-13 17:30:00,83.44,45.7
2024-01-13 17:45:00,77.12,45.2
2024-01-13 18:00:00,69.11,41.0
2024-01-13 18:15:00,66.67,40.2
2024-01-13 18:30:00,66.51,38.2
2024-01-13 18:45:00,59.96,40.3
2024-01-13 19:00:00,64.05,41.8
2024-01-13 19:15:00,62.41,38.0
2024-01-13 19:30:00,47.96,38.5
2024-01-13 19:45:00,37.27,38.9
2024-01-13 20:00:00,42.98,32.8
2024-01-13 20:15:00,53.85,38.9
2024-01-13 20:30:00,35.43,36.8
2024-01-13 20:45:00,41.9,34.7
2024-01-13 21:00:00,45.05,34.8
2024-01-13 21:15:00,23.31,34.2
2024-01-13 21:30:00,29.69,32.3
2024-01-13 21:45:00,39.43,34.0
2024-01-13 22:00:00,20.0,29.7
2024-01-13 22:15:00,21.76,31.1
2024-01-13 22:30:00,20.0,32.4
2024-01-13 22:45:00,20.0,25.0
2024-01-13 23:00:00,20.0,30.0
2024-01-13 23:15:00,20.0,30.3
2024-01-13 23:30:00,20.0,25.3
2024-01-13 23:45:00,20.0,29.2
2024-01-14 00:00:00,20.0,27.0
2024-01-14 00:15:00,20.0,29.4
2024-01-14 00:30:00,20.0,28.6
2024-01-14 00:45:00,22.3,27.0
2024-01-14 01:00:00,20.0,31.4
2024-01-14 01:15:00,20.22,28.6
2024-01-14 01:30:00,27.12,30.3
2024-01-14 01:45:00,20.0,32.8
2024-01-14 02:00:00,30.57,28.8
2024-01-14 02:15:00,25.65,31.2
2024-01-14 02:30:00,25.74,30.7
2024-01-14 02:45:00,28.0,31.8
2024-01-14 03:00:00,32.94,37.4
2024-01-14 03:15:00,33.47,34.7
2024-01-14 03:30:00,40.97,35.1
2024-01-14 03:45:00,35.15,36.4
2024-01-14 04:00:00,44.15,37.0
2024-01-14 04:15:00,40.39,33.4
2024-01-14 04:30:00,50.59,42.5
2024-01-14 04:45:00,49.15,35.9
2024-01-14 05:00:00,53.83,43.3
2024-01-14 05:15:00,69.12,42.0
2024-01-14 05:30:00,69.45,42.1
2024-01-14 05:45:00,73.03,42.1
2024-01-14 06:00:00,66.88,48.9
2024-01-14 06:15:00,72.76,45.9
2024-01-14 06:30:00,81.83,45.7
2024-01-14 06:45:00,84.95,45.5
2024-01-14 07:00:00,98.5,46.3
2024-01-14 07:15:00,89.49,48.6
2024-01-14 07:30:00,94.14,47.6
2024-01-14 07:45:00,94.14,51.7
2024-01-14 08:00:00,96.53,49.9
2024-01-14 08:15:00,102.69,54.1
2024-01-14 08:30:00,102.3,54.8
2024-01-14 08:45:00,115.68,53.5
2024-01-14 09:00:00,105.78,55.5
2024-01-14 09:15:00,107.1,56.3
2024-01-14 09:30:00,105.56,52.7
2024-01-14 09:45:00,121.0,59.7
2024-01-14 10:00:00,112.89,56.2
2024-01-14 10:15:00,109.62,58.6
2024-01-14 10:30:00,124.54,59.0
2024-01-14 10:45:00,137.25,53.0
2024-01-14 11:00:00,127.59,56.9
2024-01-14 11:15:00,130.03,60.1
2024-01-14 11:30:00,127.25,58.7
2024-01-14 11:45:00,126.64,60.1
2024-01-14 12:00:00,134.21,58.9
2024-01-14 12:15:00,126.62,61.2
2024-01-14 12:30:00,128.04,58.9
2024-01-14 12:45:00,130.13,61.3
2024-01-14 13:00:00,122.75,56.3
2024-01-14 13:15:00,132.13,57.7
2024-01-14 13:30:00,122.63,56.4
2024-01-14 13:45:00,118.49,58.0
2024-01-14 14:00:00,122.0,56.2
2024-01-14 14:15:00,108.96,55.8
2024-01-14 14:30:00,116.17,54.3
2024-01-14 14:45:00,113.21,54.1
2024-01-14 15:00:00,118.02,54.4
2024-01-14 15:15:00,114.15,49.6
2024-01-14 15:30:00,104.84,48.3
2024-01-14 15:45:00,107.14,52.2
2024-01-14 16:00:00,107.74,45.8
2024-01-14 16:15:00,97.68,50.0
2024-01-14 16:30:00,93.0,48.8
2024-01-14 16:45:00,82.95,49.7
2024-01-14 17:00:00,82.29,46.3
2024-01-14 17:15:00,80.87,49.9
2024-01-14 17:30:00,75.48,47.5
2024-01-14 17:45:00,73.93,41.8
2024-01-14 18:00:00,67.91,43.3
2024-01-14 18:15:00,71.65,45.9
2024-01-14 18:30:00,64.76,40.5
2024-01-14 18:45:00,65.48,40.8
2024-01-14 19:00:00,59.32,42.8
2024-01-14 19:15:00,45.99,37.9
2024-01-14 19:30:00,44.08,40.3
2024-01-14 19:45:00,48.06,35.4
2024-01-14 20:00:00,37.2,30.6
2024-01-14 20:15:00,42.59,38.0
2024-01-14 20:30:00,44.58,35.6
2024-01-14 20:45:00,39.71,35.0
2024-01-14 21:00:00,31.0,31.1
2024-01-14 21:15:00,37.19,30.6
2024-01-14 21:30:00,28.06,34.3
2024-01-14 21:45:00,21.12,31.9
2024-01-14 22:00:00,20.12,30.6
2024-01-14 22:15:00,21.55,30.9
2024-01-14 22:30:00,20.0,33.0
2024-01-14 22:45:00,20.3,31.1
2024-01-14 23:00:00,20.0,28.4
2024-01-14 23:15:00,20.0,26.4
2024-01-14 23:30:00,20.0,30.2
2024-01-14 23:45:00,24.2,27.1
2024-01-15 00:00:00,25.77,26.5
2024-01-15 00:15:00,20.0,31.6
2024-01-15 00:30:00,20.0,30.8
2024-01-15 00:45:00,21.21,30.0
2024-01-15 01:00:00,20.0,26.9
2024-01-15 01:15:00,26.46,33.3
2024-01-15 01:30:00,23.3,32.1
2024-01-15 01:45:00,20.0,29.8
2024-01-15 02:00:00,35.96,29.9
2024-01-15 02:15:00,38.46,31.6
2024-01-15 02:30:00,35.08,31.1
2024-01-15 02:45:00,27.37,37.1
2024-01-15 03:00:00,40.58,32.5
2024-01-15 03:15:00,50.75,31.9
2024-01-15 03:30:00,45.51,38.0
2024-01-15 03:45:00,58.97,34.5
2024-01-15 04:00:00,61.22,38.0
2024-01-15 04:15:00,69.4,38.7
2024-01-15 04:30:00,72.93,38.1
2024-01-15 04:45:00,69.51,37.2
2024-01-15 05:00:00,88.53,40.0
2024-01-15 05:15:00,85.36,38.7
2024-01-15 05:30:00,95.32,41.9
2024-01-15 05:45:00,89.66,44.5
2024-01-15 06:00:00,100.23,47.4
2024-01-15 06:15:00,104.13,42.8
2024-01-15 06:30:00,111.47,45.4
2024-01-15 06:45:00,126.08,45.8
2024-01-15 07:00:00,113.96,48.4
2024-01-15 07:15:00,119.08,45.8
2024-01-15 07:30:00,143.1,47.9
2024-01-15 07:45:00,136.47,47.2
2024-01-15 08:00:00,135.18,48.6
2024-01-15 08:15:00,149.97,51.0
2024-01-15 08:30:00,147.03,56.5
2024-01-15 08:45:00,165.44,54.6
2024-01-15 09:00:00,160.74,54.7
2024-01-15 09:15:00,160.48,58.0
2024-01-15 09:30:00,177.44,56.7
2024-01-15 09:45:00,165.14,57.4
2024-01-15 10:00:00,173.91,56.0
2024-01-15 10:15:00,175.36,56.2
2024-01-15 10:30:00,182.22,55.2
2024-01-15 10:45:00,183.8,57.0
2024-01-15 11:00:00,178.38,57.9
2024-01-15 11:15:00,176.76,59.4
2024-01-15 11:30:00,185.8,58.8
2024-01-15 11:45:00,181.51,58.3
2024-01-15 12:00:00,192.62,57.2
2024-01-15 12:15:00,182.79,59.8
2024-01-15 12:30:00,178.93,57.9
2024-01-15 12:45:00,178.72,59.5
2024-01-15 13:00:00,170.79,54.7
2024-01-15 13:15:00,171.74,58.9
2024-01-15 13:30:00,184.2,59.4
2024-01-15 13:45:00,169.89,58.7
2024-01-15 14:00:00,167.03,56.6
2024-01-15 14:15:00,172.51,58.4
2024-01-15 14:30:00,170.84,53.4
2024-01-15 14:45:00,166.23,55.2
2024-01-15 15:00:00,163.28,54.3
2024-01-15 15:15:00,149.22,56.0
2024-01-15 15:30:00,141.67,49.2
2024-01-15 15:45:00,153.63,50.3
2024-01-15 16:00:00,139.59,55.1
2024-01-15 16:15:00,138.52,45.9
2024-01-15 16:30:00,138.65,51.4
2024-01-15 16:45:00,132.08,47.5
2024-01-15 17:00:00,122.8,48.5
2024-01-15 17:15:00,129.98,49.8
2024-01-15 17:30:00,104.95,46.6
2024-01-15 17:45:00,113.81,47.9
2024-01-15 18:00:00,100.52,43.1
2024-01-15 18:15:00,98.33,42.4
2024-01-15 18:30:00,100.53,43.7
2024-01-15 18:45:00,82.67,40.3
2024-01-15 19:00:00,83.29,41.4
2024-01-15 19:15:00,81.05,41.7
2024-01-15 19:30:00,72.6,40.1
2024-01-15 19:45:00,62.92,34.3
2024-01-15 20:00:00,55.14,35.9
2024-01-15 20:15:00,47.58,36.4
2024-01-15 20:30:00,62.72,34.5
2024-01-15 20:45:00,43.81,34.4
2024-01-15 21:00:00,45.05,34.1
2024-01-15 21:15:00,39.88,31.8
2024-01-15 21:30:00,41.09,31.9
2024-01-15 21:45:00,39.58,29.3
2024-01-15 22:00:00,34.27,30.2
2024-01-15 22:15:00,27.88,27.6
2024-01-15 22:30:00,25.64,30.5
2024-01-15 22:45:00,27.56,29.6
2024-01-15 23:00:00,24.05,27.8
2024-01-15 23:15:00,31.57,33.0
2024-01-15 23:30:00,25.35,28.8
2024-01-15 23:45:00,24.53,29.8
2024-01-16 00:00:00,24.49,27.9
2024-01-16 00:15:00,28.5,28.4
2024-01-16 00:30:00,24.42,30.0
2024-01-16 00:45:00,20.0,28.8
2024-01-16 01:00:00,27.69,29.7
2024-01-16 01:15:00,23.77,31.6
2024-01-16 01:30:00,24.16,29.3
2024-01-16 01:45:00,29.09,28.1
2024-01-16 02:00:00,40.48,28.1
2024-01-16 02:15:00,41.37,34.6
2024-01-16 02:30:00,40.9,34.2
2024-01-16 02:45:00,49.7,34.2
2024-01-16 03:00:00,46.18,32.7
2024-01-16 03:15:00,62.15,31.6
2024-01-16 03:30:00,54.95,34.5
2024-01-16 03:45:00,50.91,35.7
2024-01-16 04:00:00,67.91,34.5
2024-01-16 04:15:00,68.27,34.6
2024-01-16 04:30:00,78.7,35.0
2024-01-16 04:45:00,79.95,40.7
2024-01-16 05:00:00,78.74,37.9
2024-01-16 05:15:00,80.49,41.9
2024-01-16 05:30:00,82.32,41.5
2024-01-16 05:45:00,92.63,44.4
2024-01-16 06:00:00,96.93,44.9
2024-01-16 06:15:00,108.93,44.8
2024-01-16 06:30:00,121.83,46.5
2024-01-16 06:45:00,119.18,47.0
2024-01-16 07:00:00,115.54,46.9
2024-01-16 07:15:00,130.1,51.0
2024-01-16 07:30:00,137.56,49.1
2024-01-16 07:45:00,133.09,50.7
2024-01-16 08:00:00,137.97,48.9
2024-01-16 08:15:00,145.74,53.1
2024-01-16 08:30:00,144.45,52.2
2024-01-16 08:45:00,158.75,53.2
2024-01-16 09:00:00,158.45,53.2
2024-01-16 09:15:00,165.21,55.3
2024-01-16 09:30:00,159.89,52.2
2024-01-16 09:45:00,164.31,58.1
2024-01-16 10:00:00,179.76,57.2
2024-01-16 10:15:00,173.46,56.8
2024-01-16 10:30:00,184.79,55.1
2024-01-16 10:45:00,172.26,59.4
2024-01-16 11:00:00,180.45,57.5
2024-01-16 11:15:00,184.57,61.6
2024-01-16 11:30:00,172.73,60.1
2024-01-16 11:45:00,173.17,62.3
2024-01-16 12:00:00,174.26,59.6
2024-01-16 12:15:00,185.16,61.4
2024-01-16 12:30:00,178.14,60.1
2024-01-16 12:45:00,190.84,58.1
2024-01-16 13:00:00,174.29,59.2
2024-01-16 13:15:00,180.5,56.9
2024-01-16 13:30:00,182.98,62.3
2024-01-16 13:45:00,183.68,57.6
2024-01-16 14:00:00,180.92,57.4
2024-01-16 14:15:00,175.08,57.6
2024-01-16 14:30:00,172.54,54.1
2024-01-16 14:45:00,164.57,58.3
2024-01-16 15:00:00,159.91,52.9
2024-01-16 15:15:00,151.97,51.7
2024-01-16 15:30:00,146.04,53.1
2024-01-16 15:45:00,146.11,50.1
2024-01-16 16:00:00,140.16,55.0
2024-01-16 16:15:00,136.29,50.5
2024-01-16 16:30:00,136.7,43.7
2024-01-16 16:45:00,133.37,49.6
2024-01-16 17:00:00,124.04,49.4
2024-01-16 17:15:00,125.33,46.5
2024-01-16 17:30:00,105.34,43.6
2024-01-16 17:45:00,106.15,45.1
2024-01-16 18:00:00,97.24,43.4
2024-01-16 18:15:00,86.92,41.4
2024-01-16 18:30:00,91.6,40.3
2024-01-16 18:45:00,90.52,41.8
2024-01-16 19:00:00,89.19,42.3
2024-01-16 19:15:00,78.79,40.5
2024-01-16 19:30:00,65.41,35.2
2024-01-16 19:45:00,78.18,39.0
2024-01-16 20:00:00,64.84,38.4
2024-01-16 20:15:00,60.06,38.9
2024-01-16 20:30:00,51.78,33.4
2024-01-16 20:45:00,44.26,34.4
2024-01-16 21:00:00,33.63,34.9
2024-01-16 21:15:00,47.05,32.1
2024-01-16 21:30:00,54.18,33.6
2024-01-16 21:45:00,44.73,31.9
2024-01-16 22:00:00,27.39,29.7
2024-01-16 22:15:00,24.47,29.4
2024-01-16 22:30:00,31.46,33.1
2024-01-16 22:45:00,20.0,28.2
2024-01-16 23:00:00,26.83,27.6
2024-01-16 23:15:00,23.47,30.4
2024-01-16 23:30:00,20.0,29.5
2024-01-16 23:45:00,20.0,26.9
2024-01-17 00:00:00,24.78,28.4
2024-01-17 00:15:00,21.15,27.8
2024-01-17 00:30:00,23.12,28.3
2024-01-17 00:45:00,20.0,34.8
2024-01-17 01:00:00,23.01,29.4
2024-01-17 01:15:00,33.67,28.5
2024-01-17 01:30:00,34.89,34.6
2024-01-17 01:45:00,29.63,32.8
2024-01-17 02:00:00,29.78,32.9
2024-01-17 02:15:00,37.03,30.3
2024-01-17 02:30:00,32.37,35.0
2024-01-17 02:45:00,42.3,34.8
2024-01-17 03:00:00,48.44,34.2
2024-01-17 03:15:00,56.5,31.2
2024-01-17 03:30:00,52.56,35.3
2024-01-17 03:45:00,53.82,39.6
2024-01-17 04:00:00,59.72,37.4
2024-01-17 04:15:00,61.1,37.1
2024-01-17 04:30:00,68.12,38.3
2024-01-17 04:45:00,79.23,39.4
2024-01-17 05:00:00,86.08,39.0
2024-01-17 05:15:00,81.71,41.5
2024-01-17 05:30:00,97.59,45.4
2024-01-17 05:45:00,94.25,46.2
2024-01-17 06:00:00,100.79,43.0
2024-01-17 06:15:00,103.31,48.1
2024-01-17 06:30:00,100.32,48.0
2024-01-17 06:45:00,121.91,48.7
2024-01-17 07:00:00,126.16,49.3
2024-01-17 07:15:00,129.86,47.5
2024-01-17 07:30:00,133.06,49.5
2024-01-17 07:45:00,141.06,52.8
2024-01-17 08:00:00,133.84,49.6
2024-01-17 08:15:00,140.68,50.8
2024-01-17 08:30:00,154.57,54.3
2024-01-17 08:45:00,149.41,52.9
2024-01-17 09:00:00,160.3,56.8
2024-01-17 09:15:00,156.64,54.3
2024-01-17 09:30:00,168.04,56.9
2024-01-17 09:45:00,164.33,57.7
2024-01-17 10:00:00,166.04,56.6
2024-01-17 10:15:00,178.22,57.5
2024-01-17 10:30:00,172.59,57.1
2024-01-17 10:45:00,176.05,58.7
2024-01-17 11:00:00,184.44,57.1
2024-01-17 11:15:00,186.5,58.8
2024-01-17 11:30:00,172.23,60.9
2024-01-17 11:45:00,181.79,57.3
2024-01-17 12:00:00,184.84,58.6
2024-01-17 12:15:00,184.56,60.6
2024-01-17 12:30:00,182.3,55.3
2024-01-17 12:45:00,178.33,63.0
2024-01-17 13:00:00,174.36,61.2
2024-01-17 13:15:00,178.53,55.7
2024-01-17 13:30:00,170.18,54.3
2024-01-17 13:45:00,157.51,58.1
2024-01-17 14:00:00,167.93,55.4
2024-01-17 14:15:00,171.46,59.0
2024-01-17 14:30:00,152.28,57.3
2024-01-17 14:45:00,157.81,56.1
2024-01-17 15:00:00,161.57,54.1
2024-01-17 15:15:00,164.52,57.7
2024-01-17 15:30:00,146.59,55.3
2024-01-17 15:45:00,142.84,54.2
2024-01-17 16:00:00,141.69,54.5
2024-01-17 16:15:00,144.4,49.2
2024-01-17 16:30:00,129.01,52.9
2024-01-17 16:45:00,123.56,48.9
2024-01-17 17:00:00,128.09,49.2
2024-01-17 17:15:00,113.79,47.3
2024-01-17 17:30:00,109.54,42.8
2024-01-17 17:45:00,117.96,47.5
2024-01-17 18:00:00,102.6,41.0
2024-01-17 18:15:00,94.93,41.7
2024-01-17 18:30:00,88.77,41.8
2024-01-17 18:45:00,79.21,37.8
2024-01-17 19:00:00,84.99,38.6
2024-01-17 19:15:00,69.63,40.3
2024-01-17 19:30:00,72.91,38.2
2024-01-17 19:45:00,81.88,37.5
2024-01-17 20:00:00,62.79,35.3
2024-01-17 20:15:00,55.34,36.4
2024-01-17 20:30:00,49.83,34.9
2024-01-17 20:45:00,55.87,31.5
2024-01-17 21:00:00,45.37,33.7
2024-01-17 21:15:00,33.21,30.9
2024-01-17 21:30:00,44.71,34.6
2024-01-17 21:45:00,32.94,31.4
2024-01-17 22:00:00,42.88,36.8
2024-01-17 22:15:00,35.9,33.2
2024-01-17 22:30:00,26.33,30.6
2024-01-17 22:45:00,31.3,31.7
2024-01-17 23:00:00,25.06,26.0
2024-01-17 23:15:00,26.76,31.9
2024-01-17 23:30:00,23.61,28.2
2024-01-17 23:45:00,20.0,29.9
2024-01-18 00:00:00,20.0,28.3
2024-01-18 00:15:00,26.83,28.5
2024-01-18 00:30:00,20.69,29.5
2024-01-18 00:45:00,21.42,30.2
2024-01-18 01:00:00,20.0,30.2
2024-01-18 01:15:00,29.02,30.5
2024-01-18 01:30:00,39.64,27.6
2024-01-18 01:45:00,25.35,36.0
2024-01-18 02:00:00,32.81,32.2
2024-01-18 02:15:00,41.79,33.2
2024-01-18 02:30:00,38.83,32.2
2024-01-18 02:45:00,44.83,31.7
2024-01-18 03:00:00,39.85,34.5
2024-01-18 03:15:00,50.87,35.4
2024-01-18 03:30:00,53.44,38.2
2024-01-18 03:45:00,62.07,40.6
2024-01-18 04:00:00,68.59,40.2
2024-01-18 04:15:00,79.34,34.6
2024-01-18 04:30:00,73.15,38.1
2024-01-18 04:45:00,76.65,40.6
2024-01-18 05:00:00,80.54,40.1
2024-01-18 05:15:00,83.48,41.8
2024-01-18 05:30:00,91.77,38.5
2024-01-18 05:45:00,93.92,45.6
2024-01-18 06:00:00,102.39,41.0
2024-01-18 06:15:00,115.66,42.6
2024-01-18 06:30:00,108.92,44.7
2024-01-18 06:45:00,126.46,47.5
2024-01-18 07:00:00,129.08,45.4
2024-01-18 07:15:00,125.87,47.5
2024-01-18 07:30:00,121.46,52.8
2024-01-18 07:45:00,132.99,51.2
2024-01-18 08:00:00,147.56,53.2
2024-01-18 08:15:00,145.37,50.7
2024-01-18 08:30:00,143.79,53.8
2024-01-18 08:45:00,153.67,54.4
2024-01-18 09:00:00,162.29,53.8
2024-01-18 09:15:00,164.13,56.0
2024-01-18 09:30:00,164.43,52.9
2024-01-18 09:45:00,165.78,58.2
2024-01-18 10:00:00,166.59,57.0
2024-01-18 10:15:00,172.03,57.8
2024-01-18 10:30:00,184.11,60.4
2024-01-18 10:45:00,175.49,59.9
2024-01-18 11:00:00,188.26,58.7
2024-01-18 11:15:00,186.52,57.3
2024-01-18 11:30:00,190.17,62.4
2024-01-18 11:45:00,181.12,57.1
2024-01-18 12:00:00,184.72,61.1
2024-01-18 12:15:00,180.54,56.6
2024-01-18 12:30:00,180.33,61.6
2024-01-18 12:45:00,182.48,61.6
2024-01-18 13:00:00,173.98,55.5
2024-01-18 13:15:00,184.09,60.0
2024-01-18 13:30:00,172.03,59.5
2024-01-18 13:45:00,174.51,59.7
2024-01-18 14:00:00,172.14,58.6
2024-01-18 14:15:00,167.82,55.4
2024-01-18 14:30:00,165.43,56.4
2024-01-18 14:45:00,159.55,59.5
2024-01-18 15:00:00,162.71,53.3
2024-01-18 15:15:00,148.77,55.4
2024-01-18 15:30:00,152.37,56.3
2024-01-18 15:45:00,154.82,51.3
2024-01-18 16:00:00,138.41,49.6
2024-01-18 16:15:00,136.04,49.0
2024-01-18 16:30:00,136.24,51.4
2024-01-18 16:45:00,128.03,47.2
2024-01-18 17:00:00,124.59,48.5
2024-01-18 17:15:00,120.25,50.6
2024-01-18 17:30:00,115.78,46.8
2024-01-18 17:45:00,111.49,44.4
2024-01-18 18:00:00,104.41,45.2
2024-01-18 18:15:00,93.63,43.8
2024-01-18 18:30:00,95.36,43.9
2024-01-18 18:45:00,94.6,45.3
2024-01-18 19:00:00,80.88,41.9
2024-01-18 19:15:00,70.83,44.2
2024-01-18 19:30:00,76.07,40.1
2024-01-18 19:45:00,65.71,36.8
2024-01-18 20:00:00,50.77,42.0
2024-01-18 20:15:00,58.58,36.4
2024-01-18 20:30:00,51.66,33.7
2024-01-18 20:45:00,50.09,39.7
2024-01-18 21:00:00,47.41,32.9
2024-01-18 21:15:00,43.31,32.1
2024-01-18 21:30:00,42.16,32.0
2024-01-18 21:45:00,34.06,32.8
2024-01-18 22:00:00,35.76,33.8
2024-01-18 22:15:00,27.43,26.2
2024-01-18 22:30:00,33.93,33.0
2024-01-18 22:45:00,28.77,29.7
2024-01-18 23:00:00,21.5,29.7
2024-01-18 23:15:00,30.19,33.7
2024-01-18 23:30:00,20.82,30.5
2024-01-18 23:45:00,27.65,30.9
2024-01-19 00:00:00,20.0,29.9
2024-01-19 00:15:00,35.03,31.6
2024-01-19 00:30:00,20.74,33.4
2024-01-19 00:45:00,22.05,25.3
2024-01-19 01:00:00,25.67,32.7
2024-01-19 01:15:00,24.87,33.9
2024-01-19 01:30:00,31.58,32.2
2024-01-19 01:45:00,24.55,30.2
2024-01-19 02:00:00,30.8,29.7
2024-01-19 02:15:00,33.75,37.3
2024-01-19 02:30:00,42.65,31.3
2024-01-19 02:45:00,47.56,36.8
2024-01-19 03:00:00,44.0,35.2
2024-01-19 03:15:00,46.98,39.2
2024-01-19 03:30:00,54.76,35.3
2024-01-19 03:45:00,63.17,33.5
2024-01-19 04:00:00,56.87,37.6
2024-01-19 04:15:00,66.76,35.4
2024-01-19 04:30:00,76.38,44.7
2024-01-19 04:45:00,76.45,41.5
2024-01-19 05:00:00,86.88,42.7
2024-01-19 05:15:00,91.72,43.7
2024-01-19 05:30:00,77.5,41.7
2024-01-19 05:45:00,101.03,43.8
2024-01-19 06:00:00,98.77,45.3
2024-01-19 06:15:00,98.13,49.9
2024-01-19 06:30:00,113.57,44.7
2024-01-19 06:45:00,122.72,46.5
2024-01-19 07:00:00,122.37,48.2
2024-01-19 07:15:00,133.85,48.6
2024-01-19 07:30:00,139.96,47.9
2024-01-19 07:45:00,146.27,46.3
2024-01-19 08:00:00,150.79,48.9
2024-01-19 08:15:00,148.68,55.6
2024-01-19 08:30:00,152.67,54.2
2024-01-19 08:45:00,148.2,56.7
2024-01-19 09:00:00,158.62,54.5
2024-01-19 09:15:00,160.08,56.2
2024-01-19 09:30:00,176.76,60.2
2024-01-19 09:45:00,165.02,60.7
2024-01-19 10:00:00,177.89,60.0
2024-01-19 10:15:00,175.95,59.0
2024-01-19 10:30:00,177.02,60.0
2024-01-19 10:45:00,187.99,60.1
2024-01-19 11:00:00,176.26,59.3
2024-01-19 11:15:00,182.46,59.0
2024-01-19 11:30:00,179.5,62.3
2024-01-19 11:45:00,175.55,57.5
2024-01-19 12:00:00,178.82,63.1
2024-01-19 12:15:00,181.63,59.6
2024-01-19 12:30:00,178.48,57.4
2024-01-19 12:45:00,176.31,58.8
2024-01-19 13:00:00,176.97,57.9
2024-01-19 13:15:00,177.24,58.2
2024-01-19 13:30:00,168.8,57.8
2024-01-19 13:45:00,176.12,57.3
2024-01-19 14:00:00,167.85,57.5
2024-01-19 14:15:00,162.33,57.5
2024-01-19 14:30:00,162.87,58.6
2024-01-19 14:45:00,158.47,56.0
2024-01-19 15:00:00,158.38,56.4
2024-01-19 15:15:00,160.22,55.1
2024-01-19 15:30:00,142.2,55.4
2024-01-19 15:45:00,146.78,53.6
2024-01-19 16:00:00,143.1,51.4
2024-01-19 16:15:00,141.25,50.0
2024-01-19 16:30:00,135.29,51.4
2024-01-19 16:45:00,122.96,52.6
2024-01-19 17:00:00,120.8,48.6
2024-01-19 17:15:00,112.97,46.7
2024-01-19 17:30:00,120.07,46.6
2024-01-19 17:45:00,108.09,45.1
2024-01-19 18:00:00,111.82,43.9
2024-01-19 18:15:00,96.95,41.3
2024-01-19 18:30:00,87.27,42.8
2024-01-19 18:45:00,79.24,42.8
2024-01-19 19:00:00,70.45,39.2
2024-01-19 19:15:00,69.78,38.6
2024-01-19 19:30:00,71.51,37.6
2024-01-19 19:45:00,68.13,35.8
2024-01-19 20:00:00,53.62,35.8
2024-01-19 20:15:00,62.33,36.5
2024-01-19 20:30:00,50.91,33.4
2024-01-19 20:45:00,48.97,35.1
2024-01-19 21:00:00,54.72,33.2
2024-01-19 21:15:00,44.75,32.1
2024-01-19 21:30:00,33.83,34.1
2024-01-19 21:45:00,30.04,31.5
2024-01-19 22:00:00,20.8,31.3
2024-01-19 22:15:00,38.51,34.4
2024-01-19 22:30:00,25.96,29.6
2024-01-19 22:45:00,22.97,34.2
2024-01-19 23:00:00,25.21,30.1
2024-01-19 23:15:00,25.26,28.3
2024-01-19 23:30:00,23.56,29.3
2024-01-19 23:45:00,20.0,30.4
2024-01-20 00:00:00,20.0,32.8
2024-01-20 00:15:00,20.0,31.9
2024-01-20 00:30:00,20.0,30.5
2024-01-20 00:45:00,25.85,33.1
2024-01-20 01:00:00,20.0,27.0
2024-01-20 01:15:00,20.0,31.6
2024-01-20 01:30:00,24.22,32.1
2024-01-20 01:45:00,22.82,32.5
2024-01-20 02:00:00,28.94,29.1
2024-01-20 02:15:00,27.95,30.8
2024-01-20 02:30:00,23.03,33.1
2024-01-20 02:45:00,31.53,36.3
2024-01-20 03:00:00,26.67,38.5
2024-01-20 03:15:00,36.87,34.1
2024-01-20 03:30:00,37.75,33.6
2024-01-20 03:45:00,40.12,38.6
2024-01-20 04:00:00,44.01,43.1
2024-01-20 04:15:00,38.03,40.9
2024-01-20 04:30:00,47.08,38.1
2024-01-20 04:45:00,56.61,46.2
2024-01-20 05:00:00,59.27,42.8
2024-01-20 05:15:00,56.77,40.8
2024-01-20 05:30:00,72.16,47.3
2024-01-20 05:45:00,68.24,42.6
2024-01-20 06:00:00,78.27,44.1
2024-01-20 06:15:00,78.0,47.8
2024-01-20 06:30:00,76.22,47.3
2024-01-20 06:45:00,92.75,48.4
2024-01-20 07:00:00,82.25,49.3
2024-01-20 07:15:00,94.88,52.4
2024-01-20 07:30:00,97.76,46.5
2024-01-20 07:45:00,93.56,52.6
2024-01-20 08:00:00,107.81,52.3
2024-01-20 08:15:00,103.17,52.2
2024-01-20 08:30:00,111.48,53.0
2024-01-20 08:45:00,110.14,50.0
2024-01-20 09:00:00,115.48,54.4
2024-01-20 09:15:00,123.99,59.2
2024-01-20 09:30:00,121.2,59.0
2024-01-20 09:45:00,111.36,57.5
2024-01-20 10:00:00,127.92,55.6
2024-01-20 10:15:00,114.99,60.5
2024-01-20 10:30:00,128.67,61.9
2024-01-20 10:45:00,132.32,61.7
2024-01-20 11:00:00,121.49,58.0
2024-01-20 11:15:00,125.16,58.4
2024-01-20 11:30:00,121.33,63.6
2024-01-20 11:45:00,129.56,58.0
2024-01-20 12:00:00,125.08,61.4
2024-01-20 12:15:00,131.14,56.8
2024-01-20 12:30:00,137.26,59.7
2024-01-20 12:45:00,136.43,61.3
2024-01-20 13:00:00,123.64,59.9
2024-01-20 13:15:00,124.04,60.7
2024-01-20 13:30:00,116.7,56.8
2024-01-20 13:45:00,125.22,57.3
2024-01-20 14:00:00,124.01,59.4
2024-01-20 14:15:00,126.72,59.3
2024-01-20 14:30:00,110.08,57.8
2024-01-20 14:45:00,112.05,58.6
2024-01-20 15:00:00,112.87,52.7
2024-01-20 15:15:00,111.78,54.4
2024-01-20 15:30:00,102.99,58.2
2024-01-20 15:45:00,104.15,56.4
2024-01-20 16:00:00,99.5,54.2
2024-01-20 16:15:00,96.17,51.8
2024-01-20 16:30:00,97.82,53.3
2024-01-20 16:45:00,90.34,51.2
2024-01-20 17:00:00,83.13,46.3
2024-01-20 17:15:00,83.88,50.4
2024-01-20 17:30:00,79.32,45.7
2024-01-20 17:45:00,73.36,48.0
2024-01-20 18:00:00,72.08,42.3
2024-01-20 18:15:00,76.32,47.7
2024-01-20 18:30:00,66.63,43.0
2024-01-20 18:45:00,60.43,40.4
2024-01-20 19:00:00,59.25,40.2
2024-01-20 19:15:00,52.62,40.0
2024-01-20 19:30:00,57.16,39.8
2024-01-20 19:45:00,43.57,41.5
2024-01-20 20:00:00,44.23,38.2
2024-01-20 20:15:00,41.96,32.8
2024-01-20 20:30:00,30.27,33.9
2024-01-20 20:45:00,29.32,41.1
2024-01-20 21:00:00,27.35,35.2
2024-01-20 21:15:00,32.46,36.1
2024-01-20 21:30:00,38.59,33.0
2024-01-20 21:45:00,36.0,31.0
2024-01-20 22:00:00,25.51,31.6
2024-01-20 22:15:00,26.28,32.3
2024-01-20 22:30:00,20.0,30.8
2024-01-20 22:45:00,20.0,35.2
2024-01-20 23:00:00,20.0,29.8
2024-01-20 23:15:00,20.0,28.7
2024-01-20 23:30:00,20.0,32.3
2024-01-20 23:45:00,20.0,32.4
2024-01-21 00:00:00,20.0,30.6
2024-01-21 00:15:00,20.66,29.4
2024-01-21 00:30:00,20.0,26.9
2024-01-21 00:45:00,20.0,33.3
2024-01-21 01:00:00,28.28,32.8
2024-01-21 01:15:00,20.0,30.5
2024-01-21 01:30:00,20.0,31.8
2024-01-21 01:45:00,20.31,31.7
2024-01-21 02:00:00,29.65,35.8
2024-01-21 02:15:00,34.78,31.0
2024-01-21 02:30:00,22.77,32.4
2024-01-21 02:45:00,31.64,32.9
2024-01-21 03:00:00,30.43,35.6
2024-01-21 03:15:00,36.66,35.8
2024-01-21 03:30:00,50.37,36.9
2024-01-21 03:45:00,32.26,35.5
2024-01-21 04:00:00,45.13,41.1
2024-01-21 04:15:00,49.73,38.1
2024-01-21 04:30:00,57.3,42.2
2024-01-21 04:45:00,55.66,47.1
2024-01-21 05:00:00,59.48,40.0
2024-01-21 05:15:00,66.16,43.4
2024-01-21 05:30:00,63.39,43.4
2024-01-21 05:45:00,63.51,48.7
2024-01-21 06:00:00,74.57,45.1
2024-01-21 06:15:00,75.31,47.1
2024-01-21 06:30:00,81.43,48.0
2024-01-21 06:45:00,81.03,48.4
2024-01-21 07:00:00,93.11,51.0
2024-01-21 07:15:00,90.81,50.6
2024-01-21 07:30:00,84.37,52.3
2024-01-21 07:45:00,102.22,52.7
2024-01-21 08:00:00,95.41,51.9
2024-01-21 08:15:00,98.18,53.4
2024-01-21 08:30:00,101.01,55.9
2024-01-21 08:45:00,118.36,56.7
2024-01-21 09:00:00,100.36,58.8
2024-01-21 09:15:00,131.91,60.7
2024-01-21 09:30:00,123.34,56.5
2024-01-21 09:45:00,121.51,58.4
2024-01-21 10:00:00,119.84,58.3
2024-01-21 10:15:00,120.98,56.9
2024-01-21 10:30:00,125.53,60.7
2024-01-21 10:45:00,128.08,61.4
2024-01-21 11:00:00,126.77,58.0
2024-01-21 11:15:00,123.46,59.6
2024-01-21 11:30:00,126.61,59.6
2024-01-21 11:45:00,126.11,57.6
2024-01-21 12:00:00,126.26,60.6
2024-01-21 12:15:00,133.61,58.4
2024-01-21 12:30:00,131.13,60.9
2024-01-21 12:45:00,111.61,61.0
2024-01-21 13:00:00,132.71,61.0
2024-01-21 13:15:00,123.7,60.8
2024-01-21 13:30:00,123.98,62.6
2024-01-21 13:45:00,119.92,57.6
2024-01-21 14:00:00,125.07,57.2
2024-01-21 14:15:00,124.76,59.5
2024-01-21 14:30:00,113.48,57.4
2024-01-21 14:45:00,113.66,59.3
2024-01-21 15:00:00,106.95,57.5
2024-01-21 15:15:00,103.95,59.5
2024-01-21 15:30:00,104.66,54.7
2024-01-21 15:45:00,108.59,51.1
2024-01-21 16:00:00,103.95,53.9
2024-01-21 16:15:00,98.83,52.2
2024-01-21 16:30:00,96.9,52.6
2024-01-21 16:45:00,92.0,51.9
2024-01-21 17:00:00,83.92,48.6
2024-01-21 17:15:00,85.47,46.7
2024-01-21 17:30:00,85.01,47.4
2024-01-21 17:45:00,82.21,42.0
2024-01-21 18:00:00,76.99,45.9
2024-01-21 18:15:00,72.33,44.0
2024-01-21 18:30:00,66.9,45.5
2024-01-21 18:45:00,66.72,38.9
2024-01-21 19:00:00,55.01,41.9
2024-01-21 19:15:00,48.98,44.1
2024-01-21 19:30:00,50.31,41.4
2024-01-21 19:45:00,42.88,41.1
2024-01-21 20:00:00,41.1,39.0
2024-01-21 20:15:00,40.24,34.1
2024-01-21 20:30:00,38.68,37.0
2024-01-21 20:45:00,32.9,36.7
2024-01-21 21:00:00,23.41,33.0
2024-01-21 21:15:00,30.4,34.3
2024-01-21 21:30:00,28.06,28.1
2024-01-21 21:45:00,23.69,32.7
2024-01-21 22:00:00,27.38,31.9
2024-01-21 22:15:00,21.0,35.2
2024-01-21 22:30:00,20.0,30.8
2024-01-21 22:45:00,20.0,31.1
2024-01-21 23:00:00,20.0,31.2
2024-01-21 23:15:00,20.0,29.9
2024-01-21 23:30:00,20.14,32.4
2024-01-21 23:45:00,20.0,26.9
2024-01-22 00:00:00,20.11,33.1
2024-01-22 00:15:00,20.0,30.8
2024-01-22 00:30:00,26.7,33.6
2024-01-22 00:45:00,20.0,25.6
2024-01-22 01:00:00,25.56,26.5
2024-01-22 01:15:00,27.86,31.1
2024-01-22 01:30:00,34.72,33.0
2024-01-22 01:45:00,22.3,31.3
2024-01-22 02:00:00,20.0,34.0
2024-01-22 02:15:00,36.44,35.4
2024-01-22 02:30:00,48.14,35.3
2024-01-22 02:45:00,50.63,34.8
2024-01-22 03:00:00,46.59,35.5
2024-01-22 03:15:00,47.72,34.8
2024-01-22 03:30:00,58.36,36.6
2024-01-22 03:45:00,51.18,35.5
2024-01-22 04:00:00,65.44,36.8
2024-01-22 04:15:00,69.25,40.3
2024-01-22 04:30:00,76.86,39.2
2024-01-22 04:45:00,86.03,39.6
2024-01-22 05:00:00,89.52,42.9
2024-01-22 05:15:00,84.38,43.7
2024-01-22 05:30:00,90.26,43.5
2024-01-22 05:45:00,88.66,44.6
2024-01-22 06:00:00,99.23,46.7
2024-01-22 06:15:00,106.77,48.8
2024-01-22 06:30:00,109.88,48.3
2024-01-22 06:45:00,120.3,46.5
2024-01-22 07:00:00,118.32,49.4
2024-01-22 07:15:00,134.29,49.9
2024-01-22 07:30:00,128.92,49.6
2024-01-22 07:45:00,136.81,53.6
2024-01-22 08:00:00,140.66,54.6
2024-01-22 08:15:00,145.36,55.7
2024-01-22 08:30:00,156.8,53.1
2024-01-22 08:45:00,152.71,56.1
2024-01-22 09:00:00,155.2,56.5
2024-01-22 09:15:00,159.62,57.8
2024-01-22 09:30:00,160.82,58.1
2024-01-22 09:45:00,164.32,58.4
2024-01-22 10:00:00,170.46,58.7
2024-01-22 10:15:00,177.72,61.6
2024-01-22 10:30:00,180.23,58.1
2024-01-22 10:45:00,179.22,59.8
2024-01-22 11:00:00,183.24,62.6
2024-01-22 11:15:00,182.85,59.1
2024-01-22 11:30:00,182.85,59.3
2024-01-22 11:45:00,181.79,62.4
2024-01-22 12:00:00,183.81,58.1
2024-01-22 12:15:00,178.43,62.3
2024-01-22 12:30:00,170.66,59.9
2024-01-22 12:45:00,181.23,61.5
2024-01-22 13:00:00,186.37,58.0
2024-01-22 13:15:00,182.66,62.6
2024-01-22 13:30:00,182.55,57.4
2024-01-22 13:45:00,187.66,60.9
2024-01-22 14:00:00,172.73,56.6
2024-01-22 14:15:00,169.35,62.1
2024-01-22 14:30:00,163.58,57.8
2024-01-22 14:45:00,161.03,61.2
2024-01-22 15:00:00,163.31,55.0
2024-01-22 15:15:00,160.41,55.0
2024-01-22 15:30:00,149.16,57.6
2024-01-22 15:45:00,144.37,51.5
2024-01-22 16:00:00,142.67,52.1
2024-01-22 16:15:00,140.29,53.6
2024-01-22 16:30:00,126.56,49.7
2024-01-22 16:45:00,116.44,51.9
2024-01-22 17:00:00,118.28,50.3
2024-01-22 17:15:00,112.47,45.9
2024-01-22 17:30:00,109.43,49.9
2024-01-22 17:45:00,100.64,44.5
2024-01-22 18:00:00,101.7,47.6
2024-01-22 18:15:00,106.22,45.3
2024-01-22 18:30:00,93.04,43.2
2024-01-22 18:45:00,88.89,40.9
2024-01-22 19:00:00,83.24,42.8
2024-01-22 19:15:00,69.65,39.5
2024-01-22 19:30:00,76.4,42.7
2024-01-22 19:45:00,58.47,41.9
2024-01-22 20:00:00,65.87,41.8
2024-01-22 20:15:00,50.91,38.3
2024-01-22 20:30:00,45.29,36.1
2024-01-22 20:45:00,54.86,35.6
2024-01-22 21:00:00,51.2,34.7
2024-01-22 21:15:00,37.14,35.3
2024-01-22 21:30:00,31.84,35.1
2024-01-22 21:45:00,40.0,36.1
2024-01-22 22:00:00,28.11,33.1
2024-01-22 22:15:00,38.5,29.8
2024-01-22 22:30:00,25.01,31.4
2024-01-22 22:45:00,31.16,35.0
2024-01-22 23:00:00,24.16,28.5
2024-01-22 23:15:00,26.18,32.9
2024-01-22 23:30:00,20.0,30.5
2024-01-22 23:45:00,20.37,29.4
2024-01-23 00:00:00,20.0,31.9
2024-01-23 00:15:00,20.0,34.3
2024-01-23 00:30:00,26.24,31.9
2024-01-23 00:45:00,21.29,30.9
2024-01-23 01:00:00,24.53,29.0
2024-01-23 01:15:00,22.5,31.7
2024-01-23 01:30:00,20.0,29.6
2024-01-23 01:45:00,28.58,32.1
2024-01-23 02:00:00,45.42,33.0
2024-01-23 02:15:00,41.03,28.9
2024-01-23 02:30:00,39.11,37.0
2024-01-23 02:45:00,41.0,32.4
2024-01-23 03:00:00,46.76,35.2
2024-01-23 03:15:00,52.81,37.3
2024-01-23 03:30:00,40.94,39.6
2024-01-23 03:45:00,67.27,36.2
2024-01-23 04:00:00,66.29,33.6
2024-01-23 04:15:00,79.31,41.7
2024-01-23 04:30:00,73.94,37.9
2024-01-23 04:45:00,77.66,42.1
2024-01-23 05:00:00,85.07,43.1
2024-01-23 05:15:00,90.54,36.7
2024-01-23 05:30:00,89.8,41.0
2024-01-23 05:45:00,93.98,44.3
2024-01-23 06:00:00,103.58,41.0
2024-01-23 06:15:00,114.5,44.5
2024-01-23 06:30:00,109.71,48.4
2024-01-23 06:45:00,111.31,48.9
2024-01-23 07:00:00,124.03,50.7
2024-01-23 07:15:00,129.27,51.9
2024-01-23 07:30:00,132.0,48.6
2024-01-23 07:45:00,140.01,50.3
2024-01-23 08:00:00,142.26,55.2
2024-01-23 08:15:00,159.3,57.6
2024-01-23 08:30:00,142.74,53.4
2024-01-23 08:45:00,149.87,56.6
2024-01-23 09:00:00,157.93,58.4
2024-01-23 09:15:00,154.14,58.0
2024-01-23 09:30:00,165.71,57.6
2024-01-23 09:45:00,179.51,57.4
2024-01-23 10:00:00,172.22,63.2
2024-01-23 10:15:00,175.4,59.9
2024-01-23 10:30:00,169.75,60.9
2024-01-23 10:45:00,175.99,61.1
2024-01-23 11:00:00,180.08,59.1
2024-01-23 11:15:00,181.16,61.1
2024-01-23 11:30:00,189.36,60.5
2024-01-23 11:45:00,186.24,60.5
2024-01-23 12:00:00,177.78,61.9
2024-01-23 12:15:00,185.57,59.4
2024-01-23 12:30:00,183.57,58.7
2024-01-23 12:45:00,186.82,62.0
2024-01-23 13:00:00,188.1,59.7
2024-01-23 13:15:00,170.41,59.8
2024-01-23 13:30:00,172.21,56.3
2024-01-23 13:45:00,167.14,61.7
2024-01-23 14:00:00,171.64,60.3
2024-01-23 14:15:00,170.81,60.2
2024-01-23 14:30:00,169.82,59.0
2024-01-23 14:45:00,161.58,54.5
2024-01-23 15:00:00,159.08,57.4
2024-01-23 15:15:00,155.18,55.0
2024-01-23 15:30:00,147.52,53.5
2024-01-23 15:45:00,156.13,55.6
2024-01-23 16:00:00,133.97,57.1
2024-01-23 16:15:00,139.03,55.9
2024-01-23 16:30:00,143.5,53.3
2024-01-23 16:45:00,128.5,51.1
2024-01-23 17:00:00,122.43,49.8
2024-01-23 17:15:00,115.7,47.4
2024-01-23 17:30:00,111.9,47.7
2024-01-23 17:45:00,114.66,49.1
2024-01-23 18:00:00,91.66,50.0
2024-01-23 18:15:00,104.9,43.7
2024-01-23 18:30:00,84.95,40.4
2024-01-23 18:45:00,85.68,42.3
2024-01-23 19:00:00,79.88,44.3
2024-01-23 19:15:00,79.38,45.7
2024-01-23 19:30:00,68.62,43.2
2024-01-23 19:45:00,69.62,42.3
2024-01-23 20:00:00,71.62,37.1
2024-01-23 20:15:00,50.72,36.4
2024-01-23 20:30:00,57.26,34.6
2024-01-23 20:45:00,47.3,35.1
2024-01-23 21:00:00,47.77,37.6
2024-01-23 21:15:00,43.21,38.3
2024-01-23 21:30:00,34.4,35.2
2024-01-23 21:45:00,37.63,33.4
2024-01-23 22:00:00,36.65,31.2
2024-01-23 22:15:00,29.35,32.7
2024-01-23 22:30:00,30.67,32.9
2024-01-23 22:45:00,20.84,29.2
2024-01-23 23:00:00,20.87,33.7
2024-01-23 23:15:00,26.88,30.8
2024-01-23 23:30:00,30.93,33.2
2024-01-23 23:45:00,28.92,31.4
2024-01-24 00:00:00,21.96,32.0
2024-01-24 00:15:00,22.46,30.0
2024-01-24 00:30:00,20.0,30.8
2024-01-24 00:45:00,27.65,33.0
2024-01-24 01:00:00,30.57,31.6
2024-01-24 01:15:00,24.08,30.0
2024-01-24 01:30:00,26.01,32.8
2024-01-24 01:45:00,32.68,33.7
2024-01-24 02:00:00,29.59,36.2
2024-01-24 02:15:00,29.37,36.2
2024-01-24 02:30:00,48.61,34.4
2024-01-24 02:45:00,39.39,34.0
2024-01-24 03:00:00,45.0,35.4
2024-01-24 03:15:00,44.6,35.5
2024-01-24 03:30:00,57.94,38.3
2024-01-24 03:45:00,57.38,40.2
2024-01-24 04:00:00,59.03,41.4
2024-01-24 04:15:00,73.13,39.0
2024-01-24 04:30:00,80.0,39.7
2024-01-24 04:45:00,73.86,40.8
2024-01-24 05:00:00,73.54,38.7
2024-01-24 05:15:00,89.38,41.1
2024-01-24 05:30:00,87.8,44.4
2024-01-24 05:45:00,102.99,46.2
2024-01-24 06:00:00,94.16,47.4
2024-01-24 06:15:00,113.03,45.9
2024-01-24 06:30:00,112.91,47.4
2024-01-24 06:45:00,117.81,48.9
2024-01-24 07:00:00,123.06,49.6
2024-01-24 07:15:00,125.86,52.7
2024-01-24 07:30:00,132.71,49.6
2024-01-24 07:45:00,141.9,50.8
2024-01-24 08:00:00,143.2,53.4
2024-01-24 08:15:00,150.5,52.1
2024-01-24 08:30:00,162.01,51.8
2024-01-24 08:45:00,148.43,53.4
2024-01-24 09:00:00,168.23,56.6
2024-01-24 09:15:00,165.05,59.0
2024-01-24 09:30:00,160.14,59.7
2024-01-24 09:45:00,164.48,62.2
2024-01-24 10:00:00,171.13,59.7
2024-01-24 10:15:00,178.72,60.4
2024-01-24 10:30:00,177.43,59.9
2024-01-24 10:45:00,188.11,60.3
2024-01-24 11:00:00,172.7,65.2
2024-01-24 11:15:00,181.91,61.8
2024-01-24 11:30:00,176.32,62.1
2024-01-24 11:45:00,184.3,59.2
2024-01-24 12:00:00,186.6,62.3
2024-01-24 12:15:00,179.85,62.8
2024-01-24 12:30:00,169.35,63.6
2024-01-24 12:45:00,180.54,62.5
2024-01-24 13:00:00,181.86,60.8
2024-01-24 13:15:00,181.37,60.4
2024-01-24 13:30:00,181.46,60.3
2024-01-24 13:45:00,169.19,60.2
2024-01-24 14:00:00,174.67,62.1
2024-01-24 14:15:00,174.7,61.2
2024-01-24 14:30:00,158.85,60.0
2024-01-24 14:45:00,164.07,61.9
2024-01-24 15:00:00,156.35,51.9
2024-01-24 15:15:00,154.49,55.5
2024-01-24 15:30:00,152.24,55.7
2024-01-24 15:45:00,143.53,53.6
2024-01-24 16:00:00,140.01,52.2
2024-01-24 16:15:00,137.99,49.8
2024-01-24 16:30:00,127.49,51.7
2024-01-24 16:45:00,123.03,53.2
2024-01-24 17:00:00,126.57,52.0
2024-01-24 17:15:00,110.5,48.0
2024-01-24 17:30:00,115.92,49.0
2024-01-24 17:45:00,110.51,50.3
2024-01-24 18:00:00,92.5,43.6
2024-01-24 18:15:00,90.21,45.3
2024-01-24 18:30:00,97.74,45.2
2024-01-24 18:45:00,80.37,43.7
2024-01-24 19:00:00,79.59,44.4
2024-01-24 19:15:00,73.8,38.8
2024-01-24 19:30:00,74.02,38.9
2024-01-24 19:45:00,65.96,41.3
2024-01-24 20:00:00,60.31,35.7
2024-01-24 20:15:00,66.56,39.9
2024-01-24 20:30:00,60.75,38.4
2024-01-24 20:45:00,56.69,38.2
2024-01-24 21:00:00,46.33,35.1
2024-01-24 21:15:00,39.29,36.4
2024-01-24 21:30:00,36.97,32.4
2024-01-24 21:45:00,38.89,33.3
2024-01-24 22:00:00,36.84,33.7
2024-01-24 22:15:00,38.01,31.4
2024-01-24 22:30:00,21.42,33.2
2024-01-24 22:45:00,20.0,30.2
2024-01-24 23:00:00,32.63,32.7
2024-01-24 23:15:00,20.0,35.4
2024-01-24 23:30:00,23.11,29.3
2024-01-24 23:45:00,23.21,31.7
2024-01-25 00:00:00,32.34,28.4
2024-01-25 00:15:00,39.13,30.0
2024-01-25 00:30:00,26.71,33.2
2024-01-25 00:45:00,24.65,31.1
2024-01-25 01:00:00,27.42,33.7
2024-01-25 01:15:00,31.67,33.2
2024-01-25 01:30:00,28.87,32.7
2024-01-25 01:45:00,39.0,31.2
2024-01-25 02:00:00,36.46,35.1
2024-01-25 02:15:00,39.85,34.8
2024-01-25 02:30:00,43.91,31.7
2024-01-25 02:45:00,44.95,33.5
2024-01-25 03:00:00,51.48,30.6
2024-01-25 03:15:00,45.84,34.1
2024-01-25 03:30:00,50.52,36.9
2024-01-25 03:45:00,53.5,36.3
2024-01-25 04:00:00,65.18,37.6
2024-01-25 04:15:00,71.05,42.9
2024-01-25 04:30:00,70.36,43.0
2024-01-25 04:45:00,84.91,40.5
2024-01-25 05:00:00,80.78,44.4
2024-01-25 05:15:00,90.92,46.2
2024-01-25 05:30:00,86.6,46.0
2024-01-25 05:45:00,92.85,46.4
2024-01-25 06:00:00,108.82,48.9
2024-01-25 06:15:00,113.21,49.3
2024-01-25 06:30:00,112.73,46.3
2024-01-25 06:45:00,119.79,49.3
2024-01-25 07:00:00,123.94,49.5
2024-01-25 07:15:00,125.86,53.9
2024-01-25 07:30:00,134.94,51.3
2024-01-25 07:45:00,141.93,51.9
2024-01-25 08:00:00,143.15,56.3
2024-01-25 08:15:00,147.32,55.6
2024-01-25 08:30:00,149.27,60.1
2024-01-25 08:45:00,152.25,54.9
2024-01-25 09:00:00,158.94,56.3
2024-01-25 09:15:00,165.24,60.3
2024-01-25 09:30:00,169.58,56.1
2024-01-25 09:45:00,168.56,61.9
2024-01-25 10:00:00,161.09,57.4
2024-01-25 10:15:00,182.76,61.5
2024-01-25 10:30:00,174.44,57.0
2024-01-25 10:45:00,175.11,61.1
2024-01-25 11:00:00,182.85,58.5
2024-01-25 11:15:00,180.84,65.4
2024-01-25 11:30:00,188.38,59.5
2024-01-25 11:45:00,187.11,60.1
2024-01-25 12:00:00,186.19,62.9
2024-01-25 12:15:00,174.47,60.6
2024-01-25 12:30:00,188.56,63.1
2024-01-25 12:45:00,180.8,60.1
2024-01-25 13:00:00,178.47,59.7
2024-01-25 13:15:00,181.75,61.0
2024-01-25 13:30:00,171.72,58.2
2024-01-25 13:45:00,176.84,61.1
2024-01-25 14:00:00,167.01,61.6
2024-01-25 14:15:00,162.42,60.4
2024-01-25 14:30:00,157.25,60.0
2024-01-25 14:45:00,168.53,54.3
2024-01-25 15:00:00,158.43,56.5
2024-01-25 15:15:00,162.19,56.3
2024-01-25 15:30:00,147.57,58.9
2024-01-25 15:45:00,138.17,54.0
2024-01-25 16:00:00,137.22,49.7
2024-01-25 16:15:00,143.85,51.5
2024-01-25 16:30:00,131.53,51.3
2024-01-25 16:45:00,126.01,47.4
2024-01-25 17:00:00,124.52,52.7
2024-01-25 17:15:00,120.98,46.7
2024-01-25 17:30:00,120.1,49.7
2024-01-25 17:45:00,115.82,45.7
2024-01-25 18:00:00,100.76,49.9
2024-01-25 18:15:00,89.7,45.3
2024-01-25 18:30:00,85.95,44.0
2024-01-25 18:45:00,88.8,45.0
2024-01-25 19:00:00,77.11,41.0
2024-01-25 19:15:00,70.68,43.2
2024-01-25 19:30:00,73.12,40.2
2024-01-25 19:45:00,69.15,39.1
2024-01-25 20:00:00,61.66,39.2
2024-01-25 20:15:00,54.27,36.4
2024-01-25 20:30:00,52.89,37.4
2024-01-25 20:45:00,40.05,37.7
2024-01-25 21:00:00,49.88,31.7
2024-01-25 21:15:00,47.97,37.8
2024-01-25 21:30:00,28.38,36.6
2024-01-25 21:45:00,31.7,30.7
2024-01-25 22:00:00,22.02,29.9
2024-01-25 22:15:00,28.89,35.2
2024-01-25 22:30:00,27.52,34.6
2024-01-25 22:45:00,20.0,34.0
2024-01-25 23:00:00,21.36,29.6
2024-01-25 23:15:00,20.0,35.9
2024-01-25 23:30:00,25.77,30.6
2024-01-25 23:45:00,20.6,32.5
2024-01-26 00:00:00,20.09,32.4
2024-01-26 00:15:00,23.85,35.2
2024-01-26 00:30:00,20.0,32.3
2024-01-26 00:45:00,21.81,33.1
2024-01-26 01:00:00,34.48,32.3
2024-01-26 01:15:00,34.53,30.4
2024-01-26 01:30:00,28.72,28.5
2024-01-26 01:45:00,35.94,33.6
2024-01-26 02:00:00,38.54,31.2
2024-01-26 02:15:00,31.92,35.2
2024-01-26 02:30:00,42.7,35.4
2024-01-26 02:45:00,51.1,35.9
2024-01-26 03:00:00,39.47,34.3
2024-01-26 03:15:00,45.23,39.2
2024-01-26 03:30:00,60.92,38.8
2024-01-26 03:45:00,59.1,36.3
2024-01-26 04:00:00,64.99,43.6
2024-01-26 04:15:00,68.78,39.9
2024-01-26 04:30:00,75.21,38.6
2024-01-26 04:45:00,72.45,40.7
2024-01-26 05:00:00,83.13,40.1
2024-01-26 05:15:00,90.4,46.8
2024-01-26 05:30:00,88.72,47.2
2024-01-26 05:45:00,97.71,47.5
2024-01-26 06:00:00,95.52,48.1
2024-01-26 06:15:00,110.84,50.5
2024-01-26 06:30:00,114.12,48.5
2024-01-26 06:45:00,117.22,50.8
2024-01-26 07:00:00,127.31,49.3
2024-01-26 07:15:00,126.13,51.5
2024-01-26 07:30:00,136.8,53.7
2024-01-26 07:45:00,126.82,47.5
2024-01-26 08:00:00,140.64,53.3
2024-01-26 08:15:00,145.35,55.7
2024-01-26 08:30:00,153.77,56.0
2024-01-26 08:45:00,154.09,56.0
2024-01-26 09:00:00,157.66,58.8
2024-01-26 09:15:00,163.81,56.9
2024-01-26 09:30:00,158.41,56.5
2024-01-26 09:45:00,167.79,61.9
2024-01-26 10:00:00,181.28,62.1
2024-01-26 10:15:00,180.94,59.3
2024-01-26 10:30:00,172.01,60.8
2024-01-26 10:45:00,182.51,63.0
2024-01-26 11:00:00,180.13,61.6
2024-01-26 11:15:00,182.48,62.8
2024-01-26 11:30:00,184.58,62.9
2024-01-26 11:45:00,182.28,61.4
2024-01-26 12:00:00,178.98,63.1
2024-01-26 12:15:00,180.33,60.1
2024-01-26 12:30:00,180.19,62.8
2024-01-26 12:45:00,175.35,61.7
2024-01-26 13:00:00,178.12,60.9
2024-01-26 13:15:00,176.52,58.8
2024-01-26 13:30:00,178.72,61.2
2024-01-26 13:45:00,183.43,60.6
2024-01-26 14:00:00,170.36,58.4
2024-01-26 14:15:00,170.55,56.4
2024-01-26 14:30:00,168.85,55.7
2024-01-26 14:45:00,164.09,57.9
2024-01-26 15:00:00,160.91,58.3
2024-01-26 15:15:00,159.9,60.7
2024-01-26 15:30:00,153.38,56.2
2024-01-26 15:45:00,140.19,52.2
2024-01-26 16:00:00,149.82,54.2
2024-01-26 16:15:00,142.58,56.3
2024-01-26 16:30:00,128.97,51.5
2024-01-26 16:45:00,129.47,54.2
2024-01-26 17:00:00,126.93,51.4
2024-01-26 17:15:00,116.33,51.4
2024-01-26 17:30:00,119.15,52.8
2024-01-26 17:45:00,119.06,44.5
2024-01-26 18:00:00,100.51,48.9
2024-01-26 18:15:00,91.22,46.0
2024-01-26 18:30:00,93.66,43.3
2024-01-26 18:45:00,90.97,44.0
2024-01-26 19:00:00,81.91,46.7
2024-01-26 19:15:00,84.45,45.0
2024-01-26 19:30:00,67.68,37.4
2024-01-26 19:45:00,72.09,39.0
2024-01-26 20:00:00,60.33,41.6
2024-01-26 20:15:00,66.09,38.8
2024-01-26 20:30:00,65.3,38.0
2024-01-26 20:45:00,46.77,34.2
2024-01-26 21:00:00,42.74,35.1
2024-01-26 21:15:00,48.32,33.2
2024-01-26 21:30:00,36.5,32.0
2024-01-26 21:45:00,35.5,32.2
2024-01-26 22:00:00,33.16,32.4
2024-01-26 22:15:00,22.28,32.2
2024-01-26 22:30:00,28.1,31.7
2024-01-26 22:45:00,21.88,35.0
2024-01-26 23:00:00,24.96,30.9
2024-01-26 23:15:00,31.2,35.4
2024-01-26 23:30:00,20.0,31.4
2024-01-26 23:45:00,26.37,33.1
2024-01-27 00:00:00,20.0,33.2
2024-01-27 00:15:00,20.0,30.5
2024-01-27 00:30:00,21.2,31.7
2024-01-27 00:45:00,20.0,31.5
2024-01-27 01:00:00,20.42,33.5
2024-01-27 01:15:00,23.97,32.8
2024-01-27 01:30:00,20.0,31.9
2024-01-27 01:45:00,23.26,34.0
2024-01-27 02:00:00,21.45,34.9
2024-01-27 02:15:00,24.69,38.5
2024-01-27 02:30:00,39.73,35.5
2024-01-27 02:45:00,36.16,36.0
2024-01-27 03:00:00,25.53,37.5
2024-01-27 03:15:00,32.25,35.5
2024-01-27 03:30:00,41.61,34.7
2024-01-27 03:45:00,43.42,38.3
2024-01-27 04:00:00,44.5,41.9
2024-01-27 04:15:00,46.79,43.1
2024-01-27 04:30:00,50.42,37.8
2024-01-27 04:45:00,57.69,43.8
2024-01-27 05:00:00,58.02,39.0
2024-01-27 05:15:00,49.05,45.3
2024-01-27 05:30:00,64.5,46.1
2024-01-27 05:45:00,67.83,42.9
2024-01-27 06:00:00,70.78,49.3
2024-01-27 06:15:00,86.74,51.8
2024-01-27 06:30:00,81.54,49.1
2024-01-27 06:45:00,81.12,50.5
2024-01-27 07:00:00,92.6,54.1
2024-01-27 07:15:00,92.56,49.9
2024-01-27 07:30:00,96.93,50.8
2024-01-27 07:45:00,101.42,52.3
2024-01-27 08:00:00,112.12,54.9
2024-01-27 08:15:00,96.66,55.7
2024-01-27 08:30:00,107.05,55.3
2024-01-27 08:45:00,106.46,56.6
2024-01-27 09:00:00,114.45,56.9
2024-01-27 09:15:00,111.55,57.6
2024-01-27 09:30:00,115.84,57.7
2024-01-27 09:45:00,119.83,58.3
2024-01-27 10:00:00,128.41,56.3
2024-01-27 10:15:00,127.87,60.3
2024-01-27 10:30:00,118.57,57.3
2024-01-27 10:45:00,127.88,63.1
2024-01-27 11:00:00,116.84,60.7
2024-01-27 11:15:00,120.84,61.8
2024-01-27 11:30:00,127.96,61.5
2024-01-27 11:45:00,125.17,61.8
2024-01-27 12:00:00,142.4,64.9
2024-01-27 12:15:00,132.33,59.6
2024-01-27 12:30:00,122.78,59.0
2024-01-27 12:45:00,126.21,62.3
2024-01-27 13:00:00,132.06,60.9
2024-01-27 13:15:00,129.41,62.3
2024-01-27 13:30:00,115.21,62.7
2024-01-27 13:45:00,114.41,58.6
2024-01-27 14:00:00,129.76,61.6
2024-01-27 14:15:00,121.81,57.8
2024-01-27 14:30:00,112.6,59.4
2024-01-27 14:45:00,119.79,56.2
2024-01-27 15:00:00,89.98,58.3
2024-01-27 15:15:00,109.91,57.2
2024-01-27 15:30:00,108.24,54.3
2024-01-27 15:45:00,108.61,53.0
2024-01-27 16:00:00,96.96,56.4
2024-01-27 16:15:00,92.58,53.1
2024-01-27 16:30:00,90.53,55.2
2024-01-27 16:45:00,92.45,51.2
2024-01-27 17:00:00,82.67,53.9
2024-01-27 17:15:00,80.85,48.5
2024-01-27 17:30:00,75.57,52.3
2024-01-27 17:45:00,79.97,48.8
2024-01-27 18:00:00,78.18,48.2
2024-01-27 18:15:00,67.99,44.4
2024-01-27 18:30:00,65.56,46.9
2024-01-27 18:45:00,54.42,46.0
2024-01-27 19:00:00,56.07,42.9
2024-01-27 19:15:00,57.33,38.4
2024-01-27 19:30:00,65.79,39.5
2024-01-27 19:45:00,41.44,38.6
2024-01-27 20:00:00,53.11,40.9
2024-01-27 20:15:00,44.76,38.2
2024-01-27 20:30:00,41.28,37.4
2024-01-27 20:45:00,44.16,36.4
2024-01-27 21:00:00,31.92,39.8
2024-01-27 21:15:00,30.9,36.3
2024-01-27 21:30:00,27.1,36.0
2024-01-27 21:45:00,29.69,33.8
2024-01-27 22:00:00,29.28,34.4
2024-01-27 22:15:00,20.0,32.1
2024-01-27 22:30:00,20.0,34.3
2024-01-27 22:45:00,21.16,31.0
2024-01-27 23:00:00,20.0,34.5
2024-01-27 23:15:00,20.0,31.3
2024-01-27 23:30:00,26.03,34.5
2024-01-27 23:45:00,20.0,36.3
2024-01-28 00:00:00,20.0,32.5
2024-01-28 00:15:00,20.0,35.2
2024-01-28 00:30:00,23.65,34.1
2024-01-28 00:45:00,20.0,29.9
2024-01-28 01:00:00,20.0,33.2
2024-01-28 01:15:00,20.09,34.3
2024-01-28 01:30:00,28.27,34.9
2024-01-28 01:45:00,20.31,34.4
2024-01-28 02:00:00,20.0,34.9
2024-01-28 02:15:00,28.18,35.1
2024-01-28 02:30:00,25.98,35.9
2024-01-28 02:45:00,25.45,33.8
2024-01-28 03:00:00,29.05,36.5
2024-01-28 03:15:00,36.2,34.7
2024-01-28 03:30:00,36.46,37.4
2024-01-28 03:45:00,31.43,38.0
2024-01-28 04:00:00,49.13,38.7
2024-01-28 04:15:00,54.29,38.8
2024-01-28 04:30:00,54.91,42.4
2024-01-28 04:45:00,49.19,42.1
2024-01-28 05:00:00,57.69,42.8
2024-01-28 05:15:00,63.32,41.8
2024-01-28 05:30:00,69.79,45.0
2024-01-28 05:45:00,72.77,48.9
2024-01-28 06:00:00,70.34,49.9
2024-01-28 06:15:00,78.3,49.3
2024-01-28 06:30:00,82.48,48.9
2024-01-28 06:45:00,91.74,51.6
2024-01-28 07:00:00,91.54,50.1
2024-01-28 07:15:00,92.98,51.8
2024-01-28 07:30:00,94.5,51.8
2024-01-28 07:45:00,105.61,56.0
2024-01-28 08:00:00,103.86,56.7
2024-01-28 08:15:00,103.55,55.9
2024-01-28 08:30:00,115.45,60.2
2024-01-28 08:45:00,116.22,58.3
2024-01-28 09:00:00,112.4,58.9
2024-01-28 09:15:00,115.13,59.4
2024-01-28 09:30:00,119.13,57.0
2024-01-28 09:45:00,122.24,58.3
2024-01-28 10:00:00,122.47,60.5
2024-01-28 10:15:00,125.37,61.0
2024-01-28 10:30:00,131.57,62.7
2024-01-28 10:45:00,133.19,60.5
2024-01-28 11:00:00,130.5,62.3
2024-01-28 11:15:00,131.72,62.5
2024-01-28 11:30:00,124.14,62.8
2024-01-28 11:45:00,130.73,62.6
2024-01-28 12:00:00,138.8,59.8
2024-01-28 12:15:00,126.28,58.1
2024-01-28 12:30:00,125.45,60.6
2024-01-28 12:45:00,124.48,61.3
2024-01-28 13:00:00,119.75,59.8
2024-01-28 13:15:00,122.39,61.7
2024-01-28 13:30:00,120.78,63.7
2024-01-28 13:45:00,114.81,62.6
2024-01-28 14:00:00,120.76,61.6
2024-01-28 14:15:00,123.13,62.1
2024-01-28 14:30:00,112.41,57.7
2024-01-28 14:45:00,121.73,58.0
2024-01-28 15:00:00,113.82,59.5
2024-01-28 15:15:00,120.36,56.6
2024-01-28 15:30:00,103.2,56.0
2024-01-28 15:45:00,101.31,59.7
2024-01-28 16:00:00,95.25,55.4
2024-01-28 16:15:00,101.17,57.9
2024-01-28 16:30:00,94.48,49.8
2024-01-28 16:45:00,94.56,51.3
2024-01-28 17:00:00,82.12,52.4
2024-01-28 17:15:00,78.38,50.8
2024-01-28 17:30:00,83.82,45.6
2024-01-28 17:45:00,64.45,48.2
2024-01-28 18:00:00,75.94,52.7
2024-01-28 18:15:00,60.13,47.2
2024-01-28 18:30:00,68.9,47.0
2024-01-28 18:45:00,56.05,43.5
2024-01-28 19:00:00,61.11,44.3
2024-01-28 19:15:00,57.89,42.9
2024-01-28 19:30:00,46.94,44.2
2024-01-28 19:45:00,47.68,43.3
2024-01-28 20:00:00,48.4,41.0
2024-01-28 20:15:00,39.32,39.5
2024-01-28 20:30:00,34.6,35.2
2024-01-28 20:45:00,26.37,34.4
2024-01-28 21:00:00,35.29,37.3
2024-01-28 21:15:00,23.92,38.2
2024-01-28 21:30:00,27.89,38.5
2024-01-28 21:45:00,23.71,33.5
2024-01-28 22:00:00,28.39,31.7
2024-01-28 22:15:00,21.56,36.2
2024-01-28 22:30:00,20.66,32.3
2024-01-28 22:45:00,24.47,30.4
2024-01-28 23:00:00,20.0,32.3
2024-01-28 23:15:00,20.9,32.0
2024-01-28 23:30:00,20.7,35.5
2024-01-28 23:45:00,20.0,34.5
2024-01-29 00:00:00,25.96,31.3
2024-01-29 00:15:00,28.39,35.6
2024-01-29 00:30:00,20.0,33.2
2024-01-29 00:45:00,24.0,35.2
2024-01-29 01:00:00,26.73,36.0
2024-01-29 01:15:00,30.51,33.1
2024-01-29 01:30:00,30.31,35.1
2024-01-29 01:45:00,35.3,33.5
2024-01-29 02:00:00,38.39,36.7
2024-01-29 02:15:00,30.64,35.5
2024-01-29 02:30:00,42.92,37.8
2024-01-29 02:45:00,48.77,39.6
2024-01-29 03:00:00,48.52,38.3
2024-01-29 03:15:00,56.11,37.7
2024-01-29 03:30:00,64.57,38.5
2024-01-29 03:45:00,63.89,33.6
2024-01-29 04:00:00,64.71,38.9
2024-01-29 04:15:00,73.43,43.1
2024-01-29 04:30:00,72.91,44.0
2024-01-29 04:45:00,77.89,41.5
2024-01-29 05:00:00,79.62,44.3
2024-01-29 05:15:00,94.55,44.5
2024-01-29 05:30:00,85.25,47.3
2024-01-29 05:45:00,107.11,51.3
2024-01-29 06:00:00,105.8,49.3
2024-01-29 06:15:00,106.72,47.5
2024-01-29 06:30:00,117.58,49.7
2024-01-29 06:45:00,108.63,53.6
2024-01-29 07:00:00,126.69,48.9
2024-01-29 07:15:00,132.25,51.5
2024-01-29 07:30:00,129.98,55.0
2024-01-29 07:45:00,138.27,57.1
2024-01-29 08:00:00,155.72,56.6
2024-01-29 08:15:00,143.03,55.0
2024-01-29 08:30:00,146.06,58.1
2024-01-29 08:45:00,163.18,58.6
2024-01-29 09:00:00,170.58,59.2
2024-01-29 09:15:00,164.25,59.0
2024-01-29 09:30:00,171.63,59.9
2024-01-29 09:45:00,177.65,58.5
2024-01-29 10:00:00,166.72,65.8
2024-01-29 10:15:00,174.36,61.7
2024-01-29 10:30:00,182.39,62.9
2024-01-29 10:45:00,187.44,61.7
2024-01-29 11:00:00,182.84,64.1
2024-01-29 11:15:00,175.77,60.0
2024-01-29 11:30:00,190.81,59.3
2024-01-29 11:45:00,177.61,62.8
2024-01-29 12:00:00,182.16,67.0
2024-01-29 12:15:00,183.98,65.3
2024-01-29 12:30:00,190.5,61.2
2024-01-29 12:45:00,186.21,63.7
2024-01-29 13:00:00,183.29,61.1
2024-01-29 13:15:00,181.19,63.0
2024-01-29 13:30:00,178.78,62.8
2024-01-29 13:45:00,177.75,63.2
2024-01-29 14:00:00,159.81,57.8
2024-01-29 14:15:00,168.88,57.9
2024-01-29 14:30:00,169.07,59.7
2024-01-29 14:45:00,156.22,57.2
2024-01-29 15:00:00,160.56,56.3
2024-01-29 15:15:00,154.03,58.4
2024-01-29 15:30:00,163.82,55.3
2024-01-29 15:45:00,155.23,60.8
2024-01-29 16:00:00,140.73,54.4
2024-01-29 16:15:00,138.43,54.1
2024-01-29 16:30:00,134.41,54.3
2024-01-29 16:45:00,126.82,49.8
2024-01-29 17:00:00,126.51,52.9
2024-01-29 17:15:00,113.81,51.6
2024-01-29 17:30:00,107.22,49.2
2024-01-29 17:45:00,112.28,49.5
2024-01-29 18:00:00,105.72,48.8
2024-01-29 18:15:00,92.68,49.9
2024-01-29 18:30:00,95.91,51.0
2024-01-29 18:45:00,83.62,42.9
2024-01-29 19:00:00,83.76,41.5
2024-01-29 19:15:00,82.05,43.4
2024-01-29 19:30:00,70.55,38.1
2024-01-29 19:45:00,70.48,42.7
2024-01-29 20:00:00,60.18,40.7
2024-01-29 20:15:00,59.0,40.4
2024-01-29 20:30:00,53.46,38.3
2024-01-29 20:45:00,46.33,38.6
2024-01-29 21:00:00,46.24,38.4
2024-01-29 21:15:00,35.72,37.1
2024-01-29 21:30:00,37.43,33.4
2024-01-29 21:45:00,34.64,35.9
2024-01-29 22:00:00,33.13,38.8
2024-01-29 22:15:00,29.79,35.1
2024-01-29 22:30:00,30.31,34.5
2024-01-29 22:45:00,31.74,37.0
2024-01-29 23:00:00,29.93,32.1
2024-01-29 23:15:00,26.39,35.1
2024-01-29 23:30:00,20.0,32.1
2024-01-29 23:45:00,20.0,35.3
2024-01-30 00:00:00,20.96,34.7
2024-01-30 00:15:00,21.51,32.3
2024-01-30 00:30:00,20.0,32.7
2024-01-30 00:45:00,20.0,35.3
2024-01-30 01:00:00,24.27,29.9
2024-01-30 01:15:00,26.62,33.0
2024-01-30 01:30:00,31.0,35.5
2024-01-30 01:45:00,31.91,34.0
2024-01-30 02:00:00,30.63,35.4
2024-01-30 02:15:00,30.12,31.5
2024-01-30 02:30:00,38.38,34.5
2024-01-30 02:45:00,40.59,38.2
2024-01-30 03:00:00,47.37,36.0
2024-01-30 03:15:00,43.16,35.6
2024-01-30 03:30:00,51.28,41.1
2024-01-30 03:45:00,60.03,40.8
2024-01-30 04:00:00,63.72,38.4
2024-01-30 04:15:00,77.99,41.7
2024-01-30 04:30:00,76.23,40.3
2024-01-30 04:45:00,71.31,43.0
2024-01-30 05:00:00,81.96,44.6
2024-01-30 05:15:00,79.1,43.6
2024-01-30 05:30:00,91.42,47.6
2024-01-30 05:45:00,94.34,48.9
2024-01-30 06:00:00,109.35,48.7
2024-01-30 06:15:00,106.11,49.9
2024-01-30 06:30:00,113.0,47.2
2024-01-30 06:45:00,113.63,53.8
2024-01-30 07:00:00,133.96,51.8
2024-01-30 07:15:00,129.44,51.1
2024-01-30 07:30:00,142.86,54.2
2024-01-30 07:45:00,141.81,56.3
2024-01-30 08:00:00,147.18,56.7
2024-01-30 08:15:00,151.44,54.3
2024-01-30 08:30:00,153.76,58.8
2024-01-30 08:45:00,145.39,57.9
2024-01-30 09:00:00,158.36,59.8
2024-01-30 09:15:00,165.96,57.8
2024-01-30 09:30:00,166.2,62.2
2024-01-30 09:45:00,164.47,61.0
2024-01-30 10:00:00,178.7,63.5
2024-01-30 10:15:00,182.5,58.6
2024-01-30 10:30:00,183.26,59.2
2024-01-30 10:45:00,178.05,61.9
2024-01-30 11:00:00,184.75,65.6
2024-01-30 11:15:00,179.13,66.8
2024-01-30 11:30:00,173.04,61.3
2024-01-30 11:45:00,178.97,63.3
2024-01-30 12:00:00,191.21,63.5
2024-01-30 12:15:00,180.32,64.6
2024-01-30 12:30:00,180.57,64.8
2024-01-30 12:45:00,185.33,60.7
2024-01-30 13:00:00,189.29,62.8
2024-01-30 13:15:00,188.55,58.4
2024-01-30 13:30:00,189.07,63.7
2024-01-30 13:45:00,174.22,61.0
2024-01-30 14:00:00,174.19,58.8
2024-01-30 14:15:00,162.89,61.4
2024-01-30 14:30:00,174.63,59.4
2024-01-30 14:45:00,156.8,62.0
2024-01-30 15:00:00,161.81,57.1
2024-01-30 15:15:00,150.91,62.6
2024-01-30 15:30:00,144.02,59.1
2024-01-30 15:45:00,140.86,59.1
2024-01-30 16:00:00,141.1,53.7
2024-01-30 16:15:00,135.83,58.5
2024-01-30 16:30:00,130.47,51.6
2024-01-30 16:45:00,132.8,52.7
2024-01-30 17:00:00,119.25,54.7
2024-01-30 17:15:00,118.4,52.2
2024-01-30 17:30:00,119.48,47.7
2024-01-30 17:45:00,107.04,51.5
2024-01-30 18:00:00,99.55,48.9
2024-01-30 18:15:00,97.2,46.5
2024-01-30 18:30:00,99.85,43.2
2024-01-30 18:45:00,89.57,46.2
2024-01-30 19:00:00,81.72,44.1
2024-01-30 19:15:00,79.89,43.8
2024-01-30 19:30:00,68.09,39.4
2024-01-30 19:45:00,72.28,40.8
2024-01-30 20:00:00,69.0,41.7
2024-01-30 20:15:00,57.53,43.7
2024-01-30 20:30:00,52.89,38.8
2024-01-30 20:45:00,47.5,41.3
2024-01-30 21:00:00,50.49,39.3
2024-01-30 21:15:00,52.14,37.5
2024-01-30 21:30:00,35.59,34.4
2024-01-30 21:45:00,39.01,33.9
2024-01-30 22:00:00,23.39,36.6
2024-01-30 22:15:00,30.07,33.8
2024-01-30 22:30:00,28.94,33.2
2024-01-30 22:45:00,24.28,33.8
2024-01-30 23:00:00,20.8,33.5
2024-01-30 23:15:00,21.04,35.4
2024-01-30 23:30:00,27.65,32.4
2024-01-30 23:45:00,24.14,35.0
2024-01-31 00:00:00,20.0,34.2
2024-01-31 00:15:00,20.0,30.0
2024-01-31 00:30:00,20.0,34.1
2024-01-31 00:45:00,23.8,28.3
2024-01-31 01:00:00,20.0,32.1
2024-01-31 01:15:00,24.22,35.1
2024-01-31 01:30:00,26.81,34.5
2024-01-31 01:45:00,36.08,31.4
2024-01-31 02:00:00,32.95,33.1
2024-01-31 02:15:00,37.58,30.7
2024-01-31 02:30:00,39.08,33.8
2024-01-31 02:45:00,31.74,38.2
2024-01-31 03:00:00,49.55,36.6
2024-01-31 03:15:00,52.15,38.8
2024-01-31 03:30:00,58.39,39.3
2024-01-31 03:45:00,80.96,40.1
2024-01-31 04:00:00,52.34,42.9
2024-01-31 04:15:00,76.18,41.3
2024-01-31 04:30:00,70.19,44.5
2024-01-31 04:45:00,83.27,38.6
2024-01-31 05:00:00,80.78,46.7
2024-01-31 05:15:00,88.74,42.9
2024-01-31 05:30:00,92.25,44.3
2024-01-31 05:45:00,100.91,46.0
2024-01-31 06:00:00,92.83,50.6
2024-01-31 06:15:00,111.76,47.6
2024-01-31 06:30:00,110.13,49.1
2024-01-31 06:45:00,113.38,49.4
2024-01-31 07:00:00,127.58,52.8
2024-01-31 07:15:00,135.42,54.7
2024-01-31 07:30:00,131.27,57.6
2024-01-31 07:45:00,140.17,59.9
2024-01-31 08:00:00,140.61,57.2
2024-01-31 08:15:00,151.53,57.5
2024-01-31 08:30:00,156.52,55.1
2024-01-31 08:45:00,167.18,62.1
2024-01-31 09:00:00,159.67,59.5
2024-01-31 09:15:00,166.74,59.1
2024-01-31 09:30:00,167.84,61.1
2024-01-31 09:45:00,177.87,59.6
2024-01-31 10:00:00,169.27,56.8
2024-01-31 10:15:00,179.55,63.0
2024-01-31 10:30:00,173.13,65.0
2024-01-31 10:45:00,179.15,63.8
2024-01-31 11:00:00,182.09,62.9
2024-01-31 11:15:00,181.82,63.2
2024-01-31 11:30:00,181.6,63.7
2024-01-31 11:45:00,185.25,63.7
2024-01-31 12:00:00,191.9,63.4
2024-01-31 12:15:00,189.18,63.5
2024-01-31 12:30:00,187.9,66.5
2024-01-31 12:45:00,179.24,64.1
2024-01-31 13:00:00,177.58,63.2
2024-01-31 13:15:00,184.11,64.0
2024-01-31 13:30:00,178.63,63.7
2024-01-31 13:45:00,182.23,63.8
2024-01-31 14:00:00,168.12,60.0
2024-01-31 14:15:00,170.5,60.0
2024-01-31 14:30:00,163.08,58.8
2024-01-31 14:45:00,162.69,61.3
2024-01-31 15:00:00,165.51,60.6
2024-01-31 15:15:00,152.82,55.9
2024-01-31 15:30:00,155.17,58.4
2024-01-31 15:45:00,146.12,59.6
2024-01-31 16:00:00,145.21,55.5
2024-01-31 16:15:00,132.27,55.8
2024-01-31 16:30:00,134.53,55.7
2024-01-31 16:45:00,113.9,50.7
2024-01-31 17:00:00,123.03,52.7
2024-01-31 17:15:00,110.98,54.0
2024-01-31 17:30:00,120.66,49.3
2024-01-31 17:45:00,110.6,51.2
2024-01-31 18:00:00,116.1,48.6
2024-01-31 18:15:00,106.8,46.2
2024-01-31 18:30:00,86.25,46.4
2024-01-31 18:45:00,99.32,44.6
2024-01-31 19:00:00,87.81,42.9
2024-01-31 19:15:00,77.05,43.2
2024-01-31 19:30:00,78.48,43.0
2024-01-31 19:45:00,62.53,41.6
2024-01-31 20:00:00,58.37,40.5
2024-01-31 20:15:00,53.54,40.7
2024-01-31 20:30:00,54.13,40.5
2024-01-31 20:45:00,44.63,36.4
2024-01-31 21:00:00,53.15,37.5
2024-01-31 21:15:00,41.83,33.4
2024-01-31 21:30:00,42.62,36.4
2024-01-31 21:45:00,34.63,36.4
2024-01-31 22:00:00,22.64,36.7
2024-01-31 22:15:00,28.91,35.4
2024-01-31 22:30:00,20.0,35.8
2024-01-31 22:45:00,28.09,34.5
2024-01-31 23:00:00,20.0,32.8
2024-01-31 23:15:00,33.96,31.7
2024-01-31 23:30:00,27.11,33.2
2024-01-31 23:45:00,24.4,32.1
2024-02-01 00:00:00,26.86,33.4
2024-02-01 00:15:00,21.85,32.7
2024-02-01 00:30:00,28.61,34.6
2024-02-01 00:45:00,31.06,34.0
2024-02-01 01:00:00,27.98,35.0
2024-02-01 01:15:00,39.67,35.3
2024-02-01 01:30:00,31.25,34.4
2024-02-01 01:45:00,28.52,34.9
2024-02-01 02:00:00,25.6,36.6
2024-02-01 02:15:00,31.42,41.1
2024-02-01 02:30:00,39.02,34.8
2024-02-01 02:45:00,45.08,37.4
2024-02-01 03:00:00,40.7,35.6
2024-02-01 03:15:00,69.66,38.7
2024-02-01 03:30:00,63.08,38.2
2024-02-01 03:45:00,59.95,40.1
2024-02-01 04:00:00,62.98,41.5
2024-02-01 04:15:00,66.28,41.0
2024-02-01 04:30:00,68.15,39.4
2024-02-01 04:45:00,78.15,46.7
2024-02-01 05:00:00,83.74,46.5
2024-02-01 05:15:00,80.99,45.5
2024-02-01 05:30:00,93.63,44.9
2024-02-01 05:45:00,98.07,47.9
2024-02-01 06:00:00,93.6,49.4
2024-02-01 06:15:00,105.02,51.2
2024-02-01 06:30:00,110.74,52.4
2024-02-01 06:45:00,127.86,53.7
2024-02-01 07:00:00,127.76,49.1
2024-02-01 07:15:00,122.39,52.9
2024-02-01 07:30:00,139.57,56.4
2024-02-01 07:45:00,130.7,53.5
2024-02-01 08:00:00,149.64,58.6
2024-02-01 08:15:00,145.95,60.7
2024-02-01 08:30:00,151.61,60.2
2024-02-01 08:45:00,161.91,59.9
2024-02-01 09:00:00,154.38,58.4
2024-02-01 09:15:00,155.72,60.6
2024-02-01 09:30:00,164.02,57.9
2024-02-01 09:45:00,175.15,59.6
2024-02-01 10:00:00,164.97,60.3
2024-02-01 10:15:00,162.88,62.3
2024-02-01 10:30:00,175.37,61.8
2024-02-01 10:45:00,180.39,63.5
2024-02-01 11:00:00,186.41,65.0
2024-02-01 11:15:00,176.79,62.0
2024-02-01 11:30:00,180.63,63.9
2024-02-01 11:45:00,188.96,62.9
2024-02-01 12:00:00,175.65,64.1
2024-02-01 12:15:00,183.32,65.1
2024-02-01 12:30:00,183.93,65.5
2024-02-01 12:45:00,184.06,64.8
2024-02-01 13:00:00,176.91,64.1
2024-02-01 13:15:00,171.26,60.1
2024-02-01 13:30:00,163.2,60.5
2024-02-01 13:45:00,171.2,60.6
2024-02-01 14:00:00,172.97,62.5
2024-02-01 14:15:00,166.2,58.7
2024-02-01 14:30:00,167.7,61.4
2024-02-01 14:45:00,162.44,60.6
2024-02-01 15:00:00,159.48,55.5
2024-02-01 15:15:00,156.04,56.5
2024-02-01 15:30:00,146.58,60.0
2024-02-01 15:45:00,145.0,58.5
2024-02-01 16:00:00,147.34,54.6
2024-02-01 16:15:00,138.88,53.4
2024-02-01 16:30:00,139.03,49.6
2024-02-01 16:45:00,131.36,56.6
2024-02-01 17:00:00,129.17,52.8
2024-02-01 17:15:00,108.85,55.5
2024-02-01 17:30:00,120.15,50.4
2024-02-01 17:45:00,106.17,50.4
2024-02-01 18:00:00,106.73,50.6
2024-02-01 18:15:00,104.12,51.1
2024-02-01 18:30:00,85.17,47.9
2024-02-01 18:45:00,87.5,45.9
2024-02-01 19:00:00,82.58,45.0
2024-02-01 19:15:00,74.1,41.9
2024-02-01 19:30:00,82.36,42.3
2024-02-01 19:45:00,64.22,42.3
2024-02-01 20:00:00,60.54,44.1
2024-02-01 20:15:00,61.04,39.7
2024-02-01 20:30:00,49.17,41.8
2024-02-01 20:45:00,42.03,38.8
2024-02-01 21:00:00,47.57,40.7
2024-02-01 21:15:00,41.88,38.9
2024-02-01 21:30:00,40.52,38.2
2024-02-01 21:45:00,36.02,38.3
2024-02-01 22:00:00,24.92,37.5
2024-02-01 22:15:00,36.43,37.5
2024-02-01 22:30:00,37.39,39.3
2024-02-01 22:45:00,28.18,37.9
2024-02-01 23:00:00,28.41,35.3
2024-02-01 23:15:00,29.21,33.3
2024-02-01 23:30:00,20.0,34.7
2024-02-01 23:45:00,31.31,30.1
2024-02-02 00:00:00,29.44,35.5
2024-02-02 00:15:00,32.88,31.8
2024-02-02 00:30:00,20.72,36.3
2024-02-02 00:45:00,32.61,38.1
2024-02-02 01:00:00,29.12,31.5
2024-02-02 01:15:00,31.26,34.6
2024-02-02 01:30:00,30.47,32.9
2024-02-02 01:45:00,30.69,32.0
2024-02-02 02:00:00,41.35,35.7
2024-02-02 02:15:00,36.55,37.7
2024-02-02 02:30:00,29.85,38.5
2024-02-02 02:45:00,37.31,38.0
2024-02-02 03:00:00,46.43,35.0
2024-02-02 03:15:00,53.15,39.3
2024-02-02 03:30:00,55.23,36.8
2024-02-02 03:45:00,65.22,37.7
2024-02-02 04:00:00,52.69,39.4
2024-02-02 04:15:00,67.06,44.4
2024-02-02 04:30:00,63.81,44.3
2024-02-02 04:45:00,80.45,44.8
2024-02-02 05:00:00,81.76,43.3
2024-02-02 05:15:00,87.57,45.2
2024-02-02 05:30:00,88.67,44.3
2024-02-02 05:45:00,104.39,50.7
2024-02-02 06:00:00,107.99,53.4
2024-02-02 06:15:00,112.06,51.1
2024-02-02 06:30:00,112.34,52.4
2024-02-02 06:45:00,121.5,51.6
2024-02-02 07:00:00,122.23,49.6
2024-02-02 07:15:00,135.39,52.1
2024-02-02 07:30:00,141.86,53.8
2024-02-02 07:45:00,145.4,54.8
2024-02-02 08:00:00,143.79,55.3
2024-02-02 08:15:00,148.43,57.4
2024-02-02 08:30:00,145.74,56.4
2024-02-02 08:45:00,160.76,63.2
2024-02-02 09:00:00,162.19,56.9
2024-02-02 09:15:00,156.68,62.0
2024-02-02 09:30:00,160.69,60.4
2024-02-02 09:45:00,170.28,62.4
2024-02-02 10:00:00,167.37,63.0
2024-02-02 10:15:00,169.06,62.8
2024-02-02 10:30:00,179.66,60.6
2024-02-02 10:45:00,184.48,62.6
2024-02-02 11:00:00,179.33,63.8
2024-02-02 11:15:00,180.89,63.9
2024-02-02 11:30:00,188.91,61.8
2024-02-02 11:45:00,190.42,66.6
2024-02-02 12:00:00,181.43,59.0
2024-02-02 12:15:00,179.56,63.5
2024-02-02 12:30:00,186.47,62.1
2024-02-02 12:45:00,179.89,64.1
2024-02-02 13:00:00,178.45,65.6
2024-02-02 13:15:00,184.47,60.4
2024-02-02 13:30:00,168.17,67.6
2024-02-02 13:45:00,181.99,62.9
2024-02-02 14:00:00,174.36,62.8
2024-02-02 14:15:00,164.62,58.6
2024-02-02 14:30:00,165.88,60.9
2024-02-02 14:45:00,164.59,62.3
2024-02-02 15:00:00,150.43,60.1
2024-02-02 15:15:00,164.25,59.2
2024-02-02 15:30:00,153.11,58.1
2024-02-02 15:45:00,150.68,54.6
2024-02-02 16:00:00,149.15,53.8
2024-02-02 16:15:00,134.91,58.1
2024-02-02 16:30:00,137.39,56.6
2024-02-02 16:45:00,128.87,56.0
2024-02-02 17:00:00,126.18,51.3
2024-02-02 17:15:00,108.3,51.7
2024-02-02 17:30:00,114.55,53.5
2024-02-02 17:45:00,104.69,47.6
2024-02-02 18:00:00,105.89,51.4
2024-02-02 18:15:00,101.28,46.9
2024-02-02 18:30:00,90.1,45.4
2024-02-02 18:45:00,87.07,46.1
2024-02-02 19:00:00,82.98,43.0
2024-02-02 19:15:00,73.63,40.5
2024-02-02 19:30:00,75.78,43.5
2024-02-02 19:45:00,66.93,43.6
2024-02-02 20:00:00,49.4,44.1
2024-02-02 20:15:00,55.92,42.0
2024-02-02 20:30:00,56.43,43.9
2024-02-02 20:45:00,42.18,42.0
2024-02-02 21:00:00,39.52,40.0
2024-02-02 21:15:00,41.72,38.8
2024-02-02 21:30:00,53.18,39.7
2024-02-02 21:45:00,38.14,32.2
2024-02-02 22:00:00,31.64,35.2
2024-02-02 22:15:00,33.21,32.0
2024-02-02 22:30:00,28.58,36.6
2024-02-02 22:45:00,23.71,33.5
2024-02-02 23:00:00,21.24,40.7
2024-02-02 23:15:00,20.0,33.4
2024-02-02 23:30:00,23.34,34.5
2024-02-02 23:45:00,24.35,33.4
2024-02-03 00:00:00,20.0,33.2
2024-02-03 00:15:00,20.38,31.7
2024-02-03 00:30:00,20.0,31.7
2024-02-03 00:45:00,20.0,30.1
2024-02-03 01:00:00,20.0,35.8
2024-02-03 01:15:00,23.79,34.1
2024-02-03 01:30:00,20.0,39.2
2024-02-03 01:45:00,21.1,33.2
2024-02-03 02:00:00,20.0,39.2
2024-02-03 02:15:00,25.33,39.9
2024-02-03 02:30:00,32.91,39.9
2024-02-03 02:45:00,37.9,38.4
2024-02-03 03:00:00,38.37,37.9
2024-02-03 03:15:00,41.2,41.9
2024-02-03 03:30:00,33.76,38.5
2024-02-03 03:45:00,41.96,41.4
2024-02-03 04:00:00,37.05,41.6
2024-02-03 04:15:00,57.68,40.8
2024-02-03 04:30:00,45.98,44.0
2024-02-03 04:45:00,58.12,45.9
2024-02-03 05:00:00,62.63,43.5
2024-02-03 05:15:00,72.23,47.2
2024-02-03 05:30:00,61.14,42.8
2024-02-03 05:45:00,73.58,46.2
2024-02-03 06:00:00,85.91,48.3
2024-02-03 06:15:00,72.17,50.9
2024-02-03 06:30:00,72.06,52.9
2024-02-03 06:45:00,74.89,52.3
2024-02-03 07:00:00,91.74,54.3
2024-02-03 07:15:00,82.91,53.8
2024-02-03 07:30:00,97.91,55.8
2024-02-03 07:45:00,101.13,56.6
2024-02-03 08:00:00,105.72,55.7
2024-02-03 08:15:00,105.55,56.9
2024-02-03 08:30:00,109.05,59.6
2024-02-03 08:45:00,116.72,62.8
2024-02-03 09:00:00,110.01,62.3
2024-02-03 09:15:00,112.6,58.3
2024-02-03 09:30:00,113.61,58.9
2024-02-03 09:45:00,122.66,60.7
2024-02-03 10:00:00,118.14,62.5
2024-02-03 10:15:00,124.95,62.8
2024-02-03 10:30:00,131.02,65.6
2024-02-03 10:45:00,120.83,66.1
2024-02-03 11:00:00,139.84,63.8
2024-02-03 11:15:00,136.46,63.6
2024-02-03 11:30:00,132.52,65.2
2024-02-03 11:45:00,138.02,66.4
2024-02-03 12:00:00,121.77,65.4
2024-02-03 12:15:00,128.29,63.4
2024-02-03 12:30:00,125.21,63.0
2024-02-03 12:45:00,132.43,61.8
2024-02-03 13:00:00,121.21,64.2
2024-02-03 13:15:00,129.78,64.8
2024-02-03 13:30:00,134.48,64.7
2024-02-03 13:45:00,132.92,65.1
2024-02-03 14:00:00,124.97,65.3
2024-02-03 14:15:00,114.52,59.1
2024-02-03 14:30:00,114.71,62.0
2024-02-03 14:45:00,122.27,61.5
2024-02-03 15:00:00,117.26,59.8
2024-02-03 15:15:00,111.95,57.6
2024-02-03 15:30:00,106.83,61.4
2024-02-03 15:45:00,94.14,56.5
2024-02-03 16:00:00,95.31,52.5
2024-02-03 16:15:00,106.11,56.0
2024-02-03 16:30:00,87.58,54.6
2024-02-03 16:45:00,92.71,57.9
2024-02-03 17:00:00,92.55,54.2
2024-02-03 17:15:00,79.29,51.7
2024-02-03 17:30:00,81.77,50.9
2024-02-03 17:45:00,81.78,49.9
2024-02-03 18:00:00,73.49,53.8
2024-02-03 18:15:00,84.33,49.7
2024-02-03 18:30:00,57.68,44.6
2024-02-03 18:45:00,67.27,46.0
2024-02-03 19:00:00,59.39,45.5
2024-02-03 19:15:00,58.99,42.4
2024-02-03 19:30:00,54.15,40.1
2024-02-03 19:45:00,45.75,44.0
2024-02-03 20:00:00,47.22,40.3
2024-02-03 20:15:00,31.04,43.6
2024-02-03 20:30:00,43.44,40.3
2024-02-03 20:45:00,38.87,38.6
2024-02-03 21:00:00,33.89,34.0
2024-02-03 21:15:00,35.41,40.6
2024-02-03 21:30:00,30.77,38.1
2024-02-03 21:45:00,27.25,36.1
2024-02-03 22:00:00,20.0,34.7
2024-02-03 22:15:00,21.06,39.2
2024-02-03 22:30:00,28.86,33.4
2024-02-03 22:45:00,30.88,34.5
2024-02-03 23:00:00,20.0,36.1
2024-02-03 23:15:00,20.14,37.6
2024-02-03 23:30:00,20.0,34.1
2024-02-03 23:45:00,23.44,33.0
2024-02-04 00:00:00,21.8,34.2
2024-02-04 00:15:00,25.34,36.3
2024-02-04 00:30:00,20.0,36.8
2024-02-04 00:45:00,20.0,32.0
2024-02-04 01:00:00,20.0,35.2
2024-02-04 01:15:00,26.03,32.4
2024-02-04 01:30:00,21.57,37.4
2024-02-04 01:45:00,20.16,36.9
2024-02-04 02:00:00,29.4,34.6
2024-02-04 02:15:00,26.96,40.1
2024-02-04 02:30:00,24.26,38.2
2024-02-04 02:45:00,38.72,38.7
2024-02-04 03:00:00,39.41,38.5
2024-02-04 03:15:00,38.21,39.6
2024-02-04 03:30:00,40.81,39.6
2024-02-04 03:45:00,45.46,39.7
2024-02-04 04:00:00,39.66,44.5
2024-02-04 04:15:00,50.89,41.9
2024-02-04 04:30:00,41.66,42.7
2024-02-04 04:45:00,60.44,44.4
2024-02-04 05:00:00,52.15,48.5
2024-02-04 05:15:00,70.18,48.8
2024-02-04 05:30:00,65.29,46.8
2024-02-04 05:45:00,68.27,51.0
2024-02-04 06:00:00,71.69,49.7
2024-02-04 06:15:00,76.93,48.8
2024-02-04 06:30:00,86.12,50.5
2024-02-04 06:45:00,72.01,55.2
2024-02-04 07:00:00,94.58,57.6
2024-02-04 07:15:00,94.38,55.0
2024-02-04 07:30:00,91.31,54.1
2024-02-04 07:45:00,93.59,55.9
2024-02-04 08:00:00,113.92,55.5
2024-02-04 08:15:00,100.37,56.6
2024-02-04 08:30:00,102.59,57.2
2024-02-04 08:45:00,116.76,59.3
2024-02-04 09:00:00,116.33,60.4
2024-02-04 09:15:00,110.81,60.5
2024-02-04 09:30:00,120.15,61.0
2024-02-04 09:45:00,114.03,63.6
2024-02-04 10:00:00,127.54,62.1
2024-02-04 10:15:00,128.72,62.7
2024-02-04 10:30:00,128.31,63.1
2024-02-04 10:45:00,122.54,66.9
2024-02-04 11:00:00,137.86,63.1
2024-02-04 11:15:00,125.47,65.5
2024-02-04 11:30:00,121.71,63.0
2024-02-04 11:45:00,130.6,65.2
2024-02-04 12:00:00,141.26,65.7
2024-02-04 12:15:00,123.67,66.7
2024-02-04 12:30:00,127.95,63.7
2024-02-04 12:45:00,130.55,62.1
2024-02-04 13:00:00,128.48,62.5
2024-02-04 13:15:00,121.73,65.7
2024-02-04 13:30:00,132.29,67.6
2024-02-04 13:45:00,139.7,64.7
2024-02-04 14:00:00,123.01,60.1
2024-02-04 14:15:00,115.43,63.7
2024-02-04 14:30:00,113.66,59.6
2024-02-04 14:45:00,116.16,60.2
2024-02-04 15:00:00,117.26,60.6
2024-02-04 15:15:00,113.17,60.2
2024-02-04 15:30:00,107.93,58.9
2024-02-04 15:45:00,100.28,56.8
2024-02-04 16:00:00,97.66,59.3
2024-02-04 16:15:00,101.83,55.2
2024-02-04 16:30:00,101.29,57.9
2024-02-04 16:45:00,82.67,51.7
2024-02-04 17:00:00,96.36,54.0
2024-02-04 17:15:00,85.44,50.1
2024-02-04 17:30:00,84.69,49.9
2024-02-04 17:45:00,69.97,49.6
2024-02-04 18:00:00,66.74,52.7
2024-02-04 18:15:00,70.92,51.3
2024-02-04 18:30:00,69.03,49.5
2024-02-04 18:45:00,77.69,46.8
2024-02-04 19:00:00,62.52,46.2
2024-02-04 19:15:00,54.69,47.4
2024-02-04 19:30:00,41.53,45.3
2024-02-04 19:45:00,54.46,43.1
2024-02-04 20:00:00,40.51,45.2
2024-02-04 20:15:00,54.12,43.0
2024-02-04 20:30:00,38.62,41.0
2024-02-04 20:45:00,45.68,38.9
2024-02-04 21:00:00,37.89,38.0
2024-02-04 21:15:00,33.11,37.7
2024-02-04 21:30:00,27.03,38.7
2024-02-04 21:45:00,26.6,38.9
2024-02-04 22:00:00,27.2,33.8
2024-02-04 22:15:00,23.13,32.4
2024-02-04 22:30:00,20.0,33.9
2024-02-04 22:45:00,20.0,34.7
2024-02-04 23:00:00,21.02,37.6
2024-02-04 23:15:00,20.0,34.4
2024-02-04 23:30:00,20.0,35.4
2024-02-04 23:45:00,20.0,35.6
2024-02-05 00:00:00,20.0,32.7
2024-02-05 00:15:00,20.0,37.7
2024-02-05 00:30:00,20.0,33.5
2024-02-05 00:45:00,20.0,38.1
2024-02-05 01:00:00,24.23,35.0
2024-02-05 01:15:00,39.03,34.9
2024-02-05 01:30:00,28.21,33.7
2024-02-05 01:45:00,32.2,36.7
2024-02-05 02:00:00,36.1,41.3
2024-02-05 02:15:00,35.81,38.1
2024-02-05 02:30:00,41.76,38.4
2024-02-05 02:45:00,38.91,37.1
2024-02-05 03:00:00,54.23,40.3
2024-02-05 03:15:00,60.95,40.2
2024-02-05 03:30:00,47.47,40.5
2024-02-05 03:45:00,55.22,42.4
2024-02-05 04:00:00,63.16,38.6
2024-02-05 04:15:00,66.66,42.9
2024-02-05 04:30:00,74.45,41.6
2024-02-05 04:45:00,73.25,45.0
2024-02-05 05:00:00,93.14,44.5
2024-02-05 05:15:00,94.38,45.5
2024-02-05 05:30:00,93.51,45.2
2024-02-05 05:45:00,105.38,51.0
2024-02-05 06:00:00,110.07,48.4
2024-02-05 06:15:00,106.07,49.5
2024-02-05 06:30:00,109.15,54.8
2024-02-05 06:45:00,119.52,53.9
2024-02-05 07:00:00,128.63,49.6
2024-02-05 07:15:00,131.34,57.4
2024-02-05 07:30:00,125.75,58.8
2024-02-05 07:45:00,134.57,59.6
2024-02-05 08:00:00,144.14,58.7
2024-02-05 08:15:00,148.8,55.9
2024-02-05 08:30:00,163.92,58.9
2024-02-05 08:45:00,148.79,56.8
2024-02-05 09:00:00,162.63,58.7
2024-02-05 09:15:00,167.43,58.9
2024-02-05 09:30:00,185.43,60.5
2024-02-05 09:45:00,168.16,62.6
2024-02-05 10:00:00,173.9,61.9
2024-02-05 10:15:00,179.23,62.3
2024-02-05 10:30:00,179.04,63.1
2024-02-05 10:45:00,181.6,67.1
2024-02-05 11:00:00,180.58,68.7
2024-02-05 11:15:00,169.7,63.7
2024-02-05 11:30:00,185.81,65.4
2024-02-05 11:45:00,187.22,63.1
2024-02-05 12:00:00,185.48,66.4
2024-02-05 12:15:00,193.32,63.9
2024-02-05 12:30:00,179.46,63.3
2024-02-05 12:45:00,180.79,68.6
2024-02-05 13:00:00,190.25,61.7
2024-02-05 13:15:00,174.12,59.2
2024-02-05 13:30:00,174.53,65.2
2024-02-05 13:45:00,177.23,62.6
2024-02-05 14:00:00,178.91,61.6
2024-02-05 14:15:00,172.57,67.8
2024-02-05 14:30:00,159.47,63.3
2024-02-05 14:45:00,162.31,61.1
2024-02-05 15:00:00,157.68,59.1
2024-02-05 15:15:00,154.89,60.7
2024-02-05 15:30:00,155.11,55.6
2024-02-05 15:45:00,150.49,57.2
2024-02-05 16:00:00,135.32,57.3
2024-02-05 16:15:00,143.51,57.0
2024-02-05 16:30:00,135.08,55.4
2024-02-05 16:45:00,136.98,53.4
2024-02-05 17:00:00,128.03,55.6
2024-02-05 17:15:00,124.53,49.5
2024-02-05 17:30:00,119.52,51.3
2024-02-05 17:45:00,115.95,49.9
2024-02-05 18:00:00,108.04,52.0
2024-02-05 18:15:00,99.37,48.0
2024-02-05 18:30:00,105.55,48.9
2024-02-05 18:45:00,93.22,47.7
2024-02-05 19:00:00,87.67,42.4
2024-02-05 19:15:00,71.08,45.0
2024-02-05 19:30:00,66.01,40.7
2024-02-05 19:45:00,74.03,44.0
2024-02-05 20:00:00,65.7,41.0
2024-02-05 20:15:00,55.27,44.0
2024-02-05 20:30:00,55.46,40.5
2024-02-05 20:45:00,60.87,38.5
2024-02-05 21:00:00,49.7,41.8
2024-02-05 21:15:00,38.92,36.9
2024-02-05 21:30:00,38.8,39.9
2024-02-05 21:45:00,34.1,38.4
2024-02-05 22:00:00,31.35,36.3
2024-02-05 22:15:00,20.11,33.9
2024-02-05 22:30:00,28.42,38.6
2024-02-05 22:45:00,20.0,36.8
2024-02-05 23:00:00,25.8,34.0
2024-02-05 23:15:00,20.94,35.8
2024-02-05 23:30:00,20.0,37.1
2024-02-05 23:45:00,34.24,35.3
2024-02-06 00:00:00,34.76,35.5
2024-02-06 00:15:00,23.99,37.1
2024-02-06 00:30:00,24.43,38.2
2024-02-06 00:45:00,20.0,35.1
2024-02-06 01:00:00,36.03,32.8
2024-02-06 01:15:00,37.03,33.2
2024-02-06 01:30:00,30.74,34.8
2024-02-06 01:45:00,36.06,34.7
2024-02-06 02:00:00,35.79,33.7
2024-02-06 02:15:00,30.88,41.3
2024-02-06 02:30:00,39.17,39.2
2024-02-06 02:45:00,45.38,37.7
2024-02-06 03:00:00,45.72,39.4
2024-02-06 03:15:00,50.57,36.6
2024-02-06 03:30:00,54.79,43.2
2024-02-06 03:45:00,59.78,37.8
2024-02-06 04:00:00,63.17,43.6
2024-02-06 04:15:00,60.99,39.7
2024-02-06 04:30:00,70.98,43.5
2024-02-06 04:45:00,72.56,47.7
2024-02-06 05:00:00,88.76,42.9
2024-02-06 05:15:00,78.96,46.8
2024-02-06 05:30:00,97.1,49.4
2024-02-06 05:45:00,103.38,50.0
2024-02-06 06:00:00,101.67,50.2
2024-02-06 06:15:00,96.5,52.0
2024-02-06 06:30:00,111.65,50.8
2024-02-06 06:45:00,118.55,56.9
2024-02-06 07:00:00,119.98,50.7
2024-02-06 07:15:00,125.97,57.2
2024-02-06 07:30:00,141.64,56.2
2024-02-06 07:45:00,140.53,58.0
2024-02-06 08:00:00,142.37,59.2
2024-02-06 08:15:00,138.76,59.5
2024-02-06 08:30:00,150.01,57.6
2024-02-06 08:45:00,155.05,59.4
2024-02-06 09:00:00,160.59,57.8
2024-02-06 09:15:00,159.93,60.8
2024-02-06 09:30:00,172.01,62.7
2024-02-06 09:45:00,177.85,63.8
2024-02-06 10:00:00,176.87,63.9
2024-02-06 10:15:00,175.81,60.1
2024-02-06 10:30:00,176.27,62.9
2024-02-06 10:45:00,178.23,63.0
2024-02-06 11:00:00,184.12,62.0
2024-02-06 11:15:00,178.69,63.2
2024-02-06 11:30:00,182.48,65.0
2024-02-06 11:45:00,181.79,67.9
2024-02-06 12:00:00,179.54,63.2
2024-02-06 12:15:00,177.41,62.9
2024-02-06 12:30:00,184.87,63.8
2024-02-06 12:45:00,184.6,65.5
2024-02-06 13:00:00,184.34,67.1
2024-02-06 13:15:00,174.33,64.2
2024-02-06 13:30:00,183.59,61.1
2024-02-06 13:45:00,171.04,61.1
2024-02-06 14:00:00,183.79,63.5
2024-02-06 14:15:00,162.54,64.6
2024-02-06 14:30:00,171.6,65.7
2024-02-06 14:45:00,167.43,59.1
2024-02-06 15:00:00,156.6,61.1
2024-02-06 15:15:00,160.75,58.0
2024-02-06 15:30:00,159.37,57.5
2024-02-06 15:45:00,137.37,56.6
2024-02-06 16:00:00,146.49,57.0
2024-02-06 16:15:00,126.78,55.1
2024-02-06 16:30:00,127.81,60.9
2024-02-06 16:45:00,139.2,54.1
2024-02-06 17:00:00,124.94,56.1
2024-02-06 17:15:00,112.4,51.8
2024-02-06 17:30:00,114.02,56.6
2024-02-06 17:45:00,118.8,51.9
2024-02-06 18:00:00,95.49,51.9
2024-02-06 18:15:00,94.48,48.0
2024-02-06 18:30:00,107.2,50.2
2024-02-06 18:45:00,97.61,48.0
2024-02-06 19:00:00,82.45,45.6
2024-02-06 19:15:00,71.55,43.2
2024-02-06 19:30:00,75.5,44.0
2024-02-06 19:45:00,76.66,42.9
2024-02-06 20:00:00,67.28,44.5
2024-02-06 20:15:00,54.76,41.4
2024-02-06 20:30:00,50.96,37.3
2024-02-06 20:45:00,50.44,41.6
2024-02-06 21:00:00,48.75,42.2
2024-02-06 21:15:00,50.67,35.6
2024-02-06 21:30:00,45.86,42.0
2024-02-06 21:45:00,33.97,40.6
2024-02-06 22:00:00,42.67,36.0
2024-02-06 22:15:00,37.04,34.6
2024-02-06 22:30:00,33.58,38.5
2024-02-06 22:45:00,37.22,33.3
2024-02-06 23:00:00,20.0,34.4
2024-02-06 23:15:00,26.25,32.9
2024-02-06 23:30:00,20.69,35.4
2024-02-06 23:45:00,20.27,38.2
2024-02-07 00:00:00,25.41,36.0
2024-02-07 00:15:00,39.07,37.4
2024-02-07 00:30:00,20.0,34.7
2024-02-07 00:45:00,25.38,35.8
2024-02-07 01:00:00,28.01,33.3
2024-02-07 01:15:00,29.17,35.9
2024-02-07 01:30:00,29.46,34.9
2024-02-07 01:45:00,25.51,36.5
2024-02-07 02:00:00,34.34,36.9
2024-02-07 02:15:00,33.31,37.2
2024-02-07 02:30:00,28.59,42.6
2024-02-07 02:45:00,50.5,42.6
2024-02-07 03:00:00,53.34,42.5
2024-02-07 03:15:00,52.38,44.0
2024-02-07 03:30:00,56.91,44.0
2024-02-07 03:45:00,64.2,41.9
2024-02-07 04:00:00,65.46,42.6
2024-02-07 04:15:00,74.06,44.2
2024-02-07 04:30:00,71.44,44.2
2024-02-07 04:45:00,85.1,43.4
2024-02-07 05:00:00,84.89,47.0
2024-02-07 05:15:00,91.16,44.3
2024-02-07 05:30:00,88.2,48.7
2024-02-07 05:45:00,100.95,47.4
2024-02-07 06:00:00,98.26,50.2
2024-02-07 06:15:00,106.35,51.7
2024-02-07 06:30:00,110.35,51.6
2024-02-07 06:45:00,114.76,50.0
2024-02-07 07:00:00,135.03,51.9
2024-02-07 07:15:00,135.43,56.1
2024-02-07 07:30:00,144.29,55.0
2024-02-07 07:45:00,134.53,58.1
2024-02-07 08:00:00,142.7,57.9
2024-02-07 08:15:00,144.4,58.3
2024-02-07 08:30:00,151.15,60.2
2024-02-07 08:45:00,151.83,58.9
2024-02-07 09:00:00,166.79,61.8
2024-02-07 09:15:00,162.21,60.8
2024-02-07 09:30:00,172.24,67.4
2024-02-07 09:45:00,174.27,60.6
2024-02-07 10:00:00,182.58,62.7
2024-02-07 10:15:00,168.48,63.2
2024-02-07 10:30:00,184.81,61.6
2024-02-07 10:45:00,187.59,66.1
2024-02-07 11:00:00,175.25,64.0
2024-02-07 11:15:00,188.53,60.4
2024-02-07 11:30:00,186.03,66.7
2024-02-07 11:45:00,182.22,64.1
2024-02-07 12:00:00,180.65,65.2
2024-02-07 12:15:00,182.25,66.7
2024-02-07 12:30:00,192.97,64.6
2024-02-07 12:45:00,182.88,64.4
2024-02-07 13:00:00,185.76,69.8
2024-02-07 13:15:00,176.51,60.3
2024-02-07 13:30:00,174.95,61.7
2024-02-07 13:45:00,181.5,61.7
2024-02-07 14:00:00,167.22,67.0
2024-02-07 14:15:00,167.71,61.6
2024-02-07 14:30:00,167.98,62.8
2024-02-07 14:45:00,159.22,60.8
2024-02-07 15:00:00,158.62,62.3
2024-02-07 15:15:00,160.11,60.3
2024-02-07 15:30:00,156.62,60.1
2024-02-07 15:45:00,152.74,61.4
2024-02-07 16:00:00,137.99,58.8
2024-02-07 16:15:00,141.92,55.6
2024-02-07 16:30:00,141.5,56.8
2024-02-07 16:45:00,134.89,60.1
2024-02-07 17:00:00,118.92,55.5
2024-02-07 17:15:00,122.92,53.7
2024-02-07 17:30:00,109.73,49.7
2024-02-07 17:45:00,108.14,52.9
2024-02-07 18:00:00,110.78,52.2
2024-02-07 18:15:00,95.88,50.1
2024-02-07 18:30:00,91.14,48.8
2024-02-07 18:45:00,92.87,53.2
2024-02-07 19:00:00,76.32,48.3
2024-02-07 19:15:00,74.5,48.2
2024-02-07 19:30:00,76.59,44.9
2024-02-07 19:45:00,66.81,43.6
2024-02-07 20:00:00,64.03,44.3
2024-02-07 20:15:00,63.84,41.9
2024-02-07 20:30:00,57.3,41.3
2024-02-07 20:45:00,51.27,41.6
2024-02-07 21:00:00,46.25,38.9
2024-02-07 21:15:00,46.66,39.7
2024-02-07 21:30:00,40.48,38.8
2024-02-07 21:45:00,38.85,40.0
2024-02-07 22:00:00,37.22,36.3
2024-02-07 22:15:00,29.01,33.1
2024-02-07 22:30:00,25.66,36.1
2024-02-07 22:45:00,29.13,37.1
2024-02-07 23:00:00,23.44,38.0
2024-02-07 23:15:00,20.0,34.5
2024-02-07 23:30:00,24.95,36.8
2024-02-07 23:45:00,26.04,37.9
2024-02-08 00:00:00,29.34,37.1
2024-02-08 00:15:00,21.67,34.0
2024-02-08 00:30:00,27.46,34.3
2024-02-08 00:45:00,27.49,36.7
2024-02-08 01:00:00,31.77,39.3
2024-02-08 01:15:00,23.95,36.4
2024-02-08 01:30:00,32.11,36.4
2024-02-08 01:45:00,33.56,34.4
2024-02-08 02:00:00,33.69,36.9
2024-02-08 02:15:00,28.1,36.7
2024-02-08 02:30:00,39.61,38.7
2024-02-08 02:45:00,54.83,36.3
2024-02-08 03:00:00,45.7,39.3
2024-02-08 03:15:00,47.22,38.7
2024-02-08 03:30:00,58.81,43.3
2024-02-08 03:45:00,63.02,40.5
2024-02-08 04:00:00,72.0,42.0
2024-02-08 04:15:00,63.66,44.5
2024-02-08 04:30:00,77.75,44.0
2024-02-08 04:45:00,84.22,50.5
2024-02-08 05:00:00,83.75,48.6
2024-02-08 05:15:00,100.08,47.7
2024-02-08 05:30:00,98.52,49.4
2024-02-08 05:45:00,104.89,44.9
2024-02-08 06:00:00,98.59,53.1
2024-02-08 06:15:00,110.91,52.6
2024-02-08 06:30:00,115.01,52.4
2024-02-08 06:45:00,121.49,54.7
2024-02-08 07:00:00,125.28,55.9
2024-02-08 07:15:00,132.12,54.6
2024-02-08 07:30:00,143.84,57.1
2024-02-08 07:45:00,137.84,59.4
2024-02-08 08:00:00,140.11,59.1
2024-02-08 08:15:00,147.22,58.5
2024-02-08 08:30:00,155.21,60.4
2024-02-08 08:45:00,162.97,63.3
2024-02-08 09:00:00,162.65,62.8
2024-02-08 09:15:00,160.92,59.6
2024-02-08 09:30:00,180.76,63.7
2024-02-08 09:45:00,165.37,64.0
2024-02-08 10:00:00,178.42,66.0
2024-02-08 10:15:00,174.93,64.2
2024-02-08 10:30:00,180.19,63.8
2024-02-08 10:45:00,184.72,62.1
2024-02-08 11:00:00,186.49,63.8
2024-02-08 11:15:00,188.44,67.8
2024-02-08 11:30:00,183.8,66.0
2024-02-08 11:45:00,183.61,65.5
2024-02-08 12:00:00,179.08,68.3
2024-02-08 12:15:00,185.41,67.8
2024-02-08 12:30:00,188.54,64.1
2024-02-08 12:45:00,181.34,67.8
2024-02-08 13:00:00,189.79,61.9
2024-02-08 13:15:00,187.76,65.8
2024-02-08 13:30:00,173.67,65.3
2024-02-08 13:45:00,171.68,66.5
2024-02-08 14:00:00,171.65,64.5
2024-02-08 14:15:00,172.91,62.7
2024-02-08 14:30:00,165.47,62.3
2024-02-08 14:45:00,171.03,67.4
2024-02-08 15:00:00,163.08,61.5
2024-02-08 15:15:00,157.46,61.8
2024-02-08 15:30:00,142.78,55.8
2024-02-08 15:45:00,141.68,57.4
2024-02-08 16:00:00,144.86,59.3
2024-02-08 16:15:00,128.88,54.2
2024-02-08 16:30:00,141.26,57.6
2024-02-08 16:45:00,131.0,54.1
2024-02-08 17:00:00,139.52,52.6
2024-02-08 17:15:00,131.48,52.2
2024-02-08 17:30:00,114.11,55.8
2024-02-08 17:45:00,107.5,52.4
2024-02-08 18:00:00,110.09,48.9
2024-02-08 18:15:00,107.71,51.3
2024-02-08 18:30:00,86.91,50.5
2024-02-08 18:45:00,78.85,47.1
2024-02-08 19:00:00,83.91,48.8
2024-02-08 19:15:00,82.35,48.0
2024-02-08 19:30:00,76.31,46.7
2024-02-08 19:45:00,73.77,42.8
2024-02-08 20:00:00,57.88,40.9
2024-02-08 20:15:00,48.51,39.1
2024-02-08 20:30:00,59.96,40.4
2024-02-08 20:45:00,47.94,40.2
2024-02-08 21:00:00,38.25,39.6
2024-02-08 21:15:00,43.68,39.4
2024-02-08 21:30:00,43.49,42.4
2024-02-08 21:45:00,36.72,37.7
2024-02-08 22:00:00,33.54,37.7
2024-02-08 22:15:00,31.79,33.7
2024-02-08 22:30:00,29.22,41.4
2024-02-08 22:45:00,20.82,34.0
2024-02-08 23:00:00,23.63,34.9
2024-02-08 23:15:00,27.77,37.5
2024-02-08 23:30:00,25.4,36.4
2024-02-08 23:45:00,24.48,39.2
2024-02-09 00:00:00,20.0,37.3
2024-02-09 00:15:00,24.84,35.7
2024-02-09 00:30:00,20.0,38.1
2024-02-09 00:45:00,22.68,38.5
2024-02-09 01:00:00,34.34,35.0
2024-02-09 01:15:00,21.24,38.6
2024-02-09 01:30:00,27.01,36.5
2024-02-09 01:45:00,38.48,37.2
2024-02-09 02:00:00,42.3,38.2
2024-02-09 02:15:00,36.26,37.6
2024-02-09 02:30:00,38.0,38.1
2024-02-09 02:45:00,32.53,41.6
2024-02-09 03:00:00,51.18,37.2
2024-02-09 03:15:00,62.86,38.9
2024-02-09 03:30:00,57.55,43.1
2024-02-09 03:45:00,58.63,42.4
2024-02-09 04:00:00,66.91,45.4
2024-02-09 04:15:00,69.79,45.0
2024-02-09 04:30:00,69.48,42.5
2024-02-09 04:45:00,81.08,46.2
2024-02-09 05:00:00,83.54,48.1
2024-02-09 05:15:00,89.28,48.4
2024-02-09 05:30:00,90.05,48.0
2024-02-09 05:45:00,106.33,49.4
2024-02-09 06:00:00,108.34,49.8
2024-02-09 06:15:00,106.77,49.2
2024-02-09 06:30:00,119.41,49.9
2024-02-09 06:45:00,116.33,54.6
2024-02-09 07:00:00,121.98,53.1
2024-02-09 07:15:00,127.5,56.9
2024-02-09 07:30:00,127.34,55.5
2024-02-09 07:45:00,141.9,54.9
2024-02-09 08:00:00,134.23,57.6
2024-02-09 08:15:00,142.67,63.5
2024-02-09 08:30:00,142.8,59.9
2024-02-09 08:45:00,156.27,62.1
2024-02-09 09:00:00,157.65,61.9
2024-02-09 09:15:00,163.7,59.4
2024-02-09 09:30:00,158.76,65.7
2024-02-09 09:45:00,166.57,62.9
2024-02-09 10:00:00,171.96,61.3
2024-02-09 10:15:00,175.53,63.4
2024-02-09 10:30:00,178.16,64.4
2024-02-09 10:45:00,175.52,66.7
2024-02-09 11:00:00,182.03,64.1
2024-02-09 11:15:00,189.75,70.9
2024-02-09 11:30:00,186.63,64.0
2024-02-09 11:45:00,182.02,67.2
2024-02-09 12:00:00,183.76,62.0
2024-02-09 12:15:00,183.58,65.7
2024-02-09 12:30:00,182.79,66.6
2024-02-09 12:45:00,181.97,63.5
2024-02-09 13:00:00,181.99,68.5
2024-02-09 13:15:00,180.66,66.1
2024-02-09 13:30:00,174.13,64.2
2024-02-09 13:45:00,173.6,65.3
2024-02-09 14:00:00,166.52,62.8
2024-02-09 14:15:00,162.67,66.0
2024-02-09 14:30:00,159.35,64.9
2024-02-09 14:45:00,161.94,63.0
2024-02-09 15:00:00,157.22,62.8
2024-02-09 15:15:00,159.7,57.9
2024-02-09 15:30:00,150.41,63.1
2024-02-09 15:45:00,139.97,59.2
2024-02-09 16:00:00,148.02,60.6
2024-02-09 16:15:00,142.62,59.2
2024-02-09 16:30:00,132.26,58.8
2024-02-09 16:45:00,131.17,53.8
2024-02-09 17:00:00,121.72,53.1
2024-02-09 17:15:00,119.74,58.5
2024-02-09 17:30:00,108.67,50.0
2024-02-09 17:45:00,97.77,49.8
2024-02-09 18:00:00,101.26,51.1
2024-02-09 18:15:00,98.47,50.2
2024-02-09 18:30:00,92.39,48.0
2024-02-09 18:45:00,84.04,49.4
2024-02-09 19:00:00,78.61,49.0
2024-02-09 19:15:00,82.27,46.2
2024-02-09 19:30:00,71.92,44.8
2024-02-09 19:45:00,70.52,44.4
2024-02-09 20:00:00,59.72,42.6
2024-02-09 20:15:00,65.23,39.3
2024-02-09 20:30:00,50.37,42.5
2024-02-09 20:45:00,54.04,42.7
2024-02-09 21:00:00,57.01,40.2
2024-02-09 21:15:00,45.87,35.3
2024-02-09 21:30:00,40.07,38.0
2024-02-09 21:45:00,33.3,40.4
2024-02-09 22:00:00,39.79,35.2
2024-02-09 22:15:00,26.21,39.0
2024-02-09 22:30:00,23.98,36.3
2024-02-09 22:45:00,26.88,36.9
2024-02-09 23:00:00,35.12,35.2
2024-02-09 23:15:00,28.56,34.1
2024-02-09 23:30:00,23.1,39.1
2024-02-09 23:45:00,22.17,37.8
2024-02-10 00:00:00,20.0,37.4
2024-02-10 00:15:00,20.0,38.0
2024-02-10 00:30:00,22.98,37.3
2024-02-10 00:45:00,20.0,38.3
2024-02-10 01:00:00,29.66,35.3
2024-02-10 01:15:00,27.36,39.7
2024-02-10 01:30:00,27.49,39.8
2024-02-10 01:45:00,20.91,38.4
2024-02-10 02:00:00,25.04,37.6
2024-02-10 02:15:00,20.0,36.2
2024-02-10 02:30:00,28.83,39.7
2024-02-10 02:45:00,36.01,43.2
2024-02-10 03:00:00,39.9,38.2
2024-02-10 03:15:00,32.13,43.3
2024-02-10 03:30:00,37.96,41.1
2024-02-10 03:45:00,44.23,42.1
2024-02-10 04:00:00,38.91,41.3
2024-02-10 04:15:00,54.17,43.0
2024-02-10 04:30:00,48.82,46.7
2024-02-10 04:45:00,53.95,47.9
2024-02-10 05:00:00,57.97,47.8
2024-02-10 05:15:00,59.46,47.2
2024-02-10 05:30:00,66.34,47.0
2024-02-10 05:45:00,70.05,50.3
2024-02-10 06:00:00,71.62,50.5
2024-02-10 06:15:00,73.8,52.6
2024-02-10 06:30:00,84.85,52.5
2024-02-10 06:45:00,94.22,53.5
2024-02-10 07:00:00,87.26,55.4
2024-02-10 07:15:00,97.07,56.7
2024-02-10 07:30:00,87.21,59.4
2024-02-10 07:45:00,99.79,57.2
2024-02-10 08:00:00,96.62,59.8
2024-02-10 08:15:00,98.85,63.1
2024-02-10 08:30:00,104.22,61.5
2024-02-10 08:45:00,116.58,63.4
2024-02-10 09:00:00,119.6,60.6
2024-02-10 09:15:00,122.05,61.1
2024-02-10 09:30:00,109.81,62.8
2024-02-10 09:45:00,117.94,63.6
2024-02-10 10:00:00,124.81,66.4
2024-02-10 10:15:00,124.77,63.2
2024-02-10 10:30:00,117.44,64.9
2024-02-10 10:45:00,122.3,67.6
2024-02-10 11:00:00,128.4,66.2
2024-02-10 11:15:00,133.03,65.9
2024-02-10 11:30:00,120.79,66.6
2024-02-10 11:45:00,130.52,64.0
2024-02-10 12:00:00,132.56,64.0
2024-02-10 12:15:00,134.65,63.0
2024-02-10 12:30:00,134.31,66.5
2024-02-10 12:45:00,131.32,67.8
2024-02-10 13:00:00,126.07,67.3
2024-02-10 13:15:00,117.92,67.8
2024-02-10 13:30:00,120.07,68.0
2024-02-10 13:45:00,127.74,65.0
2024-02-10 14:00:00,131.64,64.1
2024-02-10 14:15:00,125.1,66.7
2024-02-10 14:30:00,121.63,61.8
2024-02-10 14:45:00,118.54,60.2
2024-02-10 15:00:00,109.68,61.2
2024-02-10 15:15:00,107.53,60.3
2024-02-10 15:30:00,116.72,60.5
2024-02-10 15:45:00,101.66,57.9
2024-02-10 16:00:00,107.3,59.5
2024-02-10 16:15:00,94.96,56.8
2024-02-10 16:30:00,100.91,59.5
2024-02-10 16:45:00,86.64,53.7
2024-02-10 17:00:00,90.57,54.9
2024-02-10 17:15:00,81.21,53.6
2024-02-10 17:30:00,75.39,53.7
2024-02-10 17:45:00,78.58,54.2
2024-02-10 18:00:00,77.87,51.9
2024-02-10 18:15:00,66.27,50.1
2024-02-10 18:30:00,59.67,50.8
2024-02-10 18:45:00,63.64,50.1
2024-02-10 19:00:00,59.4,48.0
2024-02-10 19:15:00,59.71,47.3
2024-02-10 19:30:00,56.24,46.9
2024-02-10 19:45:00,47.93,41.4
2024-02-10 20:00:00,58.07,43.1
2024-02-10 20:15:00,45.78,43.8
2024-02-10 20:30:00,37.82,41.6
2024-02-10 20:45:00,28.9,40.9
2024-02-10 21:00:00,33.39,41.5
2024-02-10 21:15:00,29.89,40.9
2024-02-10 21:30:00,36.23,40.4
2024-02-10 21:45:00,29.3,37.3
2024-02-10 22:00:00,20.68,35.5
2024-02-10 22:15:00,24.07,39.5
2024-02-10 22:30:00,26.96,36.0
2024-02-10 22:45:00,29.46,35.5
2024-02-10 23:00:00,24.94,35.1
2024-02-10 23:15:00,22.69,39.0
2024-02-10 23:30:00,20.74,36.9
2024-02-10 23:45:00,20.0,37.1
2024-02-11 00:00:00,24.76,37.8
2024-02-11 00:15:00,20.0,36.3
2024-02-11 00:30:00,20.0,38.5
2024-02-11 00:45:00,20.0,34.3
2024-02-11 01:00:00,21.19,34.7
2024-02-11 01:15:00,28.18,34.9
2024-02-11 01:30:00,20.48,38.4
2024-02-11 01:45:00,20.0,39.0
2024-02-11 02:00:00,24.56,37.5
2024-02-11 02:15:00,33.16,38.5
2024-02-11 02:30:00,38.28,42.1
2024-02-11 02:45:00,36.68,38.8
2024-02-11 03:00:00,32.85,41.4
2024-02-11 03:15:00,32.72,40.2
2024-02-11 03:30:00,38.18,44.5
2024-02-11 03:45:00,38.45,44.4
2024-02-11 04:00:00,57.14,41.1
2024-02-11 04:15:00,63.44,44.3
2024-02-11 04:30:00,51.03,41.5
2024-02-11 04:45:00,51.92,48.4
2024-02-11 05:00:00,61.01,51.7
2024-02-11 05:15:00,61.52,44.2
2024-02-11 05:30:00,73.69,46.6
2024-02-11 05:45:00,71.88,50.8
2024-02-11 06:00:00,71.2,51.4
2024-02-11 06:15:00,86.62,51.6
2024-02-11 06:30:00,82.49,49.9
2024-02-11 06:45:00,89.49,55.0
2024-02-11 07:00:00,84.58,57.1
2024-02-11 07:15:00,93.44,62.0
2024-02-11 07:30:00,97.62,59.8
2024-02-11 07:45:00,89.16,55.5
2024-02-11 08:00:00,113.92,59.0
2024-02-11 08:15:00,112.17,61.0
2024-02-11 08:30:00,105.92,59.2
2024-02-11 08:45:00,105.52,62.9
2024-02-11 09:00:00,115.43,63.5
2024-02-11 09:15:00,116.85,65.2
2024-02-11 09:30:00,120.03,65.0
2024-02-11 09:45:00,122.29,64.5
2024-02-11 10:00:00,129.75,63.2
2024-02-11 10:15:00,133.37,62.4
2024-02-11 10:30:00,129.83,65.8
2024-02-11 10:45:00,123.36,64.9
2024-02-11 11:00:00,135.47,65.4
2024-02-11 11:15:00,137.53,68.5
2024-02-11 11:30:00,144.98,69.1
2024-02-11 11:45:00,125.32,64.0
2024-02-11 12:00:00,130.25,66.1
2024-02-11 12:15:00,119.95,65.6
2024-02-11 12:30:00,131.39,67.0
2024-02-11 12:45:00,127.43,61.7
2024-02-11 13:00:00,139.09,63.1
2024-02-11 13:15:00,123.16,65.5
2024-02-11 13:30:00,121.65,67.0
2024-02-11 13:45:00,120.17,65.2
2024-02-11 14:00:00,113.92,65.9
2024-02-11 14:15:00,123.72,64.4
2024-02-11 14:30:00,109.88,66.0
2024-02-11 14:45:00,118.36,65.8
2024-02-11 15:00:00,102.61,60.6
2024-02-11 15:15:00,114.25,63.2
2024-02-11 15:30:00,118.41,61.7
2024-02-11 15:45:00,105.33,64.9
2024-02-11 16:00:00,98.14,57.5
2024-02-11 16:15:00,98.08,58.0
2024-02-11 16:30:00,97.01,55.3
2024-02-11 16:45:00,94.7,54.5
2024-02-11 17:00:00,84.11,56.2
2024-02-11 17:15:00,88.41,54.9
2024-02-11 17:30:00,69.34,54.6
2024-02-11 17:45:00,73.27,53.6
2024-02-11 18:00:00,72.69,51.1
2024-02-11 18:15:00,77.37,50.1
2024-02-11 18:30:00,69.78,47.7
2024-02-11 18:45:00,54.81,47.3
2024-02-11 19:00:00,55.51,47.6
2024-02-11 19:15:00,56.0,47.2
2024-02-11 19:30:00,52.88,47.3
2024-02-11 19:45:00,52.62,46.2
2024-02-11 20:00:00,48.72,47.2
2024-02-11 20:15:00,46.8,41.3
2024-02-11 20:30:00,38.59,42.0
2024-02-11 20:45:00,38.4,40.0
2024-02-11 21:00:00,46.42,43.6
2024-02-11 21:15:00,23.96,39.4
2024-02-11 21:30:00,20.0,42.0
2024-02-11 21:45:00,32.85,42.1
2024-02-11 22:00:00,22.19,39.5
2024-02-11 22:15:00,20.65,38.8
2024-02-11 22:30:00,20.0,37.9
2024-02-11 22:45:00,20.0,36.8
2024-02-11 23:00:00,30.77,36.3
2024-02-11 23:15:00,25.11,36.7
2024-02-11 23:30:00,24.33,40.4
2024-02-11 23:45:00,20.0,34.6
2024-02-12 00:00:00,20.0,37.1
2024-02-12 00:15:00,20.0,38.1
2024-02-12 00:30:00,20.58,36.2
2024-02-12 00:45:00,30.93,37.8
2024-02-12 01:00:00,28.28,34.2
2024-02-12 01:15:00,29.95,40.1
2024-02-12 01:30:00,28.74,40.1
2024-02-12 01:45:00,27.84,38.0
2024-02-12 02:00:00,37.47,36.9
2024-02-12 02:15:00,43.91,40.8
2024-02-12 02:30:00,32.84,37.5
2024-02-12 02:45:00,42.83,38.4
2024-02-12 03:00:00,53.68,41.0
2024-02-12 03:15:00,50.15,44.9
2024-02-12 03:30:00,59.11,43.9
2024-02-12 03:45:00,73.83,42.1
2024-02-12 04:00:00,62.6,40.9
2024-02-12 04:15:00,71.13,45.2
2024-02-12 04:30:00,70.29,46.5
2024-02-12 04:45:00,79.44,46.8
2024-02-12 05:00:00,85.28,51.5
2024-02-12 05:15:00,89.16,48.5
2024-02-12 05:30:00,89.77,45.2
2024-02-12 05:45:00,101.38,49.9
2024-02-12 06:00:00,111.68,52.6
2024-02-12 06:15:00,111.74,53.5
2024-02-12 06:30:00,119.1,53.3
2024-02-12 06:45:00,120.06,54.0
2024-02-12 07:00:00,129.19,51.6
2024-02-12 07:15:00,133.19,56.7
2024-02-12 07:30:00,130.92,56.8
2024-02-12 07:45:00,139.83,58.9
2024-02-12 08:00:00,138.58,60.2
2024-02-12 08:15:00,144.99,62.6
2024-02-12 08:30:00,155.48,59.0
2024-02-12 08:45:00,155.55,59.1
2024-02-12 09:00:00,154.92,61.2
2024-02-12 09:15:00,168.99,61.6
2024-02-12 09:30:00,169.82,62.0
2024-02-12 09:45:00,166.94,67.1
2024-02-12 10:00:00,168.0,65.1
2024-02-12 10:15:00,176.4,69.2
2024-02-12 10:30:00,175.87,65.6
2024-02-12 10:45:00,182.12,63.7
2024-02-12 11:00:00,180.02,64.7
2024-02-12 11:15:00,174.5,68.6
2024-02-12 11:30:00,184.31,64.4
2024-02-12 11:45:00,184.05,67.9
2024-02-12 12:00:00,187.99,66.1
2024-02-12 12:15:00,181.76,64.9
2024-02-12 12:30:00,192.45,69.5
2024-02-12 12:45:00,171.79,65.4
2024-02-12 13:00:00,187.9,64.7
2024-02-12 13:15:00,178.41,65.9
2024-02-12 13:30:00,182.26,64.7
2024-02-12 13:45:00,178.67,69.7
2024-02-12 14:00:00,180.83,66.9
2024-02-12 14:15:00,169.75,63.1
2024-02-12 14:30:00,156.49,62.8
2024-02-12 14:45:00,170.09,59.1
2024-02-12 15:00:00,161.47,62.7
2024-02-12 15:15:00,159.53,60.2
2024-02-12 15:30:00,157.37,61.2
2024-02-12 15:45:00,144.05,56.3
2024-02-12 16:00:00,144.76,59.3
2024-02-12 16:15:00,133.95,61.9
2024-02-12 16:30:00,145.12,57.7
2024-02-12 16:45:00,129.81,55.1
2024-02-12 17:00:00,117.23,55.7
2024-02-12 17:15:00,120.46,54.7
2024-02-12 17:30:00,121.64,58.2
2024-02-12 17:45:00,113.11,52.2
2024-02-12 18:00:00,104.24,49.5
2024-02-12 18:15:00,101.08,50.9
2024-02-12 18:30:00,100.5,50.3
2024-02-12 18:45:00,96.04,50.1
2024-02-12 19:00:00,82.84,49.5
2024-02-12 19:15:00,80.55,51.0
2024-02-12 19:30:00,80.19,45.0
2024-02-12 19:45:00,76.15,43.9
2024-02-12 20:00:00,72.17,40.7
2024-02-12 20:15:00,52.48,44.9
2024-02-12 20:30:00,64.45,41.0
2024-02-12 20:45:00,50.32,43.8
2024-02-12 21:00:00,46.73,40.3
2024-02-12 21:15:00,35.27,44.1
2024-02-12 21:30:00,36.52,37.1
2024-02-12 21:45:00,32.24,41.5
2024-02-12 22:00:00,35.84,40.7
2024-02-12 22:15:00,31.61,39.5
2024-02-12 22:30:00,35.83,35.8
2024-02-12 22:45:00,29.68,38.8
2024-02-12 23:00:00,28.18,37.7
2024-02-12 23:15:00,24.28,33.6
2024-02-12 23:30:00,20.01,40.2
2024-02-12 23:45:00,34.24,36.3
2024-02-13 00:00:00,21.41,39.9
2024-02-13 00:15:00,32.84,36.8
2024-02-13 00:30:00,24.41,39.0
2024-02-13 00:45:00,25.4,35.5
2024-02-13 01:00:00,33.38,37.9
2024-02-13 01:15:00,35.52,38.0
2024-02-13 01:30:00,29.98,37.5
2024-02-13 01:45:00,30.84,36.8
2024-02-13 02:00:00,36.34,32.8
2024-02-13 02:15:00,40.1,37.8
2024-02-13 02:30:00,46.73,41.5
2024-02-13 02:45:00,45.22,37.9
2024-02-13 03:00:00,51.87,39.0
2024-02-13 03:15:00,57.18,39.2
2024-02-13 03:30:00,59.82,43.3
2024-02-13 03:45:00,58.83,41.9
2024-02-13 04:00:00,55.47,46.9
2024-02-13 04:15:00,57.94,46.8
2024-02-13 04:30:00,76.58,46.7
2024-02-13 04:45:00,77.0,47.8
2024-02-13 05:00:00,80.64,46.6
2024-02-13 05:15:00,89.18,47.6
2024-02-13 05:30:00,94.85,51.5
2024-02-13 05:45:00,106.88,52.9
2024-02-13 06:00:00,105.03,53.4
2024-02-13 06:15:00,106.84,52.1
2024-02-13 06:30:00,120.71,53.2
2024-02-13 06:45:00,120.88,53.1
2024-02-13 07:00:00,127.5,57.4
2024-02-13 07:15:00,127.92,52.9
2024-02-13 07:30:00,131.84,53.4
2024-02-13 07:45:00,140.69,54.7
2024-02-13 08:00:00,147.38,55.3
2024-02-13 08:15:00,149.66,63.1
2024-02-13 08:30:00,151.32,62.7
2024-02-13 08:45:00,147.23,59.5
2024-02-13 09:00:00,158.56,62.4
2024-02-13 09:15:00,168.08,66.3
2024-02-13 09:30:00,167.47,65.0
2024-02-13 09:45:00,169.43,68.8
2024-02-13 10:00:00,177.77,64.8
2024-02-13 10:15:00,173.62,64.2
2024-02-13 10:30:00,173.25,63.8
2024-02-13 10:45:00,180.2,66.3
2024-02-13 11:00:00,180.18,68.4
2024-02-13 11:15:00,179.01,67.0
2024-02-13 11:30:00,184.11,66.2
2024-02-13 11:45:00,186.58,69.6
2024-02-13 12:00:00,183.86,68.1
2024-02-13 12:15:00,183.74,66.8
2024-02-13 12:30:00,193.93,65.4
2024-02-13 12:45:00,181.75,66.3
2024-02-13 13:00:00,182.89,67.5
2024-02-13 13:15:00,176.58,64.7
2024-02-13 13:30:00,173.26,63.5
2024-02-13 13:45:00,173.72,64.6
2024-02-13 14:00:00,173.38,65.0
2024-02-13 14:15:00,173.02,67.3
2024-02-13 14:30:00,179.7,61.7
2024-02-13 14:45:00,161.39,63.8
2024-02-13 15:00:00,162.43,62.2
2024-02-13 15:15:00,158.03,61.6
2024-02-13 15:30:00,158.35,64.3
2024-02-13 15:45:00,150.64,60.6
2024-02-13 16:00:00,151.61,57.8
2024-02-13 16:15:00,127.05,60.5
2024-02-13 16:30:00,124.29,59.5
2024-02-13 16:45:00,127.27,55.0
2024-02-13 17:00:00,129.54,53.6
2024-02-13 17:15:00,112.71,55.9
2024-02-13 17:30:00,101.76,54.0
2024-02-13 17:45:00,112.95,52.2
2024-02-13 18:00:00,105.32,54.3
2024-02-13 18:15:00,93.55,50.0
2024-02-13 18:30:00,90.62,51.0
2024-02-13 18:45:00,84.85,51.6
2024-02-13 19:00:00,83.76,47.6
2024-02-13 19:15:00,74.07,43.7
2024-02-13 19:30:00,75.81,45.6
2024-02-13 19:45:00,53.03,45.9
2024-02-13 20:00:00,56.81,46.7
2024-02-13 20:15:00,54.09,42.8
2024-02-13 20:30:00,54.3,46.5
2024-02-13 20:45:00,52.88,39.7
2024-02-13 21:00:00,53.08,41.9
2024-02-13 21:15:00,35.43,40.4
2024-02-13 21:30:00,39.36,43.0
2024-02-13 21:45:00,40.93,36.8
2024-02-13 22:00:00,45.82,40.1
2024-02-13 22:15:00,31.62,38.3
2024-02-13 22:30:00,33.34,41.4
2024-02-13 22:45:00,22.16,36.3
2024-02-13 23:00:00,20.0,38.6
2024-02-13 23:15:00,30.15,35.8
2024-02-13 23:30:00,24.64,37.7
2024-02-13 23:45:00,29.0,36.5
2024-02-14 00:00:00,20.0,36.5
2024-02-14 00:15:00,29.05,33.3
2024-02-14 00:30:00,34.16,38.2
2024-02-14 00:45:00,29.19,35.4
2024-02-14 01:00:00,27.94,35.5
2024-02-14 01:15:00,29.96,34.9
2024-02-14 01:30:00,22.69,36.3
2024-02-14 01:45:00,40.2,39.8
2024-02-14 02:00:00,32.36,40.2
2024-02-14 02:15:00,41.01,41.1
2024-02-14 02:30:00,30.68,38.3
2024-02-14 02:45:00,38.44,41.4
2024-02-14 03:00:00,55.67,40.4
2024-02-14 03:15:00,49.42,44.3
2024-02-14 03:30:00,62.46,44.0
2024-02-14 03:45:00,61.4,42.6
2024-02-14 04:00:00,55.3,46.9
2024-02-14 04:15:00,72.98,46.7
2024-02-14 04:30:00,70.22,43.8
2024-02-14 04:45:00,82.36,44.1
2024-02-14 05:00:00,84.11,45.7
2024-02-14 05:15:00,80.26,52.7
2024-02-14 05:30:00,98.1,48.3
2024-02-14 05:45:00,113.09,55.1
2024-02-14 06:00:00,106.6,50.2
2024-02-14 06:15:00,111.09,50.9
2024-02-14 06:30:00,120.65,56.0
2024-02-14 06:45:00,122.32,57.1
2024-02-14 07:00:00,124.35,57.3
2024-02-14 07:15:00,125.28,58.5
2024-02-14 07:30:00,134.21,56.4
2024-02-14 07:45:00,146.6,60.6
2024-02-14 08:00:00,140.77,60.3
2024-02-14 08:15:00,156.69,59.9
2024-02-14 08:30:00,149.46,61.6
2024-02-14 08:45:00,152.51,64.3
2024-02-14 09:00:00,167.04,63.7
2024-02-14 09:15:00,162.26,59.3
2024-02-14 09:30:00,175.29,66.0
2024-02-14 09:45:00,171.23,66.4
2024-02-14 10:00:00,171.05,64.6
2024-02-14 10:15:00,172.41,66.0
2024-02-14 10:30:00,178.03,66.4
2024-02-14 10:45:00,167.47,62.6
2024-02-14 11:00:00,178.66,66.0
2024-02-14 11:15:00,187.54,66.3
2024-02-14 11:30:00,184.86,66.9
2024-02-14 11:45:00,180.13,66.3
2024-02-14 12:00:00,177.87,68.7
2024-02-14 12:15:00,179.89,65.7
2024-02-14 12:30:00,174.25,69.1
2024-02-14 12:45:00,183.99,68.3
2024-02-14 13:00:00,178.41,69.6
2024-02-14 13:15:00,174.74,70.0
2024-02-14 13:30:00,175.97,69.7
2024-02-14 13:45:00,177.99,63.5
2024-02-14 14:00:00,184.47,66.1
2024-02-14 14:15:00,164.95,63.4
2024-02-14 14:30:00,174.31,70.9
2024-02-14 14:45:00,170.46,64.9
2024-02-14 15:00:00,159.55,65.8
2024-02-14 15:15:00,157.61,63.2
2024-02-14 15:30:00,151.39,56.3
2024-02-14 15:45:00,150.47,59.2
2024-02-14 16:00:00,147.35,58.5
2024-02-14 16:15:00,142.31,58.3
2024-02-14 16:30:00,136.08,58.9
2024-02-14 16:45:00,128.71,58.2
2024-02-14 17:00:00,120.49,51.0
2024-02-14 17:15:00,119.34,54.9
2024-02-14 17:30:00,121.47,53.4
2024-02-14 17:45:00,103.45,56.2
2024-02-14 18:00:00,99.24,53.6
2024-02-14 18:15:00,100.09,51.1
2024-02-14 18:30:00,89.69,50.9
2024-02-14 18:45:00,84.19,46.1
2024-02-14 19:00:00,82.0,49.9
2024-02-14 19:15:00,73.16,46.8
2024-02-14 19:30:00,71.13,45.1
2024-02-14 19:45:00,72.82,48.4
2024-02-14 20:00:00,58.65,45.5
2024-02-14 20:15:00,53.47,42.8
2024-02-14 20:30:00,52.3,42.1
2024-02-14 20:45:00,57.27,43.3
2024-02-14 21:00:00,53.16,42.4
2024-02-14 21:15:00,43.41,41.3
2024-02-14 21:30:00,42.51,38.2
2024-02-14 21:45:00,31.37,37.9
2024-02-14 22:00:00,47.45,38.0
2024-02-14 22:15:00,35.24,38.6
2024-02-14 22:30:00,30.46,38.5
2024-02-14 22:45:00,35.59,38.0
2024-02-14 23:00:00,21.75,37.8
2024-02-14 23:15:00,34.0,41.5
2024-02-14 23:30:00,27.03,39.3
2024-02-14 23:45:00,23.52,39.9
2024-02-15 00:00:00,23.51,38.4
2024-02-15 00:15:00,25.79,37.7
2024-02-15 00:30:00,28.55,38.5
2024-02-15 00:45:00,21.65,38.2
2024-02-15 01:00:00,22.73,39.6
2024-02-15 01:15:00,33.38,36.4
2024-02-15 01:30:00,29.95,40.1
2024-02-15 01:45:00,39.19,39.4
2024-02-15 02:00:00,42.39,35.9
2024-02-15 02:15:00,35.21,40.2
2024-02-15 02:30:00,44.17,38.0
2024-02-15 02:45:00,37.93,40.2
2024-02-15 03:00:00,50.57,41.6
2024-02-15 03:15:00,53.72,39.6
2024-02-15 03:30:00,59.39,43.3
2024-02-15 03:45:00,58.3,44.3
2024-02-15 04:00:00,56.24,46.6
2024-02-15 04:15:00,71.88,45.0
2024-02-15 04:30:00,64.45,47.4
2024-02-15 04:45:00,74.1,47.5
2024-02-15 05:00:00,89.83,47.8
2024-02-15 05:15:00,90.81,46.3
2024-02-15 05:30:00,103.95,50.4
2024-02-15 05:45:00,103.06,53.1
2024-02-15 06:00:00,106.52,50.7
2024-02-15 06:15:00,109.71,53.1
2024-02-15 06:30:00,113.94,54.4
2024-02-15 06:45:00,104.97,57.7
2024-02-15 07:00:00,121.03,56.5
2024-02-15 07:15:00,128.05,58.0
2024-02-15 07:30:00,125.62,58.3
2024-02-15 07:45:00,142.49,58.2
2024-02-15 08:00:00,143.16,57.8
2024-02-15 08:15:00,141.94,60.4
2024-02-15 08:30:00,156.29,62.5
2024-02-15 08:45:00,160.69,62.7
2024-02-15 09:00:00,163.4,66.2
2024-02-15 09:15:00,163.41,65.8
2024-02-15 09:30:00,172.35,67.0
2024-02-15 09:45:00,176.93,61.0
2024-02-15 10:00:00,176.02,68.8
2024-02-15 10:15:00,172.39,66.6
2024-02-15 10:30:00,181.39,67.3
2024-02-15 10:45:00,188.18,68.6
2024-02-15 11:00:00,178.46,67.2
2024-02-15 11:15:00,193.55,65.2
2024-02-15 11:30:00,182.42,70.4
2024-02-15 11:45:00,184.21,66.1
2024-02-15 12:00:00,182.04,65.7
2024-02-15 12:15:00,186.54,67.1
2024-02-15 12:30:00,176.33,66.7
2024-02-15 12:45:00,178.46,67.4
2024-02-15 13:00:00,176.94,66.9
2024-02-15 13:15:00,188.62,69.6
2024-02-15 13:30:00,180.22,67.4
2024-02-15 13:45:00,179.55,64.4
2024-02-15 14:00:00,162.56,64.2
2024-02-15 14:15:00,180.32,64.4
2024-02-15 14:30:00,169.59,63.8
2024-02-15 14:45:00,160.41,62.9
2024-02-15 15:00:00,162.98,61.1
2024-02-15 15:15:00,158.39,63.1
2024-02-15 15:30:00,149.19,60.9
2024-02-15 15:45:00,150.3,59.1
2024-02-15 16:00:00,141.47,61.2
2024-02-15 16:15:00,138.99,61.0
2024-02-15 16:30:00,135.14,57.9
2024-02-15 16:45:00,120.92,61.1
2024-02-15 17:00:00,130.21,61.0
2024-02-15 17:15:00,123.76,56.6
2024-02-15 17:30:00,118.19,53.7
2024-02-15 17:45:00,112.87,54.2
2024-02-15 18:00:00,105.24,50.3
2024-02-15 18:15:00,97.1,50.0
2024-02-15 18:30:00,103.32,47.4
2024-02-15 18:45:00,83.39,48.5
2024-02-15 19:00:00,80.12,46.4
2024-02-15 19:15:00,72.11,49.2
2024-02-15 19:30:00,78.78,45.5
2024-02-15 19:45:00,74.32,46.6
2024-02-15 20:00:00,67.0,46.7
2024-02-15 20:15:00,63.77,46.7
2024-02-15 20:30:00,52.83,42.9
2024-02-15 20:45:00,52.52,43.5
2024-02-15 21:00:00,48.52,42.8
2024-02-15 21:15:00,47.78,44.0
2024-02-15 21:30:00,41.19,42.4
2024-02-15 21:45:00,37.59,42.9
2024-02-15 22:00:00,38.1,36.4
2024-02-15 22:15:00,38.55,38.0
2024-02-15 22:30:00,30.9,41.0
2024-02-15 22:45:00,29.28,39.7
2024-02-15 23:00:00,23.08,38.0
2024-02-15 23:15:00,20.0,37.1
2024-02-15 23:30:00,27.34,39.5
2024-02-15 23:45:00,28.76,33.8
2024-02-16 00:00:00,25.9,39.4
2024-02-16 00:15:00,20.0,38.0
2024-02-16 00:30:00,22.65,36.9
2024-02-16 00:45:00,20.0,39.1
2024-02-16 01:00:00,37.11,37.5
2024-02-16 01:15:00,23.69,38.6
2024-02-16 01:30:00,40.61,38.8
2024-02-16 01:45:00,39.65,40.8
2024-02-16 02:00:00,31.92,40.1
2024-02-16 02:15:00,36.37,36.5
2024-02-16 02:30:00,43.87,38.1
2024-02-16 02:45:00,40.42,39.4
2024-02-16 03:00:00,48.1,43.1
2024-02-16 03:15:00,49.14,44.0
2024-02-16 03:30:00,46.74,47.0
2024-02-16 03:45:00,49.53,42.5
2024-02-16 04:00:00,64.71,47.9
2024-02-16 04:15:00,65.69,42.3
2024-02-16 04:30:00,71.89,47.1
2024-02-16 04:45:00,82.77,48.5
2024-02-16 05:00:00,90.49,49.4
2024-02-16 05:15:00,91.83,49.3
2024-02-16 05:30:00,95.51,51.1
2024-02-16 05:45:00,103.6,49.4
2024-02-16 06:00:00,97.98,54.6
2024-02-16 06:15:00,111.59,54.3
2024-02-16 06:30:00,119.36,55.5
2024-02-16 06:45:00,124.1,55.2
2024-02-16 07:00:00,116.35,56.1
2024-02-16 07:15:00,127.45,58.7
2024-02-16 07:30:00,131.08,61.8
2024-02-16 07:45:00,141.14,56.7
2024-02-16 08:00:00,149.15,57.5
2024-02-16 08:15:00,161.21,61.7
2024-02-16 08:30:00,150.39,61.3
2024-02-16 08:45:00,155.4,63.0
2024-02-16 09:00:00,165.36,63.4
2024-02-16 09:15:00,166.92,65.4
2024-02-16 09:30:00,176.27,64.2
2024-02-16 09:45:00,171.78,62.9
2024-02-16 10:00:00,171.92,64.3
2024-02-16 10:15:00,171.23,66.0
2024-02-16 10:30:00,172.4,64.2
2024-02-16 10:45:00,185.66,67.0
2024-02-16 11:00:00,186.51,67.5
2024-02-16 11:15:00,193.38,66.9
2024-02-16 11:30:00,187.19,68.2
2024-02-16 11:45:00,189.81,64.7
2024-02-16 12:00:00,183.09,66.0
2024-02-16 12:15:00,179.37,65.6
2024-02-16 12:30:00,185.76,69.6
2024-02-16 12:45:00,184.79,72.3
2024-02-16 13:00:00,183.36,65.7
2024-02-16 13:15:00,183.55,66.7
2024-02-16 13:30:00,181.59,65.4
2024-02-16 13:45:00,182.92,66.8
2024-02-16 14:00:00,185.59,64.7
2024-02-16 14:15:00,174.1,66.0
2024-02-16 14:30:00,172.26,66.2
2024-02-16 14:45:00,167.31,61.8
2024-02-16 15:00:00,167.01,64.1
2024-02-16 15:15:00,160.62,59.3
2024-02-16 15:30:00,148.97,61.6
2024-02-16 15:45:00,156.71,60.6
2024-02-16 16:00:00,139.82,60.0
2024-02-16 16:15:00,138.22,59.0
2024-02-16 16:30:00,131.91,57.7
2024-02-16 16:45:00,132.12,57.3
2024-02-16 17:00:00,127.24,57.3
2024-02-16 17:15:00,112.92,56.4
2024-02-16 17:30:00,119.27,55.2
2024-02-16 17:45:00,107.23,52.8
2024-02-16 18:00:00,107.22,55.1
2024-02-16 18:15:00,98.87,55.1
2024-02-16 18:30:00,97.65,48.5
2024-02-16 18:45:00,86.53,50.4
2024-02-16 19:00:00,80.6,48.2
2024-02-16 19:15:00,77.38,50.0
2024-02-16 19:30:00,79.36,47.2
2024-02-16 19:45:00,77.69,46.5
2024-02-16 20:00:00,61.85,46.5
2024-02-16 20:15:00,66.11,44.1
2024-02-16 20:30:00,46.85,47.2
2024-02-16 20:45:00,44.63,44.1
2024-02-16 21:00:00,42.74,44.3
2024-02-16 21:15:00,38.58,41.3
2024-02-16 21:30:00,33.69,40.9
2024-02-16 21:45:00,40.7,42.2
2024-02-16 22:00:00,35.44,41.5
2024-02-16 22:15:00,35.29,37.1
2024-02-16 22:30:00,34.09,39.4
2024-02-16 22:45:00,30.29,39.8
2024-02-16 23:00:00,30.84,38.3
2024-02-16 23:15:00,24.29,39.1
2024-02-16 23:30:00,21.24,38.0
2024-02-16 23:45:00,31.96,33.6
2024-02-17 00:00:00,20.0,35.4
2024-02-17 00:15:00,20.0,40.0
2024-02-17 00:30:00,20.0,37.7
2024-02-17 00:45:00,20.0,38.7
2024-02-17 01:00:00,20.0,38.6
2024-02-17 01:15:00,23.23,37.2
2024-02-17 01:30:00,20.0,38.3
2024-02-17 01:45:00,20.0,40.3
2024-02-17 02:00:00,24.47,41.0
2024-02-17 02:15:00,33.11,45.0
2024-02-17 02:30:00,32.89,40.2
2024-02-17 02:45:00,44.67,45.2
2024-02-17 03:00:00,39.08,40.8
2024-02-17 03:15:00,43.65,44.2
2024-02-17 03:30:00,33.16,44.3
2024-02-17 03:45:00,48.19,44.5
2024-02-17 04:00:00,47.74,45.6
2024-02-17 04:15:00,46.37,45.2
2024-02-17 04:30:00,51.49,49.2
2024-02-17 04:45:00,64.86,46.6
2024-02-17 05:00:00,63.32,49.9
2024-02-17 05:15:00,60.61,51.7
2024-02-17 05:30:00,71.37,53.9
2024-02-17 05:45:00,68.03,54.1
2024-02-17 06:00:00,74.96,54.3
2024-02-17 06:15:00,78.53,52.8
2024-02-17 06:30:00,81.74,53.5
2024-02-17 06:45:00,88.83,53.8
2024-02-17 07:00:00,83.85,54.6
2024-02-17 07:15:00,102.11,58.0
2024-02-17 07:30:00,88.99,57.4
2024-02-17 07:45:00,97.75,62.2
2024-02-17 08:00:00,104.98,59.5
2024-02-17 08:15:00,111.0,61.7
2024-02-17 08:30:00,110.3,61.8
2024-02-17 08:45:00,114.03,60.2
2024-02-17 09:00:00,116.5,65.9
2024-02-17 09:15:00,115.8,65.8
2024-02-17 09:30:00,122.25,66.7
2024-02-17 09:45:00,127.76,66.8
2024-02-17 10:00:00,127.12,64.6
2024-02-17 10:15:00,121.53,65.1
2024-02-17 10:30:00,127.3,67.9
2024-02-17 10:45:00,126.49,70.5
2024-02-17 11:00:00,126.15,68.4
2024-02-17 11:15:00,130.44,69.9
2024-02-17 11:30:00,131.17,67.0
2024-02-17 11:45:00,136.3,70.4
2024-02-17 12:00:00,126.89,67.4
2024-02-17 12:15:00,140.11,68.6
2024-02-17 12:30:00,124.59,67.3
2024-02-17 12:45:00,132.54,69.7
2024-02-17 13:00:00,135.31,69.5
2024-02-17 13:15:00,121.78,64.5
2024-02-17 13:30:00,130.94,69.7
2024-02-17 13:45:00,118.07,71.4
2024-02-17 14:00:00,130.87,65.5
2024-02-17 14:15:00,127.1,65.4
2024-02-17 14:30:00,116.4,67.6
2024-02-17 14:45:00,115.45,64.6
2024-02-17 15:00:00,117.58,63.8
2024-02-17 15:15:00,106.62,66.9
2024-02-17 15:30:00,101.49,59.7
2024-02-17 15:45:00,105.33,60.0
2024-02-17 16:00:00,95.61,61.6
2024-02-17 16:15:00,109.22,56.6
2024-02-17 16:30:00,93.41,58.2
2024-02-17 16:45:00,95.09,57.3
2024-02-17 17:00:00,93.82,59.1
2024-02-17 17:15:00,82.35,57.6
2024-02-17 17:30:00,82.77,51.9
2024-02-17 17:45:00,82.83,52.9
2024-02-17 18:00:00,76.38,51.9
2024-02-17 18:15:00,77.73,51.9
2024-02-17 18:30:00,72.28,49.1
2024-02-17 18:45:00,68.9,51.3
2024-02-17 19:00:00,56.96,48.0
2024-02-17 19:15:00,51.99,49.6
2024-02-17 19:30:00,51.68,47.5
2024-02-17 19:45:00,52.11,44.7
2024-02-17 20:00:00,48.71,48.6
2024-02-17 20:15:00,33.25,47.8
2024-02-17 20:30:00,40.62,44.7
2024-02-17 20:45:00,39.31,42.9
2024-02-17 21:00:00,32.92,40.6
2024-02-17 21:15:00,40.25,44.2
2024-02-17 21:30:00,34.36,43.1
2024-02-17 21:45:00,34.85,39.2
2024-02-17 22:00:00,24.79,38.9
2024-02-17 22:15:00,27.84,40.8
2024-02-17 22:30:00,32.51,37.1
2024-02-17 22:45:00,25.19,37.9
2024-02-17 23:00:00,20.0,36.8
2024-02-17 23:15:00,20.0,36.6
2024-02-17 23:30:00,30.19,37.0
2024-02-17 23:45:00,22.25,40.2
2024-02-18 00:00:00,27.45,34.8
2024-02-18 00:15:00,20.0,39.2
2024-02-18 00:30:00,20.0,39.0
2024-02-18 00:45:00,20.0,40.6
2024-02-18 01:00:00,27.07,39.4
2024-02-18 01:15:00,20.36,38.4
2024-02-18 01:30:00,23.47,37.9
2024-02-18 01:45:00,26.3,41.9
2024-02-18 02:00:00,36.11,41.4
2024-02-18 02:15:00,20.0,39.9
2024-02-18 02:30:00,32.05,43.3
2024-02-18 02:45:00,34.4,41.2
2024-02-18 03:00:00,36.16,42.8
2024-02-18 03:15:00,46.59,42.3
2024-02-18 03:30:00,36.57,45.3
2024-02-18 03:45:00,49.72,43.1
2024-02-18 04:00:00,51.65,45.3
2024-02-18 04:15:00,57.68,45.4
2024-02-18 04:30:00,47.14,48.2
2024-02-18 04:45:00,54.08,49.3
2024-02-18 05:00:00,65.36,47.3
2024-02-18 05:15:00,66.46,51.3
2024-02-18 05:30:00,57.62,48.5
2024-02-18 05:45:00,68.12,56.8
2024-02-18 06:00:00,81.89,52.4
2024-02-18 06:15:00,82.54,56.5
2024-02-18 06:30:00,80.59,55.8
2024-02-18 06:45:00,69.4,56.8
2024-02-18 07:00:00,90.65,55.0
2024-02-18 07:15:00,86.19,59.9
2024-02-18 07:30:00,87.09,59.3
2024-02-18 07:45:00,87.03,61.0
2024-02-18 08:00:00,108.48,60.7
2024-02-18 08:15:00,106.12,62.0
2024-02-18 08:30:00,109.57,60.8
2024-02-18 08:45:00,117.47,63.0
2024-02-18 09:00:00,117.96,63.2
2024-02-18 09:15:00,126.05,63.3
2024-02-18 09:30:00,110.76,65.6
2024-02-18 09:45:00,123.86,66.6
2024-02-18 10:00:00,115.8,66.9
2024-02-18 10:15:00,125.11,66.7
2024-02-18 10:30:00,128.33,68.1
2024-02-18 10:45:00,131.48,68.1
2024-02-18 11:00:00,131.59,68.1
2024-02-18 11:15:00,132.3,68.5
2024-02-18 11:30:00,137.12,70.7
2024-02-18 11:45:00,142.95,66.0
2024-02-18 12:00:00,128.32,67.8
2024-02-18 12:15:00,126.9,69.1
2024-02-18 12:30:00,128.23,65.2
2024-02-18 12:45:00,122.36,71.0
2024-02-18 13:00:00,136.39,68.5
2024-02-18 13:15:00,127.52,69.6
2024-02-18 13:30:00,123.61,69.6
2024-02-18 13:45:00,123.39,67.8
2024-02-18 14:00:00,126.8,62.0
2024-02-18 14:15:00,120.64,66.3
2024-02-18 14:30:00,115.93,65.8
2024-02-18 14:45:00,118.14,62.6
2024-02-18 15:00:00,111.48,60.5
2024-02-18 15:15:00,112.5,64.3
2024-02-18 15:30:00,112.18,60.1
2024-02-18 15:45:00,97.14,66.0
2024-02-18 16:00:00,104.66,61.5
2024-02-18 16:15:00,94.16,62.9
2024-02-18 16:30:00,103.53,59.3
2024-02-18 16:45:00,89.78,59.9
2024-02-18 17:00:00,93.07,57.5
2024-02-18 17:15:00,91.63,58.5
2024-02-18 17:30:00,86.67,51.4
2024-02-18 17:45:00,79.1,56.3
2024-02-18 18:00:00,74.91,54.9
2024-02-18 18:15:00,65.84,52.3
2024-02-18 18:30:00,75.18,50.8
2024-02-18 18:45:00,62.23,50.0
2024-02-18 19:00:00,54.43,50.2
2024-02-18 19:15:00,63.85,51.2
2024-02-18 19:30:00,49.84,46.8
2024-02-18 19:45:00,45.34,43.5
2024-02-18 20:00:00,41.91,51.0
2024-02-18 20:15:00,42.81,46.6
2024-02-18 20:30:00,40.78,43.7
2024-02-18 20:45:00,39.73,46.1
2024-02-18 21:00:00,43.01,44.8
2024-02-18 21:15:00,35.39,43.3
2024-02-18 21:30:00,29.49,40.7
2024-02-18 21:45:00,28.29,42.4
2024-02-18 22:00:00,29.92,42.8
2024-02-18 22:15:00,32.17,36.7
2024-02-18 22:30:00,23.15,40.2
2024-02-18 22:45:00,20.0,40.0
2024-02-18 23:00:00,20.0,39.6
2024-02-18 23:15:00,20.0,39.0
2024-02-18 23:30:00,21.29,41.1
2024-02-18 23:45:00,22.75,38.2
2024-02-19 00:00:00,28.75,38.6
2024-02-19 00:15:00,26.55,39.3
2024-02-19 00:30:00,33.52,38.4
2024-02-19 00:45:00,23.9,36.1
2024-02-19 01:00:00,32.24,39.6
2024-02-19 01:15:00,28.98,39.9
2024-02-19 01:30:00,27.14,39.0
2024-02-19 01:45:00,34.36,39.9
2024-02-19 02:00:00,38.38,34.3
2024-02-19 02:15:00,39.84,43.6
2024-02-19 02:30:00,42.59,43.5
2024-02-19 02:45:00,45.47,39.7
2024-02-19 03:00:00,59.17,41.7
2024-02-19 03:15:00,56.91,46.7
2024-02-19 03:30:00,54.5,42.2
2024-02-19 03:45:00,61.66,46.3
2024-02-19 04:00:00,70.38,45.2
2024-02-19 04:15:00,68.96,47.8
2024-02-19 04:30:00,73.91,48.0
2024-02-19 04:45:00,76.86,48.3
2024-02-19 05:00:00,85.0,50.6
2024-02-19 05:15:00,73.89,49.8
2024-02-19 05:30:00,96.03,48.1
2024-02-19 05:45:00,96.09,50.8
2024-02-19 06:00:00,113.4,51.6
2024-02-19 06:15:00,111.44,51.5
2024-02-19 06:30:00,108.13,56.4
2024-02-19 06:45:00,120.3,56.3
2024-02-19 07:00:00,119.38,58.3
2024-02-19 07:15:00,133.14,59.6
2024-02-19 07:30:00,136.65,61.0
2024-02-19 07:45:00,146.03,61.2
2024-02-19 08:00:00,141.7,59.2
2024-02-19 08:15:00,151.39,63.2
2024-02-19 08:30:00,147.31,63.3
2024-02-19 08:45:00,162.08,68.0
2024-02-19 09:00:00,164.09,64.3
2024-02-19 09:15:00,167.01,65.8
2024-02-19 09:30:00,169.8,65.4
2024-02-19 09:45:00,179.04,66.3
2024-02-19 10:00:00,183.5,66.7
2024-02-19 10:15:00,175.95,66.3
2024-02-19 10:30:00,179.12,67.9
2024-02-19 10:45:00,180.32,69.2
2024-02-19 11:00:00,179.01,67.4
2024-02-19 11:15:00,186.47,70.1
2024-02-19 11:30:00,189.18,70.0
2024-02-19 11:45:00,184.91,67.0
2024-02-19 12:00:00,186.69,66.8
2024-02-19 12:15:00,178.88,69.6
2024-02-19 12:30:00,183.51,67.5
2024-02-19 12:45:00,185.84,66.4
2024-02-19 13:00:00,174.92,71.7
2024-02-19 13:15:00,187.55,66.0
2024-02-19 13:30:00,175.14,64.6
2024-02-19 13:45:00,182.75,65.7
2024-02-19 14:00:00,169.15,67.2
2024-02-19 14:15:00,172.45,66.4
2024-02-19 14:30:00,172.56,69.5
2024-02-19 14:45:00,166.83,63.5
2024-02-19 15:00:00,157.49,64.9
2024-02-19 15:15:00,160.44,65.9
2024-02-19 15:30:00,146.33,61.6
2024-02-19 15:45:00,148.82,63.5
2024-02-19 16:00:00,158.69,57.6
2024-02-19 16:15:00,145.84,64.0
2024-02-19 16:30:00,136.6,61.5
2024-02-19 16:45:00,126.85,57.3
2024-02-19 17:00:00,128.98,59.4
2024-02-19 17:15:00,121.23,59.4
2024-02-19 17:30:00,105.31,53.2
2024-02-19 17:45:00,116.56,53.6
2024-02-19 18:00:00,105.58,56.5
2024-02-19 18:15:00,102.66,53.0
2024-02-19 18:30:00,89.54,52.7
2024-02-19 18:45:00,73.35,51.0
2024-02-19 19:00:00,85.71,51.7
2024-02-19 19:15:00,81.34,50.0
2024-02-19 19:30:00,67.23,48.3
2024-02-19 19:45:00,64.26,43.0
2024-02-19 20:00:00,79.69,47.6
2024-02-19 20:15:00,61.03,47.0
2024-02-19 20:30:00,59.85,42.2
2024-02-19 20:45:00,47.99,41.6
2024-02-19 21:00:00,38.81,44.3
2024-02-19 21:15:00,43.3,43.0
2024-02-19 21:30:00,38.61,38.0
2024-02-19 21:45:00,37.95,39.7
2024-02-19 22:00:00,37.57,41.5
2024-02-19 22:15:00,34.12,41.8
2024-02-19 22:30:00,27.62,38.8
2024-02-19 22:45:00,25.37,39.4
2024-02-19 23:00:00,30.16,37.6
2024-02-19 23:15:00,20.0,41.8
2024-02-19 23:30:00,20.0,39.4
2024-02-19 23:45:00,29.03,37.6
2024-02-20 00:00:00,29.71,36.6
2024-02-20 00:15:00,26.02,36.4
2024-02-20 00:30:00,20.25,42.6
2024-02-20 00:45:00,22.65,38.8
2024-02-20 01:00:00,39.19,38.6
2024-02-20 01:15:00,20.79,39.3
2024-02-20 01:30:00,28.76,38.8
2024-02-20 01:45:00,38.3,40.2
2024-02-20 02:00:00,42.82,41.0
2024-02-20 02:15:00,34.96,41.5
2024-02-20 02:30:00,45.56,39.5
2024-02-20 02:45:00,34.3,44.4
2024-02-20 03:00:00,51.62,42.2
2024-02-20 03:15:00,49.58,42.7
2024-02-20 03:30:00,55.83,43.4
2024-02-20 03:45:00,59.98,43.5
2024-02-20 04:00:00,70.87,47.0
2024-02-20 04:15:00,65.68,49.1
2024-02-20 04:30:00,77.54,46.8
2024-02-20 04:45:00,77.24,45.4
2024-02-20 05:00:00,84.87,48.0
2024-02-20 05:15:00,89.9,50.1
2024-02-20 05:30:00,91.34,49.5
2024-02-20 05:45:00,100.06,51.8
2024-02-20 06:00:00,105.32,52.9
2024-02-20 06:15:00,110.21,54.9
2024-02-20 06:30:00,115.05,53.0
2024-02-20 06:45:00,126.47,58.1
2024-02-20 07:00:00,129.85,61.2
2024-02-20 07:15:00,127.31,61.7
2024-02-20 07:30:00,142.22,58.5
2024-02-20 07:45:00,135.7,62.0
2024-02-20 08:00:00,145.11,62.6
2024-02-20 08:15:00,154.98,62.2
2024-02-20 08:30:00,140.57,63.5
2024-02-20 08:45:00,157.56,65.2
2024-02-20 09:00:00,159.71,66.4
2024-02-20 09:15:00,158.52,63.7
2024-02-20 09:30:00,179.18,67.4
2024-02-20 09:45:00,167.77,69.8
2024-02-20 10:00:00,170.23,68.8
2024-02-20 10:15:00,178.55,70.5
2024-02-20 10:30:00,182.74,62.7
2024-02-20 10:45:00,180.19,69.4
2024-02-20 11:00:00,188.35,69.0
2024-02-20 11:15:00,186.46,70.8
2024-02-20 11:30:00,174.27,66.6
2024-02-20 11:45:00,183.52,68.0
2024-02-20 12:00:00,183.18,70.8
2024-02-20 12:15:00,187.53,66.9
2024-02-20 12:30:00,171.45,69.4
2024-02-20 12:45:00,197.43,68.7
2024-02-20 13:00:00,186.27,68.1
2024-02-20 13:15:00,181.76,69.4
2024-02-20 13:30:00,185.79,65.7
2024-02-20 13:45:00,187.8,65.9
2024-02-20 14:00:00,176.79,66.8
2024-02-20 14:15:00,176.38,64.1
2024-02-20 14:30:00,167.73,68.4
2024-02-20 14:45:00,163.86,63.7
2024-02-20 15:00:00,161.31,66.2
2024-02-20 15:15:00,154.04,62.2
2024-02-20 15:30:00,152.18,64.6
2024-02-20 15:45:00,145.09,59.2
2024-02-20 16:00:00,143.78,64.4
2024-02-20 16:15:00,131.72,63.0
2024-02-20 16:30:00,140.15,58.7
2024-02-20 16:45:00,132.2,57.3
2024-02-20 17:00:00,127.65,58.9
2024-02-20 17:15:00,119.12,54.0
2024-02-20 17:30:00,131.89,56.1
2024-02-20 17:45:00,115.6,53.5
2024-02-20 18:00:00,99.45,53.6
2024-02-20 18:15:00,100.45,51.8
2024-02-20 18:30:00,91.65,50.6
2024-02-20 18:45:00,85.33,54.6
2024-02-20 19:00:00,80.09,51.8
2024-02-20 19:15:00,81.9,46.3
2024-02-20 19:30:00,78.65,46.6
2024-02-20 19:45:00,73.04,49.2
2024-02-20 20:00:00,69.84,48.6
2024-02-20 20:15:00,66.99,43.0
2024-02-20 20:30:00,53.71,46.4
2024-02-20 20:45:00,55.41,44.8
2024-02-20 21:00:00,52.92,39.6
2024-02-20 21:15:00,40.48,42.1
2024-02-20 21:30:00,38.57,42.0
2024-02-20 21:45:00,46.68,41.8
2024-02-20 22:00:00,39.68,38.5
2024-02-20 22:15:00,37.03,39.2
2024-02-20 22:30:00,28.73,39.0
2024-02-20 22:45:00,26.08,38.9
2024-02-20 23:00:00,29.2,38.6
2024-02-20 23:15:00,25.87,39.2
2024-02-20 23:30:00,20.26,39.9
2024-02-20 23:45:00,26.75,42.7
2024-02-21 00:00:00,20.0,40.9
2024-02-21 00:15:00,22.41,41.8
2024-02-21 00:30:00,30.0,38.3
2024-02-21 00:45:00,30.41,37.5
2024-02-21 01:00:00,24.87,41.3
2024-02-21 01:15:00,25.28,39.9
2024-02-21 01:30:00,25.17,41.8
2024-02-21 01:45:00,31.47,39.0
2024-02-21 02:00:00,40.53,42.5
2024-02-21 02:15:00,47.28,41.4
2024-02-21 02:30:00,39.94,41.4
2024-02-21 02:45:00,39.2,42.2
2024-02-21 03:00:00,52.04,44.6
2024-02-21 03:15:00,48.23,45.9
2024-02-21 03:30:00,53.26,44.3
2024-02-21 03:45:00,68.56,46.6
2024-02-21 04:00:00,70.28,47.4
2024-02-21 04:15:00,70.55,49.1
2024-02-21 04:30:00,68.81,50.5
2024-02-21 04:45:00,81.47,53.0
2024-02-21 05:00:00,90.5,49.4
2024-02-21 05:15:00,88.67,54.2
2024-02-21 05:30:00,101.5,52.5
2024-02-21 05:45:00,107.45,51.1
2024-02-21 06:00:00,114.03,52.9
2024-02-21 06:15:00,111.98,56.2
2024-02-21 06:30:00,118.83,57.6
2024-02-21 06:45:00,126.79,55.1
2024-02-21 07:00:00,127.2,56.6
2024-02-21 07:15:00,128.27,58.0
2024-02-21 07:30:00,134.14,58.3
2024-02-21 07:45:00,140.93,57.1
2024-02-21 08:00:00,138.63,57.3
2024-02-21 08:15:00,147.65,61.8
2024-02-21 08:30:00,158.76,63.9
2024-02-21 08:45:00,147.12,65.5
2024-02-21 09:00:00,169.27,62.2
2024-02-21 09:15:00,171.35,62.9
2024-02-21 09:30:00,166.07,65.1
2024-02-21 09:45:00,174.7,66.8
2024-02-21 10:00:00,174.29,69.3
2024-02-21 10:15:00,184.67,69.2
2024-02-21 10:30:00,184.62,67.4
2024-02-21 10:45:00,173.47,69.2
2024-02-21 11:00:00,186.88,67.1
2024-02-21 11:15:00,180.34,69.2
2024-02-21 11:30:00,177.95,69.0
2024-02-21 11:45:00,184.61,72.1
2024-02-21 12:00:00,196.37,70.3
2024-02-21 12:15:00,188.93,67.7
2024-02-21 12:30:00,180.01,67.7
2024-02-21 12:45:00,179.12,68.4
2024-02-21 13:00:00,180.43,65.7
2024-02-21 13:15:00,184.27,68.1
2024-02-21 13:30:00,178.16,67.9
2024-02-21 13:45:00,186.92,68.7
2024-02-21 14:00:00,177.57,68.5
2024-02-21 14:15:00,175.9,67.0
2024-02-21 14:30:00,171.86,63.0
2024-02-21 14:45:00,159.62,63.2
2024-02-21 15:00:00,159.84,63.7
2024-02-21 15:15:00,164.34,65.5
2024-02-21 15:30:00,154.26,64.7
2024-02-21 15:45:00,152.79,62.2
2024-02-21 16:00:00,144.48,66.6
2024-02-21 16:15:00,135.74,64.1
2024-02-21 16:30:00,139.45,62.6
2024-02-21 16:45:00,133.25,60.6
2024-02-21 17:00:00,123.92,59.2
2024-02-21 17:15:00,118.65,58.1
2024-02-21 17:30:00,112.78,52.7
2024-02-21 17:45:00,117.74,53.3
2024-02-21 18:00:00,104.13,53.9
2024-02-21 18:15:00,105.15,53.7
2024-02-21 18:30:00,101.67,52.2
2024-02-21 18:45:00,88.63,52.0
2024-02-21 19:00:00,79.06,46.3
2024-02-21 19:15:00,70.68,50.6
2024-02-21 19:30:00,67.07,48.8
2024-02-21 19:45:00,62.28,47.4
2024-02-21 20:00:00,74.19,48.8
2024-02-21 20:15:00,62.08,44.0
2024-02-21 20:30:00,59.88,44.8
2024-02-21 20:45:00,41.06,45.1
2024-02-21 21:00:00,41.31,42.1
2024-02-21 21:15:00,51.73,39.1
2024-02-21 21:30:00,43.73,40.2
2024-02-21 21:45:00,39.01,41.8
2024-02-21 22:00:00,39.97,40.9
2024-02-21 22:15:00,41.86,40.9
2024-02-21 22:30:00,30.98,39.3
2024-02-21 22:45:00,34.77,37.6
2024-02-21 23:00:00,29.43,40.2
2024-02-21 23:15:00,40.21,39.4
2024-02-21 23:30:00,20.0,40.8
2024-02-21 23:45:00,30.49,38.0
2024-02-22 00:00:00,28.34,35.4
2024-02-22 00:15:00,29.79,34.3
2024-02-22 00:30:00,23.57,38.8
2024-02-22 00:45:00,26.98,40.0
2024-02-22 01:00:00,31.97,39.5
2024-02-22 01:15:00,45.34,39.1
2024-02-22 01:30:00,41.81,37.4
2024-02-22 01:45:00,29.8,37.2
2024-02-22 02:00:00,36.59,42.2
2024-02-22 02:15:00,38.31,41.5
2024-02-22 02:30:00,29.45,41.8
2024-02-22 02:45:00,44.26,40.1
2024-02-22 03:00:00,52.98,41.9
2024-02-22 03:15:00,46.53,44.7
2024-02-22 03:30:00,61.33,45.9
2024-02-22 03:45:00,60.15,45.8
2024-02-22 04:00:00,60.34,49.8
2024-02-22 04:15:00,71.31,46.7
2024-02-22 04:30:00,85.13,51.3
2024-02-22 04:45:00,88.78,50.1
2024-02-22 05:00:00,85.69,50.8
2024-02-22 05:15:00,87.78,53.4
2024-02-22 05:30:00,96.15,51.3
2024-02-22 05:45:00,98.3,52.9
2024-02-22 06:00:00,95.8,52.1
2024-02-22 06:15:00,125.14,57.4
2024-02-22 06:30:00,116.85,57.2
2024-02-22 06:45:00,125.46,59.6
2024-02-22 07:00:00,129.52,58.8
2024-02-22 07:15:00,128.72,61.6
2024-02-22 07:30:00,137.9,58.8
2024-02-22 07:45:00,134.03,63.1
2024-02-22 08:00:00,157.67,61.2
2024-02-22 08:15:00,143.14,62.9
2024-02-22 08:30:00,149.99,65.1
2024-02-22 08:45:00,156.21,69.1
2024-02-22 09:00:00,168.96,66.8
2024-02-22 09:15:00,168.3,67.7
2024-02-22 09:30:00,161.42,65.4
2024-02-22 09:45:00,178.72,67.3
2024-02-22 10:00:00,183.85,67.4
2024-02-22 10:15:00,180.8,70.8
2024-02-22 10:30:00,181.88,68.1
2024-02-22 10:45:00,192.21,71.4
2024-02-22 11:00:00,193.06,66.5
2024-02-22 11:15:00,181.92,72.1
2024-02-22 11:30:00,198.24,67.7
2024-02-22 11:45:00,187.17,71.3
2024-02-22 12:00:00,181.24,67.9
2024-02-22 12:15:00,176.58,70.8
2024-02-22 12:30:00,183.61,67.5
2024-02-22 12:45:00,179.37,71.4
2024-02-22 13:00:00,188.65,70.8
2024-02-22 13:15:00,187.63,67.6
2024-02-22 13:30:00,174.26,69.6
2024-02-22 13:45:00,178.93,70.0
2024-02-22 14:00:00,177.05,65.8
2024-02-22 14:15:00,174.99,65.0
2024-02-22 14:30:00,172.37,64.4
2024-02-22 14:45:00,167.49,63.5
2024-02-22 15:00:00,163.38,63.1
2024-02-22 15:15:00,155.09,66.4
2024-02-22 15:30:00,147.03,64.9
2024-02-22 15:45:00,144.39,59.6
2024-02-22 16:00:00,150.31,61.1
2024-02-22 16:15:00,145.24,59.0
2024-02-22 16:30:00,132.65,62.1
2024-02-22 16:45:00,131.6,58.6
2024-02-22 17:00:00,122.94,55.4
2024-02-22 17:15:00,127.48,57.9
2024-02-22 17:30:00,114.05,57.8
2024-02-22 17:45:00,102.75,53.7
2024-02-22 18:00:00,108.67,54.1
2024-02-22 18:15:00,100.43,51.9
2024-02-22 18:30:00,94.77,55.2
2024-02-22 18:45:00,98.02,50.9
2024-02-22 19:00:00,84.98,49.3
2024-02-22 19:15:00,80.32,49.7
2024-02-22 19:30:00,69.0,48.5
2024-02-22 19:45:00,66.1,49.4
2024-02-22 20:00:00,69.65,49.6
2024-02-22 20:15:00,54.76,48.8
2024-02-22 20:30:00,59.19,44.8
2024-02-22 20:45:00,54.04,45.4
2024-02-22 21:00:00,51.73,47.1
2024-02-22 21:15:00,52.81,46.5
2024-02-22 21:30:00,43.45,41.0
2024-02-22 21:45:00,45.72,43.4
2024-02-22 22:00:00,33.36,42.6
2024-02-22 22:15:00,31.82,43.1
2024-02-22 22:30:00,31.74,43.3
2024-02-22 22:45:00,25.2,38.4
2024-02-22 23:00:00,33.59,38.8
2024-02-22 23:15:00,39.36,41.8
2024-02-22 23:30:00,27.96,40.1
2024-02-22 23:45:00,29.78,35.3
2024-02-23 00:00:00,26.3,36.4
2024-02-23 00:15:00,23.5,41.1
2024-02-23 00:30:00,20.0,41.5
2024-02-23 00:45:00,25.03,37.3
2024-02-23 01:00:00,23.27,42.4
2024-02-23 01:15:00,36.61,40.1
2024-02-23 01:30:00,31.51,38.8
2024-02-23 01:45:00,32.52,40.2
2024-02-23 02:00:00,40.59,39.3
2024-02-23 02:15:00,33.27,41.0
2024-02-23 02:30:00,39.5,39.1
2024-02-23 02:45:00,45.13,43.3
2024-02-23 03:00:00,55.95,45.3
2024-02-23 03:15:00,55.51,42.2
2024-02-23 03:30:00,59.84,45.7
2024-02-23 03:45:00,61.16,44.8
2024-02-23 04:00:00,68.16,48.6
2024-02-23 04:15:00,71.18,43.5
2024-02-23 04:30:00,69.35,50.5
2024-02-23 04:45:00,81.49,46.3
2024-02-23 05:00:00,78.73,50.5
2024-02-23 05:15:00,90.04,50.4
2024-02-23 05:30:00,93.66,52.1
2024-02-23 05:45:00,114.13,50.8
2024-02-23 06:00:00,102.64,58.1
2024-02-23 06:15:00,104.89,53.2
2024-02-23 06:30:00,115.82,54.3
2024-02-23 06:45:00,123.21,61.3
2024-02-23 07:00:00,134.21,59.3
2024-02-23 07:15:00,126.66,57.1
2024-02-23 07:30:00,131.78,60.3
2024-02-23 07:45:00,146.41,61.0
2024-02-23 08:00:00,137.73,58.9
2024-02-23 08:15:00,150.35,61.6
2024-02-23 08:30:00,152.05,63.9
2024-02-23 08:45:00,158.75,67.2
2024-02-23 09:00:00,165.53,65.1
2024-02-23 09:15:00,160.01,65.9
2024-02-23 09:30:00,167.74,65.1
2024-02-23 09:45:00,171.72,69.5
2024-02-23 10:00:00,177.37,69.6
2024-02-23 10:15:00,179.07,69.9
2024-02-23 10:30:00,182.74,68.9
2024-02-23 10:45:00,186.94,65.9
2024-02-23 11:00:00,183.55,71.5
2024-02-23 11:15:00,185.44,69.7
2024-02-23 11:30:00,177.82,69.1
2024-02-23 11:45:00,185.49,70.7
2024-02-23 12:00:00,188.62,70.3
2024-02-23 12:15:00,187.54,67.7
2024-02-23 12:30:00,180.74,69.1
2024-02-23 12:45:00,181.53,65.8
2024-02-23 13:00:00,187.4,69.5
2024-02-23 13:15:00,185.61,71.7
2024-02-23 13:30:00,185.34,65.1
2024-02-23 13:45:00,175.8,68.6
2024-02-23 14:00:00,177.36,69.2
2024-02-23 14:15:00,172.06,69.0
2024-02-23 14:30:00,160.27,65.3
2024-02-23 14:45:00,164.97,64.0
2024-02-23 15:00:00,168.59,64.3
2024-02-23 15:15:00,159.19,67.2
2024-02-23 15:30:00,163.04,60.6
2024-02-23 15:45:00,146.94,60.8
2024-02-23 16:00:00,148.78,61.5
2024-02-23 16:15:00,139.7,59.6
2024-02-23 16:30:00,130.97,60.6
2024-02-23 16:45:00,131.05,62.6
2024-02-23 17:00:00,127.79,56.4
2024-02-23 17:15:00,137.61,57.6
2024-02-23 17:30:00,117.18,56.9
2024-02-23 17:45:00,104.33,55.2
2024-02-23 18:00:00,107.38,51.8
2024-02-23 18:15:00,88.89,52.7
2024-02-23 18:30:00,99.41,51.7
2024-02-23 18:45:00,91.57,53.3
2024-02-23 19:00:00,90.72,51.9
2024-02-23 19:15:00,84.76,47.0
2024-02-23 19:30:00,73.39,48.4
2024-02-23 19:45:00,65.36,47.3
2024-02-23 20:00:00,63.74,51.4
2024-02-23 20:15:00,55.9,47.2
2024-02-23 20:30:00,58.43,43.7
2024-02-23 20:45:00,47.46,43.5
2024-02-23 21:00:00,48.28,43.6
2024-02-23 21:15:00,42.46,44.4
2024-02-23 21:30:00,45.06,44.0
2024-02-23 21:45:00,49.57,42.9
2024-02-23 22:00:00,30.3,41.6
2024-02-23 22:15:00,24.37,41.3
2024-02-23 22:30:00,32.45,40.9
2024-02-23 22:45:00,29.22,37.2
2024-02-23 23:00:00,29.65,40.4
2024-02-23 23:15:00,26.42,39.1
2024-02-23 23:30:00,26.39,36.8
2024-02-23 23:45:00,26.77,44.9
2024-02-24 00:00:00,23.46,40.6
2024-02-24 00:15:00,20.0,40.1
2024-02-24 00:30:00,20.0,39.4
2024-02-24 00:45:00,21.23,41.8
2024-02-24 01:00:00,20.0,38.2
2024-02-24 01:15:00,28.45,40.2
2024-02-24 01:30:00,24.77,39.3
2024-02-24 01:45:00,23.9,43.0
2024-02-24 02:00:00,29.94,40.4
2024-02-24 02:15:00,27.28,44.8
2024-02-24 02:30:00,23.2,42.9
2024-02-24 02:45:00,31.43,45.3
2024-02-24 03:00:00,44.37,45.2
2024-02-24 03:15:00,37.94,47.3
2024-02-24 03:30:00,36.71,44.0
2024-02-24 03:45:00,49.85,48.5
2024-02-24 04:00:00,47.07,43.8
2024-02-24 04:15:00,48.09,48.5
2024-02-24 04:30:00,57.03,48.2
2024-02-24 04:45:00,61.04,47.4
2024-02-24 05:00:00,73.58,49.4
2024-02-24 05:15:00,66.51,50.9
2024-02-24 05:30:00,74.56,52.7
2024-02-24 05:45:00,68.77,53.0
2024-02-24 06:00:00,71.19,55.2
2024-02-24 06:15:00,78.42,54.4
2024-02-24 06:30:00,84.68,56.1
2024-02-24 06:45:00,81.51,57.4
2024-02-24 07:00:00,96.68,59.3
2024-02-24 07:15:00,95.68,61.6
2024-02-24 07:30:00,100.4,62.5
2024-02-24 07:45:00,103.88,62.2
2024-02-24 08:00:00,105.61,63.5
2024-02-24 08:15:00,106.73,64.1
2024-02-24 08:30:00,107.08,63.6
2024-02-24 08:45:00,108.38,66.8
2024-02-24 09:00:00,125.04,63.9
2024-02-24 09:15:00,120.72,62.3
2024-02-24 09:30:00,118.03,64.9
2024-02-24 09:45:00,116.93,70.4
2024-02-24 10:00:00,143.05,67.5
2024-02-24 10:15:00,122.64,69.1
2024-02-24 10:30:00,125.73,68.4
2024-02-24 10:45:00,131.3,70.5
2024-02-24 11:00:00,135.25,69.8
2024-02-24 11:15:00,135.84,69.7
2024-02-24 11:30:00,141.71,71.2
2024-02-24 11:45:00,134.76,69.2
2024-02-24 12:00:00,126.91,70.9
2024-02-24 12:15:00,129.95,69.8
2024-02-24 12:30:00,132.43,69.8
2024-02-24 12:45:00,138.17,68.2
2024-02-24 13:00:00,124.4,69.2
2024-02-24 13:15:00,134.96,68.3
2024-02-24 13:30:00,129.51,71.3
2024-02-24 13:45:00,128.53,65.2
2024-02-24 14:00:00,123.41,69.9
2024-02-24 14:15:00,115.88,64.2
2024-02-24 14:30:00,123.46,68.1
2024-02-24 14:45:00,121.78,64.8
2024-02-24 15:00:00,120.65,66.9
2024-02-24 15:15:00,108.88,64.8
2024-02-24 15:30:00,105.87,61.4
2024-02-24 15:45:00,96.77,66.2
2024-02-24 16:00:00,109.98,64.2
2024-02-24 16:15:00,104.46,62.8
2024-02-24 16:30:00,91.83,59.7
2024-02-24 16:45:00,93.25,61.6
2024-02-24 17:00:00,88.37,56.5
2024-02-24 17:15:00,79.64,53.7
2024-02-24 17:30:00,79.62,54.0
2024-02-24 17:45:00,74.82,54.3
2024-02-24 18:00:00,74.47,53.7
2024-02-24 18:15:00,67.61,53.4
2024-02-24 18:30:00,60.94,52.5
2024-02-24 18:45:00,76.13,51.0
2024-02-24 19:00:00,67.03,47.1
2024-02-24 19:15:00,53.59,50.8
2024-02-24 19:30:00,55.47,49.0
2024-02-24 19:45:00,55.41,47.2
2024-02-24 20:00:00,52.72,50.5
2024-02-24 20:15:00,42.05,46.4
2024-02-24 20:30:00,45.79,46.2
2024-02-24 20:45:00,38.23,46.9
2024-02-24 21:00:00,25.98,41.7
2024-02-24 21:15:00,37.81,43.9
2024-02-24 21:30:00,36.5,44.9
2024-02-24 21:45:00,41.13,42.6
2024-02-24 22:00:00,22.5,39.7
2024-02-24 22:15:00,26.5,40.8
2024-02-24 22:30:00,22.56,41.8
2024-02-24 22:45:00,26.14,36.8
2024-02-24 23:00:00,20.0,38.1
2024-02-24 23:15:00,20.0,44.5
2024-02-24 23:30:00,20.0,41.4
2024-02-24 23:45:00,20.61,43.3
2024-02-25 00:00:00,20.0,42.0
2024-02-25 00:15:00,24.56,41.1
2024-02-25 00:30:00,26.28,39.8
2024-02-25 00:45:00,23.51,41.3
2024-02-25 01:00:00,30.82,43.7
2024-02-25 01:15:00,25.82,42.7
2024-02-25 01:30:00,20.0,41.8
2024-02-25 01:45:00,23.91,41.5
2024-02-25 02:00:00,25.38,43.3
2024-02-25 02:15:00,34.63,41.8
2024-02-25 02:30:00,40.2,44.4
2024-02-25 02:45:00,37.98,42.6
2024-02-25 03:00:00,29.37,44.0
2024-02-25 03:15:00,34.01,43.4
2024-02-25 03:30:00,47.96,45.3
2024-02-25 03:45:00,45.3,45.6
2024-02-25 04:00:00,48.89,51.2
2024-02-25 04:15:00,56.83,46.9
2024-02-25 04:30:00,56.15,50.4
2024-02-25 04:45:00,60.93,48.6
2024-02-25 05:00:00,60.34,51.5
2024-02-25 05:15:00,63.29,53.0
2024-02-25 05:30:00,72.35,49.7
2024-02-25 05:45:00,76.14,51.6
2024-02-25 06:00:00,72.0,53.4
2024-02-25 06:15:00,84.07,53.7
2024-02-25 06:30:00,82.97,57.5
2024-02-25 06:45:00,83.52,58.8
2024-02-25 07:00:00,87.02,57.1
2024-02-25 07:15:00,90.36,60.4
2024-02-25 07:30:00,93.41,60.3
2024-02-25 07:45:00,104.83,61.8
2024-02-25 08:00:00,103.87,61.6
2024-02-25 08:15:00,108.38,64.7
2024-02-25 08:30:00,106.12,67.8
2024-02-25 08:45:00,112.88,66.8
2024-02-25 09:00:00,106.25,68.8
2024-02-25 09:15:00,120.22,63.9
2024-02-25 09:30:00,118.69,65.9
2024-02-25 09:45:00,124.21,69.0
2024-02-25 10:00:00,124.36,71.4
2024-02-25 10:15:00,121.09,70.2
2024-02-25 10:30:00,133.62,67.2
2024-02-25 10:45:00,129.72,68.7
2024-02-25 11:00:00,131.82,70.6
2024-02-25 11:15:00,131.62,69.8
2024-02-25 11:30:00,129.78,68.7
2024-02-25 11:45:00,132.58,69.8
2024-02-25 12:00:00,131.96,70.4
2024-02-25 12:15:00,121.6,68.2
2024-02-25 12:30:00,128.06,72.3
2024-02-25 12:45:00,128.08,69.3
2024-02-25 13:00:00,133.61,69.8
2024-02-25 13:15:00,134.31,71.7
2024-02-25 13:30:00,126.21,69.0
2024-02-25 13:45:00,125.73,70.9
2024-02-25 14:00:00,125.85,66.4
2024-02-25 14:15:00,119.96,68.8
2024-02-25 14:30:00,116.29,69.0
2024-02-25 14:45:00,122.56,65.1
2024-02-25 15:00:00,114.74,65.7
2024-02-25 15:15:00,114.46,65.0
2024-02-25 15:30:00,101.79,65.0
2024-02-25 15:45:00,105.8,64.7
2024-02-25 16:00:00,103.23,61.1
2024-02-25 16:15:00,109.18,62.0
2024-02-25 16:30:00,96.46,64.4
2024-02-25 16:45:00,82.42,62.4
2024-02-25 17:00:00,76.38,60.9
2024-02-25 17:15:00,87.08,58.0
2024-02-25 17:30:00,87.13,61.7
2024-02-25 17:45:00,78.15,58.5
2024-02-25 18:00:00,77.11,55.6
2024-02-25 18:15:00,77.96,55.0
2024-02-25 18:30:00,64.69,52.6
2024-02-25 18:45:00,69.36,53.4
2024-02-25 19:00:00,51.22,52.8
2024-02-25 19:15:00,52.92,52.1
2024-02-25 19:30:00,44.64,49.4
2024-02-25 19:45:00,50.0,45.9
2024-02-25 20:00:00,45.69,48.5
2024-02-25 20:15:00,45.01,48.6
2024-02-25 20:30:00,43.33,44.4
2024-02-25 20:45:00,34.53,45.4
2024-02-25 21:00:00,46.08,47.6
2024-02-25 21:15:00,24.12,41.8
2024-02-25 21:30:00,37.05,43.1
2024-02-25 21:45:00,28.13,46.0
2024-02-25 22:00:00,24.33,42.9
2024-02-25 22:15:00,32.61,41.0
2024-02-25 22:30:00,20.0,41.7
2024-02-25 22:45:00,21.15,43.0
2024-02-25 23:00:00,20.0,40.6
2024-02-25 23:15:00,21.18,42.0
2024-02-25 23:30:00,20.95,41.1
2024-02-25 23:45:00,21.63,41.2
2024-02-26 00:00:00,39.81,41.9
2024-02-26 00:15:00,20.0,40.0
2024-02-26 00:30:00,29.67,38.8
2024-02-26 00:45:00,24.64,41.8
2024-02-26 01:00:00,26.45,40.8
2024-02-26 01:15:00,26.58,40.5
2024-02-26 01:30:00,25.23,42.8
2024-02-26 01:45:00,43.94,44.7
2024-02-26 02:00:00,36.89,42.3
2024-02-26 02:15:00,44.12,43.1
2024-02-26 02:30:00,48.76,41.3
2024-02-26 02:45:00,37.1,43.9
2024-02-26 03:00:00,43.87,45.4
2024-02-26 03:15:00,43.67,45.7
2024-02-26 03:30:00,54.27,45.7
2024-02-26 03:45:00,62.79,48.7
2024-02-26 04:00:00,67.38,48.2
2024-02-26 04:15:00,72.07,54.1
2024-02-26 04:30:00,67.28,50.3
2024-02-26 04:45:00,83.27,45.3
2024-02-26 05:00:00,89.53,49.5
2024-02-26 05:15:00,94.3,53.8
2024-02-26 05:30:00,85.95,52.4
2024-02-26 05:45:00,105.54,53.5
2024-02-26 06:00:00,100.72,53.1
2024-02-26 06:15:00,107.32,55.7
2024-02-26 06:30:00,119.25,58.0
2024-02-26 06:45:00,121.86,59.3
2024-02-26 07:00:00,122.09,57.5
2024-02-26 07:15:00,132.92,62.1
2024-02-26 07:30:00,131.73,59.0
2024-02-26 07:45:00,148.51,63.2
2024-02-26 08:00:00,145.21,63.8
2024-02-26 08:15:00,157.56,62.1
2024-02-26 08:30:00,154.62,62.7
2024-02-26 08:45:00,155.0,66.3
2024-02-26 09:00:00,158.62,65.1
2024-02-26 09:15:00,171.56,66.6
2024-02-26 09:30:00,167.38,68.9
2024-02-26 09:45:00,176.82,69.1
2024-02-26 10:00:00,179.44,66.8
2024-02-26 10:15:00,170.17,69.0
2024-02-26 10:30:00,177.67,67.7
2024-02-26 10:45:00,175.7,71.6
2024-02-26 11:00:00,184.22,73.2
2024-02-26 11:15:00,179.76,68.7
2024-02-26 11:30:00,190.32,70.5
2024-02-26 11:45:00,184.55,72.5
2024-02-26 12:00:00,185.37,70.7
2024-02-26 12:15:00,191.05,71.8
2024-02-26 12:30:00,189.59,70.7
2024-02-26 12:45:00,183.24,68.3
2024-02-26 13:00:00,181.22,70.4
2024-02-26 13:15:00,169.28,72.2
2024-02-26 13:30:00,173.34,70.2
2024-02-26 13:45:00,175.35,72.4
2024-02-26 14:00:00,172.68,65.2
2024-02-26 14:15:00,169.21,69.0
2024-02-26 14:30:00,172.37,66.3
2024-02-26 14:45:00,162.5,65.3
2024-02-26 15:00:00,161.83,69.0
2024-02-26 15:15:00,168.41,65.1
2024-02-26 15:30:00,156.56,64.2
2024-02-26 15:45:00,150.01,64.8
2024-02-26 16:00:00,144.41,58.9
2024-02-26 16:15:00,139.01,65.1
2024-02-26 16:30:00,130.92,65.3
2024-02-26 16:45:00,128.69,62.4
2024-02-26 17:00:00,131.11,60.5
2024-02-26 17:15:00,119.87,58.3
2024-02-26 17:30:00,114.77,55.6
2024-02-26 17:45:00,120.49,59.1
2024-02-26 18:00:00,105.82,57.6
2024-02-26 18:15:00,92.92,55.7
2024-02-26 18:30:00,94.58,54.5
2024-02-26 18:45:00,89.52,53.4
2024-02-26 19:00:00,94.51,50.8
2024-02-26 19:15:00,73.9,56.0
2024-02-26 19:30:00,80.65,49.5
2024-02-26 19:45:00,77.29,48.3
2024-02-26 20:00:00,62.86,50.5
2024-02-26 20:15:00,59.69,47.4
2024-02-26 20:30:00,53.46,46.6
2024-02-26 20:45:00,52.06,48.7
2024-02-26 21:00:00,45.1,46.6
2024-02-26 21:15:00,49.38,46.0
2024-02-26 21:30:00,49.92,41.1
2024-02-26 21:45:00,36.96,44.1
2024-02-26 22:00:00,28.0,40.8
2024-02-26 22:15:00,32.89,41.5
2024-02-26 22:30:00,33.23,42.3
2024-02-26 22:45:00,33.01,41.5
2024-02-26 23:00:00,28.53,42.6
2024-02-26 23:15:00,24.12,42.7
2024-02-26 23:30:00,33.53,42.6
2024-02-26 23:45:00,26.51,38.2
2024-02-27 00:00:00,25.68,45.6
2024-02-27 00:15:00,24.72,40.8
2024-02-27 00:30:00,20.0,43.4
2024-02-27 00:45:00,36.84,36.1
2024-02-27 01:00:00,28.01,40.8
2024-02-27 01:15:00,29.79,38.7
2024-02-27 01:30:00,26.46,40.3
2024-02-27 01:45:00,39.9,42.5
2024-02-27 02:00:00,48.64,42.2
2024-02-27 02:15:00,40.74,46.0
2024-02-27 02:30:00,42.74,47.5
2024-02-27 02:45:00,45.47,42.7
2024-02-27 03:00:00,43.2,44.3
2024-02-27 03:15:00,59.18,43.9
2024-02-27 03:30:00,58.63,49.1
2024-02-27 03:45:00,61.71,47.9
2024-02-27 04:00:00,62.89,48.4
2024-02-27 04:15:00,69.49,49.9
2024-02-27 04:30:00,74.46,49.5
2024-02-27 04:45:00,87.62,49.4
2024-02-27 05:00:00,84.26,52.1
2024-02-27 05:15:00,101.94,52.4
2024-02-27 05:30:00,96.29,54.6
2024-02-27 05:45:00,95.88,51.7
2024-02-27 06:00:00,106.02,56.3
2024-02-27 06:15:00,108.75,55.5
2024-02-27 06:30:00,105.66,58.2
2024-02-27 06:45:00,130.13,60.6
2024-02-27 07:00:00,129.87,58.7
2024-02-27 07:15:00,132.97,63.1
2024-02-27 07:30:00,140.32,58.2
2024-02-27 07:45:00,133.53,65.6
2024-02-27 08:00:00,143.79,65.9
2024-02-27 08:15:00,154.28,62.5
2024-02-27 08:30:00,151.41,63.3
2024-02-27 08:45:00,151.17,62.8
2024-02-27 09:00:00,161.5,68.4
2024-02-27 09:15:00,166.56,66.6
2024-02-27 09:30:00,172.32,67.0
2024-02-27 09:45:00,176.45,66.2
2024-02-27 10:00:00,178.47,72.6
2024-02-27 10:15:00,180.12,67.5
2024-02-27 10:30:00,184.7,69.9
2024-02-27 10:45:00,174.59,70.6
2024-02-27 11:00:00,192.06,69.7
2024-02-27 11:15:00,188.14,69.5
2024-02-27 11:30:00,179.61,70.1
2024-02-27 11:45:00,177.55,72.1
2024-02-27 12:00:00,182.26,70.3
2024-02-27 12:15:00,183.23,74.2
2024-02-27 12:30:00,190.25,69.3
2024-02-27 12:45:00,184.72,72.2
2024-02-27 13:00:00,176.9,67.0
2024-02-27 13:15:00,179.56,68.6
2024-02-27 13:30:00,188.03,68.2
2024-02-27 13:45:00,178.88,67.2
2024-02-27 14:00:00,173.31,69.6
2024-02-27 14:15:00,173.05,68.3
2024-02-27 14:30:00,172.89,63.3
2024-02-27 14:45:00,169.17,71.3
2024-02-27 15:00:00,176.13,67.0
2024-02-27 15:15:00,161.0,65.9
2024-02-27 15:30:00,151.84,67.8
2024-02-27 15:45:00,162.84,66.3
2024-02-27 16:00:00,141.42,62.9
2024-02-27 16:15:00,139.99,58.8
2024-02-27 16:30:00,130.8,62.9
2024-02-27 16:45:00,136.64,58.9
2024-02-27 17:00:00,135.79,62.4
2024-02-27 17:15:00,132.26,57.4
2024-02-27 17:30:00,123.79,57.1
2024-02-27 17:45:00,109.78,54.3
2024-02-27 18:00:00,104.34,53.5
2024-02-27 18:15:00,95.04,54.8
2024-02-27 18:30:00,105.23,53.7
2024-02-27 18:45:00,91.19,52.2
2024-02-27 19:00:00,82.87,56.3
2024-02-27 19:15:00,84.08,52.4
2024-02-27 19:30:00,71.66,50.3
2024-02-27 19:45:00,71.92,43.9
2024-02-27 20:00:00,67.05,50.2
2024-02-27 20:15:00,67.41,53.7
2024-02-27 20:30:00,57.47,46.6
2024-02-27 20:45:00,44.45,44.6
2024-02-27 21:00:00,50.39,45.8
2024-02-27 21:15:00,49.68,41.9
2024-02-27 21:30:00,41.52,45.1
2024-02-27 21:45:00,43.88,46.6
2024-02-27 22:00:00,31.53,41.8
2024-02-27 22:15:00,34.34,41.4
2024-02-27 22:30:00,29.43,42.1
2024-02-27 22:45:00,33.95,40.9
2024-02-27 23:00:00,35.07,38.6
2024-02-27 23:15:00,31.34,40.6
2024-02-27 23:30:00,30.7,40.1
2024-02-27 23:45:00,29.54,43.9
2024-02-28 00:00:00,23.42,43.4
2024-02-28 00:15:00,20.92,43.9
2024-02-28 00:30:00,28.56,42.9
2024-02-28 00:45:00,26.28,41.8
2024-02-28 01:00:00,30.99,39.9
2024-02-28 01:15:00,29.8,44.6
2024-02-28 01:30:00,27.18,43.0
2024-02-28 01:45:00,25.21,40.2
2024-02-28 02:00:00,33.91,41.3
2024-02-28 02:15:00,41.56,41.1
2024-02-28 02:30:00,35.96,40.1
2024-02-28 02:45:00,46.48,45.6
2024-02-28 03:00:00,59.46,43.1
2024-02-28 03:15:00,61.2,44.7
2024-02-28 03:30:00,68.48,47.1
2024-02-28 03:45:00,64.07,47.4
2024-02-28 04:00:00,70.15,47.2
2024-02-28 04:15:00,67.69,52.6
2024-02-28 04:30:00,77.89,47.4
2024-02-28 04:45:00,65.33,48.4
2024-02-28 05:00:00,89.98,53.2
2024-02-28 05:15:00,99.24,52.0
2024-02-28 05:30:00,93.53,52.9
2024-02-28 05:45:00,100.23,53.0
2024-02-28 06:00:00,103.37,56.9
2024-02-28 06:15:00,113.83,57.6
2024-02-28 06:30:00,121.98,58.4
2024-02-28 06:45:00,115.45,58.0
2024-02-28 07:00:00,129.25,58.6
2024-02-28 07:15:00,130.36,60.7
2024-02-28 07:30:00,138.35,63.9
2024-02-28 07:45:00,144.81,66.0
2024-02-28 08:00:00,145.76,65.9
2024-02-28 08:15:00,151.77,65.6
2024-02-28 08:30:00,155.44,67.3
2024-02-28 08:45:00,165.09,63.7
2024-02-28 09:00:00,167.72,65.4
2024-02-28 09:15:00,167.59,68.5
2024-02-28 09:30:00,163.14,67.9
2024-02-28 09:45:00,171.98,69.4
2024-02-28 10:00:00,181.96,71.2
2024-02-28 10:15:00,178.44,71.3
2024-02-28 10:30:00,182.72,67.9
2024-02-28 10:45:00,191.69,70.5
2024-02-28 11:00:00,185.4,68.9
2024-02-28 11:15:00,187.03,69.4
2024-02-28 11:30:00,183.24,67.7
2024-02-28 11:45:00,171.83,71.5
2024-02-28 12:00:00,183.9,67.7
2024-02-28 12:15:00,182.94,72.0
2024-02-28 12:30:00,189.06,73.8
2024-02-28 12:45:00,184.99,72.0
2024-02-28 13:00:00,179.67,70.9
2024-02-28 13:15:00,173.18,73.5
2024-02-28 13:30:00,176.67,70.8
2024-02-28 13:45:00,180.98,68.0
2024-02-28 14:00:00,182.57,69.5
2024-02-28 14:15:00,170.14,72.7
2024-02-28 14:30:00,172.49,66.0
2024-02-28 14:45:00,170.88,64.8
2024-02-28 15:00:00,160.04,68.1
2024-02-28 15:15:00,159.58,65.7
2024-02-28 15:30:00,152.44,64.4
2024-02-28 15:45:00,154.74,62.1
2024-02-28 16:00:00,147.76,59.9
2024-02-28 16:15:00,143.14,60.0
2024-02-28 16:30:00,134.6,65.3
2024-02-28 16:45:00,135.57,61.1
2024-02-28 17:00:00,140.93,56.3
2024-02-28 17:15:00,116.02,61.6
2024-02-28 17:30:00,114.85,60.7
2024-02-28 17:45:00,112.83,59.8
2024-02-28 18:00:00,111.72,55.5
2024-02-28 18:15:00,96.3,54.8
2024-02-28 18:30:00,81.91,54.6
2024-02-28 18:45:00,96.56,56.2
2024-02-28 19:00:00,87.55,51.3
2024-02-28 19:15:00,67.61,50.0
2024-02-28 19:30:00,71.34,52.0
2024-02-28 19:45:00,76.66,52.1
2024-02-28 20:00:00,73.51,48.7
2024-02-28 20:15:00,66.49,49.4
2024-02-28 20:30:00,56.71,47.4
2024-02-28 20:45:00,54.46,46.0
2024-02-28 21:00:00,48.44,44.1
2024-02-28 21:15:00,53.83,42.8
2024-02-28 21:30:00,38.66,43.2
2024-02-28 21:45:00,37.29,41.9
2024-02-28 22:00:00,40.64,43.9
2024-02-28 22:15:00,33.74,45.4
2024-02-28 22:30:00,40.22,42.9
2024-02-28 22:45:00,32.04,40.3
2024-02-28 23:00:00,27.93,43.6
2024-02-28 23:15:00,21.64,42.3
2024-02-28 23:30:00,28.01,42.5
2024-02-28 23:45:00,20.0,40.4
2024-02-29 00:00:00,23.02,43.7
2024-02-29 00:15:00,20.0,43.7
2024-02-29 00:30:00,29.6,41.2
2024-02-29 00:45:00,31.07,43.1
2024-02-29 01:00:00,20.0,44.1
2024-02-29 01:15:00,36.73,41.3
2024-02-29 01:30:00,46.46,42.4
2024-02-29 01:45:00,31.95,43.1
2024-02-29 02:00:00,34.76,41.2
2024-02-29 02:15:00,55.67,44.8
2024-02-29 02:30:00,38.94,46.6
2024-02-29 02:45:00,46.92,44.9
2024-02-29 03:00:00,50.44,46.5
2024-02-29 03:15:00,59.9,49.3
2024-02-29 03:30:00,57.42,46.5
2024-02-29 03:45:00,59.67,48.8
2024-02-29 04:00:00,61.42,47.8
2024-02-29 04:15:00,67.84,48.6
2024-02-29 04:30:00,70.91,51.4
2024-02-29 04:45:00,81.16,52.1
2024-02-29 05:00:00,82.42,53.7
2024-02-29 05:15:00,84.71,53.7
2024-02-29 05:30:00,103.15,55.4
2024-02-29 05:45:00,99.76,58.8
2024-02-29 06:00:00,100.14,58.6
2024-02-29 06:15:00,111.49,58.1
2024-02-29 06:30:00,117.79,59.4
2024-02-29 06:45:00,114.13,58.8
2024-02-29 07:00:00,128.75,60.0
2024-02-29 07:15:00,123.91,62.3
2024-02-29 07:30:00,145.74,62.4
2024-02-29 07:45:00,144.3,64.7
2024-02-29 08:00:00,146.92,66.5
2024-02-29 08:15:00,147.75,64.6
2024-02-29 08:30:00,156.35,61.6
2024-02-29 08:45:00,163.54,70.5
2024-02-29 09:00:00,163.08,65.8
2024-02-29 09:15:00,165.22,68.2
2024-02-29 09:30:00,168.62,69.9
2024-02-29 09:45:00,169.81,71.8
2024-02-29 10:00:00,172.4,73.1
2024-02-29 10:15:00,167.62,69.2
2024-02-29 10:30:00,183.02,72.7
2024-02-29 10:45:00,181.82,71.1
2024-02-29 11:00:00,180.47,76.5
2024-02-29 11:15:00,195.66,73.4
2024-02-29 11:30:00,184.58,71.0
2024-02-29 11:45:00,181.63,69.9
2024-02-29 12:00:00,192.24,66.3
2024-02-29 12:15:00,190.11,72.8
2024-02-29 12:30:00,187.4,73.4
2024-02-29 12:45:00,191.16,72.7
2024-02-29 13:00:00,187.57,66.3
2024-02-29 13:15:00,181.46,68.2
2024-02-29 13:30:00,183.3,71.4
2024-02-29 13:45:00,168.81,73.6
2024-02-29 14:00:00,174.13,69.4
2024-02-29 14:15:00,181.13,71.2
2024-02-29 14:30:00,164.51,66.4
2024-02-29 14:45:00,161.31,68.3
2024-02-29 15:00:00,160.26,66.6
2024-02-29 15:15:00,153.08,68.8
2024-02-29 15:30:00,145.05,64.6
2024-02-29 15:45:00,151.97,68.3
2024-02-29 16:00:00,151.06,63.5
2024-02-29 16:15:00,143.73,61.1
2024-02-29 16:30:00,136.26,60.2
2024-02-29 16:45:00,133.53,60.2
2024-02-29 17:00:00,133.62,61.2
2024-02-29 17:15:00,130.83,58.3
2024-02-29 17:30:00,114.98,56.9
2024-02-29 17:45:00,110.24,59.4
2024-02-29 18:00:00,108.32,50.2
2024-02-29 18:15:00,108.11,54.8
2024-02-29 18:30:00,94.38,52.0
2024-02-29 18:45:00,91.45,51.9
2024-02-29 19:00:00,86.01,53.2
2024-02-29 19:15:00,75.33,51.4
2024-02-29 19:30:00,74.56,50.3
2024-02-29 19:45:00,63.71,52.4
2024-02-29 20:00:00,58.48,49.1
2024-02-29 20:15:00,63.38,51.9
2024-02-29 20:30:00,55.63,48.9
2024-02-29 20:45:00,54.64,44.8
2024-02-29 21:00:00,50.34,49.9
2024-02-29 21:15:00,42.14,45.9
2024-02-29 21:30:00,43.77,48.5
2024-02-29 21:45:00,36.23,43.6
2024-02-29 22:00:00,44.45,44.2
2024-02-29 22:15:00,28.87,44.1
2024-02-29 22:30:00,30.18,42.5
2024-02-29 22:45:00,25.32,45.0
2024-02-29 23:00:00,34.87,46.0
2024-02-29 23:15:00,25.53,37.4
2024-02-29 23:30:00,24.22,43.4
2024-02-29 23:45:00,31.0,39.9
2024-03-01 00:00:00,26.31,36.5
2024-03-01 00:15:00,32.02,42.7
2024-03-01 00:30:00,22.96,42.8
2024-03-01 00:45:00,23.19,43.3
2024-03-01 01:00:00,30.08,42.9
2024-03-01 01:15:00,28.69,44.2
2024-03-01 01:30:00,36.68,41.6
2024-03-01 01:45:00,34.09,43.8
2024-03-01 02:00:00,38.26,45.1
2024-03-01 02:15:00,31.07,46.9
2024-03-01 02:30:00,52.21,44.9
2024-03-01 02:45:00,46.07,45.0
2024-03-01 03:00:00,50.5,46.0
2024-03-01 03:15:00,50.01,44.4
2024-03-01 03:30:00,58.57,49.1
2024-03-01 03:45:00,54.89,45.5
2024-03-01 04:00:00,68.69,50.0
2024-03-01 04:15:00,70.92,50.3
2024-03-01 04:30:00,74.37,47.9
2024-03-01 04:45:00,82.57,48.9
2024-03-01 05:00:00,80.58,51.1
2024-03-01 05:15:00,86.99,53.1
2024-03-01 05:30:00,98.18,57.7
2024-03-01 05:45:00,112.42,55.5
2024-03-01 06:00:00,106.07,57.8
2024-03-01 06:15:00,121.15,60.3
2024-03-01 06:30:00,117.23,60.8
2024-03-01 06:45:00,131.56,59.7
2024-03-01 07:00:00,119.79,59.2
2024-03-01 07:15:00,131.05,62.6
2024-03-01 07:30:00,128.33,61.1
2024-03-01 07:45:00,128.67,67.0
2024-03-01 08:00:00,149.62,66.0
2024-03-01 08:15:00,151.78,65.5
2024-03-01 08:30:00,153.16,66.9
2024-03-01 08:45:00,159.19,67.0
2024-03-01 09:00:00,180.29,66.6
2024-03-01 09:15:00,164.01,69.1
2024-03-01 09:30:00,173.43,68.2
2024-03-01 09:45:00,169.97,73.1
2024-03-01 10:00:00,178.05,68.4
2024-03-01 10:15:00,177.28,71.3
2024-03-01 10:30:00,178.0,69.1
2024-03-01 10:45:00,190.45,69.4
2024-03-01 11:00:00,190.55,67.7
2024-03-01 11:15:00,184.64,72.3
2024-03-01 11:30:00,175.18,70.6
2024-03-01 11:45:00,185.17,73.9
2024-03-01 12:00:00,201.18,72.6
2024-03-01 12:15:00,189.07,72.1
2024-03-01 12:30:00,189.68,68.9
2024-03-01 12:45:00,190.06,72.7
2024-03-01 13:00:00,186.81,70.0
2024-03-01 13:15:00,176.93,68.2
2024-03-01 13:30:00,166.04,71.5
2024-03-01 13:45:00,172.83,67.8
2024-03-01 14:00:00,170.29,65.6
2024-03-01 14:15:00,175.73,71.9
2024-03-01 14:30:00,163.01,67.6
2024-03-01 14:45:00,165.32,64.6
2024-03-01 15:00:00,161.48,65.5
2024-03-01 15:15:00,160.49,65.3
2024-03-01 15:30:00,149.47,68.3
2024-03-01 15:45:00,157.18,61.9
2024-03-01 16:00:00,144.8,61.7
2024-03-01 16:15:00,135.36,65.5
2024-03-01 16:30:00,136.59,61.7
2024-03-01 16:45:00,134.52,62.1
2024-03-01 17:00:00,125.46,59.8
2024-03-01 17:15:00,127.93,63.8
2024-03-01 17:30:00,116.67,56.2
2024-03-01 17:45:00,110.08,58.4
2024-03-01 18:00:00,102.68,59.9
2024-03-01 18:15:00,104.79,55.1
2024-03-01 18:30:00,95.34,53.4
2024-03-01 18:45:00,88.82,55.5
2024-03-01 19:00:00,74.55,55.0
2024-03-01 19:15:00,87.21,50.5
2024-03-01 19:30:00,69.42,54.1
2024-03-01 19:45:00,68.57,50.4
2024-03-01 20:00:00,69.58,50.4
2024-03-01 20:15:00,57.03,51.5
2024-03-01 20:30:00,49.41,49.3
2024-03-01 20:45:00,43.73,47.0
2024-03-01 21:00:00,54.5,45.0
2024-03-01 21:15:00,42.26,51.1
2024-03-01 21:30:00,57.67,43.4
2024-03-01 21:45:00,36.61,45.1
2024-03-01 22:00:00,31.73,45.0
2024-03-01 22:15:00,31.79,44.6
2024-03-01 22:30:00,30.98,47.3
2024-03-01 22:45:00,29.31,42.8
2024-03-01 23:00:00,29.77,42.3
2024-03-01 23:15:00,24.11,45.3
2024-03-01 23:30:00,21.15,41.8
2024-03-01 23:45:00,20.0,43.7
2024-03-02 00:00:00,20.0,42.3
2024-03-02 00:15:00,23.69,43.8
2024-03-02 00:30:00,20.61,43.5
2024-03-02 00:45:00,20.0,41.4
2024-03-02 01:00:00,30.01,38.8
2024-03-02 01:15:00,30.13,39.4
2024-03-02 01:30:00,24.42,39.4
2024-03-02 01:45:00,20.0,43.3
2024-03-02 02:00:00,25.56,39.3
2024-03-02 02:15:00,24.36,44.2
2024-03-02 02:30:00,29.4,45.3
2024-03-02 02:45:00,30.74,47.4
2024-03-02 03:00:00,35.67,47.4
2024-03-02 03:15:00,37.0,48.9
2024-03-02 03:30:00,39.0,48.7
2024-03-02 03:45:00,46.63,48.0
2024-03-02 04:00:00,47.74,49.3
2024-03-02 04:15:00,46.44,48.7
2024-03-02 04:30:00,61.65,51.7
2024-03-02 04:45:00,54.83,49.0
2024-03-02 05:00:00,54.84,55.3
2024-03-02 05:15:00,67.71,52.2
2024-03-02 05:30:00,64.59,55.4
2024-03-02 05:45:00,74.69,56.7
2024-03-02 06:00:00,64.94,59.3
2024-03-02 06:15:00,87.85,54.6
2024-03-02 06:30:00,88.48,58.3
2024-03-02 06:45:00,79.06,61.1
2024-03-02 07:00:00,82.38,64.4
2024-03-02 07:15:00,105.89,61.8
2024-03-02 07:30:00,93.95,61.6
2024-03-02 07:45:00,98.55,67.7
2024-03-02 08:00:00,96.49,66.1
2024-03-02 08:15:00,104.03,68.1
2024-03-02 08:30:00,110.46,63.8
2024-03-02 08:45:00,116.15,68.0
2024-03-02 09:00:00,109.4,65.5
2024-03-02 09:15:00,112.49,65.7
2024-03-02 09:30:00,122.49,70.1
2024-03-02 09:45:00,130.11,70.8
2024-03-02 10:00:00,117.79,69.1
2024-03-02 10:15:00,133.36,73.4
2024-03-02 10:30:00,128.9,70.2
2024-03-02 10:45:00,135.94,70.7
2024-03-02 11:00:00,130.99,71.5
2024-03-02 11:15:00,124.84,71.3
2024-03-02 11:30:00,132.7,74.5
2024-03-02 11:45:00,138.17,70.0
2024-03-02 12:00:00,130.65,70.6
2024-03-02 12:15:00,125.56,69.7
2024-03-02 12:30:00,131.38,75.7
2024-03-02 12:45:00,117.09,71.2
2024-03-02 13:00:00,141.95,70.0
2024-03-02 13:15:00,125.41,70.7
2024-03-02 13:30:00,131.79,72.7
2024-03-02 13:45:00,127.43,71.9
2024-03-02 14:00:00,130.27,68.9
2024-03-02 14:15:00,126.72,68.8
2024-03-02 14:30:00,117.57,66.1
2024-03-02 14:45:00,111.2,68.7
2024-03-02 15:00:00,119.84,70.3
2024-03-02 15:15:00,105.21,65.8
2024-03-02 15:30:00,113.9,67.5
2024-03-02 15:45:00,101.8,64.3
2024-03-02 16:00:00,110.69,62.4
2024-03-02 16:15:00,100.63,65.1
2024-03-02 16:30:00,103.65,67.6
2024-03-02 16:45:00,93.52,63.0
2024-03-02 17:00:00,82.32,60.2
2024-03-02 17:15:00,84.14,59.4
2024-03-02 17:30:00,88.08,62.9
2024-03-02 17:45:00,82.61,58.7
2024-03-02 18:00:00,83.8,55.6
2024-03-02 18:15:00,74.69,56.1
2024-03-02 18:30:00,64.74,55.6
2024-03-02 18:45:00,59.21,55.2
2024-03-02 19:00:00,60.74,56.3
2024-03-02 19:15:00,43.71,54.9
2024-03-02 19:30:00,63.64,51.8
2024-03-02 19:45:00,54.5,50.5
2024-03-02 20:00:00,55.52,50.5
2024-03-02 20:15:00,38.32,47.6
2024-03-02 20:30:00,47.23,50.0
2024-03-02 20:45:00,51.63,46.9
2024-03-02 21:00:00,30.85,47.6
2024-03-02 21:15:00,25.94,49.3
2024-03-02 21:30:00,34.02,46.4
2024-03-02 21:45:00,22.45,45.2
2024-03-02 22:00:00,32.09,43.2
2024-03-02 22:15:00,29.94,43.6
2024-03-02 22:30:00,23.54,41.1
2024-03-02 22:45:00,29.16,44.1
2024-03-02 23:00:00,20.0,38.5
2024-03-02 23:15:00,20.0,44.4
2024-03-02 23:30:00,21.37,43.8
2024-03-02 23:45:00,21.53,42.4
2024-03-03 00:00:00,20.0,41.2
2024-03-03 00:15:00,24.19,42.2
2024-03-03 00:30:00,20.0,38.8
2024-03-03 00:45:00,26.19,44.2
2024-03-03 01:00:00,23.9,42.4
2024-03-03 01:15:00,26.56,46.1
2024-03-03 01:30:00,23.33,44.2
2024-03-03 01:45:00,38.37,44.3
2024-03-03 02:00:00,31.06,45.1
2024-03-03 02:15:00,41.29,42.8
2024-03-03 02:30:00,32.82,44.5
2024-03-03 02:45:00,26.4,46.2
2024-03-03 03:00:00,43.52,46.0
2024-03-03 03:15:00,44.53,46.2
2024-03-03 03:30:00,46.22,47.6
2024-03-03 03:45:00,50.3,49.0
2024-03-03 04:00:00,51.49,54.4
2024-03-03 04:15:00,50.7,50.0
2024-03-03 04:30:00,65.02,50.2
2024-03-03 04:45:00,59.69,52.2
2024-03-03 05:00:00,65.12,56.4
2024-03-03 05:15:00,56.68,57.5
2024-03-03 05:30:00,68.2,59.2
2024-03-03 05:45:00,70.97,56.4
2024-03-03 06:00:00,85.68,58.6
2024-03-03 06:15:00,89.08,56.2
2024-03-03 06:30:00,87.82,58.6
2024-03-03 06:45:00,89.14,58.0
2024-03-03 07:00:00,85.33,62.1
2024-03-03 07:15:00,101.45,62.2
2024-03-03 07:30:00,109.08,63.5
2024-03-03 07:45:00,104.86,62.3
2024-03-03 08:00:00,110.72,66.5
2024-03-03 08:15:00,107.03,60.8
2024-03-03 08:30:00,106.14,65.9
2024-03-03 08:45:00,114.35,67.0
2024-03-03 09:00:00,117.23,63.9
2024-03-03 09:15:00,118.39,69.4
2024-03-03 09:30:00,124.25,68.9
2024-03-03 09:45:00,126.17,70.9
2024-03-03 10:00:00,121.66,74.3
2024-03-03 10:15:00,131.09,71.4
2024-03-03 10:30:00,132.34,73.1
2024-03-03 10:45:00,130.62,74.3
2024-03-03 11:00:00,136.18,72.8
2024-03-03 11:15:00,126.67,70.3
2024-03-03 11:30:00,135.14,68.9
2024-03-03 11:45:00,128.04,73.1
2024-03-03 12:00:00,128.49,71.6
2024-03-03 12:15:00,128.85,74.9
2024-03-03 12:30:00,129.11,71.3
2024-03-03 12:45:00,129.04,72.1
2024-03-03 13:00:00,129.8,69.5
2024-03-03 13:15:00,141.9,70.9
2024-03-03 13:30:00,126.96,69.4
2024-03-03 13:45:00,118.02,69.1
2024-03-03 14:00:00,140.45,70.3
2024-03-03 14:15:00,119.81,68.6
2024-03-03 14:30:00,121.16,74.6
2024-03-03 14:45:00,116.24,70.3
2024-03-03 15:00:00,117.75,70.2
2024-03-03 15:15:00,122.06,67.1
2024-03-03 15:30:00,106.26,66.7
2024-03-03 15:45:00,103.52,64.9
2024-03-03 16:00:00,115.19,70.2
2024-03-03 16:15:00,102.14,63.8
2024-03-03 16:30:00,98.48,61.9
2024-03-03 16:45:00,100.88,60.7
2024-03-03 17:00:00,92.7,62.0
2024-03-03 17:15:00,93.34,63.2
2024-03-03 17:30:00,97.53,61.6
2024-03-03 17:45:00,79.1,56.9
2024-03-03 18:00:00,73.85,55.9
2024-03-03 18:15:00,74.72,58.9
2024-03-03 18:30:00,75.39,59.7
2024-03-03 18:45:00,58.54,54.2
2024-03-03 19:00:00,51.31,56.0
2024-03-03 19:15:00,56.79,49.7
2024-03-03 19:30:00,47.73,50.0
2024-03-03 19:45:00,49.85,48.8
2024-03-03 20:00:00,51.26,50.8
2024-03-03 20:15:00,42.49,48.8
2024-03-03 20:30:00,36.36,48.8
2024-03-03 20:45:00,40.66,50.0
2024-03-03 21:00:00,39.04,45.6
2024-03-03 21:15:00,26.37,46.4
2024-03-03 21:30:00,36.42,42.9
2024-03-03 21:45:00,29.69,47.3
2024-03-03 22:00:00,34.02,46.7
2024-03-03 22:15:00,33.58,44.8
2024-03-03 22:30:00,36.7,43.9
2024-03-03 22:45:00,23.22,42.3
2024-03-03 23:00:00,22.43,40.2
2024-03-03 23:15:00,21.92,43.4
2024-03-03 23:30:00,20.63,44.1
2024-03-03 23:45:00,28.16,46.6
2024-03-04 00:00:00,21.0,41.7
2024-03-04 00:15:00,21.25,43.1
2024-03-04 00:30:00,36.98,44.9
2024-03-04 00:45:00,32.71,45.1
2024-03-04 01:00:00,30.05,41.8
2024-03-04 01:15:00,39.49,42.8
2024-03-04 01:30:00,34.71,42.6
2024-03-04 01:45:00,43.91,42.3
2024-03-04 02:00:00,38.81,47.5
2024-03-04 02:15:00,45.09,45.2
2024-03-04 02:30:00,56.58,45.5
2024-03-04 02:45:00,48.57,46.8
2024-03-04 03:00:00,47.16,47.0
2024-03-04 03:15:00,59.06,47.2
2024-03-04 03:30:00,56.99,46.9
2024-03-04 03:45:00,77.37,52.3
2024-03-04 04:00:00,67.96,48.9
2024-03-04 04:15:00,71.28,49.1
2024-03-04 04:30:00,71.77,51.7
2024-03-04 04:45:00,86.46,57.1
2024-03-04 05:00:00,91.71,52.0
2024-03-04 05:15:00,86.47,56.1
2024-03-04 05:30:00,99.48,55.1
2024-03-04 05:45:00,91.6,57.1
2024-03-04 06:00:00,109.31,59.4
2024-03-04 06:15:00,116.77,55.1
2024-03-04 06:30:00,126.53,57.7
2024-03-04 06:45:00,114.07,62.3
2024-03-04 07:00:00,119.85,61.7
2024-03-04 07:15:00,128.13,62.8
2024-03-04 07:30:00,130.54,64.8
2024-03-04 07:45:00,150.05,62.4
2024-03-04 08:00:00,155.46,67.2
2024-03-04 08:15:00,154.83,67.6
2024-03-04 08:30:00,160.8,67.2
2024-03-04 08:45:00,161.5,68.4
2024-03-04 09:00:00,163.07,70.5
2024-03-04 09:15:00,163.91,67.7
2024-03-04 09:30:00,168.18,70.8
2024-03-04 09:45:00,166.26,73.6
2024-03-04 10:00:00,176.37,71.9
2024-03-04 10:15:00,181.29,70.6
2024-03-04 10:30:00,183.75,76.1
2024-03-04 10:45:00,182.79,72.3
2024-03-04 11:00:00,183.67,74.9
2024-03-04 11:15:00,180.43,71.5
2024-03-04 11:30:00,184.49,74.6
2024-03-04 11:45:00,190.77,71.5
2024-03-04 12:00:00,181.45,73.3
2024-03-04 12:15:00,187.44,71.4
2024-03-04 12:30:00,187.42,76.3
2024-03-04 12:45:00,182.2,71.9
2024-03-04 13:00:00,182.96,69.9
2024-03-04 13:15:00,185.94,72.0
2024-03-04 13:30:00,174.84,72.6
2024-03-04 13:45:00,180.16,71.1
2024-03-04 14:00:00,173.57,69.0
2024-03-04 14:15:00,179.31,72.2
2024-03-04 14:30:00,183.14,72.1
2024-03-04 14:45:00,163.33,65.7
2024-03-04 15:00:00,166.13,66.5
2024-03-04 15:15:00,154.88,67.2
2024-03-04 15:30:00,161.29,65.8
2024-03-04 15:45:00,144.4,67.1
2024-03-04 16:00:00,149.6,68.9
2024-03-04 16:15:00,137.53,63.6
2024-03-04 16:30:00,136.0,66.6
2024-03-04 16:45:00,127.8,59.6
2024-03-04 17:00:00,131.67,62.5
2024-03-04 17:15:00,118.6,59.4
2024-03-04 17:30:00,121.08,60.6
2024-03-04 17:45:00,111.59,55.2
2024-03-04 18:00:00,104.95,55.1
2024-03-04 18:15:00,100.57,57.7
2024-03-04 18:30:00,92.03,54.5
2024-03-04 18:45:00,91.88,54.1
2024-03-04 19:00:00,97.35,57.5
2024-03-04 19:15:00,77.45,53.2
2024-03-04 19:30:00,82.99,53.8
2024-03-04 19:45:00,79.47,49.6
2024-03-04 20:00:00,64.17,47.6
2024-03-04 20:15:00,55.06,49.2
2024-03-04 20:30:00,60.16,45.6
2024-03-04 20:45:00,51.96,46.5
2024-03-04 21:00:00,60.12,47.6
2024-03-04 21:15:00,48.41,46.2
2024-03-04 21:30:00,40.42,46.5
2024-03-04 21:45:00,32.72,46.5
2024-03-04 22:00:00,43.16,42.4
2024-03-04 22:15:00,32.48,42.4
2024-03-04 22:30:00,35.57,39.5
2024-03-04 22:45:00,35.8,42.8
2024-03-04 23:00:00,26.43,44.8
2024-03-04 23:15:00,28.85,46.0
2024-03-04 23:30:00,28.12,43.3
2024-03-04 23:45:00,30.62,45.6
2024-03-05 00:00:00,29.85,43.5
2024-03-05 00:15:00,30.68,43.0
2024-03-05 00:30:00,27.26,41.7
2024-03-05 00:45:00,26.45,38.3
2024-03-05 01:00:00,21.93,45.7
2024-03-05 01:15:00,33.85,43.5
2024-03-05 01:30:00,42.95,46.7
2024-03-05 01:45:00,29.89,42.4
2024-03-05 02:00:00,33.01,49.7
2024-03-05 02:15:00,35.09,44.8
2024-03-05 02:30:00,49.7,44.5
2024-03-05 02:45:00,50.06,46.1
2024-03-05 03:00:00,49.78,47.5
2024-03-05 03:15:00,51.3,47.8
2024-03-05 03:30:00,57.79,47.7
2024-03-05 03:45:00,54.9,45.9
2024-03-05 04:00:00,67.4,48.7
2024-03-05 04:15:00,75.86,53.3
2024-03-05 04:30:00,70.99,50.3
2024-03-05 04:45:00,73.61,49.6
2024-03-05 05:00:00,93.89,51.8
2024-03-05 05:15:00,85.33,54.7
2024-03-05 05:30:00,100.39,54.4
2024-03-05 05:45:00,101.9,56.3
2024-03-05 06:00:00,105.32,56.3
2024-03-05 06:15:00,116.42,60.9
2024-03-05 06:30:00,112.88,60.8
2024-03-05 06:45:00,124.72,65.2
2024-03-05 07:00:00,124.13,61.0
2024-03-05 07:15:00,126.99,62.1
2024-03-05 07:30:00,140.44,66.0
2024-03-05 07:45:00,142.52,65.3
2024-03-05 08:00:00,141.11,63.5
2024-03-05 08:15:00,144.84,67.3
2024-03-05 08:30:00,165.36,67.8
2024-03-05 08:45:00,164.43,64.2
2024-03-05 09:00:00,168.84,67.2
2024-03-05 09:15:00,170.05,69.5
2024-03-05 09:30:00,163.53,72.7
2024-03-05 09:45:00,186.05,71.8
2024-03-05 10:00:00,176.24,69.8
2024-03-05 10:15:00,176.52,69.9
2024-03-05 10:30:00,183.21,73.4
2024-03-05 10:45:00,190.04,67.3
2024-03-05 11:00:00,185.15,70.8
2024-03-05 11:15:00,189.27,75.4
2024-03-05 11:30:00,191.28,73.4
2024-03-05 11:45:00,180.6,71.4
2024-03-05 12:00:00,186.49,70.5
2024-03-05 12:15:00,193.37,74.6
2024-03-05 12:30:00,172.33,73.0
2024-03-05 12:45:00,184.21,72.2
2024-03-05 13:00:00,178.63,73.2
2024-03-05 13:15:00,181.45,72.5
2024-03-05 13:30:00,180.39,72.0
2024-03-05 13:45:00,179.93,68.7
2024-03-05 14:00:00,173.94,68.9
2024-03-05 14:15:00,168.32,71.9
2024-03-05 14:30:00,181.17,71.0
2024-03-05 14:45:00,175.74,70.0
2024-03-05 15:00:00,159.15,67.4
2024-03-05 15:15:00,164.2,69.4
2024-03-05 15:30:00,154.44,66.3
2024-03-05 15:45:00,153.07,68.9
2024-03-05 16:00:00,150.94,64.0
2024-03-05 16:15:00,138.5,63.6
2024-03-05 16:30:00,143.35,63.4
2024-03-05 16:45:00,134.28,64.5
2024-03-05 17:00:00,125.2,61.8
2024-03-05 17:15:00,115.26,61.0
2024-03-05 17:30:00,114.63,59.2
2024-03-05 17:45:00,106.33,59.5
2024-03-05 18:00:00,107.36,57.8
2024-03-05 18:15:00,96.43,55.4
2024-03-05 18:30:00,93.43,56.3
2024-03-05 18:45:00,97.96,55.4
2024-03-05 19:00:00,91.19,58.8
2024-03-05 19:15:00,82.42,52.0
2024-03-05 19:30:00,76.92,50.6
2024-03-05 19:45:00,80.92,51.9
2024-03-05 20:00:00,72.6,48.5
2024-03-05 20:15:00,61.3,47.5
2024-03-05 20:30:00,50.88,46.0
2024-03-05 20:45:00,56.21,46.6
2024-03-05 21:00:00,53.52,45.9
2024-03-05 21:15:00,44.12,44.2
2024-03-05 21:30:00,45.44,45.6
2024-03-05 21:45:00,41.7,40.8
2024-03-05 22:00:00,36.86,46.0
2024-03-05 22:15:00,22.69,43.5
2024-03-05 22:30:00,30.64,43.4
2024-03-05 22:45:00,36.69,45.0
2024-03-05 23:00:00,27.68,44.3
2024-03-05 23:15:00,29.23,42.1
2024-03-05 23:30:00,22.8,44.1
2024-03-05 23:45:00,27.98,46.2
2024-03-06 00:00:00,25.59,41.0
2024-03-06 00:15:00,27.65,44.6
2024-03-06 00:30:00,34.86,41.0
2024-03-06 00:45:00,31.92,45.7
2024-03-06 01:00:00,27.33,42.2
2024-03-06 01:15:00,33.12,42.4
2024-03-06 01:30:00,35.48,46.5
2024-03-06 01:45:00,39.66,46.1
2024-03-06 02:00:00,30.24,43.7
2024-03-06 02:15:00,46.84,45.9
2024-03-06 02:30:00,40.89,44.8
2024-03-06 02:45:00,46.18,43.6
2024-03-06 03:00:00,63.27,47.9
2024-03-06 03:15:00,55.74,47.5
2024-03-06 03:30:00,56.28,47.1
2024-03-06 03:45:00,51.79,52.4
2024-03-06 04:00:00,72.9,48.8
2024-03-06 04:15:00,64.91,51.8
2024-03-06 04:30:00,73.06,54.5
2024-03-06 04:45:00,78.78,52.8
2024-03-06 05:00:00,92.29,52.8
2024-03-06 05:15:00,94.26,55.8
2024-03-06 05:30:00,98.68,57.1
2024-03-06 05:45:00,104.02,58.9
2024-03-06 06:00:00,103.98,61.9
2024-03-06 06:15:00,113.25,58.2
2024-03-06 06:30:00,119.31,60.5
2024-03-06 06:45:00,127.06,58.5
2024-03-06 07:00:00,137.44,63.4
2024-03-06 07:15:00,135.28,63.3
2024-03-06 07:30:00,134.62,63.5
2024-03-06 07:45:00,145.95,63.5
2024-03-06 08:00:00,153.43,65.0
2024-03-06 08:15:00,145.3,67.0
2024-03-06 08:30:00,156.56,65.4
2024-03-06 08:45:00,161.19,67.4
2024-03-06 09:00:00,171.1,68.8
2024-03-06 09:15:00,171.45,66.4
2024-03-06 09:30:00,164.0,68.0
2024-03-06 09:45:00,174.75,69.3
2024-03-06 10:00:00,177.61,74.3
2024-03-06 10:15:00,179.84,70.0
2024-03-06 10:30:00,185.18,71.9
2024-03-06 10:45:00,190.5,70.3
2024-03-06 11:00:00,181.17,71.1
2024-03-06 11:15:00,181.64,70.0
2024-03-06 11:30:00,180.99,74.4
2024-03-06 11:45:00,191.93,70.5
2024-03-06 12:00:00,193.75,75.0
2024-03-06 12:15:00,186.14,74.1
2024-03-06 12:30:00,186.15,72.9
2024-03-06 12:45:00,192.0,74.8
2024-03-06 13:00:00,186.24,78.9
2024-03-06 13:15:00,186.29,73.4
2024-03-06 13:30:00,176.52,69.8
2024-03-06 13:45:00,182.37,74.6
2024-03-06 14:00:00,174.38,71.6
2024-03-06 14:15:00,169.12,74.9
2024-03-06 14:30:00,169.11,69.1
2024-03-06 14:45:00,165.35,72.1
2024-03-06 15:00:00,162.7,68.8
2024-03-06 15:15:00,154.08,73.4
2024-03-06 15:30:00,158.74,66.8
2024-03-06 15:45:00,157.24,72.6
2024-03-06 16:00:00,135.47,66.6
2024-03-06 16:15:00,147.74,66.6
2024-03-06 16:30:00,133.63,67.4
2024-03-06 16:45:00,138.66,61.5
2024-03-06 17:00:00,128.38,64.1
2024-03-06 17:15:00,122.53,60.6
2024-03-06 17:30:00,116.41,60.5
2024-03-06 17:45:00,118.98,59.4
2024-03-06 18:00:00,100.54,59.4
2024-03-06 18:15:00,105.08,58.3
2024-03-06 18:30:00,103.69,55.2
2024-03-06 18:45:00,94.46,55.6
2024-03-06 19:00:00,97.78,49.7
2024-03-06 19:15:00,76.64,55.4
2024-03-06 19:30:00,84.64,55.9
2024-03-06 19:45:00,72.01,52.0
2024-03-06 20:00:00,75.87,47.6
2024-03-06 20:15:00,63.6,51.4
2024-03-06 20:30:00,57.51,47.6
2024-03-06 20:45:00,61.58,48.8
2024-03-06 21:00:00,48.86,49.1
2024-03-06 21:15:00,38.26,48.1
2024-03-06 21:30:00,41.63,48.6
2024-03-06 21:45:00,43.79,46.1
2024-03-06 22:00:00,45.55,45.7
2024-03-06 22:15:00,36.06,46.3
2024-03-06 22:30:00,40.77,44.3
2024-03-06 22:45:00,25.72,42.7
2024-03-06 23:00:00,24.93,44.7
2024-03-06 23:15:00,26.41,41.4
2024-03-06 23:30:00,25.59,43.3
2024-03-06 23:45:00,28.16,40.6
2024-03-07 00:00:00,28.57,42.2
2024-03-07 00:15:00,27.37,42.3
2024-03-07 00:30:00,28.92,41.5
2024-03-07 00:45:00,28.16,45.8
2024-03-07 01:00:00,26.37,45.9
2024-03-07 01:15:00,30.06,46.8
2024-03-07 01:30:00,32.21,44.1
2024-03-07 01:45:00,35.16,44.0
2024-03-07 02:00:00,39.83,47.0
2024-03-07 02:15:00,42.06,46.1
2024-03-07 02:30:00,44.57,46.7
2024-03-07 02:45:00,56.31,42.0
2024-03-07 03:00:00,44.2,49.3
2024-03-07 03:15:00,50.24,49.7
2024-03-07 03:30:00,72.69,49.2
2024-03-07 03:45:00,59.23,51.7
2024-03-07 04:00:00,60.07,52.1
2024-03-07 04:15:00,78.36,50.4
2024-03-07 04:30:00,64.92,52.2
2024-03-07 04:45:00,80.34,51.6
2024-03-07 05:00:00,102.5,57.4
2024-03-07 05:15:00,83.14,57.4
2024-03-07 05:30:00,82.85,54.8
2024-03-07 05:45:00,95.43,58.7
2024-03-07 06:00:00,113.3,59.0
2024-03-07 06:15:00,116.1,58.0
2024-03-07 06:30:00,115.55,60.6
2024-03-07 06:45:00,128.17,63.1
2024-03-07 07:00:00,135.13,64.2
2024-03-07 07:15:00,141.7,67.9
2024-03-07 07:30:00,135.46,64.4
2024-03-07 07:45:00,132.79,64.6
2024-03-07 08:00:00,144.43,67.1
2024-03-07 08:15:00,149.58,66.4
2024-03-07 08:30:00,154.29,66.4
2024-03-07 08:45:00,158.57,66.5
2024-03-07 09:00:00,166.95,62.2
2024-03-07 09:15:00,174.25,71.2
2024-03-07 09:30:00,170.77,67.1
2024-03-07 09:45:00,183.31,69.2
2024-03-07 10:00:00,178.36,72.0
2024-03-07 10:15:00,179.59,71.3
2024-03-07 10:30:00,184.97,76.6
2024-03-07 10:45:00,182.16,69.6
2024-03-07 11:00:00,194.78,77.4
2024-03-07 11:15:00,179.35,75.9
2024-03-07 11:30:00,190.75,75.2
2024-03-07 11:45:00,186.36,76.3
2024-03-07 12:00:00,188.54,74.3
2024-03-07 12:15:00,193.6,70.0
2024-03-07 12:30:00,188.79,74.4
2024-03-07 12:45:00,177.79,70.2
2024-03-07 13:00:00,189.77,71.9
2024-03-07 13:15:00,188.26,72.5
2024-03-07 13:30:00,171.24,70.5
2024-03-07 13:45:00,171.77,73.8
2024-03-07 14:00:00,169.31,71.1
2024-03-07 14:15:00,170.95,71.8
2024-03-07 14:30:00,163.07,70.4
2024-03-07 14:45:00,173.67,70.0
2024-03-07 15:00:00,164.72,67.3
2024-03-07 15:15:00,152.53,66.1
2024-03-07 15:30:00,160.57,67.3
2024-03-07 15:45:00,144.93,64.9
2024-03-07 16:00:00,150.33,68.8
2024-03-07 16:15:00,138.53,62.4
2024-03-07 16:30:00,135.79,68.9
2024-03-07 16:45:00,134.28,64.0
2024-03-07 17:00:00,131.27,62.6
2024-03-07 17:15:00,133.05,60.4
2024-03-07 17:30:00,117.22,61.8
2024-03-07 17:45:00,114.63,59.1
2024-03-07 18:00:00,108.84,59.1
2024-03-07 18:15:00,103.39,59.2
2024-03-07 18:30:00,99.61,57.9
2024-03-07 18:45:00,95.06,58.1
2024-03-07 19:00:00,71.47,55.7
2024-03-07 19:15:00,84.98,51.8
2024-03-07 19:30:00,79.05,48.7
2024-03-07 19:45:00,63.77,52.4
2024-03-07 20:00:00,60.58,51.5
2024-03-07 20:15:00,70.77,54.1
2024-03-07 20:30:00,61.64,49.2
2024-03-07 20:45:00,53.94,49.4
2024-03-07 21:00:00,46.25,49.5
2024-03-07 21:15:00,44.47,48.3
2024-03-07 21:30:00,52.48,48.4
2024-03-07 21:45:00,40.77,44.5
2024-03-07 22:00:00,35.24,43.6
2024-03-07 22:15:00,38.6,44.6
2024-03-07 22:30:00,28.68,40.4
2024-03-07 22:45:00,38.57,44.3
2024-03-07 23:00:00,37.41,42.8
2024-03-07 23:15:00,25.63,44.5
2024-03-07 23:30:00,26.26,43.2
2024-03-07 23:45:00,20.0,41.6
2024-03-08 00:00:00,20.5,46.2
2024-03-08 00:15:00,21.16,43.8
2024-03-08 00:30:00,28.83,45.5
2024-03-08 00:45:00,26.54,44.3
2024-03-08 01:00:00,22.51,45.1
2024-03-08 01:15:00,30.96,41.7
2024-03-08 01:30:00,28.05,47.3
2024-03-08 01:45:00,36.57,46.9
2024-03-08 02:00:00,28.64,45.6
2024-03-08 02:15:00,41.61,46.7
2024-03-08 02:30:00,34.35,48.7
2024-03-08 02:45:00,51.53,46.6
2024-03-08 03:00:00,45.83,44.9
2024-03-08 03:15:00,48.4,48.1
2024-03-08 03:30:00,54.72,49.8
2024-03-08 03:45:00,59.57,50.3
2024-03-08 04:00:00,55.19,53.8
2024-03-08 04:15:00,73.36,50.1
2024-03-08 04:30:00,74.36,51.3
2024-03-08 04:45:00,85.4,51.7
2024-03-08 05:00:00,83.59,55.6
2024-03-08 05:15:00,90.99,52.7
2024-03-08 05:30:00,90.25,58.2
2024-03-08 05:45:00,98.23,55.8
2024-03-08 06:00:00,102.36,57.1
2024-03-08 06:15:00,118.5,63.2
2024-03-08 06:30:00,114.74,63.1
2024-03-08 06:45:00,124.8,61.9
2024-03-08 07:00:00,127.11,60.0
2024-03-08 07:15:00,124.2,67.5
2024-03-08 07:30:00,137.77,64.0
2024-03-08 07:45:00,148.32,65.8
2024-03-08 08:00:00,142.28,68.0
2024-03-08 08:15:00,159.38,63.1
2024-03-08 08:30:00,151.86,66.6
2024-03-08 08:45:00,155.74,68.5
2024-03-08 09:00:00,169.06,69.6
2024-03-08 09:15:00,165.92,67.4
2024-03-08 09:30:00,171.23,71.3
2024-03-08 09:45:00,174.62,71.3
2024-03-08 10:00:00,177.41,75.1
2024-03-08 10:15:00,165.83,74.2
2024-03-08 10:30:00,173.16,72.1
2024-03-08 10:45:00,186.73,72.5
2024-03-08 11:00:00,189.39,75.3
2024-03-08 11:15:00,180.04,74.0
2024-03-08 11:30:00,183.47,70.9
2024-03-08 11:45:00,198.69,77.9
2024-03-08 12:00:00,192.66,71.8
2024-03-08 12:15:00,178.9,78.7
2024-03-08 12:30:00,184.61,74.5
2024-03-08 12:45:00,184.88,72.2
2024-03-08 13:00:00,188.8,68.5
2024-03-08 13:15:00,194.84,74.5
2024-03-08 13:30:00,179.7,69.5
2024-03-08 13:45:00,170.77,72.9
2024-03-08 14:00:00,178.48,75.6
2024-03-08 14:15:00,178.58,69.0
2024-03-08 14:30:00,172.6,72.2
2024-03-08 14:45:00,163.52,68.4
2024-03-08 15:00:00,166.85,71.7
2024-03-08 15:15:00,163.39,68.8
2024-03-08 15:30:00,153.06,67.9
2024-03-08 15:45:00,153.75,69.5
2024-03-08 16:00:00,150.43,67.5
2024-03-08 16:15:00,147.03,63.8
2024-03-08 16:30:00,136.05,68.1
2024-03-08 16:45:00,137.17,60.6
2024-03-08 17:00:00,135.08,63.2
2024-03-08 17:15:00,116.73,60.1
2024-03-08 17:30:00,119.73,57.8
2024-03-08 17:45:00,106.39,57.5
2024-03-08 18:00:00,111.63,58.7
2024-03-08 18:15:00,99.36,58.5
2024-03-08 18:30:00,102.01,59.0
2024-03-08 18:45:00,93.63,58.9
2024-03-08 19:00:00,81.72,55.5
2024-03-08 19:15:00,89.32,53.1
2024-03-08 19:30:00,85.36,55.2
2024-03-08 19:45:00,78.72,51.0
2024-03-08 20:00:00,63.67,48.2
2024-03-08 20:15:00,64.52,52.4
2024-03-08 20:30:00,59.3,52.4
2024-03-08 20:45:00,50.83,47.3
2024-03-08 21:00:00,57.74,52.2
2024-03-08 21:15:00,48.2,48.7
2024-03-08 21:30:00,30.91,47.8
2024-03-08 21:45:00,43.14,45.4
2024-03-08 22:00:00,36.59,47.9
2024-03-08 22:15:00,36.35,42.4
2024-03-08 22:30:00,20.0,44.3
2024-03-08 22:45:00,35.42,43.2
2024-03-08 23:00:00,34.95,41.8
2024-03-08 23:15:00,28.96,45.9
2024-03-08 23:30:00,28.0,44.7
2024-03-08 23:45:00,25.83,45.5
2024-03-09 00:00:00,20.73,43.3
2024-03-09 00:15:00,20.0,45.9
2024-03-09 00:30:00,24.65,44.2
2024-03-09 00:45:00,26.57,43.2
2024-03-09 01:00:00,30.84,43.1
2024-03-09 01:15:00,33.44,40.7
2024-03-09 01:30:00,22.46,47.4
2024-03-09 01:45:00,36.03,47.6
2024-03-09 02:00:00,25.21,51.8
2024-03-09 02:15:00,34.85,45.8
2024-03-09 02:30:00,32.13,45.7
2024-03-09 02:45:00,31.47,44.2
2024-03-09 03:00:00,40.01,50.2
2024-03-09 03:15:00,25.67,50.5
2024-03-09 03:30:00,34.23,52.9
2024-03-09 03:45:00,44.58,48.8
2024-03-09 04:00:00,48.19,52.9
2024-03-09 04:15:00,52.71,51.3
2024-03-09 04:30:00,49.7,55.9
2024-03-09 04:45:00,54.96,55.2
2024-03-09 05:00:00,62.69,52.0
2024-03-09 05:15:00,69.36,55.8
2024-03-09 05:30:00,69.18,53.1
2024-03-09 05:45:00,79.21,55.7
2024-03-09 06:00:00,78.52,56.8
2024-03-09 06:15:00,77.49,58.7
2024-03-09 06:30:00,85.16,60.4
2024-03-09 06:45:00,80.81,62.2
2024-03-09 07:00:00,92.95,63.1
2024-03-09 07:15:00,100.93,63.7
2024-03-09 07:30:00,101.32,65.4
2024-03-09 07:45:00,109.88,63.1
2024-03-09 08:00:00,103.69,66.6
2024-03-09 08:15:00,115.23,70.2
2024-03-09 08:30:00,108.28,67.8
2024-03-09 08:45:00,121.07,69.9
2024-03-09 09:00:00,116.97,70.4
2024-03-09 09:15:00,124.4,72.0
2024-03-09 09:30:00,130.37,71.5
2024-03-09 09:45:00,122.3,73.2
2024-03-09 10:00:00,127.35,73.0
2024-03-09 10:15:00,135.78,73.8
2024-03-09 10:30:00,128.59,73.8
2024-03-09 10:45:00,124.12,71.2
2024-03-09 11:00:00,142.47,71.2
2024-03-09 11:15:00,129.5,73.0
2024-03-09 11:30:00,134.39,77.0
2024-03-09 11:45:00,138.28,73.7
2024-03-09 12:00:00,130.94,74.6
2024-03-09 12:15:00,129.21,70.1
2024-03-09 12:30:00,135.63,74.3
2024-03-09 12:45:00,123.2,73.9
2024-03-09 13:00:00,131.72,68.2
2024-03-09 13:15:00,134.75,73.8
2024-03-09 13:30:00,126.75,69.6
2024-03-09 13:45:00,116.79,71.1
2024-03-09 14:00:00,133.27,74.0
2024-03-09 14:15:00,123.18,71.8
2024-03-09 14:30:00,129.83,70.1
2024-03-09 14:45:00,118.52,69.3
2024-03-09 15:00:00,111.75,68.8
2024-03-09 15:15:00,116.2,69.3
2024-03-09 15:30:00,109.22,65.8
2024-03-09 15:45:00,101.81,69.7
2024-03-09 16:00:00,112.27,64.3
2024-03-09 16:15:00,99.02,62.3
2024-03-09 16:30:00,91.26,66.8
2024-03-09 16:45:00,101.69,63.0
2024-03-09 17:00:00,90.93,63.1
2024-03-09 17:15:00,86.21,63.3
2024-03-09 17:30:00,75.25,59.6
2024-03-09 17:45:00,89.94,60.4
2024-03-09 18:00:00,71.0,60.4
2024-03-09 18:15:00,74.71,61.4
2024-03-09 18:30:00,75.64,56.1
2024-03-09 18:45:00,69.19,55.3
2024-03-09 19:00:00,62.66,56.4
2024-03-09 19:15:00,52.81,54.7
2024-03-09 19:30:00,52.35,53.1
2024-03-09 19:45:00,51.46,55.7
2024-03-09 20:00:00,46.88,48.3
2024-03-09 20:15:00,45.6,47.9
2024-03-09 20:30:00,46.94,46.7
2024-03-09 20:45:00,46.36,51.6
2024-03-09 21:00:00,33.16,49.6
2024-03-09 21:15:00,44.17,45.1
2024-03-09 21:30:00,35.12,47.0
2024-03-09 21:45:00,29.57,46.6
2024-03-09 22:00:00,34.48,41.7
2024-03-09 22:15:00,38.34,46.1
2024-03-09 22:30:00,20.0,42.9
2024-03-09 22:45:00,23.68,46.4
2024-03-09 23:00:00,20.0,42.4
2024-03-09 23:15:00,24.66,44.9
2024-03-09 23:30:00,27.08,46.9
2024-03-09 23:45:00,20.0,46.1
2024-03-10 00:00:00,20.0,45.2
2024-03-10 00:15:00,20.0,44.0
2024-03-10 00:30:00,22.65,41.3
2024-03-10 00:45:00,30.98,43.6
2024-03-10 01:00:00,20.54,44.2
2024-03-10 01:15:00,25.34,44.4
2024-03-10 01:30:00,20.0,42.3
2024-03-10 01:45:00,29.58,46.6
2024-03-10 02:00:00,25.15,43.8
2024-03-10 02:15:00,25.93,49.8
2024-03-10 02:30:00,28.75,47.6
2024-03-10 02:45:00,33.82,49.9
2024-03-10 03:00:00,38.16,50.5
2024-03-10 03:15:00,26.2,53.5
2024-03-10 03:30:00,42.21,50.4
2024-03-10 03:45:00,46.81,50.1
2024-03-10 04:00:00,45.91,51.0
2024-03-10 04:15:00,62.6,55.6
2024-03-10 04:30:00,52.21,50.8
2024-03-10 04:45:00,58.34,52.6
2024-03-10 05:00:00,57.91,55.8
2024-03-10 05:15:00,72.77,56.0
2024-03-10 05:30:00,71.07,59.2
2024-03-10 05:45:00,68.96,55.6
2024-03-10 06:00:00,84.99,59.1
2024-03-10 06:15:00,83.64,59.8
2024-03-10 06:30:00,86.4,59.1
2024-03-10 06:45:00,89.67,63.9
2024-03-10 07:00:00,88.8,62.9
2024-03-10 07:15:00,96.6,63.8
2024-03-10 07:30:00,92.14,63.3
2024-03-10 07:45:00,110.42,65.2
2024-03-10 08:00:00,98.28,64.7
2024-03-10 08:15:00,115.66,69.3
2024-03-10 08:30:00,112.17,70.5
2024-03-10 08:45:00,115.96,72.5
2024-03-10 09:00:00,115.79,70.7
2024-03-10 09:15:00,116.55,69.9
2024-03-10 09:30:00,126.83,70.2
2024-03-10 09:45:00,109.53,72.7
2024-03-10 10:00:00,122.09,72.7
2024-03-10 10:15:00,123.42,72.4
2024-03-10 10:30:00,124.52,72.6
2024-03-10 10:45:00,128.73,75.8
2024-03-10 11:00:00,128.17,72.9
2024-03-10 11:15:00,135.77,76.7
2024-03-10 11:30:00,133.91,74.5
2024-03-10 11:45:00,129.59,73.5
2024-03-10 12:00:00,135.2,72.7
2024-03-10 12:15:00,132.6,74.0
2024-03-10 12:30:00,136.15,75.2
2024-03-10 12:45:00,138.19,73.3
2024-03-10 13:00:00,135.62,75.5
2024-03-10 13:15:00,126.47,72.7
2024-03-10 13:30:00,125.16,72.9
2024-03-10 13:45:00,126.4,70.2
2024-03-10 14:00:00,127.26,73.4
2024-03-10 14:15:00,124.47,71.3
2024-03-10 14:30:00,125.04,74.4
2024-03-10 14:45:00,120.22,72.0
2024-03-10 15:00:00,118.35,70.1
2024-03-10 15:15:00,115.08,71.7
2024-03-10 15:30:00,106.94,69.3
2024-03-10 15:45:00,101.3,69.7
2024-03-10 16:00:00,98.44,65.1
2024-03-10 16:15:00,100.64,66.9
2024-03-10 16:30:00,100.28,66.1
2024-03-10 16:45:00,92.34,61.1
2024-03-10 17:00:00,94.87,66.3
2024-03-10 17:15:00,90.9,60.0
2024-03-10 17:30:00,84.78,58.7
2024-03-10 17:45:00,74.57,54.7
2024-03-10 18:00:00,82.67,60.3
2024-03-10 18:15:00,79.77,55.1
2024-03-10 18:30:00,62.95,56.4
2024-03-10 18:45:00,63.04,58.1
2024-03-10 19:00:00,68.89,55.9
2024-03-10 19:15:00,58.62,53.3
2024-03-10 19:30:00,44.68,50.5
2024-03-10 19:45:00,46.45,52.5
2024-03-10 20:00:00,46.47,53.6
2024-03-10 20:15:00,39.85,52.5
2024-03-10 20:30:00,40.58,53.8
2024-03-10 20:45:00,40.38,48.2
2024-03-10 21:00:00,45.81,46.2
2024-03-10 21:15:00,33.62,48.8
2024-03-10 21:30:00,38.73,47.9
2024-03-10 21:45:00,39.04,46.9
2024-03-10 22:00:00,37.12,44.9
2024-03-10 22:15:00,28.36,40.7
2024-03-10 22:30:00,20.0,43.6
2024-03-10 22:45:00,26.61,46.3
2024-03-10 23:00:00,28.21,45.5
2024-03-10 23:15:00,23.15,46.7
2024-03-10 23:30:00,31.17,45.3
2024-03-10 23:45:00,23.51,45.9
2024-03-11 00:00:00,32.82,46.0
2024-03-11 00:15:00,34.36,44.5
2024-03-11 00:30:00,30.14,44.6
2024-03-11 00:45:00,20.0,38.9
2024-03-11 01:00:00,28.82,43.7
2024-03-11 01:15:00,38.0,44.0
2024-03-11 01:30:00,32.12,45.4
2024-03-11 01:45:00,35.58,44.2
2024-03-11 02:00:00,33.9,48.4
2024-03-11 02:15:00,44.94,45.2
2024-03-11 02:30:00,47.39,49.8
2024-03-11 02:45:00,45.91,46.3
2024-03-11 03:00:00,53.4,47.7
2024-03-11 03:15:00,50.03,48.2
2024-03-11 03:30:00,60.14,49.4
2024-03-11 03:45:00,65.02,53.5
2024-03-11 04:00:00,71.8,51.3
2024-03-11 04:15:00,73.78,52.3
2024-03-11 04:30:00,91.34,52.3
2024-03-11 04:45:00,75.38,54.2
2024-03-11 05:00:00,79.16,56.1
2024-03-11 05:15:00,90.9,56.2
2024-03-11 05:30:00,86.09,57.3
2024-03-11 05:45:00,94.41,60.6
2024-03-11 06:00:00,104.04,60.1
2024-03-11 06:15:00,106.93,58.2
2024-03-11 06:30:00,113.03,61.3
2024-03-11 06:45:00,126.5,61.4
2024-03-11 07:00:00,126.21,64.5
2024-03-11 07:15:00,137.57,64.6
2024-03-11 07:30:00,145.51,67.5
2024-03-11 07:45:00,138.9,64.7
2024-03-11 08:00:00,145.66,66.7
2024-03-11 08:15:00,155.22,65.7
2024-03-11 08:30:00,147.15,68.6
2024-03-11 08:45:00,148.48,66.4
2024-03-11 09:00:00,166.52,70.8
2024-03-11 09:15:00,170.23,70.7
2024-03-11 09:30:00,179.58,71.8
2024-03-11 09:45:00,175.56,73.6
2024-03-11 10:00:00,180.99,73.0
2024-03-11 10:15:00,181.32,70.5
2024-03-11 10:30:00,179.25,72.3
2024-03-11 10:45:00,193.13,73.6
2024-03-11 11:00:00,172.61,73.4
2024-03-11 11:15:00,188.51,73.9
2024-03-11 11:30:00,197.49,77.7
2024-03-11 11:45:00,187.56,74.8
2024-03-11 12:00:00,194.03,75.4
2024-03-11 12:15:00,185.46,70.5
2024-03-11 12:30:00,187.04,76.0
2024-03-11 12:45:00,185.87,80.0
2024-03-11 13:00:00,172.98,76.8
2024-03-11 13:15:00,179.11,72.9
2024-03-11 13:30:00,175.03,78.0
2024-03-11 13:45:00,186.81,73.1
2024-03-11 14:00:00,180.6,73.2
2024-03-11 14:15:00,174.86,71.5
2024-03-11 14:30:00,174.83,70.9
2024-03-11 14:45:00,167.79,66.4
2024-03-11 15:00:00,169.05,71.8
2024-03-11 15:15:00,160.93,68.9
2024-03-11 15:30:00,155.88,68.4
2024-03-11 15:45:00,150.19,68.5
2024-03-11 16:00:00,152.35,66.3
2024-03-11 16:15:00,143.3,66.8
2024-03-11 16:30:00,142.44,67.8
2024-03-11 16:45:00,128.63,65.3
2024-03-11 17:00:00,122.76,63.2
2024-03-11 17:15:00,126.43,62.3
2024-03-11 17:30:00,118.93,62.0
2024-03-11 17:45:00,109.98,59.0
2024-03-11 18:00:00,109.62,60.1
2024-03-11 18:15:00,100.05,60.0
2024-03-11 18:30:00,93.23,57.9
2024-03-11 18:45:00,98.68,55.9
2024-03-11 19:00:00,93.45,55.2
2024-03-11 19:15:00,89.4,56.2
2024-03-11 19:30:00,76.82,51.7
2024-03-11 19:45:00,80.22,51.4
2024-03-11 20:00:00,63.36,49.0
2024-03-11 20:15:00,58.31,51.4
2024-03-11 20:30:00,55.22,52.3
2024-03-11 20:45:00,63.42,52.5
2024-03-11 21:00:00,46.38,52.2
2024-03-11 21:15:00,46.32,47.0
2024-03-11 21:30:00,38.66,48.3
2024-03-11 21:45:00,43.69,46.4
2024-03-11 22:00:00,38.14,50.0
2024-03-11 22:15:00,28.95,48.9
2024-03-11 22:30:00,41.59,46.2
2024-03-11 22:45:00,26.34,44.3
2024-03-11 23:00:00,26.4,38.3
2024-03-11 23:15:00,20.0,42.1
2024-03-11 23:30:00,20.94,41.1
2024-03-11 23:45:00,28.91,41.9
2024-03-12 00:00:00,20.0,48.5
2024-03-12 00:15:00,20.17,42.2
2024-03-12 00:30:00,28.57,42.7
2024-03-12 00:45:00,29.1,43.2
2024-03-12 01:00:00,39.96,50.4
2024-03-12 01:15:00,45.23,45.4
2024-03-12 01:30:00,27.59,47.9
2024-03-12 01:45:00,40.1,46.6
2024-03-12 02:00:00,41.46,42.8
2024-03-12 02:15:00,38.53,50.3
2024-03-12 02:30:00,37.36,48.7
2024-03-12 02:45:00,47.9,48.2
2024-03-12 03:00:00,50.36,52.7
2024-03-12 03:15:00,48.22,49.2
2024-03-12 03:30:00,60.53,50.3
2024-03-12 03:45:00,60.7,50.7
2024-03-12 04:00:00,61.55,54.4
2024-03-12 04:15:00,72.97,54.8
2024-03-12 04:30:00,75.98,54.6
2024-03-12 04:45:00,76.8,52.9
2024-03-12 05:00:00,90.59,55.2
2024-03-12 05:15:00,84.37,54.8
2024-03-12 05:30:00,93.52,60.2
2024-03-12 05:45:00,99.04,55.7
2024-03-12 06:00:00,103.47,63.0
2024-03-12 06:15:00,108.7,63.4
2024-03-12 06:30:00,126.52,59.9
2024-03-12 06:45:00,119.21,61.9
2024-03-12 07:00:00,140.47,62.3
2024-03-12 07:15:00,136.18,65.5
2024-03-12 07:30:00,134.43,68.4
2024-03-12 07:45:00,148.91,68.8
2024-03-12 08:00:00,161.73,66.5
2024-03-12 08:15:00,146.57,70.7
2024-03-12 08:30:00,151.89,71.3
2024-03-12 08:45:00,156.95,69.3
2024-03-12 09:00:00,163.5,70.4
2024-03-12 09:15:00,152.5,74.2
2024-03-12 09:30:00,171.1,73.9
2024-03-12 09:45:00,181.84,74.8
2024-03-12 10:00:00,176.92,78.0
2024-03-12 10:15:00,176.49,74.4
2024-03-12 10:30:00,179.16,74.4
2024-03-12 10:45:00,186.63,76.8
2024-03-12 11:00:00,181.05,78.3
2024-03-12 11:15:00,195.45,73.3
2024-03-12 11:30:00,199.31,74.3
2024-03-12 11:45:00,187.53,72.8
2024-03-12 12:00:00,190.42,75.5
2024-03-12 12:15:00,192.88,76.6
2024-03-12 12:30:00,194.56,72.8
2024-03-12 12:45:00,183.55,76.9
2024-03-12 13:00:00,182.27,73.5
2024-03-12 13:15:00,178.92,73.0
2024-03-12 13:30:00,184.06,76.0
2024-03-12 13:45:00,184.88,72.1
2024-03-12 14:00:00,171.32,70.1
2024-03-12 14:15:00,171.39,73.8
2024-03-12 14:30:00,165.04,71.5
2024-03-12 14:45:00,168.18,73.6
2024-03-12 15:00:00,166.11,72.2
2024-03-12 15:15:00,157.53,66.3
2024-03-12 15:30:00,159.29,71.7
2024-03-12 15:45:00,143.41,72.0
2024-03-12 16:00:00,148.18,69.5
2024-03-12 16:15:00,144.29,68.7
2024-03-12 16:30:00,134.58,65.2
2024-03-12 16:45:00,131.76,63.8
2024-03-12 17:00:00,130.46,64.2
2024-03-12 17:15:00,120.08,64.7
2024-03-12 17:30:00,111.13,63.7
2024-03-12 17:45:00,122.32,60.0
2024-03-12 18:00:00,106.0,58.9
2024-03-12 18:15:00,102.18,56.0
2024-03-12 18:30:00,104.56,59.3
2024-03-12 18:45:00,111.6,56.2
2024-03-12 19:00:00,79.07,55.5
2024-03-12 19:15:00,83.48,58.6
2024-03-12 19:30:00,71.57,55.4
2024-03-12 19:45:00,69.58,54.0
2024-03-12 20:00:00,63.17,54.1
2024-03-12 20:15:00,54.02,54.5
2024-03-12 20:30:00,60.17,47.6
2024-03-12 20:45:00,47.56,48.9
2024-03-12 21:00:00,54.76,48.9
2024-03-12 21:15:00,39.0,46.7
2024-03-12 21:30:00,46.75,47.5
2024-03-12 21:45:00,39.27,44.4
2024-03-12 22:00:00,34.64,48.8
2024-03-12 22:15:00,36.87,45.5
2024-03-12 22:30:00,29.54,46.5
2024-03-12 22:45:00,29.25,45.9
2024-03-12 23:00:00,28.09,46.6
2024-03-12 23:15:00,23.67,40.4
2024-03-12 23:30:00,20.0,46.0
2024-03-12 23:45:00,33.92,44.5
2024-03-13 00:00:00,25.7,45.8
2024-03-13 00:15:00,32.87,42.7
2024-03-13 00:30:00,36.22,46.0
2024-03-13 00:45:00,21.07,47.9
2024-03-13 01:00:00,26.67,45.9
2024-03-13 01:15:00,46.33,44.4
2024-03-13 01:30:00,30.39,44.8
2024-03-13 01:45:00,34.96,47.7
2024-03-13 02:00:00,33.99,48.2
2024-03-13 02:15:00,40.08,48.3
2024-03-13 02:30:00,47.03,48.1
2024-03-13 02:45:00,37.81,49.2
2024-03-13 03:00:00,39.85,49.3
2024-03-13 03:15:00,49.55,49.4
2024-03-13 03:30:00,60.12,52.4
2024-03-13 03:45:00,57.0,52.3
2024-03-13 04:00:00,68.43,55.1
2024-03-13 04:15:00,68.86,55.7
2024-03-13 04:30:00,74.95,54.9
2024-03-13 04:45:00,88.18,56.4
2024-03-13 05:00:00,89.11,54.3
2024-03-13 05:15:00,92.19,57.0
2024-03-13 05:30:00,101.58,58.8
2024-03-13 05:45:00,105.18,55.9
2024-03-13 06:00:00,114.39,60.9
2024-03-13 06:15:00,110.6,59.1
2024-03-13 06:30:00,118.03,60.3
2024-03-13 06:45:00,114.31,61.9
2024-03-13 07:00:00,124.96,63.9
2024-03-13 07:15:00,139.4,62.3
2024-03-13 07:30:00,144.8,67.5
2024-03-13 07:45:00,146.3,67.1
2024-03-13 08:00:00,139.01,71.4
2024-03-13 08:15:00,159.86,69.0
2024-03-13 08:30:00,147.12,70.4
2024-03-13 08:45:00,165.97,68.3
2024-03-13 09:00:00,161.44,68.3
2024-03-13 09:15:00,171.72,72.6
2024-03-13 09:30:00,164.64,69.8
2024-03-13 09:45:00,180.46,73.9
2024-03-13 10:00:00,168.27,76.5
2024-03-13 10:15:00,175.93,75.5
2024-03-13 10:30:00,176.99,75.1
2024-03-13 10:45:00,179.27,74.9
2024-03-13 11:00:00,188.45,73.9
2024-03-13 11:15:00,191.53,74.6
2024-03-13 11:30:00,201.17,73.9
2024-03-13 11:45:00,189.64,72.5
2024-03-13 12:00:00,194.26,75.2
2024-03-13 12:15:00,190.6,77.3
2024-03-13 12:30:00,190.99,72.4
2024-03-13 12:45:00,184.37,77.7
2024-03-13 13:00:00,188.23,77.1
2024-03-13 13:15:00,186.95,75.2
2024-03-13 13:30:00,181.76,74.8
2024-03-13 13:45:00,179.73,73.2
2024-03-13 14:00:00,176.49,73.2
2024-03-13 14:15:00,177.95,71.7
2024-03-13 14:30:00,165.85,72.1
2024-03-13 14:45:00,167.39,71.7
2024-03-13 15:00:00,175.47,74.5
2024-03-13 15:15:00,166.61,71.2
2024-03-13 15:30:00,160.36,68.9
2024-03-13 15:45:00,152.85,68.3
2024-03-13 16:00:00,149.81,66.3
2024-03-13 16:15:00,148.0,65.7
2024-03-13 16:30:00,146.76,67.8
2024-03-13 16:45:00,123.99,64.0
2024-03-13 17:00:00,122.84,62.8
2024-03-13 17:15:00,129.32,61.9
2024-03-13 17:30:00,117.5,60.7
2024-03-13 17:45:00,108.66,63.4
2024-03-13 18:00:00,103.93,60.5
2024-03-13 18:15:00,103.45,58.7
2024-03-13 18:30:00,90.5,58.3
2024-03-13 18:45:00,101.84,57.7
2024-03-13 19:00:00,83.81,54.8
2024-03-13 19:15:00,82.22,52.6
2024-03-13 19:30:00,80.25,57.2
2024-03-13 19:45:00,79.04,55.6
2024-03-13 20:00:00,68.91,53.5
2024-03-13 20:15:00,68.61,53.7
2024-03-13 20:30:00,57.08,54.9
2024-03-13 20:45:00,58.32,49.3
2024-03-13 21:00:00,56.48,47.4
2024-03-13 21:15:00,45.18,50.3
2024-03-13 21:30:00,43.02,45.4
2024-03-13 21:45:00,39.23,47.9
2024-03-13 22:00:00,43.42,46.7
2024-03-13 22:15:00,28.61,48.2
2024-03-13 22:30:00,37.79,45.4
2024-03-13 22:45:00,32.66,48.5
2024-03-13 23:00:00,35.76,44.3
2024-03-13 23:15:00,35.47,47.0
2024-03-13 23:30:00,38.01,44.1
2024-03-13 23:45:00,34.96,46.4
2024-03-14 00:00:00,35.99,43.3
2024-03-14 00:15:00,36.15,45.3
2024-03-14 00:30:00,30.18,48.1
2024-03-14 00:45:00,32.66,45.8
2024-03-14 01:00:00,34.47,48.2
2024-03-14 01:15:00,36.63,46.0
2024-03-14 01:30:00,33.5,45.4
2024-03-14 01:45:00,38.11,47.2
2024-03-14 02:00:00,36.41,48.5
2024-03-14 02:15:00,37.11,44.0
2024-03-14 02:30:00,51.55,49.5
2024-03-14 02:45:00,48.73,47.2
2024-03-14 03:00:00,61.91,47.3
2024-03-14 03:15:00,48.05,51.5
2024-03-14 03:30:00,56.41,53.9
2024-03-14 03:45:00,64.0,52.4
2024-03-14 04:00:00,73.84,50.1
2024-03-14 04:15:00,75.93,52.4
2024-03-14 04:30:00,78.71,53.8
2024-03-14 04:45:00,75.87,55.9
2024-03-14 05:00:00,83.92,56.3
2024-03-14 05:15:00,97.47,58.4
2024-03-14 05:30:00,90.47,60.4
2024-03-14 05:45:00,101.99,60.1
2024-03-14 06:00:00,109.86,62.1
2024-03-14 06:15:00,106.36,60.8
2024-03-14 06:30:00,126.97,68.9
2024-03-14 06:45:00,129.14,64.4
2024-03-14 07:00:00,121.09,65.6
2024-03-14 07:15:00,129.53,68.7
2024-03-14 07:30:00,127.47,66.3
2024-03-14 07:45:00,137.91,65.7
2024-03-14 08:00:00,152.01,70.5
2024-03-14 08:15:00,150.97,71.4
2024-03-14 08:30:00,160.48,69.8
2024-03-14 08:45:00,156.53,73.8
2024-03-14 09:00:00,167.64,70.8
2024-03-14 09:15:00,166.27,73.5
2024-03-14 09:30:00,169.69,75.3
2024-03-14 09:45:00,175.04,73.1
2024-03-14 10:00:00,171.47,74.3
2024-03-14 10:15:00,173.89,75.9
2024-03-14 10:30:00,185.43,73.5
2024-03-14 10:45:00,185.11,73.0
2024-03-14 11:00:00,190.98,77.6
2024-03-14 11:15:00,189.51,75.7
2024-03-14 11:30:00,187.16,74.3
2024-03-14 11:45:00,180.09,75.6
2024-03-14 12:00:00,187.23,76.4
2024-03-14 12:15:00,187.85,72.3
2024-03-14 12:30:00,198.86,76.7
2024-03-14 12:45:00,189.49,76.0
2024-03-14 13:00:00,194.95,78.2
2024-03-14 13:15:00,187.09,74.2
2024-03-14 13:30:00,177.96,77.0
2024-03-14 13:45:00,180.75,73.8
2024-03-14 14:00:00,178.19,73.7
2024-03-14 14:15:00,170.58,73.5
2024-03-14 14:30:00,171.88,76.5
2024-03-14 14:45:00,166.65,69.2
2024-03-14 15:00:00,173.69,72.1
2024-03-14 15:15:00,150.72,70.4
2024-03-14 15:30:00,161.46,69.5
2024-03-14 15:45:00,146.47,70.0
2024-03-14 16:00:00,141.15,70.2
2024-03-14 16:15:00,149.82,68.2
2024-03-14 16:30:00,143.34,68.7
2024-03-14 16:45:00,135.31,64.8
2024-03-14 17:00:00,133.55,64.3
2024-03-14 17:15:00,133.98,61.4
2024-03-14 17:30:00,121.43,66.4
2024-03-14 17:45:00,113.23,61.1
2024-03-14 18:00:00,111.66,59.9
2024-03-14 18:15:00,109.49,60.7
2024-03-14 18:30:00,92.5,60.8
2024-03-14 18:45:00,89.15,56.2
2024-03-14 19:00:00,86.8,59.0
2024-03-14 19:15:00,71.15,55.1
2024-03-14 19:30:00,81.69,57.6
2024-03-14 19:45:00,62.88,52.8
2024-03-14 20:00:00,67.1,54.5
2024-03-14 20:15:00,68.68,52.3
2024-03-14 20:30:00,55.91,49.1
2024-03-14 20:45:00,61.75,47.8
2024-03-14 21:00:00,45.03,48.4
2024-03-14 21:15:00,53.55,51.2
2024-03-14 21:30:00,48.01,44.7
2024-03-14 21:45:00,33.31,48.7
2024-03-14 22:00:00,51.87,48.0
2024-03-14 22:15:00,34.76,43.7
2024-03-14 22:30:00,29.88,45.1
2024-03-14 22:45:00,20.0,44.7
2024-03-14 23:00:00,31.21,46.2
2024-03-14 23:15:00,28.54,48.8
2024-03-14 23:30:00,31.72,47.8
2024-03-14 23:45:00,25.76,44.9
2024-03-15 00:00:00,30.04,43.9
2024-03-15 00:15:00,26.16,42.5
2024-03-15 00:30:00,20.0,44.9
2024-03-15 00:45:00,27.66,44.1
2024-03-15 01:00:00,21.06,46.0
2024-03-15 01:15:00,33.79,46.4
2024-03-15 01:30:00,33.89,45.8
2024-03-15 01:45:00,36.89,46.2
2024-03-15 02:00:00,43.81,46.2
2024-03-15 02:15:00,38.26,47.1
2024-03-15 02:30:00,49.1,51.6
2024-03-15 02:45:00,46.06,50.3
2024-03-15 03:00:00,59.08,51.0
2024-03-15 03:15:00,53.63,52.7
2024-03-15 03:30:00,53.08,53.3
2024-03-15 03:45:00,67.16,55.1
2024-03-15 04:00:00,65.59,54.3
2024-03-15 04:15:00,68.88,54.4
2024-03-15 04:30:00,78.64,53.7
2024-03-15 04:45:00,81.13,54.1
2024-03-15 05:00:00,94.7,58.5
2024-03-15 05:15:00,84.6,57.5
2024-03-15 05:30:00,97.49,55.9
2024-03-15 05:45:00,106.61,55.5
2024-03-15 06:00:00,108.75,64.9
2024-03-15 06:15:00,119.96,59.6
2024-03-15 06:30:00,118.72,61.2
2024-03-15 06:45:00,121.91,66.0
2024-03-15 07:00:00,131.74,62.1
2024-03-15 07:15:00,135.39,66.5
2024-03-15 07:30:00,139.66,70.0
2024-03-15 07:45:00,146.18,71.5
2024-03-15 08:00:00,149.07,67.3
2024-03-15 08:15:00,149.99,69.0
2024-03-15 08:30:00,154.27,69.0
2024-03-15 08:45:00,170.74,70.5
2024-03-15 09:00:00,145.52,73.9
2024-03-15 09:15:00,171.63,69.1
2024-03-15 09:30:00,172.83,73.9
2024-03-15 09:45:00,164.55,72.8
2024-03-15 10:00:00,180.03,76.4
2024-03-15 10:15:00,183.46,76.8
2024-03-15 10:30:00,185.69,73.7
2024-03-15 10:45:00,169.21,74.7
2024-03-15 11:00:00,190.65,77.0
2024-03-15 11:15:00,184.06,77.4
2024-03-15 11:30:00,190.45,70.6
2024-03-15 11:45:00,192.25,77.4
2024-03-15 12:00:00,178.91,79.0
2024-03-15 12:15:00,192.3,76.2
2024-03-15 12:30:00,185.36,77.5
2024-03-15 12:45:00,174.94,78.0
2024-03-15 13:00:00,191.36,75.6
2024-03-15 13:15:00,179.75,76.5
2024-03-15 13:30:00,177.78,74.6
2024-03-15 13:45:00,178.38,74.1
2024-03-15 14:00:00,179.8,72.4
2024-03-15 14:15:00,174.77,73.5
2024-03-15 14:30:00,174.35,76.4
2024-03-15 14:45:00,160.05,70.2
2024-03-15 15:00:00,158.49,72.6
2024-03-15 15:15:00,162.61,71.3
2024-03-15 15:30:00,163.75,72.8
2024-03-15 15:45:00,151.64,72.4
2024-03-15 16:00:00,155.29,66.4
2024-03-15 16:15:00,144.15,66.2
2024-03-15 16:30:00,136.19,65.5
2024-03-15 16:45:00,131.92,64.6
2024-03-15 17:00:00,128.13,63.8
2024-03-15 17:15:00,127.19,64.4
2024-03-15 17:30:00,125.08,61.0
2024-03-15 17:45:00,115.63,60.3
2024-03-15 18:00:00,118.33,59.2
2024-03-15 18:15:00,90.89,60.8
2024-03-15 18:30:00,96.99,58.7
2024-03-15 18:45:00,92.19,57.4
2024-03-15 19:00:00,88.96,55.2
2024-03-15 19:15:00,80.72,52.8
2024-03-15 19:30:00,83.66,58.3
2024-03-15 19:45:00,68.2,53.6
2024-03-15 20:00:00,68.45,58.7
2024-03-15 20:15:00,68.37,54.0
2024-03-15 20:30:00,47.87,55.3
2024-03-15 20:45:00,64.93,52.9
2024-03-15 21:00:00,51.11,50.5
2024-03-15 21:15:00,39.23,48.3
2024-03-15 21:30:00,46.52,47.0
2024-03-15 21:45:00,43.84,50.6
2024-03-15 22:00:00,37.0,48.4
2024-03-15 22:15:00,36.18,48.6
2024-03-15 22:30:00,37.78,48.6
2024-03-15 22:45:00,35.02,47.3
2024-03-15 23:00:00,31.99,45.4
2024-03-15 23:15:00,29.13,48.1
2024-03-15 23:30:00,37.87,45.6
2024-03-15 23:45:00,20.0,46.0
2024-03-16 00:00:00,22.47,47.3
2024-03-16 00:15:00,23.62,45.8
2024-03-16 00:30:00,27.35,42.3
2024-03-16 00:45:00,20.0,48.2
2024-03-16 01:00:00,20.0,48.9
2024-03-16 01:15:00,26.95,43.0
2024-03-16 01:30:00,28.43,44.9
2024-03-16 01:45:00,34.61,51.5
2024-03-16 02:00:00,23.18,48.3
2024-03-16 02:15:00,36.52,48.4
2024-03-16 02:30:00,45.14,48.1
2024-03-16 02:45:00,34.45,47.5
2024-03-16 03:00:00,31.84,49.9
2024-03-16 03:15:00,36.5,52.9
2024-03-16 03:30:00,45.47,51.7
2024-03-16 03:45:00,49.94,53.8
2024-03-16 04:00:00,46.87,56.9
2024-03-16 04:15:00,60.28,53.1
2024-03-16 04:30:00,49.48,55.8
2024-03-16 04:45:00,51.44,58.1
2024-03-16 05:00:00,68.02,55.1
2024-03-16 05:15:00,56.77,58.3
2024-03-16 05:30:00,70.06,62.7
2024-03-16 05:45:00,91.85,59.2
2024-03-16 06:00:00,78.52,63.0
2024-03-16 06:15:00,74.41,61.6
2024-03-16 06:30:00,83.51,66.5
2024-03-16 06:45:00,89.84,60.5
2024-03-16 07:00:00,92.49,64.9
2024-03-16 07:15:00,99.27,62.8
2024-03-16 07:30:00,96.28,65.3
2024-03-16 07:45:00,113.01,66.1
2024-03-16 08:00:00,107.99,67.9
2024-03-16 08:15:00,114.46,66.9
2024-03-16 08:30:00,110.23,69.9
2024-03-16 08:45:00,123.31,71.7
2024-03-16 09:00:00,116.09,68.5
2024-03-16 09:15:00,121.49,71.0
2024-03-16 09:30:00,117.22,77.9
2024-03-16 09:45:00,119.92,74.1
2024-03-16 10:00:00,130.19,70.3
2024-03-16 10:15:00,124.63,71.6
2024-03-16 10:30:00,125.2,75.3
2024-03-16 10:45:00,134.0,75.4
2024-03-16 11:00:00,135.23,74.3
2024-03-16 11:15:00,132.72,80.1
2024-03-16 11:30:00,133.2,81.1
2024-03-16 11:45:00,132.46,75.4
2024-03-16 12:00:00,124.67,77.7
2024-03-16 12:15:00,127.96,77.8
2024-03-16 12:30:00,134.41,78.0
2024-03-16 12:45:00,130.38,74.4
2024-03-16 13:00:00,136.07,79.4
2024-03-16 13:15:00,136.28,75.1
2024-03-16 13:30:00,134.27,75.7
2024-03-16 13:45:00,137.41,74.5
2024-03-16 14:00:00,128.95,73.7
2024-03-16 14:15:00,127.71,74.0
2024-03-16 14:30:00,119.33,70.5
2024-03-16 14:45:00,130.88,68.3
2024-03-16 15:00:00,127.16,71.2
2024-03-16 15:15:00,114.23,69.1
2024-03-16 15:30:00,113.33,71.2
2024-03-16 15:45:00,117.07,70.2
2024-03-16 16:00:00,105.37,68.5
2024-03-16 16:15:00,98.37,70.6
2024-03-16 16:30:00,103.77,66.8
2024-03-16 16:45:00,97.52,62.9
2024-03-16 17:00:00,94.33,64.5
2024-03-16 17:15:00,84.71,66.3
2024-03-16 17:30:00,76.26,59.2
2024-03-16 17:45:00,81.53,61.8
2024-03-16 18:00:00,83.5,62.2
2024-03-16 18:15:00,74.83,65.4
2024-03-16 18:30:00,77.1,61.5
2024-03-16 18:45:00,63.61,58.4
2024-03-16 19:00:00,57.99,58.2
2024-03-16 19:15:00,60.6,52.4
2024-03-16 19:30:00,56.25,53.2
2024-03-16 19:45:00,58.83,55.7
2024-03-16 20:00:00,46.17,53.9
2024-03-16 20:15:00,52.92,53.3
2024-03-16 20:30:00,53.7,52.0
2024-03-16 20:45:00,45.7,51.2
2024-03-16 21:00:00,45.61,50.7
2024-03-16 21:15:00,30.67,47.7
2024-03-16 21:30:00,35.97,48.7
2024-03-16 21:45:00,36.65,46.1
2024-03-16 22:00:00,33.96,46.9
2024-03-16 22:15:00,26.13,50.0
2024-03-16 22:30:00,20.0,46.9
2024-03-16 22:45:00,23.39,48.1
2024-03-16 23:00:00,20.0,46.8
2024-03-16 23:15:00,20.0,45.6
2024-03-16 23:30:00,24.58,44.2
2024-03-16 23:45:00,21.22,45.3
2024-03-17 00:00:00,20.0,46.5
2024-03-17 00:15:00,20.0,47.3
2024-03-17 00:30:00,20.0,46.5
2024-03-17 00:45:00,31.19,47.7
2024-03-17 01:00:00,21.64,43.6
2024-03-17 01:15:00,24.83,48.7
2024-03-17 01:30:00,24.49,45.0
2024-03-17 01:45:00,30.1,49.6
2024-03-17 02:00:00,32.0,49.2
2024-03-17 02:15:00,20.0,44.9
2024-03-17 02:30:00,40.76,50.7
2024-03-17 02:45:00,44.41,51.9
2024-03-17 03:00:00,33.79,53.1
2024-03-17 03:15:00,38.75,49.7
2024-03-17 03:30:00,41.44,52.4
2024-03-17 03:45:00,44.23,54.2
2024-03-17 04:00:00,50.79,55.1
2024-03-17 04:15:00,44.29,55.3
2024-03-17 04:30:00,52.68,54.6
2024-03-17 04:45:00,68.95,58.3
2024-03-17 05:00:00,60.54,59.3
2024-03-17 05:15:00,73.18,57.9
2024-03-17 05:30:00,76.18,57.7
2024-03-17 05:45:00,67.25,58.7
2024-03-17 06:00:00,81.4,63.9
2024-03-17 06:15:00,81.54,64.1
2024-03-17 06:30:00,83.01,63.1
2024-03-17 06:45:00,90.32,63.7
2024-03-17 07:00:00,93.25,61.5
2024-03-17 07:15:00,105.67,65.9
2024-03-17 07:30:00,103.75,64.6
2024-03-17 07:45:00,104.59,68.2
2024-03-17 08:00:00,99.56,71.1
2024-03-17 08:15:00,108.53,67.6
2024-03-17 08:30:00,126.75,70.8
2024-03-17 08:45:00,119.46,73.1
2024-03-17 09:00:00,129.85,72.3
2024-03-17 09:15:00,128.51,71.5
2024-03-17 09:30:00,124.5,73.1
2024-03-17 09:45:00,127.39,75.6
2024-03-17 10:00:00,126.26,74.7
2024-03-17 10:15:00,119.01,74.7
2024-03-17 10:30:00,130.69,77.4
2024-03-17 10:45:00,137.09,76.5
2024-03-17 11:00:00,125.61,73.3
2024-03-17 11:15:00,135.8,77.2
2024-03-17 11:30:00,139.52,78.0
2024-03-17 11:45:00,130.62,73.7
2024-03-17 12:00:00,131.56,71.7
2024-03-17 12:15:00,128.15,74.1
2024-03-17 12:30:00,131.62,75.9
2024-03-17 12:45:00,125.41,78.0
2024-03-17 13:00:00,127.64,74.0
2024-03-17 13:15:00,139.28,76.6
2024-03-17 13:30:00,127.31,69.3
2024-03-17 13:45:00,129.18,75.1
2024-03-17 14:00:00,124.52,73.5
2024-03-17 14:15:00,129.37,77.9
2024-03-17 14:30:00,129.62,69.4
2024-03-17 14:45:00,125.67,72.5
2024-03-17 15:00:00,118.89,68.1
2024-03-17 15:15:00,115.05,70.1
2024-03-17 15:30:00,106.21,67.0
2024-03-17 15:45:00,120.27,74.2
2024-03-17 16:00:00,104.33,68.1
2024-03-17 16:15:00,105.24,67.5
2024-03-17 16:30:00,106.42,67.0
2024-03-17 16:45:00,92.43,63.9
2024-03-17 17:00:00,97.61,67.3
2024-03-17 17:15:00,93.07,65.5
2024-03-17 17:30:00,94.51,65.1
2024-03-17 17:45:00,79.32,59.9
2024-03-17 18:00:00,71.17,63.6
2024-03-17 18:15:00,72.5,62.4
2024-03-17 18:30:00,75.08,58.9
2024-03-17 18:45:00,68.96,60.2
2024-03-17 19:00:00,62.29,58.0
2024-03-17 19:15:00,47.49,53.3
2024-03-17 19:30:00,57.74,55.2
2024-03-17 19:45:00,65.77,53.7
2024-03-17 20:00:00,52.96,54.0
2024-03-17 20:15:00,50.65,55.1
2024-03-17 20:30:00,46.53,48.9
2024-03-17 20:45:00,44.5,50.6
2024-03-17 21:00:00,43.07,49.1
2024-03-17 21:15:00,35.63,48.5
2024-03-17 21:30:00,31.99,47.8
2024-03-17 21:45:00,27.24,49.0
2024-03-17 22:00:00,28.63,49.4
2024-03-17 22:15:00,29.7,48.6
2024-03-17 22:30:00,24.59,47.9
2024-03-17 22:45:00,24.4,48.4
2024-03-17 23:00:00,26.36,51.7
2024-03-17 23:15:00,26.15,46.9
2024-03-17 23:30:00,27.49,48.6
2024-03-17 23:45:00,20.81,48.3
2024-03-18 00:00:00,22.13,49.9
2024-03-18 00:15:00,27.88,47.5
2024-03-18 00:30:00,29.21,44.8
2024-03-18 00:45:00,24.21,47.3
2024-03-18 01:00:00,36.29,47.4
2024-03-18 01:15:00,32.63,48.8
2024-03-18 01:30:00,36.98,45.8
2024-03-18 01:45:00,45.08,50.5
2024-03-18 02:00:00,36.19,48.4
2024-03-18 02:15:00,45.77,50.6
2024-03-18 02:30:00,41.9,50.1
2024-03-18 02:45:00,46.65,50.4
2024-03-18 03:00:00,47.73,51.3
2024-03-18 03:15:00,65.27,52.9
2024-03-18 03:30:00,59.19,56.2
2024-03-18 03:45:00,67.45,49.1
2024-03-18 04:00:00,59.38,55.0
2024-03-18 04:15:00,78.3,54.9
2024-03-18 04:30:00,81.51,55.3
2024-03-18 04:45:00,84.83,51.9
2024-03-18 05:00:00,84.42,58.7
2024-03-18 05:15:00,92.18,58.3
2024-03-18 05:30:00,112.9,57.8
2024-03-18 05:45:00,92.42,60.6
2024-03-18 06:00:00,111.37,60.9
2024-03-18 06:15:00,109.94,59.0
2024-03-18 06:30:00,119.7,63.6
2024-03-18 06:45:00,119.75,65.6
2024-03-18 07:00:00,126.62,64.3
2024-03-18 07:15:00,140.79,66.8
2024-03-18 07:30:00,132.72,67.4
2024-03-18 07:45:00,149.4,70.2
2024-03-18 08:00:00,141.05,68.8
2024-03-18 08:15:00,153.85,71.4
2024-03-18 08:30:00,155.32,70.0
2024-03-18 08:45:00,155.75,75.3
2024-03-18 09:00:00,164.39,71.2
2024-03-18 09:15:00,160.43,71.4
2024-03-18 09:30:00,173.31,73.2
2024-03-18 09:45:00,167.3,72.5
2024-03-18 10:00:00,178.71,72.0
2024-03-18 10:15:00,176.86,76.4
2024-03-18 10:30:00,181.26,69.2
2024-03-18 10:45:00,188.89,74.3
2024-03-18 11:00:00,181.92,73.3
2024-03-18 11:15:00,187.81,76.5
2024-03-18 11:30:00,180.65,72.0
2024-03-18 11:45:00,190.19,77.6
2024-03-18 12:00:00,196.74,77.8
2024-03-18 12:15:00,200.49,73.2
2024-03-18 12:30:00,189.01,76.8
2024-03-18 12:45:00,192.12,77.3
2024-03-18 13:00:00,176.76,77.9
2024-03-18 13:15:00,195.34,72.8
2024-03-18 13:30:00,186.08,72.2
2024-03-18 13:45:00,177.86,78.0
2024-03-18 14:00:00,185.84,72.9
2024-03-18 14:15:00,169.96,73.0
2024-03-18 14:30:00,169.45,74.7
2024-03-18 14:45:00,169.28,70.5
2024-03-18 15:00:00,160.57,71.6
2024-03-18 15:15:00,172.45,73.2
2024-03-18 15:30:00,152.2,67.9
2024-03-18 15:45:00,147.51,68.9
2024-03-18 16:00:00,143.64,66.8
2024-03-18 16:15:00,152.65,66.7
2024-03-18 16:30:00,136.12,69.7
2024-03-18 16:45:00,128.79,69.2
2024-03-18 17:00:00,127.83,66.0
2024-03-18 17:15:00,124.73,65.6
2024-03-18 17:30:00,114.45,64.6
2024-03-18 17:45:00,107.42,61.2
2024-03-18 18:00:00,119.69,62.1
2024-03-18 18:15:00,109.45,58.0
2024-03-18 18:30:00,95.28,57.7
2024-03-18 18:45:00,93.66,58.5
2024-03-18 19:00:00,85.01,55.6
2024-03-18 19:15:00,85.74,54.2
2024-03-18 19:30:00,83.46,54.5
2024-03-18 19:45:00,70.62,57.3
2024-03-18 20:00:00,62.97,57.2
2024-03-18 20:15:00,69.99,53.2
2024-03-18 20:30:00,59.13,53.7
2024-03-18 20:45:00,64.76,50.6
2024-03-18 21:00:00,44.23,46.9
2024-03-18 21:15:00,48.77,48.6
2024-03-18 21:30:00,52.25,49.1
2024-03-18 21:45:00,36.05,49.5
2024-03-18 22:00:00,37.53,48.5
2024-03-18 22:15:00,37.3,47.6
2024-03-18 22:30:00,32.2,46.6
2024-03-18 22:45:00,31.77,48.1
2024-03-18 23:00:00,30.39,44.4
2024-03-18 23:15:00,26.31,48.6
2024-03-18 23:30:00,36.0,45.6
2024-03-18 23:45:00,31.26,50.8
2024-03-19 00:00:00,29.86,46.0
2024-03-19 00:15:00,34.56,45.7
2024-03-19 00:30:00,28.19,45.7
2024-03-19 00:45:00,26.52,46.0
2024-03-19 01:00:00,28.49,48.4
2024-03-19 01:15:00,33.33,47.4
2024-03-19 01:30:00,30.16,49.8
2024-03-19 01:45:00,33.33,49.2
2024-03-19 02:00:00,36.6,48.8
2024-03-19 02:15:00,53.3,50.0
2024-03-19 02:30:00,31.07,52.2
2024-03-19 02:45:00,48.59,51.7
2024-03-19 03:00:00,60.83,51.7
2024-03-19 03:15:00,54.59,52.7
2024-03-19 03:30:00,64.59,50.3
2024-03-19 03:45:00,64.08,58.5
2024-03-19 04:00:00,63.58,55.3
2024-03-19 04:15:00,61.84,56.3
2024-03-19 04:30:00,77.83,55.9
2024-03-19 04:45:00,82.71,52.3
2024-03-19 05:00:00,82.79,57.3
2024-03-19 05:15:00,87.44,59.0
2024-03-19 05:30:00,107.79,58.1
2024-03-19 05:45:00,118.25,59.1
2024-03-19 06:00:00,109.55,61.1
2024-03-19 06:15:00,110.36,64.3
2024-03-19 06:30:00,112.41,66.2
2024-03-19 06:45:00,125.79,65.0
2024-03-19 07:00:00,139.07,64.5
2024-03-19 07:15:00,131.5,65.8
2024-03-19 07:30:00,127.68,67.7
2024-03-19 07:45:00,145.81,68.8
2024-03-19 08:00:00,154.67,70.1
2024-03-19 08:15:00,145.45,69.2
2024-03-19 08:30:00,155.7,72.0
2024-03-19 08:45:00,164.72,72.6
2024-03-19 09:00:00,163.68,71.6
2024-03-19 09:15:00,164.58,69.6
2024-03-19 09:30:00,178.04,71.9
2024-03-19 09:45:00,173.99,77.4
2024-03-19 10:00:00,170.14,71.4
2024-03-19 10:15:00,169.36,77.9
2024-03-19 10:30:00,187.87,72.2
2024-03-19 10:45:00,187.42,74.5
2024-03-19 11:00:00,185.25,75.5
2024-03-19 11:15:00,186.45,80.1
2024-03-19 11:30:00,185.51,76.7
2024-03-19 11:45:00,181.7,76.3
2024-03-19 12:00:00,185.79,74.9
2024-03-19 12:15:00,177.99,77.8
2024-03-19 12:30:00,184.5,75.7
2024-03-19 12:45:00,184.97,76.1
2024-03-19 13:00:00,189.02,75.6
2024-03-19 13:15:00,184.41,77.5
2024-03-19 13:30:00,189.04,77.2
2024-03-19 13:45:00,188.4,73.5
2024-03-19 14:00:00,181.77,73.6
2024-03-19 14:15:00,176.69,72.9
2024-03-19 14:30:00,170.55,74.1
2024-03-19 14:45:00,164.61,74.9
2024-03-19 15:00:00,171.36,72.8
2024-03-19 15:15:00,169.84,67.4
2024-03-19 15:30:00,160.31,72.5
2024-03-19 15:45:00,162.46,67.5
2024-03-19 16:00:00,141.78,67.9
2024-03-19 16:15:00,138.72,68.9
2024-03-19 16:30:00,146.62,67.4
2024-03-19 16:45:00,133.96,68.4
2024-03-19 17:00:00,134.9,64.5
2024-03-19 17:15:00,124.16,62.9
2024-03-19 17:30:00,112.22,63.2
2024-03-19 17:45:00,113.05,64.8
2024-03-19 18:00:00,105.98,63.1
2024-03-19 18:15:00,98.57,61.1
2024-03-19 18:30:00,103.18,62.6
2024-03-19 18:45:00,97.59,61.2
2024-03-19 19:00:00,90.14,59.6
2024-03-19 19:15:00,74.26,54.7
2024-03-19 19:30:00,75.56,57.7
2024-03-19 19:45:00,66.39,54.9
2024-03-19 20:00:00,77.79,53.6
2024-03-19 20:15:00,62.42,52.2
2024-03-19 20:30:00,58.64,52.4
2024-03-19 20:45:00,54.79,50.8
2024-03-19 21:00:00,49.61,51.6
2024-03-19 21:15:00,56.86,50.3
2024-03-19 21:30:00,38.01,50.5
2024-03-19 21:45:00,35.83,50.6
2024-03-19 22:00:00,29.62,48.3
2024-03-19 22:15:00,35.92,47.0
2024-03-19 22:30:00,31.82,44.1
2024-03-19 22:45:00,26.06,49.3
2024-03-19 23:00:00,38.02,47.6
2024-03-19 23:15:00,32.33,46.9
2024-03-19 23:30:00,30.48,49.4
2024-03-19 23:45:00,33.74,44.4
2024-03-20 00:00:00,33.42,47.1
2024-03-20 00:15:00,29.76,45.1
2024-03-20 00:30:00,23.65,48.4
2024-03-20 00:45:00,35.23,42.8
2024-03-20 01:00:00,31.4,49.1
2024-03-20 01:15:00,35.22,49.3
2024-03-20 01:30:00,28.59,46.3
2024-03-20 01:45:00,40.31,48.6
2024-03-20 02:00:00,34.89,47.2
2024-03-20 02:15:00,41.27,50.4
2024-03-20 02:30:00,50.27,51.7
2024-03-20 02:45:00,38.65,48.7
2024-03-20 03:00:00,44.83,48.8
2024-03-20 03:15:00,50.17,54.3
2024-03-20 03:30:00,66.07,56.7
2024-03-20 03:45:00,67.19,54.6
2024-03-20 04:00:00,67.86,55.6
2024-03-20 04:15:00,71.79,54.7
2024-03-20 04:30:00,80.4,56.6
2024-03-20 04:45:00,67.63,57.9
2024-03-20 05:00:00,89.2,57.8
2024-03-20 05:15:00,89.63,61.8
2024-03-20 05:30:00,92.09,60.4
2024-03-20 05:45:00,101.01,61.6
2024-03-20 06:00:00,108.86,61.7
2024-03-20 06:15:00,114.8,62.9
2024-03-20 06:30:00,121.04,66.4
2024-03-20 06:45:00,106.1,65.2
2024-03-20 07:00:00,126.11,66.2
2024-03-20 07:15:00,134.09,67.2
2024-03-20 07:30:00,149.12,67.0
2024-03-20 07:45:00,138.46,65.9
2024-03-20 08:00:00,150.67,72.7
2024-03-20 08:15:00,154.89,72.5
2024-03-20 08:30:00,150.37,73.7
2024-03-20 08:45:00,163.15,69.8
2024-03-20 09:00:00,162.06,75.5
2024-03-20 09:15:00,168.8,77.3
2024-03-20 09:30:00,169.83,76.0
2024-03-20 09:45:00,172.45,77.8
2024-03-20 10:00:00,192.38,76.6
2024-03-20 10:15:00,186.44,73.8
2024-03-20 10:30:00,190.37,76.9
2024-03-20 10:45:00,184.13,74.2
2024-03-20 11:00:00,178.51,75.4
2024-03-20 11:15:00,189.43,77.4
2024-03-20 11:30:00,191.5,77.3
2024-03-20 11:45:00,184.8,78.0
2024-03-20 12:00:00,194.25,73.5
2024-03-20 12:15:00,190.33,76.7
2024-03-20 12:30:00,196.23,78.1
2024-03-20 12:45:00,187.28,78.3
2024-03-20 13:00:00,180.11,78.2
2024-03-20 13:15:00,183.04,76.8
2024-03-20 13:30:00,191.06,75.2
2024-03-20 13:45:00,171.84,76.6
2024-03-20 14:00:00,168.8,74.5
2024-03-20 14:15:00,172.63,76.4
2024-03-20 14:30:00,169.87,74.9
2024-03-20 14:45:00,165.95,73.3
2024-03-20 15:00:00,168.4,71.2
2024-03-20 15:15:00,156.01,74.3
2024-03-20 15:30:00,147.52,72.4
2024-03-20 15:45:00,163.56,74.7
2024-03-20 16:00:00,143.85,70.7
2024-03-20 16:15:00,139.08,70.0
2024-03-20 16:30:00,145.16,64.9
2024-03-20 16:45:00,132.98,67.6
2024-03-20 17:00:00,128.29,65.4
2024-03-20 17:15:00,128.22,66.7
2024-03-20 17:30:00,124.68,64.8
2024-03-20 17:45:00,112.4,65.1
2024-03-20 18:00:00,115.38,66.4
2024-03-20 18:15:00,94.03,59.6
2024-03-20 18:30:00,102.95,62.1
2024-03-20 18:45:00,89.61,60.6
2024-03-20 19:00:00,94.81,62.2
2024-03-20 19:15:00,86.21,58.8
2024-03-20 19:30:00,73.25,57.6
2024-03-20 19:45:00,77.2,57.2
2024-03-20 20:00:00,71.76,56.5
2024-03-20 20:15:00,67.32,56.8
2024-03-20 20:30:00,56.54,51.4
2024-03-20 20:45:00,47.68,51.5
2024-03-20 21:00:00,52.22,55.1
2024-03-20 21:15:00,48.53,47.0
2024-03-20 21:30:00,51.7,50.1
2024-03-20 21:45:00,32.33,50.0
2024-03-20 22:00:00,40.44,48.9
2024-03-20 22:15:00,35.42,51.9
2024-03-20 22:30:00,31.56,49.3
2024-03-20 22:45:00,30.51,47.2
2024-03-20 23:00:00,30.99,46.5
2024-03-20 23:15:00,20.0,48.1
2024-03-20 23:30:00,24.21,49.7
2024-03-20 23:45:00,23.7,47.5
2024-03-21 00:00:00,31.58,47.0
2024-03-21 00:15:00,21.44,45.9
2024-03-21 00:30:00,29.41,48.1
2024-03-21 00:45:00,37.85,48.2
2024-03-21 01:00:00,37.56,46.3
2024-03-21 01:15:00,37.3,50.1
2024-03-21 01:30:00,31.02,51.8
2024-03-21 01:45:00,39.88,48.9
2024-03-21 02:00:00,36.38,49.9
2024-03-21 02:15:00,45.19,47.6
2024-03-21 02:30:00,48.29,51.8
2024-03-21 02:45:00,44.89,51.9
2024-03-21 03:00:00,59.95,51.0
2024-03-21 03:15:00,56.18,50.9
2024-03-21 03:30:00,65.57,56.8
2024-03-21 03:45:00,64.99,54.7
2024-03-21 04:00:00,74.67,52.9
2024-03-21 04:15:00,65.17,57.4
2024-03-21 04:30:00,81.3,57.0
2024-03-21 04:45:00,84.88,57.6
2024-03-21 05:00:00,91.4,60.4
2024-03-21 05:15:00,88.96,54.1
2024-03-21 05:30:00,92.72,56.7
2024-03-21 05:45:00,113.62,64.1
2024-03-21 06:00:00,106.55,62.0
2024-03-21 06:15:00,114.52,62.4
2024-03-21 06:30:00,127.05,61.6
2024-03-21 06:45:00,124.6,65.6
2024-03-21 07:00:00,125.39,66.8
2024-03-21 07:15:00,132.88,70.0
2024-03-21 07:30:00,135.48,68.8
2024-03-21 07:45:00,138.96,68.3
2024-03-21 08:00:00,146.95,70.6
2024-03-21 08:15:00,156.64,72.9
2024-03-21 08:30:00,166.14,73.2
2024-03-21 08:45:00,165.4,73.5
2024-03-21 09:00:00,162.22,73.5
2024-03-21 09:15:00,174.02,72.4
2024-03-21 09:30:00,170.37,72.2
2024-03-21 09:45:00,173.61,72.4
2024-03-21 10:00:00,178.82,76.1
2024-03-21 10:15:00,186.18,76.8
2024-03-21 10:30:00,182.96,78.4
2024-03-21 10:45:00,184.15,77.7
2024-03-21 11:00:00,194.63,78.9
2024-03-21 11:15:00,182.35,76.8
2024-03-21 11:30:00,181.73,78.8
2024-03-21 11:45:00,178.65,75.3
2024-03-21 12:00:00,187.69,77.2
2024-03-21 12:15:00,189.81,73.7
2024-03-21 12:30:00,197.54,77.3
2024-03-21 12:45:00,189.27,79.5
2024-03-21 13:00:00,184.96,77.0
2024-03-21 13:15:00,184.47,78.0
2024-03-21 13:30:00,182.49,76.8
2024-03-21 13:45:00,173.45,74.7
2024-03-21 14:00:00,190.43,75.0
2024-03-21 14:15:00,176.69,77.2
2024-03-21 14:30:00,172.63,75.7
2024-03-21 14:45:00,172.93,72.4
2024-03-21 15:00:00,166.64,70.2
2024-03-21 15:15:00,160.83,72.7
2024-03-21 15:30:00,152.94,70.4
2024-03-21 15:45:00,156.83,70.4
2024-03-21 16:00:00,151.22,67.0
2024-03-21 16:15:00,138.53,71.1
2024-03-21 16:30:00,148.65,68.0
2024-03-21 16:45:00,136.82,67.3
2024-03-21 17:00:00,132.95,64.6
2024-03-21 17:15:00,131.86,64.8
2024-03-21 17:30:00,120.26,64.6
2024-03-21 17:45:00,116.37,62.2
2024-03-21 18:00:00,115.18,62.0
2024-03-21 18:15:00,100.25,64.2
2024-03-21 18:30:00,98.83,57.0
2024-03-21 18:45:00,93.82,59.9
2024-03-21 19:00:00,80.96,57.0
2024-03-21 19:15:00,96.75,60.3
2024-03-21 19:30:00,73.16,56.3
2024-03-21 19:45:00,67.13,53.7
2024-03-21 20:00:00,75.42,54.5
2024-03-21 20:15:00,67.5,54.8
2024-03-21 20:30:00,59.15,58.9
2024-03-21 20:45:00,58.99,48.4
2024-03-21 21:00:00,60.37,49.5
2024-03-21 21:15:00,48.8,53.8
2024-03-21 21:30:00,58.13,47.6
2024-03-21 21:45:00,35.42,50.0
2024-03-21 22:00:00,43.08,48.5
2024-03-21 22:15:00,43.7,47.7
2024-03-21 22:30:00,38.84,48.3
2024-03-21 22:45:00,30.19,47.6
2024-03-21 23:00:00,29.7,50.1
2024-03-21 23:15:00,27.1,50.4
2024-03-21 23:30:00,33.53,48.5
2024-03-21 23:45:00,33.65,47.1
2024-03-22 00:00:00,29.48,48.0
2024-03-22 00:15:00,21.17,49.1
2024-03-22 00:30:00,30.05,49.6
2024-03-22 00:45:00,25.37,48.5
2024-03-22 01:00:00,29.85,51.1
2024-03-22 01:15:00,39.12,47.1
2024-03-22 01:30:00,30.13,50.9
2024-03-22 01:45:00,51.04,50.5
2024-03-22 02:00:00,41.99,48.3
2024-03-22 02:15:00,41.05,50.5
2024-03-22 02:30:00,43.8,51.2
2024-03-22 02:45:00,46.85,51.0
2024-03-22 03:00:00,46.51,51.6
2024-03-22 03:15:00,61.23,49.6
2024-03-22 03:30:00,59.62,52.0
2024-03-22 03:45:00,60.2,53.7
2024-03-22 04:00:00,61.79,53.9
2024-03-22 04:15:00,70.45,54.2
2024-03-22 04:30:00,77.72,58.9
2024-03-22 04:45:00,89.59,57.5
2024-03-22 05:00:00,82.15,63.0
2024-03-22 05:15:00,91.21,60.1
2024-03-22 05:30:00,97.12,62.7
2024-03-22 05:45:00,98.0,61.2
2024-03-22 06:00:00,99.94,61.2
2024-03-22 06:15:00,110.37,64.1
2024-03-22 06:30:00,114.59,67.1
2024-03-22 06:45:00,125.61,65.3
2024-03-22 07:00:00,128.92,67.4
2024-03-22 07:15:00,130.7,67.9
2024-03-22 07:30:00,139.24,68.1
2024-03-22 07:45:00,152.18,69.1
2024-03-22 08:00:00,155.67,68.1
2024-03-22 08:15:00,146.22,70.9
2024-03-22 08:30:00,160.8,73.0
2024-03-22 08:45:00,159.93,73.1
2024-03-22 09:00:00,165.85,73.6
2024-03-22 09:15:00,166.2,75.3
2024-03-22 09:30:00,173.88,74.9
2024-03-22 09:45:00,175.87,75.1
2024-03-22 10:00:00,177.73,77.1
2024-03-22 10:15:00,175.12,76.3
2024-03-22 10:30:00,179.9,76.0
2024-03-22 10:45:00,189.09,77.8
2024-03-22 11:00:00,187.31,77.0
2024-03-22 11:15:00,193.57,76.8
2024-03-22 11:30:00,188.05,77.8
2024-03-22 11:45:00,189.51,77.9
2024-03-22 12:00:00,192.7,75.4
2024-03-22 12:15:00,194.86,78.3
2024-03-22 12:30:00,187.82,81.2
2024-03-22 12:45:00,182.15,75.4
2024-03-22 13:00:00,184.78,76.1
2024-03-22 13:15:00,181.26,82.4
2024-03-22 13:30:00,180.65,74.9
2024-03-22 13:45:00,187.04,78.7
2024-03-22 14:00:00,181.96,75.2
2024-03-22 14:15:00,175.02,75.3
2024-03-22 14:30:00,174.09,74.3
2024-03-22 14:45:00,165.76,74.8
2024-03-22 15:00:00,169.89,70.1
2024-03-22 15:15:00,159.66,72.9
2024-03-22 15:30:00,157.95,71.0
2024-03-22 15:45:00,150.34,67.3
2024-03-22 16:00:00,143.04,72.4
2024-03-22 16:15:00,140.9,65.1
2024-03-22 16:30:00,141.0,72.7
2024-03-22 16:45:00,132.58,68.8
2024-03-22 17:00:00,134.03,63.9
2024-03-22 17:15:00,130.04,68.3
2024-03-22 17:30:00,113.81,63.2
2024-03-22 17:45:00,113.82,62.3
2024-03-22 18:00:00,103.55,59.1
2024-03-22 18:15:00,103.87,60.0
2024-03-22 18:30:00,107.19,59.3
2024-03-22 18:45:00,91.58,61.4
2024-03-22 19:00:00,86.38,61.2
2024-03-22 19:15:00,85.25,55.4
2024-03-22 19:30:00,75.23,57.5
2024-03-22 19:45:00,69.73,52.4
2024-03-22 20:00:00,62.34,55.8
2024-03-22 20:15:00,60.19,58.7
2024-03-22 20:30:00,45.58,50.0
2024-03-22 20:45:00,58.98,50.8
2024-03-22 21:00:00,61.74,53.6
2024-03-22 21:15:00,49.36,53.2
2024-03-22 21:30:00,38.77,49.0
2024-03-22 21:45:00,35.84,53.2
2024-03-22 22:00:00,37.2,48.1
2024-03-22 22:15:00,31.53,52.7
2024-03-22 22:30:00,38.97,49.8
2024-03-22 22:45:00,38.1,51.1
2024-03-22 23:00:00,26.84,49.0
2024-03-22 23:15:00,33.13,49.4
2024-03-22 23:30:00,34.92,49.3
2024-03-22 23:45:00,35.56,50.1
2024-03-23 00:00:00,38.24,47.7
2024-03-23 00:15:00,20.0,46.0
2024-03-23 00:30:00,39.92,47.8
2024-03-23 00:45:00,22.64,46.7
2024-03-23 01:00:00,23.24,47.1
2024-03-23 01:15:00,26.71,51.9
2024-03-23 01:30:00,24.48,50.2
2024-03-23 01:45:00,31.51,50.5
2024-03-23 02:00:00,22.99,52.0
2024-03-23 02:15:00,31.39,51.6
2024-03-23 02:30:00,42.18,54.6
2024-03-23 02:45:00,36.41,47.3
2024-03-23 03:00:00,39.38,50.2
2024-03-23 03:15:00,46.38,51.5
2024-03-23 03:30:00,49.72,50.9
2024-03-23 03:45:00,39.9,54.7
2024-03-23 04:00:00,53.35,55.6
2024-03-23 04:15:00,52.09,60.1
2024-03-23 04:30:00,59.65,58.9
2024-03-23 04:45:00,66.23,57.0
2024-03-23 05:00:00,59.08,59.9
2024-03-23 05:15:00,60.89,56.3
2024-03-23 05:30:00,62.65,61.2
2024-03-23 05:45:00,72.01,62.0
2024-03-23 06:00:00,81.76,61.0
2024-03-23 06:15:00,85.96,63.4
2024-03-23 06:30:00,80.35,63.4
2024-03-23 06:45:00,87.87,63.9
2024-03-23 07:00:00,87.45,68.1
2024-03-23 07:15:00,91.77,69.8
2024-03-23 07:30:00,102.17,69.6
2024-03-23 07:45:00,97.87,68.6
2024-03-23 08:00:00,112.03,69.0
2024-03-23 08:15:00,109.41,70.4
2024-03-23 08:30:00,112.41,71.6
2024-03-23 08:45:00,109.94,71.0
2024-03-23 09:00:00,126.47,75.6
2024-03-23 09:15:00,127.53,73.8
2024-03-23 09:30:00,124.76,76.3
2024-03-23 09:45:00,127.52,72.6
2024-03-23 10:00:00,123.14,74.5
2024-03-23 10:15:00,130.94,78.1
2024-03-23 10:30:00,129.34,78.5
2024-03-23 10:45:00,134.61,74.7
2024-03-23 11:00:00,134.25,78.0
2024-03-23 11:15:00,130.7,78.3
2024-03-23 11:30:00,132.14,76.4
2024-03-23 11:45:00,136.68,78.6
2024-03-23 12:00:00,142.3,74.8
2024-03-23 12:15:00,139.78,76.0
2024-03-23 12:30:00,125.29,79.0
2024-03-23 12:45:00,139.61,77.7
2024-03-23 13:00:00,131.07,77.6
2024-03-23 13:15:00,134.85,76.8
2024-03-23 13:30:00,125.64,77.9
2024-03-23 13:45:00,130.87,77.6
2024-03-23 14:00:00,126.81,77.5
2024-03-23 14:15:00,118.4,75.7
2024-03-23 14:30:00,126.72,74.1
2024-03-23 14:45:00,129.3,73.1
2024-03-23 15:00:00,118.27,71.4
2024-03-23 15:15:00,124.3,72.0
2024-03-23 15:30:00,109.37,70.9
2024-03-23 15:45:00,115.88,74.5
2024-03-23 16:00:00,95.49,68.4
2024-03-23 16:15:00,118.58,71.7
2024-03-23 16:30:00,106.91,68.2
2024-03-23 16:45:00,94.58,67.4
2024-03-23 17:00:00,83.38,67.7
2024-03-23 17:15:00,91.69,63.1
2024-03-23 17:30:00,80.87,63.3
2024-03-23 17:45:00,85.71,61.5
2024-03-23 18:00:00,80.05,62.2
2024-03-23 18:15:00,70.22,60.2
2024-03-23 18:30:00,77.45,63.7
2024-03-23 18:45:00,70.81,58.9
2024-03-23 19:00:00,72.55,54.4
2024-03-23 19:15:00,60.06,57.5
2024-03-23 19:30:00,49.04,58.9
2024-03-23 19:45:00,58.38,59.6
2024-03-23 20:00:00,50.26,55.1
2024-03-23 20:15:00,41.55,53.6
2024-03-23 20:30:00,51.19,53.9
2024-03-23 20:45:00,52.61,54.0
2024-03-23 21:00:00,41.79,50.2
2024-03-23 21:15:00,48.11,51.3
2024-03-23 21:30:00,35.31,51.0
2024-03-23 21:45:00,28.13,50.7
2024-03-23 22:00:00,27.42,49.8
2024-03-23 22:15:00,34.13,47.7
2024-03-23 22:30:00,24.71,49.9
2024-03-23 22:45:00,29.41,48.8
2024-03-23 23:00:00,29.26,48.5
2024-03-23 23:15:00,23.42,46.2
2024-03-23 23:30:00,28.26,49.5
2024-03-23 23:45:00,21.33,46.2
2024-03-24 00:00:00,21.65,51.3
2024-03-24 00:15:00,26.4,45.7
2024-03-24 00:30:00,33.03,49.7
2024-03-24 00:45:00,27.17,44.5
2024-03-24 01:00:00,22.8,44.1
2024-03-24 01:15:00,22.87,47.8
2024-03-24 01:30:00,32.67,44.7
2024-03-24 01:45:00,24.99,51.1
2024-03-24 02:00:00,25.8,50.0
2024-03-24 02:15:00,36.58,53.4
2024-03-24 02:30:00,34.83,50.9
2024-03-24 02:45:00,28.48,52.3
2024-03-24 03:00:00,32.56,51.9
2024-03-24 03:15:00,38.6,51.5
2024-03-24 03:30:00,43.67,53.2
2024-03-24 03:45:00,57.81,52.4
2024-03-24 04:00:00,51.77,56.4
2024-03-24 04:15:00,48.74,55.9
2024-03-24 04:30:00,55.84,57.2
2024-03-24 04:45:00,60.2,63.9
2024-03-24 05:00:00,66.82,58.4
2024-03-24 05:15:00,70.9,60.8
2024-03-24 05:30:00,76.01,61.1
2024-03-24 05:45:00,76.65,64.5
2024-03-24 06:00:00,86.47,63.6
2024-03-24 06:15:00,87.05,63.6
2024-03-24 06:30:00,82.87,69.7
2024-03-24 06:45:00,101.18,64.3
2024-03-24 07:00:00,96.35,66.6
2024-03-24 07:15:00,93.09,69.8
2024-03-24 07:30:00,108.83,67.2
2024-03-24 07:45:00,116.53,71.3
2024-03-24 08:00:00,107.7,69.7
2024-03-24 08:15:00,107.12,73.5
2024-03-24 08:30:00,111.34,74.2
2024-03-24 08:45:00,116.76,72.9
2024-03-24 09:00:00,125.2,71.8
2024-03-24 09:15:00,126.55,73.7
2024-03-24 09:30:00,124.29,75.0
2024-03-24 09:45:00,133.19,77.4
2024-03-24 10:00:00,123.66,76.8
2024-03-24 10:15:00,133.24,77.7
2024-03-24 10:30:00,126.68,77.7
2024-03-24 10:45:00,134.11,79.1
2024-03-24 11:00:00,133.87,77.3
2024-03-24 11:15:00,132.03,78.2
2024-03-24 11:30:00,135.15,78.1
2024-03-24 11:45:00,142.83,77.3
2024-03-24 12:00:00,130.55,80.2
2024-03-24 12:15:00,130.39,80.1
2024-03-24 12:30:00,145.95,80.5
2024-03-24 12:45:00,138.6,76.4
2024-03-24 13:00:00,119.96,78.4
2024-03-24 13:15:00,127.4,79.6
2024-03-24 13:30:00,124.17,80.1
2024-03-24 13:45:00,127.96,73.7
2024-03-24 14:00:00,111.64,76.2
2024-03-24 14:15:00,125.25,75.3
2024-03-24 14:30:00,117.52,78.3
2024-03-24 14:45:00,122.08,70.1
2024-03-24 15:00:00,110.08,71.7
2024-03-24 15:15:00,116.09,76.0
2024-03-24 15:30:00,111.77,71.4
2024-03-24 15:45:00,119.37,69.0
2024-03-24 16:00:00,115.1,73.8
2024-03-24 16:15:00,109.23,67.0
2024-03-24 16:30:00,98.16,71.0
2024-03-24 16:45:00,106.61,65.0
2024-03-24 17:00:00,84.09,64.3
2024-03-24 17:15:00,82.3,66.6
2024-03-24 17:30:00,85.96,63.5
2024-03-24 17:45:00,93.94,64.8
2024-03-24 18:00:00,77.52,66.9
2024-03-24 18:15:00,75.97,62.0
2024-03-24 18:30:00,65.42,64.6
2024-03-24 18:45:00,71.63,61.0
2024-03-24 19:00:00,79.02,61.3
2024-03-24 19:15:00,62.29,53.8
2024-03-24 19:30:00,55.94,58.8
2024-03-24 19:45:00,52.0,57.6
2024-03-24 20:00:00,44.28,55.1
2024-03-24 20:15:00,48.12,58.8
2024-03-24 20:30:00,39.81,53.2
2024-03-24 20:45:00,37.51,50.2
2024-03-24 21:00:00,37.69,54.3
2024-03-24 21:15:00,35.56,49.2
2024-03-24 21:30:00,32.67,51.6
2024-03-24 21:45:00,34.22,53.5
2024-03-24 22:00:00,30.3,51.3
2024-03-24 22:15:00,27.21,49.4
2024-03-24 22:30:00,27.17,48.8
2024-03-24 22:45:00,22.75,51.6
2024-03-24 23:00:00,27.28,46.4
2024-03-24 23:15:00,25.13,50.2
2024-03-24 23:30:00,20.0,52.8
2024-03-24 23:45:00,30.35,49.5
2024-03-25 00:00:00,20.45,47.9
2024-03-25 00:15:00,29.0,48.1
2024-03-25 00:30:00,41.28,47.5
2024-03-25 00:45:00,36.16,47.3
2024-03-25 01:00:00,33.88,49.1
2024-03-25 01:15:00,32.61,50.5
2024-03-25 01:30:00,40.47,52.7
2024-03-25 01:45:00,39.78,46.0
2024-03-25 02:00:00,34.57,45.5
2024-03-25 02:15:00,38.29,54.2
2024-03-25 02:30:00,36.6,51.6
2024-03-25 02:45:00,49.54,52.3
2024-03-25 03:00:00,52.83,53.8
2024-03-25 03:15:00,62.47,53.1
2024-03-25 03:30:00,60.75,58.2
2024-03-25 03:45:00,72.48,56.0
2024-03-25 04:00:00,66.22,55.0
2024-03-25 04:15:00,72.43,56.0
2024-03-25 04:30:00,75.73,57.4
2024-03-25 04:45:00,92.41,57.0
2024-03-25 05:00:00,81.43,62.9
2024-03-25 05:15:00,95.97,60.7
2024-03-25 05:30:00,89.38,59.1
2024-03-25 05:45:00,101.06,63.2
2024-03-25 06:00:00,111.3,66.3
2024-03-25 06:15:00,112.01,66.5
2024-03-25 06:30:00,115.89,63.8
2024-03-25 06:45:00,128.3,64.1
2024-03-25 07:00:00,127.82,70.2
2024-03-25 07:15:00,133.08,65.0
2024-03-25 07:30:00,139.44,69.9
2024-03-25 07:45:00,156.65,68.9
2024-03-25 08:00:00,154.54,73.6
2024-03-25 08:15:00,160.6,69.7
2024-03-25 08:30:00,159.68,71.0
2024-03-25 08:45:00,163.45,74.6
2024-03-25 09:00:00,154.65,75.6
2024-03-25 09:15:00,164.97,77.4
2024-03-25 09:30:00,169.71,76.3
2024-03-25 09:45:00,165.4,76.6
2024-03-25 10:00:00,171.89,78.5
2024-03-25 10:15:00,172.01,74.2
2024-03-25 10:30:00,183.77,75.6
2024-03-25 10:45:00,188.28,75.1
2024-03-25 11:00:00,194.33,72.6
2024-03-25 11:15:00,188.85,79.9
2024-03-25 11:30:00,184.89,81.2
2024-03-25 11:45:00,181.08,79.6
2024-03-25 12:00:00,179.48,79.2
2024-03-25 12:15:00,179.63,78.6
2024-03-25 12:30:00,185.43,78.5
2024-03-25 12:45:00,186.8,81.6
2024-03-25 13:00:00,182.68,81.1
2024-03-25 13:15:00,185.65,76.5
2024-03-25 13:30:00,181.34,79.6
2024-03-25 13:45:00,181.56,79.4
2024-03-25 14:00:00,182.44,77.8
2024-03-25 14:15:00,171.98,76.7
2024-03-25 14:30:00,173.09,76.1
2024-03-25 14:45:00,169.35,71.8
2024-03-25 15:00:00,165.47,71.0
2024-03-25 15:15:00,166.7,75.0
2024-03-25 15:30:00,158.18,70.4
2024-03-25 15:45:00,147.65,69.1
2024-03-25 16:00:00,146.66,66.9
2024-03-25 16:15:00,147.05,69.2
2024-03-25 16:30:00,135.63,70.0
2024-03-25 16:45:00,136.53,69.3
2024-03-25 17:00:00,131.25,69.1
2024-03-25 17:15:00,131.62,65.7
2024-03-25 17:30:00,112.29,65.7
2024-03-25 17:45:00,112.3,66.2
2024-03-25 18:00:00,106.16,64.5
2024-03-25 18:15:00,107.39,61.4
2024-03-25 18:30:00,90.82,62.2
2024-03-25 18:45:00,95.98,56.7
2024-03-25 19:00:00,85.77,59.7
2024-03-25 19:15:00,79.74,57.5
2024-03-25 19:30:00,73.41,60.9
2024-03-25 19:45:00,72.11,55.0
2024-03-25 20:00:00,75.62,56.3
2024-03-25 20:15:00,65.93,54.4
2024-03-25 20:30:00,64.53,53.3
2024-03-25 20:45:00,67.07,54.4
2024-03-25 21:00:00,54.35,52.1
2024-03-25 21:15:00,46.48,56.0
2024-03-25 21:30:00,47.65,47.7
2024-03-25 21:45:00,39.94,52.4
2024-03-25 22:00:00,36.9,50.4
2024-03-25 22:15:00,30.77,50.0
2024-03-25 22:30:00,41.07,50.3
2024-03-25 22:45:00,31.83,51.4
2024-03-25 23:00:00,30.82,49.6
2024-03-25 23:15:00,24.95,50.9
2024-03-25 23:30:00,32.83,48.8
2024-03-25 23:45:00,26.5,46.6
2024-03-26 00:00:00,32.93,48.4
2024-03-26 00:15:00,31.13,51.0
2024-03-26 00:30:00,33.1,47.9
2024-03-26 00:45:00,32.28,46.7
2024-03-26 01:00:00,26.81,50.4
2024-03-26 01:15:00,49.19,50.1
2024-03-26 01:30:00,53.72,48.2
2024-03-26 01:45:00,40.54,49.7
2024-03-26 02:00:00,40.08,50.3
2024-03-26 02:15:00,38.04,51.2
2024-03-26 02:30:00,44.52,53.0
2024-03-26 02:45:00,55.7,51.6
2024-03-26 03:00:00,55.2,54.4
2024-03-26 03:15:00,49.96,52.7
2024-03-26 03:30:00,59.53,57.9
2024-03-26 03:45:00,71.27,58.7
2024-03-26 04:00:00,76.32,54.4
2024-03-26 04:15:00,81.37,54.6
2024-03-26 04:30:00,79.49,59.9
2024-03-26 04:45:00,81.39,59.4
2024-03-26 05:00:00,71.66,60.9
2024-03-26 05:15:00,93.9,59.4
2024-03-26 05:30:00,100.25,61.5
2024-03-26 05:45:00,104.22,62.0
2024-03-26 06:00:00,113.17,64.3
2024-03-26 06:15:00,107.95,62.2
2024-03-26 06:30:00,123.21,65.4
2024-03-26 06:45:00,130.72,64.1
2024-03-26 07:00:00,131.73,66.5
2024-03-26 07:15:00,141.1,68.3
2024-03-26 07:30:00,142.73,70.5
2024-03-26 07:45:00,142.61,71.5
2024-03-26 08:00:00,148.46,72.7
2024-03-26 08:15:00,154.58,69.1
2024-03-26 08:30:00,161.42,75.4
2024-03-26 08:45:00,166.58,72.3
2024-03-26 09:00:00,168.77,73.2
2024-03-26 09:15:00,177.39,75.5
2024-03-26 09:30:00,181.9,75.0
2024-03-26 09:45:00,173.33,76.9
2024-03-26 10:00:00,156.97,77.8
2024-03-26 10:15:00,187.75,75.7
2024-03-26 10:30:00,177.17,77.2
2024-03-26 10:45:00,179.97,77.6
2024-03-26 11:00:00,184.72,80.1
2024-03-26 11:15:00,186.71,77.5
2024-03-26 11:30:00,194.51,77.6
2024-03-26 11:45:00,183.42,76.7
2024-03-26 12:00:00,183.23,76.9
2024-03-26 12:15:00,190.55,76.0
2024-03-26 12:30:00,190.46,77.2
2024-03-26 12:45:00,190.33,81.7
2024-03-26 13:00:00,182.63,79.6
2024-03-26 13:15:00,178.19,80.5
2024-03-26 13:30:00,182.94,75.7
2024-03-26 13:45:00,181.14,73.3
2024-03-26 14:00:00,186.17,77.4
2024-03-26 14:15:00,163.73,80.0
2024-03-26 14:30:00,172.21,74.7
2024-03-26 14:45:00,161.66,75.3
2024-03-26 15:00:00,160.75,71.3
2024-03-26 15:15:00,166.81,73.7
2024-03-26 15:30:00,159.54,72.7
2024-03-26 15:45:00,154.11,67.9
2024-03-26 16:00:00,153.15,69.2
2024-03-26 16:15:00,143.93,68.2
2024-03-26 16:30:00,138.39,66.4
2024-03-26 16:45:00,144.99,67.2
2024-03-26 17:00:00,129.92,68.7
2024-03-26 17:15:00,126.56,65.5
2024-03-26 17:30:00,115.13,68.1
2024-03-26 17:45:00,104.45,64.1
2024-03-26 18:00:00,92.27,64.5
2024-03-26 18:15:00,102.7,63.8
2024-03-26 18:30:00,94.15,64.9
2024-03-26 18:45:00,97.32,59.5
2024-03-26 19:00:00,91.77,60.8
2024-03-26 19:15:00,78.26,57.1
2024-03-26 19:30:00,87.11,61.5
2024-03-26 19:45:00,69.02,55.1
2024-03-26 20:00:00,69.51,57.1
2024-03-26 20:15:00,64.15,58.6
2024-03-26 20:30:00,59.39,52.3
2024-03-26 20:45:00,63.5,55.2
2024-03-26 21:00:00,50.72,51.3
2024-03-26 21:15:00,43.17,57.2
2024-03-26 21:30:00,47.78,48.2
2024-03-26 21:45:00,41.85,48.4
2024-03-26 22:00:00,57.91,48.6
2024-03-26 22:15:00,41.06,48.2
2024-03-26 22:30:00,36.6,51.1
2024-03-26 22:45:00,28.63,53.3
2024-03-26 23:00:00,21.59,51.7
2024-03-26 23:15:00,26.23,49.6
2024-03-26 23:30:00,32.25,49.0
2024-03-26 23:45:00,37.88,47.7
2024-03-27 00:00:00,35.89,49.7
2024-03-27 00:15:00,30.68,48.5
2024-03-27 00:30:00,28.58,49.4
2024-03-27 00:45:00,35.55,47.7
2024-03-27 01:00:00,29.81,47.0
2024-03-27 01:15:00,43.19,49.8
2024-03-27 01:30:00,35.25,50.1
2024-03-27 01:45:00,40.32,49.3
2024-03-27 02:00:00,27.72,49.4
2024-03-27 02:15:00,41.77,52.6
2024-03-27 02:30:00,50.13,52.9
2024-03-27 02:45:00,43.97,56.4
2024-03-27 03:00:00,50.28,56.1
2024-03-27 03:15:00,60.51,51.7
2024-03-27 03:30:00,55.46,54.4
2024-03-27 03:45:00,71.0,52.9
2024-03-27 04:00:00,60.91,52.8
2024-03-27 04:15:00,71.51,61.7
2024-03-27 04:30:00,74.88,61.2
2024-03-27 04:45:00,83.92,57.9
2024-03-27 05:00:00,99.02,62.6
2024-03-27 05:15:00,97.57,63.8
2024-03-27 05:30:00,93.75,58.2
2024-03-27 05:45:00,109.39,64.7
2024-03-27 06:00:00,109.36,63.0
2024-03-27 06:15:00,122.41,65.7
2024-03-27 06:30:00,123.89,71.9
2024-03-27 06:45:00,110.29,70.1
2024-03-27 07:00:00,125.37,67.6
2024-03-27 07:15:00,140.02,71.6
2024-03-27 07:30:00,138.46,65.9
2024-03-27 07:45:00,137.96,71.6
2024-03-27 08:00:00,145.63,72.5
2024-03-27 08:15:00,144.38,73.7
2024-03-27 08:30:00,157.12,72.1
2024-03-27 08:45:00,177.0,74.6
2024-03-27 09:00:00,169.96,76.3
2024-03-27 09:15:00,182.57,70.6
2024-03-27 09:30:00,176.92,75.3
2024-03-27 09:45:00,181.4,74.7
2024-03-27 10:00:00,188.47,78.3
2024-03-27 10:15:00,183.68,80.2
2024-03-27 10:30:00,183.65,76.6
2024-03-27 10:45:00,191.13,76.0
2024-03-27 11:00:00,191.74,78.7
2024-03-27 11:15:00,186.17,76.4
2024-03-27 11:30:00,184.31,78.4
2024-03-27 11:45:00,189.82,78.3
2024-03-27 12:00:00,194.46,80.2
2024-03-27 12:15:00,193.57,79.6
2024-03-27 12:30:00,182.97,79.2
2024-03-27 12:45:00,195.91,82.0
2024-03-27 13:00:00,185.86,79.1
2024-03-27 13:15:00,184.22,77.4
2024-03-27 13:30:00,180.72,77.3
2024-03-27 13:45:00,196.06,76.0
2024-03-27 14:00:00,179.5,75.0
2024-03-27 14:15:00,170.58,73.7
2024-03-27 14:30:00,177.53,78.2
2024-03-27 14:45:00,173.04,73.9
2024-03-27 15:00:00,170.75,75.3
2024-03-27 15:15:00,166.33,73.4
2024-03-27 15:30:00,153.9,73.1
2024-03-27 15:45:00,151.88,74.7
2024-03-27 16:00:00,140.0,71.9
2024-03-27 16:15:00,138.13,68.9
2024-03-27 16:30:00,149.73,68.7
2024-03-27 16:45:00,144.14,70.6
2024-03-27 17:00:00,129.92,68.9
2024-03-27 17:15:00,131.43,68.9
2024-03-27 17:30:00,118.31,65.6
2024-03-27 17:45:00,116.31,62.3
2024-03-27 18:00:00,111.47,65.1
2024-03-27 18:15:00,103.95,63.6
2024-03-27 18:30:00,98.63,62.7
2024-03-27 18:45:00,100.18,58.4
2024-03-27 19:00:00,90.73,58.9
2024-03-27 19:15:00,87.86,57.4
2024-03-27 19:30:00,83.22,59.2
2024-03-27 19:45:00,77.9,58.4
2024-03-27 20:00:00,68.0,56.5
2024-03-27 20:15:00,58.92,57.7
2024-03-27 20:30:00,60.36,58.0
2024-03-27 20:45:00,55.69,54.9
2024-03-27 21:00:00,54.18,54.9
2024-03-27 21:15:00,47.42,51.8
2024-03-27 21:30:00,59.44,50.8
2024-03-27 21:45:00,33.02,53.7
2024-03-27 22:00:00,29.56,49.4
2024-03-27 22:15:00,38.16,52.1
2024-03-27 22:30:00,34.11,53.7
2024-03-27 22:45:00,36.6,51.3
2024-03-27 23:00:00,35.66,49.5
2024-03-27 23:15:00,38.08,46.8
2024-03-27 23:30:00,22.98,49.6
2024-03-27 23:45:00,32.82,51.2
2024-03-28 00:00:00,29.76,48.8
2024-03-28 00:15:00,32.31,51.2
2024-03-28 00:30:00,42.23,50.0
2024-03-28 00:45:00,36.79,50.0
2024-03-28 01:00:00,31.75,49.1
2024-03-28 01:15:00,36.01,47.1
2024-03-28 01:30:00,33.19,49.5
2024-03-28 01:45:00,36.47,49.9
2024-03-28 02:00:00,43.23,52.4
2024-03-28 02:15:00,44.63,51.7
2024-03-28 02:30:00,40.66,54.5
2024-03-28 02:45:00,49.75,53.5
2024-03-28 03:00:00,57.65,52.6
2024-03-28 03:15:00,59.03,52.7
2024-03-28 03:30:00,63.0,53.9
2024-03-28 03:45:00,66.65,56.2
2024-03-28 04:00:00,77.68,56.0
2024-03-28 04:15:00,78.71,55.4
2024-03-28 04:30:00,77.96,60.5
2024-03-28 04:45:00,81.33,59.7
2024-03-28 05:00:00,88.74,60.9
2024-03-28 05:15:00,79.86,59.7
2024-03-28 05:30:00,99.43,60.2
2024-03-28 05:45:00,109.49,62.9
2024-03-28 06:00:00,102.91,60.2
2024-03-28 06:15:00,105.82,66.8
2024-03-28 06:30:00,123.44,64.8
2024-03-28 06:45:00,126.8,66.6
2024-03-28 07:00:00,130.02,69.0
2024-03-28 07:15:00,137.13,68.6
2024-03-28 07:30:00,142.68,67.7
2024-03-28 07:45:00,152.73,73.9
2024-03-28 08:00:00,150.12,68.7
2024-03-28 08:15:00,146.8,68.1
2024-03-28 08:30:00,166.06,75.1
2024-03-28 08:45:00,164.53,71.2
2024-03-28 09:00:00,163.36,77.4
2024-03-28 09:15:00,163.65,76.3
2024-03-28 09:30:00,173.77,76.7
2024-03-28 09:45:00,174.93,75.6
2024-03-28 10:00:00,187.58,75.6
2024-03-28 10:15:00,178.63,77.0
2024-03-28 10:30:00,179.71,76.4
2024-03-28 10:45:00,190.36,80.9
2024-03-28 11:00:00,192.09,77.3
2024-03-28 11:15:00,189.59,80.0
2024-03-28 11:30:00,193.05,81.2
2024-03-28 11:45:00,189.99,77.5
2024-03-28 12:00:00,188.88,80.1
2024-03-28 12:15:00,194.85,77.5
2024-03-28 12:30:00,192.33,78.8
2024-03-28 12:45:00,186.14,78.1
2024-03-28 13:00:00,191.82,77.4
2024-03-28 13:15:00,172.61,78.8
2024-03-28 13:30:00,192.06,75.8
2024-03-28 13:45:00,170.6,79.6
2024-03-28 14:00:00,176.88,75.2
2024-03-28 14:15:00,176.15,74.3
2024-03-28 14:30:00,170.72,75.7
2024-03-28 14:45:00,174.4,74.9
2024-03-28 15:00:00,161.53,75.7
2024-03-28 15:15:00,161.96,74.4
2024-03-28 15:30:00,157.75,70.2
2024-03-28 15:45:00,161.98,74.7
2024-03-28 16:00:00,149.02,71.3
2024-03-28 16:15:00,145.18,71.5
2024-03-28 16:30:00,137.05,74.5
2024-03-28 16:45:00,131.18,71.8
2024-03-28 17:00:00,132.67,68.7
2024-03-28 17:15:00,132.3,64.5
2024-03-28 17:30:00,116.59,63.6
2024-03-28 17:45:00,109.01,67.7
2024-03-28 18:00:00,113.03,63.6
2024-03-28 18:15:00,103.69,63.1
2024-03-28 18:30:00,103.51,60.1
2024-03-28 18:45:00,89.3,62.4
2024-03-28 19:00:00,77.64,62.8
2024-03-28 19:15:00,82.18,62.6
2024-03-28 19:30:00,75.76,57.8
2024-03-28 19:45:00,74.92,59.1
2024-03-28 20:00:00,70.84,56.7
2024-03-28 20:15:00,68.13,57.8
2024-03-28 20:30:00,60.62,55.3
2024-03-28 20:45:00,57.47,52.9
2024-03-28 21:00:00,56.38,56.4
2024-03-28 21:15:00,50.47,53.3
2024-03-28 21:30:00,46.49,51.8
2024-03-28 21:45:00,46.15,52.3
2024-03-28 22:00:00,37.32,50.0
2024-03-28 22:15:00,43.38,51.8
2024-03-28 22:30:00,33.1,50.2
2024-03-28 22:45:00,28.13,48.6
2024-03-28 23:00:00,32.49,54.7
2024-03-28 23:15:00,28.8,47.7
2024-03-28 23:30:00,34.15,50.3
2024-03-28 23:45:00,39.59,49.6
2024-03-29 00:00:00,29.11,47.4
2024-03-29 00:15:00,27.41,48.8
2024-03-29 00:30:00,20.0,46.9
2024-03-29 00:45:00,34.72,53.9
2024-03-29 01:00:00,28.52,49.4
2024-03-29 01:15:00,29.6,49.9
2024-03-29 01:30:00,30.26,54.5
2024-03-29 01:45:00,40.84,49.4
2024-03-29 02:00:00,46.16,54.1
2024-03-29 02:15:00,41.97,53.2
2024-03-29 02:30:00,42.07,48.6
2024-03-29 02:45:00,57.26,52.5
2024-03-29 03:00:00,50.99,54.7
2024-03-29 03:15:00,46.69,54.7
2024-03-29 03:30:00,63.62,55.4
2024-03-29 03:45:00,66.88,54.9
2024-03-29 04:00:00,75.56,55.6
2024-03-29 04:15:00,71.25,57.2
2024-03-29 04:30:00,81.28,62.7
2024-03-29 04:45:00,90.57,57.9
2024-03-29 05:00:00,81.71,59.7
2024-03-29 05:15:00,85.63,61.6
2024-03-29 05:30:00,99.44,59.6
2024-03-29 05:45:00,112.96,64.4
2024-03-29 06:00:00,105.47,61.9
2024-03-29 06:15:00,112.09,63.3
2024-03-29 06:30:00,122.93,64.2
2024-03-29 06:45:00,123.73,64.2
2024-03-29 07:00:00,132.37,70.9
2024-03-29 07:15:00,130.09,70.4
2024-03-29 07:30:00,153.14,72.1
2024-03-29 07:45:00,137.34,72.8
2024-03-29 08:00:00,150.6,71.7
2024-03-29 08:15:00,153.22,72.8
2024-03-29 08:30:00,168.03,75.7
2024-03-29 08:45:00,156.38,77.7
2024-03-29 09:00:00,175.93,72.6
2024-03-29 09:15:00,178.25,80.9
2024-03-29 09:30:00,174.91,73.8
2024-03-29 09:45:00,172.27,76.1
2024-03-29 10:00:00,181.73,77.7
2024-03-29 10:15:00,178.9,78.4
2024-03-29 10:30:00,187.77,82.4
2024-03-29 10:45:00,184.56,80.8
2024-03-29 11:00:00,187.17,79.9
2024-03-29 11:15:00,184.8,81.4
2024-03-29 11:30:00,186.97,80.1
2024-03-29 11:45:00,194.05,78.2
2024-03-29 12:00:00,193.6,80.6
2024-03-29 12:15:00,194.55,79.7
2024-03-29 12:30:00,180.34,77.8
2024-03-29 12:45:00,192.41,81.8
2024-03-29 13:00:00,201.42,79.0
2024-03-29 13:15:00,193.13,76.6
2024-03-29 13:30:00,193.14,76.5
2024-03-29 13:45:00,181.32,79.1
2024-03-29 14:00:00,171.54,79.7
2024-03-29 14:15:00,173.68,78.0
2024-03-29 14:30:00,178.43,77.5
2024-03-29 14:45:00,164.91,74.3
2024-03-29 15:00:00,164.3,75.4
2024-03-29 15:15:00,164.09,73.9
2024-03-29 15:30:00,158.11,73.4
2024-03-29 15:45:00,154.14,72.7
2024-03-29 16:00:00,147.09,70.8
2024-03-29 16:15:00,148.35,72.8
2024-03-29 16:30:00,141.27,68.4
2024-03-29 16:45:00,135.41,66.9
2024-03-29 17:00:00,125.6,67.0
2024-03-29 17:15:00,131.93,69.3
2024-03-29 17:30:00,117.94,67.3
2024-03-29 17:45:00,122.27,62.1
2024-03-29 18:00:00,108.85,65.9
2024-03-29 18:15:00,105.38,63.6
2024-03-29 18:30:00,95.5,61.9
2024-03-29 18:45:00,87.6,61.3
2024-03-29 19:00:00,82.51,58.1
2024-03-29 19:15:00,80.17,60.2
2024-03-29 19:30:00,75.75,56.4
2024-03-29 19:45:00,75.85,57.3
2024-03-29 20:00:00,78.43,56.5
2024-03-29 20:15:00,62.84,57.9
2024-03-29 20:30:00,56.91,55.6
2024-03-29 20:45:00,50.06,56.2
2024-03-29 21:00:00,52.01,51.7
2024-03-29 21:15:00,55.42,53.2
2024-03-29 21:30:00,53.26,53.9
2024-03-29 21:45:00,52.53,54.7
2024-03-29 22:00:00,42.32,49.4
2024-03-29 22:15:00,45.73,49.6
2024-03-29 22:30:00,37.87,51.9
2024-03-29 22:45:00,35.33,53.7
2024-03-29 23:00:00,31.0,50.8
2024-03-29 23:15:00,26.02,47.8
2024-03-29 23:30:00,27.82,47.7
2024-03-29 23:45:00,29.66,50.0
2024-03-30 00:00:00,23.5,50.4
2024-03-30 00:15:00,34.45,49.3
2024-03-30 00:30:00,25.08,47.7
2024-03-30 00:45:00,30.62,52.2
2024-03-30 01:00:00,23.04,49.6
2024-03-30 01:15:00,28.93,51.6
2024-03-30 01:30:00,21.21,47.3
2024-03-30 01:45:00,26.75,53.7
2024-03-30 02:00:00,35.28,50.4
2024-03-30 02:15:00,32.01,55.0
2024-03-30 02:30:00,36.95,54.1
2024-03-30 02:45:00,40.05,50.6
2024-03-30 03:00:00,38.71,54.6
2024-03-30 03:15:00,52.59,58.2
2024-03-30 03:30:00,46.33,54.4
2024-03-30 03:45:00,54.95,59.8
2024-03-30 04:00:00,52.11,58.0
2024-03-30 04:15:00,58.45,60.8
2024-03-30 04:30:00,62.18,59.4
2024-03-30 04:45:00,61.51,59.7
2024-03-30 05:00:00,55.04,64.6
2024-03-30 05:15:00,70.02,63.3
2024-03-30 05:30:00,86.91,62.4
2024-03-30 05:45:00,80.0,64.7
2024-03-30 06:00:00,82.05,63.7
2024-03-30 06:15:00,73.8,66.0
2024-03-30 06:30:00,83.03,69.1
2024-03-30 06:45:00,91.14,67.4
2024-03-30 07:00:00,99.71,66.9
2024-03-30 07:15:00,104.42,67.7
2024-03-30 07:30:00,105.55,70.7
2024-03-30 07:45:00,106.5,69.8
2024-03-30 08:00:00,107.62,69.5
2024-03-30 08:15:00,104.33,70.8
2024-03-30 08:30:00,102.92,76.3
2024-03-30 08:45:00,114.88,74.4
2024-03-30 09:00:00,119.41,75.6
2024-03-30 09:15:00,122.45,74.2
2024-03-30 09:30:00,117.81,75.6
2024-03-30 09:45:00,131.9,76.1
2024-03-30 10:00:00,125.62,77.3
2024-03-30 10:15:00,134.55,75.0
2024-03-30 10:30:00,142.45,80.9
2024-03-30 10:45:00,122.04,79.0
2024-03-30 11:00:00,129.93,79.7
2024-03-30 11:15:00,137.14,81.4
2024-03-30 11:30:00,143.73,81.4
2024-03-30 11:45:00,128.58,78.7
2024-03-30 12:00:00,145.36,81.1
2024-03-30 12:15:00,137.17,81.0
2024-03-30 12:30:00,136.48,80.4
2024-03-30 12:45:00,132.65,81.7
2024-03-30 13:00:00,131.46,81.0
2024-03-30 13:15:00,139.45,80.5
2024-03-30 13:30:00,126.2,81.5
2024-03-30 13:45:00,134.02,78.4
2024-03-30 14:00:00,126.16,78.0
2024-03-30 14:15:00,122.75,79.0
2024-03-30 14:30:00,135.55,76.4
2024-03-30 14:45:00,127.46,77.1
2024-03-30 15:00:00,122.27,74.4
2024-03-30 15:15:00,122.05,70.2
2024-03-30 15:30:00,107.65,75.2
2024-03-30 15:45:00,120.08,70.1
2024-03-30 16:00:00,93.61,71.0
2024-03-30 16:15:00,102.46,73.2
2024-03-30 16:30:00,94.4,72.3
2024-03-30 16:45:00,99.64,72.1
2024-03-30 17:00:00,94.32,64.8
2024-03-30 17:15:00,90.77,68.4
2024-03-30 17:30:00,84.89,66.4
2024-03-30 17:45:00,80.51,67.9
2024-03-30 18:00:00,66.48,67.9
2024-03-30 18:15:00,80.07,61.3
2024-03-30 18:30:00,77.67,63.0
2024-03-30 18:45:00,79.22,63.7
2024-03-30 19:00:00,60.67,60.4
2024-03-30 19:15:00,67.34,63.6
2024-03-30 19:30:00,55.93,58.4
2024-03-30 19:45:00,61.07,57.7
2024-03-30 20:00:00,57.54,55.3
2024-03-30 20:15:00,51.66,56.9
2024-03-30 20:30:00,46.5,49.8
2024-03-30 20:45:00,49.76,54.6
2024-03-30 21:00:00,43.24,56.9
2024-03-30 21:15:00,33.0,50.9
2024-03-30 21:30:00,29.8,49.8
2024-03-30 21:45:00,32.3,54.7
2024-03-30 22:00:00,37.36,54.5
2024-03-30 22:15:00,38.26,48.8
2024-03-30 22:30:00,21.44,54.6
2024-03-30 22:45:00,21.57,51.6
2024-03-30 23:00:00,34.19,52.6
2024-03-30 23:15:00,20.0,48.7
2024-03-30 23:30:00,31.03,53.1
2024-03-30 23:45:00,20.0,49.5
