Datetime,LENTS-HAPPY VALLEY (n=3345),LENTS-13101 (n=2119),LENTS-MT SCOTT (n=83),LENTS-NORTH (n=1571)
2021-01-01 00:00:00,3829.5176659999997,2514.7853330000003,101.398,1832.0413330000001
2021-01-01 01:00:00,3522.289,2315.258,85.559,1721.155667
2021-01-01 02:00:00,3207.724668,2190.165667,94.67699999999999,1551.627334
2021-01-01 03:00:00,3003.5213320000003,2020.903333,101.041,1463.068333
2021-01-01 04:00:00,2877.6496669999997,1963.889666,70.36700000000002,1382.609667
2021-01-01 05:00:00,2862.044,1880.344667,78.346,1394.013
2021-01-01 06:00:00,2975.372999,1878.750667,82.655,1420.016333
2021-01-01 07:00:00,3074.1509990000004,1930.91,87.68500000000002,1477.162333
2021-01-01 08:00:00,3268.712333,2078.523,89.409,1533.476333
2021-01-01 09:00:00,3715.4093329999996,2306.554334,94.89,1712.825
2021-01-01 10:00:00,4193.7449990000005,2552.3266670000003,103.889,1899.818
2021-01-01 11:00:00,4502.276,2749.1646659999997,121.987,2049.0370000000003
2021-01-01 12:00:00,4643.672665999999,2878.556,128.599,2096.638
2021-01-01 13:00:00,4800.318834,2993.85,163.22200000000004,2095.2290000000003
2021-01-01 14:00:00,4791.145999,2989.768,149.14900000000003,2136.8030000000003
2021-01-01 15:00:00,4819.040332,3044.7940000000003,130.48000000000002,2223.293
2021-01-01 16:00:00,4878.399333,3072.6679999999997,142.66299999999998,2256.77
2021-01-01 17:00:00,5274.7216659999995,3111.433,142.31799999999998,2415.727
2021-01-01 18:00:00,5503.251666,3253.576,169.65100000000004,2501.025
2021-01-01 19:00:00,5374.947,3349.2889999999998,174.796,2460.223
2021-01-01 20:00:00,5199.719999,3210.753,148.86999999999998,2402.43
2021-01-01 21:00:00,4984.838667,3063.216,137.954,2321.4076670000004
2021-01-01 22:00:00,4635.285333,2902.792,132.411,2183.281
2021-01-01 23:00:00,4214.232667,2714.6279999999997,123.92000000000002,1979.478
2021-01-02 00:00:00,3745.920666,2476.464,105.017,1826.085
2021-01-02 01:00:00,3290.1753329999997,2287.26,102.511,1658.2269999999999
2021-01-02 02:00:00,3058.669666,2092.674,108.736,1510.82
2021-01-02 03:00:00,2887.868,1991.114,78.57500000000002,1400.114
2021-01-02 04:00:00,2825.126333,1883.363,85.567,1368.843
2021-01-02 05:00:00,2832.148667,1874.757,82.35800000000002,1401.242
2021-01-02 06:00:00,2983.5886659999996,1899.982,86.97700000000002,1402.334
2021-01-02 07:00:00,3211.161,2037.903,90.026,1488.9189999999999
2021-01-02 08:00:00,3507.8973340000002,2178.208,100.69200000000001,1638.283
2021-01-02 09:00:00,3970.561999,2543.656,93.409,1842.1676670000002
2021-01-02 10:00:00,4445.888,2710.402,106.903,2017.572
2021-01-02 11:00:00,4848.774999,2913.93,158.142,2190.973
2021-01-02 12:00:00,5062.492667,3036.8019999999997,165.769,2327.126
2021-01-02 13:00:00,5177.925,3223.0480000000002,154.281,2378.772
2021-01-02 14:00:00,5112.3859999999995,3133.763,168.23499999999999,2356.3909999999996
2021-01-02 15:00:00,5075.4403330000005,3083.294,151.74,2302.0686669999996
2021-01-02 16:00:00,5128.403667,3157.469,144.886,2292.3626670000003
2021-01-02 17:00:00,5381.119667,3289.949,137.415,2336.129
2021-01-02 18:00:00,5655.741002000001,3363.3150000000005,148.777,2545.759
2021-01-02 19:00:00,5561.921666,3395.877,155.56799999999998,2480.2079999999996
2021-01-02 20:00:00,5372.727666000001,3304.4840000000004,155.651,2497.232
2021-01-02 21:00:00,5094.722168,3175.569,151.36499999999998,2292.1369999999997
2021-01-02 22:00:00,4752.325,3001.524,124.74099999999999,2180.571
2021-01-02 23:00:00,4247.012666,2780.133,120.021,2038.720667
2021-01-03 00:00:00,3809.714999,2502.311,98.188,1799.039
2021-01-03 01:00:00,3375.7619999999997,2289.6749999999997,107.52999999999999,1647.252
2021-01-03 02:00:00,3057.3833329999998,2101.4429999999998,89.427,1506.317334
2021-01-03 03:00:00,2863.1119989999997,1930.345333,82.82799999999999,1385.6813339999999
2021-01-03 04:00:00,2771.3503339999997,1885.548,83.155,1344.616
2021-01-03 05:00:00,2791.1319999999996,1893.663,72.473,1351.3490000000002
2021-01-03 06:00:00,2899.518333,1922.444,74.516,1364.991
2021-01-03 07:00:00,3125.1923340000003,1965.458,82.04499999999999,1478.2620000000002
2021-01-03 08:00:00,3510.6429989999997,2233.376,82.89700000000002,1647.627
2021-01-03 09:00:00,4034.4633330000006,2568.165,101.45,1889.872
2021-01-03 10:00:00,4524.043667,2821.7309999999998,108.56199999999998,2019.4719999999998
2021-01-03 11:00:00,4794.937667,2888.4809999999998,108.366,2223.274
2021-01-03 12:00:00,4912.897334,2939.7430000000004,129.44500000000002,2214.706
2021-01-03 13:00:00,4874.047335,2878.9710000000005,118.46900000000002,2224.868
2021-01-03 14:00:00,4817.905,2946.049,122.79400000000001,2225.318
2021-01-03 15:00:00,4759.390665000001,2804.242,107.712,2170.4390000000003
2021-01-03 16:00:00,4785.634666,2882.0609999999997,121.984,2199.844
2021-01-03 17:00:00,5322.387666,3109.054,118.40599999999999,2336.695
2021-01-03 18:00:00,5751.616668,3347.8770000000004,131.179,2560.8559999999998
2021-01-03 19:00:00,5764.610333,3463.7309999999998,139.69199999999998,2537.1153329999997
2021-01-03 20:00:00,5594.503333000001,3314.599,165.40899999999996,2484.123334
2021-01-03 21:00:00,5294.356999,3216.076,152.148,2353.657667
2021-01-03 22:00:00,4745.6196660000005,2965.948,158.122,2187.8973340000002
2021-01-03 23:00:00,4092.156667,2655.166,106.543,1990.145667
2021-01-04 00:00:00,3446.76,2304.229666,90.706,1743.998666
2021-01-04 01:00:00,3095.998,2065.557667,95.45000000000002,1537.185666
2021-01-04 02:00:00,2873.319001,1875.4740000000002,91.175,1394.022333
2021-01-04 03:00:00,2697.349667,1763.409332,79.13499999999999,1319.591331
2021-01-04 04:00:00,2681.422,1754.3439989999997,66.74499999999999,1290.413
2021-01-04 05:00:00,2802.087334,1786.5353340000001,71.99900000000001,1371.9813319999998
2021-01-04 06:00:00,3072.120668,1939.018665,81.35900000000001,1386.7313319999998
2021-01-04 07:00:00,3474.812333,2103.919667,87.74700000000001,1561.871333
2021-01-04 08:00:00,3760.583001,2276.6443339999996,103.46800000000002,1715.087333
2021-01-04 09:00:00,4182.632,2582.080668,107.514,1888.6909999999998
2021-01-04 10:00:00,4304.549333000001,2629.621666,122.75400000000002,1940.0506669999997
2021-01-04 11:00:00,4531.684665999999,2700.059999,117.31,2026.840667
2021-01-04 12:00:00,4555.930001000001,2812.468,140.313,2000.545334
2021-01-04 13:00:00,4584.1900000000005,2789.330333,108.90800000000002,2043.798334
2021-01-04 14:00:00,4381.306667,2660.484,117.73500000000001,2067.6096660000003
2021-01-04 15:00:00,4377.927334,2631.691332,114.933,1975.232667
2021-01-04 16:00:00,4532.041832999999,2730.128001,129.65999999999997,2061.879333
2021-01-04 17:00:00,4894.571834,2971.696666,139.327,2308.627999
2021-01-04 18:00:00,5665.550499999999,3305.43,159.07000000000002,2632.2086660000004
2021-01-04 19:00:00,5802.480333,3452.875668,139.137,2698.098
2021-01-04 20:00:00,5553.880999,3357.7700000000004,167.58299999999994,2614.1673330000003
2021-01-04 21:00:00,5284.954332,3251.279,173.63599999999997,2497.575001
2021-01-04 22:00:00,4860.477667,2981.369665,154.142,2316.004333
2021-01-04 23:00:00,4227.396333000001,2773.4053329999997,123.909,2022.6989990000002
2021-01-05 00:00:00,3684.2506670000002,2445.340667,109.25099999999999,1811.958333
2021-01-05 01:00:00,3303.8493339999995,2185.6499999999996,89.06,1645.014667
2021-01-05 02:00:00,3011.463334,2044.879,93.3,1503.7833329999999
2021-01-05 03:00:00,2925.032833,1906.8039999999999,86.779,1409.909333
2021-01-05 04:00:00,2938.0755,1885.588,91.14099999999998,1423.403667
2021-01-05 05:00:00,3036.074166,1944.6659999999997,83.68199999999999,1468.85
2021-01-05 06:00:00,3418.840333,2117.8450000000003,94.069,1554.9193340000002
2021-01-05 07:00:00,3824.670834,2310.505,97.18500000000002,1746.24
2021-01-05 08:00:00,4170.746833,2541.4480000000003,116.24900000000001,1901.3950000000002
2021-01-05 09:00:00,4452.268167,2775.4269999999997,132.12400000000002,2047.4499999999998
2021-01-05 10:00:00,4566.804001,2842.534,106.57,2091.167
2021-01-05 11:00:00,4481.593333000001,2819.323,123.452,2122.071
2021-01-05 12:00:00,4578.173334,2881.4399999999996,134.279,2166.582
2021-01-05 13:00:00,4589.891,2833.2889999999998,126.90700000000002,2115.441
2021-01-05 14:00:00,4530.118665999999,2861.331,142.157,2153.955
2021-01-05 15:00:00,4499.153999,2902.398,133.978,2173.526333
2021-01-05 16:00:00,4600.317666999999,2953.6050000000005,150.21299999999997,2155.637
2021-01-05 17:00:00,5066.886667,3118.378,131.29000000000002,2331.828333
2021-01-05 18:00:00,5653.806834,3386.79,138.04500000000002,2585.993
2021-01-05 19:00:00,5671.481333,3494.4010000000003,134.757,2625.3720000000003
2021-01-05 20:00:00,5449.368667,3433.013,132.177,2575.0159999999996
2021-01-05 21:00:00,5177.697666,3252.59,146.06,2514.6589999999997
2021-01-05 22:00:00,4760.418666,3024.0879999999997,133.20399999999998,2241.351
2021-01-05 23:00:00,4220.767167,2715.793,115.43399999999998,2110.6490000000003
2021-01-06 00:00:00,3641.1498330000004,2394.317,117.11699999999999,1833.205
2021-01-06 01:00:00,3207.3334179999997,2215.4809999999998,95.21799999999999,1608.749
2021-01-06 02:00:00,3018.421416,2029.06,88.003,1478.107
2021-01-06 03:00:00,2924.9270829999996,1926.253,106.395,1417.212
2021-01-06 04:00:00,2881.413668,1917.7990000000002,79.887,1407.737
2021-01-06 05:00:00,2991.030502,1992.327,88.60700000000001,1450.037667
2021-01-06 06:00:00,3244.266667,2068.188,95.246,1536.728
2021-01-06 07:00:00,3649.043669,2266.315667,96.90599999999999,1687.3760000000002
2021-01-06 08:00:00,3952.6605850000005,2414.75,123.33500000000001,1834.581333
2021-01-06 09:00:00,4223.8901670000005,2686.523,124.95200000000001,1985.4766650000001
2021-01-06 10:00:00,4376.0466670000005,2756.3450000000003,125.065,1990.6889990000004
2021-01-06 11:00:00,4488.587,2749.0510000000004,108.766,1994.374334
2021-01-06 12:00:00,4593.500667,2759.251,116.502,1980.256668
2021-01-06 13:00:00,4560.783666,2842.9539999999997,111.448,1976.341001
2021-01-06 14:00:00,4429.011334000001,2868.901667,110.50999999999999,2023.836334
2021-01-06 15:00:00,4548.647,2927.316333,138.521,2102.481666
2021-01-06 16:00:00,4684.388666,2998.383,135.28500000000003,2215.2050010000003
2021-01-06 17:00:00,5071.192666000001,3123.721333,161.028,2365.752333
2021-01-06 18:00:00,5569.801332999999,3287.039999,153.38400000000001,2532.1213319999997
2021-01-06 19:00:00,5638.025334,3355.8103340000002,151.624,2616.850666
2021-01-06 20:00:00,5459.468334,3344.924667,132.412,2523.663332
2021-01-06 21:00:00,5125.554332,3215.2200000000003,131.515,2456.633002
2021-01-06 22:00:00,4701.708667000001,3025.6449999999995,128.179,2269.217334
2021-01-06 23:00:00,4151.152,2720.3050000000003,139.243,2029.6133349999998
2021-01-07 00:00:00,3643.2743339999997,2469.067,104.897,1736.161666
2021-01-07 01:00:00,3209.1323340000004,2189.3513350000003,84.46900000000001,1581.382334
2021-01-07 02:00:00,3001.6580010000002,2037.484668,79.39000000000001,1481.829334
2021-01-07 03:00:00,2908.264,1908.5646669999999,83.92099999999999,1385.709668
2021-01-07 04:00:00,2839.425,1882.048001,78.198,1356.128334
2021-01-07 05:00:00,2910.506,1958.782333,80.28900000000002,1432.4343330000002
2021-01-07 06:00:00,3282.4676659999996,2078.4170000000004,97.12,1539.836666
2021-01-07 07:00:00,3681.0433329999996,2289.235334,99.08199999999998,1708.5820010000002
2021-01-07 08:00:00,3978.8629990000004,2441.873,110.83500000000002,1831.2839979999999
2021-01-07 09:00:00,4366.824667,2711.206334,110.82000000000001,2004.719334
2021-01-07 10:00:00,4422.142501,2765.885667,138.252,1988.3583330000001
2021-01-07 11:00:00,4395.058333,2829.435,118.86200000000001,2020.854668
2021-01-07 12:00:00,4462.0106670000005,2839.3280000000004,137.21200000000002,2057.7166660000003
2021-01-07 13:00:00,4551.938833,2841.1099999999997,127.313,2092.1966660000003
2021-01-07 14:00:00,4382.538834,2732.343,140.174,2055.0483329999997
2021-01-07 15:00:00,4260.169166,2697.221,131.76500000000001,2015.556667
2021-01-07 16:00:00,4213.485167,2747.254,107.676,2074.3233330000003
2021-01-07 17:00:00,4771.842667000001,2972.673,145.99900000000002,2241.066667
2021-01-07 18:00:00,5499.826333,3352.131,168.06400000000002,2581.726336
2021-01-07 19:00:00,5616.357668,3595.594,181.72000000000003,2693.833333
2021-01-07 20:00:00,5618.253333,3534.183,156.71800000000002,2611.652333
2021-01-07 21:00:00,5185.9490000000005,3341.951333,153.94500000000002,2517.254667
2021-01-07 22:00:00,4796.532,3114.9973330000003,142.53699999999998,2310.532
2021-01-07 23:00:00,4309.829333,2832.725667,123.124,2065.001665
2021-01-08 00:00:00,3804.1580000000004,2485.234333,109.39299999999999,1798.096
2021-01-08 01:00:00,3332.5063339999997,2253.974,110.254,1676.7073340000002
2021-01-08 02:00:00,3002.378,2074.76,89.48400000000001,1545.3946660000001
2021-01-08 03:00:00,2890.3993339999997,1970.0100000000002,96.47699999999999,1394.151667
2021-01-08 04:00:00,2899.433667,1934.07,87.744,1379.359999
2021-01-08 05:00:00,2982.869167,1997.402,101.21600000000001,1449.140333
2021-01-08 06:00:00,3290.310333,2121.92,91.29199999999999,1504.902
2021-01-08 07:00:00,3655.709667,2263.3513340000004,96.796,1667.754666
2021-01-08 08:00:00,4044.178666,2471.097,116.075,1795.468666
2021-01-08 09:00:00,4421.4185,2740.7219999999998,115.62799999999999,2012.909999
2021-01-08 10:00:00,4444.753667000001,2772.828,151.144,2012.9143330000002
2021-01-08 11:00:00,4488.776,2833.789,143.17000000000002,2046.565001
2021-01-08 12:00:00,4523.549999999999,2749.9530000000004,121.48800000000001,2126.594666
2021-01-08 13:00:00,4413.762,2687.982,110.72500000000001,2135.965334
2021-01-08 14:00:00,4234.999666999999,2558.622,106.016,2002.8939999999998
2021-01-08 15:00:00,4083.1163340000003,2601.316,99.835,1995.6713329999998
2021-01-08 16:00:00,4275.562334,2689.803,98.479,2055.5926680000002
2021-01-08 17:00:00,4680.446666,2939.737,115.33700000000002,2179.399667
2021-01-08 18:00:00,5250.772666000001,3332.608,126.42399999999999,2457.370667
2021-01-08 19:00:00,5457.398667,3388.286,155.883,2538.068
2021-01-08 20:00:00,5374.2606670000005,3458.629,171.912,2532.7443329999996
2021-01-08 21:00:00,5190.933332,3355.622,140.875,2395.495333
2021-01-08 22:00:00,4809.212667,3146.491,151.375,2296.912667
2021-01-08 23:00:00,4411.011334,3020.947,147.935,2173.8926680000004
2021-01-09 00:00:00,4055.162333,2782.984,144.304,1977.0990000000002
2021-01-09 01:00:00,3647.854999,2566.794,146.026,1858.763
2021-01-09 02:00:00,3466.9231670000004,2389.483,127.435,1765.141666
2021-01-09 03:00:00,3367.410667,2306.761,119.84600000000002,1660.304667
2021-01-09 04:00:00,3328.894833,2245.531,114.55599999999998,1646.962333
2021-01-09 05:00:00,3403.275334,2290.139,111.29500000000002,1691.263999
2021-01-09 06:00:00,3630.0865,2398.921,116.79600000000002,1714.444
2021-01-09 07:00:00,3953.750834,2538.014,134.79199999999997,1845.4230009999999
2021-01-09 08:00:00,4397.217167,2819.282,168.64000000000001,2093.543
2021-01-09 09:00:00,4966.670833,3195.544,180.30599999999998,2335.670333
2021-01-09 10:00:00,5366.733333,3367.52,165.15999999999994,2467.052333
2021-01-09 11:00:00,5351.76,3343.7980000000002,193.679,2492.150333
2021-01-09 12:00:00,5184.426668,3319.259,178.38700000000003,2433.420666
2021-01-09 13:00:00,5127.872668,3269.125333,174.606,2367.8333329999996
2021-01-09 14:00:00,5065.124333000001,3096.8833329999998,138.94700000000003,2353.669333
2021-01-09 15:00:00,4932.565666,3021.314,146.85000000000002,2328.144667
2021-01-09 16:00:00,4982.7265,3040.937333,139.07500000000002,2324.128667
2021-01-09 17:00:00,5427.3475,3193.5260000000003,143.977,2487.9539990000003
2021-01-09 18:00:00,5804.642334,3570.514667,169.87299999999996,2691.090334
2021-01-09 19:00:00,5853.442666999999,3580.358,189.321,2822.433334
2021-01-09 20:00:00,5631.959833999999,3563.4619999999995,187.03300000000002,2754.596667
2021-01-09 21:00:00,5352.654501000001,3460.147,197.51000000000002,2591.719666
2021-01-09 22:00:00,5011.9733320000005,3220.385,171.605,2405.7439999999997
2021-01-09 23:00:00,4569.502332999999,2980.043,159.46200000000002,2186.645334
2021-01-10 00:00:00,4165.7626660000005,2740.8959999999997,137.576,2031.8033329999998
2021-01-10 01:00:00,3659.282,2584.5530000000003,111.82499999999999,1836.653334
2021-01-10 02:00:00,3380.797,2405.847,109.81,1698.230333
2021-01-10 03:00:00,3249.9709999999995,2254.1859999999997,108.47599999999998,1611.386335
2021-01-10 04:00:00,3154.3546670000005,2193.492,104.73799999999999,1568.377667
2021-01-10 05:00:00,3184.851333,2144.465,84.79500000000002,1559.115667
2021-01-10 06:00:00,3244.8743329999998,2160.594,126.179,1592.3600000000001
2021-01-10 07:00:00,3456.306834,2329.722,119.18499999999999,1668.289
2021-01-10 08:00:00,3932.845999,2454.389,112.366,1828.2946659999998
2021-01-10 09:00:00,4450.1078339999995,2798.277,145.15200000000002,2072.515668
2021-01-10 10:00:00,4962.659334,3078.178,125.31500000000001,2279.578665
2021-01-10 11:00:00,5238.802834,3258.235,145.551,2513.287332
2021-01-10 12:00:00,5407.7185,3330.324,132.821,2491.4633329999997
2021-01-10 13:00:00,5365.458834,3501.877,139.547,2551.867667
2021-01-10 14:00:00,5275.633334,3360.661,150.69899999999996,2470.1273330000004
2021-01-10 15:00:00,5263.615499,3390.8860000000004,173.09499999999997,2449.954001
2021-01-10 16:00:00,5351.960998999999,3376.1670000000004,157.77100000000002,2457.4570009999998
2021-01-10 17:00:00,5589.475499,3459.572334,156.052,2576.053001
2021-01-10 18:00:00,5946.422334000001,3585.845333,206.09799999999998,2809.830334
2021-01-10 19:00:00,6029.135,3661.8450000000003,151.08700000000002,2802.406667
2021-01-10 20:00:00,5721.459334000001,3616.888,157.96800000000002,2765.9403330000005
2021-01-10 21:00:00,5450.455001,3406.0803330000003,168.25199999999998,2659.0076670000003
2021-01-10 22:00:00,4969.046499,3191.764333,149.15699999999998,2439.554
2021-01-10 23:00:00,4316.6001670000005,2918.821667,137.532,2175.603666
2021-01-11 00:00:00,3814.0595000000003,2576.0483329999997,113.353,1955.606667
2021-01-11 01:00:00,3402.2290000000003,2344.13,93.212,1728.739666
2021-01-11 02:00:00,3148.0108330000003,2174.489667,103.71300000000002,1598.0426670000002
2021-01-11 03:00:00,2981.015334,2094.6626669999996,101.289,1512.472334
2021-01-11 04:00:00,3014.865667,2062.666,87.00500000000001,1481.298667
2021-01-11 05:00:00,3113.0853340000003,2167.634,93.47699999999999,1538.324
2021-01-11 06:00:00,3448.6605,2253.6000000000004,116.93900000000001,1632.0973319999998
2021-01-11 07:00:00,3899.791668,2462.406,104.33599999999998,1828.694668
2021-01-11 08:00:00,4228.5298330000005,2640.121,110.25399999999999,1975.007667
2021-01-11 09:00:00,4528.1135,2865.677,139.59099999999998,2072.472334
2021-01-11 10:00:00,4563.743501,3013.213,133.427,2135.177001
2021-01-11 11:00:00,4692.961166,3019.536,137.23,2229.465
2021-01-11 12:00:00,4799.898001,3026.415,152.756,2278.219333
2021-01-11 13:00:00,4833.676167,3065.9709999999995,133.346,2251.222334
2021-01-11 14:00:00,4825.830833,2991.5570000000002,130.304,2254.3599999999997
2021-01-11 15:00:00,4683.058,2973.75,145.45200000000003,2233.2126670000002
2021-01-11 16:00:00,4773.463333,3032.3190000000004,139.094,2357.736
2021-01-11 17:00:00,5185.503,3252.486,142.636,2555.243
2021-01-11 18:00:00,5757.963167,3611.026,156.89500000000004,2757.918999
2021-01-11 19:00:00,5775.302667,3645.8869999999997,186.998,2807.481667
2021-01-11 20:00:00,5611.9205,3631.8740000000003,183.722,2691.042667
2021-01-11 21:00:00,5191.310499,3405.469,169.79899999999998,2607.058
2021-01-11 22:00:00,4720.023834,3127.5519999999997,152.876,2348.697333
2021-01-11 23:00:00,4090.3438340000002,2887.174,141.167,2125.707332
2021-01-12 00:00:00,3596.0636670000004,2538.9709999999995,96.567,1868.679001
2021-01-12 01:00:00,3145.619333,2275.2016670000003,83.715,1658.974999
2021-01-12 02:00:00,2898.409834,2023.5823339999997,77.08,1505.8680009999998
2021-01-12 03:00:00,2740.706499,1891.746,79.11799999999998,1412.936666
2021-01-12 04:00:00,2646.075333,1850.3106659999999,68.949,1351.690666
2021-01-12 05:00:00,2755.8751660000003,1908.2060000000001,70.343,1405.7103339999999
2021-01-12 06:00:00,3113.487667,1992.3670000000002,73.079,1442.794
2021-01-12 07:00:00,3425.937334,2126.683,83.17699999999999,1602.249667
2021-01-12 08:00:00,3800.482,2291.375,85.84400000000001,1735.575
2021-01-12 09:00:00,3986.133001,2470.7616669999998,94.351,1764.647999
2021-01-12 10:00:00,4102.811501,2566.672333,114.171,1825.731999
2021-01-12 11:00:00,4147.611667,2543.900667,112.021,1905.2153329999999
2021-01-12 12:00:00,4168.410666,2596.003,124.621,1973.599667
2021-01-12 13:00:00,4278.494834,2578.507667,124.952,1993.885
2021-01-12 14:00:00,4247.5965,2557.6679999999997,115.46199999999999,1904.605
2021-01-12 15:00:00,4162.576499999999,2483.763,115.932,1931.878
2021-01-12 16:00:00,4311.840666,2564.312667,116.81500000000001,2038.487
2021-01-12 17:00:00,4693.243667,2757.858,112.66400000000002,2140.767
2021-01-12 18:00:00,5191.566334,2949.602333,126.51699999999998,2335.585999
2021-01-12 19:00:00,5285.049999999999,3113.7119999999995,121.45200000000001,2390.849001
2021-01-12 20:00:00,5038.1315,3068.652667,142.11,2388.984333
2021-01-12 21:00:00,4790.8096669999995,2930.9939999999997,107.58999999999999,2255.953668
2021-01-12 22:00:00,4414.256165,2705.099333,129.974,2057.178666
2021-01-12 23:00:00,3650.508667,2391.435333,92.458,1805.5880000000002
2021-01-13 00:00:00,3101.501334,2096.469666,83.40799999999999,1602.267002
2021-01-13 01:00:00,2739.713334,1922.723667,80.13199999999999,1411.392333
2021-01-13 02:00:00,2484.161832,1763.7749999999999,70.956,1257.9849989999998
2021-01-13 03:00:00,2397.2573350000002,1668.9983339999999,67.128,1171.096
2021-01-13 04:00:00,2444.621999,1685.508667,70.20200000000001,1169.317
2021-01-13 05:00:00,2672.5765,1790.726,64.929,1226.323003
2021-01-13 06:00:00,3082.3154999999997,1933.3136670000001,73.374,1351.8726689999999
2021-01-13 07:00:00,3460.919833,2115.821667,84.197,1542.239
2021-01-13 08:00:00,3733.7034999999996,2335.820667,98.578,1715.371416
2021-01-13 09:00:00,4033.386,2518.184333,112.909,1734.5653320000001
2021-01-13 10:00:00,4096.928667,2548.824667,118.79,1801.5123320000002
2021-01-13 11:00:00,4102.474333,2457.2043329999997,93.79,1751.244999
2021-01-13 12:00:00,4098.912501,2486.915667,93.63000000000001,1769.8410010000002
2021-01-13 13:00:00,4136.821,2437.738667,91.57300000000001,1771.095332
2021-01-13 14:00:00,3924.855833,2369.782667,98.14799999999998,1709.301334
2021-01-13 15:00:00,3792.210166,2266.140333,95.50200000000001,1691.870669
2021-01-13 16:00:00,3926.716832,2292.7166669999997,103.745,1729.0513349999999
2021-01-13 17:00:00,4560.739998999999,2555.923333,103.56500000000001,1987.572334
2021-01-13 18:00:00,5234.322833,2970.099333,116.063,2356.7043329999997
2021-01-13 19:00:00,5370.2365,3160.25,127.549,2432.701333
2021-01-13 20:00:00,5165.7075,3266.8106669999997,139.39200000000002,2467.527999
2021-01-13 21:00:00,4900.080833,3187.272333,131.315,2329.362
2021-01-13 22:00:00,4595.728167000001,2991.056666,132.60399999999998,2200.967
2021-01-13 23:00:00,4026.696833,2705.163667,126.26999999999998,1957.3636660000002
2021-01-14 00:00:00,3641.3125010000003,2433.955333,120.01,1707.803667
2021-01-14 01:00:00,3243.074667,2193.249667,112.602,1595.838666
2021-01-14 02:00:00,2991.889499,2033.898333,101.052,1487.3953350000002
2021-01-14 03:00:00,2920.4631660000005,2000.0626669999997,92.173,1417.3729990000002
2021-01-14 04:00:00,2903.550999,1968.5966669999998,86.261,1403.1129999999998
2021-01-14 05:00:00,3002.138834,2065.143,93.58500000000002,1453.5499989999998
2021-01-14 06:00:00,3346.224,2205.329667,103.90100000000001,1574.5230020000001
2021-01-14 07:00:00,3727.2145,2400.082,118.152,1754.3753339999998
2021-01-14 08:00:00,4133.640501,2557.5203329999995,134.52700000000002,1889.451668
2021-01-14 09:00:00,4414.685666,2791.5649999999996,136.397,1972.987001
2021-01-14 10:00:00,4438.2745,2711.039333,117.04299999999999,2015.939332
2021-01-14 11:00:00,4357.287832,2606.867,120.98200000000001,1947.731333
2021-01-14 12:00:00,4214.900667,2563.482333,116.225,1978.3356659999997
2021-01-14 13:00:00,4157.358667,2547.473667,101.08400000000002,1895.583
2021-01-14 14:00:00,3987.6805000000004,2475.154,99.35000000000001,1840.632667
2021-01-14 15:00:00,3858.764665,2414.634,91.689,1838.7416669999998
2021-01-14 16:00:00,3952.0556669999996,2455.858333,90.47300000000001,1933.7760000000003
2021-01-14 17:00:00,4495.719666,2734.266667,121.155,2124.6236670000003
2021-01-14 18:00:00,5109.830667,3068.005333,132.922,2383.5373329999998
2021-01-14 19:00:00,5357.143001,3262.397667,151.334,2492.027333
2021-01-14 20:00:00,5230.154832,3260.7556670000004,158.47299999999998,2452.542
2021-01-14 21:00:00,5017.536833,3119.8956670000002,149.22899999999998,2363.636667
2021-01-14 22:00:00,4514.302000000001,2899.068,144.68200000000002,2177.983
2021-01-14 23:00:00,4000.1096660000003,2643.385333,125.46000000000001,1946.208333
2021-01-15 00:00:00,3484.330001,2383.6856669999997,88.12899999999999,1757.354
2021-01-15 01:00:00,3131.982333,2137.2253330000003,89.54499999999999,1560.5860010000001
2021-01-15 02:00:00,2889.862334,1985.652333,73.37600000000002,1503.2289999999998
2021-01-15 03:00:00,2778.636333,1880.1689999999999,73.104,1361.264668
2021-01-15 04:00:00,2726.095833,1833.752,66.67099999999999,1366.613668
2021-01-15 05:00:00,2829.663334,1907.190333,88.91400000000002,1392.214996
2021-01-15 06:00:00,3121.1525,1975.3183330000002,107.00699999999998,1461.577333
2021-01-15 07:00:00,3503.1751670000003,2198.643,99.075,1604.075333
2021-01-15 08:00:00,3837.087834,2381.6009999999997,88.45900000000002,1787.13
2021-01-15 09:00:00,4172.0244999999995,2626.927667,103.761,1931.2439989999998
2021-01-15 10:00:00,4359.251832999999,2699.848333,117.324,1958.298
2021-01-15 11:00:00,4478.402667,2725.8286669999998,137.783,2004.7756680000002
2021-01-15 12:00:00,4513.793834,2809.9543329999997,134.04200000000003,2044.0870000000002
2021-01-15 13:00:00,4565.044667,2778.951,129.592,2066.602665
2021-01-15 14:00:00,4403.803001,2716.201,122.864,2081.777
2021-01-15 15:00:00,4387.593500000001,2708.9356669999997,115.65900000000002,2035.013666
2021-01-15 16:00:00,4548.861167,2785.656667,117.289,2118.601001
2021-01-15 17:00:00,4720.362166999999,2942.6740000000004,127.54999999999998,2206.788001
2021-01-15 18:00:00,5148.757500000001,3210.338,143.229,2424.0253349999994
2021-01-15 19:00:00,5351.1165,3334.839333,160.877,2454.647999
2021-01-15 20:00:00,5109.938,3283.951333,146.356,2372.440667
2021-01-15 21:00:00,4824.510001000001,3140.8909999999996,170.07500000000002,2270.329667
2021-01-15 22:00:00,4474.653334,3000.382,126.65,2110.0389990000003
2021-01-15 23:00:00,4050.522,2759.458333,109.784,1990.622003
2021-01-16 00:00:00,3650.191333,2462.869001,113.879,1776.629501
2021-01-16 01:00:00,3252.358333,2242.689,99.402,1554.482663
2021-01-16 02:00:00,2971.8914999999997,2060.515666,96.463,1457.270334
2021-01-16 03:00:00,2816.990334,1949.146,73.31899999999999,1409.334001
2021-01-16 04:00:00,2787.9225,1898.4813330000002,74.92599999999999,1373.8003359999998
2021-01-16 05:00:00,2840.8500000000004,1913.9940000000001,68.087,1378.207333
2021-01-16 06:00:00,2985.9309999999996,2025.3433329999998,95.07100000000001,1410.7023290000002
2021-01-16 07:00:00,3263.0060000000003,2081.595667,95.066,1561.7153349999999
2021-01-16 08:00:00,3710.781,2328.9353330000004,98.129,1710.2776680000002
2021-01-16 09:00:00,4248.674333999999,2602.4476669999995,118.951,1910.3983329999999
2021-01-16 10:00:00,4625.131665999999,2845.458,123.86699999999998,2075.386333
2021-01-16 11:00:00,4755.150666,2893.267,113.44000000000001,2132.668334
2021-01-16 12:00:00,4792.597501,2862.615333,114.9,2155.5393329999997
2021-01-16 13:00:00,4506.49,2798.656,103.97399999999999,2139.949666
2021-01-16 14:00:00,4406.9619999999995,2722.2286670000003,111.625,2021.286
2021-01-16 15:00:00,4410.106833,2731.602333,115.55499999999998,2007.4013330000002
2021-01-16 16:00:00,4519.340667,2786.806667,128.36399999999998,2086.916667
2021-01-16 17:00:00,4843.3125,2985.294667,121.463,2297.106999
2021-01-16 18:00:00,5244.954333,3177.729999,148.51900000000003,2445.717333
2021-01-16 19:00:00,5407.0825,3268.593333,156.69799999999998,2493.5130010000003
2021-01-16 20:00:00,5206.022833,3299.256667,160.555,2397.938999
2021-01-16 21:00:00,4985.594666000001,3136.777,154.07600000000002,2396.017001
2021-01-16 22:00:00,4648.563333,2983.238667,153.495,2211.909333
2021-01-16 23:00:00,4174.793833,2809.357333,134.72000000000003,2043.8929999999998
2021-01-17 00:00:00,3696.0825,2513.793667,142.27999999999997,1842.796666
2021-01-17 01:00:00,3333.8653329999997,2283.1393329999996,124.27499999999999,1673.987666
2021-01-17 02:00:00,3052.797501,2122.762667,105.306,1504.165
2021-01-17 03:00:00,2894.1971670000003,2016.0636670000001,91.71400000000001,1428.595668
2021-01-17 04:00:00,2805.844833,1971.500333,72.595,1367.682999
2021-01-17 05:00:00,2831.614001,1973.399,84.327,1394.9876669999999
2021-01-17 06:00:00,2935.541833,1990.854,79.774,1404.584668
2021-01-17 07:00:00,3122.7884999999997,2080.8579999999997,97.348,1512.717
2021-01-17 08:00:00,3517.693833,2244.797333,101.38799999999999,1643.341
2021-01-17 09:00:00,4076.805668,2591.735667,123.27499999999999,1882.907333
2021-01-17 10:00:00,4561.6145,2939.161,127.901,2102.563668
2021-01-17 11:00:00,4804.192333,3052.998667,114.442,2204.0150000000003
2021-01-17 12:00:00,4909.395167000001,3121.7473330000003,132.96499999999997,2306.468333
2021-01-17 13:00:00,5040.819835,3190.521,130.083,2317.929
2021-01-17 14:00:00,4981.686333,3122.302667,143.052,2328.4883330000002
2021-01-17 15:00:00,4863.842999,2950.773667,135.535,2294.94
2021-01-17 16:00:00,4794.438,2947.874333,125.50699999999999,2240.535
2021-01-17 17:00:00,4983.214,3167.485,115.87899999999999,2357.304333
2021-01-17 18:00:00,5546.1195,3442.5200000000004,163.63699999999997,2579.412334
2021-01-17 19:00:00,5612.0605,3482.4876670000003,180.70700000000002,2629.267666
2021-01-17 20:00:00,5540.206333,3489.853333,161.99000000000004,2641.724665
2021-01-17 21:00:00,5139.219,3319.2926669999997,157.60799999999998,2478.0370000000003
2021-01-17 22:00:00,4710.262167000001,3076.549667,145.50099999999998,2309.397666
2021-01-17 23:00:00,4180.948334,2858.4173330000003,161.981,2155.5313340000002
2021-01-18 00:00:00,3711.0746660000004,2572.7403329999997,120.21799999999999,1911.732002
2021-01-18 01:00:00,3241.222667,2363.237,104.907,1690.815665
2021-01-18 02:00:00,3017.860667,2130.879,102.905,1571.5623340000002
2021-01-18 03:00:00,2911.166666,2015.0146670000001,101.528,1476.2230020000002
2021-01-18 04:00:00,2912.941,1976.4886669999999,86.186,1455.857
2021-01-18 05:00:00,2950.788334,2051.5856670000003,96.426,1503.200332
2021-01-18 06:00:00,3210.7163330000003,2157.3833329999998,112.82499999999999,1585.5769990000001
2021-01-18 07:00:00,3555.045,2283.202333,108.629,1666.326334
2021-01-18 08:00:00,3869.7213330000004,2456.650667,103.874,1804.615
2021-01-18 09:00:00,4152.410334,2695.338,140.934,1976.344667
2021-01-18 10:00:00,4552.066001,2910.4233329999997,141.60299999999998,2067.363333
2021-01-18 11:00:00,4677.030999999999,3009.2523330000004,135.96300000000002,2132.617
2021-01-18 12:00:00,4785.103999000001,2963.321333,130.169,2198.9390000000003
2021-01-18 13:00:00,4636.809001,2868.326,112.00999999999999,2158.4799999999996
2021-01-18 14:00:00,4335.0966659999995,2798.625333,117.63199999999999,2039.1316660000002
2021-01-18 15:00:00,4175.812665,2729.299667,100.349,2033.3686670000002
2021-01-18 16:00:00,4284.84,2720.763666,117.009,2049.9643340000002
2021-01-18 17:00:00,4733.071333,2953.913333,131.20300000000003,2251.132334
2021-01-18 18:00:00,5484.410334,3340.144667,169.763,2672.3810000000003
2021-01-18 19:00:00,5838.719667,3563.505666,169.111,2777.673
2021-01-18 20:00:00,5571.024665999999,3585.9939999999997,176.37800000000001,2696.542
2021-01-18 21:00:00,5357.871333,3411.965333,199.92000000000002,2577.777
2021-01-18 22:00:00,4959.734,3202.246333,170.52500000000003,2359.327666
2021-01-18 23:00:00,4324.429333,2986.370667,135.00199999999998,2197.6746679999997
2021-01-19 00:00:00,3743.219,2677.134333,133.77099999999996,1970.1033320000001
2021-01-19 01:00:00,3430.784667,2539.751667,131.97500000000002,1767.434
2021-01-19 02:00:00,3212.947333,2387.011333,117.776,1715.196334
2021-01-19 03:00:00,3183.3861660000002,2312.434,125.415,1677.7653340000002
2021-01-19 04:00:00,3195.475833,2280.648333,126.34899999999999,1677.323333
2021-01-19 05:00:00,3397.422667,2431.363667,122.91199999999999,1765.176001
2021-01-19 06:00:00,3716.015334,2589.088333,140.51,1881.1646660000001
2021-01-19 07:00:00,4174.369334,2780.276667,144.739,2079.280667
2021-01-19 08:00:00,4632.534,3044.2839999999997,162.044,2245.035334
2021-01-19 09:00:00,4891.623334,3222.431333,190.54199999999997,2405.753
2021-01-19 10:00:00,4938.034001,3176.546333,165.316,2388.312
2021-01-19 11:00:00,4866.628333,3100.986667,151.164,2381.178
2021-01-19 12:00:00,4673.428999,2952.095,161.021,2268.17
2021-01-19 13:00:00,4542.401332,2853.5596669999995,158.868,2185.839
2021-01-19 14:00:00,4171.354832999999,2680.241,118.40800000000002,2067.904333
2021-01-19 15:00:00,4089.784666,2624.6,90.602,1977.029
2021-01-19 16:00:00,4087.775166,2629.706667,106.08200000000001,1984.5086669999998
2021-01-19 17:00:00,4508.364,2852.0780000000004,120.48700000000001,2234.6840009999996
2021-01-19 18:00:00,5429.749666,3393.220333,133.209,2597.669333
2021-01-19 19:00:00,5713.776333000001,3627.0406669999998,157.53500000000003,2737.465334
2021-01-19 20:00:00,5694.341667000001,3615.103667,157.46499999999997,2784.147
2021-01-19 21:00:00,5389.6873319999995,3489.065,187.62500000000003,2652.6049980000003
2021-01-19 22:00:00,4948.043001,3309.117333,167.18699999999998,2498.87
2021-01-19 23:00:00,4356.575833999999,3018.407333,147.787,2260.615
2021-01-20 00:00:00,3926.3663340000003,2799.123333,149.82,1996.542669
2021-01-20 01:00:00,3515.3559999999998,2620.781667,128.887,1850.572001
2021-01-20 02:00:00,3337.5525,2528.973667,124.162,1758.590333
2021-01-20 03:00:00,3319.3135,2411.425667,141.28600000000003,1770.3849989999999
2021-01-20 04:00:00,3410.046833,2438.9936669999997,119.76599999999998,1783.236667
2021-01-20 05:00:00,3548.154167,2533.7870000000003,130.33200000000002,1835.374333
2021-01-20 06:00:00,3846.601501,2751.447,135.70400000000004,1955.505334
2021-01-20 07:00:00,4405.453667000001,2960.820667,152.23499999999999,2177.596334
2021-01-20 08:00:00,4749.0365,3229.0636670000004,164.662,2357.1519989999997
2021-01-20 09:00:00,5130.472166,3385.565333,210.724,2527.269334
2021-01-20 10:00:00,5168.534167,3387.1366669999998,196.74499999999998,2499.531
2021-01-20 11:00:00,5168.543167,3280.979333,175.147,2473.8816669999997
2021-01-20 12:00:00,4939.937667,3187.921667,198.965,2426.9399999999996
2021-01-20 13:00:00,4746.590167,3161.6366669999998,164.52100000000002,2317.373
2021-01-20 14:00:00,4677.407333,3017.313667,136.22,2215.176334
2021-01-20 15:00:00,4566.736167,3028.9933330000003,137.24999999999997,2154.574333
2021-01-20 16:00:00,4631.248667,3043.269667,154.71,2228.897666
2021-01-20 17:00:00,5098.137333000001,3184.7113329999997,174.618,2398.557667
2021-01-20 18:00:00,5690.189,3551.8143330000003,153.794,2698.994333
2021-01-20 19:00:00,5894.980167000001,3685.1359999999995,147.88799999999998,2732.6033319999997
2021-01-20 20:00:00,5523.702832999999,3568.198667,158.69400000000002,2642.291001
2021-01-20 21:00:00,5176.1345,3372.981333,129.44,2558.767334
2021-01-20 22:00:00,4745.463334,3200.612333,146.251,2360.3516680000002
2021-01-20 23:00:00,4281.202666,2865.037667,140.91400000000002,2108.9206670000003
2021-01-21 00:00:00,3701.7485,2568.0733330000003,118.799,1851.2896649999998
2021-01-21 01:00:00,3350.2093330000002,2330.833334,98.409,1648.050666
2021-01-21 02:00:00,3156.711833,2148.584667,87.479,1557.643001
2021-01-21 03:00:00,3007.4348330000003,2111.745667,94.88999999999999,1476.096333
2021-01-21 04:00:00,2975.460167,2068.822667,91.14099999999999,1481.7716659999999
2021-01-21 05:00:00,3096.999667,2171.696,79.66000000000001,1517.559667
2021-01-21 06:00:00,3379.6400000000003,2265.9266669999997,118.57300000000001,1615.699001
2021-01-21 07:00:00,3799.640499,2485.917,107.92200000000001,1791.333333
2021-01-21 08:00:00,4161.235001,2670.568666,127.676,1944.6406670000001
2021-01-21 09:00:00,4421.460666,2891.115667,133.84799999999998,2072.201666
2021-01-21 10:00:00,4504.111499999999,2953.12,131.65900000000002,2134.928
2021-01-21 11:00:00,4557.157332999999,2892.701,143.11999999999998,2160.099333
2021-01-21 12:00:00,4568.791,2924.7033330000004,159.94199999999998,2133.421666
2021-01-21 13:00:00,4487.2615000000005,2834.499667,131.201,2191.864
2021-01-21 14:00:00,4356.113332999999,2837.171,139.067,2092.059667
2021-01-21 15:00:00,4454.951666,2899.0029999999997,128.903,2135.307
2021-01-21 16:00:00,4674.982333999999,3049.792333,147.622,2222.219
2021-01-21 17:00:00,5200.647666,3148.9216669999996,135.071,2423.317666
2021-01-21 18:00:00,5677.831667,3490.8073329999997,162.581,2694.315666
2021-01-21 19:00:00,5835.691334,3705.341667,164.79300000000003,2761.977667
2021-01-21 20:00:00,5733.619332,3720.172667,210.40599999999998,2684.137667
2021-01-21 21:00:00,5468.157832999999,3627.263667,176.05399999999997,2604.04
2021-01-21 22:00:00,4991.780833000001,3394.474,145.902,2395.7219999999998
2021-01-21 23:00:00,4365.8243330000005,3071.348333,151.76200000000003,2123.465
2021-01-22 00:00:00,3858.2415010000004,2745.107,132.694,1955.186667
2021-01-22 01:00:00,3523.1840009999996,2509.6098330000004,124.123,1802.852667
2021-01-22 02:00:00,3286.521,2369.7766659999998,123.89800000000002,1626.496333
2021-01-22 03:00:00,3222.1745,2269.361334,100.78200000000001,1607.882334
2021-01-22 04:00:00,3157.132333,2255.6755000000003,104.49900000000001,1559.5659999999998
2021-01-22 05:00:00,3299.4586670000003,2316.228,101.153,1599.864333
2021-01-22 06:00:00,3633.3395,2404.891833,122.64899999999999,1709.683
2021-01-22 07:00:00,4001.2685,2613.653667,123.66199999999999,1850.042667
2021-01-22 08:00:00,4419.445167,2844.3791680000004,128.74900000000002,2036.0470010000001
2021-01-22 09:00:00,4790.5560000000005,3032.6133339999997,138.33300000000003,2138.2966670000005
2021-01-22 10:00:00,4793.5275,3040.5391670000004,129.981,2172.815333
2021-01-22 11:00:00,4608.4825,3004.845,109.488,2156.183
2021-01-22 12:00:00,4719.813,2957.444,140.703,2173.9233329999997
2021-01-22 13:00:00,4618.392167,2892.9945,132.851,2145.955333
2021-01-22 14:00:00,4399.1681659999995,2787.4905,116.217,2060.203333
2021-01-22 15:00:00,4285.689667000001,2725.7200000000003,110.35799999999999,1996.958333
2021-01-22 16:00:00,4211.082334000001,2678.0225,127.214,2048.596
2021-01-22 17:00:00,4681.193,2863.9485,141.03799999999998,2244.874667
2021-01-22 18:00:00,5400.564167,3230.8149999999996,159.98299999999998,2456.7253330000003
2021-01-22 19:00:00,5719.521167,3535.8725,153.31500000000003,2601.563333
2021-01-22 20:00:00,5556.572332999999,3502.8705,158.627,2530.973667
2021-01-22 21:00:00,5247.579,3477.075,186.709,2529.141334
2021-01-22 22:00:00,4873.9271659999995,3320.706,167.376,2399.501
2021-01-22 23:00:00,4479.690666,3118.303,150.11099999999996,2254.669
2021-01-23 00:00:00,4092.375,2856.2830000000004,134.98000000000002,2051.157334
2021-01-23 01:00:00,3676.654238,2680.469,126.33300000000001,1909.861
2021-01-23 02:00:00,3490.494476,2524.6333329999998,118.73100000000001,1800.5539999999999
2021-01-23 03:00:00,3440.187047,2478.0116669999998,112.68499999999999,1757.966
2021-01-23 04:00:00,3471.464284,2435.1856660000003,118.49100000000001,1750.07
2021-01-23 05:00:00,3513.552521,2495.958,146.36700000000002,1772.285667
2021-01-23 06:00:00,3717.482092,2627.421334,157.17299999999997,1809.969333
2021-01-23 07:00:00,4031.639,2794.483334,156.59900000000002,1974.5636659999998
2021-01-23 08:00:00,4565.575666000001,3107.773,159.745,2195.1589999999997
2021-01-23 09:00:00,5258.327335,3471.285667,188.88,2489.3743329999998
2021-01-23 10:00:00,5494.0873329999995,3570.1870000000004,171.821,2636.431001
2021-01-23 11:00:00,5517.263333,3578.326,191.58999999999997,2588.101332
2021-01-23 12:00:00,5439.756667,3483.4793329999993,197.76700000000002,2608.4296670000003
2021-01-23 13:00:00,5114.258,3295.04,160.115,2485.592334
2021-01-23 14:00:00,4900.019,3136.5856670000003,114.02000000000001,2327.974668
2021-01-23 15:00:00,4628.112667,2989.108333,123.13000000000001,2213.571665
2021-01-23 16:00:00,4660.623713999999,3074.080667,118.425,2263.5486660000006
2021-01-23 17:00:00,4980.562427999999,3188.959,151.86299999999997,2302.177334
2021-01-23 18:00:00,5587.757142,3539.325333,189.053,2545.82
2021-01-23 19:00:00,5780.3711889999995,3618.6130000000003,183.066,2728.847667
2021-01-23 20:00:00,5588.573903,3590.1386669999997,186.76000000000002,2667.625
2021-01-23 21:00:00,5276.466617,3488.063,182.97300000000004,2604.742
2021-01-23 22:00:00,4866.974,3200.899667,180.76,2458.191334
2021-01-23 23:00:00,4404.838666,3074.4053329999997,149.896,2247.760333
2021-01-24 00:00:00,3917.558,2825.845667,134.97,2019.2103330000002
2021-01-24 01:00:00,3576.014,2577.8656660000006,119.827,1794.0703339999998
2021-01-24 02:00:00,3269.3446670000003,2380.976999,117.129,1679.72
2021-01-24 03:00:00,3197.495,2251.17,124.68100000000001,1591.128334
2021-01-24 04:00:00,3126.334333,2210.8273329999997,105.865,1575.0789989999998
2021-01-24 05:00:00,3147.5946670000003,2241.5556669999996,110.83000000000001,1569.364666
2021-01-24 06:00:00,3298.281667,2289.842,111.168,1619.1983329999998
2021-01-24 07:00:00,3530.476,2384.978,139.16899999999998,1725.5796650000002
2021-01-24 08:00:00,3957.597667,2621.575333,132.22700000000003,1909.936666
2021-01-24 09:00:00,4578.093001,2972.721667,137.54,2179.469667
2021-01-24 10:00:00,5165.504333,3316.729333,148.15500000000003,2438.5579989999997
2021-01-24 11:00:00,5421.696667,3534.153334,165.163,2567.367999
2021-01-24 12:00:00,5568.281333999999,3609.858,199.895,2697.326333
2021-01-24 13:00:00,5610.458334000001,3765.0443379999997,190.63600000000002,2762.292
2021-01-24 14:00:00,5627.951001,3573.736334,186.812,2722.595667
2021-01-24 15:00:00,5649.989,3525.724667,168.03200000000004,2797.559
2021-01-24 16:00:00,5713.522333,3619.728333,187.01500000000004,2747.7033330000004
2021-01-24 17:00:00,5967.912833,3744.1130000000003,182.04700000000003,2833.666666
2021-01-24 18:00:00,6305.6203319999995,3924.683333,178.26699999999997,2953.391334
2021-01-24 19:00:00,6288.385499,3905.946667,173.373,2940.0876670000002
2021-01-24 20:00:00,6029.745332,3769.471333,211.274,2909.277333
2021-01-24 21:00:00,5656.325333,3663.111667,203.224,2735.975
2021-01-24 22:00:00,5180.107,3366.3326669999997,173.09300000000002,2623.0910000000003
2021-01-24 23:00:00,4461.365333,3274.0103329999997,141.98399999999998,2336.286667
2021-01-25 00:00:00,3916.099666,2895.1006669999997,141.617,2029.924
2021-01-25 01:00:00,3525.8730000000005,2613.8013330000003,109.67199999999998,1844.125333
2021-01-25 02:00:00,3294.3579999999997,2451.654,113.38000000000001,1729.469335
2021-01-25 03:00:00,3241.7735000000002,2383.866333,114.64000000000001,1645.2819989999998
2021-01-25 04:00:00,3242.547167,2373.791,114.804,1665.2853340000001
2021-01-25 05:00:00,3461.265501,2404.191667,96.579,1715.1009989999998
2021-01-25 06:00:00,3768.830167,2573.755333,132.57,1803.0986659999999
2021-01-25 07:00:00,4251.393167,2750.133,135.08599999999998,1978.090667
2021-01-25 08:00:00,4556.032333,2989.1583330000003,142.19899999999998,2192.869667
2021-01-25 09:00:00,5008.163667000001,3187.6706670000003,164.95899999999997,2299.243334
2021-01-25 10:00:00,5098.022000999999,3323.240667,176.612,2416.853
2021-01-25 11:00:00,5097.994333000001,3282.026333,157.50199999999998,2400.486333
2021-01-25 12:00:00,5141.465567,3402.557667,183.35299999999998,2460.210667
2021-01-25 13:00:00,5143.770634,3347.237666,173.27200000000002,2460.104668
2021-01-25 14:00:00,4977.247533000001,3233.219333,159.538,2375.827332
2021-01-25 15:00:00,4798.738433,3114.095667,147.79399999999998,2365.5609999999997
2021-01-25 16:00:00,4831.498,3087.537333,143.977,2414.71
2021-01-25 17:00:00,5196.670067,3223.307,165.66099999999997,2502.308001
2021-01-25 18:00:00,5891.500633,3698.8509999999997,179.516,2847.0
2021-01-25 19:00:00,6107.251533000001,3943.004,188.488,2889.248999
2021-01-25 20:00:00,5932.8371,3883.570666,184.668,2784.224001
2021-01-25 21:00:00,5596.1135,3763.7259999999997,214.00500000000002,2733.7450010000002
2021-01-25 22:00:00,5160.972667,3534.5773329999997,172.34100000000004,2531.682667
2021-01-25 23:00:00,4437.518667,3201.751667,155.152,2248.3806670000004
2021-01-26 00:00:00,3905.2608339999997,2822.719333,134.68300000000002,2016.332
2021-01-26 01:00:00,3569.496,2592.590667,113.479,1828.974667
2021-01-26 02:00:00,3342.0576659999997,2437.539333,109.66799999999999,1711.055667
2021-01-26 03:00:00,3244.661999,2338.8289999999997,110.789,1667.532667
2021-01-26 04:00:00,3242.93,2386.414333,128.752,1692.322333
2021-01-26 05:00:00,3460.131667,2442.552667,124.75200000000001,1743.743
2021-01-26 06:00:00,3834.322072,2580.304333,146.923,1846.5496669999998
2021-01-26 07:00:00,4238.588143,2784.2246670000004,152.053,1987.578
2021-01-26 08:00:00,4595.078546,3037.402,145.342,2234.288
2021-01-26 09:00:00,4930.755950999999,3249.5963330000004,178.53300000000002,2341.337
2021-01-26 10:00:00,5074.325688999999,3340.461333,154.19400000000002,2430.897
2021-01-26 11:00:00,5078.807092999999,3302.674667,187.54466699999995,2494.104
2021-01-26 12:00:00,5223.748163,3439.402,184.73099999999997,2551.808
2021-01-26 13:00:00,5300.131235000001,3416.746667,168.518,2577.33
2021-01-26 14:00:00,5103.609639,3416.558,175.08999999999997,2528.567
2021-01-26 15:00:00,5224.7705430000005,3427.7879999999996,177.78399999999996,2609.258
2021-01-26 16:00:00,5506.352613999999,3758.989667,209.38899999999998,2768.215333
2021-01-26 17:00:00,6096.289519,4023.975,196.83499999999998,3040.4480000000003
2021-01-26 18:00:00,6708.162257,4238.607333,243.35899999999998,3217.112
2021-01-26 19:00:00,6584.710000000001,4367.630999999999,258.90799999999996,3213.9660000000003
2021-01-26 20:00:00,6238.326000000001,4202.123667,224.513,3116.715667
2021-01-26 21:00:00,5833.023166999999,3997.1279999999997,221.16799999999998,2848.5573329999997
2021-01-26 22:00:00,5376.903167,3636.312333,194.895,2601.611333
2021-01-26 23:00:00,4641.1795,3289.570666,151.414,2320.3723339999997
2021-01-27 00:00:00,4139.881167,2945.1259999999997,136.69500000000002,2071.081667
2021-01-27 01:00:00,3653.2521690000003,2693.874001,105.638,1880.915667
2021-01-27 02:00:00,3466.4266669999997,2583.993334,105.99699999999999,1741.731667
2021-01-27 03:00:00,3349.2509999999997,2440.6409999999996,120.08599999999998,1707.731666
2021-01-27 04:00:00,3362.406333,2354.0693340000003,132.447,1690.084
2021-01-27 05:00:00,3502.087667,2423.426,116.79199999999999,1733.849
2021-01-27 06:00:00,3735.248667,2606.734,117.871,1833.643
2021-01-27 07:00:00,4164.767001,2795.849,123.06400000000001,1987.429
2021-01-27 08:00:00,4580.884667,2992.75,125.96700000000001,2186.2799999999997
2021-01-27 09:00:00,4862.933333999999,3136.101,160.73899999999998,2258.513
2021-01-27 10:00:00,4943.563,3170.293,161.42499999999995,2331.87
2021-01-27 11:00:00,4938.859,3223.4480000000003,155.48499999999999,2355.318
2021-01-27 12:00:00,4949.506667,3201.072,181.67700000000002,2352.6056670000003
2021-01-27 13:00:00,4941.386,3245.814,172.06300000000005,2375.549667
2021-01-27 14:00:00,4826.019999,3097.1189999999997,149.959,2356.477
2021-01-27 15:00:00,4835.462666,3159.3680000000004,173.00100000000003,2284.358666
2021-01-27 16:00:00,4785.046,3103.2870000000003,153.286,2236.8286669999998
2021-01-27 17:00:00,5061.705333,3248.411,156.393,2439.497666
2021-01-27 18:00:00,5763.471,3576.584,159.54500000000002,2763.741666
2021-01-27 19:00:00,5903.346335,3708.6589999999997,174.133,2923.511333
2021-01-27 20:00:00,5845.301667,3749.361,176.32200000000003,2851.7583329999998
2021-01-27 21:00:00,5517.863333,3603.658,178.33100000000002,2711.952999
2021-01-27 22:00:00,4915.462,3427.2560000000003,142.50700000000003,2489.913001
2021-01-27 23:00:00,4264.5053339999995,3065.839,124.966,2215.0609999999997
2021-01-28 00:00:00,3796.758666,2706.170667,115.70500000000001,1959.7459999999999
2021-01-28 01:00:00,3378.9873319999997,2461.472666,102.96,1804.549333
2021-01-28 02:00:00,3220.037333,2305.258667,118.186,1662.7556670000001
2021-01-28 03:00:00,3103.9060010000003,2254.163,100.821,1580.241333
2021-01-28 04:00:00,3081.543334,2233.755,108.50500000000001,1583.5803340000002
2021-01-28 05:00:00,3233.168,2272.372001,111.38900000000001,1631.011
2021-01-28 06:00:00,3529.851334,2384.0186670000003,122.252,1721.388
2021-01-28 07:00:00,3907.804666,2602.428333,116.61399999999999,1910.638999
2021-01-28 08:00:00,4220.661333,2792.6749999999997,137.15099999999998,2068.940001
2021-01-28 09:00:00,4507.564667,2889.6180010000003,132.553,2123.407667
2021-01-28 10:00:00,4611.807000000001,3001.955667,129.07299999999998,2149.672
2021-01-28 11:00:00,4589.877333,2988.451667,144.72400000000002,2185.2073330000003
2021-01-28 12:00:00,4546.866667,2978.9146650000002,139.96100000000004,2199.335333
2021-01-28 13:00:00,4568.214501,2991.0046660000003,126.631,2248.904
2021-01-28 14:00:00,4551.442167,2960.425333,136.845,2245.186667
2021-01-28 15:00:00,4565.007916,2915.460332,121.95500000000001,2218.737667
2021-01-28 16:00:00,4668.189,3010.8623310000003,111.95,2249.441333
2021-01-28 17:00:00,5006.174417,3093.388666,126.05999999999999,2410.0653330000005
2021-01-28 18:00:00,5527.433500000001,3394.1393340000004,141.348,2623.0213329999997
2021-01-28 19:00:00,5670.455333,3544.881999,171.472,2725.285667
2021-01-28 20:00:00,5486.525333,3539.9089989999998,157.716,2619.037667
2021-01-28 21:00:00,5171.660001,3424.4093329999996,173.363,2488.08
2021-01-28 22:00:00,4783.806333,3128.964667,154.263,2317.022667
2021-01-28 23:00:00,4220.554666999999,2895.065,141.798,2141.7700000000004
2021-01-29 00:00:00,3796.715,2644.052999,105.118,1853.912334
2021-01-29 01:00:00,3378.201666,2370.857,92.752,1670.160667
2021-01-29 02:00:00,3127.099,2201.474,89.80599999999998,1586.339
2021-01-29 03:00:00,2995.860666,2124.2263329999996,104.108,1485.7360009999998
2021-01-29 04:00:00,2937.838333,2053.170333,86.42299999999999,1472.228333
2021-01-29 05:00:00,3045.608332,2105.686333,90.122,1528.728333
2021-01-29 06:00:00,3429.206,2266.6366669999998,96.503,1618.1553330000002
2021-01-29 07:00:00,3751.589666,2454.062,106.731,1786.271667
2021-01-29 08:00:00,4094.250666,2660.795,114.33699999999999,1922.794
2021-01-29 09:00:00,4380.596334,2811.956,130.934,2062.487333
2021-01-29 10:00:00,4543.719666999999,2913.625,131.32999999999998,2117.1943330000004
2021-01-29 11:00:00,4574.633333,2935.5380000000005,161.59900000000002,2283.033333
2021-01-29 12:00:00,4748.398,3036.531,144.279,2304.522668
2021-01-29 13:00:00,4621.830334,3019.816,115.224,2292.1403339999997
2021-01-29 14:00:00,4394.855334,2889.17,120.26700000000001,2168.2170020000003
2021-01-29 15:00:00,4422.654666,2882.1530000000002,139.744,2122.904667
2021-01-29 16:00:00,4409.171333,2889.043,123.39699999999999,2209.732334
2021-01-29 17:00:00,4823.137000000001,2973.5319999999997,125.007,2322.169333
2021-01-29 18:00:00,5253.643,3238.918,144.87699999999998,2497.535667
2021-01-29 19:00:00,5482.009999,3392.494,145.713,2526.206
2021-01-29 20:00:00,5383.691666000001,3338.395,156.98699999999994,2573.087333
2021-01-29 21:00:00,5170.629666,3310.122,150.844,2444.1019989999995
2021-01-29 22:00:00,4760.738501,3148.3199999999997,157.15199999999996,2263.026666
2021-01-29 23:00:00,4279.833,2947.982,173.544,2081.9716670000003
2021-01-30 00:00:00,3928.096001,2716.366,117.124,1928.936999
2021-01-30 01:00:00,3439.980001,2508.32,105.08,1769.6986670000001
2021-01-30 02:00:00,3206.305335,2309.816667,88.87599999999999,1601.659998
2021-01-30 03:00:00,3052.409333,2209.358667,95.378,1537.005333
2021-01-30 04:00:00,2998.361334,2133.1846670000004,83.49900000000001,1530.173667
2021-01-30 05:00:00,2994.92,2151.351333,82.069,1533.929001
2021-01-30 06:00:00,3138.571,2231.4426660000004,90.26100000000001,1559.666667
2021-01-30 07:00:00,3414.9229990000003,2249.7493329999998,102.209,1650.032667
2021-01-30 08:00:00,3744.738999,2599.659,107.313,1799.300999
2021-01-30 09:00:00,4311.975333,2855.3599999999997,148.45999999999995,2039.042
2021-01-30 10:00:00,4705.018668,3028.248,139.6,2225.3833329999998
2021-01-30 11:00:00,4954.896001,3099.325,127.758,2340.0883329999997
2021-01-30 12:00:00,5124.146667,3247.969,165.904,2382.775666
2021-01-30 13:00:00,5042.209333000001,3245.531,149.93300000000002,2416.022
2021-01-30 14:00:00,4827.611333000001,3216.821,133.28400000000002,2349.125999
2021-01-30 15:00:00,4747.299333,3095.425,150.622,2306.714333
2021-01-30 16:00:00,4726.080667,3093.923,142.80499999999995,2301.171666
2021-01-30 17:00:00,4861.798333000001,3159.793,155.541,2361.5793329999997
2021-01-30 18:00:00,5242.863332999999,3333.523,159.31199999999998,2538.4386670000004
2021-01-30 19:00:00,5407.176333,3440.1710000000003,160.737,2557.876
2021-01-30 20:00:00,5228.668334,3448.693334,150.999,2567.7616669999998
2021-01-30 21:00:00,4906.0169989999995,3299.646667,136.73200000000003,2405.045333
2021-01-30 22:00:00,4568.054333,3026.389,137.767,2261.445
2021-01-30 23:00:00,4208.537,2846.883334,110.092,2123.856334
2021-01-31 00:00:00,3795.4849990000002,2609.61,107.074,1879.955
2021-01-31 01:00:00,3335.8143339999997,2358.3060000000005,91.21399999999998,1692.413333
2021-01-31 02:00:00,3063.803667,2161.549,111.145,1562.007
2021-01-31 03:00:00,2885.6556659999997,2051.637,103.606,1469.9456679999998
2021-01-31 04:00:00,2814.157999,1969.652,92.16899999999998,1428.885998
2021-01-31 05:00:00,2820.288666,1961.577,70.752,1419.288334
2021-01-31 06:00:00,2907.748334,2020.108,98.529,1418.567332
2021-01-31 07:00:00,3124.6933340000005,2053.659,83.90699999999998,1532.393667
2021-01-31 08:00:00,3522.906668,2227.906,91.85,1719.270998
2021-01-31 09:00:00,4016.4956680000005,2635.5870000000004,114.42800000000001,1941.403
2021-01-31 10:00:00,4430.870333000001,2934.408,102.56400000000001,2142.483333
2021-01-31 11:00:00,4692.063333,3040.7313329999997,127.97699999999999,2264.5989990000003
2021-01-31 12:00:00,4805.979333,3154.5506670000004,134.44400000000002,2291.588334
2021-01-31 13:00:00,4868.031333,3112.634001,130.458,2315.521333
2021-01-31 14:00:00,4745.299666,3063.215333,128.598,2217.788667
2021-01-31 15:00:00,4730.014999999999,2976.468,125.57199999999997,2256.739667
2021-01-31 16:00:00,4780.424668,3023.533,123.40199999999999,2239.748667
2021-01-31 17:00:00,5110.517999,3134.29,117.81,2460.423
2021-01-31 18:00:00,5358.063,3307.791,139.548,2622.0299999999997
2021-01-31 19:00:00,5472.540333,3409.189001,134.55,2637.5223330000003
2021-01-31 20:00:00,5312.163332,3325.9776659999998,133.67000000000002,2522.593333
2021-01-31 21:00:00,4945.960333999999,3171.75,133.19799999999998,2395.4610000000002
2021-01-31 22:00:00,4498.330000999999,3007.904,130.025,2168.371333
2021-01-31 23:00:00,3982.1403330000003,2672.357,103.635,1930.523333
2021-02-01 00:00:00,3479.247833,2437.882,95.55399999999999,1729.911
2021-02-01 01:00:00,3076.927,2187.3469999999998,79.617,1549.022335
2021-02-01 02:00:00,2803.041333,2017.58,80.118,1437.4189999999999
2021-02-01 03:00:00,2682.142667,1898.332,80.40700000000001,1338.875
2021-02-01 04:00:00,2622.1040000000003,1860.068,65.01000000000002,1293.9840000000002
2021-02-01 05:00:00,2751.482335,1901.072,60.62499999999999,1380.767333
2021-02-01 06:00:00,3015.7893320000003,2024.325,83.03399999999999,1429.558333
2021-02-01 07:00:00,3449.134,2212.3709999999996,88.96,1626.7183329999998
2021-02-01 08:00:00,3804.379333,2417.2619999999997,93.34,1802.986
2021-02-01 09:00:00,4120.951333,2639.5550000000003,102.673,1920.0096670000003
2021-02-01 10:00:00,4263.6260010000005,2737.835,108.11200000000002,1972.478
2021-02-01 11:00:00,4266.021667,2765.628667,115.427,1994.353666
2021-02-01 12:00:00,4327.6923320000005,2835.915333,126.65299999999999,2041.7149990000003
2021-02-01 13:00:00,4300.615334,2870.862,109.551,2110.108001
2021-02-01 14:00:00,4316.553668,2811.289334,117.498,2089.784665
2021-02-01 15:00:00,4301.428001,2883.3006670000004,120.191,2126.663667
2021-02-01 16:00:00,4409.501333,2852.9883330000002,152.18799999999996,2224.2833330000003
2021-02-01 17:00:00,4739.357667,3020.747,147.415,2321.172334
2021-02-01 18:00:00,5301.758666,3302.41,148.506,2508.5973329999997
2021-02-01 19:00:00,5470.000999,3444.7690000000002,129.06599999999997,2657.628666
2021-02-01 20:00:00,5329.609332999999,3494.9359999999997,147.198,2559.24
2021-02-01 21:00:00,5124.857667,3274.395,132.859,2404.6780019999997
2021-02-01 22:00:00,4642.677334,3021.825,140.81799999999998,2172.338332
2021-02-01 23:00:00,4070.418999,2733.559,111.16200000000002,2002.2363340000002
2021-02-02 00:00:00,3559.8199999999997,2436.9559999999997,82.19800000000001,1776.5073340000001
2021-02-02 01:00:00,3114.726001,2239.665,88.092,1566.590002
2021-02-02 02:00:00,2917.474,2101.941,83.843,1457.899332
2021-02-02 03:00:00,2792.391333,2020.184,97.29199999999999,1405.032332
2021-02-02 04:00:00,2768.289334,1940.084,75.283,1393.4456659999998
2021-02-02 05:00:00,2861.064999,2024.8519999999999,78.60299999999998,1437.781333
2021-02-02 06:00:00,3199.861334,2170.31,105.157,1527.616667
2021-02-02 07:00:00,3649.614667,2345.628,124.46799999999999,1680.5769999999998
2021-02-02 08:00:00,4073.616333,2546.3869999999997,98.341,1857.922
2021-02-02 09:00:00,4296.66,2772.742,102.426,1955.0903349999999
2021-02-02 10:00:00,4367.457667000001,2759.125,111.25500000000002,1971.2973339999999
2021-02-02 11:00:00,4449.409333,2810.4570000000003,141.533,2072.9373339999997
2021-02-02 12:00:00,4469.329334,2810.443333,145.11999999999998,2063.837332
2021-02-02 13:00:00,4416.009,2780.537,156.432,2062.906333
2021-02-02 14:00:00,4334.763999,2743.2169999999996,146.22,2029.5206660000001
2021-02-02 15:00:00,4319.845332999999,2823.937,129.448,2031.1989999999998
2021-02-02 16:00:00,4344.430666,2853.5570000000002,120.378,2071.056001
2021-02-02 17:00:00,4978.238667,3132.016,132.38400000000001,2357.9146659999997
2021-02-02 18:00:00,5560.744334,3475.5029999999997,144.69999999999996,2683.552333
2021-02-02 19:00:00,5955.892334,3706.565,169.17899999999997,2765.262665
2021-02-02 20:00:00,5712.639665000001,3724.1169999999997,174.667,2714.246667
2021-02-02 21:00:00,5456.844,3568.813,167.09900000000002,2602.9903329999997
2021-02-02 22:00:00,4952.669333,3305.614,180.043,2371.4053320000003
2021-02-02 23:00:00,4327.006668,2992.848,150.61499999999998,2126.5830000000005
2021-02-03 00:00:00,3874.205334,2677.45,124.82600000000001,1908.0553340000001
2021-02-03 01:00:00,3451.478667,2441.8280000000004,116.977,1718.2696660000001
2021-02-03 02:00:00,3236.105665,2295.9929999999995,114.619,1614.4806660000002
2021-02-03 03:00:00,3117.6403339999997,2278.2430000000004,103.107,1596.6993320000001
2021-02-03 04:00:00,3146.0153339999997,2248.357,106.56400000000001,1587.4076650000002
2021-02-03 05:00:00,3267.254999,2330.201,104.826,1629.302002
2021-02-03 06:00:00,3586.216333,2477.1533340000005,116.65500000000002,1703.9530009999999
2021-02-03 07:00:00,4011.6229999999996,2621.041666,160.34,1870.489665
2021-02-03 08:00:00,4339.085000000001,2853.91,138.97899999999998,2095.0019979999997
2021-02-03 09:00:00,4597.004334,3041.618,147.18200000000002,2117.435
2021-02-03 10:00:00,4724.772999000001,3132.388,157.763,2204.608001
2021-02-03 11:00:00,4842.245333000001,3155.152333,134.25400000000002,2183.7403329999997
2021-02-03 12:00:00,4731.896667,3133.903333,131.45400000000004,2246.631001
2021-02-03 13:00:00,4687.966,3104.501333,154.68100000000004,2247.0553330000002
2021-02-03 14:00:00,4473.57,2991.248333,129.06199999999998,2265.6873330000003
2021-02-03 15:00:00,4327.853333,2924.827667,137.66400000000002,2184.525
2021-02-03 16:00:00,4400.341667000001,2878.8543329999998,106.518,2074.244
2021-02-03 17:00:00,4642.4169999999995,2982.64,139.24,2191.2836669999997
2021-02-03 18:00:00,5550.378333,3399.424,158.75000000000003,2538.514666
2021-02-03 19:00:00,5856.520001,3626.945,163.228,2722.192
2021-02-03 20:00:00,5610.767664999999,3617.197,158.588,2743.823668
2021-02-03 21:00:00,5425.170667,3478.191,160.939,2621.470334
2021-02-03 22:00:00,4957.148333,3303.196667,155.66000000000003,2366.0040010000002
2021-02-03 23:00:00,4341.473667,3061.282334,142.36200000000002,2145.158001
2021-02-04 00:00:00,3855.4176669999997,2742.420333,117.585,1943.791001
2021-02-04 01:00:00,3457.613666,2537.0309989999996,112.13699999999999,1737.2710000000002
2021-02-04 02:00:00,3228.720334,2321.222001,114.171,1599.3906670000001
2021-02-04 03:00:00,3101.802667,2233.322333,116.06499999999998,1523.816334
2021-02-04 04:00:00,3132.9539999999997,2197.5640000000003,96.969,1563.4143330000002
2021-02-04 05:00:00,3246.301332,2288.3653329999997,92.60199999999999,1579.653667
2021-02-04 06:00:00,3504.675334,2431.370334,109.483,1638.8325
2021-02-04 07:00:00,3933.1663329999997,2549.260333,120.783,1823.5616670000002
2021-02-04 08:00:00,4343.187667,2728.723333,130.701,2007.405167
2021-02-04 09:00:00,4558.923001,2934.3536670000003,136.13699999999997,2102.193667
2021-02-04 10:00:00,4617.356666,2983.429333,149.67999999999995,2179.2993340000003
2021-02-04 11:00:00,4668.267331999999,3029.9539999999997,144.11300000000003,2183.677834
2021-02-04 12:00:00,4625.017667,3035.11,169.262,2185.590834
2021-02-04 13:00:00,4738.133,3089.1440000000002,157.369,2224.510833
2021-02-04 14:00:00,4640.614334,3077.214,160.10200000000003,2174.2556670000004
2021-02-04 15:00:00,4653.356666,3037.1320000000005,163.787,2231.443166
2021-02-04 16:00:00,4818.043667,3060.677,151.15600000000003,2319.514667
2021-02-04 17:00:00,5250.954334,3239.5420000000004,167.626,2444.813333
2021-02-04 18:00:00,5804.428334,3540.012,157.14100000000002,2663.446667
2021-02-04 19:00:00,5881.368667,3700.048,180.01499999999996,2878.999334
2021-02-04 20:00:00,5594.593666000001,3712.14,161.06899999999996,2719.202333
2021-02-04 21:00:00,5395.4960009999995,3549.391334,165.595,2601.236
2021-02-04 22:00:00,4964.406333,3348.173334,158.74599999999998,2378.135333
2021-02-04 23:00:00,4320.627333,3078.411333,148.45700000000002,2126.486667
2021-02-05 00:00:00,3810.193,2704.923,110.012,1865.184334
2021-02-05 01:00:00,3380.851666,2495.635,99.16699999999999,1723.409834
2021-02-05 02:00:00,3162.825667,2334.0769999999998,90.96699999999998,1619.681333
2021-02-05 03:00:00,3032.4233320000003,2202.819,107.51300000000002,1516.559167
2021-02-05 04:00:00,3028.1220000000003,2166.214,92.32000000000002,1480.668835
2021-02-05 05:00:00,3123.1793320000006,2196.683,93.69799999999998,1504.160001
2021-02-05 06:00:00,3462.486666,2327.693,103.69500000000001,1619.371
2021-02-05 07:00:00,3828.6009990000002,2532.3199999999997,119.43300000000002,1768.704667
2021-02-05 08:00:00,4280.643666,2705.479667,125.31199999999998,1944.8225
2021-02-05 09:00:00,4543.759333,2911.5496669999998,146.32299999999995,2094.52
2021-02-05 10:00:00,4549.820666,2948.059,158.959,2091.773668
2021-02-05 11:00:00,4607.234333,2881.522,162.97400000000002,2095.743668
2021-02-05 12:00:00,4621.252666,2866.806,154.15200000000004,2018.115999
2021-02-05 13:00:00,4656.287668,2937.4809999999998,159.219,2060.258999
2021-02-05 14:00:00,4428.742668000001,2903.145,132.82799999999997,2081.620667
2021-02-05 15:00:00,4328.4825,2814.945,142.484,2082.233665
2021-02-05 16:00:00,4261.138666,2840.0860000000002,115.074,2055.0943340000003
2021-02-05 17:00:00,4611.199667000001,2915.383334,97.05000000000001,2184.783333
2021-02-05 18:00:00,5129.349333,3181.335,103.26499999999999,2407.1366669999998
2021-02-05 19:00:00,5290.278999,3283.098,117.314,2465.864667
2021-02-05 20:00:00,5128.557333,3242.127,147.85800000000003,2453.0049989999998
2021-02-05 21:00:00,4892.465333,3113.071,135.17899999999997,2388.0463330000002
2021-02-05 22:00:00,4557.658332999999,2965.5510000000004,140.34699999999998,2242.665665
2021-02-05 23:00:00,4149.591165999999,2826.255333,151.215,2050.571333
2021-02-06 00:00:00,3707.338334,2645.7889999999998,122.51199999999999,1875.1406659999998
2021-02-06 01:00:00,3353.115668,2402.003001,98.79299999999999,1692.732333
2021-02-06 02:00:00,3115.300335,2284.359,86.581,1620.262334
2021-02-06 03:00:00,3048.282666,2194.715,102.567,1553.053669
2021-02-06 04:00:00,3000.1110019999996,2163.202333,86.589,1528.5896670000002
2021-02-06 05:00:00,3033.3386680000003,2176.272,102.58300000000001,1528.036001
2021-02-06 06:00:00,3211.127334,2265.7309999999998,103.226,1557.967333
2021-02-06 07:00:00,3462.288332,2383.542,108.39399999999999,1677.416666
2021-02-06 08:00:00,3936.5086650000003,2608.667,122.012,1880.7526670000002
2021-02-06 09:00:00,4552.838,2917.959,121.29799999999999,2121.798
2021-02-06 10:00:00,4744.52,3110.38,143.075,2276.097667
2021-02-06 11:00:00,4907.213001,3264.822,154.90900000000002,2431.591
2021-02-06 12:00:00,5029.504,3365.323,173.695,2425.3996660000003
2021-02-06 13:00:00,5143.505666,3328.8559999999998,166.55200000000002,2439.786
2021-02-06 14:00:00,5125.818667,3375.689,178.96600000000004,2459.602334
2021-02-06 15:00:00,4966.509999,3346.697,189.021,2460.1530000000002
2021-02-06 16:00:00,5127.0326669999995,3338.992,153.99499999999998,2386.0969999999998
2021-02-06 17:00:00,5282.114333,3400.637333,139.414,2496.4089999999997
2021-02-06 18:00:00,5552.110667,3510.4649999999997,154.221,2634.3793339999997
2021-02-06 19:00:00,5740.389999,3601.665333,161.897,2683.005
2021-02-06 20:00:00,5509.605,3456.4390000000003,139.13900000000004,2544.171666
2021-02-06 21:00:00,5213.595665999999,3325.2729999999997,149.16400000000002,2530.9849990000002
2021-02-06 22:00:00,4805.422999,3135.7929999999997,160.393,2365.331001
2021-02-06 23:00:00,4369.465833,2966.828,127.32600000000001,2215.730335
2021-02-07 00:00:00,3903.875499,2771.866,110.794,1980.981333
2021-02-07 01:00:00,3487.6890009999997,2526.7390000000005,109.82700000000001,1801.024334
2021-02-07 02:00:00,3280.263334,2262.700333,112.95900000000002,1633.671001
2021-02-07 03:00:00,3078.1540000000005,2185.859,120.77599999999998,1556.016334
2021-02-07 04:00:00,2972.3603329999996,2166.684,97.288,1532.608999
2021-02-07 05:00:00,3026.736667,2135.7200000000003,100.021,1513.040333
2021-02-07 06:00:00,3137.6993340000004,2200.079,103.187,1524.691
2021-02-07 07:00:00,3370.3286669999998,2306.8579999999997,122.62700000000002,1656.8226670000001
2021-02-07 08:00:00,3886.135334,2580.3269999999998,128.38000000000002,1862.991
2021-02-07 09:00:00,4462.456333,2946.2650000000003,144.365,2177.7913339999996
2021-02-07 10:00:00,4939.609332999999,3145.479,138.674,2333.793334
2021-02-07 11:00:00,5178.007334,3252.875,149.856,2438.065333
2021-02-07 12:00:00,5217.712668,3362.5150000000003,140.85,2568.8450009999997
2021-02-07 13:00:00,5323.377,3479.469,152.457,2552.7470000000003
2021-02-07 14:00:00,5276.742666,3385.216,153.07299999999998,2516.367667
2021-02-07 15:00:00,5093.273334,3203.1349999999998,153.064,2514.3779990000003
2021-02-07 16:00:00,4901.174669,3167.6229999999996,135.87400000000002,2415.780333
2021-02-07 17:00:00,4982.974999,3111.085,145.641,2374.225
2021-02-07 18:00:00,5355.376333,3367.651,177.15699999999998,2577.937
2021-02-07 19:00:00,5638.535333,3518.8633330000002,169.728,2674.160667
2021-02-07 20:00:00,5592.103999,3601.251167,185.35699999999997,2687.801666
2021-02-07 21:00:00,5430.969668,3487.296249,198.302,2613.934
2021-02-07 22:00:00,4972.717000000001,3297.604332,168.791,2385.717001
2021-02-07 23:00:00,4363.054667,2966.434998,126.48199999999999,2161.270668
2021-02-08 00:00:00,3861.443999,2612.407999,118.76400000000001,1912.141
2021-02-08 01:00:00,3363.8410000000003,2423.461334,114.334,1684.174333
2021-02-08 02:00:00,3131.383332,2242.956334,88.92899999999999,1601.075667
2021-02-08 03:00:00,3066.7740009999998,2155.380333,107.337,1505.210666
2021-02-08 04:00:00,3010.342333,2115.928001,101.554,1512.539001
2021-02-08 05:00:00,3145.432668,2258.2059990000002,95.55799999999999,1575.769334
2021-02-08 06:00:00,3566.332332,2418.753667,120.49399999999999,1720.5149999999999
2021-02-08 07:00:00,4047.194001,2630.624668,146.473,1903.758832
2021-02-08 08:00:00,4448.303999,2849.855666,134.92,2101.620834
2021-02-08 09:00:00,4692.504666,3055.3056669999996,160.32400000000004,2193.550666
2021-02-08 10:00:00,4783.552,3102.819334,181.11500000000004,2245.495665
2021-02-08 11:00:00,4790.138000000001,3089.6589999999997,130.256,2264.0598330000003
2021-02-08 12:00:00,4646.233,3024.424,147.304,2233.1733329999997
2021-02-08 13:00:00,4776.316667,3068.8379999999997,135.13499999999996,2202.2505
2021-02-08 14:00:00,4642.812,3033.785,149.76200000000003,2152.3495
2021-02-08 15:00:00,4566.584333999999,3051.094,144.16099999999997,2182.035
2021-02-08 16:00:00,4709.929666,3042.981,139.44,2247.583
2021-02-08 17:00:00,4985.761167000001,3235.523,135.98199999999997,2421.13
2021-02-08 18:00:00,5558.262665,3518.038,162.902,2686.756
2021-02-08 19:00:00,5890.692333,3798.9570000000003,195.571,2838.161
2021-02-08 20:00:00,5702.233333,3773.833,207.27100000000002,2774.179666
2021-02-08 21:00:00,5527.318667,3593.468,198.44899999999998,2668.035001
2021-02-08 22:00:00,5130.215334,3370.0029999999997,184.119,2458.061665
2021-02-08 23:00:00,4491.140666,3194.263,144.63599999999997,2189.541999
2021-02-09 00:00:00,4047.552666,2909.543,123.16699999999999,1998.0156670000001
2021-02-09 01:00:00,3699.283001,2719.765,121.367,1852.221
2021-02-09 02:00:00,3498.923667,2588.833,108.56700000000001,1768.691
2021-02-09 03:00:00,3487.482666,2501.149666,137.07500000000002,1728.788
2021-02-09 04:00:00,3488.3326669999997,2522.701666,138.01300000000003,1778.5363340000001
2021-02-09 05:00:00,3701.327332,2632.324667,136.377,1865.248333
2021-02-09 06:00:00,4101.291333,2818.727667,142.04500000000002,1965.677333
2021-02-09 07:00:00,4536.940667000001,3038.7516670000005,172.53300000000002,2188.102667
2021-02-09 08:00:00,5060.291,3203.4126669999996,174.49699999999999,2413.880333
2021-02-09 09:00:00,5266.636333,3409.4120000000003,198.15499999999997,2486.5693330000004
2021-02-09 10:00:00,5111.425,3440.554667,175.44700000000003,2541.171
2021-02-09 11:00:00,4945.539667000001,3361.865,177.686,2480.570333
2021-02-09 12:00:00,4862.786333,3235.763,147.32200000000003,2391.068666
2021-02-09 13:00:00,4742.923333000001,3173.406,181.67500000000004,2318.761334
2021-02-09 14:00:00,4475.264332999999,2974.6859999999997,147.93,2192.967001
2021-02-09 15:00:00,4274.3668339999995,2803.543,110.83700000000002,2090.901001
2021-02-09 16:00:00,4299.0951669999995,2853.558,105.962,2151.7023339999996
2021-02-09 17:00:00,4634.326333999999,2936.112,142.575,2286.653666
2021-02-09 18:00:00,5411.719334,3501.6870000000004,138.08700000000002,2554.117667
2021-02-09 19:00:00,5993.549668,3868.433,159.581,2854.5213329999997
2021-02-09 20:00:00,5961.928999,3910.959,194.29999999999998,2868.5336669999997
2021-02-09 21:00:00,5747.595666,3793.349667,199.47899999999998,2797.760666
2021-02-09 22:00:00,5339.990666,3686.7920000000004,207.295,2679.538666
2021-02-09 23:00:00,4785.397333999999,3454.0170000000003,164.01900000000003,2397.170667
2021-02-10 00:00:00,4256.632332,3103.861,149.272,2202.145667
2021-02-10 01:00:00,3890.513667,2917.3399999999997,121.167,2037.7926670000002
2021-02-10 02:00:00,3692.808332,2718.1630000000005,118.50599999999997,1874.1276670000002
2021-02-10 03:00:00,3580.8866669999998,2550.746,132.682,1841.611333
2021-02-10 04:00:00,3527.157667,2606.4379999999996,138.11200000000002,1857.595668
2021-02-10 05:00:00,3669.608667,2719.786,129.702,1926.540334
2021-02-10 06:00:00,4010.321,2797.9210000000003,146.82699999999997,1983.446666
2021-02-10 07:00:00,4421.683332999999,2948.3509999999997,156.62599999999998,2144.151666
2021-02-10 08:00:00,4721.6515,3123.3,145.101,2263.7650000000003
2021-02-10 09:00:00,5054.745166999999,3364.1360000000004,154.894,2406.425
2021-02-10 10:00:00,5158.844,3381.13,159.86199999999997,2432.606334
2021-02-10 11:00:00,5035.9676660000005,3355.263667,156.11800000000002,2358.579333
2021-02-10 12:00:00,4939.338333,3268.427667,148.06699999999998,2277.227001
2021-02-10 13:00:00,4805.191,3172.806667,154.563,2316.018
2021-02-10 14:00:00,4615.902,2990.487,108.43599999999999,2198.849333
2021-02-10 15:00:00,4335.227667,2775.862,100.162,2095.367333
2021-02-10 16:00:00,4396.117333,2792.4970000000003,107.562,2094.679999
2021-02-10 17:00:00,4717.386334,2967.497,130.845,2287.785667
2021-02-10 18:00:00,5532.281,3424.023,146.21999999999997,2620.782
2021-02-10 19:00:00,5862.230335,3720.374,168.102,2818.2619990000003
2021-02-10 20:00:00,5734.972333,3713.603,168.29099999999997,2757.4309999999996
2021-02-10 21:00:00,5435.788999,3605.687,177.01800000000003,2720.742666
2021-02-10 22:00:00,5026.342667,3372.869,165.26299999999998,2468.645667
2021-02-10 23:00:00,4529.483,3092.673,156.638,2266.991
2021-02-11 00:00:00,4030.6923340000003,2866.6319999999996,139.115,2007.521333
2021-02-11 01:00:00,3686.1629999999996,2640.932,110.53300000000002,1834.776667
2021-02-11 02:00:00,3441.8423330000005,2511.5820000000003,113.698,1706.855667
2021-02-11 03:00:00,3297.161,2406.589,107.601,1663.660667
2021-02-11 04:00:00,3301.451999,2410.444,118.349,1676.286333
2021-02-11 05:00:00,3504.151667,2495.7889999999998,109.34599999999999,1741.791667
2021-02-11 06:00:00,3921.6640030000003,2709.444,126.649,1863.9814999999999
2021-02-11 07:00:00,4467.395333,2942.3439999999996,163.722,2066.025667
2021-02-11 08:00:00,4942.474666,3230.215,166.85600000000002,2335.2645009999997
2021-02-11 09:00:00,5383.830834,3534.175,193.71099999999998,2509.1409999999996
2021-02-11 10:00:00,5498.920333,3614.6279999999997,191.16099999999997,2588.729
2021-02-11 11:00:00,5567.220665999999,3631.639,179.26299999999998,2660.1220000000003
2021-02-11 12:00:00,5637.278832999999,3785.139,228.28599999999997,2722.8754999999996
2021-02-11 13:00:00,5815.540001,3854.856,244.828,2891.0434999999998
2021-02-11 14:00:00,5826.337334,3958.353333,211.961,2943.972
2021-02-11 15:00:00,5977.738333,4108.702,224.34999999999994,2998.866333
2021-02-11 16:00:00,6160.183,4274.293,251.61100000000002,3109.4600010000004
2021-02-11 17:00:00,6668.83,4481.185665999999,261.06100000000004,3275.205333
2021-02-11 18:00:00,7175.960999999999,4817.915667,276.42299999999994,3455.778
2021-02-11 19:00:00,7459.659,4906.567666999999,270.189,3605.439
2021-02-11 20:00:00,7187.138333,4847.665,230.942,3501.5950000000003
2021-02-11 21:00:00,6732.7783340000005,4662.950000000001,227.387,3332.486
2021-02-11 22:00:00,6265.209000000001,4500.432667,222.27900000000002,3142.697
2021-02-11 23:00:00,5733.774,4185.874,220.233,2917.374
2021-02-12 00:00:00,5211.397666999999,3928.6446670000005,202.397,2707.136
2021-02-12 01:00:00,4832.614332,3717.023,185.81600000000003,2532.6059999999998
2021-02-12 02:00:00,4564.1019989999995,3500.343667,173.57,2372.2740000000003
2021-02-12 03:00:00,4466.060667,3388.038667,195.682,2307.049
2021-02-12 04:00:00,4439.839667,3338.873667,187.98700000000002,2257.25
2021-02-12 05:00:00,4562.19,3360.796667,179.553,2294.4900000000002
2021-02-12 06:00:00,4848.906667,3478.8446670000003,201.376,2387.1369999999997
2021-02-12 07:00:00,5268.074334,3665.701667,206.208,2522.6910000000003
2021-02-12 08:00:00,5796.218000000001,4025.371,214.85499999999996,2757.1090000000004
2021-02-12 09:00:00,6394.46,4317.658667,271.919,3069.836
2021-02-12 10:00:00,6652.965,4555.8463329999995,266.554,3283.8689999999997
2021-02-12 11:00:00,6854.578667,4836.272333,269.26399999999995,3473.937
2021-02-12 12:00:00,7003.272666,4821.405667,263.27200000000005,3566.0290000000005
2021-02-12 13:00:00,7007.023665999999,4926.276,289.943,3525.0829999999996
2021-02-12 14:00:00,6912.029334,4902.963333,273.38200000000006,3559.7960000000003
2021-02-12 15:00:00,5970.682332,4789.211,284.33,3471.5060000000003
2021-02-12 16:00:00,4538.087332,4916.884667,270.072,3556.724
2021-02-12 17:00:00,1886.608005,5012.978666999999,269.756,3708.8269999999998
2021-02-12 18:00:00,228.81266400000004,5172.788333,287.649,3842.2110000000002
2021-02-12 19:00:00,913.676338,5244.116333,284.54699999999997,3932.8979999999997
2021-02-12 20:00:00,4964.489998999999,5111.276333,309.763,3752.875
2021-02-12 21:00:00,6960.196667,4930.003667000001,286.878,3604.906
2021-02-12 22:00:00,7491.137667,4639.264333,245.067,3276.5676670000003
2021-02-12 23:00:00,6498.689333,4412.13,235.292,3074.9620000000004
2021-02-13 00:00:00,5739.107,4115.936667,223.27400000000003,2900.031999
2021-02-13 01:00:00,5346.138666999999,3937.157667,193.72500000000005,2760.4139990000003
2021-02-13 02:00:00,5120.766667,3774.338667,183.16400000000002,2602.5193339999996
2021-02-13 03:00:00,4924.166334,3685.623,203.47400000000002,2507.1726660000004
2021-02-13 04:00:00,4888.038333,3576.103,201.132,2435.7563330000003
2021-02-13 05:00:00,4852.695,3615.393666,204.82899999999998,2453.614667
2021-02-13 06:00:00,4978.712667,3658.285,226.04000000000002,2487.772333
2021-02-13 07:00:00,5308.596,3781.2483329999995,192.808,2586.460667
2021-02-13 08:00:00,5844.8330000000005,3993.097334,209.478,2787.415333
2021-02-13 09:00:00,6360.823,4445.067,241.20600000000005,3077.227001
2021-02-13 10:00:00,6704.100667,4641.754333,239.971,3290.654
2021-02-13 11:00:00,6997.435332999999,4788.3356650000005,241.054,3536.181666
2021-02-13 12:00:00,7020.0556670000005,4854.896,251.34999999999997,3525.785999
2021-02-13 13:00:00,6879.941000999999,4818.752,238.577,3446.6290010000002
2021-02-13 14:00:00,6784.255666,4685.205,241.527,3398.617333
2021-02-13 15:00:00,6675.670667,4664.118667,295.851,3283.982001
2021-02-13 16:00:00,6642.511001000001,4527.517667,255.422,3348.9769999999994
2021-02-13 17:00:00,6724.382667,4521.203,238.585,3428.254
2021-02-13 18:00:00,7157.513,4768.252333,256.85599999999994,3562.149
2021-02-13 19:00:00,7361.249166,4959.184665999999,258.745,3612.117
2021-02-13 20:00:00,6868.643667,4788.676667,260.819,3477.518
2021-02-13 21:00:00,6464.8446650000005,4537.898999999999,280.886,3317.937
2021-02-13 22:00:00,6134.884666,4300.585667,257.42599999999993,3138.0440000000003
2021-02-13 23:00:00,5458.796834,4025.4799999999996,205.266,2905.3810000000003
2021-02-14 00:00:00,5047.5535,3722.196,198.426,2639.9880000000003
2021-02-14 01:00:00,4631.009668,3541.161333,181.81,2462.614
2021-02-14 02:00:00,4373.530667999999,3351.306333,168.763,2302.99
2021-02-14 03:00:00,4223.635833,3252.841333,172.83100000000002,2240.2709999999997
2021-02-14 04:00:00,4162.621665000001,3202.219667,154.219,2183.451
2021-02-14 05:00:00,4208.3175,3171.1346670000003,172.29299999999998,2206.9979999999996
2021-02-14 06:00:00,4359.877667999999,3228.7340000000004,153.24100000000004,2223.572
2021-02-14 07:00:00,4610.728002,3323.9663339999997,185.778,2344.451
2021-02-14 08:00:00,5124.5075,3578.8293329999997,186.18099999999998,2565.929
2021-02-14 09:00:00,5795.589,3973.565667,221.924,2897.512333
2021-02-14 10:00:00,6314.478999999999,4472.245667,240.26599999999996,3130.808
2021-02-14 11:00:00,6687.689667000001,4642.683333,267.05699999999996,3362.888333
2021-02-14 12:00:00,6876.769167,4790.677667000001,256.493,3372.1839999999997
2021-02-14 13:00:00,6938.298999,4673.085667,234.75900000000001,3474.818666
2021-02-14 14:00:00,6701.76,4689.848,245.404,3440.7883300000003
2021-02-14 15:00:00,6603.381334,4609.8583340000005,221.434,3352.097332
2021-02-14 16:00:00,6631.359668,4603.523666,234.54899999999998,3373.452333
2021-02-14 17:00:00,6825.915999,4651.3373329999995,263.54799999999994,3476.690333
2021-02-14 18:00:00,7214.813,4818.225334,271.918,3577.371
2021-02-14 19:00:00,7162.283667,4774.013999999999,262.207,3617.4930010000003
2021-02-14 20:00:00,6775.201666,4645.4220000000005,244.175,3502.4559980000004
2021-02-14 21:00:00,6346.595334,4385.710999999999,229.81300000000002,3256.311332
2021-02-14 22:00:00,5834.129334,4001.3940000000002,227.99500000000003,2980.055665
2021-02-14 23:00:00,5132.202,3743.161,183.98399999999998,2697.649664
2021-02-15 00:00:00,4437.699833000001,3329.976667,156.29500000000002,2455.1549969999996
2021-02-15 01:00:00,4049.983835,3013.723999,149.25699999999998,2275.69067
2021-02-15 02:00:00,3858.715832,2842.754335,130.459667,2150.970671
2021-02-15 03:00:00,3706.0999970000003,2698.281998,167.06033399999998,2065.6313330000003
2021-02-15 04:00:00,3664.574409,2685.037581,158.047333,2049.5493269999997
2021-02-15 05:00:00,3710.687916,2697.768505,153.14899999999997,2087.855001
2021-02-15 06:00:00,3949.824748,2731.5673370000004,157.748,2096.3116659999996
2021-02-15 07:00:00,4387.569831,2840.142334,167.283,2223.887
2021-02-15 08:00:00,4801.581666,3102.234664,166.229,2453.59433
2021-02-15 09:00:00,5318.122165,3440.730001,177.38499999999996,2642.433667
2021-02-15 10:00:00,5610.961667,3600.0323369999996,164.64299999999997,2877.7213309999997
2021-02-15 11:00:00,5743.272086,3564.073,180.185,2916.843668
2021-02-15 12:00:00,5804.789000000001,3656.7579989999995,168.97799999999998,2968.119665
2021-02-15 13:00:00,5772.547669,3596.943,180.29499999999996,2877.967668
2021-02-15 14:00:00,5523.397,3460.4053329999997,161.64000000000001,2828.947333
2021-02-15 15:00:00,5257.498335,3292.4219980000003,147.50799999999998,2733.784996
2021-02-15 16:00:00,5384.449415000001,3311.771998,140.377333,2719.168331
2021-02-15 17:00:00,5595.729668,3409.3896649999997,164.33066699999998,2809.613669
2021-02-15 18:00:00,6041.613667,3669.4873350000003,172.26066699999996,3091.4326680000004
2021-02-15 19:00:00,6241.098661,3801.1186639999996,180.60999999999999,3137.971998
2021-02-15 20:00:00,5993.567673,3742.920999,172.393,3027.720661
2021-02-15 21:00:00,5669.983344,3557.414334,194.733,2844.497666
2021-02-15 22:00:00,5064.333999,3211.366332,173.09099999999998,2580.721333
2021-02-15 23:00:00,4519.1393339999995,2965.461666,153.309,2319.385
2021-02-16 00:00:00,3995.995333,2743.965334,130.899,2065.4026630000003
2021-02-16 01:00:00,3578.9426680000006,2488.4106659999998,116.92500000000001,1894.6926630000003
2021-02-16 02:00:00,3340.6900029999997,2308.800665,127.72999999999999,1756.1309999999999
2021-02-16 03:00:00,3224.405331,2239.612999,112.25799999999998,1706.9666670000001
2021-02-16 04:00:00,3221.783169,2232.145,110.214,1712.921669
2021-02-16 05:00:00,3319.329333,2279.5969999999998,101.148,1798.560332
2021-02-16 06:00:00,3673.0426660000003,2399.749001,116.46900000000001,1835.510999
2021-02-16 07:00:00,4059.150667,2558.503001,127.88800000000002,1998.3170010000001
2021-02-16 08:00:00,4446.294667,2774.994334,134.971,2235.5049989999998
2021-02-16 09:00:00,4730.6303339999995,3015.093666,160.941,2326.5280000000002
2021-02-16 10:00:00,4806.208999,3038.833334,149.791,2427.248666
2021-02-16 11:00:00,4845.315666,3071.528333,149.71499999999997,2486.2423339999996
2021-02-16 12:00:00,4834.018667,3091.325667,116.855,2430.7853330000003
2021-02-16 13:00:00,4725.626334,3011.090667,140.42799999999997,2360.379334
2021-02-16 14:00:00,4612.363249,2901.961333,154.01700000000002,2339.508
2021-02-16 15:00:00,4590.038666,2953.825334,139.76100000000002,2336.0620010000002
2021-02-16 16:00:00,4507.198833,2890.002001,117.459,2289.369334
2021-02-16 17:00:00,4695.467335,2952.9359999999997,149.064,2394.016666
2021-02-16 18:00:00,5405.981501,3219.926333,191.029,2697.674
2021-02-16 19:00:00,5782.289667999999,3453.310667,237.083,2853.9669999999996
2021-02-16 20:00:00,5696.054666,3454.727667,185.57000000000002,2846.059334
2021-02-16 21:00:00,5461.475667,3327.812334,190.16799999999998,2710.786166
2021-02-16 22:00:00,5111.528333,3132.620666,158.732,2507.741667
2021-02-16 23:00:00,4433.094,2872.169,136.941,2313.145667
2021-02-17 00:00:00,3894.023999,2633.3416660000003,129.57399999999998,2013.568501
2021-02-17 01:00:00,3581.809333,2475.688,107.699,1814.8103340000002
2021-02-17 02:00:00,3368.8809980000005,2312.4136660000004,116.103,1689.966167
2021-02-17 03:00:00,3230.0153339999997,2189.696,124.12,1665.3128339999998
2021-02-17 04:00:00,3201.1203339999997,2173.587,118.74199999999999,1658.3613340000002
2021-02-17 05:00:00,3346.665667,2272.998667,112.50899999999999,1750.4973329999998
2021-02-17 06:00:00,3724.924666,2371.374667,119.19200000000001,1836.3220000000001
2021-02-17 07:00:00,4087.431333,2587.0640000000003,140.156,2024.6736660000001
2021-02-17 08:00:00,4504.2165,2758.2483329999995,151.465,2287.838001
2021-02-17 09:00:00,4817.274166,2990.848,184.12599999999998,2268.8813339999997
2021-02-17 10:00:00,4861.374334,3027.604667,158.36,2271.7043329999997
2021-02-17 11:00:00,4777.859166,3005.7436669999997,154.264,2334.447334
2021-02-17 12:00:00,4720.774333,2987.315,172.12000000000006,2449.0839990000004
2021-02-17 13:00:00,4611.092833,2899.830667,147.19500000000002,2348.0978320000004
2021-02-17 14:00:00,4439.707333,2718.955333,153.15800000000002,2304.125668
2021-02-17 15:00:00,4283.182666999999,2683.791333,116.304,2179.252668
2021-02-17 16:00:00,4289.423000000001,2686.4003330000005,119.77799999999999,2143.8441660000003
2021-02-17 17:00:00,4633.868666,2749.3293329999997,126.26699999999998,2327.8076659999997
2021-02-17 18:00:00,5354.635,3074.391,134.61100000000005,2512.194335
2021-02-17 19:00:00,5815.664000000001,3362.713333,169.29,2769.300334
2021-02-17 20:00:00,5724.2255,3340.3879989999996,175.91299999999998,2761.001666
2021-02-17 21:00:00,5462.017166,3282.087,174.59500000000003,2717.7900010000003
2021-02-17 22:00:00,5155.712834,3175.301,190.546,2620.587668
2021-02-17 23:00:00,4524.8215,2911.718667,158.05999999999997,2314.4660000000003
2021-02-18 00:00:00,4076.166667,2669.1486670000004,142.306,2111.780501
2021-02-18 01:00:00,3595.041833,2508.547667,137.224,1855.561332
2021-02-18 02:00:00,3398.441001,2324.9010000000003,115.04500000000002,1770.8626669999999
2021-02-18 03:00:00,3275.978,2243.384333,122.47399999999999,1721.648
2021-02-18 04:00:00,3244.792166,2223.154,112.04899999999999,1726.2481670000002
2021-02-18 05:00:00,3416.384,2300.6713330000002,126.69600000000001,1783.865666
2021-02-18 06:00:00,3750.806,2412.965,112.24199999999999,1889.180333
2021-02-18 07:00:00,4151.329333,2593.9263330000003,149.905,2082.757334
2021-02-18 08:00:00,4558.1185000000005,2821.354333,166.03499999999997,2273.557
2021-02-18 09:00:00,4929.746499999999,3015.143333,138.591,2354.245332
2021-02-18 10:00:00,4961.392999000001,3022.757,155.31699999999998,2344.606001
2021-02-18 11:00:00,4995.277167,3022.306667,165.326,2397.233
2021-02-18 12:00:00,5035.524666,3143.58,188.04699999999997,2516.773667
2021-02-18 13:00:00,5107.478,3183.415667,170.075,2563.5656660000004
2021-02-18 14:00:00,5170.706833,3227.1806669999996,151.372,2545.688
2021-02-18 15:00:00,5068.3946670000005,3236.873667,167.23199999999997,2562.8456690000003
2021-02-18 16:00:00,5145.579167,3289.281667,173.24099999999999,2621.615667
2021-02-18 17:00:00,5409.631666,3363.599667,198.96099999999998,2703.048999
2021-02-18 18:00:00,5859.585166999999,3604.5483329999997,192.629,2846.776334
2021-02-18 19:00:00,6130.937334,3722.447667,199.09099999999998,2980.579334
2021-02-18 20:00:00,6072.101000000001,3772.742,231.67899999999997,2944.536333
2021-02-18 21:00:00,5781.420166,3602.036001,189.04300000000003,2855.955998
2021-02-18 22:00:00,5367.3155,3339.222667,180.414,2625.198334
2021-02-18 23:00:00,4689.249499,3116.572,172.95,2397.309667
2021-02-19 00:00:00,4132.796166,2871.4036669999996,147.09499999999997,2159.593
2021-02-19 01:00:00,3655.3250000000003,2577.353334,127.59199999999998,1922.889835
2021-02-19 02:00:00,3447.211667,2400.0426660000003,114.71,1792.120335
2021-02-19 03:00:00,3266.849,2283.2100010000004,105.122,1709.967334
2021-02-19 04:00:00,3200.933167,2219.909334,114.62899999999999,1676.314998
2021-02-19 05:00:00,3310.962,2236.5680009999996,100.93400000000001,1741.565333
2021-02-19 06:00:00,3585.3075,2368.534666,116.11999999999999,1836.257
2021-02-19 07:00:00,3989.1821659999996,2519.525668,138.65699999999998,1998.4053350000002
2021-02-19 08:00:00,4403.108834000001,2810.107333,140.21,2203.9526669999996
2021-02-19 09:00:00,4643.4400000000005,2915.3936670000003,130.03799999999998,2300.845668
2021-02-19 10:00:00,4729.348,2927.884,135.305,2240.276335
2021-02-19 11:00:00,4655.379500999999,2821.313,119.35099999999998,2223.136333
2021-02-19 12:00:00,4619.887000999999,2741.6746669999998,134.52700000000002,2148.855
2021-02-19 13:00:00,4560.5143339999995,2755.955333,119.63999999999999,2179.4530000000004
2021-02-19 14:00:00,4381.656333,2710.545,109.42500000000001,2212.432333
2021-02-19 15:00:00,4472.122832999999,2704.616333,126.755,2181.5179989999997
2021-02-19 16:00:00,4591.326501,2770.705333,134.714,2204.9030009999997
2021-02-19 17:00:00,4870.814333,2972.764333,124.35900000000002,2372.220999
2021-02-19 18:00:00,5301.917167,3203.4693319999997,154.864,2553.5083329999998
2021-02-19 19:00:00,5541.4635,3325.78,169.30599999999995,2609.601666
2021-02-19 20:00:00,5476.766833,3319.205333,189.87300000000002,2649.2208330000003
2021-02-19 21:00:00,5211.5005,3218.252,180.22299999999998,2539.7028330000003
2021-02-19 22:00:00,4887.659666,2941.976334,184.852,2373.327999
2021-02-19 23:00:00,4483.353666,2780.3506660000003,158.705,2162.845167
2021-02-20 00:00:00,4035.980333,2582.074666,127.72800000000001,2049.9658339999996
2021-02-20 01:00:00,3620.921334,2396.145667,120.72100000000002,1881.6946659999999
2021-02-20 02:00:00,3355.169333,2248.575,105.51599999999999,1710.6484999999998
2021-02-20 03:00:00,3244.413333,2136.3509999999997,113.47499999999998,1604.706667
2021-02-20 04:00:00,3115.241166,2096.062333,102.93599999999999,1631.8415
2021-02-20 05:00:00,3175.01,2075.541,103.394,1598.7155
2021-02-20 06:00:00,3348.686667,2150.678334,105.294,1674.6875009999999
2021-02-20 07:00:00,3537.3731660000003,2259.2560000000003,109.038,1787.694667
2021-02-20 08:00:00,4034.532833,2536.226,127.216,2022.0200000000002
2021-02-20 09:00:00,4212.776,2826.257,115.80499999999999,2232.0355
2021-02-20 10:00:00,3996.150834,2916.1566669999997,129.233,2307.220002
2021-02-20 11:00:00,4097.596667,2874.276,164.92000000000002,2437.8689990000003
2021-02-20 12:00:00,4947.350667,2901.6179999999995,165.32000000000002,2388.5779979999998
2021-02-20 13:00:00,5193.372667,2865.517667,144.34099999999998,2327.246833
2021-02-20 14:00:00,4764.085832999999,2809.565667,169.36900000000003,2287.273668
2021-02-20 15:00:00,4636.999167,2730.7633339999998,168.55899999999997,2246.434666
2021-02-20 16:00:00,4867.918,3197.653666,120.637,2317.169167
2021-02-20 17:00:00,5052.660666,3355.898,142.69000000000003,2364.389501
2021-02-20 18:00:00,5359.751834,3493.637,167.425,2487.798
2021-02-20 19:00:00,5696.086166,3553.1183330000003,184.52700000000002,2659.360834
2021-02-20 20:00:00,5522.386667000001,3459.852667,184.92900000000003,2607.306
2021-02-20 21:00:00,5212.427167,3344.9970000000003,166.831,2428.049
2021-02-20 22:00:00,4975.798167000001,3298.502333,156.94199999999998,2313.5955
2021-02-20 23:00:00,4494.047500000001,3020.7960000000003,135.32200000000003,2165.647
2021-02-21 00:00:00,4059.0235000000002,2847.953,144.078,1980.958665
2021-02-21 01:00:00,3606.606334,2590.623667,109.192,1792.553833
2021-02-21 02:00:00,3386.557834,2417.959,97.83599999999998,1653.3421670000002
2021-02-21 03:00:00,3179.170167,2217.449667,105.22999999999999,1563.229835
2021-02-21 04:00:00,3061.3236660000002,2183.151333,100.039,1530.667832
2021-02-21 05:00:00,3128.946167,2190.568,90.775,1541.379
2021-02-21 06:00:00,3301.0710010000003,2211.1206669999997,101.608,1574.482833
2021-02-21 07:00:00,3584.893001,2337.467333,116.978,1698.8658329999998
2021-02-21 08:00:00,4030.495333,2607.664333,140.713,1869.2934970000001
2021-02-21 09:00:00,4602.7216659999995,2915.3286669999998,138.041,2083.475002
2021-02-21 10:00:00,5024.1245,3274.426,134.88599999999997,2321.55
2021-02-21 11:00:00,5371.4335,3553.688,158.43300000000002,2501.382668
2021-02-21 12:00:00,5436.744833,3590.597999,160.14900000000003,2537.497333
2021-02-21 13:00:00,5524.594499999999,3624.158668,208.388,2537.816335
2021-02-21 14:00:00,5435.923666999999,3471.6166670000002,183.42999999999995,2487.0074990000003
2021-02-21 15:00:00,5363.411167,3521.7656669999997,174.561,2513.2765010000003
2021-02-21 16:00:00,5489.478834,3523.925667,165.08,2487.3753340000003
2021-02-21 17:00:00,5649.6795,3505.348,161.23300000000003,2584.656333
2021-02-21 18:00:00,5962.165333,3643.2656669999997,158.73999999999998,2681.9615000000003
2021-02-21 19:00:00,6020.940167000001,3751.575,153.20499999999998,2829.243999
2021-02-21 20:00:00,5663.138500000001,3607.665,152.07,2689.096834
2021-02-21 21:00:00,5343.885167,3505.046,161.09900000000002,2563.201834
2021-02-21 22:00:00,4900.927333,3252.7,136.64899999999997,2375.028166
2021-02-21 23:00:00,4398.5875,3022.088667,111.58099999999999,2119.037832
2021-02-22 00:00:00,3768.301833,2660.245333,108.978,1849.001001
2021-02-22 01:00:00,3276.1045000000004,2394.883,108.07,1678.425167
2021-02-22 02:00:00,3107.5945,2216.662333,92.40100000000002,1554.4826659999999
2021-02-22 03:00:00,2954.9275,2108.424,87.578,1425.3723330000003
2021-02-22 04:00:00,2872.652833,2053.080667,70.91400000000002,1432.951333
2021-02-22 05:00:00,3032.813167,2087.382333,81.59,1478.98
2021-02-22 06:00:00,3427.138333,2234.116333,113.0,1550.2836659999998
2021-02-22 07:00:00,3742.415,2438.710333,101.19,1780.981
2021-02-22 08:00:00,4137.2595,2637.0826669999997,101.02300000000001,1982.809999
2021-02-22 09:00:00,4391.833500000001,2847.135,106.812,2022.672332
2021-02-22 10:00:00,4492.287,2959.357667,133.817,2069.959333
2021-02-22 11:00:00,4594.532999999999,2955.570333,113.70100000000001,2143.8076659999997
2021-02-22 12:00:00,4650.067167,2998.233,135.31900000000005,2163.022
2021-02-22 13:00:00,4641.817166000001,3018.561333,122.133,2204.167
2021-02-22 14:00:00,4593.937,2938.336333,131.42499999999998,2189.751
2021-02-22 15:00:00,4592.5935,3002.705333,141.855,2143.757
2021-02-22 16:00:00,4693.722999,3041.765,152.88600000000005,2184.8953329999995
2021-02-22 17:00:00,5009.2895,3169.325,154.735,2306.2
2021-02-22 18:00:00,5294.879833,3384.456334,148.519,2527.171
2021-02-22 19:00:00,5675.404167,3582.105332,159.19099999999997,2675.317
2021-02-22 20:00:00,5551.578001,3584.092333,183.58200000000002,2633.675
2021-02-22 21:00:00,5203.4349999999995,3487.256666,185.564,2485.014
2021-02-22 22:00:00,4840.364001,3221.497,149.192,2320.373
2021-02-22 23:00:00,4279.709666,2921.772333,136.682,2056.0873340000003
2021-02-23 00:00:00,3778.0423330000003,2628.209666,126.18,1866.8749990000001
2021-02-23 01:00:00,3389.075834,2400.682,103.09499999999998,1652.816666
2021-02-23 02:00:00,3181.623335,2282.971,109.383,1610.660666
2021-02-23 03:00:00,3036.048594,2193.171333,104.997,1550.7746670000001
2021-02-23 04:00:00,3051.3496840000003,2176.5463330000002,93.20299999999999,1526.7150000000001
2021-02-23 05:00:00,3208.0391839999998,2267.149,102.62,1599.997999
2021-02-23 06:00:00,3621.7080180000003,2421.424,115.53300000000002,1696.482833
2021-02-23 07:00:00,4117.27285,2621.97,132.44099999999997,1927.326333
2021-02-23 08:00:00,4426.647184,2913.714,141.74600000000004,2153.131165
2021-02-23 09:00:00,4652.827351,3038.687333,137.95699999999997,2171.6725
2021-02-23 10:00:00,4680.230851,2928.6139999999996,129.406,2205.637501
2021-02-23 11:00:00,4640.613184,2940.749,139.86399999999998,2141.704001
2021-02-23 12:00:00,4615.326351,2951.433,158.164,2169.9206670000003
2021-02-23 13:00:00,4559.571516999999,2961.273,156.909,2156.692833
2021-02-23 14:00:00,4477.349851,2886.342,130.28799999999998,2137.0879990000003
2021-02-23 15:00:00,4395.310684,2893.123,124.297,2109.8508340000003
2021-02-23 16:00:00,4392.227183999999,2934.484,124.01599999999999,2158.1094999999996
2021-02-23 17:00:00,4733.6558509999995,3163.185,123.517,2353.8908330000004
2021-02-23 18:00:00,5233.108351,3420.882,149.32500000000002,2583.6195
2021-02-23 19:00:00,5736.156851,3691.8379999999997,154.845,2818.866
2021-02-23 20:00:00,5674.489184,3687.043,150.573,2819.043667
2021-02-23 21:00:00,5379.664518,3596.772,172.49999999999997,2679.0969999999998
2021-02-23 22:00:00,5050.189684000001,3371.1440000000002,164.96200000000002,2403.4486669999997
2021-02-23 23:00:00,4498.89385,3076.774,155.48,2228.381668
2021-02-24 00:00:00,3995.45285,2760.297,113.43100000000001,2021.317001
2021-02-24 01:00:00,3526.973684,2536.7686670000003,109.275,1814.546666
2021-02-24 02:00:00,3286.574517,2421.210666,107.86800000000002,1667.645334
2021-02-24 03:00:00,3254.3378510000002,2309.7753329999996,112.153,1630.434669
2021-02-24 04:00:00,3272.532184,2296.3509999999997,122.479,1618.9790010000002
2021-02-24 05:00:00,3413.471184,2408.733,106.95199999999998,1730.9171660000002
2021-02-24 06:00:00,3912.913016,2616.944,133.3,1811.067332
2021-02-24 07:00:00,4341.244017999999,2820.554,151.46499999999997,2022.545001
2021-02-24 08:00:00,4730.603517,3113.8590000000004,169.246,2268.787331
2021-02-24 09:00:00,5015.568683,3203.6099999999997,159.38899999999998,2277.737166
2021-02-24 10:00:00,5017.800684,3281.998,157.22799999999998,2279.063666
2021-02-24 11:00:00,4982.3481839999995,3120.613,150.40499999999997,2207.9480000000003
2021-02-24 12:00:00,4826.748017000001,2973.6510000000003,142.73399999999998,2192.0786669999998
2021-02-24 13:00:00,4683.149017,2897.8779990000003,163.77,2170.026
2021-02-24 14:00:00,4300.361017,2692.7073330000003,118.78933299999997,2004.963334
2021-02-24 15:00:00,4111.7060169999995,2569.912667,93.44033300000001,1949.378667
2021-02-24 16:00:00,4121.958683,2600.36,104.771,1906.312999
2021-02-24 17:00:00,4386.060351,2744.2270000000003,99.379,2027.049667
2021-02-24 18:00:00,4986.914851,3155.069,127.196,2355.722335
2021-02-24 19:00:00,5554.26685,3519.393,177.157,2616.242666
2021-02-24 20:00:00,5723.10435,3636.501,170.574,2627.4381670000002
2021-02-24 21:00:00,5507.26985,3458.456,175.429,2642.373501
2021-02-24 22:00:00,5094.484351000001,3333.48,184.62000000000003,2418.579833
2021-02-24 23:00:00,4495.034184,3114.246,163.97799999999998,2188.213167
2021-02-25 00:00:00,4050.828684,2767.079,137.519,2016.8361679999998
2021-02-25 01:00:00,3586.958517,2550.9550000000004,115.412,1787.543332
2021-02-25 02:00:00,3384.0990170000005,2398.6749999999997,113.39700000000002,1670.291
2021-02-25 03:00:00,3294.6063509999994,2314.25,126.24099999999999,1604.1046660000002
2021-02-25 04:00:00,3220.773517,2283.324,107.07399999999998,1588.496334
2021-02-25 05:00:00,3329.386517,2363.8909999999996,108.00299999999999,1652.212332
2021-02-25 06:00:00,3737.763351,2515.13,116.327,1753.787332
2021-02-25 07:00:00,4081.433351,2684.246,135.591,1942.7930000000001
2021-02-25 08:00:00,4483.221184,2880.5060000000003,153.14000000000001,2093.181334
2021-02-25 09:00:00,4807.086183,3020.525,155.604,2214.294667
2021-02-25 10:00:00,4894.693182999999,3071.991,135.211,2279.285
2021-02-25 11:00:00,4747.011351,3033.139,121.38999999999999,2214.2059999999997
2021-02-25 12:00:00,4624.120016999999,2944.92,130.53400000000002,2185.203
2021-02-25 13:00:00,4628.2763509999995,2948.71,131.84600000000003,2213.772
2021-02-25 14:00:00,4580.601684,2900.567,137.98899999999998,2171.5953329999998
2021-02-25 15:00:00,4612.480184,2954.244,156.95199999999997,2224.456666
2021-02-25 16:00:00,4818.056684,2965.133,156.456,2290.63
2021-02-25 17:00:00,5104.336851,3137.193,152.57500000000002,2440.0950000000003
2021-02-25 18:00:00,5550.579684,3415.364,183.914,2616.3959999999997
2021-02-25 19:00:00,5790.1783510000005,3677.253,167.35899999999998,2801.3456669999996
2021-02-25 20:00:00,5804.125684000001,3680.254,174.986,2809.350667
2021-02-25 21:00:00,5493.928851000001,3560.3730000000005,175.889,2678.143001
2021-02-25 22:00:00,5128.813517,3384.0229999999997,162.729,2478.933333
2021-02-25 23:00:00,4553.004017,3106.092,150.43299999999996,2223.124167
2021-02-26 00:00:00,3984.892684,2814.687,134.192,1996.3215
2021-02-26 01:00:00,3587.2308510000003,2597.292,113.09299999999998,1816.8190009999998
2021-02-26 02:00:00,3324.379017,2392.157,107.365,1689.527333
2021-02-26 03:00:00,3224.787851,2292.737,113.88000000000001,1576.191667
2021-02-26 04:00:00,3203.004684,2256.9489999999996,102.667,1590.3049999999998
2021-02-26 05:00:00,3234.6130169999997,2333.6169999999997,108.91900000000001,1623.236666
2021-02-26 06:00:00,3594.896017,2476.022,107.56300000000002,1757.893667
2021-02-26 07:00:00,4049.581017,2625.439,124.54799999999999,1928.6260000000002
2021-02-26 08:00:00,4534.625517,2928.9539999999997,159.684,2131.076
2021-02-26 09:00:00,4849.838683999999,3095.7120000000004,154.12300000000002,2220.181
2021-02-26 10:00:00,4990.944684,3137.578,163.229,2261.516334
2021-02-26 11:00:00,4967.162850999999,3167.804,140.54299999999998,2283.857999
2021-02-26 12:00:00,4840.786684000001,3023.079,146.284,2268.374334
2021-02-26 13:00:00,4758.024851,3001.722,124.009,2245.854333
2021-02-26 14:00:00,4646.690016999999,2861.7560000000003,116.41000000000001,2135.7416670000002
2021-02-26 15:00:00,4535.88235,2818.7909999999997,112.333,2077.318333
2021-02-26 16:00:00,4581.362685,2949.195,124.102,2238.958334
2021-02-26 17:00:00,4868.866516,3083.667,143.959,2276.4693340000003
2021-02-26 18:00:00,5308.379683,3345.5860000000002,155.15999999999997,2470.043667
2021-02-26 19:00:00,5629.972352,3489.734,157.142,2678.246666
2021-02-26 20:00:00,5519.136184,3477.749,161.507,2606.8776660000003
2021-02-26 21:00:00,5287.700517,3376.772,156.07999999999998,2493.6440000000002
2021-02-26 22:00:00,4914.358685,3227.036,185.416,2334.740666
2021-02-26 23:00:00,4454.961517,3087.899,157.793,2143.315667
2021-02-27 00:00:00,4103.597517,2807.218,145.43800000000002,2014.700999
2021-02-27 01:00:00,3667.057768,2620.059,140.90100000000004,1834.9050000000002
2021-02-27 02:00:00,3442.6178499999996,2460.864,120.75200000000001,1701.376332
2021-02-27 03:00:00,3270.356017,2344.400333,117.08,1656.278999
2021-02-27 04:00:00,3162.3308500000003,2278.801,95.029,1597.2129999999997
2021-02-27 05:00:00,3247.983183,2290.214335,105.99400000000001,1598.0736650000001
2021-02-27 06:00:00,3396.787681,2326.2553369999996,113.22800000000001,1655.034007
2021-02-27 07:00:00,3728.9268509999997,2500.828674,115.61200000000001,1829.80967
2021-02-27 08:00:00,4193.778516,2756.1106609999997,115.10300000000001,2059.603663
2021-02-27 09:00:00,4628.552686000001,3013.770667,147.255,2188.79
2021-02-27 10:00:00,4829.294849,3027.890663,138.876,2243.625667
2021-02-27 11:00:00,4973.67102,3073.9533380000003,172.949,2299.909671
2021-02-27 12:00:00,5176.49535,3117.497663,168.02600000000007,2430.470332
2021-02-27 13:00:00,4873.021019,3005.471999,124.52799999999999,2262.442336
2021-02-27 14:00:00,4592.797519,2867.347669,115.78099999999999,2156.063328
2021-02-27 15:00:00,4513.06702,2839.0556619999998,115.30033300000001,2100.439004
2021-02-27 16:00:00,4393.25735,2825.972998,121.165,2141.9669169999997
2021-02-27 17:00:00,4614.322684999999,2882.3663319999996,115.306333,2209.0550009999997
2021-02-27 18:00:00,5034.979684,3168.529332,136.538,2379.5883320000003
2021-02-27 19:00:00,5317.031685,3246.0006670000002,134.94199999999998,2474.151334
2021-02-27 20:00:00,5195.480519,3256.658,121.43299999999999,2428.561333
2021-02-27 21:00:00,4836.491184,3213.357,166.32100000000003,2373.908332
2021-02-27 22:00:00,4576.163684,3042.8,153.527,2244.1663339999996
2021-02-27 23:00:00,4221.854518,2887.37,152.521,2107.896667
2021-02-28 00:00:00,3898.479851,2656.8979999999997,124.936,1915.9443330000001
2021-02-28 01:00:00,3478.4880169999997,2436.316,97.846,1736.911831
2021-02-28 02:00:00,3181.551351,2312.199,107.51700000000001,1598.9301679999999
2021-02-28 03:00:00,2960.448351,2146.68,97.17700000000002,1489.002665
2021-02-28 04:00:00,2899.372017,2094.74,87.20800000000003,1466.584667
2021-02-28 05:00:00,2957.570184,2084.423,80.874,1483.842003
2021-02-28 06:00:00,3067.120352,2144.735,115.37599999999999,1511.034
2021-02-28 07:00:00,3371.409517,2221.717667,105.922,1593.1679989999998
2021-02-28 08:00:00,3790.794184,2519.927,131.784,1875.775664
2021-02-28 09:00:00,4376.772684,2719.677334,134.67699999999996,2072.436333
2021-02-28 10:00:00,4721.922017,2839.6903329999996,121.084,2137.206
2021-02-28 11:00:00,4823.502851,2879.342667,110.171,2092.531667
2021-02-28 12:00:00,4694.978184,2887.533666,114.224,2087.498667
2021-02-28 13:00:00,4570.526683,2865.3050000000003,105.504,2088.05
2021-02-28 14:00:00,4360.173183999999,2601.745,91.504,1984.463
2021-02-28 15:00:00,4154.863351,2476.8959999999997,106.42899999999999,1852.187332
2021-02-28 16:00:00,4097.942684000001,2447.073,103.301,1885.752666
2021-02-28 17:00:00,4214.496351,2540.444,89.166,1959.4939999999997
2021-02-28 18:00:00,4718.374184,2827.149,102.72999999999999,2228.3813330000003
2021-02-28 19:00:00,5167.983351000001,3134.21,119.65899999999999,2449.7919979999997
2021-02-28 20:00:00,5148.731350999999,3129.666,118.55300000000001,2512.326
2021-02-28 21:00:00,4974.529683999999,3037.938333,135.749,2401.0883329999997
2021-02-28 22:00:00,4507.622351,2887.1003330000003,141.108,2215.824999
2021-02-28 23:00:00,3952.778017,2699.1943340000003,111.136,1999.10133
2021-03-01 00:00:00,3498.2641839999997,2370.6923340000003,106.923,1767.157667
2021-03-01 01:00:00,3158.396851,2151.4880000000003,92.47799999999998,1604.4259980000002
2021-03-01 02:00:00,2965.473184,2025.3919990000002,91.508,1487.579
2021-03-01 03:00:00,2912.1058500000004,2014.515334,89.175,1424.754
2021-03-01 04:00:00,2881.4021839999996,1974.524333,96.732,1442.033332
2021-03-01 05:00:00,2987.765517,2082.658335,94.97,1533.558669
2021-03-01 06:00:00,3434.923017,2244.139,126.71600000000001,1687.699667
2021-03-01 07:00:00,3900.859351,2454.699334,125.497,1919.115667
2021-03-01 08:00:00,4291.08885,2749.7746669999997,138.375,2065.577667
2021-03-01 09:00:00,4427.995184,2798.8723330000003,119.59599999999999,2070.798666
2021-03-01 10:00:00,4380.686683,2752.518001,107.729,2015.041
2021-03-01 11:00:00,4296.824683999999,2646.735333,88.427,1944.401003
2021-03-01 12:00:00,4236.17785,2568.784,100.41799999999999,1904.7286649999999
2021-03-01 13:00:00,4053.898517,2508.068,74.22100000000002,1844.8793340000002
2021-03-01 14:00:00,3804.2616829999997,2286.7526660000003,86.89699999999999,1790.803669
2021-03-01 15:00:00,3657.6201840000003,2246.4153340000003,87.25100000000002,1724.50967
2021-03-01 16:00:00,3591.736017,2217.895334,72.69400000000002,1671.3990000000001
2021-03-01 17:00:00,3810.530017,2275.7610000000004,71.38300000000001,1777.763999
2021-03-01 18:00:00,4434.844185,2582.768333,87.88000000000001,1987.8803320000002
2021-03-01 19:00:00,4974.791684,2941.835333,97.202,2286.2366650000004
2021-03-01 20:00:00,4911.179017,3006.8043339999995,114.82900000000001,2306.150001
2021-03-01 21:00:00,4757.603685,2967.123,139.47199999999998,2193.5516669999997
2021-03-01 22:00:00,4327.306685,2779.755,122.503,2042.664333
2021-03-01 23:00:00,3859.48035,2575.453,106.58399999999999,1888.751334
2021-03-02 00:00:00,3404.966018,2275.288,93.16,1702.775331
2021-03-02 01:00:00,3082.957684,2142.712,91.10599999999998,1570.294665
2021-03-02 02:00:00,2885.223184,1997.564333,87.691,1409.3273319999998
2021-03-02 03:00:00,2822.381849,1964.116333,89.41999999999999,1393.7876649999998
2021-03-02 04:00:00,2794.096351,1975.9416660000002,94.36800000000001,1413.6456669999998
2021-03-02 05:00:00,2972.708351,2096.421,102.94399999999999,1527.109667
2021-03-02 06:00:00,3356.509851,2283.5950000000003,125.223,1634.627334
2021-03-02 07:00:00,3927.383516,2500.757,151.18400000000003,1832.676665
2021-03-02 08:00:00,4352.934184000001,2796.4883330000002,149.716,2107.505333
2021-03-02 09:00:00,4544.098018000001,2911.4483330000003,157.968,2142.271336
2021-03-02 10:00:00,4554.3070179999995,2868.062666,132.33800000000002,2031.939331
2021-03-02 11:00:00,4369.8983499999995,2766.666666,106.93000000000002,1988.392667
2021-03-02 12:00:00,4175.779851,2656.759333,102.281,2043.985001
2021-03-02 13:00:00,4117.469685,2582.198999,103.48700000000001,1996.370666
2021-03-02 14:00:00,3952.329684,2442.757333,96.39,1896.014665
2021-03-02 15:00:00,3608.5055169999996,2283.267,98.83699999999999,1824.475333
2021-03-02 16:00:00,3672.325517,2256.577333,98.67300000000002,1808.322333
2021-03-02 17:00:00,3974.099017,2341.581335,100.18900000000001,1967.1479989999998
2021-03-02 18:00:00,4570.341850000001,2747.341667,118.97100000000002,2212.962333
2021-03-02 19:00:00,5164.858517,3125.254667,158.508,2391.679667
2021-03-02 20:00:00,5255.79735,3171.2656669999997,147.75999999999996,2513.874667
2021-03-02 21:00:00,4988.775684,3194.9039999999995,144.05000000000004,2431.546999
2021-03-02 22:00:00,4692.472018,3001.003,154.18200000000004,2248.4189989999995
2021-03-02 23:00:00,4124.541518,2781.948668,137.813,2039.4506680000002
2021-03-03 00:00:00,3546.133684,2471.605,108.89799999999998,1828.6109999999999
2021-03-03 01:00:00,3219.701184,2329.776334,96.88600000000001,1688.7853329999998
2021-03-03 02:00:00,3051.9581839999996,2252.5460000000003,95.922,1621.3549990000001
2021-03-03 03:00:00,2988.523517,2245.214,101.633,1568.101666
2021-03-03 04:00:00,3097.2080180000003,2200.4469999999997,109.835,1611.8680009999998
2021-03-03 05:00:00,3222.700851,2288.232,121.381,1697.0049999999999
2021-03-03 06:00:00,3661.736851,2495.1059999999998,130.10100000000003,1828.887667
2021-03-03 07:00:00,4163.825516999999,2695.2789999999995,149.26199999999997,2036.9906669999998
2021-03-03 08:00:00,4578.599851,3000.3990000000003,149.224,2243.263
2021-03-03 09:00:00,4722.936685,3073.7540010000002,153.80300000000003,2271.704667
2021-03-03 10:00:00,4769.4866839999995,3021.784,133.455,2209.196834
2021-03-03 11:00:00,4492.937017,2876.8406670000004,120.86900000000003,2108.900333
2021-03-03 12:00:00,4297.383184,2633.102,94.73,2023.598334
2021-03-03 13:00:00,4063.9130179999997,2541.547,90.04700000000001,1975.468333
2021-03-03 14:00:00,3871.2145170000003,2393.16,90.67,1853.1676670000002
2021-03-03 15:00:00,3674.8476840000003,2261.8529999999996,90.81300000000002,1662.24
2021-03-03 16:00:00,3601.7895169999997,2150.237666,79.27499999999999,1658.9319990000001
2021-03-03 17:00:00,3801.75235,2333.641,80.507,1813.232
2021-03-03 18:00:00,4306.735183999999,2594.264666,117.573,2001.6300010000002
2021-03-03 19:00:00,4858.092184,3011.702334,135.406,2249.3133319999997
2021-03-03 20:00:00,4981.002517,3113.6459999999997,136.956,2358.051666
2021-03-03 21:00:00,4825.72335,3043.127,126.13600000000001,2266.1826650000003
2021-03-03 22:00:00,4412.403184,2910.458,143.063,2172.686333
2021-03-03 23:00:00,3931.987351,2677.5119999999997,107.775,2059.976666
2021-03-04 00:00:00,3431.4075169999996,2433.3730000000005,113.074,1830.667335
2021-03-04 01:00:00,3138.056017,2284.896,84.39399999999999,1671.0690009999998
2021-03-04 02:00:00,2985.847518,2153.313,86.09100000000001,1554.4176659999998
2021-03-04 03:00:00,2901.894351,2081.282,90.59899999999999,1496.855665
2021-03-04 04:00:00,2934.1036839999997,2044.2000000000003,82.06299999999999,1499.039335
2021-03-04 05:00:00,3065.462018,2138.751,92.39,1540.2846650000001
2021-03-04 06:00:00,3411.967352,2310.223,112.49199999999999,1600.575664
2021-03-04 07:00:00,3911.032351,2489.2929999999997,120.767,1811.341667
2021-03-04 08:00:00,4297.3426850000005,2719.781,138.06099999999998,2061.669667
2021-03-04 09:00:00,4449.834851,2720.667998,112.48000000000002,2072.647332
2021-03-04 10:00:00,4381.625684,2697.8813339999997,126.275,1989.6696670000001
2021-03-04 11:00:00,4250.656516999999,2559.2473330000003,120.31700000000002,1923.1403329999998
2021-03-04 12:00:00,4100.768183,2440.819001,107.515,1892.366501
2021-03-04 13:00:00,3899.2288499999995,2373.7163339999997,101.34799999999998,1852.693499
2021-03-04 14:00:00,3681.3390170000002,2282.905667,102.08000000000001,1712.250665
2021-03-04 15:00:00,3709.030017,2315.3100000000004,99.419,1692.143333
2021-03-04 16:00:00,3818.198351,2401.753,83.22200000000001,1788.234001
2021-03-04 17:00:00,4202.305684,2509.1940000000004,94.56500000000001,1990.6406670000001
2021-03-04 18:00:00,4725.500018000001,2855.749,109.73700000000001,2181.657001
2021-03-04 19:00:00,5071.063518,3075.041666,135.294,2308.001999
2021-03-04 20:00:00,4910.694184,3047.7799999999997,123.557,2335.471667
2021-03-04 21:00:00,4621.456683,2954.2686670000003,141.254,2245.654334
2021-03-04 22:00:00,4401.725517000001,2752.6893339999997,144.723,2062.989999
2021-03-04 23:00:00,3883.921185,2519.7616669999998,101.48899999999999,1911.824998
2021-03-05 00:00:00,3379.756684,2305.418999,101.51299999999999,1725.911
2021-03-05 01:00:00,3031.612517,2131.5289999999995,76.71799999999999,1564.546335
2021-03-05 02:00:00,2890.1391830000002,2022.001,74.07900000000001,1450.757001
2021-03-05 03:00:00,2804.5648499999998,1973.848,86.27900000000001,1411.1319979999998
2021-03-05 04:00:00,2840.513684,1989.042,75.044,1433.994667
2021-03-05 05:00:00,2993.221017,2051.793,95.75800000000001,1500.676332
2021-03-05 06:00:00,3317.837516,2218.624,122.42299999999999,1598.666332
2021-03-05 07:00:00,3778.665184,2383.618,127.929,1798.688999
2021-03-05 08:00:00,4179.371518,2655.4300000000003,145.395,2002.313334
2021-03-05 09:00:00,4420.604683,2810.458,138.87900000000002,2030.515001
2021-03-05 10:00:00,4508.441683000001,2800.684,145.423,2015.8849989999999
2021-03-05 11:00:00,4567.361351,2770.245,112.16200000000002,2083.1
2021-03-05 12:00:00,4531.0758510000005,2833.8399999999997,153.835,2100.885334
2021-03-05 13:00:00,4554.908684,2844.861,144.987,2118.026001
2021-03-05 14:00:00,4517.9850160000005,2813.418,140.291,2120.860001
2021-03-05 15:00:00,4434.717850999999,2816.2870000000003,140.141,2160.388
2021-03-05 16:00:00,4489.518517,2910.573,135.35100000000003,2255.395
2021-03-05 17:00:00,4808.395683,3052.172333,139.46599999999998,2384.641334
2021-03-05 18:00:00,5150.312684,3303.781,173.19099999999997,2495.377999
2021-03-05 19:00:00,5481.995852,3366.55,186.796,2572.3656659999997
2021-03-05 20:00:00,5278.37485,3331.951,165.27300000000002,2525.366333
2021-03-05 21:00:00,4980.768185,3255.822,154.80900000000003,2412.6949999999997
2021-03-05 22:00:00,4614.929683,3054.3689999999997,165.73499999999999,2269.55
2021-03-05 23:00:00,4211.234517,2812.587,141.406,2056.888
2021-03-06 00:00:00,3880.055683,2576.493,108.25,1929.267
2021-03-06 01:00:00,3469.909184,2474.349,98.82700000000001,1767.537
2021-03-06 02:00:00,3241.2043510000003,2253.663,96.656,1599.7
2021-03-06 03:00:00,3042.028684,2149.709,89.64500000000001,1494.1599999999999
2021-03-06 04:00:00,3006.5381829999997,2128.6459999999997,81.007,1469.21
2021-03-06 05:00:00,3036.81785,2150.922,96.172,1511.812
2021-03-06 06:00:00,3235.790683,2206.9500000000003,107.82300000000002,1574.0263329999998
2021-03-06 07:00:00,3537.1111849999998,2366.4480000000003,97.62299999999999,1696.856333
2021-03-06 08:00:00,4095.51135,2677.455,122.37000000000002,1947.531
2021-03-06 09:00:00,4490.173683000001,2839.563,133.573,2096.8716670000003
2021-03-06 10:00:00,4655.768517,2940.693,131.65699999999998,2165.3926659999997
2021-03-06 11:00:00,4638.67835,2933.3779999999997,150.90099999999998,2195.376668
2021-03-06 12:00:00,4799.177517,2840.199,152.814,2109.979333
2021-03-06 13:00:00,4827.709183999999,2771.727,124.36,2101.108332
2021-03-06 14:00:00,4525.155016999999,2695.135,111.91000000000001,2023.5343350000003
2021-03-06 15:00:00,4245.400184,2675.736,107.39900000000002,1949.328333
2021-03-06 16:00:00,4121.615517,2610.773333,97.56,1950.600332
2021-03-06 17:00:00,4455.953017,2664.7830000000004,108.475,2000.544001
2021-03-06 18:00:00,4710.504016999999,2882.259669,117.84800000000001,2248.776667
2021-03-06 19:00:00,4993.905684,3035.345334,146.83100000000002,2398.364334
2021-03-06 20:00:00,5104.67685,3134.495,157.655,2383.137333
2021-03-06 21:00:00,4843.039184,3038.95,152.016,2296.227666
2021-03-06 22:00:00,4581.070184,2909.774,147.934,2205.849
2021-03-06 23:00:00,4120.568684,2760.1530000000002,135.463,2038.577
2021-03-07 00:00:00,3704.518517,2500.617,113.748,1848.713
2021-03-07 01:00:00,3354.718851,2305.1440000000002,107.739,1661.6730000000002
2021-03-07 02:00:00,3170.2916840000003,2166.918,92.624,1564.431
2021-03-07 03:00:00,2973.4296839999997,2057.36,99.61,1463.634333
2021-03-07 04:00:00,2913.052017,2003.346,105.62500000000001,1449.012667
2021-03-07 05:00:00,2964.824684,2029.838,96.33299999999998,1442.479668
2021-03-07 06:00:00,3107.781351,2129.71,111.83400000000002,1484.323
2021-03-07 07:00:00,3395.0623510000005,2263.267,130.659,1649.645665
2021-03-07 08:00:00,4025.949351,2569.527,143.15400000000002,1855.7499990000001
2021-03-07 09:00:00,4504.001684,2804.661,138.29199999999997,2028.811666
2021-03-07 10:00:00,4890.909351,3003.318,136.181,2175.59
2021-03-07 11:00:00,5011.8796839999995,3105.593,135.29700000000003,2338.272501
2021-03-07 12:00:00,5149.771683999999,3095.2200000000003,134.15699999999995,2336.727
2021-03-07 13:00:00,5133.020684,3063.385,162.475,2362.6660009999996
2021-03-07 14:00:00,4868.594684,2934.177667,153.50399999999996,2291.145666
2021-03-07 15:00:00,4670.836017,2794.290666,119.37299999999999,2143.9333340000003
2021-03-07 16:00:00,4573.021017000001,2853.1310000000003,108.28300000000002,2208.773333
2021-03-07 17:00:00,4868.408017,2928.891,121.584,2322.5826669999997
2021-03-07 18:00:00,5275.9670160000005,3189.549,126.71,2518.779
2021-03-07 19:00:00,5582.188018,3399.886,124.27599999999998,2647.8053330000002
2021-03-07 20:00:00,5537.780684,3418.6230000000005,144.35399999999998,2573.942
2021-03-07 21:00:00,5317.820684,3371.852,170.432,2510.7606670000005
2021-03-07 22:00:00,4866.646350999999,3201.6229999999996,161.973,2369.813
2021-03-07 23:00:00,4300.028684,2909.510666,136.178,2103.286334
2021-03-08 00:00:00,3823.81135,2669.177666,104.897,1888.2009990000001
2021-03-08 01:00:00,3496.970184,2449.729333,91.06600000000002,1726.8856660000001
2021-03-08 02:00:00,3258.9651839999997,2347.714999,96.81600000000002,1635.148668
2021-03-08 03:00:00,3187.939851,2234.768666,109.79,1603.2293319999999
2021-03-08 04:00:00,3195.3616840000004,2193.873334,109.23799999999999,1592.566666
2021-03-08 05:00:00,3327.284684,2296.037,119.29999999999998,1656.798334
2021-03-08 06:00:00,3724.991017,2449.309,136.574,1764.01
2021-03-08 07:00:00,4166.820017,2689.246,141.23800000000003,2003.4920000000002
2021-03-08 08:00:00,4610.536017,2987.266333,166.196,2153.98
2021-03-08 09:00:00,4789.308016999999,3051.497333,156.66700000000003,2221.4423340000003
2021-03-08 10:00:00,4890.650018,3079.943666,133.70199999999994,2196.458834
2021-03-08 11:00:00,4721.738017,3002.793999,130.718,2208.443335
2021-03-08 12:00:00,4625.950851,2920.208,144.17399999999998,2116.18433
2021-03-08 13:00:00,4601.44335,2763.905001,132.37999999999997,2078.589669
2021-03-08 14:00:00,4301.159684,2721.9449999999997,114.982,2004.91667
2021-03-08 15:00:00,4156.850184000001,2642.484333,113.218,2000.597332
2021-03-08 16:00:00,4137.531684,2691.690999,127.118,2037.549
2021-03-08 17:00:00,4707.949184,2965.8423319999997,164.13299999999998,2228.871334
2021-03-08 18:00:00,5138.4506839999995,3194.481331,163.895,2456.903001
2021-03-08 19:00:00,5552.5476850000005,3479.3800020000003,185.38,2663.188335
2021-03-08 20:00:00,5479.729018,3495.982667,198.869,2688.760668
2021-03-08 21:00:00,5323.202851,3404.797998,196.071,2538.232331
2021-03-08 22:00:00,4844.819518,3199.4676659999996,157.74099999999996,2347.989001
2021-03-08 23:00:00,4201.192183,2912.4790009999997,114.92466699999999,2116.1153349999995
2021-03-09 00:00:00,3646.470682,2634.6556659999997,111.23466699999999,1894.7276669999999
2021-03-09 01:00:00,3359.3343480000003,2416.557998,95.029667,1760.7579959999998
2021-03-09 02:00:00,3161.165853,2276.181331,103.35399999999998,1576.9606660000002
2021-03-09 03:00:00,2997.4331869999996,2171.325334,115.36866699999999,1530.9356630000002
2021-03-09 04:00:00,3024.42968,2155.886995,92.559,1555.693999
2021-03-09 05:00:00,3167.575354,2249.3166650000003,97.160667,1602.47
2021-03-09 06:00:00,3513.56635,2381.156002,103.66766700000001,1677.494001
2021-03-09 07:00:00,4006.903015,2625.6466689999997,129.792667,1879.375002
2021-03-09 08:00:00,4393.373015,2859.327332,128.94700000000003,2109.0470020000002
2021-03-09 09:00:00,4521.154686,2849.4253339999996,142.163333,2135.675334
2021-03-09 10:00:00,4458.191016999999,2804.0060000000003,125.079333,2066.588663
2021-03-09 11:00:00,4292.705351,2641.428667,109.423333,1990.848337
2021-03-09 12:00:00,4222.591184000001,2697.8126679999996,115.49500000000002,1995.086336
2021-03-09 13:00:00,4101.9915169999995,2574.935999,102.551,1972.823668
2021-03-09 14:00:00,3897.248351,2445.145335,104.97000000000003,1892.5896659999999
2021-03-09 15:00:00,3830.4233510000004,2418.629,94.94000000000001,1814.4773340000002
2021-03-09 16:00:00,3882.359851,2456.952333,88.64699999999999,1913.058666
2021-03-09 17:00:00,4285.70185,2597.955003,96.54700000000001,2075.546665
2021-03-09 18:00:00,4945.533851,2952.9833310000004,114.69999999999999,2390.2263330000005
2021-03-09 19:00:00,5225.990683,3311.9570000000003,150.624,2551.606001
2021-03-09 20:00:00,5286.05035,3397.322333,157.705,2592.772667
2021-03-09 21:00:00,4999.237684,3259.765664,174.938,2467.3963329999997
2021-03-09 22:00:00,4611.606017,3067.514666,163.172,2255.2536630000004
2021-03-09 23:00:00,4080.7720180000006,2771.7126660000004,132.178333,2030.410668
2021-03-10 00:00:00,3544.595684,2440.264666,104.75399999999999,1782.9719999999998
2021-03-10 01:00:00,3237.40935,2249.133334,98.036,1651.7473340000001
2021-03-10 02:00:00,3012.417018,2114.9430009999996,90.208,1523.4810009999999
2021-03-10 03:00:00,2972.5536840000004,2043.7966679999995,94.042,1470.764334
2021-03-10 04:00:00,2952.315351,2027.5613329999999,83.996,1488.110333
2021-03-10 05:00:00,3124.098351,2164.712001,93.12400000000001,1560.443
2021-03-10 06:00:00,3466.466684,2295.754667,101.41499999999999,1649.9300010000002
2021-03-10 07:00:00,3983.6256840000005,2523.538668,122.73,1806.470668
2021-03-10 08:00:00,4372.889017,2748.894333,119.17099999999999,1972.508998
2021-03-10 09:00:00,4477.411684,2878.7913340000005,141.15,2063.350998
2021-03-10 10:00:00,4631.418684,2880.673,150.58599999999998,2089.1653340000003
2021-03-10 11:00:00,4513.2056840000005,2855.2693329999997,140.144,2071.600669
2021-03-10 12:00:00,4419.397684,2741.1766660000003,120.49000000000001,1991.1236680000002
2021-03-10 13:00:00,4300.729684,2601.233,121.945,1981.362334
2021-03-10 14:00:00,3907.8103500000007,2387.3833329999998,120.792,1810.481002
2021-03-10 15:00:00,3701.232684,2289.648001,120.48299999999999,1703.359665
2021-03-10 16:00:00,3817.689684,2261.0033329999997,103.886,1764.9869990000002
2021-03-10 17:00:00,4164.08335,2437.8836659999997,98.971,1917.18167
2021-03-10 18:00:00,4726.962684,2799.739,90.417,2177.785333
2021-03-10 19:00:00,5047.804351,3118.884,104.58500000000001,2386.417666
2021-03-10 20:00:00,5224.467017000001,3151.548667,142.262,2412.6079959999997
2021-03-10 21:00:00,4980.499684,3061.2709990000003,137.16300000000004,2334.8610000000003
2021-03-10 22:00:00,4608.970684,2892.002667,146.275,2154.532666
2021-03-10 23:00:00,4046.3066839999997,2673.753,120.56999999999998,1960.180334
2021-03-11 00:00:00,3550.057683,2393.603,106.209,1780.959334
2021-03-11 01:00:00,3205.17535,2247.0829999999996,101.901,1628.379667
2021-03-11 02:00:00,3056.697351,2157.772,102.22399999999999,1542.1343339999999
2021-03-11 03:00:00,2976.3666839999996,2131.438,114.615,1490.806
2021-03-11 04:00:00,3052.297684,2125.958,103.744,1519.894667
2021-03-11 05:00:00,3263.803351,2247.703,112.474,1598.255333
2021-03-11 06:00:00,3670.514018,2418.26,127.87599999999999,1776.271
2021-03-11 07:00:00,4229.961351,2686.262001,143.14600000000002,1996.9226640000002
2021-03-11 08:00:00,4630.259018,2861.069332,147.78199999999998,2160.706334
2021-03-11 09:00:00,4641.2056840000005,2910.645,108.55200000000002,2138.969336
2021-03-11 10:00:00,4534.5221839999995,2769.295667,94.06400000000001,1998.455
2021-03-11 11:00:00,4358.601017,2600.324333,98.282,1981.8093350000001
2021-03-11 12:00:00,4160.31235,2560.44,92.381,1948.842668
2021-03-11 13:00:00,3985.686683,2443.8496670000004,97.078,1862.556666
2021-03-11 14:00:00,3702.116684,2250.787666,92.303,1760.044332
2021-03-11 15:00:00,3467.8623500000003,2128.201,73.73799999999999,1638.881333
2021-03-11 16:00:00,3380.499017,2107.869332,87.638,1604.0216679999999
2021-03-11 17:00:00,3699.575684,2174.349333,88.69400000000002,1693.554001
2021-03-11 18:00:00,4252.353018,2450.329667,91.61599999999999,1895.631667
2021-03-11 19:00:00,4724.29435,2762.630666,121.574,2145.195999
2021-03-11 20:00:00,4905.874017,2886.679,124.692,2248.181667
2021-03-11 21:00:00,4631.202351,2888.336667,121.64699999999999,2246.730001
2021-03-11 22:00:00,4375.425684,2823.9089999999997,115.153,2114.3023350000003
2021-03-11 23:00:00,3938.890684,2563.112333,99.44500000000002,1929.161666
2021-03-12 00:00:00,3434.002351,2363.056667,84.39099999999999,1745.101667
2021-03-12 01:00:00,3162.550017,2263.157,77.331,1678.604668
2021-03-12 02:00:00,2961.891351,2144.6313339999997,88.006,1548.308332
2021-03-12 03:00:00,2915.54435,2106.2523330000004,96.23800000000001,1515.049
2021-03-12 04:00:00,2955.7266849999996,2115.199,95.28900000000002,1574.1876660000003
2021-03-12 05:00:00,3105.3080170000003,2288.136,118.304,1617.996666
2021-03-12 06:00:00,3562.2740160000003,2450.849,125.55800000000002,1758.7963340000001
2021-03-12 07:00:00,4178.7396850000005,2641.8966659999996,155.94,1983.907667
2021-03-12 08:00:00,4577.033684,2915.7593319999996,160.03099999999998,2132.741667
2021-03-12 09:00:00,4692.155017,2893.656333,151.54,2143.0879999999997
2021-03-12 10:00:00,4540.531351,2756.455667,120.27300000000001,2058.044334
2021-03-12 11:00:00,4239.1296839999995,2570.353666,110.693,2015.956333
2021-03-12 12:00:00,4137.9643510000005,2466.659334,97.83699999999997,1920.117001
2021-03-12 13:00:00,3949.853685,2350.6233329999995,92.19399999999999,1821.850668
2021-03-12 14:00:00,3610.2686830000002,2190.142333,83.81599999999999,1694.416999
2021-03-12 15:00:00,3507.656685,2136.311333,74.16199999999999,1604.968001
2021-03-12 16:00:00,3411.5736829999996,2095.650667,68.71800000000002,1605.811999
2021-03-12 17:00:00,3553.191017,2172.094,74.50800000000001,1637.6699990000002
2021-03-12 18:00:00,3925.5286840000003,2302.992,83.97999999999999,1844.153334
2021-03-12 19:00:00,4315.804685,2683.9809999999998,90.89399999999999,2029.3100000000002
2021-03-12 20:00:00,4622.789350999999,2753.4970000000003,96.471,2074.737
2021-03-12 21:00:00,4444.277352,2701.143,111.725,2061.462
2021-03-12 22:00:00,4120.85435,2626.2839999999997,102.687,2000.556
2021-03-12 23:00:00,3811.814351,2622.936,92.845,1968.658333
2021-03-13 00:00:00,3521.630017,2410.6440000000002,80.03200000000001,1814.171333
2021-03-13 01:00:00,3179.07535,2260.902,93.32700000000001,1679.016666
2021-03-13 02:00:00,2974.138352,2154.502,104.836,1580.1566659999999
2021-03-13 03:00:00,2897.6433500000003,2117.3450000000003,115.436,1535.4479999999999
2021-03-13 04:00:00,2919.6920170000003,2089.642,103.28299999999999,1565.373333
2021-03-13 05:00:00,3042.3043509999998,2163.5473329999995,105.26400000000001,1579.3429999999998
2021-03-13 06:00:00,3305.256017,2336.524,119.327,1680.759667
2021-03-13 07:00:00,3701.639351,2536.071,145.56799999999998,1823.1616669999999
2021-03-13 08:00:00,4273.368017,2920.047,157.743,2074.643
2021-03-13 09:00:00,4663.576017,3005.1620000000003,157.04500000000002,2204.342
2021-03-13 10:00:00,4680.898684,2902.8813330000003,130.263,2247.246
2021-03-13 11:00:00,4563.654017000001,2795.473,103.112,2163.065
2021-03-13 12:00:00,4492.971351,2593.893667,101.268,2017.59
2021-03-13 13:00:00,4123.969684,2480.0246669999997,96.855,1851.004
2021-03-13 14:00:00,3953.936017,2335.64,106.186,1811.421
2021-03-13 15:00:00,3818.3636850000003,2247.907001,91.48100000000002,1738.672
2021-03-13 16:00:00,3751.842683,2173.140667,85.877,1675.039
2021-03-13 17:00:00,3780.784017,2179.938666,81.226,1756.2440000000001
2021-03-13 18:00:00,4022.140684,2384.2039999999997,93.62400000000001,1869.7240000000002
2021-03-13 19:00:00,4363.6623500000005,2597.758,94.46799999999999,2057.280001
2021-03-13 20:00:00,4587.460349,2694.5,88.51100000000001,2095.436667
2021-03-13 21:00:00,4394.208017000001,2642.54,110.70600000000002,2069.377334
2021-03-13 22:00:00,4155.5806840000005,2590.384,98.071,1961.210666
2021-03-13 23:00:00,3829.284017,2473.378334,94.605,1843.670666
2021-03-14 00:00:00,3414.224351,2295.5226679999996,79.15966700000001,1726.099667
2021-03-14 01:00:00,3062.4663520000004,2127.535336,70.54366700000001,1582.827
2021-03-14 02:00:00,2983.7891855,2056.310836,74.33699999999999,1513.7836654999999
2021-03-14 03:00:00,2905.112019,1985.0863359999998,78.13033300000001,1444.740331
2021-03-14 04:00:00,2791.8313470000003,1927.257665,80.72766600000001,1408.05867
2021-03-14 05:00:00,2760.6740170000003,1905.279667,75.69266599999999,1374.5586720000001
2021-03-14 06:00:00,2818.353845,1947.0010000000002,82.702001,1410.4043370000002
2021-03-14 07:00:00,3007.107855,1997.2450019999999,101.60700000000003,1462.61267
2021-03-14 08:00:00,3383.728851,2136.8156639999997,100.127333,1641.900999
2021-03-14 09:00:00,3920.350345,2430.992,107.951667,1831.961003
2021-03-14 10:00:00,4215.841675,2705.9123289999998,114.114334,2014.1116660000002
2021-03-14 11:00:00,4674.524345,2858.024663,124.21333299999999,2228.6823299999996
2021-03-14 12:00:00,4824.440685,3006.1650019999997,154.08833299999998,2259.930335
2021-03-14 13:00:00,4912.8580170000005,3076.551997,167.159,2359.9729989999996
2021-03-14 14:00:00,5062.823017,3074.123001,171.634,2376.896334
2021-03-14 15:00:00,4970.861351,3067.15,173.03900000000002,2309.295
2021-03-14 16:00:00,4907.018017,2963.528,140.17800000000003,2345.5029999999997
2021-03-14 17:00:00,5016.002684,2965.125,134.52700000000002,2383.4660000000003
2021-03-14 18:00:00,5433.914349,3118.971,155.81499999999997,2520.385
2021-03-14 19:00:00,5520.3160179999995,3316.1410000000005,149.387,2565.3100000000004
2021-03-14 20:00:00,5587.034349,3456.926,162.468,2634.317
2021-03-14 21:00:00,5401.898351,3423.5969999999998,171.55399999999995,2570.1499999999996
2021-03-14 22:00:00,4988.553351,3201.015,155.587,2419.826
2021-03-14 23:00:00,4424.908017,2870.357666,118.465,2136.499999
2021-03-15 00:00:00,3799.726684,2627.882,97.17799999999998,1921.991
2021-03-15 01:00:00,3437.216684,2414.6400000000003,102.266,1724.4773330000003
2021-03-15 02:00:00,3195.673684,2260.656333,101.88799999999999,1571.381667
2021-03-15 03:00:00,3117.0473519999996,2169.105,109.486,1556.738668
2021-03-15 04:00:00,3112.572351,2214.886665,115.478,1565.5623309999999
2021-03-15 05:00:00,3253.619017,2277.567335,112.60600000000001,1646.965001
2021-03-15 06:00:00,3641.04635,2501.584668,129.778,1770.556666
2021-03-15 07:00:00,4146.7453510000005,2710.1823329999997,146.137,1982.302667
2021-03-15 08:00:00,4655.341351,2973.502333,157.19700000000003,2215.172001
2021-03-15 09:00:00,4855.2370169999995,3063.027333,156.619,2279.7136659999996
2021-03-15 10:00:00,4903.258018,3040.687,129.895,2213.046331
2021-03-15 11:00:00,4811.9140179999995,2942.216,132.363,2251.419
2021-03-15 12:00:00,4739.153684000001,2885.057,126.14999999999999,2275.911333
2021-03-15 13:00:00,4845.944017,2912.764,115.79100000000001,2265.0460009999997
2021-03-15 14:00:00,4686.757351,2961.607,125.53000000000003,2140.259333
2021-03-15 15:00:00,4501.989684,2816.6369999999997,116.89800000000001,2120.107
2021-03-15 16:00:00,4718.91635,2961.889,144.12199999999999,2229.992
2021-03-15 17:00:00,4861.974517000001,2917.238667,157.433,2267.853999
2021-03-15 18:00:00,4958.080017,3168.095,166.06599999999997,2408.242333
2021-03-15 19:00:00,5326.897351,3308.073667,193.45899999999997,2651.9839979999997
2021-03-15 20:00:00,5550.224517,3466.5060000000003,179.20800000000003,2746.5676670000003
2021-03-15 21:00:00,5491.83085,3479.727,191.989,2654.981
2021-03-15 22:00:00,5183.225350999999,3373.13,161.48,2460.194999
2021-03-15 23:00:00,4616.02785,3179.558,150.56300000000002,2287.173334
2021-03-16 00:00:00,4081.2118520000004,2859.319,118.11999999999999,2081.7506670000002
2021-03-16 01:00:00,3677.502018,2651.1809999999996,130.19799999999998,1912.088334
2021-03-16 02:00:00,3447.987851,2529.703,121.95599999999999,1801.004333
2021-03-16 03:00:00,3380.208684,2385.404,137.80499999999998,1751.230333
2021-03-16 04:00:00,3357.000018,2439.876,132.797,1766.2379999999998
2021-03-16 05:00:00,3513.967351,2553.45,138.228,1827.2910000000002
2021-03-16 06:00:00,3908.884684,2714.25,155.656,1953.107
2021-03-16 07:00:00,4368.2383500000005,2901.497,161.34,2119.3360000000002
2021-03-16 08:00:00,4757.315684,3141.058,175.249,2306.0409999999997
2021-03-16 09:00:00,4962.886683999999,3290.9990000000003,157.429,2422.719
2021-03-16 10:00:00,4954.060684,3193.052667,153.257,2395.645667
2021-03-16 11:00:00,4836.914016999999,2999.288667,120.96500000000002,2320.473
2021-03-16 12:00:00,4680.787684000001,2831.809667,125.41000000000001,2216.3956670000002
2021-03-16 13:00:00,4408.826017,2847.405334,131.62600000000003,2206.513334
2021-03-16 14:00:00,4162.104684,2566.698665,111.692,2023.303998
2021-03-16 15:00:00,3959.107351,2391.6910000000003,98.996,1904.598001
2021-03-16 16:00:00,3850.234518,2329.424666,87.179,1897.9850000000001
2021-03-16 17:00:00,3860.15535,2393.119667,86.864,1891.626668
2021-03-16 18:00:00,4256.141684,2482.048334,75.75500000000001,1999.615668
2021-03-16 19:00:00,4418.620349999999,2750.359,94.749,2186.763332
2021-03-16 20:00:00,4797.6783510000005,2979.394333,104.927,2350.337002
2021-03-16 21:00:00,4999.388018,3182.883334,133.29199999999997,2407.545333
2021-03-16 22:00:00,4733.462684,3131.303,134.76100000000002,2351.64033
2021-03-16 23:00:00,4270.072351000001,2832.311,121.202,2134.596668
2021-03-17 00:00:00,3772.3500169999998,2571.740001,118.074,1905.558332
2021-03-17 01:00:00,3309.784683,2403.387,116.07799999999999,1757.365665
2021-03-17 02:00:00,3152.245684,2280.8673339999996,113.72500000000001,1615.6703320000001
2021-03-17 03:00:00,3072.1063510000004,2217.344333,113.213,1601.364333
2021-03-17 04:00:00,3054.455685,2238.717667,113.16600000000003,1578.767666
2021-03-17 05:00:00,3228.481018,2314.4566670000004,127.597,1678.502
2021-03-17 06:00:00,3639.4770179999996,2513.523,141.645,1832.2090000000003
2021-03-17 07:00:00,4143.301684,2755.431333,150.40499999999997,1971.5113339999998
2021-03-17 08:00:00,4516.519684000001,2984.304,161.61800000000002,2199.142334
2021-03-17 09:00:00,4806.521351,3038.830667,161.33300000000003,2352.242998
2021-03-17 10:00:00,4672.036684,2964.306333,133.115,2242.552667
2021-03-17 11:00:00,4501.864017,2723.947333,101.23,2137.3633330000002
2021-03-17 12:00:00,4379.92635,2652.732667,107.326,2052.0590009999996
2021-03-17 13:00:00,4167.888684,2629.1046669999996,92.43,1960.242667
2021-03-17 14:00:00,3902.613683,2447.740667,104.191,1872.772667
2021-03-17 15:00:00,3739.9870170000004,2290.413,75.59799999999998,1750.3123329999999
2021-03-17 16:00:00,3604.4840169999998,2245.612333,80.864,1671.4453330000001
2021-03-17 17:00:00,3813.566017,2221.300667,77.238,1693.0893339999998
2021-03-17 18:00:00,4007.000018,2306.0510000000004,80.455,1839.020333
2021-03-17 19:00:00,4120.731685,2474.1050000000005,87.81700000000001,1955.732
2021-03-17 20:00:00,4439.711517,2580.534333,94.884,2149.5969999999998
2021-03-17 21:00:00,4624.110684,2802.7066670000004,120.568,2202.114334
2021-03-17 22:00:00,4310.3303510000005,2726.441334,124.49100000000001,2104.152667
2021-03-17 23:00:00,3840.961684,2560.8790010000002,110.11099999999999,1924.2193320000001
2021-03-18 00:00:00,3330.654684,2315.788333,103.916,1736.593002
2021-03-18 01:00:00,3019.735017,2097.204667,85.288,1548.247332
2021-03-18 02:00:00,2843.288684,2026.9113350000002,77.647,1475.4163330000001
2021-03-18 03:00:00,2739.574351,1963.730666,79.58399999999999,1423.3020000000001
2021-03-18 04:00:00,2728.245018,1938.729334,82.372,1424.528001
2021-03-18 05:00:00,2830.9113509999997,1953.313667,95.68100000000003,1474.923334
2021-03-18 06:00:00,3159.7713510000003,2105.582333,118.134,1560.2456690000001
2021-03-18 07:00:00,3703.212684,2283.607667,125.53699999999999,1761.413333
2021-03-18 08:00:00,3974.7143510000005,2504.042333,132.496,1903.417334
2021-03-18 09:00:00,4247.057683999999,2610.216,139.69400000000002,1998.828
2021-03-18 10:00:00,4328.40135,2685.554,147.504,2007.6056669999998
2021-03-18 11:00:00,4243.092683999999,2623.902,130.881,1990.335
2021-03-18 12:00:00,3985.8716839999997,2576.396333,106.082,1928.838667
2021-03-18 13:00:00,3995.553684,2501.659,100.80699999999999,1907.943
2021-03-18 14:00:00,3930.457351,2407.6580000000004,100.172,1894.7179999999998
2021-03-18 15:00:00,3932.079017,2426.638,100.541,1902.981333
2021-03-18 16:00:00,4132.555017000001,2508.991,120.59700000000001,2021.251333
2021-03-18 17:00:00,4563.043351,2705.63,108.268,2177.138333
2021-03-18 18:00:00,4995.693684,2972.548,153.489,2300.776333
2021-03-18 19:00:00,5006.859017,3012.007667,139.055,2295.480333
2021-03-18 20:00:00,5031.710349999999,3022.4706659999997,139.761,2374.589667
2021-03-18 21:00:00,4992.052684,3104.308666,130.365,2353.0463330000002
2021-03-18 22:00:00,4544.788016999999,3069.277667,133.898,2245.1369999999997
2021-03-18 23:00:00,4163.337684,2708.8143330000003,116.83999999999999,2062.3920000000003
2021-03-19 00:00:00,3602.107018,2449.111,106.247,1797.9479999999999
2021-03-19 01:00:00,3182.998351,2259.4276660000005,99.53899999999999,1652.536667
2021-03-19 02:00:00,2911.2340169999998,2125.9610000000002,82.73100000000001,1493.6203340000002
2021-03-19 03:00:00,2838.41735,1988.377,81.34599999999999,1419.7873330000002
2021-03-19 04:00:00,2805.209351,1948.485334,85.25699999999998,1412.6966659999998
2021-03-19 05:00:00,2879.15435,1977.494333,77.82999999999998,1435.122667
2021-03-19 06:00:00,3197.79235,2137.797333,93.798,1528.974001
2021-03-19 07:00:00,3574.212351,2250.604333,111.96599999999998,1689.733001
2021-03-19 08:00:00,3956.7986840000003,2496.9323329999997,118.007,1821.707
2021-03-19 09:00:00,4167.05535,2598.2960000000003,107.22500000000001,1949.320001
2021-03-19 10:00:00,4217.868684,2652.7010000000005,117.441,1971.621667
2021-03-19 11:00:00,4176.424018,2646.917334,119.89700000000002,1996.101333
2021-03-19 12:00:00,4280.6836840000005,2727.297,107.91000000000001,2026.052334
2021-03-19 13:00:00,4283.942016999999,2596.673667,105.55799999999999,1951.222667
2021-03-19 14:00:00,4092.65735,2596.3459999999995,107.84100000000001,1934.207999
2021-03-19 15:00:00,3950.2570180000002,2512.1240000000003,86.355,1897.238
2021-03-19 16:00:00,3860.081851,2535.222,84.241,1894.021
2021-03-19 17:00:00,4021.5363509999997,2588.232,92.666,1939.997999
2021-03-19 18:00:00,4436.436184,2754.9660000000003,120.50000000000001,2077.994334
2021-03-19 19:00:00,4643.257184,2962.328,149.442,2128.941
2021-03-19 20:00:00,4895.487684,3074.75,123.01199999999999,2288.342333
2021-03-19 21:00:00,4919.302684,3021.607,122.90200000000002,2280.3023329999996
2021-03-19 22:00:00,4477.225684,2929.666,123.721,2123.1653340000003
2021-03-19 23:00:00,4210.893017,2793.29,122.80900000000001,2017.122333
2021-03-20 00:00:00,3779.911017,2615.513,102.86,1855.668999
2021-03-20 01:00:00,3319.626018,2399.2403329999997,97.97500000000001,1687.7869999999998
2021-03-20 02:00:00,3081.093018,2162.2799999999997,94.888,1539.2543329999999
2021-03-20 03:00:00,2903.546684,2032.815,82.11200000000001,1474.3999999999999
2021-03-20 04:00:00,2842.07135,1981.2959999999998,92.072,1445.4410010000001
2021-03-20 05:00:00,2908.9553509999996,1984.2450000000001,86.63400000000001,1440.944333
2021-03-20 06:00:00,3011.4263499999997,2015.2710000000002,89.728,1481.877332
2021-03-20 07:00:00,3330.798351,2176.212,108.49999999999999,1619.2713330000001
2021-03-20 08:00:00,3837.219017,2468.196,117.039,1859.0843340000001
2021-03-20 09:00:00,4272.0230169999995,2720.554,120.5,1973.639333
2021-03-20 10:00:00,4612.404017000001,2891.924,125.264,2121.666667
2021-03-20 11:00:00,4897.877017999999,3026.5873329999995,130.832,2223.948667
2021-03-20 12:00:00,4940.4190180000005,3048.111333,128.125,2235.647333
2021-03-20 13:00:00,4677.39035,3039.327,147.621,2227.598333
2021-03-20 14:00:00,4638.935351,2911.654,142.228,2223.336667
2021-03-20 15:00:00,4444.769685,2845.8229999999994,132.57299999999998,2156.469333
2021-03-20 16:00:00,4503.42435,2872.873,143.18799999999996,2153.325667
2021-03-20 17:00:00,4446.26835,2880.266,125.2,2169.902
2021-03-20 18:00:00,4706.051350000001,2956.936334,138.08699999999996,2224.130333
2021-03-20 19:00:00,4670.103016999999,2989.96,140.536,2251.2340000000004
2021-03-20 20:00:00,4811.589683,3062.563,126.212,2353.2556670000004
2021-03-20 21:00:00,4873.784351,3033.7909999999997,136.96,2330.7110000000002
2021-03-20 22:00:00,4549.879684,2867.7349999999997,152.293,2185.2826669999995
2021-03-20 23:00:00,4064.111683,2730.609,128.132,2034.3220000000001
2021-03-21 00:00:00,3730.890351,2534.827,119.893,1869.9296669999999
2021-03-21 01:00:00,3363.4776840000004,2327.157,95.604,1686.8493330000001
2021-03-21 02:00:00,3130.6703509999998,2217.0869999999995,91.447,1597.144333
2021-03-21 03:00:00,2966.854684,2080.6009999999997,96.114,1473.268667
2021-03-21 04:00:00,2892.197684,2034.152,88.945,1435.5786670000002
2021-03-21 05:00:00,2869.822184,2002.926,89.34,1436.104333
2021-03-21 06:00:00,2989.875184,2080.6400000000003,90.38000000000001,1471.947667
2021-03-21 07:00:00,3252.269018,2134.473,101.95500000000001,1567.084667
2021-03-21 08:00:00,3777.915684,2411.142,117.30699999999999,1822.576
2021-03-21 09:00:00,4302.337185,2731.241,110.42899999999999,2044.604667
2021-03-21 10:00:00,4634.401017,2882.708,158.71599999999998,2196.4363329999996
2021-03-21 11:00:00,4944.598017,3006.9660000000003,166.616,2290.813999
2021-03-21 12:00:00,4946.510351,3008.9809999999998,147.864,2314.125
2021-03-21 13:00:00,4838.814184000001,2933.45,117.566,2247.1646659999997
2021-03-21 14:00:00,4767.807349999999,2975.143,132.38400000000001,2205.0523329999996
2021-03-21 15:00:00,4755.180684000001,3115.217,126.40599999999999,2248.816667
2021-03-21 16:00:00,4870.731017,3062.669,141.233,2338.5663329999998
2021-03-21 17:00:00,5013.591350000001,3131.8199999999997,151.713,2423.188333
2021-03-21 18:00:00,5409.758683,3240.8379999999997,165.65699999999998,2527.816667
2021-03-21 19:00:00,5360.275351,3361.081,159.73999999999998,2539.881
2021-03-21 20:00:00,5346.186018,3403.767,180.60899999999998,2570.536
2021-03-21 21:00:00,5214.568018,3296.645,169.10999999999999,2527.1440000000002
2021-03-21 22:00:00,4848.927017,3119.4770000000003,150.04399999999998,2355.548666
2021-03-21 23:00:00,4412.267017,2873.397,141.075,2110.112
2021-03-22 00:00:00,3777.78435,2604.303,97.529,1885.863667
2021-03-22 01:00:00,3415.42285,2398.9529999999995,102.22500000000001,1703.9696669999998
2021-03-22 02:00:00,3183.690183,2206.019,85.99199999999999,1556.815
2021-03-22 03:00:00,3058.7860170000004,2101.2529999999997,83.324,1514.422667
2021-03-22 04:00:00,2991.353851,2013.687,85.53700000000002,1467.9293320000002
2021-03-22 05:00:00,3162.226518,2099.95,86.241,1517.231999
2021-03-22 06:00:00,3439.8891830000002,2242.594,93.97400000000002,1625.728999
2021-03-22 07:00:00,3861.6795170000005,2408.788,93.855,1798.6856670000002
2021-03-22 08:00:00,4118.627351,2552.794,131.85699999999997,1936.621667
2021-03-22 09:00:00,4421.068851,2749.338667,146.32399999999998,2022.457333
2021-03-22 10:00:00,4591.3445169999995,2851.460333,133.473,2097.094333
2021-03-22 11:00:00,4650.323684,2814.9,140.66700000000003,2082.418
2021-03-22 12:00:00,4536.726852,2729.149,143.08400000000003,2068.406667
2021-03-22 13:00:00,4430.784184,2715.094,109.20900000000002,2048.452333
2021-03-22 14:00:00,4275.3710169999995,2605.014666,103.801,1957.806
2021-03-22 15:00:00,4113.869018,2603.8813339999997,109.01400000000001,1931.186999
2021-03-22 16:00:00,4063.053017,2617.67,103.745,1963.2640000000001
2021-03-22 17:00:00,4370.781017,2721.636,119.81,2105.812667
2021-03-22 18:00:00,4804.802017,2897.8559999999998,122.92200000000001,2283.489667
2021-03-22 19:00:00,5038.689017000001,3042.501,128.64700000000002,2357.3779999999997
2021-03-22 20:00:00,5014.899351,3088.186,143.345,2462.675334
2021-03-22 21:00:00,5045.297017,3191.7726669999997,147.174,2389.0080009999997
2021-03-22 22:00:00,4724.64635,3120.048,147.67600000000002,2323.4906659999997
2021-03-22 23:00:00,4205.812685000001,2861.248,123.631,2147.463667
2021-03-23 00:00:00,3724.1830170000003,2647.407,116.954,1908.729667
2021-03-23 01:00:00,3359.607683,2501.542,113.46,1754.808333
2021-03-23 02:00:00,3143.271185,2327.5916669999997,116.576,1652.803334
2021-03-23 03:00:00,2987.702351,2229.607333,96.14499999999998,1541.457335
2021-03-23 04:00:00,3020.0693499999998,2192.407,108.64300000000001,1526.589668
2021-03-23 05:00:00,3219.2320170000003,2252.491,109.026,1625.4173340000002
2021-03-23 06:00:00,3514.562017,2430.6270000000004,110.832,1728.757333
2021-03-23 07:00:00,3928.9143510000004,2668.6809999999996,127.50099999999998,1842.742334
2021-03-23 08:00:00,4244.792017,2799.902,147.60699999999997,2084.2749989999998
2021-03-23 09:00:00,4413.071017,2854.4410000000003,128.721,2063.8879989999996
2021-03-23 10:00:00,4395.227349999999,2793.68,113.05199999999999,2037.608333
2021-03-23 11:00:00,4426.843849999999,2789.094,114.79899999999999,2055.0440009999998
2021-03-23 12:00:00,4296.891850999999,2790.800333,142.802,2073.2216670000003
2021-03-23 13:00:00,4219.802684,2729.3599999999997,132.327,2022.533332
2021-03-23 14:00:00,3943.5133509999996,2572.04,106.75000000000001,1808.6643330000002
2021-03-23 15:00:00,3722.536517,2330.821,96.84599999999999,1749.0096669999998
2021-03-23 16:00:00,3586.765518,2259.227,91.131,1714.596333
2021-03-23 17:00:00,3793.863684,2319.7219999999998,78.67200000000001,1743.952667
2021-03-23 18:00:00,3988.4108509999996,2431.130333,101.89299999999999,1850.030667
2021-03-23 19:00:00,4258.060351,2645.325333,103.208,1995.5086669999998
2021-03-23 20:00:00,4520.407684,2760.583001,96.79700000000001,2137.059
2021-03-23 21:00:00,4689.3315170000005,2921.029,123.28299999999999,2163.2923330000003
2021-03-23 22:00:00,4450.652851,2900.907333,146.285,2111.7619999999997
2021-03-23 23:00:00,4068.1508510000003,2697.4726680000003,113.25200000000001,1987.648333
2021-03-24 00:00:00,3563.288517,2483.196001,96.676,1741.988
2021-03-24 01:00:00,3098.337733,2221.553001,87.20199999999998,1585.735333
2021-03-24 02:00:00,2867.9854000000005,2045.231,81.581,1507.0863330000002
2021-03-24 03:00:00,2771.0440670000003,1957.6076659999999,83.34400000000001,1428.633
2021-03-24 04:00:00,2786.0419,1914.5510009999998,81.38799999999999,1358.342
2021-03-24 05:00:00,2887.2583999999997,2005.116333,77.297,1410.465333
2021-03-24 06:00:00,3205.145233,2109.651001,88.28699999999999,1502.7903340000003
2021-03-24 07:00:00,3636.756399,2304.427333,121.48099999999998,1669.1830009999999
2021-03-24 08:00:00,3969.6569,2493.7129999999997,121.45100000000002,1840.4410010000001
2021-03-24 09:00:00,4276.116733000001,2603.19,133.892,1925.2669999999998
2021-03-24 10:00:00,4350.796566999999,2716.931,142.51399999999998,1963.716
2021-03-24 11:00:00,4508.573399999999,2832.384,130.80399999999997,2075.572
2021-03-24 12:00:00,4684.3409,2876.875,134.727,2156.485333
2021-03-24 13:00:00,4671.0284,2916.433,149.41800000000003,2187.463667
2021-03-24 14:00:00,4637.181567,2979.2079999999996,132.676,2219.233
2021-03-24 15:00:00,4673.225233000001,2889.099,151.059,2193.602333
2021-03-24 16:00:00,4642.902566999999,2971.2419999999997,140.81499999999997,2203.8963329999997
2021-03-24 17:00:00,4871.9739,2999.546,143.58100000000002,2261.485667
2021-03-24 18:00:00,5248.3879,3231.6560000000004,157.853,2425.6589999999997
2021-03-24 19:00:00,5228.564566999999,3324.9970000000003,161.426,2512.337333
2021-03-24 20:00:00,5213.495734,3245.465,157.006,2506.888333
2021-03-24 21:00:00,5111.223733,3344.779,159.71100000000004,2495.7256669999997
2021-03-24 22:00:00,4749.0629,3121.813,133.106,2280.583667
2021-03-24 23:00:00,4256.3219,2879.4249999999997,129.40500000000003,2051.9576669999997
2021-03-25 00:00:00,3756.8054,2643.7789999999995,132.64800000000002,1851.5476669999998
2021-03-25 01:00:00,3352.1385659999996,2385.862,91.68599999999999,1704.8686659999998
2021-03-25 02:00:00,3064.406233,2196.472,92.53999999999999,1524.038
2021-03-25 03:00:00,2986.1862330000004,2079.566,86.108,1474.9389999999999
2021-03-25 04:00:00,2947.0464,2075.551,111.568,1426.780667
2021-03-25 05:00:00,3075.7549,2089.746,89.682,1476.321667
2021-03-25 06:00:00,3374.367733,2240.7110000000002,86.37399999999998,1567.694334
2021-03-25 07:00:00,3756.9880670000002,2401.12,108.97899999999998,1768.408667
2021-03-25 08:00:00,4033.126567,2605.829,120.26300000000002,1908.214667
2021-03-25 09:00:00,4336.194399999999,2630.1276669999997,134.15000000000003,1987.380333
2021-03-25 10:00:00,4354.701233,2713.967667,127.50200000000001,2037.678333
2021-03-25 11:00:00,4392.772067,2729.768,137.124,2002.0749999999998
2021-03-25 12:00:00,4439.926233,2647.71,134.635,2033.625667
2021-03-25 13:00:00,4378.363567,2711.016,133.22099999999998,2084.483333
2021-03-25 14:00:00,4213.9694,2572.3289999999997,115.91199999999998,2012.588
2021-03-25 15:00:00,4084.593734,2499.281,107.133,1959.003333
2021-03-25 16:00:00,3955.585566,2466.978,104.95299999999999,1902.999333
2021-03-25 17:00:00,4196.474567,2515.3810000000003,114.499,2022.061333
2021-03-25 18:00:00,4503.991233000001,2751.427,118.61299999999999,2109.1459999999997
2021-03-25 19:00:00,4662.680067,2818.8,153.89299999999997,2225.040333
2021-03-25 20:00:00,4837.8954,2930.46,151.85399999999998,2255.2946669999997
2021-03-25 21:00:00,4840.2889000000005,3066.973999,126.573,2243.0993329999997
2021-03-25 22:00:00,4396.8074,2921.441,128.25,2172.914
2021-03-25 23:00:00,4066.033067,2741.2129999999997,123.647,2009.3339999999998
2021-03-26 00:00:00,3612.8110659999998,2483.0893340000002,106.292,1750.384
2021-03-26 01:00:00,3170.9184,2220.790333,97.77799999999999,1618.199001
2021-03-26 02:00:00,2888.665734,2092.508,83.048,1476.2450009999998
2021-03-26 03:00:00,2802.724068,1964.6453339999998,75.89599999999999,1415.964
2021-03-26 04:00:00,2758.376734,1916.8383350000001,92.34700000000001,1396.314333
2021-03-26 05:00:00,2942.0009,2000.788667,93.377,1446.4086670000002
2021-03-26 06:00:00,3303.582066,2142.428,86.115,1573.5900000000001
2021-03-26 07:00:00,3668.295733,2362.821,95.33800000000001,1701.770667
2021-03-26 08:00:00,4028.4129,2563.365,116.77400000000003,1878.820667
2021-03-26 09:00:00,4262.053734,2570.1090000000004,136.807,1908.304667
2021-03-26 10:00:00,4342.2660670000005,2688.482,132.325,1960.438
2021-03-26 11:00:00,4269.685733,2571.3830000000003,111.85499999999999,1959.4606669999998
2021-03-26 12:00:00,4169.8114000000005,2586.188,116.87899999999999,1907.708667
2021-03-26 13:00:00,4135.791567,2597.318668,103.40399999999998,1924.493
2021-03-26 14:00:00,4053.5832339999997,2538.687666,102.91700000000002,1911.490333
2021-03-26 15:00:00,3826.701234,2413.443332,95.632,1856.155
2021-03-26 16:00:00,3861.251401,2317.085,88.41399999999999,1697.941667
2021-03-26 17:00:00,3835.093567,2324.9756669999997,85.79099999999998,1697.219
2021-03-26 18:00:00,4036.970067,2432.3689999999997,93.519,1733.501333
2021-03-26 19:00:00,4263.255066,2505.2723340000002,109.49799999999999,1822.3576669999998
2021-03-26 20:00:00,4462.508067,2611.8869999999997,112.07000000000001,1963.0296670000002
2021-03-26 21:00:00,4476.160733000001,2718.031,141.07199999999997,2009.473
2021-03-26 22:00:00,4237.250400000001,2748.414,117.323,1986.655333
2021-03-26 23:00:00,3942.4415670000003,2522.8559999999998,113.74499999999999,1886.7290000000003
2021-03-27 00:00:00,3568.6755670000002,2314.1220000000003,103.74100000000001,1772.896
2021-03-27 01:00:00,3156.537399,2127.75,88.371,1600.116
2021-03-27 02:00:00,2959.0353999999998,1967.3690000000001,84.58800000000001,1404.882334
2021-03-27 03:00:00,2835.3044,1925.7160009999998,82.475,1364.015667
2021-03-27 04:00:00,2745.0337339999996,1904.0519990000003,79.926,1360.572667
2021-03-27 05:00:00,2835.0183990000005,1960.893667,88.85300000000001,1388.271667
2021-03-27 06:00:00,3087.549899,2017.453,91.432,1474.429
2021-03-27 07:00:00,3401.9970670000002,2172.381,107.429,1589.0749999999998
2021-03-27 08:00:00,3922.987568,2466.2799999999997,113.436,1758.325667
2021-03-27 09:00:00,4341.272067,2632.706,124.675,1993.0479999999998
2021-03-27 10:00:00,4509.496401,2729.264,112.78800000000001,2061.378333
2021-03-27 11:00:00,4390.013234,2651.973,110.59400000000001,2066.831667
2021-03-27 12:00:00,4227.9079,2569.896,88.81700000000001,1974.283333
2021-03-27 13:00:00,4099.925566,2416.304,81.143,1821.464333
2021-03-27 14:00:00,3774.005067,2250.822,91.597,1754.319667
2021-03-27 15:00:00,3664.121233,2125.24,79.10399999999998,1596.049333
2021-03-27 16:00:00,3547.7652339999995,2028.015,78.965,1564.611667
2021-03-27 17:00:00,3494.9484,2022.059,92.433,1594.2453329999998
2021-03-27 18:00:00,3685.8915669999997,2078.3729999999996,80.44899999999998,1623.4979999999998
2021-03-27 19:00:00,3841.6854,2169.272,79.912,1742.192
2021-03-27 20:00:00,4004.5463999999997,2299.458,82.886,1781.630667
2021-03-27 21:00:00,4084.7625669999998,2439.1719999999996,89.28099999999999,1876.8210000000001
2021-03-27 22:00:00,3847.0945659999998,2410.6989999999996,90.156,1826.420667
2021-03-27 23:00:00,3573.614066,2292.398,89.942,1732.159
2021-03-28 00:00:00,3211.546067,2079.251,73.55,1638.255667
2021-03-28 01:00:00,2878.530013,1844.854,71.41199999999999,1442.902667
2021-03-28 02:00:00,2656.900513,1733.555,60.729,1313.7456670000001
2021-03-28 03:00:00,2493.454179,1666.4589999999998,62.924,1240.177666
2021-03-28 04:00:00,2452.153345,1659.605,61.023999999999994,1205.249333
2021-03-28 05:00:00,2480.9528469999996,1646.8919999999998,57.714000000000006,1222.476666
2021-03-28 06:00:00,2695.983346,1738.7269999999999,68.145,1292.837667
2021-03-28 07:00:00,2976.000013,1855.179,77.56599999999999,1356.2056670000002
2021-03-28 08:00:00,3393.804258,2107.66,89.09400000000001,1546.005
2021-03-28 09:00:00,3962.154924,2405.678,106.42999999999999,1796.649667
2021-03-28 10:00:00,4247.326926,2537.2780000000002,123.68799999999999,1873.551
2021-03-28 11:00:00,4602.309925,2716.077,125.65100000000001,2003.3016670000002
2021-03-28 12:00:00,4860.288592000001,2842.429,127.34900000000002,2170.498333
2021-03-28 13:00:00,4981.268258,2976.937,160.73899999999998,2250.969333
2021-03-28 14:00:00,5039.993425000001,3043.222,137.956,2357.148
2021-03-28 15:00:00,4966.7180929999995,2938.59,154.845,2377.5276670000003
2021-03-28 16:00:00,4913.673592,3069.2110000000002,163.54500000000002,2379.041667
2021-03-28 17:00:00,5130.680425,3147.467,166.03199999999998,2465.793333
2021-03-28 18:00:00,5405.710257000001,3300.0739999999996,166.537,2562.0146670000004
2021-03-28 19:00:00,5302.824426,3372.541,149.75099999999998,2517.5370000000003
2021-03-28 20:00:00,5363.381927,3328.04,146.677,2491.339
2021-03-28 21:00:00,5363.074425000001,3398.2830000000004,167.527,2529.553333
2021-03-28 22:00:00,4974.619425,3289.058,142.284,2520.577
2021-03-28 23:00:00,4320.532092,3033.6040000000003,135.065,2260.537667
2021-03-29 00:00:00,3847.388591,2659.0510000000004,125.28099999999999,1957.907667
2021-03-29 01:00:00,3488.078423,2423.7250000000004,106.394,1742.464334
2021-03-29 02:00:00,3208.248758,2291.3959999999997,101.08000000000001,1632.806667
2021-03-29 03:00:00,3125.3352590000004,2222.495667,91.799,1541.9283329999998
2021-03-29 04:00:00,3177.8398450000004,2164.048,99.199,1550.429666
2021-03-29 05:00:00,3287.741181,2240.4539999999997,103.303,1612.2853329999998
2021-03-29 06:00:00,3697.6231799999996,2444.617,121.62800000000001,1762.6073330000002
2021-03-29 07:00:00,4176.143511,2674.871,125.672,1968.630667
2021-03-29 08:00:00,4484.514013,2882.804,161.47799999999998,2158.828667
2021-03-29 09:00:00,4747.919180000001,2976.508,138.45700000000002,2204.328666
2021-03-29 10:00:00,4857.7944,3019.734,137.597,2232.8900000000003
2021-03-29 11:00:00,4757.547565999999,3010.603,119.831,2207.827
2021-03-29 12:00:00,4770.513475,3049.566,124.30399999999999,2228.5383330000004
2021-03-29 13:00:00,4702.408762999999,2859.6049999999996,146.956,2180.833332
2021-03-29 14:00:00,4512.165684,2702.297,149.40099999999998,2058.103667
2021-03-29 15:00:00,4204.934684,2622.717,111.056,1953.0006670000002
2021-03-29 16:00:00,4155.833350999999,2549.7529999999997,109.032,1983.747
2021-03-29 17:00:00,4248.89335,2603.572,104.25499999999998,2002.702667
2021-03-29 18:00:00,4555.937685,2695.72,92.51599999999999,2093.271667
2021-03-29 19:00:00,4634.906018,2862.175,106.44000000000001,2194.754333
2021-03-29 20:00:00,4934.788685,3123.115,144.66700000000003,2347.814667
2021-03-29 21:00:00,5098.590016,3323.4199999999996,145.686,2435.596667
2021-03-29 22:00:00,4784.850685,3148.053,163.99999999999997,2277.880665
2021-03-29 23:00:00,4299.699352,2852.1279999999997,138.438,2164.620667
2021-03-30 00:00:00,3744.104087,2628.265,120.949,1948.691333
2021-03-30 01:00:00,3470.6099999999997,2462.663333,110.827,1768.5093339999999
2021-03-30 02:00:00,3213.114501,2327.765334,101.512,1636.324001
2021-03-30 03:00:00,3167.5209999999997,2254.7030000000004,95.647,1620.1680000000001
2021-03-30 04:00:00,3210.959166,2258.3779999999997,108.55399999999999,1609.779
2021-03-30 05:00:00,3364.5663329999998,2352.269666,127.748,1691.2469999999998
2021-03-30 06:00:00,3810.318833,2544.915999,138.607,1862.878667
2021-03-30 07:00:00,4389.742,2818.958666,160.27700000000002,2050.706667
2021-03-30 08:00:00,4770.322667,3071.5950000000003,174.76299999999998,2256.420666
2021-03-30 09:00:00,4839.135668000001,3086.486,162.661,2303.770001
2021-03-30 10:00:00,4754.838334,2974.969,143.34,2219.1853330000004
2021-03-30 11:00:00,4743.063667,2955.254333,154.887,2132.747667
2021-03-30 12:00:00,4497.080999,2843.7796670000002,134.442,2089.6946660000003
2021-03-30 13:00:00,4396.603333999999,2692.5386670000003,144.00099999999998,1977.041999
2021-03-30 14:00:00,4021.460834,2543.501667,135.058,1895.016665
2021-03-30 15:00:00,3774.7799999999997,2433.8689999999997,108.81,1802.832666
2021-03-30 16:00:00,3743.9743339999995,2397.244,104.827,1736.076333
2021-03-30 17:00:00,3852.330666,2420.3759999999997,97.725,1831.7146670000002
2021-03-30 18:00:00,4216.060998999999,2554.7653330000003,84.097,1935.5953330000002
2021-03-30 19:00:00,4415.408334,2744.209,105.64900000000002,2092.609333
2021-03-30 20:00:00,4642.414667000001,2811.9216669999996,111.89299999999999,2237.316001
2021-03-30 21:00:00,4790.822332,3016.533,116.30199999999999,2273.2966659999997
2021-03-30 22:00:00,4554.1566680000005,2954.927333,123.726,2201.111667
2021-03-30 23:00:00,4017.163334,2719.2803329999997,114.88100000000001,2010.5339999999999
2021-03-31 00:00:00,3535.202,2500.9539999999997,108.491,1802.47
2021-03-31 01:00:00,3203.23,2316.657,102.02799999999999,1658.844333
2021-03-31 02:00:00,2981.615001,2177.6540000000005,102.197,1517.6100000000001
2021-03-31 03:00:00,2978.3866670000007,2114.4030000000002,93.94600000000001,1499.106
2021-03-31 04:00:00,2977.648666,2124.553,100.43299999999999,1534.7510000000002
2021-03-31 05:00:00,3136.542666,2218.762,97.68000000000002,1602.855333
2021-03-31 06:00:00,3581.4083330000003,2396.477,124.688,1722.455001
2021-03-31 07:00:00,4097.530667,2662.883333,129.981,1966.9953340000002
2021-03-31 08:00:00,4390.944001,2874.8976669999997,153.85700000000003,2100.777
2021-03-31 09:00:00,4628.635333,2805.5380000000005,135.748,2108.941333
2021-03-31 10:00:00,4548.948,2726.525,141.81000000000003,2076.770333
2021-03-31 11:00:00,4334.165667,2591.3070000000002,109.49900000000001,1999.336
2021-03-31 12:00:00,4129.826333999999,2469.486,101.36899999999999,1858.465667
2021-03-31 13:00:00,3827.536333,2345.852,93.647,1756.837
2021-03-31 14:00:00,3567.694,2103.9303330000002,93.33599999999998,1653.129
2021-03-31 15:00:00,3382.2556669999994,1999.133666,97.827,1589.1136660000002
2021-03-31 16:00:00,3364.7873339999996,1943.543667,71.961,1511.519333
2021-03-31 17:00:00,3431.4636659999996,1965.989333,62.648,1547.807667
2021-03-31 18:00:00,3671.455334,2107.559333,66.79899999999999,1629.2559999999999
2021-03-31 19:00:00,3873.487,2183.354,62.963,1817.034333
2021-03-31 20:00:00,4318.369,2317.5739999999996,77.726,1923.736333
2021-03-31 21:00:00,4301.854333,2512.382,100.48,1981.9116669999999
2021-03-31 22:00:00,3994.4196660000002,2426.745,94.69000000000001,1896.700667
2021-03-31 23:00:00,3537.107668,2307.743667,113.93299999999999,1682.2396669999998
2021-04-01 00:00:00,3001.449334,2062.693667,87.19500000000001,1483.9826669999998
2021-04-01 01:00:00,2653.755666,1830.1893329999998,54.602000000000004,1308.679333
2021-04-01 02:00:00,2425.072,1724.0426659999998,60.073,1233.1036669999999
2021-04-01 03:00:00,2410.845333,1663.678,50.031,1213.884
2021-04-01 04:00:00,2327.762001,1689.204,62.98600000000001,1220.532667
2021-04-01 05:00:00,2509.9243340000003,1813.9063339999998,58.696999999999996,1249.327667
2021-04-01 06:00:00,2916.4669999999996,1915.153333,66.882,1391.540667
2021-04-01 07:00:00,3456.541332,2156.583001,94.401,1534.236
2021-04-01 08:00:00,3816.631667,2375.288,97.23,1742.189334
2021-04-01 09:00:00,3963.611334,2444.0060000000003,105.823,1818.710333
2021-04-01 10:00:00,3889.451,2333.7599999999998,98.65400000000001,1764.597333
2021-04-01 11:00:00,3708.766332,2255.202,100.94200000000001,1678.634
2021-04-01 12:00:00,3540.470333,2140.766,74.21500000000002,1632.336667
2021-04-01 13:00:00,3508.0530009999998,2072.956,79.279,1570.3883329999999
2021-04-01 14:00:00,3361.162668,1966.201,79.57900000000002,1486.9229999999998
2021-04-01 15:00:00,3274.0243339999997,1828.126,55.013999999999996,1434.7893330000002
2021-04-01 16:00:00,3249.406333,1865.407,57.803000000000004,1478.6373330000001
2021-04-01 17:00:00,3412.8143330000003,2002.096,63.167,1555.735333
2021-04-01 18:00:00,3741.313999,2081.5789999999997,81.20400000000001,1635.4103329999998
2021-04-01 19:00:00,3958.287334,2249.960333,82.571,1780.648333
2021-04-01 20:00:00,4054.645667,2366.157001,84.23600000000002,1832.159667
2021-04-01 21:00:00,4184.419,2501.319999,97.09799999999998,1894.044333
2021-04-01 22:00:00,3908.3500000000004,2368.261333,77.09800000000001,1849.302
2021-04-01 23:00:00,3455.461666,2174.925333,69.097,1689.958
2021-04-02 00:00:00,2961.6043339999997,1929.0733340000002,75.22900000000001,1459.028
2021-04-02 01:00:00,2590.547333,1755.7076670000001,69.223,1317.9083329999999
2021-04-02 02:00:00,2386.837335,1670.0283330000002,47.89600000000001,1195.0000009999999
2021-04-02 03:00:00,2338.853,1595.675999,51.43,1138.524667
2021-04-02 04:00:00,2345.513667,1618.754334,58.284000000000006,1159.780666
2021-04-02 05:00:00,2514.142331,1689.44,64.14,1212.8676679999999
2021-04-02 06:00:00,2924.459333,1854.05,78.683,1348.159667
2021-04-02 07:00:00,3439.213667,2130.524,90.57499999999999,1568.3236670000001
2021-04-02 08:00:00,3885.804333,2355.324,95.775,1784.647667
2021-04-02 09:00:00,4092.8873320000002,2408.178,97.90700000000002,1763.599667
2021-04-02 10:00:00,4065.483,2329.521,101.297,1774.1779999999999
2021-04-02 11:00:00,3987.607666,2355.6969999999997,93.781,1815.323334
2021-04-02 12:00:00,3712.6310009999997,2208.1589999999997,89.392,1739.614333
2021-04-02 13:00:00,3677.848,2132.757,64.909,1702.417999
2021-04-02 14:00:00,3514.587333,2057.346333,63.69800000000001,1626.0259999999998
2021-04-02 15:00:00,3410.987166,2048.79,63.410000000000004,1529.2016669999998
2021-04-02 16:00:00,3373.9441670000006,1956.7450000000001,66.97899999999998,1549.2330000000002
2021-04-02 17:00:00,3427.273668,1931.147,62.940999999999995,1635.608999
2021-04-02 18:00:00,3733.984666,1942.2549999999999,83.562,1625.069332
2021-04-02 19:00:00,3802.135001,2160.452,76.01,1700.463334
2021-04-02 20:00:00,3991.4845,2330.29,84.96300000000001,1796.450001
2021-04-02 21:00:00,4097.238667,2413.622,91.193,1862.5713329999999
2021-04-02 22:00:00,3827.171333,2297.098,95.79699999999998,1797.910332
2021-04-02 23:00:00,3524.4353340000002,2194.0609999999997,90.537,1625.641
2021-04-03 00:00:00,3063.6459990000003,1955.96,82.51899999999999,1449.9250000000002
2021-04-03 01:00:00,2701.578,1807.9650000000001,65.052,1348.0149999999999
2021-04-03 02:00:00,2458.067167,1695.056,52.418,1244.813666
2021-04-03 03:00:00,2354.513667,1642.6640000000002,60.604,1195.428
2021-04-03 04:00:00,2344.529667,1606.792,55.508,1196.8633340000001
2021-04-03 05:00:00,2451.675,1647.4319999999998,60.75600000000001,1210.552333
2021-04-03 06:00:00,2672.1903329999996,1741.839,65.83499999999998,1296.086667
2021-04-03 07:00:00,3044.3993339999997,1884.5970000000002,88.23300000000002,1357.9589999999998
2021-04-03 08:00:00,3469.621333,2183.4300000000003,106.508,1611.148667
2021-04-03 09:00:00,3904.581334,2371.943,119.137,1776.1640000000002
2021-04-03 10:00:00,4170.947334,2532.465,126.22800000000001,1971.516667
2021-04-03 11:00:00,4346.9533329999995,2594.309333,126.00399999999999,1987.307667
2021-04-03 12:00:00,4259.887500000001,2489.4206670000003,110.839,1927.2423330000001
2021-04-03 13:00:00,4083.161499,2308.6639999999998,79.624,1825.029333
2021-04-03 14:00:00,3759.8381679999998,2209.8269999999998,64.365,1693.5423339999998
2021-04-03 15:00:00,3628.008167,2167.8450000000003,79.84100000000001,1641.919999
2021-04-03 16:00:00,3618.9390000000003,2040.313,88.814,1638.762334
2021-04-03 17:00:00,3642.732999,2006.933,81.222,1627.2673330000002
2021-04-03 18:00:00,3743.3450000000003,2099.951,84.536,1660.573
2021-04-03 19:00:00,3811.1006669999997,2153.5969999999998,67.205,1716.375
2021-04-03 20:00:00,3996.289667,2257.482,88.101,1846.1316669999999
2021-04-03 21:00:00,4107.109667,2282.293,94.054,1857.142
2021-04-03 22:00:00,3887.05,2225.9120000000003,79.26400000000001,1778.514667
2021-04-03 23:00:00,3524.8576669999998,2102.428,71.97599999999998,1688.0075
2021-04-04 00:00:00,3099.912667,1925.0140000000001,64.136,1490.174
2021-04-04 01:00:00,2707.1189999999997,1716.268,64.229,1304.4848339999999
2021-04-04 02:00:00,2451.731667,1596.621,55.193000000000005,1169.6558340000001
2021-04-04 03:00:00,2345.6186669999997,1509.016,50.440999999999995,1105.905167
2021-04-04 04:00:00,2244.274333,1435.059,49.78800000000001,1050.9714999999999
2021-04-04 05:00:00,2253.7380000000003,1423.416333,48.373,1044.8155000000002
2021-04-04 06:00:00,2394.5943340000003,1527.210667,50.89400000000001,1094.6515
2021-04-04 07:00:00,2693.818,1622.7163329999998,52.772,1208.3539999999998
2021-04-04 08:00:00,3232.911,1898.845,64.145,1398.8780000000002
2021-04-04 09:00:00,3780.856334,2188.5310000000004,86.92899999999999,1581.427
2021-04-04 10:00:00,4094.562,2443.413667,95.373,1779.645
2021-04-04 11:00:00,4208.121333,2488.1499999999996,84.581,1818.555333
2021-04-04 12:00:00,4329.897666999999,2428.595333,95.17500000000001,1859.035333
2021-04-04 13:00:00,4362.258001,2387.770333,105.08200000000001,1877.2473329999998
2021-04-04 14:00:00,4167.520667,2380.045,99.73999999999998,1856.659666
2021-04-04 15:00:00,4036.445,2379.79,107.58399999999999,1811.865667
2021-04-04 16:00:00,3851.2825000000003,2350.7999999999997,101.61900000000001,1700.918333
2021-04-04 17:00:00,3900.704,2348.994667,85.878,1773.342333
2021-04-04 18:00:00,4090.8110000000006,2384.64,95.702,1864.146667
2021-04-04 19:00:00,4195.004333,2458.984333,99.058,1903.788
2021-04-04 20:00:00,4503.932667,2615.174333,92.826,2068.5200000000004
2021-04-04 21:00:00,4661.192333,2738.188,119.35700000000001,2149.178333
2021-04-04 22:00:00,4363.686335,2641.094333,117.119,2020.298
2021-04-04 23:00:00,3800.1509990000004,2446.085667,96.12700000000001,1864.364667
2021-04-05 00:00:00,3310.265333,2203.6400000000003,96.16699999999997,1599.168667
2021-04-05 01:00:00,2966.155667,2007.101333,93.14899999999999,1436.359334
2021-04-05 02:00:00,2731.633,1858.8093330000002,68.61000000000001,1327.412
2021-04-05 03:00:00,2694.241333,1807.225,75.81599999999999,1304.404
2021-04-05 04:00:00,2736.0490010000003,1818.925,91.19099999999999,1315.593333
2021-04-05 05:00:00,2904.262666,1956.045667,89.046,1392.246333
2021-04-05 06:00:00,3332.7019999999998,2100.9763329999996,116.57999999999998,1583.3573330000002
2021-04-05 07:00:00,3949.8789989999996,2384.7163330000003,126.284,1787.6766670000002
2021-04-05 08:00:00,4304.728332000001,2660.272333,130.84799999999998,1952.6706669999999
2021-04-05 09:00:00,4373.494334,2674.919667,125.94000000000001,1968.509333
2021-04-05 10:00:00,4298.418668,2604.388667,120.01800000000001,1932.0123330000001
2021-04-05 11:00:00,4211.927667,2583.598333,100.582,1898.4279999999999
2021-04-05 12:00:00,4116.262167000001,2413.3070000000002,92.91199999999999,1859.321667
2021-04-05 13:00:00,3983.807834,2351.924333,100.526,1798.051333
2021-04-05 14:00:00,3685.217832,2183.103333,91.98500000000001,1625.738
2021-04-05 15:00:00,3476.258332,2134.777333,76.77199999999999,1560.880667
2021-04-05 16:00:00,3547.584,2026.6209999999999,78.57000000000001,1539.507
2021-04-05 17:00:00,3698.7298330000003,2087.355,76.53,1614.045667
2021-04-05 18:00:00,3860.932,2259.172667,82.41199999999998,1739.570667
2021-04-05 19:00:00,4068.497667,2363.454667,100.376,1817.356333
2021-04-05 20:00:00,4347.3215,2503.916333,102.22800000000001,1973.972667
2021-04-05 21:00:00,4456.554333,2656.336333,102.17,2059.7640009999996
2021-04-05 22:00:00,4155.083165999999,2594.871333,108.89899999999999,1978.707666
2021-04-05 23:00:00,3643.108667,2402.255667,94.58100000000002,1825.591999
2021-04-06 00:00:00,3174.931835,2117.303,73.654,1563.283999
2021-04-06 01:00:00,2771.973333,1935.366667,63.824000000000005,1426.928666
2021-04-06 02:00:00,2640.695334,1798.7269999999999,60.38699999999999,1326.808834
2021-04-06 03:00:00,2584.0299990000003,1753.024,61.339000000000006,1280.1823330000002
2021-04-06 04:00:00,2615.8329999999996,1755.366333,67.80799999999999,1268.650333
2021-04-06 05:00:00,2801.161666,1871.032,73.916,1353.2224999999999
2021-04-06 06:00:00,3210.970668,2032.2620000000002,91.63799999999999,1530.7435
2021-04-06 07:00:00,3739.4053329999997,2339.65,117.09700000000002,1672.0935
2021-04-06 08:00:00,4094.546667,2546.549,130.865,1810.6064999999999
2021-04-06 09:00:00,4158.548333000001,2536.937667,160.715,1851.9325
2021-04-06 10:00:00,4038.5066670000006,2476.346667,133.76700000000002,1828.9625
2021-04-06 11:00:00,4047.714,2349.207,107.309,1767.9144999999999
2021-04-06 12:00:00,3883.1710000000003,2254.5969999999998,103.543,1742.6265
2021-04-06 13:00:00,3715.641166,2185.614,92.514,1697.045666
2021-04-06 14:00:00,3462.7883330000004,2028.4470000000001,81.278,1618.387333
2021-04-06 15:00:00,3349.5375000000004,1955.036,72.282,1477.713667
2021-04-06 16:00:00,3307.064001,1980.069,78.423,1491.768333
2021-04-06 17:00:00,3458.4285,2004.3020000000001,74.855,1568.4263339999998
2021-04-06 18:00:00,3770.2638340000003,2150.749,74.77299999999998,1738.940333
2021-04-06 19:00:00,3946.277,2240.5739999999996,88.38499999999998,1811.3796659999998
2021-04-06 20:00:00,4132.181333,2365.6000000000004,84.513,1873.2533329999999
2021-04-06 21:00:00,4193.306334,2480.0560000000005,96.44100000000002,2039.2363329999998
2021-04-06 22:00:00,3886.8033339999997,2430.3,104.85900000000001,1836.905001
2021-04-06 23:00:00,3446.462666,2176.287,88.784,1723.725
2021-04-07 00:00:00,2974.524332,1940.2469999999998,70.271,1489.485999
2021-04-07 01:00:00,2671.4893330000004,1796.9740000000002,53.397999999999996,1352.009333
2021-04-07 02:00:00,2459.9926670000004,1665.739,62.21000000000001,1234.257001
2021-04-07 03:00:00,2371.2910010000005,1610.181,57.662,1181.3623329999998
2021-04-07 04:00:00,2401.451,1623.6950000000002,61.394000000000005,1187.892666
2021-04-07 05:00:00,2521.4356669999997,1673.0210000000002,57.330999999999996,1276.543666
2021-04-07 06:00:00,2905.246999,1866.8039999999999,78.685,1396.219999
2021-04-07 07:00:00,3431.333667,2131.8320000000003,105.181,1602.831667
2021-04-07 08:00:00,3827.226,2391.0339999999997,105.678,1777.273
2021-04-07 09:00:00,4064.117666,2444.107,142.527,1799.737333
2021-04-07 10:00:00,4133.931333,2549.45,133.66500000000002,1879.5533329999998
2021-04-07 11:00:00,4226.010001000001,2608.408,119.131,1910.084333
2021-04-07 12:00:00,4162.938,2591.105,125.947,1922.881667
2021-04-07 13:00:00,4035.913334,2501.375,127.495,1901.206667
2021-04-07 14:00:00,3888.999334,2412.3010000000004,114.271,1852.3645000000001
2021-04-07 15:00:00,3853.353667,2378.579,127.932,1833.2295
2021-04-07 16:00:00,4009.267999,2473.562,123.14700000000002,1857.212
2021-04-07 17:00:00,4286.173000000001,2530.41,124.41900000000001,2003.4744999999998
2021-04-07 18:00:00,4660.265001,2705.823,116.01499999999999,2154.9880000000003
2021-04-07 19:00:00,4803.949667,2888.916,141.556,2282.0545
2021-04-07 20:00:00,4920.627,2985.775,132.14600000000002,2357.111
2021-04-07 21:00:00,4836.874,3041.076,149.818,2259.9135
2021-04-07 22:00:00,4488.134667,2873.965,131.565,2187.849
2021-04-07 23:00:00,3985.052334,2619.3940000000002,112.58999999999999,1952.3351670000002
2021-04-08 00:00:00,3426.068333,2368.205,101.702,1711.3380000000002
2021-04-08 01:00:00,3058.7613340000003,2109.1949999999997,74.129,1514.025
2021-04-08 02:00:00,2750.6763330000003,1991.116,73.56700000000001,1382.6505
2021-04-08 03:00:00,2657.742333,1866.349,86.239,1336.1970000000001
2021-04-08 04:00:00,2660.976334,1814.8560000000002,85.923,1307.3305
2021-04-08 05:00:00,2816.795333,1875.03,76.17800000000001,1361.1315
2021-04-08 06:00:00,3133.1859999999997,2037.8589999999997,96.209,1471.164
2021-04-08 07:00:00,3626.946999,2306.494,102.03999999999999,1648.542334
2021-04-08 08:00:00,3996.4820010000003,2491.252,113.335,1806.1085
2021-04-08 09:00:00,4098.267,2468.4080000000004,111.6,1804.5810000000001
2021-04-08 10:00:00,4119.985334,2534.6,105.63300000000001,1828.961
2021-04-08 11:00:00,4010.9223340000003,2472.697,98.17099999999999,1777.3035
2021-04-08 12:00:00,4026.566,2396.917,98.00600000000001,1819.4855
2021-04-08 13:00:00,3939.5583340000003,2357.4889999999996,82.241,1789.7655
2021-04-08 14:00:00,3747.358834,2252.194,80.95799999999998,1745.654333
2021-04-08 15:00:00,3552.0370000000003,2211.9979999999996,91.66099999999999,1681.824
2021-04-08 16:00:00,3652.5710010000003,2195.236,113.10999999999999,1716.9859999999999
2021-04-08 17:00:00,3897.354666,2229.165,100.768,1777.651501
2021-04-08 18:00:00,4270.577667,2428.2549999999997,116.224,1916.8080009999999
2021-04-08 19:00:00,4396.023,2531.7110000000002,120.01500000000001,1951.320667
2021-04-08 20:00:00,4492.880000000001,2703.32,109.627,2072.837001
2021-04-08 21:00:00,4588.673666000001,2792.215,146.71200000000002,2135.681167
2021-04-08 22:00:00,4345.808666000001,2670.9139999999998,131.68800000000002,2125.617
2021-04-08 23:00:00,3924.553667,2603.2200000000003,121.82999999999998,1878.995
2021-04-09 00:00:00,3449.972667,2339.883,124.052,1650.536333
2021-04-09 01:00:00,3060.058333,2132.752,94.851,1512.397166
2021-04-09 02:00:00,2860.436001,1971.638,82.969,1438.61
2021-04-09 03:00:00,2838.191333,1944.042,94.732,1380.868333
2021-04-09 04:00:00,2889.601667,1938.85,111.05,1400.1951669999999
2021-04-09 05:00:00,3044.202332,2048.0240000000003,109.534,1471.4325
2021-04-09 06:00:00,3422.554333,2185.939,134.97399999999996,1628.4065
2021-04-09 07:00:00,3954.6316669999997,2488.934,132.095,1841.4250000000002
2021-04-09 08:00:00,4289.131332999999,2636.422,134.498,1954.7395000000001
2021-04-09 09:00:00,4442.024668,2601.621,125.114,1994.1270000000002
2021-04-09 10:00:00,4240.6883339999995,2611.7969999999996,121.868,1930.6725000000001
2021-04-09 11:00:00,4126.911333,2551.968,86.12499999999999,1898.2135
2021-04-09 12:00:00,3979.607667,2419.559,85.676,1789.1985000000002
2021-04-09 13:00:00,3796.2433330000003,2282.1759999999995,85.09400000000001,1709.0315
2021-04-09 14:00:00,3584.757667,2161.51,74.98400000000001,1700.3519999999999
2021-04-09 15:00:00,3452.027333,2050.742,76.427,1588.324
2021-04-09 16:00:00,3365.5243339999997,2026.6749999999997,69.529,1559.065
2021-04-09 17:00:00,3491.977001,2095.598,67.836,1644.2816670000002
2021-04-09 18:00:00,3739.657667,2197.4840000000004,81.704,1707.140167
2021-04-09 19:00:00,3827.4603340000003,2284.729,107.862,1777.1999999999998
2021-04-09 20:00:00,4068.031333,2442.406,115.265,1912.2150000000001
2021-04-09 21:00:00,4247.161,2642.786,106.27799999999999,2000.368
2021-04-09 22:00:00,4054.5559999999996,2600.53,107.82,1933.788
2021-04-09 23:00:00,3782.878334,2463.824,86.949,1802.727
2021-04-10 00:00:00,3461.5376669999996,2203.049,79.81,1624.632
2021-04-10 01:00:00,3110.062,1997.527,70.50200000000001,1446.549
2021-04-10 02:00:00,2855.957333,1913.357,67.522,1347.8760000000002
2021-04-10 03:00:00,2709.078666,1781.4859999999999,65.849,1287.538
2021-04-10 04:00:00,2671.532333,1757.77,68.19099999999999,1240.46
2021-04-10 05:00:00,2686.0099999999998,1741.641,70.67099999999999,1249.565
2021-04-10 06:00:00,2824.290333,1851.584,73.79399999999998,1339.102
2021-04-10 07:00:00,3135.0613329999996,1985.563,96.562,1441.904
2021-04-10 08:00:00,3630.431,2271.5820000000003,100.221,1616.411
2021-04-10 09:00:00,4104.405000000001,2452.237,131.50600000000003,1804.12
2021-04-10 10:00:00,4258.897666999999,2554.072,133.946,1895.425
2021-04-10 11:00:00,4446.456666,2657.456,122.18299999999998,1963.078
2021-04-10 12:00:00,4546.505999999999,2715.663,120.243,1958.452
2021-04-10 13:00:00,4485.368166,2679.357,113.35600000000001,1984.9859999999999
2021-04-10 14:00:00,4289.565167000001,2590.647,82.20200000000001,1920.004
2021-04-10 15:00:00,4249.846834,2576.221,89.376,1929.6100000000001
2021-04-10 16:00:00,4198.200999000001,2560.203,115.98999999999998,1927.5420000000001
2021-04-10 17:00:00,4282.5923330000005,2557.673,116.031,1967.659
2021-04-10 18:00:00,4365.949333,2627.237,130.534,2061.844
2021-04-10 19:00:00,4334.326666999999,2644.2790000000005,114.73700000000001,2050.75
2021-04-10 20:00:00,4416.625667,2762.635,102.62199999999999,2189.393
2021-04-10 21:00:00,4661.677333,2854.0679999999998,138.939,2184.326
2021-04-10 22:00:00,4447.376667,2784.203,112.83800000000001,2112.7650000000003
2021-04-10 23:00:00,4127.356333,2708.4300000000003,124.46800000000002,2006.585
2021-04-11 00:00:00,3767.0736660000002,2585.587,109.54500000000002,1813.5840000000003
2021-04-11 01:00:00,3362.087665,2326.291,95.654,1666.819
2021-04-11 02:00:00,3138.2753329999996,2195.689,88.72099999999999,1567.277
2021-04-11 03:00:00,3012.9469990000002,2130.101,112.12999999999998,1478.105
2021-04-11 04:00:00,2966.827999,2098.9750000000004,97.76299999999999,1467.053
2021-04-11 05:00:00,3047.223666,2183.9790000000003,113.60899999999998,1507.4779999999998
2021-04-11 06:00:00,3264.5173339999997,2234.383,112.47500000000001,1589.352
2021-04-11 07:00:00,3672.038333,2434.739,140.75699999999998,1731.875
2021-04-11 08:00:00,4131.625333,2723.63,147.67800000000003,1960.264
2021-04-11 09:00:00,4565.288668,2888.7309999999998,134.02199999999996,2115.343
2021-04-11 10:00:00,4612.991,2925.0950000000003,114.48200000000001,2225.159
2021-04-11 11:00:00,4696.875,2907.7110000000002,105.428,2186.2400000000002
2021-04-11 12:00:00,4491.085666000001,2863.366,98.76799999999999,2099.323
2021-04-11 13:00:00,4447.307,2732.715,88.64099999999999,1972.726
2021-04-11 14:00:00,4130.742667,2493.7870000000003,85.16,1862.2040000000002
2021-04-11 15:00:00,3893.7889999999998,2334.8,80.644,1793.8780000000002
2021-04-11 16:00:00,3754.893333,2216.965,95.67899999999999,1685.734
2021-04-11 17:00:00,3854.224334,2216.961,98.23799999999999,1714.8200000000002
2021-04-11 18:00:00,4062.105334,2280.5879999999997,105.45400000000001,1814.755
2021-04-11 19:00:00,4203.837333,2492.8360000000002,102.452,1915.2399999999998
2021-04-11 20:00:00,4368.653,2730.781,115.19900000000001,2064.1980000000003
2021-04-11 21:00:00,4669.543333,2901.724,117.90700000000001,2161.3599999999997
2021-04-11 22:00:00,4413.499,2806.807,114.69200000000001,2095.4539999999997
2021-04-11 23:00:00,3855.629667,2464.252,84.725,1860.1
2021-04-12 00:00:00,3362.9539999999997,2187.6680000000006,80.341,1653.6399999999999
2021-04-12 01:00:00,2972.732333,2022.591,65.13499999999999,1469.409
2021-04-12 02:00:00,2756.2533329999997,1866.315,76.078,1391.797
2021-04-12 03:00:00,2709.8819999999996,1822.802,78.089,1344.5900000000001
2021-04-12 04:00:00,2786.162334,1835.3780000000002,81.51800000000001,1354.672
2021-04-12 05:00:00,2892.853,1954.231,79.605,1429.926
2021-04-12 06:00:00,3281.132333,2112.005,110.235,1609.25
2021-04-12 07:00:00,3785.6620000000003,2398.791,107.11000000000001,1813.654
2021-04-12 08:00:00,4162.423333,2642.766,110.09800000000001,1959.9740000000002
2021-04-12 09:00:00,4382.831667,2696.374,151.03300000000002,1990.6879999999999
2021-04-12 10:00:00,4331.084667,2652.337,114.318,2010.893
2021-04-12 11:00:00,4112.291,2519.4120000000003,104.82300000000001,1942.6580000000001
2021-04-12 12:00:00,3981.251333,2439.4449999999997,79.537,1822.5680000000002
2021-04-12 13:00:00,3941.0786679999997,2230.981,90.422,1754.3650000000002
2021-04-12 14:00:00,3610.602001,2151.0469999999996,79.16400000000002,1647.93
2021-04-12 15:00:00,3536.8423319999997,2083.8790000000004,75.903,1591.863
2021-04-12 16:00:00,3525.710999,2032.337,78.563,1557.593
2021-04-12 17:00:00,3546.9916670000002,2111.228,75.377,1623.449
2021-04-12 18:00:00,3852.718999,2275.299,89.74099999999999,1774.932333
2021-04-12 19:00:00,4107.774667,2416.616,91.234,1921.0173329999998
2021-04-12 20:00:00,4245.018,2460.0830000000005,86.677,1996.853
2021-04-12 21:00:00,4448.2,2662.271,115.55400000000002,2086.759333
2021-04-12 22:00:00,4106.151333,2569.749,87.52600000000001,1956.327334
2021-04-12 23:00:00,3559.2916659999996,2237.136,85.247,1683.733
2021-04-13 00:00:00,3083.9006659999995,2045.405,77.95500000000001,1493.559
2021-04-13 01:00:00,2660.3766670000005,1850.0769999999998,63.846999999999994,1358.9540000000002
2021-04-13 02:00:00,2442.9929999999995,1656.8180000000002,49.031,1233.62
2021-04-13 03:00:00,2382.8863329999995,1587.79,47.477,1187.815
2021-04-13 04:00:00,2394.119667,1578.973,53.952,1171.058
2021-04-13 05:00:00,2527.982666,1693.652,60.357,1226.1419999999998
2021-04-13 06:00:00,2928.443333,1871.9590000000003,63.042,1393.5749999999998
2021-04-13 07:00:00,3400.747,2105.928,78.83500000000001,1528.824
2021-04-13 08:00:00,3741.2766669999996,2288.835,104.38000000000001,1669.7553329999998
2021-04-13 09:00:00,3874.5896669999997,2245.3999999999996,91.68700000000001,1678.366
2021-04-13 10:00:00,3799.007667,2203.148,93.77600000000001,1680.8509999999999
2021-04-13 11:00:00,3769.275,2224.5969999999998,96.64800000000001,1701.456
2021-04-13 12:00:00,3698.559,2208.207,95.282,1661.065
2021-04-13 13:00:00,3574.998334,2115.553,81.25200000000001,1600.474334
2021-04-13 14:00:00,3411.095668,2083.2870000000003,70.84000000000002,1536.9940000000001
2021-04-13 15:00:00,3307.442831,1940.304,74.814,1482.55
2021-04-13 16:00:00,3204.4449950000003,1959.627667,68.91600000000001,1495.8070000000002
2021-04-13 17:00:00,3302.759833,2016.8200000000002,78.984,1658.058
2021-04-13 18:00:00,3738.2895,2165.867,82.811,1747.542
2021-04-13 19:00:00,3934.4240000000004,2341.671,88.73899999999999,1790.909
2021-04-13 20:00:00,4142.429,2405.5919999999996,82.93499999999999,1877.1480000000001
2021-04-13 21:00:00,4327.949334,2530.667,105.61099999999999,1926.0529999999999
2021-04-13 22:00:00,3985.1703329999996,2471.738,95.505,1828.828
2021-04-13 23:00:00,3452.036333,2208.625,78.953,1684.221
2021-04-14 00:00:00,2943.0043330000003,1989.08,65.35099999999998,1524.099
2021-04-14 01:00:00,2607.493333,1829.532,55.114999999999995,1355.4786660000002
2021-04-14 02:00:00,2478.9043330000004,1695.7350000000001,55.592999999999996,1204.121333
2021-04-14 03:00:00,2398.0710010000003,1652.335,47.564,1150.1493329999998
2021-04-14 04:00:00,2420.9449999999997,1676.013,56.976000000000006,1168.548334
2021-04-14 05:00:00,2587.035667,1761.557,64.661,1249.0459999999998
2021-04-14 06:00:00,2957.813,1932.982,94.39399999999998,1382.6373330000001
2021-04-14 07:00:00,3525.902667,2161.8720000000003,98.63499999999999,1574.367334
2021-04-14 08:00:00,3844.7129999999997,2383.123,119.99499999999999,1760.134
2021-04-14 09:00:00,3913.142,2290.357,113.402,1726.6490000000001
2021-04-14 10:00:00,3754.259,2229.52,97.94399999999999,1718.7730000000001
2021-04-14 11:00:00,3683.4989990000004,2152.398,84.142,1668.325
2021-04-14 12:00:00,3579.162666,2091.2560000000003,90.465,1569.707
2021-04-14 13:00:00,3415.925333,2021.7469999999998,71.47899999999998,1479.183
2021-04-14 14:00:00,3196.603999,1933.123,62.274000000000015,1436.812
2021-04-14 15:00:00,3149.402667,1850.8919999999998,70.61200000000001,1421.441333
2021-04-14 16:00:00,3176.8109999999997,1904.6240000000003,79.26499999999999,1461.464
2021-04-14 17:00:00,3454.069,1891.415,76.80799999999999,1534.377
2021-04-14 18:00:00,3646.9656670000004,2008.561,65.75399999999999,1629.0140000000001
2021-04-14 19:00:00,3831.0346670000004,2155.322,73.69299999999998,1683.5880000000002
2021-04-14 20:00:00,3851.1530000000002,2203.014,75.29100000000001,1745.7730000000001
2021-04-14 21:00:00,4131.799333000001,2311.018,83.775,1814.621
2021-04-14 22:00:00,3904.519,2252.378334,87.017,1781.806
2021-04-14 23:00:00,3364.985666,2012.4940000000001,78.72600000000001,1561.421
2021-04-15 00:00:00,2883.992001,1843.743335,68.063,1335.016
2021-04-15 01:00:00,2514.6980009999997,1629.5776660000001,57.965999999999994,1205.187
2021-04-15 02:00:00,2277.789667,1513.2350000000001,47.918,1078.567
2021-04-15 03:00:00,2210.4959999999996,1484.424333,49.247,1058.6480000000001
2021-04-15 04:00:00,2200.902666,1467.963333,52.93,1057.343
2021-04-15 05:00:00,2271.635666,1547.956666,49.4,1087.786
2021-04-15 06:00:00,2642.219666,1651.3809999999999,48.722,1226.312
2021-04-15 07:00:00,3161.5579989999997,1900.0993330000001,75.444,1434.8029999999999
2021-04-15 08:00:00,3421.371,2042.7683339999999,77.679,1572.772
2021-04-15 09:00:00,3626.3450000000003,2027.276,80.759,1541.828
2021-04-15 10:00:00,3479.7120000000004,2054.68,94.394,1524.913
2021-04-15 11:00:00,3389.8803340000004,2018.2649999999999,80.883,1539.332667
2021-04-15 12:00:00,3329.11,1960.33,90.08999999999999,1486.790333
2021-04-15 13:00:00,3263.87,1925.451,85.49000000000001,1445.125667
2021-04-15 14:00:00,3187.469333,1887.326,75.259,1396.661
2021-04-15 15:00:00,3101.724,1816.278,60.843,1363.741
2021-04-15 16:00:00,3180.281,1822.852,62.923,1379.3980000000001
2021-04-15 17:00:00,3415.4588329999997,1933.4470000000001,61.256,1445.2730000000001
2021-04-15 18:00:00,3785.7076669999997,2011.93,63.58599999999999,1561.105667
2021-04-15 19:00:00,3898.519666,2128.001667,71.62800000000001,1626.0259999999998
2021-04-15 20:00:00,4077.0905,2188.586666,70.46799999999999,1697.6583329999999
2021-04-15 21:00:00,4124.552,2263.304,76.736,1758.186999
2021-04-15 22:00:00,3847.1543330000004,2112.455,92.03499999999998,1748.039667
2021-04-15 23:00:00,3391.7983330000006,1952.9343330000002,69.905,1543.4806660000002
2021-04-16 00:00:00,2881.4296670000003,1674.320667,54.30099999999999,1321.698001
2021-04-16 01:00:00,2468.5919999999996,1486.414,43.14899999999999,1126.147
2021-04-16 02:00:00,2206.310999,1378.817,44.066,1049.016001
2021-04-16 03:00:00,2075.3869999999997,1301.7589990000001,41.84499999999999,972.771667
2021-04-16 04:00:00,2050.731333,1264.661001,39.058,938.97
2021-04-16 05:00:00,2120.673,1311.2976680000002,45.016999999999996,1005.0609999999999
2021-04-16 06:00:00,2338.485,1480.212333,46.660999999999994,1123.449333
2021-04-16 07:00:00,2855.1243329999998,1701.642333,57.09199999999999,1253.174333
2021-04-16 08:00:00,3143.3053330000002,1879.6979999999999,61.205000000000005,1433.9460000000001
2021-04-16 09:00:00,3322.575001,1858.316,48.741,1472.996333
2021-04-16 10:00:00,3301.174333,1810.376,58.041,1471.868334
2021-04-16 11:00:00,3200.6943330000004,1827.83,61.097,1448.6019999999999
2021-04-16 12:00:00,3204.244334,1843.8179999999998,63.710000000000015,1384.527667
2021-04-16 13:00:00,3234.974333,1833.5929999999998,57.22,1457.034667
2021-04-16 14:00:00,3226.9336670000002,1819.359,54.925000000000004,1456.066667
2021-04-16 15:00:00,3255.217166,1750.998,54.17200000000001,1459.473
2021-04-16 16:00:00,3331.868001,1800.531,71.54700000000001,1399.1126669999999
2021-04-16 17:00:00,3573.652667,1866.8609999999999,69.18299999999999,1492.932
2021-04-16 18:00:00,3727.674,1951.9269999999997,60.67700000000001,1578.0140000000001
2021-04-16 19:00:00,3885.630667,1986.842,67.67200000000001,1569.672
2021-04-16 20:00:00,3888.192999,1979.466,72.05700000000002,1588.7599999999998
2021-04-16 21:00:00,3895.964667,2072.8689999999997,71.86899999999999,1648.27
2021-04-16 22:00:00,3693.8289999999997,2029.487,72.2,1627.898
2021-04-16 23:00:00,3371.447667,1910.524,65.94800000000002,1510.5819999999999
2021-04-17 00:00:00,2934.788001,1745.797667,59.29999999999999,1344.104334
2021-04-17 01:00:00,2521.4660000000003,1526.1063330000002,44.86000000000001,1156.0770000000002
2021-04-17 02:00:00,2252.855333,1351.0836669999999,47.11400000000001,1025.129
2021-04-17 03:00:00,2099.7920010000003,1256.1183340000002,40.784,951.7486660000001
2021-04-17 04:00:00,2000.109332,1253.824667,35.426,926.2149999999999
2021-04-17 05:00:00,1974.445001,1301.023334,33.678,924.555334
2021-04-17 06:00:00,2096.8079989999997,1406.891333,38.574000000000005,946.829
2021-04-17 07:00:00,2394.279665,1535.344999,39.263,1093.311999
2021-04-17 08:00:00,2809.277999,1762.450667,54.475,1250.382999
2021-04-17 09:00:00,3218.6583330000003,1883.7636670000002,53.91400000000001,1403.9263339999998
2021-04-17 10:00:00,3476.022333,1963.592333,80.036,1502.4223349999997
2021-04-17 11:00:00,3599.3503330000003,2012.218667,64.836,1553.8903330000003
2021-04-17 12:00:00,3664.6936670000005,1966.911,74.612,1516.201
2021-04-17 13:00:00,3655.0886659999996,1998.083,67.745,1546.272
2021-04-17 14:00:00,3616.732001,1984.3833330000002,74.297,1518.906
2021-04-17 15:00:00,3702.8206680000003,1948.9216669999998,73.938,1496.834
2021-04-17 16:00:00,3825.297333,2008.3763330000002,69.628,1606.799
2021-04-17 17:00:00,4136.568999,2051.369,68.90200000000002,1620.942
2021-04-17 18:00:00,4508.639999999999,2197.05,67.097,1727.345
2021-04-17 19:00:00,4574.115333999999,2198.0636670000004,89.19399999999999,1786.867
2021-04-17 20:00:00,4620.2654999999995,2194.1040000000003,83.401,1765.191667
2021-04-17 21:00:00,4444.0576679999995,2260.984667,82.812,1768.157
2021-04-17 22:00:00,4117.4324990000005,2202.785333,75.03,1689.607333
2021-04-17 23:00:00,3688.618166,1957.072667,61.365,1560.923
2021-04-18 00:00:00,3170.441334,1744.305667,53.51199999999999,1338.5076669999999
2021-04-18 01:00:00,2711.731666,1517.029667,43.324999999999996,1141.5586680000001
2021-04-18 02:00:00,2377.819166,1364.7726670000002,38.401999999999994,1017.939666
2021-04-18 03:00:00,2158.1613319999997,1247.932667,39.89300000000001,956.462
2021-04-18 04:00:00,2049.653998,1189.176667,34.046,882.194999
2021-04-18 05:00:00,2004.0335,1208.4286670000001,28.989,894.677667
2021-04-18 06:00:00,2036.014167,1236.309,31.093,909.043001
2021-04-18 07:00:00,2234.237666,1370.497,35.414,979.6576670000001
2021-04-18 08:00:00,2609.6785,1587.958333,48.44500000000001,1171.913334
2021-04-18 09:00:00,3174.5761669999997,1773.585,55.33699999999999,1414.273333
2021-04-18 10:00:00,3388.582,1889.9906669999998,56.245000000000005,1568.77
2021-04-18 11:00:00,3680.525666,2026.1909999999998,63.474,1578.873667
2021-04-18 12:00:00,3758.4296670000003,2090.413333,71.699,1559.028
2021-04-18 13:00:00,3857.999667,2122.429333,67.344,1607.491
2021-04-18 14:00:00,3875.8438340000002,2122.3186669999996,85.313,1585.790667
2021-04-18 15:00:00,4005.252,2085.040333,86.79100000000001,1627.008
2021-04-18 16:00:00,4184.9243320000005,2148.4859990000004,79.39399999999999,1680.257
2021-04-18 17:00:00,4483.162001,2219.9823340000003,92.177,1744.9940000000001
2021-04-18 18:00:00,4866.760001999999,2377.428001,85.656,1847.337
2021-04-18 19:00:00,4902.618001,2357.6899999999996,79.535,1924.962
2021-04-18 20:00:00,4864.898001,2518.902,73.37399999999998,1919.961
2021-04-18 21:00:00,4843.9580000000005,2466.470333,89.06,1919.76
2021-04-18 22:00:00,4422.603001,2333.330668,91.492,1799.1480000000001
2021-04-18 23:00:00,3689.5749990000004,2032.0886679999999,80.252,1612.874
2021-04-19 00:00:00,3003.933333,1733.339,52.92099999999999,1362.171
2021-04-19 01:00:00,2509.381999,1454.1949999999997,50.931999999999995,1167.2053329999999
2021-04-19 02:00:00,2194.013667,1294.5916670000001,40.31699999999999,1015.040667
2021-04-19 03:00:00,2034.845666,1228.063333,42.32500000000001,943.878665
2021-04-19 04:00:00,1959.108667,1190.7516660000001,33.278,913.748335
2021-04-19 05:00:00,1984.204,1215.110667,35.898999999999994,943.839666
2021-04-19 06:00:00,2193.035334,1301.413333,34.992,1039.5230000000001
2021-04-19 07:00:00,2602.9393330000003,1520.718,40.14300000000001,1197.018332
2021-04-19 08:00:00,2890.2846659999996,1693.204667,48.82299999999999,1364.7759999999998
2021-04-19 09:00:00,3070.760666,1726.7333330000001,55.42400000000001,1391.636334
2021-04-19 10:00:00,3183.6013350000003,1791.943,73.033,1400.757667
2021-04-19 11:00:00,3177.801,1782.5459999999998,73.00099999999999,1413.388
2021-04-19 12:00:00,3301.218334,1755.45,75.405,1476.167
2021-04-19 13:00:00,3371.788668,1791.257333,61.326,1460.393667
2021-04-19 14:00:00,3291.431668,1799.741667,71.974,1423.597334
2021-04-19 15:00:00,3245.052999,1851.054,71.98900000000002,1384.0946669999998
2021-04-19 16:00:00,3293.532333,1844.0529999999999,67.706,1468.6979999999999
2021-04-19 17:00:00,3545.9038339999997,1911.898667,62.12199999999999,1540.362
2021-04-19 18:00:00,3890.446333,2057.7776670000003,77.911,1723.96
2021-04-19 19:00:00,4022.229999,2204.041667,75.298,1770.64
2021-04-19 20:00:00,4110.482333,2281.410667,85.059,1878.2783330000002
2021-04-19 21:00:00,4109.529665999999,2286.727667,81.269,1844.4053330000002
2021-04-19 22:00:00,3870.5089989999997,2087.477,83.35199999999999,1718.595331
2021-04-19 23:00:00,3330.784999,1847.8793329999999,65.33899999999998,1515.100002
2021-04-20 00:00:00,2763.215,1664.769333,50.154,1311.3416650000001
2021-04-20 01:00:00,2332.715,1392.515333,44.676,1130.349998
2021-04-20 02:00:00,2099.700333,1278.010333,41.19500000000001,996.649332
2021-04-20 03:00:00,2016.7643339999997,1207.3756669999998,39.410000000000004,931.842999
2021-04-20 04:00:00,1966.745,1204.017,36.593,920.1296669999999
2021-04-20 05:00:00,1987.267667,1275.542667,34.141,939.5779990000001
2021-04-20 06:00:00,2289.297333,1372.323667,39.120000000000005,1035.630666
2021-04-20 07:00:00,2706.2633330000003,1616.6346669999998,51.045,1188.6680000000001
2021-04-20 08:00:00,2976.9003340000004,1744.2253329999999,62.38399999999999,1411.378001
2021-04-20 09:00:00,3183.4346670000004,1753.3563330000002,66.61500000000001,1399.7716659999999
2021-04-20 10:00:00,3104.712332,1771.898667,68.053,1410.8936669999998
2021-04-20 11:00:00,3164.664666,1737.394667,62.774,1346.874
2021-04-20 12:00:00,3204.797332,1765.1349999999998,72.573,1388.678
2021-04-20 13:00:00,3152.8080010000003,1752.202667,73.27400000000002,1360.354333
2021-04-20 14:00:00,3015.695001,1761.449333,60.042,1319.016666
2021-04-20 15:00:00,3024.656667,1702.173,60.365,1336.0259999999998
2021-04-20 16:00:00,3261.472667,1783.541334,62.748000000000005,1414.284
2021-04-20 17:00:00,3452.0344990000003,1881.9846670000002,78.677,1474.528
2021-04-20 18:00:00,3929.672834,1966.479667,72.168,1642.593667
2021-04-20 19:00:00,4192.481,2125.987,76.981,1701.5933340000001
2021-04-20 20:00:00,4175.448666,2179.778667,83.229,1751.408
2021-04-20 21:00:00,4151.137334,2226.112667,79.58999999999999,1780.458999
2021-04-20 22:00:00,3838.171667,2145.2566669999997,88.678,1738.542
2021-04-20 23:00:00,3286.5303329999997,1851.9099999999999,73.029,1532.314332
2021-04-21 00:00:00,2757.3893319999997,1643.099333,61.393,1283.1970000000001
2021-04-21 01:00:00,2324.229333,1455.866667,48.503,1115.922333
2021-04-21 02:00:00,2080.879,1326.9446670000002,44.652,1013.7960009999999
2021-04-21 03:00:00,1992.606332,1234.609667,37.22899999999999,962.543334
2021-04-21 04:00:00,1974.898001,1250.409667,34.251999999999995,942.228001
2021-04-21 05:00:00,1983.7163340000002,1261.1676670000002,44.056000000000004,962.1586669999999
2021-04-21 06:00:00,2280.029501,1376.077667,47.539,1048.805667
2021-04-21 07:00:00,2685.0491660000002,1568.882,60.946999999999996,1239.496667
2021-04-21 08:00:00,2963.7123330000004,1711.524333,53.931000000000004,1369.057
2021-04-21 09:00:00,3200.560499,1770.3046669999999,55.863,1376.661666
2021-04-21 10:00:00,3206.276666,1695.826667,70.914,1412.269334
2021-04-21 11:00:00,3152.627665,1790.942333,56.397000000000006,1434.048
2021-04-21 12:00:00,3152.150333,1817.019333,53.37799999999999,1420.9156659999999
2021-04-21 13:00:00,3146.266333,1804.9679999999998,63.29700000000001,1423.6496679999998
2021-04-21 14:00:00,3124.0086659999997,1758.539333,76.243,1428.903001
2021-04-21 15:00:00,3122.2223329999997,1813.178667,75.42000000000002,1439.238001
2021-04-21 16:00:00,3252.402999,1872.694334,68.368,1448.8430010000002
2021-04-21 17:00:00,3614.131332,1930.450667,75.34700000000001,1546.918998
2021-04-21 18:00:00,3998.676001,2072.572333,77.144,1717.711001
2021-04-21 19:00:00,4232.843167,2213.134667,80.412,1788.690667
2021-04-21 20:00:00,4205.1118320000005,2258.4970000000003,81.29899999999999,1817.027
2021-04-21 21:00:00,4136.629,2203.136333,93.013,1836.763334
2021-04-21 22:00:00,3835.2560000000003,2064.7106670000003,92.69299999999998,1648.547666
2021-04-21 23:00:00,3279.773334,1875.6373330000001,71.605,1486.182334
2021-04-22 00:00:00,2805.0003349999997,1676.324333,64.434,1277.465668
2021-04-22 01:00:00,2380.784336,1442.9589999999998,46.352,1106.056
2021-04-22 02:00:00,2090.915667,1310.413,36.166999999999994,964.250667
2021-04-22 03:00:00,2003.423334,1222.182667,32.292,914.344667
2021-04-22 04:00:00,1945.080665,1182.5013330000002,31.643,896.603333
2021-04-22 05:00:00,1983.186999,1244.798667,34.429,929.945
2021-04-22 06:00:00,2266.3963329999997,1337.974,42.44800000000001,1037.801
2021-04-22 07:00:00,2655.028666,1522.614001,47.11299999999999,1153.403
2021-04-22 08:00:00,2916.737333,1694.048333,51.462,1337.451
2021-04-22 09:00:00,3166.403334,1767.531,63.706999999999994,1412.768333
2021-04-22 10:00:00,3281.1933339999996,1840.2386660000002,64.98600000000002,1464.5059999999999
2021-04-22 11:00:00,3359.561001,1864.879334,67.36,1489.071
2021-04-22 12:00:00,3360.487,1836.275,70.408,1478.95
2021-04-22 13:00:00,3249.7200000000003,1878.354,66.316,1489.1689999999999
2021-04-22 14:00:00,3199.7276659999998,1831.22,73.677,1433.425667
2021-04-22 15:00:00,3066.842667,1774.952666,69.997,1382.046333
2021-04-22 16:00:00,3086.238668,1780.885667,62.391,1376.0990000000002
2021-04-22 17:00:00,3380.8876680000003,1907.798667,67.751,1466.0629999999999
2021-04-22 18:00:00,3642.1665009999997,1984.069,82.72600000000001,1594.424
2021-04-22 19:00:00,3897.4269990000003,2092.914667,82.53500000000001,1617.812333
2021-04-22 20:00:00,4005.6059999999998,2135.014667,72.998,1697.963666
2021-04-22 21:00:00,3933.563665,2259.984,90.91300000000001,1736.8196659999999
2021-04-22 22:00:00,3692.034334,2174.168333,73.736,1639.187999
2021-04-22 23:00:00,3322.5948319999998,1984.077667,68.641,1525.837333
2021-04-23 00:00:00,2794.784332,1723.329,56.068999999999996,1304.269332
2021-04-23 01:00:00,2490.892167,1525.694667,56.022,1140.2906670000002
2021-04-23 02:00:00,2219.5580010000003,1410.146667,47.69199999999999,1025.232333
2021-04-23 03:00:00,2104.6848339999997,1314.209667,44.385,978.098666
2021-04-23 04:00:00,2104.0150009999998,1309.527333,40.497,935.943
2021-04-23 05:00:00,2152.709334,1394.112,49.951,974.644667
2021-04-23 06:00:00,2411.0910000000003,1524.0736670000001,47.266999999999996,1066.635999
2021-04-23 07:00:00,2850.776,1687.6966670000002,68.11300000000001,1224.6523339999999
2021-04-23 08:00:00,3186.0129989999996,1874.655667,62.699,1391.019
2021-04-23 09:00:00,3371.905001,1907.4663329999998,66.61100000000002,1449.717
2021-04-23 10:00:00,3370.1609989999997,1840.818667,69.33500000000001,1464.554
2021-04-23 11:00:00,3389.276001,1801.577667,64.131,1473.23
2021-04-23 12:00:00,3275.7813340000002,1778.749667,61.561,1443.1840000000002
2021-04-23 13:00:00,3242.722001,1830.584333,63.894999999999996,1457.307667
2021-04-23 14:00:00,3098.7975,1793.380333,65.32900000000001,1393.65
2021-04-23 15:00:00,3054.039168,1738.3509999999999,77.21400000000001,1382.705001
2021-04-23 16:00:00,3058.789166,1759.6,62.513999999999996,1367.527
2021-04-23 17:00:00,3254.874667,1835.658667,68.229,1415.956666
2021-04-23 18:00:00,3486.086166,1947.525333,81.88300000000001,1554.875
2021-04-23 19:00:00,3690.0945,2049.238333,77.25300000000001,1626.8326670000001
2021-04-23 20:00:00,3752.3055010000003,2074.8740000000003,81.647,1671.652
2021-04-23 21:00:00,3742.983167,2162.8280000000004,88.44599999999998,1602.8583330000001
2021-04-23 22:00:00,3628.6025,2105.645333,78.459,1541.672333
2021-04-23 23:00:00,3238.658001,1956.814334,80.357,1461.1970000000001
2021-04-24 00:00:00,2781.6670010000003,1734.687999,58.473000000000006,1311.672667
2021-04-24 01:00:00,2483.0876660000004,1559.027333,52.018,1157.424333
2021-04-24 02:00:00,2285.521167,1441.392,39.836000000000006,1034.2290010000002
2021-04-24 03:00:00,2145.3018340000003,1364.6409999999998,49.873000000000005,967.883332
2021-04-24 04:00:00,2085.3664989999997,1344.877,43.778999999999996,947.716
2021-04-24 05:00:00,2088.9530000000004,1319.577667,42.166,909.779
2021-04-24 06:00:00,2221.339666,1387.999667,45.263999999999996,979.404667
2021-04-24 07:00:00,2487.210666,1506.234333,59.692,1102.549333
2021-04-24 08:00:00,2937.6601659999997,1725.5916670000001,72.61099999999998,1268.632666
2021-04-24 09:00:00,3417.0083329999998,1931.229333,79.55900000000001,1530.1370000000002
2021-04-24 10:00:00,3714.427166,2138.95,78.829,1648.180333
2021-04-24 11:00:00,3909.1266669999995,2261.866333,91.17399999999999,1759.928001
2021-04-24 12:00:00,4076.3128340000003,2360.063667,83.994,1840.597
2021-04-24 13:00:00,4089.679167,2386.804333,73.52900000000001,1859.034001
2021-04-24 14:00:00,4022.3288329999996,2329.510333,93.876,1827.970667
2021-04-24 15:00:00,3894.2,2314.8720000000003,86.40100000000001,1810.8683340000002
2021-04-24 16:00:00,3825.869166,2246.908333,77.065,1707.1656659999999
2021-04-24 17:00:00,3871.187334,2336.519667,75.03200000000001,1717.859
2021-04-24 18:00:00,3987.389499,2426.552,87.16100000000002,1845.695
2021-04-24 19:00:00,4111.9505,2513.552667,98.814,1878.068
2021-04-24 20:00:00,4091.7840000000006,2486.3453329999998,89.61200000000001,1881.7433330000001
2021-04-24 21:00:00,4049.958667000001,2543.876667,103.749,1913.1736660000001
2021-04-24 22:00:00,3916.4101659999997,2423.3613330000003,94.982,1800.7446679999998
2021-04-24 23:00:00,3616.186667,2225.0576669999996,92.15399999999998,1676.315333
2021-04-25 00:00:00,3169.4961670000002,2025.3356669999998,84.72099999999999,1510.489
2021-04-25 01:00:00,2767.3983339999995,1831.7726670000002,67.36099999999999,1354.2356679999998
2021-04-25 02:00:00,2578.585833,1709.2730000000001,69.82799999999999,1225.840332
2021-04-25 03:00:00,2403.650167,1622.814667,71.34400000000001,1145.830001
2021-04-25 04:00:00,2344.369334,1560.3466670000003,69.941,1081.056
2021-04-25 05:00:00,2306.867333,1512.956333,60.483,1063.590666
2021-04-25 06:00:00,2435.2290000000003,1585.35,62.260000000000005,1092.9433319999998
2021-04-25 07:00:00,2683.521334,1699.407,69.04799999999999,1220.996333
2021-04-25 08:00:00,3026.2980000000002,1827.839333,73.774,1431.8323340000002
2021-04-25 09:00:00,3460.800667,2058.462666,93.019,1603.238666
2021-04-25 10:00:00,3807.7751660000004,2231.022667,79.07200000000002,1736.807333
2021-04-25 11:00:00,4036.347834,2348.250333,70.472,1808.449001
2021-04-25 12:00:00,3994.518834,2387.1620000000003,84.79899999999999,1776.457332
2021-04-25 13:00:00,3886.5434999999998,2261.0119990000003,69.08099999999999,1707.646667
2021-04-25 14:00:00,3847.7635,2243.5146670000004,73.863,1667.2913330000001
2021-04-25 15:00:00,3768.025499,2185.7793330000004,98.365,1579.632666
2021-04-25 16:00:00,3662.894166,2197.010333,110.688,1618.686667
2021-04-25 17:00:00,3729.1568340000003,2165.955333,90.58399999999999,1652.951
2021-04-25 18:00:00,3858.112167,2221.775,79.689,1735.7856669999999
2021-04-25 19:00:00,4087.267334,2239.715667,76.91600000000001,1824.535
2021-04-25 20:00:00,4218.974667,2417.7309999999998,77.819,1889.782334
2021-04-25 21:00:00,4223.948166,2477.265,91.46,1900.9699999999998
2021-04-25 22:00:00,4011.3455,2361.321,80.64399999999999,1853.897333
2021-04-25 23:00:00,3497.960333,2107.035333,67.407,1616.474334
2021-04-26 00:00:00,2923.281833,1852.774667,60.760999999999996,1363.7450010000002
2021-04-26 01:00:00,2538.065,1616.192333,43.516999999999996,1191.677667
2021-04-26 02:00:00,2315.3825,1498.464333,44.455000000000005,1067.3493330000001
2021-04-26 03:00:00,2215.8075010000002,1451.397,45.998999999999995,1029.5553340000001
2021-04-26 04:00:00,2210.566999,1406.3203330000001,55.37199999999999,1014.946
2021-04-26 05:00:00,2273.534666,1453.828,46.323,1007.9836660000001
2021-04-26 06:00:00,2554.737999,1563.813333,57.78099999999999,1100.215334
2021-04-26 07:00:00,2957.642667,1773.784,59.19499999999999,1294.185667
2021-04-26 08:00:00,3275.4145,1970.56,82.90199999999999,1474.416
2021-04-26 09:00:00,3438.862834,2019.6483329999999,84.345,1500.599
2021-04-26 10:00:00,3583.424666,2031.1876670000001,89.641,1558.075667
2021-04-26 11:00:00,3562.2316659999997,2079.6716670000005,75.645,1502.529666
2021-04-26 12:00:00,3619.914667,2128.225,85.7,1561.345
2021-04-26 13:00:00,3604.3109999999997,2062.344333,81.74899999999998,1578.423667
2021-04-26 14:00:00,3496.6180000000004,1964.703667,67.583,1512.340333
2021-04-26 15:00:00,3402.505333,1991.180667,64.132,1564.5993330000001
2021-04-26 16:00:00,3437.9790000000003,2021.4006669999999,84.19600000000001,1580.666334
2021-04-26 17:00:00,3799.2690000000002,2188.541667,84.60700000000001,1624.143667
2021-04-26 18:00:00,4076.6800000000003,2332.369667,101.12699999999998,1793.228
2021-04-26 19:00:00,4134.216333,2466.0006670000002,88.215,1872.9083340000002
2021-04-26 20:00:00,4254.436834,2475.215,83.346,1922.455999
2021-04-26 21:00:00,4200.082666,2460.26,94.37599999999999,1898.5976679999999
2021-04-26 22:00:00,3901.069501,2403.729333,92.56300000000002,1835.527
2021-04-26 23:00:00,3447.545833,2181.353333,79.524,1653.8783349999999
2021-04-27 00:00:00,2938.611667,1931.181333,82.20500000000003,1405.085001
2021-04-27 01:00:00,2592.415667,1755.6493329999998,60.367000000000004,1266.9243350000002
2021-04-27 02:00:00,2371.189833,1610.5553329999998,58.939,1166.9590010000002
2021-04-27 03:00:00,2303.2175,1532.577667,52.532,1096.829666
2021-04-27 04:00:00,2295.072333,1539.9879999999998,56.42900000000001,1067.150666
2021-04-27 05:00:00,2358.894666,1578.0986670000002,61.751999999999995,1104.775001
2021-04-27 06:00:00,2726.673667,1738.5366669999999,67.394,1249.591666
2021-04-27 07:00:00,3185.034667,1932.700667,86.69,1428.424999
2021-04-27 08:00:00,3407.584667,1971.3323330000003,85.156,1623.117667
2021-04-27 09:00:00,3459.330333,2043.659333,94.72,1568.389
2021-04-27 10:00:00,3459.344666,2120.757667,83.08,1608.287668
2021-04-27 11:00:00,3377.365001,2073.9436669999996,78.554,1592.661999
2021-04-27 12:00:00,3359.8643330000004,2002.4289999999999,72.308,1572.6220000000003
2021-04-27 13:00:00,3308.398334,1902.110667,66.377,1451.9996660000002
2021-04-27 14:00:00,3165.411666,1858.5153329999998,63.294999999999995,1375.5783330000002
2021-04-27 15:00:00,3085.343333,1777.798333,64.46,1373.125332
2021-04-27 16:00:00,3213.557002,1738.779667,70.95700000000001,1377.485335
2021-04-27 17:00:00,3371.133,1813.803667,69.485,1432.094001
2021-04-27 18:00:00,3740.595002,1993.6856670000002,67.99399999999999,1551.5339989999998
2021-04-27 19:00:00,3915.2459989999998,2136.722667,71.13799999999999,1698.9120010000001
2021-04-27 20:00:00,4007.925666,2239.937,62.42000000000001,1719.5850010000001
2021-04-27 21:00:00,4074.511,2326.8869999999997,62.009,1772.861666
2021-04-27 22:00:00,3831.787333,2230.659667,72.57300000000001,1667.542333
2021-04-27 23:00:00,3335.082666,1972.8519999999999,68.755,1497.1233339999999
2021-04-28 00:00:00,2797.2709999999997,1725.510333,66.022,1292.296001
2021-04-28 01:00:00,2428.48,1512.1236669999998,48.248000000000005,1124.998666
2021-04-28 02:00:00,2221.692333,1418.5826670000001,42.387,1024.9086670000002
2021-04-28 03:00:00,2119.076999,1326.343667,48.303000000000004,1006.8066650000001
2021-04-28 04:00:00,2098.8300010000003,1329.774667,41.342,964.840666
2021-04-28 05:00:00,2151.987001,1392.836667,48.7,1009.340334
2021-04-28 06:00:00,2486.322333,1520.574667,47.79200000000001,1089.024666
2021-04-28 07:00:00,2913.661334,1772.306,65.107,1271.729668
2021-04-28 08:00:00,3237.933,1820.269333,68.65800000000002,1435.421333
2021-04-28 09:00:00,3322.002332,1905.9046669999998,72.123,1485.0533340000002
2021-04-28 10:00:00,3362.643667,1950.1416669999999,69.569,1493.182333
2021-04-28 11:00:00,3258.9913340000003,1969.0203330000002,75.39,1481.835
2021-04-28 12:00:00,3261.646667,1910.136333,70.322,1486.665999
2021-04-28 13:00:00,3153.486334,1861.4899999999998,56.503,1407.433666
2021-04-28 14:00:00,3176.795,1759.866333,63.703,1386.870333
2021-04-28 15:00:00,3100.653332,1734.9316669999998,73.44200000000002,1397.194333
2021-04-28 16:00:00,3200.9799999999996,1774.112334,70.119,1458.835666
2021-04-28 17:00:00,3346.613999,1877.492667,70.761,1490.106001
2021-04-28 18:00:00,3693.38,1989.038333,72.265,1662.569
2021-04-28 19:00:00,3822.44,2059.435,76.246,1710.863
2021-04-28 20:00:00,3875.1353329999997,2122.672,75.91900000000001,1762.882
2021-04-28 21:00:00,4007.735666,2260.357,84.53399999999999,1777.2706660000001
2021-04-28 22:00:00,3813.443333,2178.981667,87.14699999999999,1726.809
2021-04-28 23:00:00,3368.5503340000005,1972.020333,77.945,1561.4969999999998
2021-04-29 00:00:00,2806.378667,1704.5763330000002,64.69300000000001,1321.049
2021-04-29 01:00:00,2396.977667,1479.5880000000002,46.719,1170.169667
2021-04-29 02:00:00,2194.3603329999996,1380.724666,44.376,1031.850667
2021-04-29 03:00:00,2058.402334,1281.4463329999999,38.535000000000004,976.432001
2021-04-29 04:00:00,1999.9973340000001,1237.5413330000001,36.888,911.6246659999999
2021-04-29 05:00:00,2048.769335,1306.251334,43.58500000000001,955.359
2021-04-29 06:00:00,2319.9563339999995,1446.9489999999998,45.318,1032.08
2021-04-29 07:00:00,2741.9253340000005,1601.463667,60.034,1206.5949990000001
2021-04-29 08:00:00,2994.0546670000003,1748.4836679999999,72.86899999999999,1296.1626669999998
2021-04-29 09:00:00,3145.592666,1754.7416660000001,62.12800000000001,1371.268333
2021-04-29 10:00:00,3163.023667,1776.982,65.803,1415.718667
2021-04-29 11:00:00,3141.961999,1811.947667,67.999,1372.7220000000002
2021-04-29 12:00:00,3158.641333,1750.009,75.98400000000001,1362.5749999999998
2021-04-29 13:00:00,3199.6069990000005,1774.108,65.224,1414.564333
2021-04-29 14:00:00,3129.389,1817.769667,55.87,1355.304001
2021-04-29 15:00:00,3205.711,1778.2553329999998,57.22,1388.887332
2021-04-29 16:00:00,3354.4446660000003,1835.297667,64.655,1425.749334
2021-04-29 17:00:00,3649.845334,2003.078667,82.65800000000002,1494.717
2021-04-29 18:00:00,4013.777167,2079.368,82.61299999999999,1655.755333
2021-04-29 19:00:00,4193.925499999999,2176.248667,78.97,1761.280667
2021-04-29 20:00:00,4169.596001,2148.504667,89.91599999999998,1756.909667
2021-04-29 21:00:00,4109.319001,2261.969,97.068,1741.8779989999998
2021-04-29 22:00:00,3942.0083329999998,2250.729333,82.05100000000002,1764.188333
2021-04-29 23:00:00,3475.826166,2026.129,70.88000000000001,1502.292334
2021-04-30 00:00:00,2903.677666,1706.7546670000002,58.298,1267.098333
2021-04-30 01:00:00,2503.113334,1467.206667,47.121,1088.839667
2021-04-30 02:00:00,2245.093668,1329.9396669999999,41.649,971.583667
2021-04-30 03:00:00,2103.212667,1233.609667,39.833999999999996,912.0859989999999
2021-04-30 04:00:00,2009.551667,1226.668333,36.94699999999999,871.626334
2021-04-30 05:00:00,2018.6726669999998,1247.795,33.688,901.0176670000001
2021-04-30 06:00:00,2249.352,1338.810667,43.191,1004.8330000000001
2021-04-30 07:00:00,2559.201333,1502.171668,47.727,1114.8443340000001
2021-04-30 08:00:00,2803.497001,1654.1713340000001,48.81699999999999,1224.555333
2021-04-30 09:00:00,3015.1986660000002,1726.2056670000002,63.590999999999994,1297.125667
2021-04-30 10:00:00,3125.6403339999997,1814.837667,60.395,1309.326333
2021-04-30 11:00:00,3047.7066670000004,1778.7946670000001,61.612,1356.332999
2021-04-30 12:00:00,3169.708334,1769.373667,61.665,1428.906668
2021-04-30 13:00:00,3097.586,1798.638666,56.09499999999999,1429.943667
2021-04-30 14:00:00,3115.1093330000003,1764.2689999999998,62.147999999999996,1388.959667
2021-04-30 15:00:00,3163.110665,1732.696,65.465,1325.3913349999998
2021-04-30 16:00:00,3254.126667,1767.700667,71.415,1446.386
2021-04-30 17:00:00,3410.7960009999997,1851.873,57.587999999999994,1521.106667
2021-04-30 18:00:00,3656.5536660000002,2007.0423329999999,77.64100000000002,1644.761667
2021-04-30 19:00:00,3728.501999,2052.280333,79.988,1663.2086669999999
2021-04-30 20:00:00,3841.6083339999996,2123.027,69.93700000000001,1656.936666
2021-04-30 21:00:00,3788.844666,2133.139,70.545,1626.502
2021-04-30 22:00:00,3631.3196669999998,2037.541,76.541,1574.4436660000001
2021-04-30 23:00:00,3235.077667,1917.617,67.854,1464.401001
2021-05-01 00:00:00,2865.593667,1654.2403330000002,51.98,1293.225668
2021-05-01 01:00:00,2520.909667,1514.596,48.16400000000001,1110.0460010000002
2021-05-01 02:00:00,2239.544333,1384.83,38.046,1019.310333
2021-05-01 03:00:00,2095.685665,1264.453,37.461999999999996,940.856999
2021-05-01 04:00:00,2049.675668,1206.674,31.345,903.216667
2021-05-01 05:00:00,2021.0674999999997,1221.944667,34.395,903.353333
2021-05-01 06:00:00,2098.017833,1267.3916669999999,31.195,943.102
2021-05-01 07:00:00,2387.234667,1416.675333,43.831,1021.487333
2021-05-01 08:00:00,2750.1195000000002,1633.545667,49.807,1184.246001
2021-05-01 09:00:00,3220.226333,1843.377333,62.94,1377.712334
2021-05-01 10:00:00,3528.057667,1971.5720000000001,70.575,1518.670334
2021-05-01 11:00:00,3758.7166669999997,2059.8653329999997,83.14199999999998,1594.497667
2021-05-01 12:00:00,3813.9618330000003,2077.3083340000003,73.35,1623.947667
2021-05-01 13:00:00,3715.892667,2135.445666,76.476,1642.977333
2021-05-01 14:00:00,3670.987333,2077.434333,68.47399999999999,1615.639667
2021-05-01 15:00:00,3515.139167,2001.483,84.989,1593.442
2021-05-01 16:00:00,3595.755999,1941.677333,72.087,1551.47
2021-05-01 17:00:00,3677.032166,2037.630667,81.098,1622.158334
2021-05-01 18:00:00,3669.853,2077.814,88.295,1660.699333
2021-05-01 19:00:00,3742.758334,2123.999667,81.50500000000001,1664.205667
2021-05-01 20:00:00,3830.547001,2200.889333,78.453,1738.3706670000001
2021-05-01 21:00:00,3869.759667,2278.3306669999997,77.77499999999999,1708.8490000000002
2021-05-01 22:00:00,3709.4480000000003,2228.406333,69.31700000000001,1693.402
2021-05-01 23:00:00,3366.7213330000004,2051.937667,71.378,1611.3110000000001
2021-05-02 00:00:00,2944.253667,1870.611334,58.76500000000001,1447.924
2021-05-02 01:00:00,2591.025001,1668.1343339999999,49.25,1234.02
2021-05-02 02:00:00,2373.4019989999997,1499.136,54.639,1072.970333
2021-05-02 03:00:00,2217.659667,1380.047667,46.416000000000004,998.428334
2021-05-02 04:00:00,2133.514667,1312.7706670000002,45.373,965.685668
2021-05-02 05:00:00,2109.785167,1322.114333,42.455999999999996,962.5540000000001
2021-05-02 06:00:00,2232.948167,1348.742,43.754999999999995,1004.9130000000001
2021-05-02 07:00:00,2440.444666,1463.766,54.84700000000001,1081.182333
2021-05-02 08:00:00,2885.244334,1599.2243330000001,45.888000000000005,1231.183666
2021-05-02 09:00:00,3312.697833,1893.563,57.13,1390.38
2021-05-02 10:00:00,3552.8611659999997,2016.445667,64.736,1556.142666
2021-05-02 11:00:00,3743.3419999999996,2016.720333,78.973,1642.095334
2021-05-02 12:00:00,3861.6058329999996,2066.116333,76.592,1620.8120000000001
2021-05-02 13:00:00,3812.241166,2078.172333,73.856,1623.976667
2021-05-02 14:00:00,3629.0313340000002,2079.747667,71.363,1558.814334
2021-05-02 15:00:00,3611.063666,2013.2433330000001,66.546,1615.2356670000001
2021-05-02 16:00:00,3592.413833,1960.4093329999998,77.671,1591.288
2021-05-02 17:00:00,3680.3806670000004,2005.866333,73.79,1564.328
2021-05-02 18:00:00,3903.8723330000003,2135.798,62.45100000000001,1679.815
2021-05-02 19:00:00,3981.5666659999997,2222.647667,65.964,1710.182333
2021-05-02 20:00:00,4157.075334,2226.734,71.099,1858.311667
2021-05-02 21:00:00,4204.5341659999995,2327.0159999999996,83.45599999999999,1876.216667
2021-05-02 22:00:00,4020.6388339999994,2278.393,93.62699999999998,1741.6153330000002
2021-05-02 23:00:00,3422.512333,1997.721333,66.419,1554.089
2021-05-03 00:00:00,2840.691001,1692.0736670000001,48.117999999999995,1335.079001
2021-05-03 01:00:00,2455.807666,1521.400333,46.281,1157.693667
2021-05-03 02:00:00,2177.2149999999997,1427.305666,45.967,1029.6709999999998
2021-05-03 03:00:00,2088.749001,1323.264001,49.986,1009.412333
2021-05-03 04:00:00,2127.756667,1308.842333,37.82899999999999,968.2640000000001
2021-05-03 05:00:00,2172.975332,1339.646,45.095000000000006,996.1063330000001
2021-05-03 06:00:00,2461.9300000000003,1456.022333,41.89300000000001,1065.782002
2021-05-03 07:00:00,2813.825,1659.683,55.273,1208.0133329999999
2021-05-03 08:00:00,3097.298334,1833.738,66.191,1395.228666
2021-05-03 09:00:00,3254.043667,1850.923333,74.17500000000003,1406.691334
2021-05-03 10:00:00,3279.407001,1870.727667,78.323,1384.334667
2021-05-03 11:00:00,3320.514999,1924.761667,70.346,1407.6736660000001
2021-05-03 12:00:00,3301.564999,1904.8380000000002,60.94100000000001,1475.743333
2021-05-03 13:00:00,3322.307666,1857.1003329999999,72.461,1459.714
2021-05-03 14:00:00,3184.714167,1818.2466670000001,66.28399999999999,1415.2449989999998
2021-05-03 15:00:00,3213.1895,1878.484667,73.221,1404.386333
2021-05-03 16:00:00,3327.325334,1871.8806670000001,81.394,1414.7569990000002
2021-05-03 17:00:00,3584.493834,1976.572667,75.40299999999999,1558.3079989999999
2021-05-03 18:00:00,4008.4193339999997,2191.184667,87.61500000000001,1707.226
2021-05-03 19:00:00,4193.771334,2307.3836669999996,84.836,1833.4099999999999
2021-05-03 20:00:00,4165.987499000001,2376.663,78.997,1818.404666
2021-05-03 21:00:00,4103.009001,2433.288,101.25200000000001,1818.626001
2021-05-03 22:00:00,3877.836334,2236.925333,87.00000000000001,1674.041335
2021-05-03 23:00:00,3330.7050000000004,2026.881333,80.77199999999999,1510.6023340000002
2021-05-04 00:00:00,2836.3946670000005,1801.621333,58.747,1350.550668
2021-05-04 01:00:00,2431.0204999999996,1557.0883330000001,51.72,1141.42
2021-05-04 02:00:00,2192.369667,1396.5413330000001,52.359,1018.589667
2021-05-04 03:00:00,2108.944,1322.077667,41.184999999999995,970.406666
2021-05-04 04:00:00,2067.859,1270.481,40.965999999999994,935.780665
2021-05-04 05:00:00,2139.001667,1316.7166670000001,42.958,962.4189999999999
2021-05-04 06:00:00,2400.181999,1393.680667,40.70799999999999,1068.805999
2021-05-04 07:00:00,2784.848,1572.249667,54.50099999999999,1193.5696659999999
2021-05-04 08:00:00,2993.3019999999997,1743.286333,57.227000000000004,1332.966334
2021-05-04 09:00:00,3224.7349990000002,1741.073333,51.796,1359.1406660000002
2021-05-04 10:00:00,3233.678,1782.5766669999998,50.354,1376.734
2021-05-04 11:00:00,3258.6493330000003,1792.043667,76.08700000000002,1402.9406649999999
2021-05-04 12:00:00,3289.489333,1834.932,74.71199999999999,1454.77
2021-05-04 13:00:00,3265.49,1771.663667,68.649,1406.044666
2021-05-04 14:00:00,3121.9685,1754.744333,74.54899999999999,1371.279666
2021-05-04 15:00:00,3104.020334,1737.526333,63.098,1368.454332
2021-05-04 16:00:00,3127.157667,1811.498667,69.606,1447.953334
2021-05-04 17:00:00,3386.4519999999998,1874.953667,82.386,1506.5063340000002
2021-05-04 18:00:00,3788.5921670000002,1960.3266670000003,74.854,1629.906
2021-05-04 19:00:00,4006.2095000000004,2107.764667,77.757,1700.692
2021-05-04 20:00:00,4135.930666,2218.713,78.085,1752.532002
2021-05-04 21:00:00,4106.3216680000005,2201.2439999999997,78.929,1773.3780000000002
2021-05-04 22:00:00,3867.803666,2232.363667,84.801,1710.6979999999999
2021-05-04 23:00:00,3382.935333,1952.026334,75.14800000000001,1510.67
2021-05-05 00:00:00,2803.964665,1733.4279999999999,63.858000000000004,1278.326333
2021-05-05 01:00:00,2383.6136669999996,1533.036335,44.327000000000005,1151.7720009999998
2021-05-05 02:00:00,2188.349833,1370.2673340000001,35.699333,1017.3786660000001
2021-05-05 03:00:00,2051.6059999999998,1298.675,38.985,965.663667
2021-05-05 04:00:00,2058.2361659999997,1284.113001,33.273,940.8026669999999
2021-05-05 05:00:00,2129.898,1324.665,39.346999999999994,985.49
2021-05-05 06:00:00,2386.3993339999997,1438.8883329999999,45.48933300000001,1091.410333
2021-05-05 07:00:00,2817.401167,1631.072667,78.746,1222.087334
2021-05-05 08:00:00,2989.359002,1739.935333,66.899333,1346.884333
2021-05-05 09:00:00,3109.375666,1745.452334,55.971333,1385.336667
2021-05-05 10:00:00,3126.366666,1747.7213339999998,56.776666999999996,1342.571
2021-05-05 11:00:00,3193.030835,1715.1966670000002,61.195333,1336.1879999999999
2021-05-05 12:00:00,3233.265499,1767.045,63.319333,1392.5949999999998
2021-05-05 13:00:00,3201.6515010000003,1807.252335,62.654999999999994,1371.767667
2021-05-05 14:00:00,3228.393666,1836.4790010000002,67.878667,1368.976666
2021-05-05 15:00:00,3220.893833,1788.141667,66.462,1408.609
2021-05-05 16:00:00,3310.088332,1818.778333,66.78,1419.3490000000002
2021-05-05 17:00:00,3563.380999,1933.505667,61.101333,1517.914667
2021-05-05 18:00:00,3988.1591670000003,2036.179999,78.86066699999999,1647.3306670000002
2021-05-05 19:00:00,4206.708498,2142.9696670000003,78.277667,1674.7259999999999
2021-05-05 20:00:00,4250.133,2154.7870009999997,84.77600000000001,1733.314999
2021-05-05 21:00:00,4182.908334,2207.411666,95.45700000000001,1769.068668
2021-05-05 22:00:00,4054.8714999999997,2129.364,88.05133299999997,1681.897667
2021-05-05 23:00:00,3536.165502,1904.728667,71.852333,1564.010667
2021-05-06 00:00:00,2951.917333,1678.5576660000002,50.840667,1295.178
2021-05-06 01:00:00,2515.6396670000004,1467.2259999999999,44.731,1143.174
2021-05-06 02:00:00,2220.2299999999996,1318.075,41.193999999999996,1014.823999
2021-05-06 03:00:00,2076.572667,1235.3246669999999,38.449999999999996,939.073333
2021-05-06 04:00:00,2011.5245009999999,1190.9833330000001,33.248,900.7933330000001
2021-05-06 05:00:00,2023.9913340000003,1223.655,37.57599999999999,918.3563340000001
2021-05-06 06:00:00,2220.206,1302.623667,33.22599999999999,987.460334
2021-05-06 07:00:00,2502.719499,1476.404667,41.289,1125.871666
2021-05-06 08:00:00,2739.168167,1599.289,46.651,1237.434667
2021-05-06 09:00:00,2985.582667,1611.956333,48.958999999999996,1220.767333
2021-05-06 10:00:00,2991.675166,1643.717333,63.84,1299.36
2021-05-06 11:00:00,3095.575334,1682.135667,66.22999999999999,1314.5690000000002
2021-05-06 12:00:00,3249.965333,1748.4143330000002,62.468999999999994,1329.795
2021-05-06 13:00:00,3258.428,1794.9279999999999,70.52700000000002,1372.340667
2021-05-06 14:00:00,3202.596001,1736.865667,65.316,1332.156
2021-05-06 15:00:00,3154.6074989999997,1737.7523330000001,63.321,1343.880333
2021-05-06 16:00:00,3179.704,1802.981667,71.07000000000001,1385.548666
2021-05-06 17:00:00,3299.5588340000004,1889.159667,66.733,1483.105
2021-05-06 18:00:00,3803.981667,1997.793,81.167,1652.6240000000003
2021-05-06 19:00:00,3922.374833,2124.096667,78.517,1761.0520000000001
2021-05-06 20:00:00,3993.5196669999996,2193.555667,81.809,1800.152
2021-05-06 21:00:00,3958.397333,2239.415,84.807,1760.6373330000001
2021-05-06 22:00:00,3742.6736659999997,2280.0773329999997,79.77799999999999,1729.410666
2021-05-06 23:00:00,3337.103,2065.844667,66.284,1488.668333
2021-05-07 00:00:00,2872.767666,1781.2019999999998,57.01200000000001,1310.121333
2021-05-07 01:00:00,2444.861333,1566.3196669999998,54.45499999999999,1151.677
2021-05-07 02:00:00,2275.109333,1464.7559999999999,53.46,1043.394999
2021-05-07 03:00:00,2177.597667,1378.833,40.345000000000006,978.1226690000001
2021-05-07 04:00:00,2162.52,1342.010333,42.726,966.684
2021-05-07 05:00:00,2188.281334,1383.509,48.949000000000005,1001.4883339999999
2021-05-07 06:00:00,2475.9040000000005,1489.444667,42.80499999999999,1080.420332
2021-05-07 07:00:00,2922.4686679999995,1676.556,49.859,1268.387667
2021-05-07 08:00:00,3167.508669,1847.234,72.491,1364.4486670000001
2021-05-07 09:00:00,3357.158335,1905.062333,70.534,1473.681666
2021-05-07 10:00:00,3378.775004,1919.894334,68.23600000000002,1466.2243330000001
2021-05-07 11:00:00,3285.4356640000005,1938.8999999999999,74.84,1448.76
2021-05-07 12:00:00,2770.376333,1895.182333,76.63899999999998,1480.203
2021-05-07 13:00:00,482.88201000000004,1932.5133329999999,70.87700000000001,1503.3290000000002
2021-05-07 14:00:00,2337.419667,1870.606333,68.27100000000002,1500.096
2021-05-07 15:00:00,3432.429667,1909.694,54.005,1413.395333
2021-05-07 16:00:00,3211.35,1827.2060000000001,71.419,1423.071
2021-05-07 17:00:00,3369.6773329999996,1888.819,70.585,1492.371333
2021-05-07 18:00:00,3621.575,2016.6999999999998,77.86699999999999,1551.635
2021-05-07 19:00:00,3724.923667,2072.558333,75.34,1625.2089999999998
2021-05-07 20:00:00,3721.447666,2082.668667,72.921,1646.402
2021-05-07 21:00:00,3796.517167,2264.678667,87.61999999999999,1648.147
2021-05-07 22:00:00,3705.9645,2253.025667,92.20800000000001,1665.176
2021-05-07 23:00:00,3427.6133340000006,2137.101667,87.902,1530.234
2021-05-08 00:00:00,3035.368834,1940.305666,86.53300000000002,1367.1420000000003
2021-05-08 01:00:00,2697.5515,1784.5819999999999,66.41300000000003,1237.088
2021-05-08 02:00:00,2502.158334,1661.1319999999998,66.35,1136.184
2021-05-08 03:00:00,2401.3306650000004,1533.9969999999998,64.402,1056.521
2021-05-08 04:00:00,2316.413667,1497.714,53.806,1032.288
2021-05-08 05:00:00,2336.372334,1530.617667,52.734,1028.79
2021-05-08 06:00:00,2469.466,1586.9516669999998,62.12899999999999,1101.1499999999999
2021-05-08 07:00:00,2835.4040000000005,1717.3653330000002,75.789,1211.666
2021-05-08 08:00:00,3230.165001,1907.178667,91.152,1397.941
2021-05-08 09:00:00,3653.681333,2141.9973330000003,83.471,1566.478
2021-05-08 10:00:00,3829.355667,2219.14,73.447,1670.614666
2021-05-08 11:00:00,3798.332668,2260.429333,75.161,1678.781
2021-05-08 12:00:00,3899.467167,2220.362667,81.89599999999999,1696.882
2021-05-08 13:00:00,3738.408334,2116.161333,73.375,1631.8013329999999
2021-05-08 14:00:00,3547.757001,2050.5513330000003,72.386,1556.820334
2021-05-08 15:00:00,3384.691667,1955.3339999999998,68.17999999999999,1542.115666
2021-05-08 16:00:00,3408.180501,1893.648333,67.80000000000001,1473.746333
2021-05-08 17:00:00,3413.240834,1938.342667,69.942,1534.7530000000002
2021-05-08 18:00:00,3621.226666,2091.271,98.11500000000001,1631.908
2021-05-08 19:00:00,3762.872667,2106.1796670000003,76.31099999999999,1634.5030000000002
2021-05-08 20:00:00,3803.861333,2157.0563329999995,67.022,1667.402
2021-05-08 21:00:00,3737.957333,2199.666667,73.324,1665.281
2021-05-08 22:00:00,3578.857999,2176.8973330000003,75.336,1616.090667
2021-05-08 23:00:00,3280.451,2053.685667,67.593,1517.588334
2021-05-09 00:00:00,2881.467334,1842.933,63.95700000000001,1356.583333
2021-05-09 01:00:00,2523.1916659999997,1689.4070000000002,60.994,1213.381666
2021-05-09 02:00:00,2307.5916660000003,1515.290333,43.934000000000005,1087.734666
2021-05-09 03:00:00,2141.5240000000003,1441.720667,44.608,1025.141334
2021-05-09 04:00:00,2099.2171660000004,1366.726667,40.831,974.0219989999998
2021-05-09 05:00:00,2052.123999,1381.067333,39.693000000000005,962.725334
2021-05-09 06:00:00,2168.491,1450.2820000000002,45.683,991.414002
2021-05-09 07:00:00,2422.7954999999997,1525.4859999999999,45.52100000000001,1089.200666
2021-05-09 08:00:00,2844.522334,1707.411333,59.618,1241.692334
2021-05-09 09:00:00,3275.0596670000004,1930.348,70.90400000000001,1421.360332
2021-05-09 10:00:00,3582.053334,2109.7346669999997,75.41499999999999,1609.689
2021-05-09 11:00:00,3791.107332,2198.700333,63.675,1678.265
2021-05-09 12:00:00,3774.8786659999996,2124.293333,79.734,1657.6583329999999
2021-05-09 13:00:00,3691.1886670000004,2059.707333,76.48,1670.6626660000002
2021-05-09 14:00:00,3651.379667,2052.777667,83.20700000000001,1616.8483339999998
2021-05-09 15:00:00,3529.8993329999994,1950.302333,75.103,1546.752667
2021-05-09 16:00:00,3439.418334,1962.0935,74.444,1485.703
2021-05-09 17:00:00,3598.2375,1951.261,66.86999999999999,1482.451
2021-05-09 18:00:00,3663.4643340000002,1961.82,72.479,1584.758667
2021-05-09 19:00:00,3854.7415,2092.84,78.154,1589.409
2021-05-09 20:00:00,3863.4899990000004,2102.446,87.33300000000001,1674.623334
2021-05-09 21:00:00,3994.6173339999996,2286.55,85.389,1709.857
2021-05-09 22:00:00,3856.133834,2277.8720000000003,79.16799999999999,1695.031333
2021-05-09 23:00:00,3322.063666,1993.7913330000001,69.839,1551.348
2021-05-10 00:00:00,2791.677333,1749.553667,59.858000000000004,1318.814
2021-05-10 01:00:00,2432.540999,1581.9524999999999,51.14099999999999,1121.186
2021-05-10 02:00:00,2219.499668,1409.6680000000001,41.75999999999999,1040.528667
2021-05-10 03:00:00,2081.762668,1313.961,39.272,944.0433329999998
2021-05-10 04:00:00,2077.6220000000003,1308.6680000000001,36.59199999999999,946.5493349999999
2021-05-10 05:00:00,2150.480999,1381.551,44.172000000000004,952.158333
2021-05-10 06:00:00,2446.5769999999998,1477.397,48.111000000000004,1068.183333
2021-05-10 07:00:00,2840.023666,1647.13,58.284000000000006,1210.828
2021-05-10 08:00:00,3032.5680009999996,1833.454,65.744,1389.905667
2021-05-10 09:00:00,3257.282,1851.913,89.11799999999998,1407.3606670000001
2021-05-10 10:00:00,3415.6983330000003,1862.6735,79.48400000000002,1420.3686659999998
2021-05-10 11:00:00,3409.068,1968.6580000000001,75.14200000000001,1466.52
2021-05-10 12:00:00,3397.2055,1911.9054999999998,69.89399999999999,1433.905333
2021-05-10 13:00:00,3429.096666,1877.7720000000002,80.149,1475.932
2021-05-10 14:00:00,3304.255001,1803.6644999999999,70.25399999999999,1377.974667
2021-05-10 15:00:00,3147.606001,1750.134,61.455000000000005,1387.880333
2021-05-10 16:00:00,3196.7448329999997,1819.477,60.991,1394.251001
2021-05-10 17:00:00,3469.575333,1901.1715,67.86800000000001,1499.3809999999999
2021-05-10 18:00:00,3821.642333,2047.8205,69.51700000000001,1655.254333
2021-05-10 19:00:00,4045.9759999999997,2148.5095,71.311,1668.427334
2021-05-10 20:00:00,4062.23,2183.9610000000002,63.99700000000001,1733.790999
2021-05-10 21:00:00,4110.014666,2238.667,71.548,1760.447001
2021-05-10 22:00:00,3830.9915,2171.8559999999998,71.078,1706.965667
2021-05-10 23:00:00,3376.705667,1978.3715000000002,58.844,1540.039334
2021-05-11 00:00:00,2878.094,1674.6775,44.42800000000001,1292.617001
2021-05-11 01:00:00,2434.656833,1522.424,46.724,1141.3756669999998
2021-05-11 02:00:00,2164.633499,1385.5390000000002,37.759,1024.425001
2021-05-11 03:00:00,2034.2669999999998,1289.5105,42.187000000000005,995.159331
2021-05-11 04:00:00,1968.217332,1262.1035,31.676,931.888999
2021-05-11 05:00:00,2034.3428329999997,1323.274,33.854000000000006,962.3009989999999
2021-05-11 06:00:00,2363.533168,1432.085,37.772,1055.748666
2021-05-11 07:00:00,2806.230168,1617.6799999999998,55.77400000000001,1198.37
2021-05-11 08:00:00,3031.274668,1734.357,67.61300000000001,1387.305334
2021-05-11 09:00:00,3165.7219990000003,1776.6985,62.427,1392.4033330000002
2021-05-11 10:00:00,3154.117666,1799.745,70.222,1341.1813339999999
2021-05-11 11:00:00,3242.337667,1795.483,56.029,1307.9813330000002
2021-05-11 12:00:00,3298.406999,1789.462,73.396,1337.152
2021-05-11 13:00:00,3201.398,1841.5915,59.565,1361.1019999999999
2021-05-11 14:00:00,3169.617499,1825.1865,64.433,1363.286
2021-05-11 15:00:00,3148.375167,1740.143,51.007999999999996,1361.024
2021-05-11 16:00:00,3273.104166,1836.8325,54.48800000000001,1358.806
2021-05-11 17:00:00,3627.8936679999997,1894.1634999999999,59.91500000000001,1485.215334
2021-05-11 18:00:00,3968.4849999999997,2029.5915,63.74400000000001,1639.063333
2021-05-11 19:00:00,4175.195331999999,2134.869,65.851,1714.3026670000002
2021-05-11 20:00:00,4057.208999,2153.3375,67.53200000000001,1741.627001
2021-05-11 21:00:00,4014.8185,2207.1025,83.569,1749.539334
2021-05-11 22:00:00,3901.222167,2185.001,70.217,1715.32
2021-05-11 23:00:00,3351.438833,1997.3265,71.25700000000002,1527.4156659999999
2021-05-12 00:00:00,2840.206333,1694.9175,55.201,1305.49
2021-05-12 01:00:00,2387.3891670000003,1447.5815,49.43200000000001,1090.796667
2021-05-12 02:00:00,2176.2108339999995,1363.4265,46.29700000000001,971.2273339999999
2021-05-12 03:00:00,2045.0394999999999,1279.676,38.389999999999986,952.3086669999999
2021-05-12 04:00:00,1973.1561660000002,1237.6014999999998,36.493,889.601
2021-05-12 05:00:00,2007.5913320000002,1283.708,38.479,942.623333
2021-05-12 06:00:00,2234.340001,1349.55,40.961,1012.7900000000001
2021-05-12 07:00:00,2611.322999,1498.0729999999999,38.509,1148.653668
2021-05-12 08:00:00,2881.4420010000003,1615.6934999999999,50.003,1262.509666
2021-05-12 09:00:00,2993.838834,1653.6825,59.875,1310.8733320000001
2021-05-12 10:00:00,3104.288334,1693.0035,51.62599999999999,1320.755334
2021-05-12 11:00:00,3145.5385,1744.456333,46.985,1347.3003330000001
2021-05-12 12:00:00,3255.9420010000003,1747.579833,65.29200000000002,1371.069333
2021-05-12 13:00:00,3297.131166,1768.709,59.437,1414.406333
2021-05-12 14:00:00,3238.930166,1770.742,65.05399999999999,1382.1383329999999
2021-05-12 15:00:00,3251.797501,1788.7415,60.376999999999995,1417.905
2021-05-12 16:00:00,3474.561166,1842.913167,66.803,1517.736333
2021-05-12 17:00:00,3907.568666,1993.102667,74.32900000000002,1584.3456669999998
2021-05-12 18:00:00,4316.509667,2161.841667,87.14299999999999,1704.3319999999999
2021-05-12 19:00:00,4648.590167,2270.416333,97.641,1832.2796670000002
2021-05-12 20:00:00,4634.391833000001,2250.5295,88.35,1842.018667
2021-05-12 21:00:00,4504.659167,2247.4548330000002,88.762,1835.351
2021-05-12 22:00:00,4211.9705,2203.031667,94.645,1755.380667
2021-05-12 23:00:00,3602.909835,2010.745833,84.555,1511.3706670000001
2021-05-13 00:00:00,3015.0270020000003,1740.9125,67.535,1344.8890000000001
2021-05-13 01:00:00,2565.624166,1485.207167,54.263000000000005,1158.308333
2021-05-13 02:00:00,2226.6673330000003,1335.1595000000002,50.869,1032.194333
2021-05-13 03:00:00,2049.495501,1247.2835,43.159,958.2679989999999
2021-05-13 04:00:00,1978.865667,1207.644,41.59,911.1643320000001
2021-05-13 05:00:00,1961.935334,1230.123333,33.723,941.352669
2021-05-13 06:00:00,2206.461,1307.154333,39.249,983.3359979999999
2021-05-13 07:00:00,2557.275667,1493.533,39.338,1138.430333
2021-05-13 08:00:00,2844.796,1639.0529999999999,51.87800000000001,1234.777333
2021-05-13 09:00:00,2940.364667,1664.972667,58.731,1285.7556680000002
2021-05-13 10:00:00,3001.3143330000003,1641.089167,61.67999999999999,1271.0900000000001
2021-05-13 11:00:00,3131.081501,1731.068667,59.956,1288.0026659999999
2021-05-13 12:00:00,3187.7995,1765.360333,59.842999999999996,1311.911666
2021-05-13 13:00:00,3321.8816659999998,1786.274167,55.256,1360.5316679999999
2021-05-13 14:00:00,3237.1645,1748.661,54.509,1395.008333
2021-05-13 15:00:00,3315.683999,1742.1445,66.49100000000001,1454.279667
2021-05-13 16:00:00,3539.1373329999997,1859.5463329999998,60.992,1493.604333
2021-05-13 17:00:00,3902.185333,1986.656,67.56700000000001,1580.302667
2021-05-13 18:00:00,4195.678832,2081.0516669999997,80.16000000000001,1717.0980000000002
2021-05-13 19:00:00,4354.872999,2219.352,79.223,1809.58
2021-05-13 20:00:00,4387.413999,2206.4685,83.544,1837.8760000000002
2021-05-13 21:00:00,4235.7431670000005,2289.1535,85.283,1852.534001
2021-05-13 22:00:00,4123.749333,2225.709,76.974,1793.731332
2021-05-13 23:00:00,3680.706666,1977.836833,71.597,1622.6976679999998
2021-05-14 00:00:00,3083.085333,1749.6435000000001,53.961999999999996,1370.979
2021-05-14 01:00:00,2545.466333,1506.099,51.063,1147.106333
2021-05-14 02:00:00,2244.082499,1365.488,46.385999999999996,983.0576679999999
2021-05-14 03:00:00,2058.007166,1273.520499,42.46000000000001,963.9630010000001
2021-05-14 04:00:00,1976.999,1222.242,38.46999999999999,922.366
2021-05-14 05:00:00,1993.009001,1231.9144999999999,37.528999999999996,930.02
2021-05-14 06:00:00,2185.56,1311.8615,41.319,1001.453
2021-05-14 07:00:00,2519.5384999999997,1428.347833,37.458000000000006,1105.2849999999999
2021-05-14 08:00:00,2775.0353330000003,1615.4285,43.681999999999995,1253.77
2021-05-14 09:00:00,3017.096001,1699.2673329999998,54.774,1250.4180000000001
2021-05-14 10:00:00,3122.6886670000004,1651.0585,71.11200000000001,1288.373667
2021-05-14 11:00:00,3162.5646669999996,1683.2725,65.816,1365.152333
2021-05-14 12:00:00,3323.8718329999997,1789.5789999999997,69.823,1428.666001
2021-05-14 13:00:00,3404.907334,1841.520333,65.09200000000001,1487.206667
2021-05-14 14:00:00,3427.4718329999996,1881.466167,69.039,1449.1903320000001
2021-05-14 15:00:00,3506.346334,1896.8725,69.08099999999999,1498.812667
2021-05-14 16:00:00,3736.367333,2019.837167,61.775999999999996,1566.906333
2021-05-14 17:00:00,4085.140501,2069.380833,63.394999999999996,1674.746
2021-05-14 18:00:00,4440.821167,2202.0765,72.34200000000001,1733.439667
2021-05-14 19:00:00,4553.477334,2304.477833,76.122,1753.0053340000002
2021-05-14 20:00:00,4502.367666,2238.127333,79.92499999999998,1761.458666
2021-05-14 21:00:00,4263.575667,2213.9008329999997,80.38500000000002,1725.193667
2021-05-14 22:00:00,3907.7403329999997,2164.286667,79.845,1698.688333
2021-05-14 23:00:00,3596.405999,2018.7763329999998,77.144,1534.9569999999999
2021-05-15 00:00:00,3096.202333,1749.630667,61.574,1367.443
2021-05-15 01:00:00,2595.778668,1541.915167,46.652,1186.226999
2021-05-15 02:00:00,2308.016667,1363.3858329999998,44.858,1038.215667
2021-05-15 03:00:00,2110.852333,1233.8125,31.007,953.313333
2021-05-15 04:00:00,1998.286667,1167.1570000000002,33.13300000000001,892.2603340000001
2021-05-15 05:00:00,1940.4803339999999,1199.644667,33.168,895.4376670000001
2021-05-15 06:00:00,2039.698666,1240.769333,37.212999999999994,930.492668
2021-05-15 07:00:00,2260.7998340000004,1384.929667,36.047000000000004,1005.182
2021-05-15 08:00:00,2655.270667,1510.344,39.632,1154.025
2021-05-15 09:00:00,3032.311333,1731.4085,51.115,1282.589332
2021-05-15 10:00:00,3235.6160010000003,1823.4148329999998,53.461,1377.611999
2021-05-15 11:00:00,3455.4359999999997,1913.4150000000002,74.409,1454.564332
2021-05-15 12:00:00,3486.6963339999998,1947.446167,71.833,1469.376334
2021-05-15 13:00:00,3530.511666,1925.8915000000002,57.855,1484.9416660000002
2021-05-15 14:00:00,3497.945667,1896.2695,58.024,1517.381666
2021-05-15 15:00:00,3553.4710010000003,1972.153333,64.62299999999999,1465.413333
2021-05-15 16:00:00,3675.875998,1979.8571670000001,59.371,1516.7756669999999
2021-05-15 17:00:00,3961.6596670000004,2058.961333,76.695,1596.268332
2021-05-15 18:00:00,4439.047667,2160.6795,77.192,1654.480667
2021-05-15 19:00:00,4516.666334,2248.7925,79.87799999999999,1681.401667
2021-05-15 20:00:00,4497.654666,2250.208667,82.46900000000001,1724.399334
2021-05-15 21:00:00,4287.575999999999,2247.1195,84.87700000000001,1659.186667
2021-05-15 22:00:00,4016.759,2233.470333,74.66399999999999,1656.3400000000001
2021-05-15 23:00:00,3666.294334,2045.526166,72.82300000000001,1556.527999
2021-05-16 00:00:00,3145.593667,1770.773999,60.019,1385.187
2021-05-16 01:00:00,2703.3613330000003,1599.094333,57.184999999999995,1194.791667
2021-05-16 02:00:00,2356.618333,1398.3785,51.207000000000015,1048.9889990000001
2021-05-16 03:00:00,2129.725333,1276.4508329999999,39.033,957.5583330000001
2021-05-16 04:00:00,1999.835332,1237.6064999999999,37.126000000000005,918.0659999999999
2021-05-16 05:00:00,1945.916,1177.2193320000001,34.623,903.9069999999999
2021-05-16 06:00:00,1957.464333,1205.4645,32.858999999999995,908.7270000000001
2021-05-16 07:00:00,2195.8925,1306.163666,32.548,973.8896649999999
2021-05-16 08:00:00,2506.7825000000003,1480.503334,44.98500000000001,1115.9303340000001
2021-05-16 09:00:00,2928.992,1640.3903340000002,52.678999999999995,1253.778
2021-05-16 10:00:00,3230.701,1827.3836660000002,58.697,1450.785334
2021-05-16 11:00:00,3538.538333,1941.5594999999998,63.628,1500.223667
2021-05-16 12:00:00,3706.684,2032.796667,70.31400000000001,1538.520333
2021-05-16 13:00:00,3719.354166,2170.298,76.12599999999998,1583.235001
2021-05-16 14:00:00,3940.068833,2185.422,85.54699999999998,1662.1876669999997
2021-05-16 15:00:00,3933.1858330000005,2202.4176669999997,94.526,1698.5836669999999
2021-05-16 16:00:00,4207.42,2297.218,81.83999999999999,1755.594334
2021-05-16 17:00:00,4634.680334,2339.142,94.492,1800.834667
2021-05-16 18:00:00,5064.168,2499.241833,102.85100000000001,1933.2240000000002
2021-05-16 19:00:00,5130.66,2560.672,104.615,2036.7009999999998
2021-05-16 20:00:00,5164.433667,2552.646,100.86000000000001,2043.8699999999997
2021-05-16 21:00:00,4881.966,2524.9494999999997,103.925,1999.766
2021-05-16 22:00:00,4607.538667,2440.6000000000004,95.643,1970.132333
2021-05-16 23:00:00,3967.862666,2139.661,98.87599999999999,1729.8616670000001
2021-05-17 00:00:00,3234.3631670000004,1798.9875,70.922,1407.002667
2021-05-17 01:00:00,2666.5463330000002,1509.019,59.421,1211.565666
2021-05-17 02:00:00,2365.793334,1333.33,50.479,1042.466667
2021-05-17 03:00:00,2111.699834,1274.857,42.971000000000004,973.835667
2021-05-17 04:00:00,2030.912,1178.8500000000001,35.199999999999996,907.4963339999999
2021-05-17 05:00:00,1954.062,1210.644,43.449999999999996,925.8706669999999
2021-05-17 06:00:00,2166.5195,1316.1419999999998,37.047,1003.6483329999999
2021-05-17 07:00:00,2499.020334,1451.079,40.001999999999995,1103.897667
2021-05-17 08:00:00,2704.226001,1545.526,51.34299999999999,1188.858333
2021-05-17 09:00:00,2873.454501,1667.055,51.73,1265.750667
2021-05-17 10:00:00,3022.915,1706.223,71.924,1325.028
2021-05-17 11:00:00,3217.3896670000004,1740.541,55.72,1349.858667
2021-05-17 12:00:00,3314.435333,1802.959333,65.397,1408.420333
2021-05-17 13:00:00,3314.351667,1822.907334,69.576,1400.813
2021-05-17 14:00:00,3215.209834,1742.5349999999999,70.962,1367.139333
2021-05-17 15:00:00,3183.048334,1721.8630000000003,61.57300000000001,1346.1660000000002
2021-05-17 16:00:00,3247.325667,1768.9050000000002,71.99499999999999,1412.9699999999998
2021-05-17 17:00:00,3490.517166,1878.131,65.80499999999999,1528.9189999999999
2021-05-17 18:00:00,3749.447999,2088.3559999999998,86.56700000000001,1647.37
2021-05-17 19:00:00,3904.645667,2164.9030000000002,73.901,1711.4209999999998
2021-05-17 20:00:00,4014.0249999999996,2147.523,87.15899999999999,1763.472
2021-05-17 21:00:00,3898.478,2099.98,84.555,1761.05
2021-05-17 22:00:00,3648.7938329999997,2046.455,70.38099999999999,1676.736334
2021-05-17 23:00:00,3192.985167,1874.189,64.902,1451.458
2021-05-18 00:00:00,2662.9536660000003,1619.527,56.22399999999999,1273.963334
2021-05-18 01:00:00,2321.1323329999996,1444.4750000000001,47.479,1085.374334
2021-05-18 02:00:00,2135.770666,1313.588,42.592,996.771
2021-05-18 03:00:00,2015.2150000000001,1210.692,39.183,915.809
2021-05-18 04:00:00,1955.5695,1195.722334,33.79,908.0059999999999
2021-05-18 05:00:00,2022.7125,1279.4560000000001,33.498,929.7930000000001
2021-05-18 06:00:00,2342.774667,1389.0140000000001,40.546,1022.3140000000001
2021-05-18 07:00:00,2694.234001,1535.56,51.392,1131.614
2021-05-18 08:00:00,2881.6893339999997,1648.152,55.82399999999999,1258.961
2021-05-18 09:00:00,3066.679333,1725.602,50.539,1323.096
2021-05-18 10:00:00,3168.5190000000002,1734.5500000000002,81.807,1334.981667
2021-05-18 11:00:00,3287.8148330000004,1814.2530000000002,66.50100000000002,1400.561667
2021-05-18 12:00:00,3358.5705,1924.525,69.255,1435.2403319999999
2021-05-18 13:00:00,3284.637333,1896.853,61.432,1448.921
2021-05-18 14:00:00,3221.271833,1819.924,57.175,1471.098665
2021-05-18 15:00:00,3184.496,1819.231,49.906,1406.068334
2021-05-18 16:00:00,3104.819333,1771.071,54.735,1386.5460010000002
2021-05-18 17:00:00,3346.426667,1898.203,66.58300000000001,1478.385666
2021-05-18 18:00:00,3802.650001,2078.9049999999997,74.38700000000001,1640.238667
2021-05-18 19:00:00,3844.0688330000003,2259.382333,88.387,1706.348667
2021-05-18 20:00:00,3912.59,2181.582333,88.467,1722.441334
2021-05-18 21:00:00,3853.904333,2209.1059999999998,79.4,1699.701001
2021-05-18 22:00:00,3834.8483340000002,2243.55,81.45599999999999,1698.1913330000002
2021-05-18 23:00:00,3347.982333,2050.199,86.38300000000001,1505.219333
2021-05-19 00:00:00,2835.5218330000002,1782.111,62.81100000000001,1301.542334
2021-05-19 01:00:00,2509.292333,1591.351667,55.431000000000004,1160.568334
2021-05-19 02:00:00,2284.7648339999996,1470.829666,49.62799999999999,1043.475666
2021-05-19 03:00:00,2157.226501,1388.8669989999999,42.423,1011.280333
2021-05-19 04:00:00,2161.7075,1369.472667,42.699999999999996,980.5860010000001
2021-05-19 05:00:00,2238.272832,1428.4650000000001,48.06000000000001,1039.873666
2021-05-19 06:00:00,2571.1003339999997,1568.729,63.382,1142.748666
2021-05-19 07:00:00,2933.775333,1787.5919999999999,84.97999999999999,1237.804001
2021-05-19 08:00:00,3197.2651670000005,1839.067,73.02199999999998,1378.524667
2021-05-19 09:00:00,3283.7361669999996,1884.676,73.414,1436.6149999999998
2021-05-19 10:00:00,3301.469,1904.813,74.34099999999998,1413.327
2021-05-19 11:00:00,3373.633,1912.5349999999999,73.24,1402.7583329999998
2021-05-19 12:00:00,3481.161501,1912.2776670000003,93.83,1438.439
2021-05-19 13:00:00,3419.118998,1928.419333,73.055,1413.718
2021-05-19 14:00:00,3286.459,1834.9429999999998,70.655,1338.944
2021-05-19 15:00:00,3322.194333,1921.538667,73.316,1419.0169999999998
2021-05-19 16:00:00,3352.000666,1913.2453329999998,72.906,1424.978
2021-05-19 17:00:00,3523.460333,2010.369,83.006,1509.615667
2021-05-19 18:00:00,3704.436334,2186.415,81.272,1610.672666
2021-05-19 19:00:00,3905.0260000000003,2284.058,98.91499999999999,1700.9053330000002
2021-05-19 20:00:00,3970.4229990000003,2223.306,69.864,1731.245333
2021-05-19 21:00:00,3946.178001,2301.7490000000003,79.845,1771.7510000000002
2021-05-19 22:00:00,3925.978,2310.475,78.334,1727.5083330000002
2021-05-19 23:00:00,3472.253334,2157.273,93.36100000000002,1552.647333
2021-05-20 00:00:00,2961.919501,1907.594,75.26,1366.024667
2021-05-20 01:00:00,2591.937166,1692.4470000000001,67.868,1192.970667
2021-05-20 02:00:00,2380.989166,1546.010667,66.92200000000001,1093.273667
2021-05-20 03:00:00,2279.450335,1475.165667,57.767,1025.503666
2021-05-20 04:00:00,2257.667499,1457.610333,52.729,1009.5293330000001
2021-05-20 05:00:00,2321.924333,1537.0790000000002,65.403,1064.2400010000001
2021-05-20 06:00:00,2671.084667,1649.091,67.27199999999999,1158.1986660000002
2021-05-20 07:00:00,3052.620334,1881.729,72.30799999999999,1307.8016670000002
2021-05-20 08:00:00,3323.352,1977.447,79.12400000000001,1465.4589999999998
2021-05-20 09:00:00,3517.5426670000006,2067.644,95.124,1525.317668
2021-05-20 10:00:00,3526.3504999999996,2067.509,108.648,1489.1456660000001
2021-05-20 11:00:00,3577.382833,2050.048,102.884,1537.974
2021-05-20 12:00:00,3588.751667,2109.493,83.18199999999999,1556.7546670000002
2021-05-20 13:00:00,3449.309667,2016.1380000000001,75.64899999999999,1528.7803330000002
2021-05-20 14:00:00,3382.497001,1984.652,63.07,1456.156
2021-05-20 15:00:00,3250.7649979999997,1945.004,84.26700000000001,1423.648
2021-05-20 16:00:00,3357.9663339999997,1887.837,68.572,1441.66
2021-05-20 17:00:00,3440.8900000000003,1929.4099999999999,76.24000000000001,1520.880667
2021-05-20 18:00:00,3909.372333,2150.3269999999998,89.64300000000001,1696.6619999999998
2021-05-20 19:00:00,4027.320665,2207.68,81.337,1809.801667
2021-05-20 20:00:00,4114.322667,2243.111,74.588,1782.282667
2021-05-20 21:00:00,3988.194001,2307.634,98.752,1724.887999
2021-05-20 22:00:00,3921.572665,2208.3720000000003,100.18299999999999,1753.628667
2021-05-20 23:00:00,3357.559,2095.147,94.14600000000002,1572.098667
2021-05-21 00:00:00,2921.203334,1862.099,85.424,1361.837
2021-05-21 01:00:00,2596.112667,1700.108,62.128,1196.5613329999999
2021-05-21 02:00:00,2379.262165,1559.833333,60.206999999999994,1098.808
2021-05-21 03:00:00,2295.458334,1490.7596669999998,58.132000000000005,1062.292667
2021-05-21 04:00:00,2268.023166,1439.449,65.61500000000001,1034.587
2021-05-21 05:00:00,2281.1650010000003,1478.723,61.313,1055.570333
2021-05-21 06:00:00,2543.021667,1620.623,65.986,1126.3536669999999
2021-05-21 07:00:00,2926.959,1813.2690000000002,74.108,1284.002
2021-05-21 08:00:00,3232.591,1948.5369999999998,93.562,1400.476666
2021-05-21 09:00:00,3433.397333,2042.862,95.003,1470.6006659999998
2021-05-21 10:00:00,3517.0546670000003,2031.2689999999998,88.396,1520.714334
2021-05-21 11:00:00,3606.717834,2100.371,91.533,1560.446667
2021-05-21 12:00:00,3767.092332,2089.823667,86.19200000000001,1554.392667
2021-05-21 13:00:00,3646.198667,2080.046,84.749,1544.410333
2021-05-21 14:00:00,3559.3843340000003,1961.288,77.83800000000001,1525.484332
2021-05-21 15:00:00,3338.092668,1908.2710000000002,73.10100000000001,1456.047334
2021-05-21 16:00:00,3277.514,1906.568,65.624,1491.4790010000002
2021-05-21 17:00:00,3471.3800010000004,1957.372,64.082,1508.811667
2021-05-21 18:00:00,3592.444666,1970.054,75.712,1578.276668
2021-05-21 19:00:00,3608.395001,2051.007,83.863,1544.199669
2021-05-21 20:00:00,3620.832,2062.421,73.101,1506.178333
2021-05-21 21:00:00,3676.745667,2118.4179999999997,86.67999999999999,1605.7350000000001
2021-05-21 22:00:00,3634.105667,2129.008,80.99099999999999,1574.567
2021-05-21 23:00:00,3340.6643339999996,2059.609,69.905,1524.969666
2021-05-22 00:00:00,2915.847333,1881.133,71.23100000000001,1409.165
2021-05-22 01:00:00,2530.691334,1679.6419999999998,63.044999999999995,1219.410001
2021-05-22 02:00:00,2306.7903340000003,1513.456333,50.189,1082.005
2021-05-22 03:00:00,2180.6703340000004,1420.4973329999998,51.095,1027.6133340000001
2021-05-22 04:00:00,2079.985834,1411.894667,58.05000000000001,972.7193339999999
2021-05-22 05:00:00,2088.8861660000002,1406.5390000000002,42.620000000000005,953.908668
2021-05-22 06:00:00,2192.5873330000004,1399.657333,50.766000000000005,1004.7156669999999
2021-05-22 07:00:00,2455.8335,1512.361667,59.440000000000005,1097.311667
2021-05-22 08:00:00,2836.7650000000003,1717.399666,74.46100000000001,1254.3443340000001
2021-05-22 09:00:00,3176.935,1901.1636669999998,69.99300000000001,1380.5623329999999
2021-05-22 10:00:00,3561.6295,2030.159,81.489,1486.228667
2021-05-22 11:00:00,3608.5048340000003,2153.5600000000004,83.45600000000002,1634.292
2021-05-22 12:00:00,3697.221001,2122.5826660000002,67.298,1621.214
2021-05-22 13:00:00,3645.5556659999997,2133.893,78.92099999999999,1621.073
2021-05-22 14:00:00,3480.752167,2005.938,71.448,1508.624
2021-05-22 15:00:00,3394.4138350000003,1911.9920000000002,68.11200000000001,1500.1329999999998
2021-05-22 16:00:00,3465.244999,1935.885,70.288,1453.780001
2021-05-22 17:00:00,3497.3905000000004,1901.599,73.966,1434.583666
2021-05-22 18:00:00,3642.240167,1972.6910000000003,72.93,1454.302
2021-05-22 19:00:00,3634.387166,2042.9740000000002,78.736,1558.953667
2021-05-22 20:00:00,3616.5455,2026.8899999999999,81.36599999999999,1547.453
2021-05-22 21:00:00,3625.325333,2031.717,80.48899999999999,1569.028667
2021-05-22 22:00:00,3639.546666,2084.849,72.91999999999999,1587.329667
2021-05-22 23:00:00,3325.8536670000003,1921.472,72.05000000000001,1478.4866670000001
2021-05-23 00:00:00,2916.065666,1737.6820000000002,58.393,1303.0733340000002
2021-05-23 01:00:00,2481.6643320000003,1552.0823329999998,46.231,1141.052667
2021-05-23 02:00:00,2220.399333,1374.5819999999999,43.394000000000005,1065.29
2021-05-23 03:00:00,2066.0840000000003,1289.4206669999999,44.447,977.8019999999999
2021-05-23 04:00:00,2009.8276660000001,1245.923,37.153999999999996,900.509
2021-05-23 05:00:00,1990.3236670000001,1226.681,36.541,921.2660000000001
2021-05-23 06:00:00,2046.652667,1262.457,37.281,925.910667
2021-05-23 07:00:00,2277.461501,1370.0700000000002,35.690000000000005,978.4280000000001
2021-05-23 08:00:00,2636.204333,1522.228,56.025000000000006,1111.858
2021-05-23 09:00:00,3087.1121669999998,1739.0389999999998,59.266999999999996,1277.5791669999999
2021-05-23 10:00:00,3378.3829990000004,1938.545,69.99399999999999,1445.687333
2021-05-23 11:00:00,3725.659166,2064.075,80.35800000000002,1538.149
2021-05-23 12:00:00,3756.7929999999997,2108.839,77.068,1594.384333
2021-05-23 13:00:00,3833.010667,2125.79,73.436,1603.422333
2021-05-23 14:00:00,3854.1245,2170.6,92.97200000000001,1563.205334
2021-05-23 15:00:00,3755.120833,2303.2180000000003,98.827,1705.6116670000001
2021-05-23 16:00:00,3756.1144999999997,2300.292,99.161,1740.5876670000002
2021-05-23 17:00:00,3756.231835,2255.7740000000003,71.655,1672.3980000000001
2021-05-23 18:00:00,3991.281333,2251.259,75.768,1706.071
2021-05-23 19:00:00,4107.561334,2358.817,94.911,1818.828
2021-05-23 20:00:00,4064.1859999999997,2248.968,90.29599999999999,1828.5819999999999
2021-05-23 21:00:00,4022.686001,2309.685,97.86399999999998,1804.419667
2021-05-23 22:00:00,3904.254501,2255.527,97.01400000000001,1751.702
2021-05-23 23:00:00,3402.3770000000004,2083.915,73.329,1545.6636669999998
2021-05-24 00:00:00,2834.626668,1805.9969999999998,67.844,1350.668666
2021-05-24 01:00:00,2419.7628320000003,1609.105333,52.352999999999994,1178.517334
2021-05-24 02:00:00,2169.392001,1454.219666,41.756,1076.3296659999999
2021-05-24 03:00:00,2096.9883330000002,1375.098333,40.893,983.129999
2021-05-24 04:00:00,2068.787334,1328.9850000000001,39.041000000000004,971.3239990000001
2021-05-24 05:00:00,2112.225499,1366.829,42.696,1002.738001
2021-05-24 06:00:00,2401.351166,1464.578,50.923,1038.65
2021-05-24 07:00:00,2739.085334,1597.35,80.693,1146.490667
2021-05-24 08:00:00,3026.4888339999998,1753.5610000000001,75.58800000000001,1281.6003329999999
2021-05-24 09:00:00,3254.560834,1860.371,72.61299999999999,1400.205
2021-05-24 10:00:00,3381.544833,1894.7039999999997,81.93900000000001,1413.715334
2021-05-24 11:00:00,3449.938001,1947.493,72.02499999999999,1458.894333
2021-05-24 12:00:00,3661.946334,2000.371,72.51199999999999,1552.817333
2021-05-24 13:00:00,3557.246333,2073.0786669999998,64.76,1519.883
2021-05-24 14:00:00,3523.478335,1982.788,87.958,1525.569
2021-05-24 15:00:00,3442.989,1949.52,88.39,1469.901335
2021-05-24 16:00:00,3439.651667,1938.195,74.83799999999998,1484.992334
2021-05-24 17:00:00,3674.497999,2089.955,70.89899999999999,1576.776334
2021-05-24 18:00:00,4022.082332,2272.0280000000002,100.535,1722.826667
2021-05-24 19:00:00,4094.073167,2329.282,101.19000000000003,1862.575001
2021-05-24 20:00:00,4062.131334,2256.5989999999997,88.919,1773.659667
2021-05-24 21:00:00,4108.6379990000005,2285.198,88.56000000000002,1740.255668
2021-05-24 22:00:00,3876.702666,2221.1839999999997,84.945,1695.763335
2021-05-24 23:00:00,3408.501333,2007.113333,66.265,1504.284
2021-05-25 00:00:00,2849.680499,1725.579,61.476000000000006,1339.822999
2021-05-25 01:00:00,2468.077667,1509.929,55.769000000000005,1152.484665
2021-05-25 02:00:00,2229.252333,1372.222,46.596000000000004,1038.057668
2021-05-25 03:00:00,2087.514001,1289.694,37.989999999999995,976.2986680000001
2021-05-25 04:00:00,2024.931666,1262.2540000000001,39.71,945.921666
2021-05-25 05:00:00,2095.343,1311.2669999999998,39.79599999999999,969.578668
2021-05-25 06:00:00,2348.373667,1421.7089999999998,41.15399999999999,1057.444332
2021-05-25 07:00:00,2680.486668,1560.589,58.260000000000005,1182.203
2021-05-25 08:00:00,2897.753168,1666.909333,54.912,1299.770999
2021-05-25 09:00:00,3149.666333,1716.055667,53.006,1289.7890009999999
2021-05-25 10:00:00,3244.4851660000004,1756.7656670000001,70.053,1360.723668
2021-05-25 11:00:00,3351.762,1798.5860000000002,77.934,1368.4429989999999
2021-05-25 12:00:00,3384.836,1822.576,72.966,1438.796
2021-05-25 13:00:00,3297.004333,1858.583667,68.05599999999998,1425.602002
2021-05-25 14:00:00,3303.171666,1815.726,70.2,1371.730333
2021-05-25 15:00:00,3270.9438330000003,1874.8229999999999,62.75299999999999,1403.604334
2021-05-25 16:00:00,3416.2936659999996,1936.264,65.39500000000001,1439.238999
2021-05-25 17:00:00,3540.5193339999996,1980.9160000000002,70.763,1537.869834
2021-05-25 18:00:00,3890.262834,2120.897,82.31700000000002,1680.9780010000002
2021-05-25 19:00:00,4003.898833,2241.786,81.862,1782.3439999999998
2021-05-25 20:00:00,3960.597833,2250.5350000000003,70.671,1720.827334
2021-05-25 21:00:00,3915.041,2294.744,70.45299999999999,1805.557334
2021-05-25 22:00:00,3893.016667,2221.9539999999997,82.289,1712.5156670000001
2021-05-25 23:00:00,3380.147,2020.161,75.25000000000001,1525.552666
2021-05-26 00:00:00,2917.902332,1714.6186659999998,65.728,1303.7489990000001
2021-05-26 01:00:00,2479.573333,1518.873,55.579,1111.458333
2021-05-26 02:00:00,2242.875833,1396.1689999999999,44.876,1035.964334
2021-05-26 03:00:00,2131.736335,1340.223333,43.163,982.3316649999999
2021-05-26 04:00:00,2153.1665000000003,1303.575666,39.967000000000006,976.2280000000001
2021-05-26 05:00:00,2149.824166,1356.223333,45.962999999999994,974.3609980000001
2021-05-26 06:00:00,2471.1266669999995,1470.836333,47.233000000000004,1030.336501
2021-05-26 07:00:00,2834.846668,1627.5786670000002,57.028999999999996,1212.875832
2021-05-26 08:00:00,3071.221,1709.482999,52.85600000000001,1326.139667
2021-05-26 09:00:00,3175.2286670000003,1726.9986669999998,58.402,1293.7283340000001
2021-05-26 10:00:00,3115.722501,1697.1779999999999,60.464999999999996,1299.169333
2021-05-26 11:00:00,3133.276333,1698.3283339999998,64.391,1351.3366660000002
2021-05-26 12:00:00,3211.2356680000003,1749.0430000000001,69.994,1363.7516660000001
2021-05-26 13:00:00,3221.9334989999998,1764.6480000000001,71.67000000000002,1374.167334
2021-05-26 14:00:00,3118.2523330000004,1750.537,63.806999999999995,1320.375334
2021-05-26 15:00:00,3116.2516659999997,1743.879,71.414,1375.570667
2021-05-26 16:00:00,3198.566667,1760.047,76.436,1365.135668
2021-05-26 17:00:00,3487.560167,1900.203667,83.72399999999999,1429.137334
2021-05-26 18:00:00,3811.8014999999996,2061.1913329999998,71.93499999999999,1595.026667
2021-05-26 19:00:00,3940.658834,2101.73,79.40299999999999,1663.444
2021-05-26 20:00:00,3959.346666,2094.7219999999998,79.68800000000002,1701.332333
2021-05-26 21:00:00,4029.7285,2078.377334,84.61800000000001,1705.345
2021-05-26 22:00:00,3924.707168,2138.477,82.11899999999999,1684.3339999999998
2021-05-26 23:00:00,3414.978167,1923.7306670000003,62.41899999999999,1534.004668
2021-05-27 00:00:00,2863.800834,1627.602667,60.13199999999999,1300.4146660000001
2021-05-27 01:00:00,2476.541499,1428.714,48.398999999999994,1142.450667
2021-05-27 02:00:00,2187.3605,1290.631667,45.87299999999999,1006.041
2021-05-27 03:00:00,2040.9976680000002,1233.857,37.041000000000004,943.108332
2021-05-27 04:00:00,1951.645833,1182.440667,37.94299999999999,906.516001
2021-05-27 05:00:00,2015.4098330000002,1258.3220000000001,39.495999999999995,932.791
2021-05-27 06:00:00,2260.5513339999998,1332.384,42.955,976.3690009999999
2021-05-27 07:00:00,2581.2056669999997,1506.189333,47.481,1109.004666
2021-05-27 08:00:00,2836.459001,1627.0993330000001,53.686,1232.648667
2021-05-27 09:00:00,3017.945001,1679.8903329999998,54.353,1280.156
2021-05-27 10:00:00,3138.252166,1686.688,67.403,1363.9800010000001
2021-05-27 11:00:00,3341.4026670000003,1742.887667,72.32700000000001,1335.792
2021-05-27 12:00:00,3402.4243340000003,1815.5110000000002,64.232,1368.4113340000001
2021-05-27 13:00:00,3322.205167,1844.799,64.67900000000002,1383.973
2021-05-27 14:00:00,3197.280167,1812.877,62.509,1350.6606660000002
2021-05-27 15:00:00,3087.4599989999997,1719.434,68.44899999999998,1324.8940000000002
2021-05-27 16:00:00,3164.857999,1757.314,69.156,1281.257
2021-05-27 17:00:00,3370.711332,1826.549,72.44000000000001,1372.709667
2021-05-27 18:00:00,3619.719167,1999.2889999999998,86.341,1561.523666
2021-05-27 19:00:00,3799.351332,2152.343,75.78199999999998,1636.1386670000002
2021-05-27 20:00:00,3847.600501,2223.3630000000003,79.405,1702.978666
2021-05-27 21:00:00,3747.352,2198.638,85.15599999999999,1656.31
2021-05-27 22:00:00,3790.033333,2177.932,80.96400000000001,1658.853
2021-05-27 23:00:00,3361.422999,2034.7740000000001,74.162,1529.771
2021-05-28 00:00:00,2860.971667,1765.085,56.775000000000006,1328.023667
2021-05-28 01:00:00,2495.700667,1593.416667,54.527,1169.230333
2021-05-28 02:00:00,2240.347498,1435.516333,52.027,1026.940333
2021-05-28 03:00:00,2120.359667,1338.7269999999999,50.706999999999994,959.9346659999999
2021-05-28 04:00:00,2107.844333,1296.696,43.410000000000004,948.445334
2021-05-28 05:00:00,2123.150334,1335.838,46.944,986.2686659999999
2021-05-28 06:00:00,2373.828667,1415.1329999999998,47.665,1062.223
2021-05-28 07:00:00,2741.738166,1567.9829999999997,49.644999999999996,1197.033
2021-05-28 08:00:00,2983.1898340000002,1701.1109999999999,58.782000000000004,1307.168333
2021-05-28 09:00:00,3095.277333,1778.268,62.124,1347.866
2021-05-28 10:00:00,3179.8110000000006,1786.814,63.94499999999999,1349.017667
2021-05-28 11:00:00,3219.1208340000003,1773.4790000000003,64.42099999999999,1397.205334
2021-05-28 12:00:00,3284.347666,1729.57,61.90899999999999,1434.590999
2021-05-28 13:00:00,3218.790333,1819.283,71.39399999999999,1426.5629989999998
2021-05-28 14:00:00,3209.3023350000003,1790.0500000000002,67.18399999999998,1390.8639990000001
2021-05-28 15:00:00,3070.443668,1778.137,58.434,1361.7121659999998
2021-05-28 16:00:00,3100.219165,1814.216,57.154,1411.587
2021-05-28 17:00:00,3296.614999,1829.979,55.048,1472.350333
2021-05-28 18:00:00,3568.5121660000004,1909.1589999999999,71.576,1557.9416669999998
2021-05-28 19:00:00,3704.8971669999996,1974.7600000000002,75.404,1564.530667
2021-05-28 20:00:00,3716.822167,2018.7930000000001,69.118,1600.048333
2021-05-28 21:00:00,3732.088499,2022.18,81.043,1614.7256670000002
2021-05-28 22:00:00,3576.7766669999996,2013.994,85.41199999999999,1594.999331
2021-05-28 23:00:00,3292.5264989999996,1904.7710000000002,69.74400000000001,1520.1979999999999
2021-05-29 00:00:00,2932.943333,1695.6380000000001,55.727,1341.799
2021-05-29 01:00:00,2501.962334,1496.875,46.607,1168.589
2021-05-29 02:00:00,2241.6348329999996,1390.23,39.824999999999996,1018.2839999999999
2021-05-29 03:00:00,2066.145667,1273.465333,40.177,970.806333
2021-05-29 04:00:00,2013.4013340000001,1217.083,34.339999999999996,916.0996660000001
2021-05-29 05:00:00,2012.9053319999998,1254.0030000000002,37.346000000000004,930.591334
2021-05-29 06:00:00,2117.6144999999997,1316.225,40.625,963.539999
2021-05-29 07:00:00,2402.7331670000003,1443.5110000000002,52.991,1017.1183330000001
2021-05-29 08:00:00,2640.397,1591.8449999999998,57.347,1156.350333
2021-05-29 09:00:00,3020.9075000000003,1735.539667,73.261,1271.0230000000001
2021-05-29 10:00:00,3298.794167,1851.6480000000001,60.18499999999999,1406.2751669999998
2021-05-29 11:00:00,3327.6149990000004,1901.0349999999999,68.935,1433.6909999999998
2021-05-29 12:00:00,3410.6395009999997,1901.993,69.45700000000001,1506.002999
2021-05-29 13:00:00,3453.558167,1972.186,62.42199999999999,1451.6919990000001
2021-05-29 14:00:00,3390.428167,1928.2579999999998,68.90899999999999,1506.8996660000003
2021-05-29 15:00:00,3448.613667,1957.8310000000001,66.483,1514.459667
2021-05-29 16:00:00,3651.8248329999997,2035.75,65.69500000000001,1505.679334
2021-05-29 17:00:00,3870.0625,2106.3289999999997,74.939,1573.193666
2021-05-29 18:00:00,4191.596,2203.062,85.12499999999999,1689.928666
2021-05-29 19:00:00,4295.340667,2152.754,81.66200000000002,1722.972
2021-05-29 20:00:00,4283.4685,2141.867,86.306,1692.1206670000001
2021-05-29 21:00:00,4178.7475,2136.978,80.30999999999999,1630.593334
2021-05-29 22:00:00,4012.226333,2087.91,78.90299999999998,1651.989
2021-05-29 23:00:00,3750.473,1993.019,65.02000000000001,1529.2939999999999
2021-05-30 00:00:00,3179.4429990000003,1747.0990000000002,61.925,1383.1183330000001
2021-05-30 01:00:00,2650.501834,1508.5600000000002,55.313,1161.953
2021-05-30 02:00:00,2349.2276659999998,1348.3166680000002,47.191,1040.697668
2021-05-30 03:00:00,2123.8811670000005,1232.929001,41.27,951.228999
2021-05-30 04:00:00,1977.806167,1171.799333,34.297000000000004,892.8536670000001
2021-05-30 05:00:00,1944.7416680000001,1167.181,37.016999999999996,862.484334
2021-05-30 06:00:00,1966.257,1147.212,40.590999999999994,871.745666
2021-05-30 07:00:00,2153.986834,1237.772,35.792,948.412333
2021-05-30 08:00:00,2401.6905,1405.188,50.769,1074.2366660000002
2021-05-30 09:00:00,2797.850334,1606.194334,54.484,1180.574
2021-05-30 10:00:00,3202.937333,1790.276,66.317,1371.9470000000001
2021-05-30 11:00:00,3417.271667,1924.1979999999999,70.936,1429.748
2021-05-30 12:00:00,3628.919666,1981.286,82.27099999999999,1533.0919999999999
2021-05-30 13:00:00,3701.0746670000003,2066.363,79.104,1603.178
2021-05-30 14:00:00,3808.760001,2118.953,73.923,1576.027
2021-05-30 15:00:00,3920.797,2125.667,77.17099999999999,1683.796667
2021-05-30 16:00:00,4223.788167000001,2231.5199999999995,78.752,1767.788667
2021-05-30 17:00:00,4589.803667,2360.868,78.41699999999999,1797.611332
2021-05-30 18:00:00,4893.462833,2404.902,83.24600000000001,1882.933667
2021-05-30 19:00:00,5083.494501,2375.147,93.89299999999999,1968.9056679999999
2021-05-30 20:00:00,5036.0785,2404.319,89.298,1958.1268340000001
2021-05-30 21:00:00,4785.490668,2418.476,101.62299999999998,1878.365332
2021-05-30 22:00:00,4638.100835,2411.7120000000004,91.801,1887.275333
2021-05-30 23:00:00,4068.0828330000004,2211.558,74.885,1728.762667
2021-05-31 00:00:00,3439.766667,1917.270333,59.08899999999999,1496.950668
2021-05-31 01:00:00,2857.448334,1640.8356669999998,51.224000000000004,1298.8816649999999
2021-05-31 02:00:00,2513.316003,1443.603,45.96900000000001,1141.5343349999998
2021-05-31 03:00:00,2248.0053340000004,1316.561,42.96699999999999,1034.890331
2021-05-31 04:00:00,2100.985332,1246.102333,37.96900000000001,942.793667
2021-05-31 05:00:00,2001.4006669999999,1186.8600000000001,34.91799999999999,920.132666
2021-05-31 06:00:00,2038.9263329999999,1216.507666,35.04599999999999,932.6226670000001
2021-05-31 07:00:00,2235.8066670000003,1280.9560000000001,35.438,1013.5693329999999
2021-05-31 08:00:00,2550.7016670000003,1458.054,54.116,1114.718
2021-05-31 09:00:00,3055.932667,1685.377,55.879000000000005,1275.3560000000002
2021-05-31 10:00:00,3402.9056659999997,1893.562,69.82999999999998,1429.5713329999999
2021-05-31 11:00:00,3769.120332,2119.3269999999998,74.85199999999999,1518.9133339999998
2021-05-31 12:00:00,4081.5203330000004,2197.995,71.89699999999999,1741.459
2021-05-31 13:00:00,4328.621999,2288.951333,77.30399999999999,1795.994668
2021-05-31 14:00:00,4645.792001,2384.3940000000002,83.32000000000001,1875.1346669999998
2021-05-31 15:00:00,4890.966667000001,2451.495,89.56200000000001,1909.9599990000002
2021-05-31 16:00:00,5228.325000999999,2563.8199999999997,88.25199999999998,2014.238667
2021-05-31 17:00:00,5529.955,2634.732,95.27499999999999,2090.978333
2021-05-31 18:00:00,6076.6053329999995,2774.697,112.94600000000001,2216.101333
2021-05-31 19:00:00,6279.51,2915.343,126.539,2260.740665
2021-05-31 20:00:00,6212.414666000001,2867.964,119.554,2272.927667
2021-05-31 21:00:00,5947.474333,2836.64,114.96099999999998,2250.924334
2021-05-31 22:00:00,5551.215667,2685.668,101.57799999999999,2256.238334
2021-05-31 23:00:00,4822.429334,2476.5383329999995,97.67899999999999,1974.047331
2021-06-01 00:00:00,4021.1160010000003,2175.335,72.17500000000001,1685.9769999999999
2021-06-01 01:00:00,3394.201834,1829.5789989999998,63.681999999999995,1427.735334
2021-06-01 02:00:00,2935.069501,1626.27,53.166,1223.850997
2021-06-01 03:00:00,2622.926667,1459.838666,43.251,1102.852334
2021-06-01 04:00:00,2442.9685,1390.596,42.208999999999996,1033.660666
2021-06-01 05:00:00,2330.514833,1366.0,39.568000000000005,1021.015668
2021-06-01 06:00:00,2466.479501,1382.4850000000001,43.410999999999994,1036.432001
2021-06-01 07:00:00,2752.901167,1530.442,52.157000000000004,1164.662334
2021-06-01 08:00:00,3014.2945,1721.066,60.887,1320.948001
2021-06-01 09:00:00,3286.982167,1851.8869999999997,59.02700000000001,1356.716001
2021-06-01 10:00:00,3605.5305,1984.2219999999998,70.506,1471.871666
2021-06-01 11:00:00,3890.431,2123.146,91.89500000000001,1591.0226659999998
2021-06-01 12:00:00,4421.154667,2258.897667,93.00900000000001,1707.8436660000002
2021-06-01 13:00:00,4820.0650000000005,2478.133,106.79299999999999,1876.274
2021-06-01 14:00:00,5224.329334,2573.418666,104.23,2021.125333
2021-06-01 15:00:00,5796.899332999999,2716.7069999999994,115.18599999999998,2164.437
2021-06-01 16:00:00,6383.786665,2935.824333,120.909,2323.215667
2021-06-01 17:00:00,7074.091166,3161.6863330000006,121.72900000000001,2526.813333
2021-06-01 18:00:00,7688.427333,3287.803332,131.30999999999997,2671.371666
2021-06-01 19:00:00,7986.775501,3421.409001,132.909,2749.625666
2021-06-01 20:00:00,7944.770834000001,3422.193333,137.538,2817.068
2021-06-01 21:00:00,7587.659335,3413.966333,138.04500000000002,2755.284
2021-06-01 22:00:00,7102.3908329999995,3318.255333,130.394,2664.520001
2021-06-01 23:00:00,6226.0816669999995,3046.455999,115.002,2470.526333
2021-06-02 00:00:00,5237.145333,2658.8416660000003,91.74499999999999,2080.539999
2021-06-02 01:00:00,4510.7035,2283.839333,79.999,1765.2489999999998
2021-06-02 02:00:00,3952.100167,2075.826,72.942,1521.824
2021-06-02 03:00:00,3524.731667,1856.159667,63.45700000000001,1412.021
2021-06-02 04:00:00,3206.318666,1747.3593329999999,57.804,1292.148667
2021-06-02 05:00:00,2995.045167,1669.19,49.580000000000005,1237.561666
2021-06-02 06:00:00,2989.7295000000004,1723.637,50.18,1251.412002
2021-06-02 07:00:00,3167.573668,1804.659333,55.702999999999996,1335.8923330000002
2021-06-02 08:00:00,3514.280835,1962.3200000000002,60.753,1507.411333
2021-06-02 09:00:00,3850.2245000000003,2148.7353329999996,74.345,1594.7776669999998
2021-06-02 10:00:00,4081.4725,2269.9719999999998,82.23700000000001,1720.190666
2021-06-02 11:00:00,4453.567833000001,2374.916333,96.28,1866.0016660000001
2021-06-02 12:00:00,4975.458334000001,2492.848,103.959,1974.712667
2021-06-02 13:00:00,5480.9195,2690.889333,111.69500000000001,2081.507334
2021-06-02 14:00:00,5812.812167,2821.620667,114.803,2184.491333
2021-06-02 15:00:00,6165.157499999999,2955.031667,124.206,2282.788
2021-06-02 16:00:00,6621.621666,3030.1330000000003,126.92099999999998,2395.883667
2021-06-02 17:00:00,7129.385332999999,3262.4735,131.31100000000004,2555.879667
2021-06-02 18:00:00,7628.7625,3394.35,135.67599999999996,2740.388
2021-06-02 19:00:00,7837.837667,3492.3910000000005,132.84899999999996,2814.294
2021-06-02 20:00:00,7683.358,3386.201,127.802,2699.7713320000003
2021-06-02 21:00:00,7005.1925,3246.5069999999996,137.727,2626.402666
2021-06-02 22:00:00,6436.371833,3085.562,121.65999999999997,2527.4753330000003
2021-06-02 23:00:00,5423.2786670000005,2835.031,101.735,2252.325
2021-06-03 00:00:00,4484.666666,2368.717,84.08399999999999,1906.165001
2021-06-03 01:00:00,3749.2028339999997,2033.497667,65.995,1591.45
2021-06-03 02:00:00,3155.934332,1815.824333,55.853,1363.626001
2021-06-03 03:00:00,2809.960833,1604.119333,55.531,1259.0566669999998
2021-06-03 04:00:00,2581.8706660000003,1478.071334,49.102999999999994,1152.1146680000002
2021-06-03 05:00:00,2436.668666,1458.758,42.313,1116.058333
2021-06-03 06:00:00,2536.1706670000003,1518.654,44.68100000000001,1156.011
2021-06-03 07:00:00,2775.368166,1634.516,53.941,1238.661
2021-06-03 08:00:00,2992.2506670000002,1701.958,48.513000000000005,1325.231667
2021-06-03 09:00:00,3144.8566659999997,1816.181,47.75000000000001,1375.9613339999999
2021-06-03 10:00:00,3312.718333,1889.9579999999999,65.018,1383.299667
2021-06-03 11:00:00,3562.768333,1996.198,68.545,1493.155667
2021-06-03 12:00:00,3807.8729980000003,2093.727,75.621,1631.7106669999998
2021-06-03 13:00:00,4113.082333,2171.8540000000003,81.36200000000001,1685.9536670000002
2021-06-03 14:00:00,4323.3074990000005,2290.3669999999997,96.11799999999998,1831.294999
2021-06-03 15:00:00,4691.967167000001,2417.063,107.894,1951.8143340000001
2021-06-03 16:00:00,5241.057666999999,2606.49,103.35199999999999,2105.204666
2021-06-03 17:00:00,5755.304499,2801.986,108.04899999999998,2304.9266669999997
2021-06-03 18:00:00,6334.23,2897.365,116.87099999999998,2386.5429999999997
2021-06-03 19:00:00,6547.3074990000005,3014.957667,123.26899999999999,2445.376333
2021-06-03 20:00:00,6268.566499999999,2989.589,128.821,2375.974999
2021-06-03 21:00:00,5654.860333,2803.667333,122.138,2226.2263329999996
2021-06-03 22:00:00,5060.837332,2596.495667,107.83900000000001,2096.019333
2021-06-03 23:00:00,4269.227166000001,2378.004,100.66099999999999,1842.6500019999999
2021-06-04 00:00:00,3531.3366669999996,1972.961,72.35500000000002,1608.2430009999998
2021-06-04 01:00:00,2911.5381669999997,1720.664333,56.90599999999999,1347.348332
2021-06-04 02:00:00,2553.693166,1546.099,49.239,1188.436667
2021-06-04 03:00:00,2311.1505,1380.0116659999999,44.257,1084.896666
2021-06-04 04:00:00,2187.3041670000002,1297.665,43.681,1025.876667
2021-06-04 05:00:00,2145.4173330000003,1329.179,44.781,1001.735666
2021-06-04 06:00:00,2297.4145,1349.369,42.513000000000005,1054.379334
2021-06-04 07:00:00,2557.075166,1501.332,42.842,1128.728001
2021-06-04 08:00:00,2764.281834,1590.911,47.132999999999996,1252.8983349999999
2021-06-04 09:00:00,2913.163,1703.752,64.283,1317.1016670000001
2021-06-04 10:00:00,3011.2565,1729.7113330000002,65.169,1364.1693329999998
2021-06-04 11:00:00,3143.3165,1816.012667,58.314,1373.825
2021-06-04 12:00:00,3332.904333,1870.1173330000001,59.38,1438.645
2021-06-04 13:00:00,3386.2349990000002,1911.2490000000003,65.599,1467.4009999999998
2021-06-04 14:00:00,3497.918667,1957.7939999999999,73.13699999999999,1525.862001
2021-06-04 15:00:00,3563.429,2053.499,73.454,1590.437667
2021-06-04 16:00:00,3889.409333,2128.9799999999996,76.168,1672.8246669999999
2021-06-04 17:00:00,4301.554832,2219.579,88.288,1821.213
2021-06-04 18:00:00,4699.768334,2330.357,94.05099999999999,1873.3279999999997
2021-06-04 19:00:00,4937.9868320000005,2472.6629999999996,99.43599999999999,1950.757
2021-06-04 20:00:00,4867.012167,2460.5820000000003,90.94600000000001,1948.298
2021-06-04 21:00:00,4372.855667999999,2313.4049999999997,88.18400000000001,1831.9830000000002
2021-06-04 22:00:00,4230.512501,2230.492,82.058,1784.322
2021-06-04 23:00:00,3788.647667,2045.5030000000002,73.92,1679.825
2021-06-05 00:00:00,3203.264333,1744.124,60.064,1474.714333
2021-06-05 01:00:00,2676.9900000000002,1570.0430000000001,52.306,1251.747
2021-06-05 02:00:00,2402.2974990000002,1422.314,41.925,1110.676
2021-06-05 03:00:00,2165.101501,1303.637,39.342999999999996,997.0590000000001
2021-06-05 04:00:00,2065.116,1229.877,36.592,942.434
2021-06-05 05:00:00,2001.087833,1214.2440000000001,34.516000000000005,934.633
2021-06-05 06:00:00,2028.973666,1225.303,35.991,934.4766669999999
2021-06-05 07:00:00,2186.401499,1299.528,39.802,1026.1499999999999
2021-06-05 08:00:00,2445.078999,1473.917,45.301,1093.191333
2021-06-05 09:00:00,2748.0860000000002,1645.484,53.74,1223.480667
2021-06-05 10:00:00,3187.610333,1793.478,63.483,1312.637667
2021-06-05 11:00:00,3370.8604990000003,1858.2730000000001,64.22599999999998,1378.5386669999998
2021-06-05 12:00:00,3478.128333,1914.972,68.45300000000002,1446.5083329999998
2021-06-05 13:00:00,3531.475667,1882.324,66.056,1501.462333
2021-06-05 14:00:00,3453.8105,1840.6390000000001,68.321,1515.439
2021-06-05 15:00:00,3414.584167,1847.239,67.728,1466.960667
2021-06-05 16:00:00,3459.3606659999996,1891.7109999999998,68.212,1488.701
2021-06-05 17:00:00,3606.6543330000004,1933.437,61.662,1537.842668
2021-06-05 18:00:00,3737.902333,2040.7869999999998,76.51599999999999,1579.918667
2021-06-05 19:00:00,3775.841335,2047.3519999999999,68.104,1547.393
2021-06-05 20:00:00,3719.915833,1945.8619999999999,73.729,1536.888
2021-06-05 21:00:00,3589.2971669999997,1959.5660000000003,82.411,1560.867332
2021-06-05 22:00:00,3560.4235,1959.4850000000001,66.77000000000001,1546.424668
2021-06-05 23:00:00,3260.889666,1860.1,68.656,1421.1139999999998
2021-06-06 00:00:00,2836.6643320000003,1723.638667,59.468,1311.1186670000002
2021-06-06 01:00:00,2498.959167,1515.871,51.38699999999999,1149.537333
2021-06-06 02:00:00,2220.056834,1366.4789999999998,46.575,1030.321
2021-06-06 03:00:00,2032.286333,1303.531,32.763,971.788
2021-06-06 04:00:00,1921.3131680000001,1212.6820010000001,32.28,894.154667
2021-06-06 05:00:00,1929.317834,1180.574333,37.525,884.8109989999999
2021-06-06 06:00:00,1989.343166,1202.571,37.053,879.408998
2021-06-06 07:00:00,2153.459667,1316.529,37.254,935.4923349999999
2021-06-06 08:00:00,2479.1040009999997,1423.41,46.13999999999999,1079.7249980000001
2021-06-06 09:00:00,2873.625167,1653.426,56.26,1203.356332
2021-06-06 10:00:00,3230.1351670000004,1831.6570000000002,60.29900000000001,1370.4056659999999
2021-06-06 11:00:00,3484.6205,1885.070667,67.46600000000001,1476.183333
2021-06-06 12:00:00,3563.033167,1917.994,76.32499999999999,1529.2186659999998
2021-06-06 13:00:00,3648.935,2047.527,82.22300000000001,1498.5949999999998
2021-06-06 14:00:00,3588.054,2035.6269989999998,77.507,1476.2166659999998
2021-06-06 15:00:00,3566.7504989999998,2006.129,66.41,1488.819
2021-06-06 16:00:00,3555.072334,1943.065,64.894,1489.854
2021-06-06 17:00:00,3661.5060000000003,1980.995,61.843,1567.265
2021-06-06 18:00:00,3826.397833,2036.5610000000001,82.43000000000002,1634.605
2021-06-06 19:00:00,3753.0415000000003,2159.105,75.143,1684.632
2021-06-06 20:00:00,3797.465666,2100.497,82.03700000000002,1677.6223329999998
2021-06-06 21:00:00,3770.045668,2112.4880000000003,87.11,1711.879
2021-06-06 22:00:00,3813.549834,2095.574,78.289,1726.7206660000002
2021-06-06 23:00:00,3340.496999,1934.5220000000002,71.02700000000002,1552.942
2021-06-07 00:00:00,2808.0083329999998,1639.0430000000001,59.61200000000001,1287.224
2021-06-07 01:00:00,2428.549,1481.869,50.571,1124.471
2021-06-07 02:00:00,2143.9709989999997,1314.979,41.191,1013.5176669999998
2021-06-07 03:00:00,2036.002833,1262.963667,33.958,960.538667
2021-06-07 04:00:00,2039.2685000000001,1252.070667,35.737,897.6669999999999
2021-06-07 05:00:00,2081.01,1295.833,39.00699999999999,928.681666
2021-06-07 06:00:00,2344.8161659999996,1371.241334,46.989999999999995,1001.119
2021-06-07 07:00:00,2654.9685,1501.205,45.187000000000005,1137.971
2021-06-07 08:00:00,2898.441999,1671.227,53.34100000000001,1300.158
2021-06-07 09:00:00,3003.073166,1655.5720000000001,55.769,1251.7069999999999
2021-06-07 10:00:00,3032.7435,1709.632,68.06099999999999,1361.436
2021-06-07 11:00:00,3165.2994989999997,1778.507,63.43600000000001,1344.433
2021-06-07 12:00:00,3196.3361670000004,1787.2126670000002,63.853,1364.391
2021-06-07 13:00:00,3149.417,1818.232333,68.516,1397.85
2021-06-07 14:00:00,3135.545666,1772.5230000000001,69.028,1389.72
2021-06-07 15:00:00,3026.491167,1754.878,63.787000000000006,1366.000667
2021-06-07 16:00:00,3067.708333,1739.127,52.862,1404.024
2021-06-07 17:00:00,3379.731834,1869.337333,64.434,1485.417
2021-06-07 18:00:00,3839.661166,2030.188666,65.952,1555.768333
2021-06-07 19:00:00,3855.639,2172.273667,73.37800000000001,1552.328
2021-06-07 20:00:00,3828.560833,2120.893666,77.65200000000002,1607.5230000000001
2021-06-07 21:00:00,3855.147499,2103.777333,78.16000000000001,1674.6060000000002
2021-06-07 22:00:00,3777.514333,2105.651667,71.438,1656.357334
2021-06-07 23:00:00,3284.0905000000002,1932.6239990000001,69.092,1484.421333
2021-06-08 00:00:00,2742.232667,1641.569333,50.11800000000001,1259.546
2021-06-08 01:00:00,2345.938834,1478.285667,42.777,1107.552334
2021-06-08 02:00:00,2119.6075,1334.775,40.936,954.354999
2021-06-08 03:00:00,2000.7858339999998,1243.3310000000001,37.818000000000005,890.543
2021-06-08 04:00:00,1924.163833,1183.194,33.816,862.2033339999999
2021-06-08 05:00:00,1951.0625009999999,1252.402,36.643,911.782333
2021-06-08 06:00:00,2215.968168,1356.706,37.25400000000001,980.086
2021-06-08 07:00:00,2544.293333,1476.82,41.099999999999994,1063.1966659999998
2021-06-08 08:00:00,2715.2356659999996,1605.559,52.969,1218.2236659999999
2021-06-08 09:00:00,2813.4346670000004,1630.169333,61.26900000000001,1223.835
2021-06-08 10:00:00,2844.9643340000002,1655.4270000000001,64.012,1252.805667
2021-06-08 11:00:00,3003.764,1699.280666,65.652,1336.435
2021-06-08 12:00:00,3113.831668,1706.721,76.858,1316.9139999999998
2021-06-08 13:00:00,3080.429001,1687.015333,61.93899999999999,1336.922
2021-06-08 14:00:00,3059.645334,1683.5,53.618,1359.796
2021-06-08 15:00:00,3066.907333,1716.712,52.80899999999999,1324.4013340000001
2021-06-08 16:00:00,3079.018666,1780.431,57.410000000000004,1320.504333
2021-06-08 17:00:00,3223.185332,1886.438,71.10000000000002,1481.7269999999999
2021-06-08 18:00:00,3650.309666,2026.1676670000002,90.78099999999999,1630.449
2021-06-08 19:00:00,3760.4483339999997,2131.457667,76.66599999999998,1648.126
2021-06-08 20:00:00,3723.299667,2060.224333,71.093,1624.107
2021-06-08 21:00:00,3735.1805,2073.7403329999997,68.03299999999999,1639.904
2021-06-08 22:00:00,3564.064499,2080.594,68.519,1646.83
2021-06-08 23:00:00,3224.557666,1871.6403329999998,61.914,1480.168
2021-06-09 00:00:00,2750.053166,1648.601,64.962,1241.1019999999999
2021-06-09 01:00:00,2402.158166,1433.5349999999999,52.712999999999994,1094.645666
2021-06-09 02:00:00,2165.1741650000004,1313.797,36.19899999999999,970.443333
2021-06-09 03:00:00,2019.6876670000001,1204.107,33.388999999999996,921.850334
2021-06-09 04:00:00,1968.034832,1156.7730000000001,34.21699999999999,857.8183339999999
2021-06-09 05:00:00,1991.239834,1239.4953329999998,34.467000000000006,893.950668
2021-06-09 06:00:00,2279.301335,1331.471,37.404,965.9060000000001
2021-06-09 07:00:00,2562.325833,1478.638,39.89,1091.023667
2021-06-09 08:00:00,2804.157001,1550.883,49.572,1173.929333
2021-06-09 09:00:00,2962.406334,1650.71,45.266999999999996,1255.8139999999999
2021-06-09 10:00:00,2970.585501,1647.5149999999999,60.349000000000004,1293.676
2021-06-09 11:00:00,3013.6359979999997,1727.9753329999999,46.433,1249.221334
2021-06-09 12:00:00,3042.294668,1750.703,50.575,1268.262667
2021-06-09 13:00:00,3080.836499,1753.305333,54.254999999999995,1320.1219999999998
2021-06-09 14:00:00,3061.775001,1695.2636670000002,56.75299999999999,1387.428
2021-06-09 15:00:00,3117.031333,1657.674667,66.25699999999999,1332.3319999999999
2021-06-09 16:00:00,3177.234667,1746.73,64.194,1349.741
2021-06-09 17:00:00,3412.720999,1824.2076670000001,70.28099999999999,1481.379
2021-06-09 18:00:00,3671.6966669999997,1994.1003340000002,74.52300000000001,1480.728666
2021-06-09 19:00:00,3813.553666,2100.812333,80.617,1617.8973330000001
2021-06-09 20:00:00,3890.300332,2072.007333,73.88000000000001,1646.622667
2021-06-09 21:00:00,3833.621333,2045.745667,77.83099999999999,1672.485666
2021-06-09 22:00:00,3804.7233349999997,2025.529666,81.10600000000001,1628.070332
2021-06-09 23:00:00,3296.253166,1914.298334,61.822,1494.885666
2021-06-10 00:00:00,2734.5209999999997,1667.2513330000002,49.834,1268.679333
2021-06-10 01:00:00,2391.679501,1477.0066669999999,47.557,1094.883667
2021-06-10 02:00:00,2144.8588330000002,1330.475,40.617999999999995,982.729002
2021-06-10 03:00:00,2029.3213329999999,1212.364,35.664,914.652664
2021-06-10 04:00:00,1944.703,1197.424,33.185,895.285999
2021-06-10 05:00:00,1966.3306670000002,1240.31,34.138000000000005,914.804
2021-06-10 06:00:00,2192.0723339999995,1299.6870000000001,36.628,969.5079999999999
2021-06-10 07:00:00,2552.438833,1468.055,38.75299999999999,1104.2099999999998
2021-06-10 08:00:00,2737.5815009999997,1599.804,47.998,1179.489
2021-06-10 09:00:00,2907.577499,1637.8339999999998,49.587,1252.5253329999998
2021-06-10 10:00:00,3050.4790000000003,1634.679,56.657,1293.0140000000001
2021-06-10 11:00:00,3062.3233330000003,1641.549,61.06900000000001,1244.663
2021-06-10 12:00:00,3104.2169989999998,1677.753,56.984,1264.2
2021-06-10 13:00:00,3121.8833329999998,1705.1609999999998,58.041000000000004,1327.452667
2021-06-10 14:00:00,3070.712666,1697.992,75.821,1276.319667
2021-06-10 15:00:00,3058.969999,1679.187,66.737,1272.331667
2021-06-10 16:00:00,3081.916999,1736.2290000000003,69.92900000000002,1294.528334
2021-06-10 17:00:00,3310.135499,1845.0339999999999,76.73300000000002,1426.862
2021-06-10 18:00:00,3584.9838330000002,1971.193,76.597,1522.304333
2021-06-10 19:00:00,3745.639833,2060.767,85.77,1551.788001
2021-06-10 20:00:00,3738.6518340000002,2049.416667,78.87499999999999,1597.246999
2021-06-10 21:00:00,3763.8543339999997,2048.983,92.87200000000001,1591.737
2021-06-10 22:00:00,3589.398668,2058.4790000000003,81.49,1602.8523329999998
2021-06-10 23:00:00,3355.241666,1882.551,73.27999999999999,1468.606667
2021-06-11 00:00:00,2773.487166,1660.094,51.188,1313.648333
2021-06-11 01:00:00,2411.104333,1455.072,39.354,1114.8253339999999
2021-06-11 02:00:00,2142.6183330000003,1317.5549999999998,38.474000000000004,1002.0863330000001
2021-06-11 03:00:00,1994.059667,1196.7440000000001,35.678000000000004,923.039
2021-06-11 04:00:00,1944.4823339999998,1170.4720000000002,35.367999999999995,872.731667
2021-06-11 05:00:00,1971.6476659999998,1196.33,39.334,907.387667
2021-06-11 06:00:00,2184.497001,1292.124,44.699999999999996,972.4483339999999
2021-06-11 07:00:00,2492.441832,1418.498,46.501999999999995,1084.190334
2021-06-11 08:00:00,2712.9108340000002,1550.998,54.56,1202.0836669999999
2021-06-11 09:00:00,2898.227,1632.326,56.38099999999999,1228.809333
2021-06-11 10:00:00,3040.013167,1705.078,55.178000000000004,1287.643667
2021-06-11 11:00:00,3114.3575,1723.646,58.45100000000001,1302.624333
2021-06-11 12:00:00,3224.590167,1756.068667,64.044,1349.303333
2021-06-11 13:00:00,3269.024167,1844.702334,54.015,1361.849667
2021-06-11 14:00:00,3193.925666,1763.481999,51.963,1345.1783329999998
2021-06-11 15:00:00,3169.633834,1782.848334,60.75700000000001,1329.843667
2021-06-11 16:00:00,3171.7214989999998,1757.609,46.64800000000001,1321.086333
2021-06-11 17:00:00,3347.225666,1802.395333,58.208000000000006,1363.31
2021-06-11 18:00:00,3496.289833,1867.94,57.062,1511.9009999999998
2021-06-11 19:00:00,3540.209167,1998.4253330000001,68.264,1525.288
2021-06-11 20:00:00,3455.191667,1968.476,61.638999999999996,1553.371
2021-06-11 21:00:00,3584.7343339999998,2046.317,65.80600000000001,1556.402
2021-06-11 22:00:00,3534.590668,1981.537333,65.913,1530.846667
2021-06-11 23:00:00,3229.509331,1825.321,68.943,1487.751001
2021-06-12 00:00:00,2824.234332,1613.517333,61.903999999999996,1296.304
2021-06-12 01:00:00,2507.284334,1477.6253339999998,46.746,1115.105333
2021-06-12 02:00:00,2249.590999,1324.2253329999999,37.753,996.562667
2021-06-12 03:00:00,2071.104167,1226.8809999999999,36.19600000000001,929.170333
2021-06-12 04:00:00,1966.458333,1176.645,35.662000000000006,879.3330000000001
2021-06-12 05:00:00,1950.8599989999998,1186.947,31.93,874.953
2021-06-12 06:00:00,2046.6700000000003,1212.5059999999999,33.124,930.132668
2021-06-12 07:00:00,2217.993166,1351.6680000000001,34.897000000000006,965.3389999999999
2021-06-12 08:00:00,2524.852667,1499.0819999999999,41.319,1130.827667
2021-06-12 09:00:00,2863.4895,1667.3139999999999,43.70100000000001,1252.1970000000001
2021-06-12 10:00:00,3192.515668,1776.748667,55.846,1340.2180000000003
2021-06-12 11:00:00,3388.450331,1851.277333,71.056,1392.281
2021-06-12 12:00:00,3564.321502,1953.904,69.02799999999999,1530.229
2021-06-12 13:00:00,3626.642667,1929.362,58.69899999999999,1561.6309999999999
2021-06-12 14:00:00,3640.585167,1992.5839999999998,63.762,1563.8609999999999
2021-06-12 15:00:00,3748.4008320000003,2097.3030000000003,68.47900000000001,1574.083
2021-06-12 16:00:00,3906.097002,2095.424,73.46100000000001,1646.136
2021-06-12 17:00:00,4062.1276660000003,2140.6009999999997,82.963,1674.365
2021-06-12 18:00:00,4130.680666,2245.197,79.19900000000003,1773.921
2021-06-12 19:00:00,4197.316333999999,2228.411334,83.084,1805.714
2021-06-12 20:00:00,4132.974667,2227.117333,86.972,1769.420333
2021-06-12 21:00:00,3974.356667,2149.278333,82.816,1678.1676659999998
2021-06-12 22:00:00,3793.892334,2104.078001,75.92,1647.4006669999999
2021-06-12 23:00:00,3455.191833,1946.577334,75.79799999999999,1503.7450010000002
2021-06-13 00:00:00,3029.083166,1713.0356669999999,64.594,1349.2319989999999
2021-06-13 01:00:00,2670.5480000000002,1576.2820000000002,53.181999999999995,1189.0610000000001
2021-06-13 02:00:00,2406.009833,1372.654,47.81999999999999,1035.4499999999998
2021-06-13 03:00:00,2239.349667,1285.255001,37.203,967.322333
2021-06-13 04:00:00,2093.7731670000003,1246.601334,38.379,919.679332
2021-06-13 05:00:00,2028.214168,1220.739999,38.954,885.891
2021-06-13 06:00:00,2045.017,1235.1583339999997,40.036999999999985,916.4733330000001
2021-06-13 07:00:00,2172.676833,1308.6223329999998,37.263999999999996,962.750666
2021-06-13 08:00:00,2471.478,1430.860333,45.423,1101.174333
2021-06-13 09:00:00,2809.9446669999998,1622.915,53.85999999999999,1274.776667
2021-06-13 10:00:00,3199.4759999999997,1819.0839999999998,62.48,1417.3849999999998
2021-06-13 11:00:00,3529.96,1971.1950000000002,69.46099999999998,1535.656
2021-06-13 12:00:00,3759.208501,2064.728,61.58599999999999,1635.8523340000002
2021-06-13 13:00:00,3857.693334,2169.0660000000003,59.196000000000005,1664.785999
2021-06-13 14:00:00,3840.965999,2139.320667,79.984,1700.744
2021-06-13 15:00:00,3846.8093320000003,2094.393,83.45,1677.808333
2021-06-13 16:00:00,3731.4233350000004,2140.682334,99.97299999999998,1717.462333
2021-06-13 17:00:00,4010.648001,2222.3006680000003,90.344,1749.565666
2021-06-13 18:00:00,4092.5151669999996,2187.062666,107.44900000000001,1782.0089999999998
2021-06-13 19:00:00,4046.892333,2272.401333,89.63399999999999,1767.23
2021-06-13 20:00:00,4060.5849999999996,2228.472335,84.839,1738.0256650000001
2021-06-13 21:00:00,4009.147833,2188.412667,88.81200000000001,1697.547669
2021-06-13 22:00:00,3835.237667,2156.360001,85.549,1655.1283349999999
2021-06-13 23:00:00,3370.7213330000004,1898.1310010000002,78.245,1526.9699990000001
2021-06-14 00:00:00,2822.689332,1650.1503309999998,55.97100000000001,1298.206666
2021-06-14 01:00:00,2486.5025000000005,1486.8249990000002,45.257,1120.657665
2021-06-14 02:00:00,2247.628166,1344.264667,38.907999999999994,1016.4656650000001
2021-06-14 03:00:00,2090.059334,1215.331999,34.524,933.2793350000001
2021-06-14 04:00:00,2019.594668,1167.8756669999998,37.69,912.317668
2021-06-14 05:00:00,2029.165,1212.9110010000002,39.75299999999999,901.669
2021-06-14 06:00:00,2195.8861660000002,1281.024666,35.496,994.669002
2021-06-14 07:00:00,2437.477833,1403.6223340000001,40.287000000000006,1101.578334
2021-06-14 08:00:00,2731.608166,1504.730001,41.471,1212.086666
2021-06-14 09:00:00,2885.478832,1641.643333,52.92,1225.213334
2021-06-14 10:00:00,2981.0603340000002,1663.421667,59.219,1276.7343339999998
2021-06-14 11:00:00,3193.143833,1738.098333,72.138,1308.76
2021-06-14 12:00:00,3250.676667,1734.376,82.07900000000001,1382.754
2021-06-14 13:00:00,3321.2150010000005,1873.274,74.82300000000001,1376.81
2021-06-14 14:00:00,3217.1358330000003,1825.551,76.568,1361.102
2021-06-14 15:00:00,3234.658666,1792.899,67.849,1394.1609999999998
2021-06-14 16:00:00,3305.237667,1797.592,64.937,1443.96
2021-06-14 17:00:00,3580.6101670000003,1934.102,68.24300000000001,1542.967333
2021-06-14 18:00:00,3965.7315,2032.9140000000002,76.02499999999999,1725.862666
2021-06-14 19:00:00,4056.169334,2166.875,86.279,1779.8283330000002
2021-06-14 20:00:00,4083.9715000000006,2179.884,76.49600000000001,1798.957999
2021-06-14 21:00:00,4094.162999,2207.594,86.77000000000001,1731.8626680000002
2021-06-14 22:00:00,3932.382999,2169.134333,102.05100000000002,1669.689333
2021-06-14 23:00:00,3470.988833,1971.485667,85.84700000000001,1548.6816669999998
2021-06-15 00:00:00,2932.432667,1705.112334,66.055,1356.9676650000001
2021-06-15 01:00:00,2511.981501,1481.172667,54.86800000000001,1154.512667
2021-06-15 02:00:00,2230.9660000000003,1338.706666,54.407999999999994,1035.938332
2021-06-15 03:00:00,2098.1455,1222.894667,44.742999999999995,947.645334
2021-06-15 04:00:00,1989.298167,1175.44,40.52899999999999,892.4143320000001
2021-06-15 05:00:00,1966.201168,1210.7740000000001,39.507,902.4843330000001
2021-06-15 06:00:00,2146.6155020000006,1290.0206669999998,37.036,957.9529999999999
2021-06-15 07:00:00,2474.3860000000004,1424.483,40.455999999999996,1077.6299999999999
2021-06-15 08:00:00,2647.628666,1496.8249999999998,52.461000000000006,1155.117
2021-06-15 09:00:00,2718.104667,1573.278,54.22899999999999,1200.232
2021-06-15 10:00:00,2831.589001,1600.502,56.98000000000001,1228.0
2021-06-15 11:00:00,2971.452667,1719.327333,63.312,1287.625333
2021-06-15 12:00:00,3109.6570009999996,1682.8730010000002,75.55900000000001,1306.1280000000002
2021-06-15 13:00:00,3125.748334,1680.5590000000002,61.787,1307.5720000000001
2021-06-15 14:00:00,3060.052834,1723.493667,56.265,1289.229
2021-06-15 15:00:00,3176.622,1707.469667,55.86100000000001,1311.5249999999999
2021-06-15 16:00:00,3259.711999,1751.395,58.313,1367.669
2021-06-15 17:00:00,3483.735666,1852.2223330000002,62.187,1428.334
2021-06-15 18:00:00,3774.6013329999996,2018.638,74.15299999999998,1565.234
2021-06-15 19:00:00,4007.4660000000003,2159.518,74.06,1672.0639999999999
2021-06-15 20:00:00,3951.1433340000003,2104.350333,69.72399999999999,1640.7289999999998
2021-06-15 21:00:00,3851.4260000000004,2066.791333,67.25999999999999,1606.5
2021-06-15 22:00:00,3801.036666,2040.7643329999999,80.27,1619.036
2021-06-15 23:00:00,3437.771667,1938.0086660000002,63.99999999999999,1471.1589999999999
2021-06-16 00:00:00,2861.6571670000003,1736.981667,58.384,1274.500667
2021-06-16 01:00:00,2452.6695,1487.642,46.803999999999995,1119.168333
2021-06-16 02:00:00,2231.5545,1291.390332,40.797,975.025667
2021-06-16 03:00:00,2065.947334,1208.563334,34.55199999999999,917.560333
2021-06-16 04:00:00,1986.731167,1156.992666,32.743,882.859
2021-06-16 05:00:00,2025.145501,1209.3220000000001,32.397,893.111
2021-06-16 06:00:00,2278.065,1325.804333,41.25,969.8850000000001
2021-06-16 07:00:00,2590.018167,1435.454334,51.87499999999999,1041.003
2021-06-16 08:00:00,2731.810001,1531.118333,43.57200000000001,1185.0683330000002
2021-06-16 09:00:00,2859.012666,1640.135333,69.67599999999999,1218.0259999999998
2021-06-16 10:00:00,2977.856834,1663.9840000000002,56.39200000000001,1234.903
2021-06-16 11:00:00,3059.549667,1678.307,54.678,1226.213
2021-06-16 12:00:00,3062.6315010000003,1729.949,55.98399999999999,1257.736
2021-06-16 13:00:00,3145.365833,1764.6473330000001,67.649,1332.24
2021-06-16 14:00:00,3147.526667,1759.660333,64.813,1349.273
2021-06-16 15:00:00,3230.285,1841.0226670000002,63.968,1393.263667
2021-06-16 16:00:00,3461.323833,1895.409,71.651,1494.145
2021-06-16 17:00:00,3963.289666,2082.752,69.507,1589.927667
2021-06-16 18:00:00,4430.216001,2199.059,84.33300000000001,1755.386
2021-06-16 19:00:00,4794.421499,2296.107,88.77199999999999,1860.7169999999999
2021-06-16 20:00:00,4809.364001,2271.018333,95.146,1841.5503330000001
2021-06-16 21:00:00,4617.850166,2296.928667,87.28899999999999,1816.636667
2021-06-16 22:00:00,4308.979166000001,2266.776667,77.651,1796.5519989999998
2021-06-16 23:00:00,3750.9686659999998,2051.477333,75.51,1640.786
2021-06-17 00:00:00,3136.0865000000003,1776.000333,73.269,1377.3086680000001
2021-06-17 01:00:00,2686.4595,1539.186,49.126,1170.8263339999999
2021-06-17 02:00:00,2332.057333,1352.0873330000002,45.67800000000001,1039.280666
2021-06-17 03:00:00,2134.9306659999997,1258.7359999999999,39.35,943.1456659999999
2021-06-17 04:00:00,2028.172666,1195.7040000000002,35.523,890.101334
2021-06-17 05:00:00,1991.7689999999998,1210.805333,36.431,893.3079990000001
2021-06-17 06:00:00,2150.699334,1297.4736670000002,33.541000000000004,971.251
2021-06-17 07:00:00,2430.826167,1404.041667,39.672,1073.565
2021-06-17 08:00:00,2712.731833,1497.418333,47.885999999999996,1180.857666
2021-06-17 09:00:00,2835.273666,1618.147333,50.275999999999996,1235.049332
2021-06-17 10:00:00,3007.902999,1671.5406670000002,61.086999999999996,1283.980001
2021-06-17 11:00:00,3214.150666,1756.9560000000001,73.812,1362.6423330000002
2021-06-17 12:00:00,3291.881,1837.844,74.123,1403.134
2021-06-17 13:00:00,3462.429001,1947.9920000000002,81.27799999999999,1471.502
2021-06-17 14:00:00,3652.4125,2001.295333,73.39,1561.8803329999998
2021-06-17 15:00:00,3944.910333,2133.1620000000003,69.935,1615.722
2021-06-17 16:00:00,4273.340501,2275.327333,88.713,1674.443
2021-06-17 17:00:00,4746.995833,2365.420334,96.97399999999999,1832.084
2021-06-17 18:00:00,5226.315167,2491.38,110.17500000000001,2008.01
2021-06-17 19:00:00,5588.633333,2621.207,102.446,2011.525
2021-06-17 20:00:00,5609.424166,2562.427667,108.354,2081.3509999999997
2021-06-17 21:00:00,5324.745833999999,2613.0860000000002,108.58200000000001,2081.234
2021-06-17 22:00:00,4797.774834,2525.111333,94.13299999999998,1957.8996659999998
2021-06-17 23:00:00,4257.8373329999995,2302.748,89.465,1779.417
2021-06-18 00:00:00,3627.6481670000003,1974.717333,74.65600000000002,1527.917667
2021-06-18 01:00:00,2955.4606670000003,1652.341,55.798,1257.4660000000001
2021-06-18 02:00:00,2557.6978339999996,1446.0559999999998,53.12599999999999,1099.91
2021-06-18 03:00:00,2290.9221669999997,1326.337,49.27,989.8400000000001
2021-06-18 04:00:00,2128.8,1239.846,39.053000000000004,938.2139999999999
2021-06-18 05:00:00,2082.793166,1215.495,38.163000000000004,936.9490000000001
2021-06-18 06:00:00,2252.585166,1287.938667,37.983000000000004,990.707
2021-06-18 07:00:00,2487.146833,1397.559,46.537,1130.6509999999998
2021-06-18 08:00:00,2722.348,1510.215333,44.795,1222.121
2021-06-18 09:00:00,2914.384833,1635.953,49.41499999999999,1291.9209999999998
2021-06-18 10:00:00,3084.4423349999997,1711.046,66.713,1332.851666
2021-06-18 11:00:00,3198.382501,1850.6796669999999,67.33200000000001,1367.798
2021-06-18 12:00:00,3342.942167,1847.237,62.045,1491.9920000000002
2021-06-18 13:00:00,3556.0146670000004,2020.3860000000002,63.176,1526.1750000000002
2021-06-18 14:00:00,3710.854999,2080.6989999999996,67.908,1621.193
2021-06-18 15:00:00,3906.5215000000003,2171.63,81.38799999999999,1710.393
2021-06-18 16:00:00,4247.880167,2289.3199999999997,90.32199999999999,1793.8560000000002
2021-06-18 17:00:00,4723.780666000001,2417.751,91.384,1892.3580000000002
2021-06-18 18:00:00,5099.8949999999995,2470.139333,99.244,1949.3176660000001
2021-06-18 19:00:00,5250.858832,2471.806,96.10600000000001,2039.0316669999997
2021-06-18 20:00:00,5211.336832999999,2497.903667,94.54299999999999,1931.6259999999997
2021-06-18 21:00:00,4859.111333,2377.736667,79.68700000000001,1890.36
2021-06-18 22:00:00,4411.068501,2284.173,80.301,1791.6819999999998
2021-06-18 23:00:00,3937.011499,2136.3683330000003,79.09,1638.699
2021-06-19 00:00:00,3262.314499,1829.797,59.754,1409.5003330000002
2021-06-19 01:00:00,2854.232833,1619.3029999999999,50.68500000000001,1217.445667
2021-06-19 02:00:00,2462.0823330000003,1423.263,39.754,1062.7333330000001
2021-06-19 03:00:00,2242.8129999999996,1297.991,37.962,997.841
2021-06-19 04:00:00,2094.960166,1197.45,34.986000000000004,933.7969999999999
2021-06-19 05:00:00,2026.622499,1161.8980000000001,38.751,887.878667
2021-06-19 06:00:00,2036.3961660000002,1206.3980000000001,36.754999999999995,949.36
2021-06-19 07:00:00,2190.455666,1315.65,45.29399999999999,1014.4833329999999
2021-06-19 08:00:00,2534.9401669999997,1460.223,44.488,1146.621666
2021-06-19 09:00:00,2832.5293330000004,1660.255,47.757,1272.675333
2021-06-19 10:00:00,3163.2211669999997,1698.79,51.976000000000006,1329.985
2021-06-19 11:00:00,3309.1605,1822.351,68.31400000000001,1432.7060000000001
2021-06-19 12:00:00,3452.8558329999996,1891.1950000000002,65.612,1446.9850000000001
2021-06-19 13:00:00,3522.3678339999997,1999.5509999999997,66.125,1501.736001
2021-06-19 14:00:00,3580.276667,2016.838,70.98900000000002,1580.895666
2021-06-19 15:00:00,3737.458,2064.566,85.14900000000002,1688.226
2021-06-19 16:00:00,4075.031167,2188.2533329999997,89.81100000000002,1762.2536670000002
2021-06-19 17:00:00,4518.3516660000005,2337.1053329999995,102.87399999999998,1865.199333
2021-06-19 18:00:00,4981.796833,2464.860667,109.63399999999999,1905.200333
2021-06-19 19:00:00,5181.7225,2534.431,113.18900000000001,1970.457
2021-06-19 20:00:00,5191.0,2467.7473330000003,99.10199999999999,1931.074
2021-06-19 21:00:00,5018.411333,2407.856667,106.729,1952.117334
2021-06-19 22:00:00,4734.735,2347.912,110.74799999999999,1896.7816670000002
2021-06-19 23:00:00,4173.361166,2222.576333,102.477,1792.5983339999998
2021-06-20 00:00:00,3617.6479990000003,1991.999333,80.39699999999999,1588.106668
2021-06-20 01:00:00,3068.722833,1719.165,56.32599999999999,1370.908334
2021-06-20 02:00:00,2625.0984999999996,1512.4,55.574000000000005,1185.9830000000002
2021-06-20 03:00:00,2367.916666,1374.457,51.371,1105.8890000000001
2021-06-20 04:00:00,2192.065833,1314.024,47.435,1003.042334
2021-06-20 05:00:00,2121.885334,1256.905,46.435,960.4590000000001
2021-06-20 06:00:00,2113.899,1270.444,43.281000000000006,988.779
2021-06-20 07:00:00,2250.1488339999996,1350.496,41.17500000000001,1010.932
2021-06-20 08:00:00,2598.2,1549.734,43.182,1150.8029999999999
2021-06-20 09:00:00,3134.050167,1724.1109999999999,54.137,1369.1419999999998
2021-06-20 10:00:00,3587.2956670000003,1974.9650000000001,67.83200000000002,1538.869333
2021-06-20 11:00:00,3945.6256670000002,2162.297,76.74900000000001,1710.0426670000002
2021-06-20 12:00:00,4310.461668,2285.142,79.15700000000001,1843.9446670000002
2021-06-20 13:00:00,4624.636333,2515.124,91.377,2019.520333
2021-06-20 14:00:00,5054.394167,2668.52,95.81300000000002,2180.117
2021-06-20 15:00:00,5577.8765,2814.081,102.884,2284.541333
2021-06-20 16:00:00,6256.116,2939.376333,119.76099999999998,2444.8469999999998
2021-06-20 17:00:00,6787.7285,3117.201999,127.75500000000001,2547.554666
2021-06-20 18:00:00,7156.631833,3234.217666,151.454,2635.675668
2021-06-20 19:00:00,7366.533333,3372.441,146.058,2724.966665
2021-06-20 20:00:00,7285.517833999999,3299.469,145.92700000000002,2730.693666
2021-06-20 21:00:00,7055.8555,3243.8599999999997,130.64600000000002,2677.711334
2021-06-20 22:00:00,6550.802831999999,3109.2789999999995,128.04999999999998,2620.785333
2021-06-20 23:00:00,5827.839,2870.6549999999997,123.27300000000001,2406.8566680000004
2021-06-21 00:00:00,4869.772666,2517.649,105.06,2079.9740009999996
2021-06-21 01:00:00,4065.1271669999996,2164.3990000000003,74.271,1743.192001
2021-06-21 02:00:00,3559.915667,1884.845,63.147,1523.9736659999999
2021-06-21 03:00:00,3098.274834,1688.88,59.054,1359.2383340000001
2021-06-21 04:00:00,2798.696167,1555.5890000000002,53.147999999999996,1221.744001
2021-06-21 05:00:00,2644.9804990000002,1548.71,48.504,1186.4540000000002
2021-06-21 06:00:00,2707.636001,1563.4409999999998,51.644999999999996,1201.8906670000001
2021-06-21 07:00:00,2939.282999,1685.548667,61.729,1315.919666
2021-06-21 08:00:00,3250.719001,1816.8616670000001,69.85100000000001,1470.4993330000002
2021-06-21 09:00:00,3598.7799999999997,2003.9160000000002,74.80600000000001,1596.713334
2021-06-21 10:00:00,4030.312833,2219.4979999999996,79.20199999999998,1713.8133320000002
2021-06-21 11:00:00,4539.853499,2414.486,93.805,1914.512
2021-06-21 12:00:00,5171.812166,2668.733,110.932,2092.809
2021-06-21 13:00:00,5831.389167,2882.464,127.16299999999998,2295.180665
2021-06-21 14:00:00,6409.487666000001,3068.0736669999997,124.347,2468.9206670000003
2021-06-21 15:00:00,6882.287666,3191.3909999999996,140.77800000000005,2612.213335
2021-06-21 16:00:00,7535.833834,3385.687,141.12800000000001,2758.6353339999996
2021-06-21 17:00:00,7938.820167,3565.87,144.796,2944.749666
2021-06-21 18:00:00,8172.113667,3689.974,164.67,3068.504
2021-06-21 19:00:00,8361.625,3795.682,164.704,3130.391001
2021-06-21 20:00:00,8161.627,3672.422001,157.553,3053.332332
2021-06-21 21:00:00,7910.266,3576.027,151.95000000000005,3020.1380010000003
2021-06-21 22:00:00,7445.822833,3436.474667,132.97199999999998,2891.4750000000004
2021-06-21 23:00:00,6551.096,3227.4176669999997,128.68300000000002,2611.402334
2021-06-22 00:00:00,5501.642,2841.5986669999998,99.514,2219.562665
2021-06-22 01:00:00,4641.166834000001,2445.895,87.17899999999999,1921.3866669999998
2021-06-22 02:00:00,3944.017167,2149.470333,73.18399999999998,1657.7279990000002
2021-06-22 03:00:00,3493.7484999999997,1938.2656670000001,61.398,1487.325334
2021-06-22 04:00:00,3202.8858339999997,1774.5206670000002,60.317000000000014,1371.783333
2021-06-22 05:00:00,2971.833666,1698.206667,54.50099999999999,1314.1096659999998
2021-06-22 06:00:00,2911.5135,1669.6536669999998,52.15899999999999,1312.2363340000002
2021-06-22 07:00:00,3071.783833,1717.066333,54.469,1419.31
2021-06-22 08:00:00,3249.192,1868.644333,59.046,1500.866
2021-06-22 09:00:00,3439.874167,1995.753333,74.24100000000001,1577.435
2021-06-22 10:00:00,3607.442167,2062.793,71.552,1610.928
2021-06-22 11:00:00,3939.3585009999997,2241.586,82.24999999999999,1747.469
2021-06-22 12:00:00,4283.852834,2338.607,100.657,1846.9096670000001
2021-06-22 13:00:00,4720.748667,2535.971667,94.01599999999999,2005.3513340000002
2021-06-22 14:00:00,5085.325833999999,2652.5586670000002,111.466,2121.901333
2021-06-22 15:00:00,5456.5555,2792.192,108.57699999999998,2221.234999
2021-06-22 16:00:00,5624.510166,2762.828,111.81900000000002,2252.729332
2021-06-22 17:00:00,5921.967833,2956.84,117.50700000000002,2373.9836670000004
2021-06-22 18:00:00,6236.324501,3098.235667,129.539,2501.571333
2021-06-22 19:00:00,6620.948833,3173.6153329999997,135.83,2612.295334
2021-06-22 20:00:00,6645.548333,3206.843333,118.25399999999999,2595.321666
2021-06-22 21:00:00,6314.612999999999,3162.4990000000003,112.926,2498.697002
2021-06-22 22:00:00,5880.223834,2951.9179999999997,115.071,2391.618668
2021-06-22 23:00:00,5103.946,2667.451,113.511,2158.640998
2021-06-23 00:00:00,4163.413166,2294.425,89.90199999999999,1883.9930009999998
2021-06-23 01:00:00,3431.705834,1969.0520000000001,72.268,1558.7649999999999
2021-06-23 02:00:00,2997.967333,1705.1719999999998,61.51499999999999,1365.585334
2021-06-23 03:00:00,2696.7683340000003,1525.528,48.370000000000005,1266.221665
2021-06-23 04:00:00,2475.162166,1439.2240000000002,48.571,1152.392666
2021-06-23 05:00:00,2368.673667,1417.272,46.49600000000001,1118.709
2021-06-23 06:00:00,2439.798833,1443.717,43.96,1114.946334
2021-06-23 07:00:00,2669.513834,1535.413,51.173,1215.632
2021-06-23 08:00:00,2868.362834,1625.1639999999998,56.86500000000001,1239.599
2021-06-23 09:00:00,3045.4004999999997,1710.279,54.33800000000001,1311.65
2021-06-23 10:00:00,3146.692833,1798.1840000000002,66.904,1415.207
2021-06-23 11:00:00,3389.393001,1945.163,71.844,1549.873
2021-06-23 12:00:00,3643.9835000000003,2019.8319999999999,94.14299999999999,1664.8390000000002
2021-06-23 13:00:00,3965.5254999999997,2210.589,92.97100000000002,1728.604
2021-06-23 14:00:00,4278.7155,2339.419,102.73000000000002,1853.6656670000002
2021-06-23 15:00:00,4615.9175,2428.425,89.69300000000001,1970.579667
2021-06-23 16:00:00,5118.678334,2638.6319999999996,114.681,2147.202
2021-06-23 17:00:00,5750.948667000001,2858.938,122.58200000000001,2351.717
2021-06-23 18:00:00,6336.261667,3058.582,132.391,2537.309
2021-06-23 19:00:00,6640.419,3133.706,139.4,2589.8309999999997
2021-06-23 20:00:00,6577.509167,3077.616,143.32,2538.0026669999997
2021-06-23 21:00:00,6274.787167,2993.336,119.55799999999999,2410.9196660000002
2021-06-23 22:00:00,5647.755,2829.583,117.56,2291.0580010000003
2021-06-23 23:00:00,4888.487500000001,2582.008,99.25800000000001,2059.163333
2021-06-24 00:00:00,4047.191667,2221.848,82.335,1768.476
2021-06-24 01:00:00,3365.3909999999996,1920.552,66.509,1548.176
2021-06-24 02:00:00,2926.716833,1690.344,57.141,1339.7203330000002
2021-06-24 03:00:00,2611.6273340000002,1508.85,48.664,1213.945666
2021-06-24 04:00:00,2406.292166,1370.143,45.94199999999999,1119.3570009999999
2021-06-24 05:00:00,2303.630833,1380.0639999999999,42.026999999999994,1088.5036670000002
2021-06-24 06:00:00,2449.7165,1389.5130000000001,44.132000000000005,1110.312
2021-06-24 07:00:00,2637.3173340000003,1499.5980000000002,45.532999999999994,1223.362
2021-06-24 08:00:00,2811.882834,1665.088,56.568000000000005,1266.145
2021-06-24 09:00:00,3043.791333,1711.6280000000002,68.103,1337.355
2021-06-24 10:00:00,3204.606334,1838.319667,67.02399999999999,1384.108333
2021-06-24 11:00:00,3431.232835,1982.249333,75.927,1478.130334
2021-06-24 12:00:00,3689.474001,2098.335,75.514,1598.774
2021-06-24 13:00:00,4009.897834,2249.254666,85.732,1755.2710000000002
2021-06-24 14:00:00,4221.6365000000005,2429.585,99.75800000000001,1884.118
2021-06-24 15:00:00,4781.472833,2603.624334,110.529,2010.6870000000001
2021-06-24 16:00:00,5404.702834,2821.995667,102.365,2205.555667
2021-06-24 17:00:00,6168.500333,3054.846,118.318,2437.1413330000005
2021-06-24 18:00:00,6803.721334,3265.366,126.49999999999999,2596.284
2021-06-24 19:00:00,7104.303999,3354.757334,131.92999999999998,2625.571
2021-06-24 20:00:00,7022.869500000001,3269.5453329999996,130.933,2654.785
2021-06-24 21:00:00,6776.336501,3211.986667,133.484,2588.2719989999996
2021-06-24 22:00:00,6312.655500000001,3102.388333,119.57,2531.0753330000002
2021-06-24 23:00:00,5703.091333,2890.755668,120.36,2316.217334
2021-06-25 00:00:00,4784.831999,2463.9826679999996,96.434,1961.8380000000002
2021-06-25 01:00:00,3939.374667,2134.6323329999996,72.947,1705.924334
2021-06-25 02:00:00,3420.9363329999996,1904.854001,64.291,1494.551667
2021-06-25 03:00:00,3010.434166,1765.646667,54.568000000000005,1380.759333
2021-06-25 04:00:00,2754.304334,1628.5099999999998,54.21000000000001,1283.519664
2021-06-25 05:00:00,2617.947666,1604.9629989999999,47.96099999999999,1218.036001
2021-06-25 06:00:00,2639.713999,1600.545666,52.864000000000004,1247.658332
2021-06-25 07:00:00,2996.611334,1730.650334,56.108000000000004,1354.267333
2021-06-25 08:00:00,3294.5521670000003,1907.6823330000002,60.343,1463.789667
2021-06-25 09:00:00,3668.1438340000004,2035.170333,78.81500000000001,1592.621333
2021-06-25 10:00:00,3988.9311669999997,2195.294001,83.141,1751.919
2021-06-25 11:00:00,4316.530167000001,2314.320667,86.43299999999999,2027.799667
2021-06-25 12:00:00,4888.098,2575.727,95.39200000000001,2162.269333
2021-06-25 13:00:00,5389.650667,2791.023,104.344,2313.4663330000003
2021-06-25 14:00:00,5898.1665,2958.2780000000002,106.36600000000003,2473.8500000000004
2021-06-25 15:00:00,6432.264167,3107.3590000000004,118.29700000000001,2570.483666
2021-06-25 16:00:00,7050.754334,3316.573999,124.879,2710.602
2021-06-25 17:00:00,7587.3305,3498.728334,137.504,2887.746667
2021-06-25 18:00:00,8089.897167,3669.846666,147.08700000000002,3017.5256659999995
2021-06-25 19:00:00,8197.063166,3761.2553319999997,146.997,3074.514997
2021-06-25 20:00:00,8169.170999,3703.825333,140.287,3034.590997
2021-06-25 21:00:00,7791.986999999999,3662.468667,152.09600000000003,2958.919333
2021-06-25 22:00:00,7412.536833,3495.9099989999995,162.943,2870.590333
2021-06-25 23:00:00,6769.814166,3343.529332,146.20300000000003,2691.430667
2021-06-26 00:00:00,6005.027499,2981.6883340000004,127.39100000000002,2422.064
2021-06-26 01:00:00,5086.308667,2615.783667,98.935,2145.5376650000003
2021-06-26 02:00:00,4494.049166999999,2321.587667,86.80299999999998,1898.363665
2021-06-26 03:00:00,3990.9648319999997,2150.7110009999997,71.507,1705.948666
2021-06-26 04:00:00,3675.7836660000003,1985.933332,64.138,1577.7706640000001
2021-06-26 05:00:00,3403.454166,1844.9143330000002,61.295,1484.514001
2021-06-26 06:00:00,3320.356833,1833.5166669999999,63.32700000000001,1475.839333
2021-06-26 07:00:00,3529.8536670000003,1970.366,73.568,1544.461
2021-06-26 08:00:00,4031.6746669999998,2241.005333,72.104,1754.707332
2021-06-26 09:00:00,4665.7025,2546.339333,92.274,2024.4229999999998
2021-06-26 10:00:00,5364.8125,2841.875,114.22400000000002,2295.4259989999996
2021-06-26 11:00:00,6044.298333000001,3160.828,129.423,2528.236333
2021-06-26 12:00:00,6698.831,3372.164667,153.41400000000002,2760.0026669999997
2021-06-26 13:00:00,7379.27,3598.871333,149.079,2960.813
2021-06-26 14:00:00,7938.436333,3785.452,160.047,3071.434
2021-06-26 15:00:00,8490.174833000001,3885.02,162.05,3205.392
2021-06-26 16:00:00,8866.673999999999,4010.867334,175.272,3315.568
2021-06-26 17:00:00,9212.215666,4131.658999,178.08699999999996,3375.756
2021-06-26 18:00:00,9381.471001,4177.145334000001,178.37199999999999,3452.953666
2021-06-26 19:00:00,9382.906666,4186.816000000001,185.53300000000002,3473.176
2021-06-26 20:00:00,9207.878666,4157.527334,180.899,3456.739999
2021-06-26 21:00:00,9026.348666,4128.202334,177.62499999999997,3429.354
2021-06-26 22:00:00,8800.642667,4007.080666,174.529,3358.839
2021-06-26 23:00:00,8233.088999,3847.900668,166.95299999999997,3140.879333
2021-06-27 00:00:00,7464.476332,3552.481667,146.48999999999998,2902.681
2021-06-27 01:00:00,6718.551332999999,3265.931,120.378,2607.970668
2021-06-27 02:00:00,6059.4093330000005,2979.451333,110.295,2390.597667
2021-06-27 03:00:00,5493.184666,2754.634332,101.18799999999999,2189.5326670000004
2021-06-27 04:00:00,5023.028666,2553.212999,98.90599999999999,2019.4533330000002
2021-06-27 05:00:00,4627.433,2412.282,93.029,1869.266333
2021-06-27 06:00:00,4387.910668,2346.4693340000003,93.319,1830.118334
2021-06-27 07:00:00,4440.611000999999,2446.442999,86.215,1888.628
2021-06-27 08:00:00,4913.4955,2688.528333,96.437,2103.837
2021-06-27 09:00:00,5585.8330000000005,2991.262,116.72400000000002,2399.283998
2021-06-27 10:00:00,6475.8333330000005,3329.245,135.095,2725.6666670000004
2021-06-27 11:00:00,7311.579667,3594.058,150.233,2959.512333
2021-06-27 12:00:00,7968.341334000001,3846.5690000000004,151.50300000000001,3199.576666
2021-06-27 13:00:00,8671.928667,4120.528,173.19100000000003,3420.077666
2021-06-27 14:00:00,9208.413332999999,4288.390332999999,180.47300000000004,3521.995333
2021-06-27 15:00:00,9459.208999999999,4390.717667000001,180.70299999999997,3579.287665
2021-06-27 16:00:00,9672.854667,4437.948665999999,179.705,3694.830666
2021-06-27 17:00:00,9828.414667000001,4430.746001,179.723,3689.1606659999998
2021-06-27 18:00:00,9992.437167,4471.265668,181.881,3767.414333
2021-06-27 19:00:00,10075.359667,4505.628,184.24899999999997,3773.4783340000004
2021-06-27 20:00:00,9986.239000999998,4525.6196660000005,186.107,3757.860665
2021-06-27 21:00:00,9723.278333999999,4422.123668,176.773,3683.094333
2021-06-27 22:00:00,9299.617333,4264.868667,180.379,3530.5306659999997
2021-06-27 23:00:00,8705.750833999999,4061.241001,174.94300000000004,3317.074665
2021-06-28 00:00:00,8046.8099999999995,3734.9620000000004,149.69499999999996,3015.771667
2021-06-28 01:00:00,7359.8595000000005,3439.953333,129.95600000000002,2761.211333
2021-06-28 02:00:00,6744.626833,3210.195667,119.832,2594.6716670000005
2021-06-28 03:00:00,6356.264165,3058.862666,114.843,2482.842
2021-06-28 04:00:00,5940.597667,2925.129,108.887,2366.688333
2021-06-28 05:00:00,5666.653,2816.896333,103.36800000000001,2236.046666
2021-06-28 06:00:00,5496.3625,2735.417332,97.82000000000002,2208.352667
2021-06-28 07:00:00,5557.255499999999,2831.246,98.905,2258.144001
2021-06-28 08:00:00,5958.402667,3098.7933329999996,107.57800000000002,2399.2183330000003
2021-06-28 09:00:00,6602.316833,3391.5833340000004,118.821,2696.970333
2021-06-28 10:00:00,7328.790667,3677.3693329999996,132.915,2955.762334
2021-06-28 11:00:00,8017.130832999999,3944.292666,145.634,3206.67
2021-06-28 12:00:00,8651.678333,4150.018666,166.601,3368.509668
2021-06-28 13:00:00,9180.514667,4314.809667,177.499,3546.573999
2021-06-28 14:00:00,9434.642167,4374.751,177.247,3589.023669
2021-06-28 15:00:00,9820.527333,4485.133333,183.89900000000003,3696.0860000000002
2021-06-28 16:00:00,10047.846334,4558.984,183.46699999999998,3770.105
2021-06-28 17:00:00,10215.232667,4601.162999,198.093,3797.683669
2021-06-28 18:00:00,10289.667666000001,4629.101334,210.02899999999997,3880.675333
2021-06-28 19:00:00,10392.015833,4696.125666999999,200.26600000000002,3876.621
2021-06-28 20:00:00,9992.037667,4541.302001,196.53000000000003,3773.4346659999997
2021-06-28 21:00:00,9118.585834,4233.968333000001,189.95000000000002,3527.408335
2021-06-28 22:00:00,8436.540834,3986.230667,163.72799999999998,3285.073667
2021-06-28 23:00:00,7479.337001,3658.489334,137.82000000000002,3008.1459999999997
2021-06-29 00:00:00,6532.4105,3287.380666,118.63800000000002,2693.027333
2021-06-29 01:00:00,5693.306334,2955.3613339999997,103.391,2444.786
2021-06-29 02:00:00,5038.006334,2630.725333,100.231,2182.985667
2021-06-29 03:00:00,4487.5466670000005,2415.892333,87.23100000000001,1937.1956650000002
2021-06-29 04:00:00,4074.6499989999993,2268.6306670000004,79.11900000000001,1799.708334
2021-06-29 05:00:00,3752.811001,2173.494001,73.93399999999998,1731.715999
2021-06-29 06:00:00,3689.5696660000003,2119.723334,72.631,1685.8990000000001
2021-06-29 07:00:00,3759.994001,2202.9483339999997,73.39800000000001,1768.784333
2021-06-29 08:00:00,4022.7883340000003,2347.452666,77.522,1835.8760000000002
2021-06-29 09:00:00,4341.528,2466.1736659999997,78.40400000000001,1925.272
2021-06-29 10:00:00,4662.789168,2612.312,89.38000000000001,2082.98
2021-06-29 11:00:00,5024.0975,2821.084334,102.708,2248.399667
2021-06-29 12:00:00,5544.7255,2961.6996660000004,118.186,2461.426667
2021-06-29 13:00:00,6119.876,3171.311333,135.204,2617.660001
2021-06-29 14:00:00,6619.310335,3354.825333,139.042,2782.161333
2021-06-29 15:00:00,7163.462001,3529.686333,152.07599999999996,2884.985667
2021-06-29 16:00:00,7741.366167,3708.933666,153.69500000000002,3034.571
2021-06-29 17:00:00,8229.217999,3849.062667,158.342,3212.674333
2021-06-29 18:00:00,8673.936999999998,4025.751666,165.80700000000002,3310.173334
2021-06-29 19:00:00,8746.299667,4073.5583319999996,161.53899999999996,3408.5406669999998
2021-06-29 20:00:00,8619.738334,4040.512501,161.56399999999996,3366.978
2021-06-29 21:00:00,8127.573665999999,3868.171666,154.278,3167.3850009999996
2021-06-29 22:00:00,7410.076000999999,3617.489667,142.56700000000004,2902.7049989999996
2021-06-29 23:00:00,6380.912666,3290.9130010000003,130.03300000000002,2689.414667
2021-06-30 00:00:00,5452.100332999999,2923.786667,104.258,2289.7026670000005
2021-06-30 01:00:00,4601.788667,2532.0696669999998,92.614,2008.056334
2021-06-30 02:00:00,4009.7179990000004,2263.691001,80.81500000000001,1828.531668
2021-06-30 03:00:00,3591.989667,2030.4053330000002,66.65299999999999,1665.5353320000002
2021-06-30 04:00:00,3253.333999,1881.351667,66.47600000000001,1535.9790010000002
2021-06-30 05:00:00,3064.5789990000003,1823.920666,58.653000000000006,1448.4449989999998
2021-06-30 06:00:00,3051.70733,1782.087334,60.804,1453.0096669999998
2021-06-30 07:00:00,3103.425667,1876.874333,58.36799999999999,1516.773666
2021-06-30 08:00:00,3323.832667,1938.9876660000002,67.441,1554.618667
2021-06-30 09:00:00,3393.669667,1942.353666,70.85699999999999,1588.837666
2021-06-30 10:00:00,3473.094333,1989.634999,60.75,1637.439667
2021-06-30 11:00:00,3658.3973340000002,2050.047999,70.49100000000001,1623.2656659999998
2021-06-30 12:00:00,3727.6515,2071.811666,75.26299999999999,1718.668999
2021-06-30 13:00:00,3886.250333,2128.260999,79.49399999999999,1751.313
2021-06-30 14:00:00,3977.787167,2188.239333,79.23000000000002,1783.227
2021-06-30 15:00:00,4283.501168,2277.0710010000003,77.66099999999999,1880.3809999999999
2021-06-30 16:00:00,4564.903667,2432.979666,89.258,2043.196667
2021-06-30 17:00:00,5112.133334,2531.279998,96.689,2213.391333
2021-06-30 18:00:00,5536.411998,2704.349331,92.413,2266.641333
2021-06-30 19:00:00,5348.564833,2752.631666,100.434,2248.896333
2021-06-30 20:00:00,5118.982835000001,2665.934666,91.387,2252.045667
2021-06-30 21:00:00,4907.525165999999,2547.314332,106.477,2210.2339979999997
2021-06-30 22:00:00,4650.957832,2514.415333,101.974,2082.6863319999998
2021-06-30 23:00:00,4231.194332,2370.521667,85.84,1916.4140000000002
2021-07-01 00:00:00,3691.209001,2058.028334,73.888,1647.190334
2021-07-01 01:00:00,3129.6846649999998,1813.835665,62.081,1490.837999
2021-07-01 02:00:00,2814.415666,1647.0179990000001,60.303,1323.7006660000002
2021-07-01 03:00:00,2622.389334,1540.8176680000001,55.452000000000005,1218.845
2021-07-01 04:00:00,2451.4058330000003,1459.245665,55.56000000000001,1199.629667
2021-07-01 05:00:00,2388.413165,1458.409334,55.37200000000001,1145.124667
2021-07-01 06:00:00,2508.785834,1479.377667,51.193999999999996,1196.489
2021-07-01 07:00:00,2688.693499,1545.8303340000002,51.63400000000001,1253.851333
2021-07-01 08:00:00,2875.891834,1631.1629990000001,56.639,1290.234667
2021-07-01 09:00:00,3050.3305,1710.633667,64.054,1320.796002
2021-07-01 10:00:00,3158.432334,1745.147001,64.774,1349.056667
2021-07-01 11:00:00,3152.839501,1790.116333,65.612,1392.8890000000001
2021-07-01 12:00:00,3222.848334,1763.7129999999997,74.96699999999998,1432.683333
2021-07-01 13:00:00,3301.841835,1810.420332,66.187,1515.351667
2021-07-01 14:00:00,3359.8215,1830.490667,77.968,1538.556
2021-07-01 15:00:00,3380.6225,1862.8460010000001,66.455,1513.13
2021-07-01 16:00:00,3461.6054999999997,1930.593667,62.192,1586.1803340000001
2021-07-01 17:00:00,3776.8855,1975.443,55.954,1659.8126659999998
2021-07-01 18:00:00,4162.8358339999995,2148.902,81.52,1769.000667
2021-07-01 19:00:00,4272.703998000001,2214.682667,80.854,1856.1463330000001
2021-07-01 20:00:00,4233.605,2224.2216660000004,90.61200000000001,1848.0126670000002
2021-07-01 21:00:00,4231.900000000001,2191.382,84.244,1797.7196669999998
2021-07-01 22:00:00,4101.754499999999,2160.859333,75.50500000000002,1765.716
2021-07-01 23:00:00,3816.180834,2079.657668,70.28,1681.447333
2021-07-02 00:00:00,3323.3665,1873.202668,66.341,1497.651667
2021-07-02 01:00:00,2888.3725000000004,1660.581333,55.418,1302.6206670000001
2021-07-02 02:00:00,2558.917834,1482.155001,50.69,1192.375667
2021-07-02 03:00:00,2360.932166,1342.006667,44.22099999999999,1091.774668
2021-07-02 04:00:00,2260.6211670000002,1282.567,45.86899999999999,1025.119666
2021-07-02 05:00:00,2221.960499,1319.916999,43.983000000000004,1004.958333
2021-07-02 06:00:00,2297.725332,1324.924666,47.823,1064.542335
2021-07-02 07:00:00,2491.765835,1475.407667,46.053000000000004,1152.0716670000002
2021-07-02 08:00:00,2701.901834,1505.71,52.094,1219.894667
2021-07-02 09:00:00,2938.105168,1603.682,54.118,1230.180333
2021-07-02 10:00:00,3065.6430010000004,1724.5410000000002,63.427,1303.741
2021-07-02 11:00:00,3209.49,1860.6190000000001,67.839,1460.7486669999998
2021-07-02 12:00:00,3367.779,1973.260001,64.081,1517.238
2021-07-02 13:00:00,3792.520334,2037.179,77.27700000000002,1646.979
2021-07-02 14:00:00,4073.5454990000007,2197.554,78.05900000000001,1711.8690000000001
2021-07-02 15:00:00,4528.847334,2360.085,84.12700000000001,1884.624333
2021-07-02 16:00:00,5112.922667,2521.1629999999996,90.93900000000001,2047.041999
2021-07-02 17:00:00,5646.567001,2798.7870000000003,100.563,2206.010333
2021-07-02 18:00:00,6139.023501,2949.606,116.968,2358.302667
2021-07-02 19:00:00,6342.761166,2982.331,114.94200000000001,2425.126667
2021-07-02 20:00:00,6298.665666,2886.3009999999995,121.843,2390.560333
2021-07-02 21:00:00,5966.865833,2784.656,112.01,2320.147
2021-07-02 22:00:00,5478.294832,2653.9766660000005,110.50099999999999,2217.344667
2021-07-02 23:00:00,4915.1205,2531.6606659999998,104.397,2081.066334
2021-07-03 00:00:00,4194.4043329999995,2240.463667,86.269,1827.6853330000001
2021-07-03 01:00:00,3502.3285,1972.2,72.134,1592.971667
2021-07-03 02:00:00,2991.6016680000002,1733.956667,61.809000000000005,1420.7740000000001
2021-07-03 03:00:00,2684.424667,1579.3236670000001,54.59300000000001,1266.423668
2021-07-03 04:00:00,2444.6561659999998,1443.9339989999999,54.12,1150.3629999999998
2021-07-03 05:00:00,2314.062,1396.121999,49.48300000000001,1081.992667
2021-07-03 06:00:00,2283.121833,1373.667,46.772,1098.719333
2021-07-03 07:00:00,2409.4966670000003,1447.7050000000002,50.690000000000005,1131.331668
2021-07-03 08:00:00,2608.432166,1545.2293329999998,59.827,1182.242
2021-07-03 09:00:00,2882.280334,1647.956333,57.26500000000001,1315.672
2021-07-03 10:00:00,3186.9928330000002,1751.585,57.483,1389.595
2021-07-03 11:00:00,3387.7724989999997,1819.696,68.45899999999999,1462.687333
2021-07-03 12:00:00,3578.4091670000003,1918.456,65.304,1568.9006669999999
2021-07-03 13:00:00,3857.2349999999997,2149.4269999999997,71.661,1655.3853330000002
2021-07-03 14:00:00,4182.464999,2348.298,75.789,1817.002
2021-07-03 15:00:00,4635.076835,2498.6220000000003,90.372,1992.2690000000002
2021-07-03 16:00:00,5140.3513330000005,2683.830334,95.45899999999997,2166.232666
2021-07-03 17:00:00,5789.222166,2806.0089989999997,112.22999999999999,2290.6803339999997
2021-07-03 18:00:00,6239.915166999999,2946.324001,120.92699999999999,2366.511333
2021-07-03 19:00:00,6461.854166,3020.933,127.03599999999999,2437.327333
2021-07-03 20:00:00,6331.752165,2979.186667,122.86899999999999,2386.122
2021-07-03 21:00:00,6090.139166000001,2837.301,113.43700000000001,2320.249668
2021-07-03 22:00:00,5517.3321670000005,2698.7439999999997,115.46399999999997,2213.6243329999998
2021-07-03 23:00:00,4959.736833,2523.4516670000003,105.59500000000001,2072.2526669999997
2021-07-04 00:00:00,4274.191999,2246.966999,79.634,1855.278334
2021-07-04 01:00:00,3606.549,1959.21,70.83699999999999,1597.918667
2021-07-04 02:00:00,3051.963666,1747.458,65.11699999999999,1421.8466680000001
2021-07-04 03:00:00,2767.0018330000003,1597.2039989999998,55.664,1292.042334
2021-07-04 04:00:00,2516.210333,1459.820666,52.44799999999999,1162.093
2021-07-04 05:00:00,2345.092166,1370.010667,47.296,1060.242333
2021-07-04 06:00:00,2262.1556680000003,1347.504334,41.556000000000004,1050.380666
2021-07-04 07:00:00,2327.523834,1408.6389989999998,43.553999999999995,1101.2803319999998
2021-07-04 08:00:00,2591.3375,1497.168,48.16100000000001,1180.374333
2021-07-04 09:00:00,2870.341833,1656.7640000000001,55.635999999999996,1303.484667
2021-07-04 10:00:00,3351.945334,1899.9299999999998,65.423,1445.646999
2021-07-04 11:00:00,3756.397001,2120.181,79.512,1595.794333
2021-07-04 12:00:00,4133.609667,2317.794,86.154,1777.534666
2021-07-04 13:00:00,4399.286169,2481.392,99.70700000000001,1962.1713340000001
2021-07-04 14:00:00,4819.547667,2578.0559999999996,116.13,2129.8893340000004
2021-07-04 15:00:00,5152.200666000001,2701.609,119.69400000000002,2139.4793339999997
2021-07-04 16:00:00,5583.6185000000005,2884.072333,119.317,2259.005666
2021-07-04 17:00:00,6006.357334,2953.9716679999997,128.775,2363.601334
2021-07-04 18:00:00,6289.7826669999995,2978.666001,136.64200000000002,2468.8413339999997
2021-07-04 19:00:00,6457.905167,3009.438667,132.853,2478.9420010000003
2021-07-04 20:00:00,6320.764167,2943.52,128.93,2431.429
2021-07-04 21:00:00,6011.8975009999995,2797.525,117.21500000000002,2364.631666
2021-07-04 22:00:00,5461.657166,2663.750666,110.11,2217.4759999999997
2021-07-04 23:00:00,4848.805501,2476.1403339999997,92.25699999999999,2046.3886670000002
2021-07-05 00:00:00,4238.220334000001,2246.1859990000003,84.231,1817.385999
2021-07-05 01:00:00,3544.981334,1964.965668,71.42600000000002,1600.151667
2021-07-05 02:00:00,3049.653336,1710.4673340000002,59.11900000000001,1411.318334
2021-07-05 03:00:00,2690.315334,1525.7656670000001,52.981,1244.7756669999999
2021-07-05 04:00:00,2398.478999,1392.834667,47.118,1149.6336660000002
2021-07-05 05:00:00,2286.888666,1327.506333,43.503,1077.581001
2021-07-05 06:00:00,2252.317668,1328.602667,41.82900000000001,1076.645
2021-07-05 07:00:00,2313.3106660000003,1357.771334,40.559,1105.4289979999999
2021-07-05 08:00:00,2471.413999,1478.996334,41.678,1165.692999
2021-07-05 09:00:00,2758.639001,1623.338,43.31099999999999,1261.8576670000002
2021-07-05 10:00:00,3097.260333,1762.726666,61.507,1372.108666
2021-07-05 11:00:00,3496.698333,2022.376334,72.119,1548.974666
2021-07-05 12:00:00,3842.2640010000005,2120.2903340000003,76.126,1672.3669999999997
2021-07-05 13:00:00,4076.262,2309.144334,89.20499999999998,1797.040999
2021-07-05 14:00:00,4368.7119999999995,2383.7569999999996,85.30100000000002,1917.7983330000002
2021-07-05 15:00:00,4769.938334,2575.3753340000003,102.717,2050.21
2021-07-05 16:00:00,5278.634333,2754.3929989999997,111.46400000000001,2203.030667
2021-07-05 17:00:00,5762.117667,2964.603,128.34,2395.785334
2021-07-05 18:00:00,6323.346667,3105.1003339999997,134.86400000000003,2507.861666
2021-07-05 19:00:00,6667.783667,3168.7466670000003,134.87900000000002,2605.861667
2021-07-05 20:00:00,6599.942999999999,3023.136334,144.756,2528.0593339999996
2021-07-05 21:00:00,6303.744001000001,2917.9386670000004,132.079,2408.459334
2021-07-05 22:00:00,5683.549000000001,2792.3546670000005,116.262,2283.1000000000004
2021-07-05 23:00:00,5005.137001,2485.017,104.466,2110.349667
2021-07-06 00:00:00,4025.7290000000003,2164.996666,93.938,1795.6140010000001
2021-07-06 01:00:00,3314.9809999999998,1892.094334,73.322,1572.627
2021-07-06 02:00:00,2878.3,1622.039334,59.202,1349.8790009999998
2021-07-06 03:00:00,2612.614334,1474.223666,52.559999999999995,1207.152333
2021-07-06 04:00:00,2424.603333,1368.898666,45.766,1109.969
2021-07-06 05:00:00,2316.7823329999997,1369.5223340000002,44.007999999999996,1072.457333
2021-07-06 06:00:00,2420.0145,1403.3683339999998,46.013,1126.464999
2021-07-06 07:00:00,2586.965,1455.355001,49.28300000000001,1208.968
2021-07-06 08:00:00,2696.1321669999998,1572.204666,46.48600000000001,1240.357
2021-07-06 09:00:00,2751.023,1642.492666,46.650999999999996,1259.216
2021-07-06 10:00:00,2945.9155,1702.187333,59.403000000000006,1348.043
2021-07-06 11:00:00,3204.6481670000003,1818.099667,59.58,1455.1100000000001
2021-07-06 12:00:00,3567.4094999999998,1983.160666,71.791,1564.375
2021-07-06 13:00:00,3890.2398329999996,2113.935,82.779,1732.3433330000003
2021-07-06 14:00:00,4237.184001,2317.3678330000002,95.57300000000002,1886.154
2021-07-06 15:00:00,4812.136,2501.299333,113.25900000000001,2010.737
2021-07-06 16:00:00,5429.746332999999,2765.848333,105.51,2174.366
2021-07-06 17:00:00,6207.888167,3010.866334,135.91600000000003,2434.84
2021-07-06 18:00:00,6973.556333,3278.668333,139.74300000000002,2676.125
2021-07-06 19:00:00,7314.675333,3420.397667,150.48,2734.471
2021-07-06 20:00:00,7238.7975,3345.8010000000004,146.665,2677.173
2021-07-06 21:00:00,6938.437666,3192.210166,138.39700000000002,2622.275
2021-07-06 22:00:00,6327.325167000001,3035.6926670000003,139.32,2503.9379999999996
2021-07-06 23:00:00,5627.400167,2836.297334,120.98800000000001,2341.1940000000004
2021-07-07 00:00:00,4679.122,2488.5746670000003,101.25599999999999,1983.2849999999999
2021-07-07 01:00:00,3723.427167,2095.6580000000004,78.538,1702.09
2021-07-07 02:00:00,3152.3041670000002,1821.484001,64.545,1455.5459999999998
2021-07-07 03:00:00,2786.786333,1617.767667,54.765,1345.547
2021-07-07 04:00:00,2567.7840000000006,1503.040999,51.457,1233.013
2021-07-07 05:00:00,2437.717333,1436.948,49.845,1175.967
2021-07-07 06:00:00,2475.7895,1451.082,47.703,1158.8110000000001
2021-07-07 07:00:00,2653.697834,1532.3600000000001,53.945,1223.0810000000001
2021-07-07 08:00:00,2779.308167,1587.324666,49.782,1262.932
2021-07-07 09:00:00,2888.024667,1624.247666,55.834999999999994,1281.351
2021-07-07 10:00:00,2972.8788329999998,1644.523999,67.28599999999999,1289.705
2021-07-07 11:00:00,3045.749,1680.494999,65.681,1316.9653329999999
2021-07-07 12:00:00,3130.458,1671.7656660000002,65.03400000000002,1364.6709999999998
2021-07-07 13:00:00,3203.8396669999997,1774.9829989999998,73.54299999999999,1439.104
2021-07-07 14:00:00,3192.0483329999997,1775.302333,72.24000000000001,1415.7310000000002
2021-07-07 15:00:00,3295.5676670000003,1823.1689999999999,64.726,1480.2869999999998
2021-07-07 16:00:00,3422.303,1946.775999,81.31,1565.1419999999998
2021-07-07 17:00:00,3934.853667,2152.7656660000002,94.46000000000001,1679.358
2021-07-07 18:00:00,4594.209,2365.5606660000003,104.866,1813.5986669999998
2021-07-07 19:00:00,4910.4794999999995,2492.237666,112.33600000000001,1915.7073329999998
2021-07-07 20:00:00,4974.840167,2450.272999,106.172,1997.069
2021-07-07 21:00:00,4793.362333,2349.273666,105.14399999999998,1956.296667
2021-07-07 22:00:00,4441.84,2293.406999,89.68599999999999,1845.1689999999999
2021-07-07 23:00:00,3972.855666,2167.4833339999996,79.539,1714.266
2021-07-08 00:00:00,3285.6545,1878.4569999999999,65.431,1449.5393330000002
2021-07-08 01:00:00,2789.333667,1584.780666,52.224999999999994,1246.248
2021-07-08 02:00:00,2416.921833,1406.766,44.0,1112.142
2021-07-08 03:00:00,2194.6295,1308.7380010000002,42.601,1018.8979999999999
2021-07-08 04:00:00,2097.815166,1221.9926659999999,36.748000000000005,975.489
2021-07-08 05:00:00,2058.556999,1220.523667,35.87,972.781334
2021-07-08 06:00:00,2213.5896669999997,1265.011334,37.21999999999999,1026.5049999999999
2021-07-08 07:00:00,2426.7783339999996,1364.257,39.63800000000001,1115.415
2021-07-08 08:00:00,2612.5550009999997,1437.053999,44.71900000000001,1131.1756659999999
2021-07-08 09:00:00,2743.514,1456.818667,40.915,1177.8000000000002
2021-07-08 10:00:00,2854.233333,1554.2920009999998,59.99199999999999,1221.629334
2021-07-08 11:00:00,2925.430999,1627.269333,63.246,1278.9003340000002
2021-07-08 12:00:00,3039.219667,1688.804,70.89500000000002,1310.0826659999998
2021-07-08 13:00:00,3135.691,1758.6386659999998,64.047,1370.118668
2021-07-08 14:00:00,3279.426834,1845.284,59.916000000000004,1424.3093330000002
2021-07-08 15:00:00,3448.1835,1946.756667,66.387,1522.299
2021-07-08 16:00:00,3890.9863330000003,2128.214,77.27900000000001,1668.9806670000003
2021-07-08 17:00:00,4498.219333999999,2318.6490000000003,93.242,1865.477001
2021-07-08 18:00:00,5061.225166,2492.1589999999997,93.139,2027.4813330000002
2021-07-08 19:00:00,5389.485500999999,2605.043667,98.072,2080.5823330000003
2021-07-08 20:00:00,5298.507834,2550.300666,95.37200000000001,2102.2176660000005
2021-07-08 21:00:00,5055.143333,2466.933,98.19699999999999,2054.5119999999997
2021-07-08 22:00:00,4755.156667,2378.373333,87.382,1969.2959999999998
2021-07-08 23:00:00,4172.114498999999,2252.6196680000003,74.22099999999999,1860.6913330000002
2021-07-09 00:00:00,3437.659667,1922.7886680000001,61.18900000000001,1543.649
2021-07-09 01:00:00,2894.416833,1664.838333,57.312999999999995,1327.165
2021-07-09 02:00:00,2483.7380000000003,1461.1630010000001,47.951,1175.3529999999998
2021-07-09 03:00:00,2282.120666,1345.052667,43.053999999999995,1066.064
2021-07-09 04:00:00,2168.864,1221.9470000000001,39.96799999999999,1000.74
2021-07-09 05:00:00,2130.2441660000004,1244.5863319999999,35.762,995.414
2021-07-09 06:00:00,2241.5981659999998,1283.784666,38.059,1020.542
2021-07-09 07:00:00,2407.410334,1344.7476669999999,43.449,1113.168666
2021-07-09 08:00:00,2600.411,1472.9160000000002,44.976000000000006,1184.076
2021-07-09 09:00:00,2818.8300010000003,1543.914333,51.89,1277.4789999999998
2021-07-09 10:00:00,2883.8540000000003,1624.926,56.803000000000004,1362.1689999999999
2021-07-09 11:00:00,3089.898,1724.996333,68.65899999999999,1404.643
2021-07-09 12:00:00,3306.7686670000003,1841.8049999999998,70.08999999999999,1521.676
2021-07-09 13:00:00,3643.6946660000003,2009.2849999999999,71.448,1620.070667
2021-07-09 14:00:00,3928.8671670000003,2173.142,85.586,1709.713667
2021-07-09 15:00:00,4405.039666999999,2326.315,83.41,1882.629999
2021-07-09 16:00:00,5017.3814999999995,2548.303,93.46,2057.1403330000003
2021-07-09 17:00:00,5774.124333,2765.5969999999998,105.544,2249.969
2021-07-09 18:00:00,6272.638,2998.997,127.056,2434.5919999999996
2021-07-09 19:00:00,6497.999166,3116.9120000000003,136.233,2543.202
2021-07-09 20:00:00,6456.476666,3039.198,123.39099999999999,2505.1440000000002
2021-07-09 21:00:00,6093.166499999999,2901.4349999999995,111.20700000000001,2425.265
2021-07-09 22:00:00,5622.4465,2781.300666,112.112,2326.365
2021-07-09 23:00:00,5182.208667,2622.039666,99.77000000000001,2166.798
2021-07-10 00:00:00,4414.234667000001,2370.8086670000002,77.55000000000001,1954.2019999999998
2021-07-10 01:00:00,3678.6205,2092.5640000000003,62.778000000000006,1671.103
2021-07-10 02:00:00,3163.9735,1833.923667,61.66,1472.667
2021-07-10 03:00:00,2792.698499,1647.8826669999999,52.074999999999996,1336.8049999999998
2021-07-10 04:00:00,2558.7436660000003,1507.516999,44.708000000000006,1248.508
2021-07-10 05:00:00,2413.65,1427.7419989999999,41.150000000000006,1140.266
2021-07-10 06:00:00,2346.8534999999997,1390.3490000000002,43.258,1134.9863329999998
2021-07-10 07:00:00,2418.109,1440.9470000000001,42.873,1155.5256669999999
2021-07-10 08:00:00,2630.295166,1561.836333,46.703,1211.367667
2021-07-10 09:00:00,2992.716667,1706.1673329999999,62.026,1346.438666
2021-07-10 10:00:00,3353.6361660000002,1838.5349999999999,74.992,1496.150666
2021-07-10 11:00:00,3670.8095000000003,2015.65,85.54,1612.994001
2021-07-10 12:00:00,3955.183,2186.613,87.18499999999997,1742.024
2021-07-10 13:00:00,4267.022667,2382.2920000000004,94.293,1900.247333
2021-07-10 14:00:00,4707.501333,2560.031,90.743,2038.3936660000002
2021-07-10 15:00:00,5167.393999,2689.673,108.365,2181.0523329999996
2021-07-10 16:00:00,5696.886001,2846.242334,122.695,2245.165666
2021-07-10 17:00:00,6199.228332999999,2983.988666,123.359,2413.4959989999998
2021-07-10 18:00:00,6649.273666,3090.356668,127.99999999999999,2555.098001
2021-07-10 19:00:00,6698.740667,3048.86,119.93100000000001,2538.920333
2021-07-10 20:00:00,6396.723666,2979.1180000000004,114.14999999999999,2505.714667
2021-07-10 21:00:00,5870.803166000001,2768.8999999999996,109.58899999999998,2330.7686670000003
2021-07-10 22:00:00,5248.8786660000005,2619.9336670000002,114.81500000000001,2197.030667
2021-07-10 23:00:00,4679.269333,2433.176667,84.45400000000001,2025.758333
2021-07-11 00:00:00,3896.1994999999997,2174.7909999999997,76.24100000000001,1717.574
2021-07-11 01:00:00,3263.611666,1893.1170000000002,70.168,1476.0439999999999
2021-07-11 02:00:00,2776.505,1619.653667,58.6,1311.016333
2021-07-11 03:00:00,2457.092167,1442.3946660000001,50.532999999999994,1190.361332
2021-07-11 04:00:00,2300.380333,1352.534333,46.532000000000004,1076.236667
2021-07-11 05:00:00,2183.009333,1302.2269999999999,41.647999999999996,1034.3686659999998
2021-07-11 06:00:00,2178.414667,1284.5543340000002,45.66,1033.333667
2021-07-11 07:00:00,2280.359166,1316.745999,45.605000000000004,1066.354667
2021-07-11 08:00:00,2505.5516669999997,1431.226333,56.469,1132.9636659999999
2021-07-11 09:00:00,2764.1718339999998,1611.285,55.204,1243.012666
2021-07-11 10:00:00,3114.8803340000004,1735.353,58.47299999999999,1346.818334
2021-07-11 11:00:00,3389.9125,1871.846,67.47599999999998,1518.3673330000001
2021-07-11 12:00:00,3690.646833,1981.922333,70.68299999999999,1576.733666
2021-07-11 13:00:00,3946.7833330000003,2142.291,89.37100000000001,1734.862999
2021-07-11 14:00:00,4300.566500000001,2306.3520000000003,96.11800000000001,1857.7269999999999
2021-07-11 15:00:00,4714.760332,2500.108,105.514,2025.101001
2021-07-11 16:00:00,5285.205334,2741.330333,113.415,2136.296999
2021-07-11 17:00:00,5865.615333,2927.495334,109.45799999999998,2321.8416660000003
2021-07-11 18:00:00,6397.602832999999,3082.669001,118.057,2431.8053330000002
2021-07-11 19:00:00,6670.9955,3150.110667,118.36599999999999,2537.8013330000003
2021-07-11 20:00:00,6562.642167,3077.6270000000004,128.172,2532.080334
2021-07-11 21:00:00,6193.993166,2944.316,133.102,2457.959
2021-07-11 22:00:00,5626.889168,2810.211666,124.237,2342.13
2021-07-11 23:00:00,4875.353999999999,2566.610334,107.60700000000001,2126.254
2021-07-12 00:00:00,3995.9736669999993,2210.4056659999997,82.88200000000002,1851.2289999999998
2021-07-12 01:00:00,3301.651334,1872.425333,71.453,1540.693667
2021-07-12 02:00:00,2797.105668,1642.586333,57.425000000000004,1347.7920009999998
2021-07-12 03:00:00,2568.794667,1470.270666,50.63300000000001,1194.2066670000002
2021-07-12 04:00:00,2368.309001,1376.2756669999999,47.214,1099.3290000000002
2021-07-12 05:00:00,2245.8050000000003,1379.196,45.961999999999996,1090.491
2021-07-12 06:00:00,2370.827666,1369.7640000000001,46.80499999999999,1092.106999
2021-07-12 07:00:00,2499.8784990000004,1459.763,45.239,1182.3643339999999
2021-07-12 08:00:00,2618.460168,1511.9959999999999,44.83,1251.9679999999998
2021-07-12 09:00:00,2803.031833,1577.271,45.010000000000005,1257.915
2021-07-12 10:00:00,2868.474166,1593.6019999999999,55.76800000000001,1276.54
2021-07-12 11:00:00,3031.925834,1727.464333,67.227,1405.167
2021-07-12 12:00:00,3254.9474999999998,1864.0586660000001,62.767999999999994,1482.2043330000001
2021-07-12 13:00:00,3638.7565000000004,2034.1853339999998,69.494,1601.033334
2021-07-12 14:00:00,3989.445,2209.084,73.42800000000001,1699.167334
2021-07-12 15:00:00,4438.272166000001,2361.977,92.29299999999999,1853.356667
2021-07-12 16:00:00,5000.758667,2581.579667,105.061,2018.08
2021-07-12 17:00:00,5694.590666,2785.578666,109.637,2235.965667
2021-07-12 18:00:00,6367.931667,3034.817001,125.491,2449.085666
2021-07-12 19:00:00,6676.570667,3147.874667,144.804,2541.9173339999998
2021-07-12 20:00:00,6552.916666,3055.157334,137.89200000000002,2496.477001
2021-07-12 21:00:00,6037.637334,2886.290666,115.75599999999999,2380.299667
2021-07-12 22:00:00,5486.478834,2730.455334,99.64799999999998,2203.989668
2021-07-12 23:00:00,4754.937167,2466.211667,97.359,1983.355
2021-07-13 00:00:00,3811.555833,2117.302999,73.246,1663.1383329999999
2021-07-13 01:00:00,3120.7255,1782.514334,60.68299999999999,1397.599334
2021-07-13 02:00:00,2705.5035000000003,1560.621334,56.96500000000001,1241.0606670000002
2021-07-13 03:00:00,2445.436,1415.094666,54.959,1141.7556650000001
2021-07-13 04:00:00,2290.624833,1324.378666,47.955000000000005,1048.722334
2021-07-13 05:00:00,2214.800666,1305.463334,39.377,1017.3516669999999
2021-07-13 06:00:00,2364.074333,1331.6493340000002,42.481,1037.832667
2021-07-13 07:00:00,2499.849,1416.456334,39.196000000000005,1151.7150000000001
2021-07-13 08:00:00,2607.116666,1493.946333,45.275,1188.964
2021-07-13 09:00:00,2724.3855000000003,1573.6286659999998,43.956,1228.288333
2021-07-13 10:00:00,2848.384501,1593.899,49.614,1231.7726670000002
2021-07-13 11:00:00,2905.395,1613.164667,63.345000000000006,1265.878334
2021-07-13 12:00:00,3090.858166,1679.058333,61.175000000000004,1302.9769999999999
2021-07-13 13:00:00,3312.4323329999997,1844.2106660000002,73.43500000000002,1417.916667
2021-07-13 14:00:00,3515.889499,2004.9846670000002,64.272,1553.1589999999999
2021-07-13 15:00:00,3944.564666,2164.6863329999996,77.02700000000002,1694.184667
2021-07-13 16:00:00,4545.140333,2415.139667,96.37000000000002,1838.905
2021-07-13 17:00:00,5283.1325,2687.584334,109.034,2072.108333
2021-07-13 18:00:00,6009.934332999999,2918.244333,126.886,2373.0693330000004
2021-07-13 19:00:00,6299.024167,3065.082001,128.628,2488.297666
2021-07-13 20:00:00,6224.182833,2974.453667,109.73500000000001,2452.639667
2021-07-13 21:00:00,5818.1359999999995,2902.351667,102.82800000000002,2325.4153330000004
2021-07-13 22:00:00,5339.857167,2737.7786669999996,103.66300000000003,2146.095666
2021-07-13 23:00:00,4604.5025000000005,2424.9383340000004,91.998,1976.9846670000002
2021-07-14 00:00:00,3742.7489990000004,2073.895667,72.97299999999998,1629.081666
2021-07-14 01:00:00,3047.728833,1809.2980000000002,62.575,1405.999333
2021-07-14 02:00:00,2673.545834,1578.804001,59.934,1236.749334
2021-07-14 03:00:00,2446.773,1445.4876669999999,50.69,1132.2349980000001
2021-07-14 04:00:00,2268.020833,1360.439999,44.72799999999999,1050.0379990000001
2021-07-14 05:00:00,2160.42,1306.3739999999998,42.645,1035.3750009999999
2021-07-14 06:00:00,2303.021333,1356.402,41.54700000000001,1045.572001
2021-07-14 07:00:00,2496.9620000000004,1428.874,44.24,1133.244667
2021-07-14 08:00:00,2638.487167,1495.432666,47.208999999999996,1156.507
2021-07-14 09:00:00,2738.246833,1545.340666,56.186,1230.0676669999998
2021-07-14 10:00:00,2801.392167,1530.450999,60.737,1271.085
2021-07-14 11:00:00,2924.713667,1576.584999,58.57299999999999,1243.4560000000001
2021-07-14 12:00:00,3013.0554999999995,1636.782666,63.589,1336.319666
2021-07-14 13:00:00,3204.232333,1790.018999,66.78000000000002,1382.459
2021-07-14 14:00:00,3419.750167,1914.188333,69.72599999999998,1457.0876660000001
2021-07-14 15:00:00,3601.0595000000003,2030.4029999999998,72.70699999999998,1563.3689990000003
2021-07-14 16:00:00,4210.619833000001,2219.804999,80.09500000000001,1734.3253330000002
2021-07-14 17:00:00,4879.369167,2468.904666,91.94,1923.1990010000002
2021-07-14 18:00:00,5492.051166,2688.1546660000004,104.33699999999999,2149.122
2021-07-14 19:00:00,5913.053166,2770.406666,117.53399999999999,2260.712334
2021-07-14 20:00:00,5824.639,2775.565999,108.45599999999999,2264.3630000000003
2021-07-14 21:00:00,5305.674333,2606.469666,105.634,2185.075666
2021-07-14 22:00:00,4810.714833,2467.753999,98.339,2011.523
2021-07-14 23:00:00,4122.9565,2281.9393339999997,84.759,1787.1080000000002
2021-07-15 00:00:00,3428.4413329999998,1919.587,72.407,1473.659
2021-07-15 01:00:00,2861.648166,1652.299666,54.297000000000004,1288.360667
2021-07-15 02:00:00,2496.5218330000002,1472.6,46.726,1164.555333
2021-07-15 03:00:00,2284.861333,1355.2720009999998,42.855999999999995,1043.7666669999999
2021-07-15 04:00:00,2165.186667,1304.582666,40.898999999999994,994.7679999999999
2021-07-15 05:00:00,2104.040167,1310.345667,37.861000000000004,998.923
2021-07-15 06:00:00,2222.8455,1326.6673340000002,39.138000000000005,1020.514666
2021-07-15 07:00:00,2441.470166,1413.268,40.581,1105.683
2021-07-15 08:00:00,2629.6991660000003,1498.542999,40.839,1137.313
2021-07-15 09:00:00,2812.649,1539.2123339999998,44.400999999999996,1161.72
2021-07-15 10:00:00,2861.148667,1568.194834,57.709,1185.306333
2021-07-15 11:00:00,2959.15,1656.9080000000001,59.769999999999996,1279.694
2021-07-15 12:00:00,3119.691667,1698.7459999999999,72.24199999999998,1328.758666
2021-07-15 13:00:00,3202.884167,1821.128333,64.656,1437.684
2021-07-15 14:00:00,3387.571333,1916.8551670000002,77.58,1509.5159999999998
2021-07-15 15:00:00,3628.577833,1978.8084999999999,73.831,1603.605
2021-07-15 16:00:00,4006.5049999999997,2173.8151669999997,83.74999999999999,1691.7450000000001
2021-07-15 17:00:00,4545.6224999999995,2359.466,95.47,1891.724
2021-07-15 18:00:00,5153.607,2581.6009999999997,100.767,2059.593
2021-07-15 19:00:00,5368.5585,2642.9790000000003,112.83999999999999,2083.181
2021-07-15 20:00:00,5277.418167,2555.6895000000004,101.77100000000002,2075.689999
2021-07-15 21:00:00,4874.949500000001,2455.4849999999997,97.976,1947.021999
2021-07-15 22:00:00,4496.732,2363.6675,90.325,1863.758333
2021-07-15 23:00:00,3957.156,2215.473,85.173,1770.19
2021-07-16 00:00:00,3332.739333,1871.6950000000002,74.59299999999998,1485.721666
2021-07-16 01:00:00,2771.8323330000003,1584.729,52.048,1297.162334
2021-07-16 02:00:00,2442.8848339999995,1431.996,44.418,1150.248666
2021-07-16 03:00:00,2266.2740000000003,1312.0529999999999,45.012,1048.4113340000001
2021-07-16 04:00:00,2127.1735,1264.5865000000001,44.55299999999999,1000.963667
2021-07-16 05:00:00,2083.663167,1255.9535,36.021,980.9590000000001
2021-07-16 06:00:00,2166.977833,1272.072,36.208000000000006,1001.1286660000001
2021-07-16 07:00:00,2392.6090000000004,1382.1045000000001,41.723,1078.794333
2021-07-16 08:00:00,2588.971667,1440.8539999999998,45.748000000000005,1133.984332
2021-07-16 09:00:00,2751.366833,1535.223,50.462999999999994,1164.2113330000002
2021-07-16 10:00:00,2886.273,1604.024,52.557,1225.373666
2021-07-16 11:00:00,3042.211667,1634.204,53.751000000000005,1275.969
2021-07-16 12:00:00,3169.032334,1742.1950000000002,68.967,1329.751
2021-07-16 13:00:00,3364.732666,1854.217,59.138,1445.219
2021-07-16 14:00:00,3441.411333,1970.726,72.389,1476.124
2021-07-16 15:00:00,3576.865333,1964.121,75.225,1564.316
2021-07-16 16:00:00,3841.1586660000003,2110.495,76.007,1654.885
2021-07-16 17:00:00,4372.482666,2286.767,82.07300000000001,1816.829
2021-07-16 18:00:00,4831.405001000001,2448.757,94.49999999999999,1994.627333
2021-07-16 19:00:00,4987.631332999999,2463.569,104.098,2017.194333
2021-07-16 20:00:00,4955.617666,2460.8779999999997,93.88800000000002,2024.5910000000001
2021-07-16 21:00:00,4633.957333,2346.7870000000003,94.621,1942.453
2021-07-16 22:00:00,4403.478666,2269.2075,106.432,1877.118
2021-07-16 23:00:00,3911.8659989999996,2117.2695,80.22099999999999,1718.73
2021-07-17 00:00:00,3366.477,1892.7938330000002,65.18299999999999,1499.975667
2021-07-17 01:00:00,2886.2956670000003,1644.1169999999997,55.301,1342.684
2021-07-17 02:00:00,2537.343332,1482.1405,43.330999999999996,1152.403334
2021-07-17 03:00:00,2325.213666,1363.56,42.151,1053.217667
2021-07-17 04:00:00,2164.785333,1275.2939999999999,38.649,993.6646659999999
2021-07-17 05:00:00,2110.3999989999998,1254.2755,36.768,955.098667
2021-07-17 06:00:00,2118.8010010000003,1264.6554999999998,37.835,966.373
2021-07-17 07:00:00,2245.863666,1322.5075000000002,41.031,1031.6570000000002
2021-07-17 08:00:00,2533.833666,1506.656,45.24700000000001,1108.21
2021-07-17 09:00:00,2870.7056679999996,1701.3428330000002,45.697,1217.113
2021-07-17 10:00:00,3163.7529999999997,1840.5929999999998,64.47999999999999,1393.203333
2021-07-17 11:00:00,3436.443334,1969.535667,71.19800000000001,1479.898332
2021-07-17 12:00:00,3780.895,2087.3463330000004,67.43299999999999,1643.359
2021-07-17 13:00:00,3975.720667,2203.693,81.847,1759.169
2021-07-17 14:00:00,4199.148,2284.046,77.821,1799.3123329999999
2021-07-17 15:00:00,4511.222999,2400.239,85.49,1907.505
2021-07-17 16:00:00,4908.062334,2538.492,102.658,2075.5443330000003
2021-07-17 17:00:00,5342.362,2657.749167,125.77699999999999,2170.559
2021-07-17 18:00:00,5631.096999,2728.128167,128.697,2223.138333
2021-07-17 19:00:00,5795.416333,2805.348,124.29000000000002,2199.958667
2021-07-17 20:00:00,5567.760666,2657.5563329999995,109.41700000000002,2169.884
2021-07-17 21:00:00,5123.576667,2520.5675,95.40399999999998,2068.525
2021-07-17 22:00:00,4735.471498999999,2431.726667,98.605,1978.671333
2021-07-17 23:00:00,4219.1943329999995,2286.1863329999996,91.035,1831.1949990000003
2021-07-18 00:00:00,3665.708667,2047.21,78.20500000000001,1599.092
2021-07-18 01:00:00,3088.609999,1761.089,60.325,1407.3799999999999
2021-07-18 02:00:00,2688.5823330000003,1554.348167,49.322,1244.9180000000001
2021-07-18 03:00:00,2405.120334,1416.4556670000002,41.842000000000006,1105.9803339999999
2021-07-18 04:00:00,2246.312333,1308.673667,41.403,1042.495666
2021-07-18 05:00:00,2103.751666,1272.3303329999999,38.461999999999996,994.6046660000001
2021-07-18 06:00:00,2124.874667,1248.8135,39.438,1006.7496659999999
2021-07-18 07:00:00,2245.4846660000003,1292.567,39.348,1046.3200000000002
2021-07-18 08:00:00,2495.6126670000003,1418.6373330000001,40.475,1135.738
2021-07-18 09:00:00,2861.369667,1614.465,51.793,1252.3703329999998
2021-07-18 10:00:00,3234.875001,1829.952,58.891,1415.931667
2021-07-18 11:00:00,3571.2163330000003,2018.21,62.732000000000006,1549.777
2021-07-18 12:00:00,3811.2396660000004,2093.331333,76.38600000000001,1665.593
2021-07-18 13:00:00,4140.274332999999,2350.9980000000005,84.99599999999998,1873.4489999999998
2021-07-18 14:00:00,4460.869000000001,2456.9890000000005,92.565,1921.441
2021-07-18 15:00:00,4853.472331999999,2596.4491669999998,106.42800000000001,2051.65
2021-07-18 16:00:00,5342.973334,2715.2210000000005,112.11999999999999,2165.1670000000004
2021-07-18 17:00:00,5975.605334,2916.641,132.994,2302.4710000000005
2021-07-18 18:00:00,6468.239998999999,3045.3925,135.483,2458.991
2021-07-18 19:00:00,6544.571666,3107.054,130.47499999999997,2520.6530000000002
2021-07-18 20:00:00,6553.914667,3037.785,136.60999999999999,2475.2
2021-07-18 21:00:00,6201.875,2924.543167,119.26100000000001,2409.358
2021-07-18 22:00:00,5667.814334,2834.5945,127.67899999999999,2333.5679999999998
2021-07-18 23:00:00,4947.488001,2600.986667,103.924,2094.01
2021-07-19 00:00:00,4153.601667,2206.502,83.034,1819.378333
2021-07-19 01:00:00,3389.8256659999997,1898.2105,69.48800000000001,1521.884666
2021-07-19 02:00:00,2924.1716670000005,1665.4830000000002,56.038999999999994,1349.865334
2021-07-19 03:00:00,2634.9766680000002,1482.9375,48.598,1236.931333
2021-07-19 04:00:00,2425.354002,1423.3685,44.897,1138.4330009999999
2021-07-19 05:00:00,2297.250333,1384.629,45.452000000000005,1100.721333
2021-07-19 06:00:00,2393.063333,1386.457,50.864000000000004,1114.257334
2021-07-19 07:00:00,2587.7096650000003,1500.2250000000001,46.266,1225.898666
2021-07-19 08:00:00,2758.793001,1581.6680000000001,51.377,1279.271999
2021-07-19 09:00:00,2965.715666,1723.034,54.133,1326.481999
2021-07-19 10:00:00,3116.577666,1775.7635,62.47500000000001,1378.0266649999999
2021-07-19 11:00:00,3331.007334,1952.231,61.498000000000005,1492.929333
2021-07-19 12:00:00,3651.360834,2052.055,72.54100000000001,1611.674999
2021-07-19 13:00:00,3990.4556669999997,2248.946,80.19300000000001,1781.248
2021-07-19 14:00:00,4438.8896669999995,2414.5991670000003,79.885,1926.955
2021-07-19 15:00:00,4893.072,2585.0065,97.759,2067.741
2021-07-19 16:00:00,5604.194667,2810.753167,111.819,2268.498
2021-07-19 17:00:00,6295.3696660000005,3022.7525,118.463,2445.994
2021-07-19 18:00:00,6852.903833,3234.3745,125.62599999999999,2686.053
2021-07-19 19:00:00,7020.1849999999995,3310.2965,122.516,2695.3450000000003
2021-07-19 20:00:00,6794.497332000001,3186.552,128.441,2610.7039999999997
2021-07-19 21:00:00,6198.303667,3028.8255,115.635,2485.017
2021-07-19 22:00:00,5550.717667,2772.4735,105.733,2284.202667
2021-07-19 23:00:00,4768.976667,2518.245,91.86699999999999,2010.2996670000002
2021-07-20 00:00:00,3907.3649990000004,2138.8444999999997,74.021,1712.565667
2021-07-20 01:00:00,3247.278,1829.7385,62.019000000000005,1444.068334
2021-07-20 02:00:00,2851.297667,1627.4215000000002,49.93300000000001,1267.500001
2021-07-20 03:00:00,2598.968333,1501.8485,48.104000000000006,1174.0469990000001
2021-07-20 04:00:00,2402.1719989999997,1392.3029999999999,48.112,1099.7363329999998
2021-07-20 05:00:00,2331.897667,1372.56,45.159,1072.6526669999998
2021-07-20 06:00:00,2467.510333,1411.043667,46.246,1119.7253340000002
2021-07-20 07:00:00,2672.055668,1476.779333,48.83700000000001,1197.920999
2021-07-20 08:00:00,2782.044999,1572.82,47.35099999999999,1264.316
2021-07-20 09:00:00,2899.251334,1593.877,50.61900000000001,1292.681
2021-07-20 10:00:00,2960.747002,1631.9569999999999,62.791,1259.5503330000001
2021-07-20 11:00:00,3082.6526670000003,1671.0259999999998,63.51500000000001,1295.101
2021-07-20 12:00:00,3206.8230000000003,1703.966,66.447,1379.0486660000001
2021-07-20 13:00:00,3394.404999,1805.6999999999998,64.045,1472.809333
2021-07-20 14:00:00,3571.838667,1934.2930000000001,69.327,1566.6509999999998
2021-07-20 15:00:00,3773.4460010000003,2120.9610000000002,70.894,1660.042
2021-07-20 16:00:00,4290.909167,2235.351,82.681,1835.4180000000001
2021-07-20 17:00:00,4827.932666000001,2451.514,87.103,2045.333333
2021-07-20 18:00:00,5416.705999,2660.6485,104.76699999999998,2223.4113340000004
2021-07-20 19:00:00,5743.521333,2712.8415000000005,111.76600000000002,2280.7236650000004
2021-07-20 20:00:00,5431.590998000001,2604.1825,104.599,2177.041
2021-07-20 21:00:00,4993.769998,2481.255,104.64200000000002,2058.439668
2021-07-20 22:00:00,4654.763166000001,2371.0475,105.73400000000001,2000.384333
2021-07-20 23:00:00,4110.316000000001,2164.7470000000003,86.943,1821.936333
2021-07-21 00:00:00,3391.759666,1889.604,81.28899999999999,1491.497
2021-07-21 01:00:00,2824.178,1626.0794999999998,55.099,1267.082666
2021-07-21 02:00:00,2491.5663329999998,1424.5030000000002,46.367,1148.6216670000001
2021-07-21 03:00:00,2327.151001,1324.518,44.497,1056.2786649999998
2021-07-21 04:00:00,2172.330666,1261.456333,41.332,982.189999
2021-07-21 05:00:00,2119.913001,1235.653667,35.724,978.450998
2021-07-21 06:00:00,2243.8816669999997,1278.9296669999999,38.111,1004.179001
2021-07-21 07:00:00,2463.0293329999995,1374.94,36.925000000000004,1092.4496669999999
2021-07-21 08:00:00,2645.095001,1467.5295,39.822,1180.438667
2021-07-21 09:00:00,2805.070999,1550.9180000000001,47.577000000000005,1193.992667
2021-07-21 10:00:00,2840.873,1533.6205,53.644,1272.4270000000001
2021-07-21 11:00:00,3001.610334,1555.0755,57.102,1325.762334
2021-07-21 12:00:00,3062.415666,1631.918667,67.65199999999999,1342.3363330000002
2021-07-21 13:00:00,3181.4339990000003,1686.584167,65.79599999999999,1351.734999
2021-07-21 14:00:00,3189.3053330000002,1691.9335,64.58000000000001,1393.1446660000001
2021-07-21 15:00:00,3213.937666,1781.649333,60.93299999999999,1440.02
2021-07-21 16:00:00,3424.324333,1853.2138330000002,66.033,1533.775
2021-07-21 17:00:00,3808.198334,1977.338667,72.47900000000001,1646.2256670000002
2021-07-21 18:00:00,4325.995,2192.0405,91.16300000000001,1826.385
2021-07-21 19:00:00,4609.500333,2273.002333,105.94900000000001,1842.25
2021-07-21 20:00:00,4654.700000000001,2203.043167,87.149,1882.092
2021-07-21 21:00:00,4340.052666,2192.2986659999997,90.221,1842.057
2021-07-21 22:00:00,4044.341333,2138.342667,77.36400000000002,1776.5729999999999
2021-07-21 23:00:00,3611.721168,2022.012,74.385,1607.4699999999998
2021-07-22 00:00:00,3078.950834,1758.980667,69.033,1340.152
2021-07-22 01:00:00,2602.052834,1508.686333,54.471,1193.652
2021-07-22 02:00:00,2341.1946660000003,1369.8841670000002,47.316,1056.8973330000001
2021-07-22 03:00:00,2141.842667,1221.964333,43.732,995.158334
2021-07-22 04:00:00,2063.388,1200.3629999999998,41.028999999999996,948.176
2021-07-22 05:00:00,2025.295001,1218.109167,38.425000000000004,920.044
2021-07-22 06:00:00,2209.13,1254.283833,37.147999999999996,979.2860000000001
2021-07-22 07:00:00,2372.423,1357.2535,39.698,1082.587
2021-07-22 08:00:00,2601.335999,1472.8315,50.058,1145.116
2021-07-22 09:00:00,2709.616999,1520.969667,47.005,1223.7849999999999
2021-07-22 10:00:00,2793.458666,1532.729667,59.097,1205.573
2021-07-22 11:00:00,2950.325333,1637.8813329999998,57.87499999999999,1246.382666
2021-07-22 12:00:00,3057.713334,1656.974333,59.056,1323.2689999999998
2021-07-22 13:00:00,3197.7563330000003,1823.159666,62.56499999999999,1386.615667
2021-07-22 14:00:00,3325.893,1895.932667,62.70300000000001,1441.362
2021-07-22 15:00:00,3507.497666,2001.268333,74.21699999999998,1560.1973320000002
2021-07-22 16:00:00,3839.0203330000004,2084.003334,87.28200000000001,1695.2453340000002
2021-07-22 17:00:00,4359.7485,2246.136333,94.87199999999999,1836.5539990000002
2021-07-22 18:00:00,4943.446666,2475.315667,109.524,2010.0333340000002
2021-07-22 19:00:00,5256.397833,2524.26,104.61900000000001,2084.468
2021-07-22 20:00:00,5165.715167,2504.508,108.09500000000001,2065.272333
2021-07-22 21:00:00,4893.0965,2418.763666,99.51599999999999,2054.351
2021-07-22 22:00:00,4524.1810000000005,2357.364666,90.76000000000002,1990.983667
2021-07-22 23:00:00,4034.305,2181.191,80.04599999999999,1741.4896669999998
2021-07-23 00:00:00,3364.130666,1857.0986669999998,76.624,1547.849666
2021-07-23 01:00:00,2844.080498,1624.944,56.575,1302.7976669999998
2021-07-23 02:00:00,2499.886333,1420.970667,47.883,1156.208333
2021-07-23 03:00:00,2289.605,1294.462666,41.91799999999999,1068.562334
2021-07-23 04:00:00,2128.462333,1222.522334,38.957,1026.080667
2021-07-23 05:00:00,2084.6296680000005,1228.806333,39.515,1002.313667
2021-07-23 06:00:00,2180.800331,1248.817666,41.465999999999994,1006.616
2021-07-23 07:00:00,2422.754334,1350.3273330000002,40.63499999999999,1088.753333
2021-07-23 08:00:00,2669.060333,1523.9049989999999,49.928,1235.2530000000002
2021-07-23 09:00:00,2825.7746669999997,1567.362335,54.528000000000006,1281.416
2021-07-23 10:00:00,2946.1999990000004,1635.986,56.406,1303.961
2021-07-23 11:00:00,3088.8956660000003,1721.248668,56.164,1410.3086670000002
2021-07-23 12:00:00,3313.565667,1798.9260000000002,58.690999999999995,1438.696
2021-07-23 13:00:00,3594.100667,1914.989333,64.70200000000001,1559.754
2021-07-23 14:00:00,3777.3680000000004,2019.3326670000001,76.6,1680.232
2021-07-23 15:00:00,4082.449333,2168.464667,83.498,1776.862
2021-07-23 16:00:00,4487.232999,2351.826,95.048,1904.6909999999998
2021-07-23 17:00:00,5115.935665000001,2496.477,100.597,2068.51
2021-07-23 18:00:00,5591.061334,2666.705,110.293,2247.4803330000004
2021-07-23 19:00:00,5833.584000000001,2693.205,114.042,2255.594333
2021-07-23 20:00:00,5838.932333000001,2647.464667,113.68799999999999,2178.777333
2021-07-23 21:00:00,5448.915332999999,2537.932,98.852,2165.313
2021-07-23 22:00:00,5039.989667,2477.869667,114.77000000000001,2141.319
2021-07-23 23:00:00,4524.6833320000005,2367.934,97.325,1954.203333
2021-07-24 00:00:00,3888.610668,2132.887667,78.22900000000003,1683.782
2021-07-24 01:00:00,3334.119667,1864.0826659999998,60.142999999999994,1499.964
2021-07-24 02:00:00,2885.9763329999996,1654.247667,56.278000000000006,1342.812668
2021-07-24 03:00:00,2571.967332,1511.161666,52.055000000000014,1179.473334
2021-07-24 04:00:00,2420.9570000000003,1389.4883329999998,50.041,1114.967334
2021-07-24 05:00:00,2308.9200010000004,1331.8446669999998,44.343999999999994,1057.123333
2021-07-24 06:00:00,2266.1075010000004,1325.6180010000003,46.812,1046.780999
2021-07-24 07:00:00,2416.067666,1405.61,48.104000000000006,1144.287667
2021-07-24 08:00:00,2709.844666,1588.784666,44.721000000000004,1255.631999
2021-07-24 09:00:00,3102.542668,1828.837668,53.370000000000005,1373.688
2021-07-24 10:00:00,3475.060001,2008.537,63.754999999999995,1507.277001
2021-07-24 11:00:00,3873.4130000000005,2211.717667,74.887,1699.619667
2021-07-24 12:00:00,4200.018999,2320.1683329999996,81.504,1886.648
2021-07-24 13:00:00,4668.633331999999,2534.007,94.18299999999999,2016.632666
2021-07-24 14:00:00,5159.112168,2697.766,110.258,2189.583
2021-07-24 15:00:00,5674.691500999999,2819.231,117.34700000000001,2322.763
2021-07-24 16:00:00,6118.241002000001,2934.641,116.89499999999998,2473.663333
2021-07-24 17:00:00,6699.678667,3085.3095000000003,127.40500000000003,2570.211333
2021-07-24 18:00:00,7109.302666,3220.5475,127.68,2657.261667
2021-07-24 19:00:00,7154.458334,3340.023166,133.88599999999997,2651.789667
2021-07-24 20:00:00,7072.593,3245.214333,131.19099999999997,2619.026333
2021-07-24 21:00:00,6589.430332,3127.7813330000004,127.868,2490.967
2021-07-24 22:00:00,6077.549167,2961.3305,121.113,2431.283
2021-07-24 23:00:00,5371.467999,2764.245,110.028,2204.6689990000004
2021-07-25 00:00:00,4608.046001000001,2427.2005,92.845,1941.118334
2021-07-25 01:00:00,3914.480001,2106.9755,72.34499999999998,1721.606001
2021-07-25 02:00:00,3368.473334,1868.2665000000002,65.715,1521.858999
2021-07-25 03:00:00,2946.1229980000003,1670.209333,57.212,1374.6796680000002
2021-07-25 04:00:00,2688.904667,1532.821333,54.43899999999999,1249.703
2021-07-25 05:00:00,2504.514333,1440.067,48.856,1175.537666
2021-07-25 06:00:00,2420.089667,1424.991,48.65299999999999,1149.053667
2021-07-25 07:00:00,2431.3869990000003,1459.995,47.58899999999999,1180.009333
2021-07-25 08:00:00,2774.639999,1615.9395000000002,57.48,1284.228334
2021-07-25 09:00:00,3206.3116660000005,1828.0610000000001,63.160000000000004,1431.4289999999999
2021-07-25 10:00:00,3566.557001,2078.916,72.245,1685.032332
2021-07-25 11:00:00,4012.505334,2274.33,77.658,1819.154667
2021-07-25 12:00:00,4441.848,2435.9700000000003,105.315,1986.2203330000002
2021-07-25 13:00:00,4942.752332,2651.081,102.18999999999998,2102.804
2021-07-25 14:00:00,5481.922667000001,2869.4490000000005,109.738,2223.653667
2021-07-25 15:00:00,6029.796999,3077.997667,119.616,2429.495333
2021-07-25 16:00:00,6575.993001,3238.962,128.20700000000002,2548.950334
2021-07-25 17:00:00,7148.635666,3374.755,142.718,2657.3633339999997
2021-07-25 18:00:00,7452.531999,3486.215,144.823,2796.2503340000003
2021-07-25 19:00:00,7557.250332,3477.378,140.193,2828.552
2021-07-25 20:00:00,7347.508333,3391.75,138.66700000000003,2799.777
2021-07-25 21:00:00,6926.247335,3234.445667,125.83300000000001,2647.994334
2021-07-25 22:00:00,6216.484333,3018.346,117.395,2502.002334
2021-07-25 23:00:00,5254.453169,2794.934333,103.411,2230.198
2021-07-26 00:00:00,4348.920667,2395.702667,84.416,1925.155667
2021-07-26 01:00:00,3596.012167,2082.886666,68.51199999999999,1622.383666
2021-07-26 02:00:00,3058.779167,1840.158,65.463,1438.554
2021-07-26 03:00:00,2751.6193329999996,1641.63,54.98500000000001,1291.1349999999998
2021-07-26 04:00:00,2509.4435009999997,1530.519667,48.09,1222.472001
2021-07-26 05:00:00,2387.3941670000004,1445.866667,46.269999999999996,1180.792333
2021-07-26 06:00:00,2451.079334,1484.661333,45.854,1164.1946659999999
2021-07-26 07:00:00,2608.8754989999998,1544.3916669999999,49.589000000000006,1272.444
2021-07-26 08:00:00,2762.360332,1620.7420000000002,50.329,1270.589
2021-07-26 09:00:00,2876.855501,1661.5065,51.37000000000001,1334.430001
2021-07-26 10:00:00,3048.0235000000002,1740.3809999999999,52.11899999999999,1365.7256659999998
2021-07-26 11:00:00,3285.1695,1883.172,63.510999999999996,1495.786
2021-07-26 12:00:00,3710.282834,2092.3190000000004,74.894,1651.1999999999998
2021-07-26 13:00:00,4035.692001,2269.8503330000003,77.179,1797.159667
2021-07-26 14:00:00,4548.471168,2426.9750000000004,89.587,1991.016
2021-07-26 15:00:00,5094.568334,2605.475,99.824,2141.013334
2021-07-26 16:00:00,5757.7665,2830.6510000000003,104.88799999999999,2334.5310010000003
2021-07-26 17:00:00,6499.752333999999,3096.393,121.40700000000001,2550.4636659999996
2021-07-26 18:00:00,7113.002166,3271.92,136.96200000000002,2749.401001
2021-07-26 19:00:00,7250.553834,3407.21,135.98600000000005,2861.221667
2021-07-26 20:00:00,7078.974166999999,3306.7349999999997,132.58900000000003,2800.181666
2021-07-26 21:00:00,6628.647499000001,3176.442,119.939,2647.1029989999997
2021-07-26 22:00:00,5959.541,2964.125,107.208,2521.9026670000003
2021-07-26 23:00:00,5089.318166999999,2747.538,99.884,2193.41
2021-07-27 00:00:00,4233.414833,2341.58,75.762,1894.010335
2021-07-27 01:00:00,3566.614001,1981.584,64.882,1609.027667
2021-07-27 02:00:00,3094.152333,1760.186333,53.56300000000001,1408.895
2021-07-27 03:00:00,2789.172665,1631.076333,55.004999999999995,1290.907666
2021-07-27 04:00:00,2567.802333,1521.322333,50.434999999999995,1212.153
2021-07-27 05:00:00,2440.0276659999995,1467.507,48.364,1160.005
2021-07-27 06:00:00,2546.371001,1467.464,50.094,1197.656333
2021-07-27 07:00:00,2690.703001,1570.524,45.55900000000001,1274.9829989999998
2021-07-27 08:00:00,2817.9053329999997,1689.013,52.80599999999998,1321.9083329999999
2021-07-27 09:00:00,2929.5,1665.7040000000002,54.389,1327.357333
2021-07-27 10:00:00,3112.026001,1718.743,65.218,1372.08
2021-07-27 11:00:00,3349.460667,1916.5183339999999,68.863,1468.268333
2021-07-27 12:00:00,3633.634333,2014.804,75.075,1592.592999
2021-07-27 13:00:00,4038.3686669999997,2201.2756659999995,78.981,1759.988667
2021-07-27 14:00:00,4460.505666999999,2339.410666,88.48299999999999,1940.679
2021-07-27 15:00:00,4860.898332,2509.849667,94.931,2088.0
2021-07-27 16:00:00,5475.866,2684.2459989999998,121.703,2265.421668
2021-07-27 17:00:00,6207.767999,2919.6980000000003,128.012,2457.4506659999997
2021-07-27 18:00:00,6998.998334,3227.009,133.831,2673.2593319999996
2021-07-27 19:00:00,7225.088333,3403.150667,139.919,2737.179333
2021-07-27 20:00:00,7003.161,3295.0033329999997,140.67199999999997,2701.818334
2021-07-27 21:00:00,6520.545999,3083.312667,128.17699999999996,2575.172001
2021-07-27 22:00:00,5870.198666,2924.3529999999996,129.11199999999997,2460.969999
2021-07-27 23:00:00,5090.813001,2666.406,100.759,2216.379
2021-07-28 00:00:00,4220.275665,2318.385666,86.285,1864.458333
2021-07-28 01:00:00,3593.991,2003.5743340000001,74.152,1582.5676649999998
2021-07-28 02:00:00,3107.51,1779.333,61.357,1414.159001
2021-07-28 03:00:00,2760.471334,1628.473667,55.589,1307.480332
2021-07-28 04:00:00,2556.246667,1529.064667,51.565000000000005,1211.745334
2021-07-28 05:00:00,2424.554001,1481.976333,44.799,1180.240666
2021-07-28 06:00:00,2511.9610000000002,1489.5793330000001,51.173,1172.913666
2021-07-28 07:00:00,2641.8189999999995,1560.306333,50.635999999999996,1246.813
2021-07-28 08:00:00,2845.772,1664.6663330000001,53.57,1323.355
2021-07-28 09:00:00,2985.476,1717.897666,63.369,1352.873
2021-07-28 10:00:00,3234.996,1851.2939999999999,69.73699999999998,1418.804
2021-07-28 11:00:00,3556.393,1992.845,75.88400000000001,1571.9720000000002
2021-07-28 12:00:00,4004.487,2232.8446670000003,89.81299999999999,1772.586
2021-07-28 13:00:00,4609.85,2457.071667,92.712,2002.768333
2021-07-28 14:00:00,5181.377666,2655.2690000000002,110.807,2194.202334
2021-07-28 15:00:00,5760.829333,2868.380333,121.09100000000001,2433.015
2021-07-28 16:00:00,6503.957001,3128.335,132.29800000000003,2574.98
2021-07-28 17:00:00,7273.439001,3375.942,149.494,2762.204
2021-07-28 18:00:00,7775.544,3537.118,155.164,2941.24
2021-07-28 19:00:00,7914.918333,3631.793,165.04800000000003,2996.675001
2021-07-28 20:00:00,7652.449666,3520.51,143.916,2974.6423339999997
2021-07-28 21:00:00,7155.778333,3408.2560000000003,130.082,2826.216
2021-07-28 22:00:00,6676.262334,3314.4259999999995,134.22000000000003,2705.1000000000004
2021-07-28 23:00:00,5875.663667,3020.344,120.60100000000001,2481.294
2021-07-29 00:00:00,4990.462334,2669.25,106.04400000000001,2096.5389999999998
2021-07-29 01:00:00,4272.520666,2307.291,79.361,1838.295
2021-07-29 02:00:00,3757.109999,2050.63,69.993,1600.5679989999999
2021-07-29 03:00:00,3270.576,1812.714,65.093,1446.191667
2021-07-29 04:00:00,3008.886,1711.5569999999998,63.519000000000005,1358.3886670000002
2021-07-29 05:00:00,2830.025667,1652.009,61.784,1296.527667
2021-07-29 06:00:00,2815.107667,1628.092,56.702999999999996,1291.491333
2021-07-29 07:00:00,2965.6583339999997,1682.332,61.891,1354.5500000000002
2021-07-29 08:00:00,3229.187333,1824.606,62.516000000000005,1422.248666
2021-07-29 09:00:00,3561.016666,2004.802667,63.472,1516.0823340000002
2021-07-29 10:00:00,3835.6236660000004,2134.784667,83.879,1634.2
2021-07-29 11:00:00,4209.326333,2342.7163330000003,83.30499999999999,1826.7999989999998
2021-07-29 12:00:00,4740.871001,2616.08,91.67899999999999,2084.500666
2021-07-29 13:00:00,5424.7263330000005,2830.259333,98.422,2267.838001
2021-07-29 14:00:00,5998.1793339999995,3034.3306669999997,115.434,2454.5196670000005
2021-07-29 15:00:00,6640.394999,3276.840333,132.45,2684.885667
2021-07-29 16:00:00,7302.504,3470.062667,143.472,2861.372
2021-07-29 17:00:00,7817.432,3627.127,156.217,2991.6333329999998
2021-07-29 18:00:00,8011.5039990000005,3829.494,164.596,3129.6773329999996
2021-07-29 19:00:00,8231.341999,3863.183,164.43300000000002,3179.416667
2021-07-29 20:00:00,8107.181167,3758.579667,155.73000000000002,3113.7776670000003
2021-07-29 21:00:00,7906.291168,3666.3503330000003,153.102,3087.643
2021-07-29 22:00:00,7529.482333,3591.092667,145.96099999999998,2976.617999
2021-07-29 23:00:00,6645.058665999999,3307.7980000000002,126.383,2696.5000019999998
2021-07-30 00:00:00,5704.963,2903.75,113.21099999999998,2382.7719989999996
2021-07-30 01:00:00,4869.145332,2581.449,98.001,2104.170999
2021-07-30 02:00:00,4304.473334,2313.331333,78.226,1861.593998
2021-07-30 03:00:00,3794.646667,2089.4336670000002,70.13000000000001,1695.1903320000001
2021-07-30 04:00:00,3457.493667,1936.632667,68.736,1570.8809999999999
2021-07-30 05:00:00,3249.865668,1871.2743329999998,62.907,1479.356667
2021-07-30 06:00:00,3201.394999,1833.273333,63.452999999999996,1472.806333
2021-07-30 07:00:00,3259.916,1872.077667,63.866,1489.775666
2021-07-30 08:00:00,3464.521999,1992.022333,68.24900000000001,1580.0313330000001
2021-07-30 09:00:00,3698.1453330000004,2092.587667,74.622,1644.3756669999998
2021-07-30 10:00:00,3993.108999,2205.085,83.57,1754.630333
2021-07-30 11:00:00,4438.471,2445.3830000000003,94.56900000000002,1898.856667
2021-07-30 12:00:00,4982.493667,2646.048667,100.16900000000001,2183.4733340000002
2021-07-30 13:00:00,5704.865999,2874.867,112.62199999999999,2414.86
2021-07-30 14:00:00,6059.614333,3061.303667,110.36699999999998,2541.816334
2021-07-30 15:00:00,6256.360665,3164.9076669999995,114.653,2607.638333
2021-07-30 16:00:00,6272.544333,3186.1139999999996,110.749,2636.378667
2021-07-30 17:00:00,6622.755666,3238.2080000000005,110.324,2719.9883330000002
2021-07-30 18:00:00,7122.597001,3446.337,134.373,2882.826
2021-07-30 19:00:00,7292.140334,3537.349,139.26500000000001,2896.701333
2021-07-30 20:00:00,7132.997,3515.2630000000004,140.065,2898.1136669999996
2021-07-30 21:00:00,7014.3786660000005,3465.867,138.166,2855.281666
2021-07-30 22:00:00,6705.237667,3348.565,139.56799999999998,2736.672665
2021-07-30 23:00:00,6149.182665,3161.175,125.771,2532.5766670000003
2021-07-31 00:00:00,5472.854001,2849.605,105.459,2327.267667
2021-07-31 01:00:00,4857.646667000001,2571.379,96.32600000000001,2103.749335
2021-07-31 02:00:00,4347.317501,2402.972,87.56000000000002,1893.859
2021-07-31 03:00:00,4007.7231659999998,2197.2929999999997,79.752,1749.598999
2021-07-31 04:00:00,3695.5586670000002,2046.4279999999999,67.706,1654.7730000000001
2021-07-31 05:00:00,3485.568333,1966.96,65.552,1560.016999
2021-07-31 06:00:00,3349.3915009999996,1918.366,68.743,1519.444332
2021-07-31 07:00:00,3350.957667,1931.357,67.84499999999998,1554.200667
2021-07-31 08:00:00,3524.055999,2054.986,71.08500000000001,1598.759667
2021-07-31 09:00:00,3859.8243340000004,2232.207,72.264,1734.760666
2021-07-31 10:00:00,4177.621999999999,2303.945,77.76,1853.589334
2021-07-31 11:00:00,4434.096166,2452.426,83.70100000000001,1927.568666
2021-07-31 12:00:00,4930.022999,2654.6369999999997,89.232,2085.443334
2021-07-31 13:00:00,5263.550832999999,2753.9210000000003,105.43299999999999,2192.531667
2021-07-31 14:00:00,5320.504501,2794.625,111.022,2259.330667
2021-07-31 15:00:00,5386.603167,2793.723,109.42599999999999,2284.391333
2021-07-31 16:00:00,5480.280167,2812.219,112.02900000000001,2290.7599999999998
2021-07-31 17:00:00,5721.245,2853.547,123.64299999999999,2336.583
2021-07-31 18:00:00,5821.717667,2933.9669999999996,125.50499999999998,2380.34
2021-07-31 19:00:00,5687.738,2900.818,116.877,2437.056333
2021-07-31 20:00:00,5665.528167,2833.493,114.64600000000002,2357.323333
2021-07-31 21:00:00,5462.989166,2821.77,118.048,2342.190333
2021-07-31 22:00:00,5200.340333,2673.911,106.518,2254.851
2021-07-31 23:00:00,4785.0521659999995,2505.929,97.314,2050.683666
2021-08-01 00:00:00,4206.8673340000005,2272.1103330000005,79.08200000000001,1856.1763340000002
2021-08-01 01:00:00,3612.7701660000002,2059.071333,72.649,1640.198334
2021-08-01 02:00:00,3188.4505010000003,1833.028333,64.36,1477.925
2021-08-01 03:00:00,2944.545333,1667.734333,56.07,1342.189667
2021-08-01 04:00:00,2707.266834,1561.421668,55.153,1268.0763339999999
2021-08-01 05:00:00,2608.0658329999997,1495.603333,51.837999999999994,1198.965333
2021-08-01 06:00:00,2557.036833,1464.306666,52.278999999999996,1201.180667
2021-08-01 07:00:00,2577.8481659999998,1495.734,49.98199999999999,1213.601667
2021-08-01 08:00:00,2854.1263329999997,1610.718667,47.745,1301.032667
2021-08-01 09:00:00,3177.412833,1869.594,60.333000000000006,1440.406333
2021-08-01 10:00:00,3578.521834,2123.452,76.194,1643.7586660000002
2021-08-01 11:00:00,4053.470335,2243.014,85.891,1876.6330000000003
2021-08-01 12:00:00,4339.8460000000005,2466.991,106.896,2030.9463329999999
2021-08-01 13:00:00,4852.568666,2666.669,102.44900000000001,2163.818333
2021-08-01 14:00:00,5394.608667,2869.246,121.59299999999999,2360.716334
2021-08-01 15:00:00,6013.652,3041.1890000000003,125.179,2539.684334
2021-08-01 16:00:00,6599.554667,3287.1960000000004,133.052,2662.798
2021-08-01 17:00:00,7249.383,3400.2889999999998,128.39,2837.915667
2021-08-01 18:00:00,7698.190665,3534.1040000000003,148.52300000000002,2969.588999
2021-08-01 19:00:00,7703.817833,3599.0009999999997,137.456,2963.657999
2021-08-01 20:00:00,7415.070501,3432.2650000000003,139.326,2916.345
2021-08-01 21:00:00,6975.1120009999995,3299.0429999999997,125.033,2761.569667
2021-08-01 22:00:00,6277.782999,3106.094,116.87700000000001,2662.108999
2021-08-01 23:00:00,5388.338,2800.3469990000003,110.24500000000002,2343.232333
2021-08-02 00:00:00,4438.485667,2391.410667,94.329,1950.6293330000003
2021-08-02 01:00:00,3699.301501,2081.2366660000002,76.398,1680.2869999999998
2021-08-02 02:00:00,3109.839167,1818.365667,68.059,1501.474001
2021-08-02 03:00:00,2796.920666,1637.7203329999998,62.57,1361.0720000000001
2021-08-02 04:00:00,2563.0893340000002,1528.8719999999998,54.053,1266.0703330000001
2021-08-02 05:00:00,2503.6456660000003,1491.031,51.931,1190.720333
2021-08-02 06:00:00,2553.928168,1492.8146660000002,51.992999999999995,1204.627333
2021-08-02 07:00:00,2663.003832,1555.099666,50.372,1280.5149999999999
2021-08-02 08:00:00,2853.212499,1640.317,56.343999999999994,1304.486667
2021-08-02 09:00:00,3032.0651669999997,1777.506668,61.788,1362.0369999999998
2021-08-02 10:00:00,3225.8896670000004,1851.5136670000002,76.112,1464.683
2021-08-02 11:00:00,3459.2980009999997,1991.486334,74.528,1570.899333
2021-08-02 12:00:00,3832.5803349999996,2133.759666,87.16099999999999,1761.543334
2021-08-02 13:00:00,4271.585668,2316.773333,102.99799999999998,1925.567331
2021-08-02 14:00:00,4835.064668999999,2572.4753330000003,109.74099999999997,2108.009
2021-08-02 15:00:00,5465.930998999999,2844.275334,107.35899999999998,2338.710666
2021-08-02 16:00:00,6247.089,3065.95,128.762,2566.199667
2021-08-02 17:00:00,7021.662332,3386.4216669999996,129.02300000000002,2764.972667
2021-08-02 18:00:00,7733.099,3541.7306670000003,158.037,3019.206
2021-08-02 19:00:00,7861.123499,3677.969,151.119,3007.894334
2021-08-02 20:00:00,7689.723334,3572.526667,142.89,3020.227334
2021-08-02 21:00:00,7180.091,3446.270334,127.88,2873.587
2021-08-02 22:00:00,6631.096334,3235.217667,134.48199999999997,2678.369667
2021-08-02 23:00:00,5741.952168,2943.1320000000005,115.746,2430.072333
2021-08-03 00:00:00,4856.121166999999,2585.321,95.523,2071.5163319999997
2021-08-03 01:00:00,4096.6625,2245.3089999999997,86.49799999999999,1819.755666
2021-08-03 02:00:00,3548.249167,1992.982334,74.76899999999999,1621.235666
2021-08-03 03:00:00,3244.6051660000003,1834.126999,74.823,1477.635334
2021-08-03 04:00:00,2968.976667,1710.289668,65.263,1349.994334
2021-08-03 05:00:00,2753.243,1635.8720010000002,59.263000000000005,1286.8793339999997
2021-08-03 06:00:00,2760.7043350000004,1608.764666,61.787000000000006,1268.903667
2021-08-03 07:00:00,2893.241668,1647.925,53.451,1357.915667
2021-08-03 08:00:00,3059.546167,1693.924,57.38699999999999,1404.8196670000002
2021-08-03 09:00:00,3185.7910009999996,1831.085,73.573,1462.537
2021-08-03 10:00:00,3391.204667,1891.085,79.204,1509.994333
2021-08-03 11:00:00,3661.717667,2016.189,77.842,1642.6166669999998
2021-08-03 12:00:00,4013.526001,2178.087,86.767,1737.499667
2021-08-03 13:00:00,4564.1455,2440.053,90.432,1959.0586670000002
2021-08-03 14:00:00,5118.725168000001,2662.798,104.519,2132.96
2021-08-03 15:00:00,5695.587833,2819.683,119.02099999999999,2342.46
2021-08-03 16:00:00,6431.556167,3038.364,130.669,2549.065334
2021-08-03 17:00:00,7135.396165,3262.683,140.202,2732.9179999999997
2021-08-03 18:00:00,7637.248501,3452.589,147.542,2891.069667
2021-08-03 19:00:00,7699.398501,3603.983,147.63099999999997,2947.565667
2021-08-03 20:00:00,7363.872165000001,3469.022,154.823,2865.031
2021-08-03 21:00:00,6726.780000000001,3306.441,136.86999999999998,2736.292
2021-08-03 22:00:00,6136.006832,3050.802,124.89,2547.715
2021-08-03 23:00:00,5202.5869999999995,2742.915,110.39999999999999,2283.636668
2021-08-04 00:00:00,4333.813166,2304.198,86.81400000000001,1920.1473330000001
2021-08-04 01:00:00,3622.3286650000005,2004.283,75.575,1663.759
2021-08-04 02:00:00,3146.412333,1785.894,67.81,1448.243
2021-08-04 03:00:00,2827.670001,1630.687,62.82999999999999,1331.229667
2021-08-04 04:00:00,2600.941999,1539.873,53.48799999999999,1244.6696670000001
2021-08-04 05:00:00,2515.3059999999996,1500.852,50.769,1191.352333
2021-08-04 06:00:00,2532.099999,1478.663,49.934999999999995,1210.078
2021-08-04 07:00:00,2750.6509990000004,1558.691,40.556,1286.563333
2021-08-04 08:00:00,2926.344333,1653.234,47.582,1326.948667
2021-08-04 09:00:00,3066.638667,1745.171,59.243,1350.635667
2021-08-04 10:00:00,3277.491501,1803.796,72.53,1455.5089990000001
2021-08-04 11:00:00,3561.1463329999997,1984.2359999999999,73.10199999999999,1619.177999
2021-08-04 12:00:00,3977.3073320000003,2217.303,77.87700000000001,1797.340333
2021-08-04 13:00:00,4453.260666,2451.669,92.63,1978.001333
2021-08-04 14:00:00,5088.9035,2710.565,105.70100000000001,2132.603001
2021-08-04 15:00:00,5790.2305,2966.265,107.06699999999998,2353.735334
2021-08-04 16:00:00,6604.643169,3165.461,126.36899999999999,2641.8276670000005
2021-08-04 17:00:00,7324.631668,3406.965,150.38799999999998,2864.010666
2021-08-04 18:00:00,7775.229334000001,3592.504,152.475,3005.6310000000003
2021-08-04 19:00:00,8006.108667,3737.7980000000002,152.25600000000003,3078.200667
2021-08-04 20:00:00,7922.218332,3654.167,150.253,3068.866333
2021-08-04 21:00:00,7529.5323339999995,3581.3819999999996,142.676,2977.2223329999997
2021-08-04 22:00:00,7042.329,3382.266,144.958,2798.192001
2021-08-04 23:00:00,6172.6785,3090.3329999999996,130.827,2535.325001
2021-08-05 00:00:00,5165.935502,2711.145,109.43900000000001,2162.921
2021-08-05 01:00:00,4351.893998,2346.2149999999997,89.292,1886.391666
2021-08-05 02:00:00,3760.447001,2040.83,73.051,1660.3493330000001
2021-08-05 03:00:00,3351.2083329999996,1851.761,63.282000000000004,1512.4006650000001
2021-08-05 04:00:00,3013.944999,1728.595,60.770999999999994,1391.817
2021-08-05 05:00:00,2813.593333,1694.4279999999999,57.980000000000004,1350.818668
2021-08-05 06:00:00,2826.463002,1685.83,55.26899999999999,1323.9750000000001
2021-08-05 07:00:00,2940.6409999999996,1706.009,58.263999999999996,1332.0899989999998
2021-08-05 08:00:00,3114.8720009999997,1734.4299999999998,56.686,1355.418333
2021-08-05 09:00:00,3242.076499,1804.684,67.28800000000001,1438.391334
2021-08-05 10:00:00,3346.974001,1862.491,70.964,1477.9000019999999
2021-08-05 11:00:00,3558.656666,2015.033,71.13000000000001,1539.137
2021-08-05 12:00:00,3851.694,2106.67,83.21899999999998,1689.139334
2021-08-05 13:00:00,4164.223668999999,2321.8489999999997,80.731,1843.464334
2021-08-05 14:00:00,4635.8580010000005,2445.8579999999993,90.803,1925.753333
2021-08-05 15:00:00,5130.535666000001,2610.5879999999997,98.426,2076.605667
2021-08-05 16:00:00,5561.215,2797.677,107.088,2225.331666
2021-08-05 17:00:00,5938.667667,2923.902,108.854,2389.592332
2021-08-05 18:00:00,6203.063665,3044.056,115.638,2422.113334
2021-08-05 19:00:00,6386.584331,3104.281,117.571,2463.884
2021-08-05 20:00:00,6206.739667,3057.265,115.752,2503.5193339999996
2021-08-05 21:00:00,5766.0103340000005,2870.616,109.0,2427.772333
2021-08-05 22:00:00,5337.564332,2761.541,109.591,2344.8263319999996
2021-08-05 23:00:00,4739.456665,2518.675,108.53500000000001,2071.954667
2021-08-06 00:00:00,4027.3999999999996,2207.826,89.25800000000001,1797.005
2021-08-06 01:00:00,3445.143666,1960.0169999999998,71.40999999999998,1571.300999
2021-08-06 02:00:00,3064.444999,1763.123,61.73599999999998,1434.236668
2021-08-06 03:00:00,2804.469334,1612.5149999999999,59.785000000000004,1327.516998
2021-08-06 04:00:00,2604.988001,1524.8329999999999,53.23199999999999,1249.4139999999998
2021-08-06 05:00:00,2517.961334,1502.4869999999999,49.856,1206.660666
2021-08-06 06:00:00,2567.814331,1502.604,49.491,1225.2063349999999
2021-08-06 07:00:00,2750.610665,1587.04,52.183,1300.854667
2021-08-06 08:00:00,2947.528333,1707.951,54.192,1317.186333
2021-08-06 09:00:00,3109.087001,1751.587,60.0,1359.7360009999998
2021-08-06 10:00:00,3208.9043330000004,1808.622,70.95100000000001,1417.031666
2021-08-06 11:00:00,3310.205001,1859.214,68.51100000000001,1469.625002
2021-08-06 12:00:00,3551.127668,1948.8700000000001,76.20400000000001,1523.2966689999998
2021-08-06 13:00:00,3777.0373329999998,2046.618,74.57500000000002,1634.53767
2021-08-06 14:00:00,3919.2613329999995,2107.7619999999997,78.54899999999998,1660.606668
2021-08-06 15:00:00,4209.1053329999995,2221.7439999999997,82.67599999999999,1770.945668
2021-08-06 16:00:00,4690.072667,2380.5620000000004,92.81300000000002,1873.0220009999998
2021-08-06 17:00:00,5231.032665000001,2510.4166670000004,100.63200000000002,2056.998001
2021-08-06 18:00:00,5658.587002,2683.507,104.33000000000001,2177.432667
2021-08-06 19:00:00,5623.183333,2668.6000000000004,105.383,2230.263334
2021-08-06 20:00:00,5362.204,2578.8770000000004,117.725,2202.440333
2021-08-06 21:00:00,5106.777999,2553.065,115.9,2121.182334
2021-08-06 22:00:00,4742.870000999999,2470.059,107.41999999999999,2054.559002
2021-08-06 23:00:00,4271.273999999999,2313.545,93.47500000000001,1829.1629980000002
2021-08-07 00:00:00,3680.0448340000003,2047.059,73.883,1624.2780010000001
2021-08-07 01:00:00,3115.8326660000002,1787.308,62.412000000000006,1445.942
2021-08-07 02:00:00,2773.156666,1567.339,58.685,1281.560333
2021-08-07 03:00:00,2484.0696669999998,1455.136,47.87200000000001,1198.121998
2021-08-07 04:00:00,2337.531333,1367.76,47.565000000000005,1118.131004
2021-08-07 05:00:00,2281.7719990000005,1321.1100000000001,46.687,1080.666665
2021-08-07 06:00:00,2287.153333,1297.7710000000002,45.75899999999999,1051.4036660000002
2021-08-07 07:00:00,2394.7731660000004,1382.472,43.249,1095.2373320000002
2021-08-07 08:00:00,2709.7736659999996,1538.089,51.03199999999999,1195.811668
2021-08-07 09:00:00,3017.156835,1705.44,58.44399999999999,1376.939999
2021-08-07 10:00:00,3409.1201680000004,1913.43,62.715,1520.815668
2021-08-07 11:00:00,3880.178165,2128.5406669999998,75.362,1668.416332
2021-08-07 12:00:00,4226.206665,2352.765667,100.41399999999999,1816.392
2021-08-07 13:00:00,4585.180834000001,2509.541,88.88799999999999,1986.5376659999997
2021-08-07 14:00:00,4836.169001,2589.2105,101.063,2050.037667
2021-08-07 15:00:00,5003.797001000001,2623.8280000000004,107.78099999999999,2067.278
2021-08-07 16:00:00,5181.1795,2691.495,99.29500000000002,2041.08
2021-08-07 17:00:00,5457.193832999999,2742.3395,102.88400000000001,2132.159333
2021-08-07 18:00:00,5503.890667,2752.5305,112.10499999999999,2101.598333
2021-08-07 19:00:00,5311.915999000001,2697.626,108.73799999999999,2158.334999
2021-08-07 20:00:00,5153.094666999999,2597.446,101.748,2147.398
2021-08-07 21:00:00,4905.536667,2509.3700000000003,94.795,2090.4876660000004
2021-08-07 22:00:00,4632.401667,2388.303,97.849,1983.226333
2021-08-07 23:00:00,4088.003667,2190.776,84.22500000000001,1757.4646670000002
2021-08-08 00:00:00,3440.114,1882.721,73.94699999999999,1550.061667
2021-08-08 01:00:00,2915.9896660000004,1687.242,60.267,1408.809332
2021-08-08 02:00:00,2594.110667,1509.4430000000002,54.96000000000001,1255.1506669999999
2021-08-08 03:00:00,2357.312167,1364.0386670000003,48.76500000000001,1148.634999
2021-08-08 04:00:00,2178.5773339999996,1285.518666,43.797,1030.629668
2021-08-08 05:00:00,2102.407667,1245.043333,44.523999999999994,977.520002
2021-08-08 06:00:00,2116.237333,1220.143666,49.854000000000006,980.3650009999999
2021-08-08 07:00:00,2225.369332,1258.594001,43.99700000000001,1028.264333
2021-08-08 08:00:00,2488.108333,1375.245667,46.491,1121.658668
2021-08-08 09:00:00,2881.317166,1548.366666,50.254000000000005,1258.9413319999999
2021-08-08 10:00:00,3213.9920009999996,1753.186001,64.163,1434.397333
2021-08-08 11:00:00,3457.159335,1853.9010000000003,69.65699999999998,1484.889336
2021-08-08 12:00:00,3551.996834,1929.749,79.08,1579.0643340000001
2021-08-08 13:00:00,3708.9516670000003,2009.008667,84.17999999999999,1621.938666
2021-08-08 14:00:00,3802.6298340000003,2136.281667,68.36399999999999,1732.3323330000003
2021-08-08 15:00:00,4009.0278340000004,2193.380333,71.161,1758.003666
2021-08-08 16:00:00,4173.972331999999,2276.077333,90.025,1805.9669999999999
2021-08-08 17:00:00,4529.955331,2376.348,83.197,1974.296667
2021-08-08 18:00:00,4980.749664999999,2468.493,98.53,2037.262666
2021-08-08 19:00:00,5072.864167,2520.035,98.55000000000001,2083.624667
2021-08-08 20:00:00,4858.851500000001,2490.958333,94.642,2059.043
2021-08-08 21:00:00,4617.006168,2452.7926669999997,91.891,1972.074333
2021-08-08 22:00:00,4336.983167,2288.429333,87.98200000000001,1881.978
2021-08-08 23:00:00,3706.1556649999998,2027.606,85.588,1637.169333
2021-08-09 00:00:00,3124.865667,1743.602667,64.684,1397.8143329999998
2021-08-09 01:00:00,2663.9663339999997,1542.0966670000003,57.305,1247.378667
2021-08-09 02:00:00,2344.1611660000003,1394.516333,49.75500000000001,1161.102667
2021-08-09 03:00:00,2175.290667,1287.406,41.605,1071.182
2021-08-09 04:00:00,2056.854835,1213.475,40.42700000000001,1008.875333
2021-08-09 05:00:00,2054.1335,1220.264667,37.391999999999996,998.4903330000001
2021-08-09 06:00:00,2223.376001,1276.054333,45.513999999999996,1036.468333
2021-08-09 07:00:00,2438.522166,1340.994667,42.025999999999996,1150.105
2021-08-09 08:00:00,2663.051665,1447.0766669999998,42.005,1191.155667
2021-08-09 09:00:00,2749.0865,1550.596,46.292,1259.85
2021-08-09 10:00:00,2861.683,1636.059333,56.52,1275.088667
2021-08-09 11:00:00,3084.3230009999997,1743.0459999999998,66.36300000000003,1339.879
2021-08-09 12:00:00,3254.089668,1842.947333,83.288,1438.749333
2021-08-09 13:00:00,3477.2533329999997,2014.786,76.361,1583.188001
2021-08-09 14:00:00,3762.1451690000004,2131.608,78.426,1703.386333
2021-08-09 15:00:00,4121.100499,2270.9606670000003,82.952,1815.183
2021-08-09 16:00:00,4644.213335,2483.257333,100.955,1983.6693329999998
2021-08-09 17:00:00,5383.707499,2715.6,110.903,2196.097667
2021-08-09 18:00:00,6085.431001,2928.379,125.649,2371.321666
2021-08-09 19:00:00,6167.138832000001,3022.429,138.07099999999997,2463.326
2021-08-09 20:00:00,6057.347667,3024.29,134.89199999999997,2499.665333
2021-08-09 21:00:00,5625.287666,2815.309,117.815,2334.4250009999996
2021-08-09 22:00:00,5219.668666,2660.2700000000004,102.00899999999999,2191.702333
2021-08-09 23:00:00,4478.205999,2376.8199999999997,99.453,1992.814666
2021-08-10 00:00:00,3762.236,2057.167,81.16699999999999,1731.852666
2021-08-10 01:00:00,3209.608001,1803.9479999999999,64.682,1478.128332
2021-08-10 02:00:00,2756.876999,1650.586,54.928999999999995,1327.12
2021-08-10 03:00:00,2535.103333,1485.731,49.417,1214.557667
2021-08-10 04:00:00,2363.393001,1382.696667,49.404,1156.519
2021-08-10 05:00:00,2323.7856680000004,1386.063333,46.37200000000001,1103.569669
2021-08-10 06:00:00,2465.3153329999996,1412.866,46.134,1122.1549989999999
2021-08-10 07:00:00,2637.968667,1480.7890000000002,47.15899999999999,1223.607332
2021-08-10 08:00:00,2850.8779999999997,1562.571333,46.742000000000004,1278.730667
2021-08-10 09:00:00,2988.7396670000003,1680.023666,56.161,1396.3993329999998
2021-08-10 10:00:00,3172.861333,1817.5853339999999,65.814,1444.355333
2021-08-10 11:00:00,3511.5856679999997,2049.328,69.476,1564.194
2021-08-10 12:00:00,3946.389333,2226.908333,83.54100000000001,1759.2780010000001
2021-08-10 13:00:00,4500.645999,2452.875666,80.385,1945.4013340000001
2021-08-10 14:00:00,5023.762001,2640.251,102.287,2146.5550009999997
2021-08-10 15:00:00,5711.768334,2873.194,113.45100000000001,2336.816667
2021-08-10 16:00:00,6360.4,3088.098999,123.977,2529.197667
2021-08-10 17:00:00,7046.333998,3320.5299990000003,139.609,2719.088001
2021-08-10 18:00:00,7541.874667,3546.224,159.552,2931.294334
2021-08-10 19:00:00,7799.795668000001,3619.924,154.11700000000002,2981.833333
2021-08-10 20:00:00,7511.739999,3561.764666,151.90799999999996,2980.201
2021-08-10 21:00:00,7055.393334,3408.317,130.26500000000001,2858.371666
2021-08-10 22:00:00,6537.7731650000005,3241.439333,120.612,2686.289002
2021-08-10 23:00:00,5682.678166,2989.610667,115.65400000000001,2409.060667
2021-08-11 00:00:00,4828.009666,2595.818,99.056,2075.293666
2021-08-11 01:00:00,4040.513999,2252.213667,83.44999999999999,1833.33
2021-08-11 02:00:00,3555.196665,1975.7706680000001,73.83699999999999,1621.537333
2021-08-11 03:00:00,3210.7995009999995,1793.506332,66.36,1493.8420019999999
2021-08-11 04:00:00,2944.4416659999997,1683.903333,59.831999999999994,1371.686666
2021-08-11 05:00:00,2789.269666,1635.770333,51.90599999999999,1300.339333
2021-08-11 06:00:00,2830.461499,1620.098331,54.763,1313.6450009999999
2021-08-11 07:00:00,3040.0176679999995,1673.423334,54.427,1379.487666
2021-08-11 08:00:00,3260.705334,1816.347,57.348,1466.348666
2021-08-11 09:00:00,3541.757667,2006.971001,71.443,1598.9736659999999
2021-08-11 10:00:00,3994.024335,2227.7709999999997,93.255,1724.9066659999999
2021-08-11 11:00:00,4520.175335,2492.478332,93.31899999999999,1966.560999
2021-08-11 12:00:00,5264.243833,2754.493,107.07500000000002,2253.017666
2021-08-11 13:00:00,6048.259,3053.721667,123.00800000000001,2532.82
2021-08-11 14:00:00,6783.700332,3272.791,124.599,2712.878001
2021-08-11 15:00:00,7357.401832,3477.5280000000002,134.15699999999998,2863.369001
2021-08-11 16:00:00,8016.143335999999,3778.703,156.8,3102.127333
2021-08-11 17:00:00,8518.405335,3937.428,173.094,3279.718
2021-08-11 18:00:00,8473.214168,4116.289999999999,172.08700000000002,3393.214999
2021-08-11 19:00:00,8621.841001,4229.317,184.12800000000001,3450.686667
2021-08-11 20:00:00,9013.790998,4132.302,173.775,3431.464667
2021-08-11 21:00:00,8818.914666,4078.1079999999997,169.447,3405.286666
2021-08-11 22:00:00,8336.052499,3922.861333,156.024,3278.8553330000004
2021-08-11 23:00:00,7428.665666000001,3635.699667,147.04000000000002,2972.244668
2021-08-12 00:00:00,6380.422502,3214.757332,128.704,2609.080001
2021-08-12 01:00:00,5584.846664,2813.646,107.90199999999999,2295.355671
2021-08-12 02:00:00,4969.607335,2585.791666,95.03000000000002,2037.569998
2021-08-12 03:00:00,4403.509166,2317.6679999999997,82.788,1868.746332
2021-08-12 04:00:00,3954.5018330000003,2141.799,74.99199999999999,1719.1176639999999
2021-08-12 05:00:00,3746.7359990000004,2051.703,67.975,1620.752334
2021-08-12 06:00:00,3705.834001,1964.228,68.75700000000002,1576.3949980000002
2021-08-12 07:00:00,3777.410999,2001.2649999999999,67.77100000000002,1606.3846669999998
2021-08-12 08:00:00,3888.1070010000003,2186.6459999999997,74.051,1663.1539999999998
2021-08-12 09:00:00,4332.7528330000005,2356.8819999999996,76.611,1824.828001
2021-08-12 10:00:00,4782.462168,2561.086,103.63899999999998,2012.192001
2021-08-12 11:00:00,5516.122334,2857.7039999999997,114.365,2250.198
2021-08-12 12:00:00,6129.488499,3197.156,123.36300000000003,2541.122665
2021-08-12 13:00:00,6879.002001999999,3455.4446669999998,127.94500000000001,2796.0450009999995
2021-08-12 14:00:00,7607.747332,3627.158,134.60200000000003,2995.0860000000002
2021-08-12 15:00:00,8173.116668000001,3839.759,156.62199999999999,3139.832002
2021-08-12 16:00:00,8663.130834,3978.327,161.698,3273.454667
2021-08-12 17:00:00,9078.524665,4118.195,179.56199999999995,3432.043001
2021-08-12 18:00:00,9396.246998999999,4264.341,174.92,3587.836997
2021-08-12 19:00:00,9262.388500000001,4314.947333,188.233,3565.740333
2021-08-12 20:00:00,9082.809334000001,4287.107333,181.316,3552.049333
2021-08-12 21:00:00,8927.672001,4237.972333,180.791,3524.058333
2021-08-12 22:00:00,8632.057832999999,4130.2876670000005,174.15499999999997,3371.408667
2021-08-12 23:00:00,7788.625666,3823.658,164.29600000000002,3055.608999
2021-08-13 00:00:00,6978.361999000001,3462.030333,140.60200000000003,2742.922668
2021-08-13 01:00:00,6174.838667,3110.920667,123.56,2453.958999
2021-08-13 02:00:00,5434.364834,2823.288998,110.743,2256.686667
2021-08-13 03:00:00,4867.197167,2584.910332,99.62599999999999,2055.967
2021-08-13 04:00:00,4444.079167,2434.2073339999997,88.81000000000002,1934.265334
2021-08-13 05:00:00,4131.046666,2323.6960010000003,80.673,1810.204335
2021-08-13 06:00:00,3912.759833,2223.067667,80.10900000000001,1743.089999
2021-08-13 07:00:00,3983.531666,2246.777333,79.12399999999998,1748.446333
2021-08-13 08:00:00,4181.786334,2345.2813340000002,79.364,1769.0110009999999
2021-08-13 09:00:00,4400.925666,2465.2406659999997,82.946,1896.6650009999998
2021-08-13 10:00:00,4794.8115,2613.531,105.77199999999999,2042.818667
2021-08-13 11:00:00,5300.033168,2806.5643330000003,126.34000000000003,2228.1526670000003
2021-08-13 12:00:00,5871.570501,3075.148666,127.68500000000002,2502.306333
2021-08-13 13:00:00,6494.859833,3299.5913339999997,129.49900000000002,2674.533668
2021-08-13 14:00:00,6986.709332,3415.044,149.22799999999998,2858.138667
2021-08-13 15:00:00,7466.9583330000005,3598.433,148.28900000000002,2977.946999
2021-08-13 16:00:00,7843.534001,3744.69,156.94599999999997,3113.525001
2021-08-13 17:00:00,8332.980332,3865.0060000000003,164.978,3232.329666
2021-08-13 18:00:00,8432.708000999999,3967.128667,175.311,3306.858667
2021-08-13 19:00:00,8356.313001,3933.314333,173.114,3322.5136660000003
2021-08-13 20:00:00,8159.558834000001,3920.8019999999997,173.374,3244.7243320000002
2021-08-13 21:00:00,7977.047166,3872.1800000000003,159.884,3219.887334
2021-08-13 22:00:00,7644.767835000001,3695.893333,149.33499999999998,3049.3076659999997
2021-08-13 23:00:00,6824.535167,3452.162333,141.534,2796.3469999999998
2021-08-14 00:00:00,5979.882335,3119.315334,133.527,2486.5109999999995
2021-08-14 01:00:00,5223.298499,2805.476667,106.00200000000001,2243.482668
2021-08-14 02:00:00,4578.718334,2542.434333,86.082,2027.229667
2021-08-14 03:00:00,4080.6738350000005,2317.8379999999997,85.10300000000001,1859.3763330000002
2021-08-14 04:00:00,3744.062998,2154.8603319999997,73.077,1728.129
2021-08-14 05:00:00,3464.7551649999996,2041.150333,65.15599999999999,1604.4476670000001
2021-08-14 06:00:00,3264.229331,1959.642667,63.592000000000006,1554.857334
2021-08-14 07:00:00,3336.624166,1959.5943340000001,57.309,1551.875166
2021-08-14 08:00:00,3555.138834,2043.1313329999998,57.267,1599.886
2021-08-14 09:00:00,3932.727335,2237.5730000000003,72.02799999999999,1745.942332
2021-08-14 10:00:00,4348.198667,2417.2,95.94099999999999,1903.2383329999998
2021-08-14 11:00:00,4795.804166,2675.3806670000004,100.90199999999999,2109.277
2021-08-14 12:00:00,5390.471498999999,2818.507,106.999,2314.404
2021-08-14 13:00:00,6005.303,3020.132,108.813,2522.605332
2021-08-14 14:00:00,6497.2843330000005,3229.788,125.659,2650.8215010000004
2021-08-14 15:00:00,7081.735833,3410.808,136.06100000000004,2882.9516670000003
2021-08-14 16:00:00,7605.8216680000005,3551.3540000000003,155.93599999999998,3016.6253340000003
2021-08-14 17:00:00,8039.695331999999,3682.854667,165.76199999999997,3067.996666
2021-08-14 18:00:00,8121.858167,3799.305666,156.33499999999998,3117.906667
2021-08-14 19:00:00,8055.739664,3779.658666,154.343,3075.483665
2021-08-14 20:00:00,7659.6224999999995,3642.385667,154.691,3053.4309999999996
2021-08-14 21:00:00,7176.538501,3526.074,147.93166699999995,2934.394665
2021-08-14 22:00:00,6652.330666,3305.193167,133.219333,2733.224
2021-08-14 23:00:00,5937.9290009999995,3049.9449999999997,115.745333,2480.115001
2021-08-15 00:00:00,5163.182999000001,2702.684999,102.08133299999999,2217.203001
2021-08-15 01:00:00,4440.972,2464.3711670000002,91.90666699999998,1975.160336
2021-08-15 02:00:00,3932.3111659999995,2213.324,75.142,1777.092334
2021-08-15 03:00:00,3583.701667,2002.98,66.83666700000002,1629.2880030000001
2021-08-15 04:00:00,3230.377332,1876.148666,61.903332999999996,1515.708334
2021-08-15 05:00:00,3107.2783339999996,1798.8186660000001,56.82899999999999,1440.7380010000002
2021-08-15 06:00:00,2949.4371659999997,1744.8593329999999,58.004333,1404.307333
2021-08-15 07:00:00,2951.241668,1732.762667,56.918,1408.482668
2021-08-15 08:00:00,3185.5299990000003,1822.480667,60.711,1476.6233320000001
2021-08-15 09:00:00,3606.015165,2039.608,70.594,1631.4506649999998
2021-08-15 10:00:00,4134.593666000001,2304.857,95.099,1864.9419979999998
2021-08-15 11:00:00,4669.323501,2544.705,102.179,2013.8186659999997
2021-08-15 12:00:00,5315.958834999999,2849.8289999999997,98.128,2336.026
2021-08-15 13:00:00,6011.314834,3123.295,116.67500000000001,2497.323333
2021-08-15 14:00:00,6566.502668,3312.1045,134.42600000000002,2748.758334
2021-08-15 15:00:00,7273.324834000001,3500.276,144.02000000000004,2961.383667
2021-08-15 16:00:00,7912.522833,3711.3120000000004,160.408,3081.749334
2021-08-15 17:00:00,8298.031164,3857.015667,162.44400000000002,3215.394667
2021-08-15 18:00:00,8560.884831000001,3947.701667,164.914,3302.018666
2021-08-15 19:00:00,8533.961002,3936.757,171.89399999999998,3296.979668
2021-08-15 20:00:00,8176.975,3769.991333,167.641,3237.3843349999997
2021-08-15 21:00:00,7627.834833,3598.951,161.37800000000001,3128.5353330000003
2021-08-15 22:00:00,6932.036834999999,3402.7230010000003,148.12400000000002,2884.304666
2021-08-15 23:00:00,5876.729166,3082.324333,124.74099999999999,2587.483666
2021-08-16 00:00:00,4935.703169,2646.3869999999997,114.99499999999999,2147.864
2021-08-16 01:00:00,4178.010333,2290.794667,92.757,1889.0446670000001
2021-08-16 02:00:00,3646.951,2053.1620000000003,71.426,1674.506667
2021-08-16 03:00:00,3215.607834,1828.322333,69.56799999999998,1527.760999
2021-08-16 04:00:00,2972.056,1731.281668,67.55600000000001,1429.423667
2021-08-16 05:00:00,2803.4275,1675.945665,61.297000000000004,1348.367
2021-08-16 06:00:00,2773.9534999999996,1653.110001,58.30899999999999,1337.4053319999998
2021-08-16 07:00:00,2903.9605,1680.608334,54.192,1370.510334
2021-08-16 08:00:00,3117.035,1795.830667,62.934999999999995,1421.999334
2021-08-16 09:00:00,3231.0921660000004,1894.1509999999998,67.06200000000001,1502.071667
2021-08-16 10:00:00,3437.4359999999997,1965.615666,73.232,1602.083667
2021-08-16 11:00:00,3729.9843330000003,2155.492333,71.733,1754.8650000000002
2021-08-16 12:00:00,4178.030001,2332.2569999999996,80.25099999999999,1904.6040010000002
2021-08-16 13:00:00,4626.946999,2522.017,94.39500000000001,2027.210333
2021-08-16 14:00:00,5025.672501,2651.3540000000003,98.28,2220.791999
2021-08-16 15:00:00,5540.994998,2806.05,115.696,2366.008667
2021-08-16 16:00:00,6056.415000000001,3015.3900000000003,116.614,2545.2206650000003
2021-08-16 17:00:00,6642.3943309999995,3162.22,127.85899999999998,2714.6276669999997
2021-08-16 18:00:00,6956.7831670000005,3290.062,139.722,2784.508
2021-08-16 19:00:00,6772.891665,3266.5730000000003,132.37199999999999,2732.575334
2021-08-16 20:00:00,6230.256334,3081.529,131.22299999999998,2575.8050000000003
2021-08-16 21:00:00,5632.136167,2861.026,116.36000000000001,2403.219333
2021-08-16 22:00:00,5073.311,2704.441,109.90299999999999,2213.9943329999996
2021-08-16 23:00:00,4377.357834,2415.831,96.659,1941.549
2021-08-17 00:00:00,3698.473166,2058.584,74.35400000000001,1665.358666
2021-08-17 01:00:00,3109.0038329999998,1768.1116670000001,69.488,1483.075333
2021-08-17 02:00:00,2673.082833,1575.9189999999999,61.733999999999995,1300.371
2021-08-17 03:00:00,2443.569167,1426.121667,54.413000000000004,1210.1766670000002
2021-08-17 04:00:00,2288.185,1337.632667,54.86899999999999,1122.755333
2021-08-17 05:00:00,2271.235666,1339.702,51.737,1106.592
2021-08-17 06:00:00,2356.114667,1367.124333,51.557,1122.588667
2021-08-17 07:00:00,2578.398001,1448.003667,47.05899999999999,1178.134
2021-08-17 08:00:00,2681.594999,1500.0916670000001,48.061,1218.664667
2021-08-17 09:00:00,2786.828834,1533.406333,55.799,1252.1179969999998
2021-08-17 10:00:00,2894.641333,1566.928667,65.88,1293.806666
2021-08-17 11:00:00,2934.022,1615.068667,57.301,1317.6129999999998
2021-08-17 12:00:00,3041.771335,1659.817333,68.17000000000002,1329.084667
2021-08-17 13:00:00,3102.244833,1692.5059999999999,59.712,1372.4846670000002
2021-08-17 14:00:00,3113.465,1697.608,69.044,1354.728667
2021-08-17 15:00:00,3121.075667,1678.7469999999998,53.557,1364.9810000000002
2021-08-17 16:00:00,3266.2850000000003,1773.702334,67.16999999999999,1402.506668
2021-08-17 17:00:00,3403.3163329999998,1840.716,75.02499999999999,1497.994334
2021-08-17 18:00:00,3688.3941670000004,1930.688,86.71000000000001,1596.808334
2021-08-17 19:00:00,3860.710666,2056.5150000000003,86.77300000000001,1638.081333
2021-08-17 20:00:00,3816.532499,2115.949,87.129,1713.403665
2021-08-17 21:00:00,3861.043667,2153.2920000000004,85.08900000000001,1737.252333
2021-08-17 22:00:00,3698.1531659999996,2057.7029999999995,77.01299999999999,1660.587667
2021-08-17 23:00:00,3340.161833,1878.134,76.577,1560.324
2021-08-18 00:00:00,2842.084334,1637.515333,70.77900000000001,1340.094331
2021-08-18 01:00:00,2443.6491650000003,1429.342333,58.358000000000004,1176.130001
2021-08-18 02:00:00,2250.4853329999996,1301.219667,52.719,1062.166999
2021-08-18 03:00:00,2093.7163339999997,1219.7076670000001,42.253,1006.172668
2021-08-18 04:00:00,1999.3538330000001,1178.017667,41.249,950.2143330000001
2021-08-18 05:00:00,2013.6715,1179.701667,41.763999999999996,951.9660000000001
2021-08-18 06:00:00,2145.272832,1228.029,43.187000000000005,990.7043349999999
2021-08-18 07:00:00,2381.000166,1298.879333,39.672,1091.515
2021-08-18 08:00:00,2564.8428320000003,1399.619334,47.031000000000006,1142.229667
2021-08-18 09:00:00,2633.256,1474.868666,49.537,1191.386333
2021-08-18 10:00:00,2713.497668,1499.0459999999998,65.409,1215.099334
2021-08-18 11:00:00,2834.9321659999996,1553.111667,60.028,1284.392
2021-08-18 12:00:00,2993.144667,1618.8939999999998,63.171,1311.863333
2021-08-18 13:00:00,3102.337167,1668.244,77.463,1362.9553329999999
2021-08-18 14:00:00,3224.8891679999997,1789.3990000000001,77.942,1475.092334
2021-08-18 15:00:00,3433.868835,1878.549,76.73299999999999,1519.2556670000001
2021-08-18 16:00:00,3839.7116669999996,1993.6840000000002,85.963,1636.1570000000002
2021-08-18 17:00:00,4424.2401660000005,2210.173,100.23699999999998,1823.0700000000002
2021-08-18 18:00:00,4979.490667,2426.745,105.82600000000001,2014.273333
2021-08-18 19:00:00,5195.388833,2539.1400000000003,117.61400000000002,2084.595334
2021-08-18 20:00:00,5005.630333,2464.324333,109.939,2094.208
2021-08-18 21:00:00,4848.459,2436.177667,104.521,2058.983333
2021-08-18 22:00:00,4608.246665000001,2358.9449999999997,103.07900000000002,2015.457
2021-08-18 23:00:00,3997.3503339999997,2150.185,95.208,1775.382001
2021-08-19 00:00:00,3303.8273340000005,1852.791334,74.281,1494.917667
2021-08-19 01:00:00,2772.593998,1617.481667,61.544999999999995,1332.186666
2021-08-19 02:00:00,2450.800167,1438.7216660000001,54.273,1189.9206669999999
2021-08-19 03:00:00,2271.643999,1351.7473329999998,48.134,1087.109667
2021-08-19 04:00:00,2162.873666,1284.842,49.224999999999994,1043.684666
2021-08-19 05:00:00,2140.5063330000003,1270.3899990000002,41.307,990.726333
2021-08-19 06:00:00,2237.097835,1311.2670010000002,49.34199999999999,1031.248333
2021-08-19 07:00:00,2429.2073330000003,1387.371666,46.891,1114.777
2021-08-19 08:00:00,2666.269002,1501.215666,46.918,1148.020833
2021-08-19 09:00:00,2781.136666,1547.647,55.358999999999995,1206.0133329999999
2021-08-19 10:00:00,2905.009502,1556.826667,59.60999999999999,1260.013166
2021-08-19 11:00:00,3012.807668,1607.0169999999998,58.373000000000005,1271.619667
2021-08-19 12:00:00,3139.971665,1693.261,53.099,1371.864666
2021-08-19 13:00:00,3356.0373339999996,1784.472,57.559,1470.9576670000001
2021-08-19 14:00:00,3502.269167,1918.145,71.52900000000001,1556.3193330000001
2021-08-19 15:00:00,3844.6235000000006,2072.2810000000004,82.08399999999999,1706.689667
2021-08-19 16:00:00,4324.2695,2275.0370000000003,93.294,1895.1978330000002
2021-08-19 17:00:00,4898.523833,2453.4759999999997,101.932,2035.213333
2021-08-19 18:00:00,5509.388166000001,2694.014,113.867,2182.717833
2021-08-19 19:00:00,5747.9149990000005,2744.058,117.75999999999998,2262.2428330000002
2021-08-19 20:00:00,5337.150333,2610.869,105.428,2180.927167
2021-08-19 21:00:00,4840.169,2465.521,95.209,2003.499667
2021-08-19 22:00:00,4414.042167,2310.108333,87.442,1879.306833
2021-08-19 23:00:00,3792.4295,2067.181,88.053,1687.492666
2021-08-20 00:00:00,3187.882999,1772.086,74.27000000000001,1448.507
2021-08-20 01:00:00,2821.9338340000004,1562.8986670000002,62.256,1277.2035
2021-08-20 02:00:00,2487.780166,1447.8909990000002,54.129999999999995,1182.450333
2021-08-20 03:00:00,2307.079334,1340.169668,49.211,1077.542167
2021-08-20 04:00:00,2198.7500019999998,1230.2549999999999,44.875,1026.487166
2021-08-20 05:00:00,2182.9136660000004,1229.951333,47.151,1021.886501
2021-08-20 06:00:00,2244.266666,1268.368333,50.308,1038.5811669999998
2021-08-20 07:00:00,2451.916499,1335.326,48.907999999999994,1115.915
2021-08-20 08:00:00,2686.4951659999997,1407.9880000000003,50.69799999999999,1173.548832
2021-08-20 09:00:00,2739.240334,1590.127,56.33200000000001,1257.316167
2021-08-20 10:00:00,2872.778333,1577.3899999999999,62.98500000000001,1296.822167
2021-08-20 11:00:00,3000.4571669999996,1575.9610000000002,64.26599999999999,1344.767667
2021-08-20 12:00:00,3152.2588349999996,1682.591,64.762,1375.309
2021-08-20 13:00:00,3177.056501,1673.58,64.973,1397.0803329999999
2021-08-20 14:00:00,3184.216168,1702.4470000000001,61.911,1381.195
2021-08-20 15:00:00,3128.870834,1778.388333,65.44500000000001,1375.6361670000001
2021-08-20 16:00:00,3291.4255000000003,1741.872333,61.449999999999996,1462.2288330000001
2021-08-20 17:00:00,3513.984998,1791.989,70.685,1522.4466670000002
2021-08-20 18:00:00,3724.387168,1934.909,67.989,1585.8985
2021-08-20 19:00:00,3782.723666,2017.645,68.624,1611.5120000000002
2021-08-20 20:00:00,3733.429667,1948.6399999999999,75.461,1608.6995000000002
2021-08-20 21:00:00,3684.082334,1993.3580000000002,66.299,1675.392333
2021-08-20 22:00:00,3565.9573330000003,1913.305333,68.963,1549.436833
2021-08-20 23:00:00,3366.625834,1802.034,68.417,1463.455167
2021-08-21 00:00:00,2968.114666,1615.4406669999998,57.611999999999995,1314.067
2021-08-21 01:00:00,2538.047333,1450.564667,49.071999999999996,1191.633334
2021-08-21 02:00:00,2320.0853320000006,1335.761666,47.992,1099.830334
2021-08-21 03:00:00,2158.609333,1241.9970010000002,40.162,1020.259333
2021-08-21 04:00:00,2045.266,1185.705001,36.573,958.0418309999999
2021-08-21 05:00:00,2038.174332,1157.32,34.720000000000006,927.121
2021-08-21 06:00:00,2022.012166,1160.816,41.89,931.8906669999999
2021-08-21 07:00:00,2158.237667,1240.8003330000001,42.077000000000005,991.425499
2021-08-21 08:00:00,2508.0736669999997,1390.48,40.629000000000005,1092.023333
2021-08-21 09:00:00,2756.644168,1542.803,53.206,1202.468499
2021-08-21 10:00:00,2985.2083329999996,1631.053667,66.33399999999999,1306.521332
2021-08-21 11:00:00,3177.1820000000002,1720.993,63.78900000000001,1369.519667
2021-08-21 12:00:00,3323.884166,1767.373,66.259,1383.1138329999999
2021-08-21 13:00:00,3387.238668,1793.458,62.14300000000001,1421.456334
2021-08-21 14:00:00,3323.719333,1784.499,56.37700000000001,1425.093834
2021-08-21 15:00:00,3357.023833,1775.8180000000002,63.53099999999999,1416.815
2021-08-21 16:00:00,3421.6851659999998,1800.568,72.937,1417.284834
2021-08-21 17:00:00,3622.997333,1834.748,82.13799999999999,1457.993168
2021-08-21 18:00:00,3697.400167,1916.065,81.16300000000001,1501.7295
2021-08-21 19:00:00,3781.5346630000004,1899.833,81.07900000000002,1527.240334
2021-08-21 20:00:00,3655.938833,1842.25,73.55199999999999,1552.609833
2021-08-21 21:00:00,3682.382501,1931.75,67.21600000000001,1548.960666
2021-08-21 22:00:00,3637.176501,1923.7019999999998,68.072,1554.4985
2021-08-21 23:00:00,3283.701333,1802.345666,65.917,1465.1993340000001
2021-08-22 00:00:00,2909.107667,1613.7133330000001,63.00699999999999,1285.643167
2021-08-22 01:00:00,2555.499,1409.6583329999999,52.868,1154.553
2021-08-22 02:00:00,2297.2106670000003,1298.661333,41.48900000000001,1045.852833
2021-08-22 03:00:00,2117.242333,1214.878001,39.46500000000001,982.717501
2021-08-22 04:00:00,2055.9083339999997,1152.698333,38.153999999999996,916.187
2021-08-22 05:00:00,1993.4653360000002,1136.264333,37.285999999999994,881.9905
2021-08-22 06:00:00,1988.4663329999998,1129.442333,40.628,911.649
2021-08-22 07:00:00,2115.4719999999998,1183.771333,37.791000000000004,929.4135000000001
2021-08-22 08:00:00,2388.445999,1323.1763329999999,42.163000000000004,1023.002
2021-08-22 09:00:00,2751.353665,1510.503333,53.300000000000004,1128.062
2021-08-22 10:00:00,3056.1906659999995,1608.421333,52.777,1287.2035
2021-08-22 11:00:00,3295.2170000000006,1770.6386670000002,64.79499999999999,1376.188
2021-08-22 12:00:00,3467.006333,1839.383333,70.87899999999999,1432.46
2021-08-22 13:00:00,3538.8900000000003,1839.223333,67.79100000000001,1455.9409999999998
2021-08-22 14:00:00,3484.464,1867.329,77.73,1482.1611669999998
2021-08-22 15:00:00,3451.840499,1861.341,72.09700000000001,1483.7825
2021-08-22 16:00:00,3484.6571679999997,1874.324,72.57900000000001,1554.3049999999998
2021-08-22 17:00:00,3538.870833,1915.6979999999999,62.138,1557.935
2021-08-22 18:00:00,3733.575166,2015.4099999999999,63.474000000000004,1591.0545
2021-08-22 19:00:00,3786.9030009999997,2024.1409999999998,75.75599999999999,1640.1219999999998
2021-08-22 20:00:00,3870.026666,2037.495333,80.60899999999998,1638.2635
2021-08-22 21:00:00,3820.258834,2051.0550000000003,84.75000000000001,1677.5145
2021-08-22 22:00:00,3487.916001,1892.710333,74.065,1606.6055000000001
2021-08-22 23:00:00,3146.178333,1727.3046669999999,67.59700000000001,1458.0655
2021-08-23 00:00:00,2675.333334,1528.592667,52.770999999999994,1217.6485
2021-08-23 01:00:00,2348.978332,1322.375,53.201,1087.7945
2021-08-23 02:00:00,2084.0730000000003,1215.3923330000002,39.429,979.507167
2021-08-23 03:00:00,1981.611666,1168.043667,36.429,925.997333
2021-08-23 04:00:00,1925.7121670000001,1130.747,33.729000000000006,874.794666
2021-08-23 05:00:00,1946.362,1156.9646670000002,32.964,875.8605
2021-08-23 06:00:00,2146.1255,1211.909,34.961,959.174999
2021-08-23 07:00:00,2366.1655,1339.9854999999998,42.169999999999995,1044.056666
2021-08-23 08:00:00,2588.041332,1393.677667,40.862,1103.0605
2021-08-23 09:00:00,2722.5185,1460.300333,53.872,1141.709667
2021-08-23 10:00:00,2875.111167,1502.6290000000001,53.543,1173.3621660000001
2021-08-23 11:00:00,2949.4391669999995,1599.0716670000002,59.06600000000001,1186.3565
2021-08-23 12:00:00,2993.713167,1609.018,57.564,1287.1399999999999
2021-08-23 13:00:00,3000.954999,1698.073,59.232000000000006,1282.0895
2021-08-23 14:00:00,3030.968501,1614.297,63.312,1319.9845
2021-08-23 15:00:00,3002.174332,1687.017,73.94,1291.983667
2021-08-23 16:00:00,3148.8016669999997,1757.785,69.01599999999999,1339.644167
2021-08-23 17:00:00,3487.9350000000004,1860.162,71.29900000000002,1499.2513330000002
2021-08-23 18:00:00,3896.7315,2035.8509999999999,77.51899999999999,1658.4535
2021-08-23 19:00:00,4031.701999,2109.5,78.098,1750.772833
2021-08-23 20:00:00,3963.925166,2130.96,80.614,1755.507334
2021-08-23 21:00:00,3925.5388329999996,2068.92,90.30199999999999,1780.544334
2021-08-23 22:00:00,3701.0775000000003,2045.7040000000002,84.45899999999999,1659.1843330000002
2021-08-23 23:00:00,3287.666001,1838.056,73.98799999999999,1470.527333
2021-08-24 00:00:00,2742.634999,1587.2176670000001,57.401999999999994,1251.918166
2021-08-24 01:00:00,2373.665999,1376.4830000000002,47.65699999999999,1101.817
2021-08-24 02:00:00,2144.0056649999997,1235.933333,46.61,1013.470167
2021-08-24 03:00:00,1996.8400000000001,1147.8536669999999,40.477000000000004,955.453667
2021-08-24 04:00:00,1935.9143330000002,1115.495666,39.571999999999996,881.335834
2021-08-24 05:00:00,2005.335001,1153.261,35.841,884.752834
2021-08-24 06:00:00,2139.898499,1197.201333,38.83699999999999,934.6794990000001
2021-08-24 07:00:00,2366.342501,1292.2903339999998,34.565,1051.2804999999998
2021-08-24 08:00:00,2567.454,1416.004667,40.26200000000001,1118.3229999999999
2021-08-24 09:00:00,2673.042665,1478.228333,53.868,1148.5635
2021-08-24 10:00:00,2775.687499,1518.629,55.986,1173.5405
2021-08-24 11:00:00,2858.240667,1571.276333,58.996,1227.317834
2021-08-24 12:00:00,2972.4266660000003,1632.965667,68.93599999999999,1279.9221659999998
2021-08-24 13:00:00,3120.759168,1724.3473330000002,67.386,1343.832167
2021-08-24 14:00:00,3253.4651670000003,1793.986667,61.53900000000001,1443.0711660000002
2021-08-24 15:00:00,3459.721167,1935.3890000000001,69.952,1529.934833
2021-08-24 16:00:00,3852.0448320000005,2163.951667,82.96300000000001,1688.930333
2021-08-24 17:00:00,4423.136332,2347.602667,102.932,1890.682
2021-08-24 18:00:00,5020.957832,2469.967333,107.30600000000001,2100.5341660000004
2021-08-24 19:00:00,5209.687833,2579.806333,105.372,2090.1495
2021-08-24 20:00:00,4948.5935,2524.848667,103.207,2078.5705
2021-08-24 21:00:00,4672.130333,2527.848666,103.163,2049.5245
2021-08-24 22:00:00,4351.3333330000005,2324.8666670000002,96.80199999999999,1900.6578349999997
2021-08-24 23:00:00,3777.060333,2089.473666,85.736,1686.3030009999998
2021-08-25 00:00:00,3174.842167,1799.465999,69.343,1476.139
2021-08-25 01:00:00,2695.637833,1585.4736670000002,49.688,1258.246
2021-08-25 02:00:00,2377.250333,1386.750333,45.987,1124.220667
2021-08-25 03:00:00,2210.705666,1285.1763340000002,46.02,1038.199
2021-08-25 04:00:00,2074.358499,1238.9050009999999,41.51199999999999,992.862334
2021-08-25 05:00:00,2093.5365,1220.085,38.165000000000006,939.749834
2021-08-25 06:00:00,2170.0560000000005,1250.826,42.714999999999996,987.494502
2021-08-25 07:00:00,2393.169834,1349.8013329999999,40.19800000000001,1072.6753330000001
2021-08-25 08:00:00,2566.16,1423.976667,45.197,1123.104166
2021-08-25 09:00:00,2727.7825009999997,1523.46,54.876000000000005,1138.7795
2021-08-25 10:00:00,2866.2283310000003,1576.142,63.790000000000006,1215.102167
2021-08-25 11:00:00,2933.2816669999997,1652.2649999999999,73.48700000000001,1306.893166
2021-08-25 12:00:00,3039.893498,1699.8650000000002,74.267,1367.6096659999998
2021-08-25 13:00:00,3288.0085,1866.013,82.07099999999998,1466.670998
2021-08-25 14:00:00,3479.002832,1960.421,66.97200000000001,1532.126168
2021-08-25 15:00:00,3701.2261660000004,2021.931,71.76299999999999,1591.5728330000002
2021-08-25 16:00:00,3925.349333,2113.16,86.845,1661.979
2021-08-25 17:00:00,4314.192668,2245.857,87.956,1798.2905
2021-08-25 18:00:00,4558.102333,2365.9890000000005,95.79400000000001,1936.2975
2021-08-25 19:00:00,4668.111333,2444.475,105.873,2027.1235
2021-08-25 20:00:00,4497.517334,2358.867,104.113,1967.297
2021-08-25 21:00:00,4365.596831999999,2399.279333,103.47599999999998,1902.691833
2021-08-25 22:00:00,4042.2884990000002,2200.888,93.282,1771.1680000000001
2021-08-25 23:00:00,3499.8851670000004,1948.9683329999998,79.287,1590.3358329999999
2021-08-26 00:00:00,3016.7971669999997,1690.397001,66.202,1400.000333
2021-08-26 01:00:00,2617.191833,1463.192001,53.447,1236.8291669999999
2021-08-26 02:00:00,2311.147167,1347.0976649999998,50.068999999999996,1110.576834
2021-08-26 03:00:00,2158.317667,1258.712,40.674,1007.8376669999999
2021-08-26 04:00:00,2072.049333,1216.662667,39.385000000000005,970.507333
2021-08-26 05:00:00,2086.931833,1190.428666,37.248999999999995,967.227666
2021-08-26 06:00:00,2160.447167,1274.568999,41.805,1009.184
2021-08-26 07:00:00,2418.7110000000002,1390.3146669999999,41.99199999999999,1067.451
2021-08-26 08:00:00,2677.481834,1456.990667,48.053000000000004,1125.1109999999999
2021-08-26 09:00:00,2818.200498,1481.2330000000002,55.698,1157.792334
2021-08-26 10:00:00,2885.4941670000003,1470.038,60.078,1214.834667
2021-08-26 11:00:00,2927.991334,1590.206667,60.85399999999999,1233.909001
2021-08-26 12:00:00,3025.935001,1623.526,56.86000000000001,1262.998
2021-08-26 13:00:00,3169.772,1669.852,71.502,1333.890333
2021-08-26 14:00:00,3146.644167,1758.7543340000002,71.537,1337.9776669999999
2021-08-26 15:00:00,3334.890665,1787.111666,62.580999999999996,1387.867667
2021-08-26 16:00:00,3513.8873329999997,1938.2350000000001,89.767,1477.904
2021-08-26 17:00:00,3851.980834,2094.19,85.99300000000001,1626.8049999999998
2021-08-26 18:00:00,4144.180333,2234.6730000000002,92.859,1759.442
2021-08-26 19:00:00,4106.697667,2197.82,90.49799999999999,1778.109
2021-08-26 20:00:00,4083.7221659999996,2213.647,83.622,1747.635667
2021-08-26 21:00:00,4079.899667,2114.067,93.80499999999999,1787.259
2021-08-26 22:00:00,3832.939999,2130.578,101.17999999999999,1718.5929999999998
2021-08-26 23:00:00,3429.690501,1913.7379999999998,79.90799999999999,1556.515666
2021-08-27 00:00:00,2912.7851659999997,1663.5079999999998,64.411,1358.4683329999998
2021-08-27 01:00:00,2541.539667,1443.7056670000002,48.925,1201.8166669999998
2021-08-27 02:00:00,2226.7873329999998,1293.332332,45.657999999999994,1066.308333
2021-08-27 03:00:00,2089.9355,1235.1286679999998,45.444,991.804666
2021-08-27 04:00:00,2016.704501,1219.301332,43.123999999999995,944.699333
2021-08-27 05:00:00,2021.447999,1244.1799999999998,41.16799999999999,940.281
2021-08-27 06:00:00,2157.0525,1264.0703319999998,44.096000000000004,979.1683330000001
2021-08-27 07:00:00,2352.3698329999997,1340.842,39.233999999999995,1067.152
2021-08-27 08:00:00,2590.938833,1402.536,46.760999999999996,1111.539
2021-08-27 09:00:00,2759.995833,1515.807,57.58,1144.963666
2021-08-27 10:00:00,2921.192167,1522.502,61.175999999999995,1212.251334
2021-08-27 11:00:00,2947.015833,1582.427,61.742999999999995,1324.386
2021-08-27 12:00:00,3061.9453329999997,1639.612,61.819,1322.7686669999998
2021-08-27 13:00:00,3144.5436660000005,1728.248,70.814,1347.9953329999998
2021-08-27 14:00:00,3225.1463329999997,1692.18,55.972,1343.9419990000001
2021-08-27 15:00:00,3306.192,1724.2110000000002,77.562,1360.795667
2021-08-27 16:00:00,3375.9139999999998,1776.021,72.178,1446.126333
2021-08-27 17:00:00,3646.4423340000003,1882.452,78.336,1579.129
2021-08-27 18:00:00,4024.109167,2032.9319999999998,85.542,1660.0933340000001
2021-08-27 19:00:00,4130.62,2088.166,94.212,1711.019333
2021-08-27 20:00:00,3954.401,2067.397,82.586,1677.7379999999998
2021-08-27 21:00:00,3839.0985009999995,2054.964,84.84200000000001,1660.992666
2021-08-27 22:00:00,3529.0773329999997,1967.411,72.336,1558.139334
2021-08-27 23:00:00,3243.0071669999998,1791.1439999999998,76.922,1450.8760000000002
2021-08-28 00:00:00,2809.8388330000002,1614.3229999999999,61.816,1273.077667
2021-08-28 01:00:00,2497.716834,1447.978,51.697,1132.0303330000002
2021-08-28 02:00:00,2250.297666,1294.061666,44.20700000000001,999.6496669999999
2021-08-28 03:00:00,2056.8015,1207.307667,40.759,930.032666
2021-08-28 04:00:00,1994.319501,1140.613667,36.445,902.5640000000001
2021-08-28 05:00:00,1963.477,1116.375,35.472,859.7213340000001
2021-08-28 06:00:00,1957.066667,1104.070667,39.55799999999999,880.242334
2021-08-28 07:00:00,2137.5115,1217.7163329999998,40.546,957.055
2021-08-28 08:00:00,2484.497499,1347.2269999999999,39.419000000000004,1058.634
2021-08-28 09:00:00,2803.3699990000005,1534.269,58.834,1173.009333
2021-08-28 10:00:00,3122.2113339999996,1628.141,62.633,1289.454
2021-08-28 11:00:00,3268.547834,1753.248,67.37200000000001,1388.715667
2021-08-28 12:00:00,3397.356165,1788.145,70.183,1484.509334
2021-08-28 13:00:00,3574.418332,1863.1525000000001,60.959,1531.373666
2021-08-28 14:00:00,3765.285834,2020.6255,65.79599999999998,1560.316
2021-08-28 15:00:00,3993.124999,2158.125,70.187,1654.626667
2021-08-28 16:00:00,4474.164167,2329.408,82.02300000000001,1824.8429999999998
2021-08-28 17:00:00,4908.406333999999,2432.1620000000003,87.35499999999999,1963.242
2021-08-28 18:00:00,5279.288167000001,2602.1685,109.602,2023.6623329999998
2021-08-28 19:00:00,5215.338666000001,2605.165,108.83000000000001,2081.0056670000004
2021-08-28 20:00:00,4965.740667,2493.1935000000003,99.01,2017.9026669999998
2021-08-28 21:00:00,4673.814167,2456.884,96.731,2002.525
2021-08-28 22:00:00,4314.347834,2275.5823330000003,93.323,1871.69
2021-08-28 23:00:00,3886.618167,2063.541667,92.154,1650.834
2021-08-29 00:00:00,3359.889,1866.122333,79.84299999999999,1467.5876669999998
2021-08-29 01:00:00,2885.5213329999997,1646.918666,64.68999999999998,1300.725
2021-08-29 02:00:00,2561.7005,1485.266,51.336000000000006,1151.288
2021-08-29 03:00:00,2333.935167,1375.1553330000002,46.803999999999995,1047.761667
2021-08-29 04:00:00,2174.543667,1255.285667,44.12200000000001,968.442667
2021-08-29 05:00:00,2053.040001,1203.9853329999999,43.303,937.688333
2021-08-29 06:00:00,2021.0164999999997,1175.855,42.431,925.556999
2021-08-29 07:00:00,2157.807666,1216.3870000000002,40.354,943.813334
2021-08-29 08:00:00,2464.3273320000003,1393.1006670000002,52.50799999999999,1054.1693340000002
2021-08-29 09:00:00,2815.705666,1620.6039999999998,55.882,1229.703667
2021-08-29 10:00:00,3209.601166,1842.795,64.05399999999999,1449.932333
2021-08-29 11:00:00,3568.772499,1975.455,66.50000000000001,1508.098334
2021-08-29 12:00:00,3793.7905,2093.0289999999995,86.55500000000002,1641.388667
2021-08-29 13:00:00,4009.308166,2240.633,82.56700000000001,1765.845
2021-08-29 14:00:00,4345.413,2394.411,95.952,1839.208
2021-08-29 15:00:00,4666.250833,2533.661,91.457,1942.382666
2021-08-29 16:00:00,5225.405000999999,2685.9930000000004,110.41100000000002,2103.366
2021-08-29 17:00:00,5713.481333,2898.6310000000003,103.32900000000001,2247.5190000000002
2021-08-29 18:00:00,6131.007833,3007.329,120.37400000000001,2405.286334
2021-08-29 19:00:00,6254.1805,3003.5820000000003,126.741,2399.234
2021-08-29 20:00:00,5877.145666,2872.825,116.38799999999999,2359.125
2021-08-29 21:00:00,5437.7315,2717.4660000000003,107.67699999999999,2248.0789999999997
2021-08-29 22:00:00,4771.015333,2492.243,94.71,2049.554666
2021-08-29 23:00:00,4045.207832,2210.357,82.014,1753.2293319999999
2021-08-30 00:00:00,3346.0865,1849.873,67.71400000000001,1498.969
2021-08-30 01:00:00,2804.059333,1623.307,56.62,1280.378668
2021-08-30 02:00:00,2440.906,1437.5960000000002,52.42900000000001,1118.2710000000002
2021-08-30 03:00:00,2248.447166,1312.5369999999998,44.975,1027.866667
2021-08-30 04:00:00,2098.275834,1230.2106669999998,44.660999999999994,971.9110000000001
2021-08-30 05:00:00,2057.1825,1252.438333,37.348000000000006,966.666
2021-08-30 06:00:00,2221.2098340000002,1289.801,39.697,985.3256680000001
2021-08-30 07:00:00,2417.269833,1367.7265000000002,40.231,1097.519667
2021-08-30 08:00:00,2656.5303329999997,1471.591667,44.599000000000004,1137.0656669999998
2021-08-30 09:00:00,2755.0145,1527.976333,49.37,1146.483667
2021-08-30 10:00:00,2862.444501,1606.1779999999999,64.83200000000001,1190.050667
2021-08-30 11:00:00,2952.965667,1635.5520000000001,61.501000000000005,1255.248667
2021-08-30 12:00:00,3034.8965,1705.743,56.051,1326.912667
2021-08-30 13:00:00,3149.454999,1696.190667,62.499,1365.169
2021-08-30 14:00:00,3119.0378339999997,1678.648,70.393,1352.601
2021-08-30 15:00:00,3217.8169989999997,1709.068667,70.898,1388.450667
2021-08-30 16:00:00,3290.0735,1798.1436669999998,68.67699999999999,1445.996333
2021-08-30 17:00:00,3457.069334,1890.18,64.039,1524.979666
2021-08-30 18:00:00,3687.206833,2034.33,69.96000000000001,1640.864333
2021-08-30 19:00:00,3913.8771659999998,2153.1040000000003,80.94800000000001,1676.556
2021-08-30 20:00:00,3879.536666,2107.2659999999996,72.02499999999999,1658.562
2021-08-30 21:00:00,3888.151999,2083.328,77.866,1684.500333
2021-08-30 22:00:00,3635.625167,2023.817,81.064,1624.687667
2021-08-30 23:00:00,3146.135,1788.1509999999998,66.31600000000002,1422.6266660000001
2021-08-31 00:00:00,2720.778166,1541.9540000000002,53.37800000000001,1270.3120000000001
2021-08-31 01:00:00,2344.517333,1392.730667,51.766000000000005,1093.418667
2021-08-31 02:00:00,2156.1541660000003,1277.882333,45.10900000000001,1007.4516659999999
2021-08-31 03:00:00,2038.576333,1180.639,40.302,944.021999
2021-08-31 04:00:00,1969.535668,1153.524333,40.678000000000004,897.3133330000001
2021-08-31 05:00:00,1951.951501,1155.8379999999997,35.557,892.250334
2021-08-31 06:00:00,2107.616333,1218.409333,39.028999999999996,944.0886660000001
2021-08-31 07:00:00,2364.903501,1315.3036670000001,41.586999999999996,1057.0926670000001
2021-08-31 08:00:00,2583.603,1437.345667,46.65800000000001,1122.5206669999998
2021-08-31 09:00:00,2732.761499,1501.027333,53.099000000000004,1152.215
2021-08-31 10:00:00,2865.8195,1567.383,61.094,1169.444333
2021-08-31 11:00:00,2853.675834,1606.978333,51.910000000000004,1208.6516669999999
2021-08-31 12:00:00,3033.060499,1638.849667,61.760999999999996,1260.4666670000001
2021-08-31 13:00:00,3045.166335,1651.897333,68.045,1290.4119999999998
2021-08-31 14:00:00,3045.9656670000004,1641.8046669999999,68.80900000000001,1286.65
2021-08-31 15:00:00,3046.4409990000004,1731.204,62.175000000000004,1294.55
2021-08-31 16:00:00,3227.776333,1776.628,68.417,1347.401333
2021-08-31 17:00:00,3410.0873329999995,1846.4360000000001,59.486000000000004,1436.2710000000002
2021-08-31 18:00:00,3805.052,2013.451,73.796,1583.1440000000002
2021-08-31 19:00:00,3917.683,2130.118,77.228,1650.961333
2021-08-31 20:00:00,3873.108,2058.7626670000004,81.351,1699.122333
2021-08-31 21:00:00,3822.864,2101.507333,79.94300000000001,1747.411
2021-08-31 22:00:00,3518.982,1930.0990000000002,69.031,1604.2983330000002
2021-08-31 23:00:00,3118.4049999999997,1770.607333,62.643999999999984,1413.6223329999998
2021-09-01 00:00:00,2700.124334,1513.892333,51.886,1210.691666
2021-09-01 01:00:00,2374.113666,1344.179,41.507000000000005,1068.403334
2021-09-01 02:00:00,2088.9423340000003,1207.451,33.88000000000001,973.4830000000001
2021-09-01 03:00:00,1977.8839990000001,1151.9696669999998,38.782,917.005334
2021-09-01 04:00:00,1930.681999,1135.450667,39.12,879.3190000000001
2021-09-01 05:00:00,1982.574334,1167.707667,36.489000000000004,873.031668
2021-09-01 06:00:00,2138.750666,1245.737,34.60999999999999,911.926334
2021-09-01 07:00:00,2457.4429999999998,1419.522333,49.339999999999996,1072.8220000000001
2021-09-01 08:00:00,2677.3678330000002,1538.720667,58.434999999999995,1193.4040000000002
2021-09-01 09:00:00,2772.687334,1532.366,54.88199999999999,1180.1689999999999
2021-09-01 10:00:00,2854.246666,1523.048333,53.312999999999995,1195.696332
2021-09-01 11:00:00,2841.446,1512.692333,69.68599999999999,1223.459333
2021-09-01 12:00:00,2878.570832,1527.82,69.58399999999999,1218.057334
2021-09-01 13:00:00,2983.2963339999997,1540.912,75.65899999999999,1303.031333
2021-09-01 14:00:00,2940.8101659999998,1600.545,67.21000000000001,1311.755
2021-09-01 15:00:00,3006.017,1653.288333,61.93000000000001,1313.15
2021-09-01 16:00:00,3242.7349999999997,1739.5636670000001,59.90599999999999,1370.5230000000001
2021-09-01 17:00:00,3634.9648340000003,1927.7579999999998,61.818000000000005,1497.289667
2021-09-01 18:00:00,4040.988666,2095.9373330000003,77.443,1675.950333
2021-09-01 19:00:00,4256.494167,2243.851667,79.404,1746.2286669999999
2021-09-01 20:00:00,4144.442667,2169.176667,72.33900000000001,1761.423667
2021-09-01 21:00:00,4089.190833,2219.8023340000004,91.246,1773.985334
2021-09-01 22:00:00,3704.9004990000003,2078.459667,87.19500000000001,1627.197667
2021-09-01 23:00:00,3203.104333,1788.311667,65.31,1443.0853339999999
2021-09-02 00:00:00,2775.8689999999997,1578.083667,54.41199999999999,1261.494332
2021-09-02 01:00:00,2374.949667,1386.070334,42.547,1081.652666
2021-09-02 02:00:00,2140.8379999999997,1238.380333,44.300999999999995,993.7816670000001
2021-09-02 03:00:00,2011.721833,1171.446,42.888000000000005,914.209667
2021-09-02 04:00:00,1955.993666,1115.762334,41.098000000000006,877.951666
2021-09-02 05:00:00,1967.427999,1165.536333,36.529999999999994,854.110001
2021-09-02 06:00:00,2101.337667,1223.990333,36.794,928.5923349999999
2021-09-02 07:00:00,2399.9635000000003,1360.9423339999998,42.45799999999999,1071.544667
2021-09-02 08:00:00,2729.439334,1534.0083330000002,51.876999999999995,1185.605666
2021-09-02 09:00:00,2779.434332,1562.2816670000002,52.125,1193.9253330000001
2021-09-02 10:00:00,2856.5519990000003,1519.6889999999999,55.947,1182.074667
2021-09-02 11:00:00,2899.505001,1547.218,53.556,1231.9446669999998
2021-09-02 12:00:00,3046.178,1593.612,57.76800000000001,1263.8813329999998
2021-09-02 13:00:00,3060.586499,1667.214999,66.739,1313.180333
2021-09-02 14:00:00,3225.443,1721.037334,76.33600000000001,1418.915
2021-09-02 15:00:00,3492.967332,1857.131334,82.09100000000001,1399.8509989999998
2021-09-02 16:00:00,3859.1605,2041.430001,86.81299999999999,1585.711334
2021-09-02 17:00:00,4413.277,2220.919667,91.31700000000001,1753.483
2021-09-02 18:00:00,4937.2119999999995,2397.974333,95.41499999999998,1957.5663330000002
2021-09-02 19:00:00,4981.871333,2422.819333,96.188,1999.652333
2021-09-02 20:00:00,4855.365333,2351.303333,97.641,1979.588334
2021-09-02 21:00:00,4717.165833,2315.324,98.696,1987.901667
2021-09-02 22:00:00,4277.450000000001,2251.378,97.627,1810.5696670000002
2021-09-02 23:00:00,3749.3066660000004,1968.783,77.64899999999999,1580.195001
2021-09-03 00:00:00,3176.893667,1735.4920000000002,61.151999999999994,1348.811333
2021-09-03 01:00:00,2729.714667,1464.7089999999998,56.211999999999996,1210.915334
2021-09-03 02:00:00,2398.3175,1297.5149999999999,49.79600000000001,1082.0903309999999
2021-09-03 03:00:00,2192.474166,1211.163333,42.181,976.668
2021-09-03 04:00:00,2058.433501,1156.692666,39.870000000000005,913.9676669999999
2021-09-03 05:00:00,2090.0423330000003,1185.286333,38.429,895.496667
2021-09-03 06:00:00,2137.379666,1258.830333,40.739,958.481333
2021-09-03 07:00:00,2424.847165,1366.1290000000001,47.79600000000001,1099.102333
2021-09-03 08:00:00,2686.169167,1501.771667,49.650999999999996,1176.3400000000001
2021-09-03 09:00:00,2815.166999,1530.793667,55.49600000000001,1159.371333
2021-09-03 10:00:00,2962.092334,1537.947,58.436,1209.019333
2021-09-03 11:00:00,2964.725,1538.188,51.90599999999999,1197.748999
2021-09-03 12:00:00,3026.550667,1577.825,61.044000000000004,1273.514999
2021-09-03 13:00:00,3255.9260000000004,1678.837,60.662000000000006,1356.965002
2021-09-03 14:00:00,3341.364333,1771.868,58.48199999999999,1422.354666
2021-09-03 15:00:00,3295.819333,1805.156,57.943,1425.198001
2021-09-03 16:00:00,3584.227667,1886.158,66.04600000000002,1538.9816670000002
2021-09-03 17:00:00,3965.994001,2023.4750000000001,67.401,1632.0676660000001
2021-09-03 18:00:00,4469.991667,2186.16,79.13100000000001,1751.782667
2021-09-03 19:00:00,4599.104333000001,2280.3779999999997,90.16699999999999,1830.205334
2021-09-03 20:00:00,4483.160666,2206.5860000000002,80.15500000000002,1841.394001
2021-09-03 21:00:00,4173.494668,2135.352,89.029,1752.5213330000001
2021-09-03 22:00:00,3867.561333,1985.945,82.153,1612.471
2021-09-03 23:00:00,3425.989,1807.349,74.35799999999999,1455.061334
2021-09-04 00:00:00,3007.970833,1610.5,60.949,1303.6116670000001
2021-09-04 01:00:00,2611.9118340000005,1438.407,56.56,1143.578333
2021-09-04 02:00:00,2371.077999,1271.927666,46.489999999999995,1025.206333
2021-09-04 03:00:00,2195.423666,1179.251001,41.142,975.5146649999999
2021-09-04 04:00:00,2079.241001,1123.561334,42.644000000000005,901.2670009999999
2021-09-04 05:00:00,2012.5113330000001,1135.416,38.002,857.4
2021-09-04 06:00:00,2016.5940010000002,1135.891333,36.39000000000001,892.073667
2021-09-04 07:00:00,2120.1721660000003,1212.846333,39.297,946.7908329999999
2021-09-04 08:00:00,2494.627666,1391.0993330000001,37.98199999999999,1025.8596670000002
2021-09-04 09:00:00,2786.3984990000004,1564.433,49.077000000000005,1148.701666
2021-09-04 10:00:00,3066.9555,1700.4096670000001,56.107,1301.657667
2021-09-04 11:00:00,3357.5631670000002,1783.043667,63.96000000000001,1365.261001
2021-09-04 12:00:00,3443.078165,1881.7423330000001,69.36299999999999,1499.685
2021-09-04 13:00:00,3671.239167,1974.793667,69.12699999999998,1523.382999
2021-09-04 14:00:00,3952.502167,2103.5729999999994,78.938,1616.045001
2021-09-04 15:00:00,4289.082499,2245.509,82.179,1735.3015010000001
2021-09-04 16:00:00,4747.436834,2342.4410000000003,88.965,1889.227999
2021-09-04 17:00:00,5236.041167,2454.253,101.02199999999999,2017.836334
2021-09-04 18:00:00,5593.500834,2562.814,109.103,2057.118
2021-09-04 19:00:00,5748.509833,2624.192,102.66799999999999,2161.9946680000003
2021-09-04 20:00:00,5431.052667,2505.674,103.38300000000001,2058.914666
2021-09-04 21:00:00,5052.442,2508.575,97.57,2039.942667
2021-09-04 22:00:00,4597.508501,2330.429,92.569,1917.851
2021-09-04 23:00:00,4056.941833,2144.14,88.33000000000001,1707.2839999999999
2021-09-05 00:00:00,3552.387833,1904.423,73.96499999999999,1482.435666
2021-09-05 01:00:00,3034.030833,1687.810333,62.616,1319.8339999999998
2021-09-05 02:00:00,2658.2193340000003,1501.2926670000002,59.964000000000006,1190.617667
2021-09-05 03:00:00,2444.678833,1358.0210000000002,50.801,1090.342
2021-09-05 04:00:00,2292.250834,1278.007,44.39,994.453667
2021-09-05 05:00:00,2188.7735000000002,1246.615,42.192,935.265333
2021-09-05 06:00:00,2167.245334,1238.844,43.24000000000001,946.087333
2021-09-05 07:00:00,2273.829499,1276.1100000000001,40.977999999999994,997.356667
2021-09-05 08:00:00,2571.078165,1409.371,43.259,1107.604334
2021-09-05 09:00:00,3032.5561660000003,1656.722,58.802,1258.22
2021-09-05 10:00:00,3361.019166,1860.2939999999999,81.28100000000002,1401.921666
2021-09-05 11:00:00,3639.7695000000003,2028.245,72.48599999999999,1560.971
2021-09-05 12:00:00,3958.9345000000003,2191.0636670000004,71.97800000000001,1724.9099999999999
2021-09-05 13:00:00,4396.597833000001,2374.0123329999997,88.032,1875.239333
2021-09-05 14:00:00,4895.026333,2617.5393329999997,97.686,2047.239334
2021-09-05 15:00:00,5313.548000000001,2712.085,88.91599999999998,2149.854333
2021-09-05 16:00:00,5702.7423340000005,2830.8176670000003,101.488,2314.3059999999996
2021-09-05 17:00:00,6107.1103330000005,2983.451999,109.212,2419.028667
2021-09-05 18:00:00,6239.787,2949.0983340000002,117.837,2399.1036679999997
2021-09-05 19:00:00,5764.418333,2860.615001,115.805,2305.429
2021-09-05 20:00:00,5412.885833,2788.128,117.41300000000001,2244.102
2021-09-05 21:00:00,5128.151,2694.5159999999996,113.65899999999999,2173.567333
2021-09-05 22:00:00,4536.723332,2488.3450000000003,95.70700000000001,1913.423667
2021-09-05 23:00:00,3978.186166,2206.613,91.334,1715.448333
2021-09-06 00:00:00,3353.02,1920.3216670000002,73.407,1450.914334
2021-09-06 01:00:00,2929.9843339999998,1650.939333,66.3,1296.501001
2021-09-06 02:00:00,2568.082999,1442.3326670000001,63.443000000000005,1169.315332
2021-09-06 03:00:00,2337.506001,1349.789667,51.209,1068.160666
2021-09-06 04:00:00,2214.7833330000003,1274.558,43.848000000000006,1011.004667
2021-09-06 05:00:00,2150.315334,1250.452667,39.493,980.362334
2021-09-06 06:00:00,2132.005333,1254.605,42.274,980.922667
2021-09-06 07:00:00,2224.1003339999997,1292.116667,42.88600000000001,997.656334
2021-09-06 08:00:00,2513.318998,1387.256667,46.842000000000006,1092.821
2021-09-06 09:00:00,2843.7116669999996,1601.5303329999997,57.52,1277.048334
2021-09-06 10:00:00,3206.472334,1793.7563330000003,74.08899999999998,1406.638
2021-09-06 11:00:00,3595.805334,2002.7469999999998,77.91,1574.817333
2021-09-06 12:00:00,4000.051333,2167.049667,82.71399999999998,1702.267
2021-09-06 13:00:00,4189.480334,2250.159667,91.13799999999999,1793.29
2021-09-06 14:00:00,4390.7336669999995,2361.0960000000005,99.43100000000001,1928.407666
2021-09-06 15:00:00,4801.593667,2482.497,102.23700000000001,1962.336334
2021-09-06 16:00:00,5240.114666,2694.228333,110.259,2149.2400000000002
2021-09-06 17:00:00,5803.296332,2762.952667,115.87400000000001,2278.132
2021-09-06 18:00:00,5976.958334,2917.393334,136.869,2327.469
2021-09-06 19:00:00,5863.436666,2934.4936669999997,143.81400000000002,2345.682334
2021-09-06 20:00:00,5559.441999000001,2819.1763330000003,124.52499999999999,2320.934333
2021-09-06 21:00:00,5271.671334000001,2754.179667,113.895,2262.1429989999997
2021-09-06 22:00:00,4689.813,2578.0383329999995,107.51900000000002,2027.8183330000002
2021-09-06 23:00:00,4003.5013339999996,2232.441333,97.401,1745.9460000000001
2021-09-07 00:00:00,3321.024665,1921.718,73.602,1472.349334
2021-09-07 01:00:00,2846.049666,1640.338666,62.7,1286.215334
2021-09-07 02:00:00,2563.538,1451.5756660000002,51.941,1144.6116670000001
2021-09-07 03:00:00,2342.1133330000002,1332.712333,44.09700000000001,1057.8539999999998
2021-09-07 04:00:00,2175.833667,1251.444,44.052,998.167333
2021-09-07 05:00:00,2163.4575,1259.6198330000002,37.63700000000001,975.374333
2021-09-07 06:00:00,2302.651166,1295.680167,41.915,1018.6080000000002
2021-09-07 07:00:00,2568.5171680000003,1422.2075,41.347,1159.126
2021-09-07 08:00:00,2773.872166,1581.9189999999999,48.951,1245.509
2021-09-07 09:00:00,2850.557166,1616.840333,49.621,1205.947
2021-09-07 10:00:00,2905.5661670000004,1596.701,50.504,1223.880333
2021-09-07 11:00:00,2969.2493329999998,1655.1713330000002,57.97500000000001,1289.508666
2021-09-07 12:00:00,3184.986667,1763.879667,66.70299999999997,1360.532333
2021-09-07 13:00:00,3566.475667,1955.357333,75.058,1521.724332
2021-09-07 14:00:00,3763.901999,2065.841667,82.22199999999998,1610.815001
2021-09-07 15:00:00,4068.740833,2162.174,79.764,1733.5606670000002
2021-09-07 16:00:00,4597.696833,2295.214,93.41700000000002,1871.384333
2021-09-07 17:00:00,5162.189333,2518.72,97.10600000000001,2098.5023340000002
2021-09-07 18:00:00,5709.5701659999995,2776.66,116.595,2307.195667
2021-09-07 19:00:00,5832.053667,2866.352,119.548,2305.988332
2021-09-07 20:00:00,5651.470666,2832.693,112.53999999999999,2295.845333
2021-09-07 21:00:00,5436.3685,2838.674,119.78000000000002,2291.221
2021-09-07 22:00:00,4944.715,2604.441,98.15500000000002,2097.179333
2021-09-07 23:00:00,4324.028833,2378.727,96.881,1834.139333
2021-09-08 00:00:00,3739.203,2047.365667,77.739,1610.1356649999998
2021-09-08 01:00:00,3220.358666,1799.1200000000001,68.30600000000001,1399.7200010000001
2021-09-08 02:00:00,2880.148,1623.665,55.928,1272.0430000000001
2021-09-08 03:00:00,2665.8323330000003,1488.3220000000001,53.59000000000001,1199.539
2021-09-08 04:00:00,2488.6816660000004,1437.283,51.579,1096.02
2021-09-08 05:00:00,2400.04,1429.9299999999998,55.358000000000004,1054.203665
2021-09-08 06:00:00,2450.3461660000003,1415.2530000000002,51.019,1095.9010009999997
2021-09-08 07:00:00,2736.594666,1523.188333,47.349999999999994,1214.718666
2021-09-08 08:00:00,3001.5686669999996,1610.556667,55.647,1277.963999
2021-09-08 09:00:00,2998.486667,1660.115,55.567,1253.953
2021-09-08 10:00:00,3172.905833,1742.090667,61.232000000000006,1318.886834
2021-09-08 11:00:00,3360.1998329999997,1841.6406670000001,71.854,1458.338667
2021-09-08 12:00:00,3790.918666,1953.9273329999999,75.08500000000001,1577.773334
2021-09-08 13:00:00,4183.788667,2154.799,83.56700000000001,1723.288
2021-09-08 14:00:00,4521.371666,2305.166333,92.39600000000002,1861.135
2021-09-08 15:00:00,5002.565167000001,2480.388,87.37599999999999,1958.605333
2021-09-08 16:00:00,5490.653167,2708.232,103.07099999999998,2133.648334
2021-09-08 17:00:00,6056.834000000001,2934.499,119.599,2368.350668
2021-09-08 18:00:00,6511.7176660000005,3109.440333,132.39000000000001,2522.388335
2021-09-08 19:00:00,6687.344166,3114.644333,134.248,2544.2470000000003
2021-09-08 20:00:00,6279.031499,3065.0603330000004,146.20100000000002,2539.457999
2021-09-08 21:00:00,5841.613166,2979.943667,128.571,2441.7189980000003
2021-09-08 22:00:00,5288.450333000001,2717.45,120.199,2187.1606659999998
2021-09-08 23:00:00,4629.530834,2471.182,102.026,1905.6033320000001
2021-09-09 00:00:00,3915.6071669999997,2094.627,83.12100000000001,1612.760998
2021-09-09 01:00:00,3285.063667,1803.5720000000001,66.171,1402.6086679999999
2021-09-09 02:00:00,2927.900167,1626.116,59.137,1275.779335
2021-09-09 03:00:00,2655.736,1503.3010000000002,55.17799999999998,1157.612001
2021-09-09 04:00:00,2485.335666,1435.4170000000001,49.928999999999995,1091.857998
2021-09-09 05:00:00,2409.415,1416.683667,46.559999999999995,1045.5806670000002
2021-09-09 06:00:00,2500.842833,1425.116333,45.333000000000006,1130.731667
2021-09-09 07:00:00,2775.347166,1559.9413330000002,47.773999999999994,1199.105334
2021-09-09 08:00:00,3000.702166,1626.384,55.433,1257.826667
2021-09-09 09:00:00,3037.585167,1686.922667,51.716,1254.992
2021-09-09 10:00:00,3206.956999,1748.3609999999999,66.334,1299.045666
2021-09-09 11:00:00,3373.791,1877.594,72.869,1389.874
2021-09-09 12:00:00,3611.685334,1979.1680000000001,81.257,1502.4470000000001
2021-09-09 13:00:00,3961.5155,2124.498333,89.80099999999999,1657.002666
2021-09-09 14:00:00,4317.963,2255.115,91.947,1733.3960000000002
2021-09-09 15:00:00,4637.410833,2348.4246669999998,95.833,1904.5393330000002
2021-09-09 16:00:00,5214.762833,2548.7470000000003,106.882,2048.489334
2021-09-09 17:00:00,5748.371333,2808.9719999999998,120.095,2248.647
2021-09-09 18:00:00,6042.702834,2895.76,131.326,2420.394
2021-09-09 19:00:00,5980.938833,2960.614,136.773,2425.642
2021-09-09 20:00:00,5733.701666,2902.426,119.62799999999999,2360.580334
2021-09-09 21:00:00,5529.6416659999995,2776.63,116.77999999999999,2314.568667
2021-09-09 22:00:00,4855.470832999999,2579.2879999999996,105.922,2084.09
2021-09-09 23:00:00,4150.657832999999,2247.7340000000004,100.30099999999999,1789.416999
2021-09-10 00:00:00,3475.321001,1977.545,83.034,1530.5973329999997
2021-09-10 01:00:00,2977.173332,1719.476,64.24799999999999,1307.194333
2021-09-10 02:00:00,2637.4371680000004,1537.7630000000001,52.17900000000001,1180.097333
2021-09-10 03:00:00,2437.981165,1412.3560000000002,50.273,1071.692
2021-09-10 04:00:00,2293.2831669999996,1373.653,53.43,1035.315334
2021-09-10 05:00:00,2246.898,1354.199,49.32,1006.224334
2021-09-10 06:00:00,2384.344,1386.0610000000001,49.237,1074.9940000000001
2021-09-10 07:00:00,2640.5083329999998,1509.355,46.529,1194.102333
2021-09-10 08:00:00,2911.296667,1616.474,55.974999999999994,1250.3039999999999
2021-09-10 09:00:00,2943.8370000000004,1601.493,54.451,1207.7833330000003
2021-09-10 10:00:00,2939.359834,1586.4940000000001,75.16499999999998,1209.688667
2021-09-10 11:00:00,2976.112,1615.4070000000002,60.57500000000001,1238.867667
2021-09-10 12:00:00,3072.2796670000002,1639.452,64.418,1283.4959990000002
2021-09-10 13:00:00,3082.323333,1676.487,61.85,1337.341334
2021-09-10 14:00:00,3059.505834,1630.376,53.964999999999996,1307.628666
2021-09-10 15:00:00,3005.959832,1658.2959999999998,57.17099999999999,1328.1243339999999
2021-09-10 16:00:00,3139.7016670000003,1685.615,57.314,1322.6779999999999
2021-09-10 17:00:00,3313.5095,1756.741,69.04699999999998,1455.995
2021-09-10 18:00:00,3628.544333,1911.734,77.21799999999999,1494.897667
2021-09-10 19:00:00,3700.4175,2011.652,84.99300000000001,1587.477667
2021-09-10 20:00:00,3734.813165,1995.3379999999997,75.841,1643.908
2021-09-10 21:00:00,3860.8428329999997,2026.5440000000003,81.257,1625.670666
2021-09-10 22:00:00,3573.2915000000003,1880.748,78.253,1502.9989999999998
2021-09-10 23:00:00,3218.1485000000002,1798.777,62.357,1395.8046669999999
2021-09-11 00:00:00,2855.58,1618.3906670000001,59.546,1211.561667
2021-09-11 01:00:00,2483.042667,1415.867,48.287,1092.791667
2021-09-11 02:00:00,2262.240166,1324.3505,45.469,976.0024999999999
2021-09-11 03:00:00,2097.1229999999996,1225.5705,44.545,931.1186670000001
2021-09-11 04:00:00,1999.955334,1156.701,36.353,881.779
2021-09-11 05:00:00,1997.8755,1171.2016670000003,34.43,873.884501
2021-09-11 06:00:00,1989.9025000000001,1160.426667,36.92,883.432667
2021-09-11 07:00:00,2171.8278330000003,1227.0458330000001,40.684999999999995,968.9409999999999
2021-09-11 08:00:00,2485.2566659999998,1400.4755,43.721,1033.147334
2021-09-11 09:00:00,2841.036833,1536.7510000000002,64.909,1243.0643329999998
2021-09-11 10:00:00,3096.408668,1669.205333,79.727,1336.811
2021-09-11 11:00:00,3331.962334,1870.547,63.772000000000006,1381.0103330000002
2021-09-11 12:00:00,3501.360498,1834.94,72.89500000000001,1494.3626669999999
2021-09-11 13:00:00,3589.526333,1894.772,74.69600000000001,1546.5846669999999
2021-09-11 14:00:00,3664.921667,1958.6729999999998,85.748,1559.1186670000002
2021-09-11 15:00:00,3866.5475,2085.4530000000004,92.879,1658.904
2021-09-11 16:00:00,4082.889833,2131.898,98.193,1730.4263329999999
2021-09-11 17:00:00,4472.264333,2295.0750000000003,104.354,1795.439667
2021-09-11 18:00:00,4720.232166,2372.232,114.07199999999999,1874.4093340000002
2021-09-11 19:00:00,4705.1935,2404.613,118.91199999999999,1924.996334
2021-09-11 20:00:00,4569.549334,2290.713,102.63799999999999,1854.207333
2021-09-11 21:00:00,4391.379,2334.644,89.98599999999999,1802.132
2021-09-11 22:00:00,4056.7388339999998,2166.6879999999996,100.52199999999998,1671.8686670000002
2021-09-11 23:00:00,3615.4570009999998,1986.305,83.366,1524.4483329999998
2021-09-12 00:00:00,3175.353167,1755.0439999999999,62.38699999999999,1384.685
2021-09-12 01:00:00,2759.635,1540.35,52.2,1198.307667
2021-09-12 02:00:00,2472.6695,1407.164,53.64999999999999,1090.398666
2021-09-12 03:00:00,2263.4651670000003,1303.422,47.435,1000.9566659999999
2021-09-12 04:00:00,2176.770666,1251.4429999999998,49.983,950.812333
2021-09-12 05:00:00,2106.240333,1218.8600000000001,40.489,931.014667
2021-09-12 06:00:00,2059.2448329999997,1216.924,42.959999999999994,928.157333
2021-09-12 07:00:00,2153.3869999999997,1267.79,41.253,980.279667
2021-09-12 08:00:00,2445.0636670000004,1414.6676670000002,48.323,1068.456333
2021-09-12 09:00:00,2903.396833,1588.7600000000002,64.785,1217.081667
2021-09-12 10:00:00,3192.226665,1728.4289999999999,69.14599999999999,1380.786333
2021-09-12 11:00:00,3413.1719999999996,1891.556,68.165,1419.193667
2021-09-12 12:00:00,3555.786167,1944.4759999999999,78.741,1434.704666
2021-09-12 13:00:00,3668.073,1978.7169999999999,71.57300000000001,1543.525334
2021-09-12 14:00:00,3738.828167,1989.964,78.352,1515.2930000000001
2021-09-12 15:00:00,3769.0215,2016.4859999999999,81.54700000000001,1561.132999
2021-09-12 16:00:00,3821.087501,2049.629,78.64200000000001,1578.096333
2021-09-12 17:00:00,4086.213333,2188.9809999999998,72.183,1746.266333
2021-09-12 18:00:00,4483.753833,2336.0860000000002,85.44999999999999,1801.2380010000002
2021-09-12 19:00:00,4576.826833,2407.0349989999995,79.399,1837.8573330000002
2021-09-12 20:00:00,4426.549833,2347.7709999999997,76.286,1840.3993329999998
2021-09-12 21:00:00,4277.296,2319.944,96.556,1853.811666
2021-09-12 22:00:00,3928.417333,2088.09,82.62100000000001,1704.8120000000001
2021-09-12 23:00:00,3294.144,1839.181,64.096,1506.44
2021-09-13 00:00:00,2788.9086670000006,1520.114,56.804,1230.675667
2021-09-13 01:00:00,2400.9925000000003,1383.511667,46.980000000000004,1057.679
2021-09-13 02:00:00,2156.209333,1243.907667,42.35600000000001,976.542334
2021-09-13 03:00:00,2000.314335,1159.355,42.089999999999996,913.0120000000001
2021-09-13 04:00:00,1952.6835,1164.996,40.254,886.7683340000001
2021-09-13 05:00:00,1977.3084989999998,1185.415,34.59,891.943333
2021-09-13 06:00:00,2155.886666,1244.133,38.839,970.849333
2021-09-13 07:00:00,2475.2835,1424.487,35.935,1113.267333
2021-09-13 08:00:00,2726.4578329999995,1514.9279999999999,45.345,1179.975667
2021-09-13 09:00:00,2752.481667,1514.743333,54.88999999999999,1200.31
2021-09-13 10:00:00,2862.022666,1538.9163330000001,67.46199999999999,1152.849667
2021-09-13 11:00:00,2917.1851669999996,1576.854,57.073,1184.541668
2021-09-13 12:00:00,2989.618167,1592.605,60.673,1234.329
2021-09-13 13:00:00,3017.081,1588.563,49.827,1255.724666
2021-09-13 14:00:00,3034.1215,1594.4140000000002,64.36299999999999,1282.2833329999999
2021-09-13 15:00:00,3055.080667,1635.9520000000002,57.888000000000005,1285.6436669999998
2021-09-13 16:00:00,3193.137833,1708.6979999999999,63.59300000000001,1328.699
2021-09-13 17:00:00,3495.654334,1906.669,67.10499999999999,1491.6856659999999
2021-09-13 18:00:00,4083.331666,2099.723,79.589,1642.872667
2021-09-13 19:00:00,4224.436667,2179.902,95.937,1745.440334
2021-09-13 20:00:00,4306.745333000001,2135.334,90.89600000000002,1784.936
2021-09-13 21:00:00,4215.5731670000005,2182.562,99.92999999999999,1742.933665
2021-09-13 22:00:00,3779.038001,2014.823333,83.64999999999999,1561.852
2021-09-13 23:00:00,3262.2023339999996,1779.428667,71.673,1377.249999
2021-09-14 00:00:00,2752.029833,1530.0946669999998,57.956999999999994,1165.699999
2021-09-14 01:00:00,2368.036667,1351.3538330000001,47.515,981.200002
2021-09-14 02:00:00,2138.291167,1208.2133330000001,44.254,886.6953330000001
2021-09-14 03:00:00,2011.4699999999998,1135.5745,36.205000000000005,837.254334
2021-09-14 04:00:00,1928.1998330000001,1127.226667,36.97,806.799332
2021-09-14 05:00:00,1968.535499,1163.7286669999999,35.283,849.546002
2021-09-14 06:00:00,2132.0161669999998,1246.440333,35.305,896.885999
2021-09-14 07:00:00,2508.497167,1382.326,39.61799999999999,1070.378
2021-09-14 08:00:00,2785.651833,1548.007,40.227000000000004,1183.801
2021-09-14 09:00:00,2748.986334,1510.6395000000002,44.05899999999999,1133.7516660000001
2021-09-14 10:00:00,2732.053334,1525.0736670000001,49.547000000000004,1132.572332
2021-09-14 11:00:00,2830.851499,1541.001,49.677,1162.8169990000001
2021-09-14 12:00:00,2857.5121679999997,1586.98,51.854,1176.846666
2021-09-14 13:00:00,2992.5125000000003,1615.136,46.861999999999995,1225.005999
2021-09-14 14:00:00,3026.437333,1720.817,55.26099999999999,1317.464667
2021-09-14 15:00:00,3261.2486670000003,1809.75,53.230000000000004,1402.432
2021-09-14 16:00:00,3650.497833,1972.601,64.052,1467.572667
2021-09-14 17:00:00,4138.803167,2188.297,87.248,1717.1596680000002
2021-09-14 18:00:00,4656.136,2342.4353330000004,98.438,1864.871
2021-09-14 19:00:00,4864.154667,2469.159333,109.887,1981.0790000000002
2021-09-14 20:00:00,4795.119833,2486.474333,103.83400000000002,1958.9006680000002
2021-09-14 21:00:00,4638.531167,2473.998667,100.07,1878.6513340000001
2021-09-14 22:00:00,4152.309166999999,2238.022,86.804,1745.1419990000002
2021-09-14 23:00:00,3649.9303330000002,1952.105333,78.55600000000001,1493.705
2021-09-15 00:00:00,3072.1440000000002,1688.073333,58.22,1274.847999
2021-09-15 01:00:00,2675.205833,1511.2579999999998,52.001,1115.470334
2021-09-15 02:00:00,2338.3871660000004,1382.683,49.32600000000001,1016.5423350000001
2021-09-15 03:00:00,2240.241666,1298.715,45.52300000000001,968.897
2021-09-15 04:00:00,2149.340999,1253.1280000000002,44.83700000000001,915.912999
2021-09-15 05:00:00,2136.136,1280.7870000000003,40.51000000000001,917.325333
2021-09-15 06:00:00,2274.5085,1342.5829999999999,42.098000000000006,978.9490010000001
2021-09-15 07:00:00,2551.6674999999996,1461.326,38.995000000000005,1121.304666
2021-09-15 08:00:00,2790.982,1578.875,49.970000000000006,1198.742333
2021-09-15 09:00:00,2814.2309999999998,1564.497,54.209999999999994,1176.034667
2021-09-15 10:00:00,2844.802,1574.567667,53.12200000000001,1177.483666
2021-09-15 11:00:00,2937.4885000000004,1629.9006669999999,53.269000000000005,1209.4260020000002
2021-09-15 12:00:00,3006.047666,1636.871333,57.061,1171.080334
2021-09-15 13:00:00,3157.2063340000004,1662.638,60.929,1270.3229999999999
2021-09-15 14:00:00,3069.424,1681.706333,55.92500000000001,1312.9640000000002
2021-09-15 15:00:00,3155.726501,1766.8890000000001,62.432,1352.047001
2021-09-15 16:00:00,3367.0016669999995,1839.703,57.655,1362.3466669999998
2021-09-15 17:00:00,3598.8365000000003,1950.4879999999998,63.627,1487.390334
2021-09-15 18:00:00,4048.6745,1971.563,77.241,1612.56
2021-09-15 19:00:00,4137.0509999999995,2102.276,73.921,1660.023001
2021-09-15 20:00:00,4039.575,2066.3329999999996,73.968,1647.1513340000001
2021-09-15 21:00:00,3957.5845,2113.156333,70.516,1671.435334
2021-09-15 22:00:00,3510.0119999999997,1942.2823329999999,70.46799999999999,1520.407334
2021-09-15 23:00:00,3066.9925000000003,1730.077,54.807,1300.739667
2021-09-16 00:00:00,2581.74,1462.002667,58.165000000000006,1126.0286660000002
2021-09-16 01:00:00,2262.543167,1303.6689999999999,43.357000000000006,995.3230010000001
2021-09-16 02:00:00,2058.0335,1208.4450000000002,39.954,929.592667
2021-09-16 03:00:00,1982.764834,1156.563,33.219,854.842
2021-09-16 04:00:00,1936.745667,1142.009,30.766999999999996,824.6949999999999
2021-09-16 05:00:00,1998.459833,1182.6203329999998,31.415,845.126666
2021-09-16 06:00:00,2214.9656669999995,1252.147,34.495,954.9236669999999
2021-09-16 07:00:00,2584.6955000000003,1443.8125,50.451,1079.083
2021-09-16 08:00:00,2840.5860000000002,1602.4576659999998,61.506,1209.6206670000001
2021-09-16 09:00:00,2853.925,1589.546667,46.700333,1182.750333
2021-09-16 10:00:00,2949.2535,1514.674333,51.913999999999994,1164.052333
2021-09-16 11:00:00,2974.737,1554.099667,55.80799999999999,1187.310334
2021-09-16 12:00:00,2917.575667,1582.052,56.373999999999995,1176.102333
2021-09-16 13:00:00,2842.9385,1545.266666,56.187,1205.021333
2021-09-16 14:00:00,2805.1135000000004,1559.5993330000001,64.37500000000001,1234.690333
2021-09-16 15:00:00,2811.033834,1587.961667,60.254999999999995,1192.3583330000001
2021-09-16 16:00:00,2926.345166,1653.814,59.38000000000002,1218.9973329999998
2021-09-16 17:00:00,3247.279,1749.5676670000003,65.511,1370.374
2021-09-16 18:00:00,3592.460334,1933.438,79.432,1512.827667
2021-09-16 19:00:00,3718.525,2011.1386670000002,75.125,1559.6096659999998
2021-09-16 20:00:00,3881.3565,2082.0856670000003,87.96499999999999,1616.1206659999998
2021-09-16 21:00:00,3775.5775000000003,1980.517667,95.142,1605.7633329999999
2021-09-16 22:00:00,3441.663,1921.697667,79.42399999999999,1474.581332
2021-09-16 23:00:00,3023.8595,1733.705,58.411,1353.587333
2021-09-17 00:00:00,2571.602,1455.5616670000002,60.70000000000001,1126.107333
2021-09-17 01:00:00,2274.6765,1334.802667,49.752,1004.6450000000001
2021-09-17 02:00:00,2065.166,1206.483333,40.313999,890.9333330000001
2021-09-17 03:00:00,1965.564,1107.952667,38.827667,841.548333
2021-09-17 04:00:00,1896.5964999999999,1103.665,34.670333,809.153334
2021-09-17 05:00:00,1965.2075,1139.3329999999999,33.646,841.535001
2021-09-17 06:00:00,2116.4775,1211.1,35.592000000000006,907.7153330000001
2021-09-17 07:00:00,2480.6165,1341.368,37.293000000000006,1048.894333
2021-09-17 08:00:00,2742.142,1496.774666,48.425000000000004,1164.055
2021-09-17 09:00:00,2774.0460000000003,1552.236333,46.653,1170.464
2021-09-17 10:00:00,2876.3516670000004,1536.904,70.851,1140.029333
2021-09-17 11:00:00,2840.0275,1492.016667,67.79400000000001,1194.085668
2021-09-17 12:00:00,2936.327667,1516.728,61.473,1178.6626649999998
2021-09-17 13:00:00,3002.5241670000005,1576.2510000000002,47.873000000000005,1207.033334
2021-09-17 14:00:00,2874.092167,1557.667,46.50300000000001,1203.750666
2021-09-17 15:00:00,2931.6094999999996,1552.143,49.612,1197.1763329999999
2021-09-17 16:00:00,3048.9255,1667.9789999999998,53.373000000000005,1272.947667
2021-09-17 17:00:00,3259.5705000000003,1768.73,57.705000000000005,1366.579666
2021-09-17 18:00:00,3522.538667,1918.19,57.724999999999994,1496.339
2021-09-17 19:00:00,3720.660333,2010.1879999999999,74.239,1545.498667
2021-09-17 20:00:00,3815.1191660000004,2051.81,74.22399999999999,1544.844
2021-09-17 21:00:00,3699.135,2038.691666,74.035,1568.690333
2021-09-17 22:00:00,3528.383666,1898.2376669999999,69.385,1479.6370000000002
2021-09-17 23:00:00,3191.8988339999996,1810.622,63.827000000000005,1414.524334
2021-09-18 00:00:00,2847.7478330000004,1580.703336,61.81099999999999,1286.402501
2021-09-18 01:00:00,2515.975833,1402.610334,45.27,1123.558165
2021-09-18 02:00:00,2205.9970000000003,1244.663,42.68966600000001,1013.344166
2021-09-18 03:00:00,2004.7096669999999,1164.753001,41.292333,918.354
2021-09-18 04:00:00,1903.1891660000001,1118.532002,35.13466700000001,879.366
2021-09-18 05:00:00,1866.895499,1096.458333,38.672000000000004,854.77567
2021-09-18 06:00:00,1928.649333,1114.2153349999999,38.058,877.281666
2021-09-18 07:00:00,2078.501332,1180.338666,37.161,931.615668
2021-09-18 08:00:00,2426.408501,1322.2796670000002,38.528,1036.355336
2021-09-18 09:00:00,2854.7325020000003,1537.732,46.163,1161.4936659999998
2021-09-18 10:00:00,3186.849834,1689.622,57.989999999999995,1324.799833
2021-09-18 11:00:00,3437.2966669999996,1861.42,64.333,1470.531
2021-09-18 12:00:00,3432.2753330000005,1815.517333,76.30699999999999,1431.5463340000001
2021-09-18 13:00:00,3364.167333,1833.318,54.004,1431.539999
2021-09-18 14:00:00,3358.134,1853.7469999999998,65.21399999999998,1494.514334
2021-09-18 15:00:00,3340.006833,1832.6950000000002,65.528,1446.058333
2021-09-18 16:00:00,3447.097833,1769.4370000000001,67.90599999999999,1465.5636650000001
2021-09-18 17:00:00,3435.566167,1883.4270000000001,64.47899999999998,1467.3136670000001
2021-09-18 18:00:00,3564.880499,2012.4299999999998,69.96500000000002,1549.317001
2021-09-18 19:00:00,3668.7145,2024.176333,76.961,1571.804668
2021-09-18 20:00:00,3677.079667,1972.985,73.58900000000001,1552.814999
2021-09-18 21:00:00,3534.1361660000002,1907.043333,74.22400000000002,1523.269001
2021-09-18 22:00:00,3289.7746669999997,1885.676,69.04500000000002,1452.876333
2021-09-18 23:00:00,3045.112667,1707.107667,63.876,1290.1213320000002
2021-09-19 00:00:00,2682.735,1535.5556669999999,55.32199999999999,1179.379334
2021-09-19 01:00:00,2369.5086650000003,1347.493,44.352333,1058.651333
2021-09-19 02:00:00,2137.1369999999997,1254.616667,42.63333299999999,953.0523349999999
2021-09-19 03:00:00,2046.989833,1174.2930000000001,36.400334,891.2126659999999
2021-09-19 04:00:00,1960.9835,1138.2513330000002,33.099666000000006,855.2106679999999
2021-09-19 05:00:00,1915.5529999999999,1107.7130000000002,36.629999999999995,839.2999980000001
2021-09-19 06:00:00,1943.237167,1120.115,39.566,855.520998
2021-09-19 07:00:00,2072.5605,1208.0283329999997,36.67399999999999,898.652667
2021-09-19 08:00:00,2400.426,1364.284667,44.578,1048.231334
2021-09-19 09:00:00,2843.3646660000004,1596.3093330000002,42.274,1260.292
2021-09-19 10:00:00,3304.277833,1772.854667,52.678000000000004,1401.433
2021-09-19 11:00:00,3453.973167,1843.701,75.599,1441.528666
2021-09-19 12:00:00,3511.959333,1910.942,82.192,1522.5649979999998
2021-09-19 13:00:00,3624.0888320000004,1896.7450000000001,72.134,1527.8430010000002
2021-09-19 14:00:00,3583.6805010000003,1934.278,60.85999999999999,1544.6586670000002
2021-09-19 15:00:00,3551.8425,1958.8410000000001,70.38100000000001,1566.121666
2021-09-19 16:00:00,3529.3245,1942.198,83.371,1533.6256680000001
2021-09-19 17:00:00,3749.071167,2049.801,91.58500000000001,1600.803667
2021-09-19 18:00:00,3887.16,2116.115,69.006,1680.473168
2021-09-19 19:00:00,3978.126167,2172.204666,78.117,1699.3139999999999
2021-09-19 20:00:00,4032.269333,2162.460334,74.72500000000002,1787.383668
2021-09-19 21:00:00,3929.349335,2150.836666,86.74900000000001,1716.166335
2021-09-19 22:00:00,3584.0805,2019.404332,86.16699999999999,1530.587333
2021-09-19 23:00:00,3147.763,1785.093333,66.89200000000001,1396.4656690000002
2021-09-20 00:00:00,2600.4655009999997,1525.9520000000002,52.581,1118.5096700000001
2021-09-20 01:00:00,2255.737834,1365.9213329999998,43.063333,1037.504
2021-09-20 02:00:00,2058.325667,1241.654666,38.06033400000001,921.187667
2021-09-20 03:00:00,1942.416334,1175.7383340000001,35.659333000000004,855.265668
2021-09-20 04:00:00,1923.302667,1169.121334,36.246,836.8316689999999
2021-09-20 05:00:00,1962.720667,1193.840334,34.64,860.724999
2021-09-20 06:00:00,2188.131833,1267.2649999999999,39.526999999999994,952.4586670000001
2021-09-20 07:00:00,2570.358333,1469.427667,42.22599999999999,1124.557336
2021-09-20 08:00:00,2875.2255,1613.8363330000002,57.074999999999996,1236.665
2021-09-20 09:00:00,2889.1215,1612.6823330000002,47.447,1225.5594999999998
2021-09-20 10:00:00,2951.246834,1606.261166,64.97900000000001,1192.657999
2021-09-20 11:00:00,2976.5383340000003,1610.441,69.97,1222.490334
2021-09-20 12:00:00,2943.3821669999998,1672.999667,50.843,1237.3576659999999
2021-09-20 13:00:00,3009.564167,1644.495,48.537,1250.199
2021-09-20 14:00:00,3015.251999,1670.8719999999998,52.315,1269.97
2021-09-20 15:00:00,3051.679,1675.982,51.9,1276.894667
2021-09-20 16:00:00,3124.022167,1754.4389999999999,58.272,1285.033833
2021-09-20 17:00:00,3449.6795,1905.176,64.48899999999999,1389.0286660000002
2021-09-20 18:00:00,3812.1636660000004,2081.5119999999997,76.833,1571.100334
2021-09-20 19:00:00,4006.201333,2121.3630000000003,81.90799999999999,1622.702335
2021-09-20 20:00:00,4009.6465,2194.868,68.96199999999999,1720.366333
2021-09-20 21:00:00,3951.7780000000002,2161.89,77.24799999999999,1734.0819999999999
2021-09-20 22:00:00,3506.3796680000005,1981.685,79.994,1566.802666
2021-09-20 23:00:00,3028.5283329999997,1776.397,66.57699999999998,1358.831667
2021-09-21 00:00:00,2573.7336659999996,1486.482333,51.546,1153.537334
2021-09-21 01:00:00,2294.3286669999998,1318.9679999999998,43.754999999999995,990.3286679999999
2021-09-21 02:00:00,2082.269334,1209.967333,40.67,913.556331
2021-09-21 03:00:00,1980.203334,1128.4286670000001,35.926666999999995,854.608334
2021-09-21 04:00:00,1908.532668,1147.949,32.169999999999995,845.052
2021-09-21 05:00:00,1976.0395,1186.964,32.131,880.197668
2021-09-21 06:00:00,2181.29,1247.625,39.655,960.9870010000001
2021-09-21 07:00:00,2560.582166,1431.2420000000002,41.147,1125.9070000000002
2021-09-21 08:00:00,2780.5474990000002,1578.654,54.61,1248.252
2021-09-21 09:00:00,2832.1189999999997,1569.685,54.961000000000006,1223.3766660000001
2021-09-21 10:00:00,2768.5853349999998,1538.8870000000002,64.15199999999999,1175.098333
2021-09-21 11:00:00,2798.4413329999998,1568.02,56.59600000000001,1162.139666
2021-09-21 12:00:00,2911.665666,1575.888,68.496,1191.6126669999999
2021-09-21 13:00:00,3000.8025,1584.4299999999998,69.549,1278.927333
2021-09-21 14:00:00,3003.650666,1585.54,72.795,1238.008
2021-09-21 15:00:00,3062.809999,1730.807,62.06400000000001,1292.573
2021-09-21 16:00:00,3411.437,1806.114,63.215999999999994,1357.285667
2021-09-21 17:00:00,3888.947,2038.6530000000002,72.71300000000001,1558.948666
2021-09-21 18:00:00,4360.359,2208.568,89.57300000000001,1725.989666
2021-09-21 19:00:00,4538.837334,2281.2079999999996,80.77299999999998,1838.311001
2021-09-21 20:00:00,4537.537333,2277.527,103.864,1809.629667
2021-09-21 21:00:00,4445.214666,2248.646,94.575,1701.6676670000002
2021-09-21 22:00:00,3917.324334,2046.219,94.54799999999999,1598.622666
2021-09-21 23:00:00,3378.1816660000004,1812.866,74.81099999999999,1393.0466659999997
2021-09-22 00:00:00,2867.8360000000002,1550.074,55.889,1185.2913330000001
2021-09-22 01:00:00,2493.741333,1323.884,43.55200000000001,1038.423335
2021-09-22 02:00:00,2243.928666,1230.245,39.209666999999996,952.5963330000001
2021-09-22 03:00:00,2077.947,1161.3600000000001,36.727668,895.129999
2021-09-22 04:00:00,2004.248334,1149.6855,33.852000000000004,853.498999
2021-09-22 05:00:00,2013.001667,1171.59,33.699000000000005,859.329
2021-09-22 06:00:00,2206.741333,1249.1915,39.81,935.995001
2021-09-22 07:00:00,2460.002166,1428.7179999999998,36.051,1111.757666
2021-09-22 08:00:00,2763.7538329999998,1540.451,47.771,1230.362333
2021-09-22 09:00:00,2752.599334,1512.838,47.964,1175.5563339999999
2021-09-22 10:00:00,2753.129,1525.616,53.591,1127.981667
2021-09-22 11:00:00,2782.537665,1551.03,49.93,1186.718999
2021-09-22 12:00:00,2888.4126650000003,1532.181,62.597,1235.984667
2021-09-22 13:00:00,2978.162667,1587.214,60.455,1228.342667
2021-09-22 14:00:00,2955.585333,1605.5030000000002,66.89,1273.310666
2021-09-22 15:00:00,3006.303668,1614.368333,58.401999999999994,1244.849666
2021-09-22 16:00:00,3122.229334,1662.274,69.542,1264.5563339999999
2021-09-22 17:00:00,3432.2846659999996,1818.81,70.67599999999999,1394.541667
2021-09-22 18:00:00,3677.232666,1933.329,80.167,1550.061333
2021-09-22 19:00:00,3850.686001,2039.519,78.024,1613.835335
2021-09-22 20:00:00,3860.677667,2062.077,81.339,1735.429001
2021-09-22 21:00:00,3740.242334,2083.7520000000004,73.27900000000001,1654.434667
2021-09-22 22:00:00,3488.592333,2002.482,73.223,1526.673333
2021-09-22 23:00:00,3119.179334,1755.563,70.99899999999998,1330.999667
2021-09-23 00:00:00,2645.58,1485.426,58.72533299999999,1124.636333
2021-09-23 01:00:00,2315.628666,1313.436667,52.541000000000004,996.2563340000002
2021-09-23 02:00:00,2073.9929979999997,1200.544666,47.102999999999994,917.2396679999999
2021-09-23 03:00:00,1979.9906660000001,1158.498,36.046333000000004,877.4616639999999
2021-09-23 04:00:00,1925.205999,1146.9,35.294,834.751333
2021-09-23 05:00:00,1981.929333,1170.397,36.626000000000005,850.341334
2021-09-23 06:00:00,2177.860833,1248.0810000000001,41.423999999999985,948.313333
2021-09-23 07:00:00,2525.542167,1428.033,41.501,1084.730001
2021-09-23 08:00:00,2802.4505,1589.853,51.620000000000005,1170.944667
2021-09-23 09:00:00,2801.142667,1578.118,47.911,1160.463333
2021-09-23 10:00:00,2819.182667,1503.4700000000003,47.979,1131.8366660000002
2021-09-23 11:00:00,2835.286667,1539.558333,52.481,1147.758667
2021-09-23 12:00:00,2866.6189999999997,1551.6516660000002,71.07,1198.7140000000002
2021-09-23 13:00:00,2989.245666,1586.167,63.278,1240.577
2021-09-23 14:00:00,2968.263666,1609.2530000000002,64.316,1296.451
2021-09-23 15:00:00,3033.562333,1621.851,63.333999999999996,1251.933
2021-09-23 16:00:00,3233.391999,1734.2730000000001,63.272000000000006,1319.4833330000001
2021-09-23 17:00:00,3631.046,1881.6259999999997,70.398,1505.044668
2021-09-23 18:00:00,4041.991666,2034.6,73.48800000000001,1592.822666
2021-09-23 19:00:00,4048.885333,2113.408,71.494,1642.0439999999999
2021-09-23 20:00:00,4092.615332,2138.552,88.38300000000001,1692.128666
2021-09-23 21:00:00,3948.0543319999997,2187.9579999999996,87.83800000000001,1659.3609999999999
2021-09-23 22:00:00,3657.1436670000003,1964.7980000000002,81.903,1520.677331
2021-09-23 23:00:00,3168.225666,1792.065,69.13700000000001,1356.857332
2021-09-24 00:00:00,2697.313,1520.0926670000001,56.342,1153.3610010000002
2021-09-24 01:00:00,2395.839332,1347.1860000000001,51.311001,984.6486679999999
2021-09-24 02:00:00,2140.838667,1237.662333,38.419999000000004,920.1256660000001
2021-09-24 03:00:00,1998.307,1135.087667,37.571,843.544001
2021-09-24 04:00:00,1936.3225,1129.090333,39.425999999999995,838.9496660000001
2021-09-24 05:00:00,1933.821667,1177.982667,34.608999999999995,848.3006680000001
2021-09-24 06:00:00,2125.769668,1240.528333,38.842,975.994333
2021-09-24 07:00:00,2482.3263339999994,1414.789667,41.865,1120.411333
2021-09-24 08:00:00,2796.247,1557.4479999999999,47.547,1166.6999999999998
2021-09-24 09:00:00,2826.583334,1585.784,45.683,1145.493
2021-09-24 10:00:00,2925.525668,1521.8110000000001,49.847,1159.363
2021-09-24 11:00:00,2907.348333,1573.378667,50.445,1248.569333
2021-09-24 12:00:00,3050.012668,1627.787,57.926,1252.541
2021-09-24 13:00:00,3231.011666,1721.7060000000001,63.45099999999999,1323.538
2021-09-24 14:00:00,3300.285333,1811.71,66.896,1394.361999
2021-09-24 15:00:00,3602.772333,1899.158,70.681,1472.156333
2021-09-24 16:00:00,4019.349333,2015.49,82.08200000000001,1524.8600000000001
2021-09-24 17:00:00,4525.670001,2168.8776669999997,100.905,1763.074
2021-09-24 18:00:00,4724.37,2242.496,100.26599999999999,1803.289
2021-09-24 19:00:00,4689.191,2277.315667,105.33800000000001,1799.3173339999998
2021-09-24 20:00:00,4536.701667,2283.581,87.859,1808.385668
2021-09-24 21:00:00,4253.237001,2237.018,90.38300000000001,1735.0
2021-09-24 22:00:00,3899.441,2067.4443330000004,80.57900000000001,1583.623
2021-09-24 23:00:00,3500.746999,1866.6879999999999,70.88,1470.0
2021-09-25 00:00:00,3050.3596660000003,1658.986667,61.92600000000001,1262.092
2021-09-25 01:00:00,2721.952666,1451.987001,52.195667,1102.5410000000002
2021-09-25 02:00:00,2359.882665,1324.2939999999999,43.94466599999999,990.913
2021-09-25 03:00:00,2144.359501,1206.5720000000001,41.435,915.3910000000001
2021-09-25 04:00:00,2058.0254999999997,1163.324999,40.769999999999996,873.982
2021-09-25 05:00:00,2080.036999,1142.9576670000001,37.076,865.058
2021-09-25 06:00:00,2064.280833,1150.827001,41.605,867.876
2021-09-25 07:00:00,2180.549001,1221.4166670000002,48.415,944.175667
2021-09-25 08:00:00,2500.8379990000003,1402.7223330000002,45.419,1053.221333
2021-09-25 09:00:00,2953.206333,1630.7163329999998,60.632,1190.2069999999999
2021-09-25 10:00:00,3240.396332,1733.87,57.222,1347.475333
2021-09-25 11:00:00,3391.181167,1822.3936669999998,59.841999999999985,1476.481668
2021-09-25 12:00:00,3573.135333,1890.2440000000001,63.672999999999995,1516.685
2021-09-25 13:00:00,3783.8068329999996,1960.9303329999998,78.78899999999999,1554.3776659999999
2021-09-25 14:00:00,3948.3013339999998,2004.531333,89.02399999999999,1655.207667
2021-09-25 15:00:00,4209.676332,2162.672,84.722,1680.537334
2021-09-25 16:00:00,4503.0233339999995,2264.788667,93.686,1751.3426670000001
2021-09-25 17:00:00,4917.665499000001,2338.8873329999997,98.306,1847.561666
2021-09-25 18:00:00,5107.3295,2373.684667,90.20300000000002,1871.2560010000002
2021-09-25 19:00:00,5004.351667000001,2393.138667,96.997,1849.060999
2021-09-25 20:00:00,4768.1875,2358.777,95.325,1812.8583330000001
2021-09-25 21:00:00,4438.290834,2301.652666,97.97,1771.5263329999998
2021-09-25 22:00:00,3964.805334,2093.2926660000003,88.848,1662.653
2021-09-25 23:00:00,3488.227333,1941.023666,68.47299999999997,1509.2040009999998
2021-09-26 00:00:00,3014.952001,1705.068667,57.398,1348.9859999999999
2021-09-26 01:00:00,2684.697333,1469.729666,49.979,1134.195667
2021-09-26 02:00:00,2360.380333,1329.03,54.81033300000001,997.2626670000001
2021-09-26 03:00:00,2128.320334,1212.2710000000002,41.748334,929.4710009999999
2021-09-26 04:00:00,2018.795,1164.607,41.915333,887.549667
2021-09-26 05:00:00,2005.2676669999998,1174.133333,37.681,877.34
2021-09-26 06:00:00,1983.385,1159.424334,37.678999999999995,887.0983309999999
2021-09-26 07:00:00,2129.415,1181.467,38.230000000000004,925.908001
2021-09-26 08:00:00,2430.916,1336.4389999999999,40.952,1047.464667
2021-09-26 09:00:00,2865.319833,1571.911333,47.82600000000001,1254.0210000000002
2021-09-26 10:00:00,3168.2448329999997,1752.031333,49.393,1355.001667
2021-09-26 11:00:00,3402.272833,1888.8770000000002,70.564,1431.755999
2021-09-26 12:00:00,3492.604333,1917.665667,79.20099999999998,1441.438
2021-09-26 13:00:00,3611.214332,1913.5810000000001,65.166,1460.4336680000001
2021-09-26 14:00:00,3700.531167,1939.314333,58.227999999999994,1533.5033329999999
2021-09-26 15:00:00,3718.363668,1945.671,65.43700000000001,1651.332
2021-09-26 16:00:00,3819.495999,2013.521333,53.997,1607.161
2021-09-26 17:00:00,3959.6283329999997,2080.0440000000003,61.214,1661.135
2021-09-26 18:00:00,4234.546167,2184.074667,77.468,1744.409333
2021-09-26 19:00:00,4285.192000000001,2326.266667,91.189,1745.4
2021-09-26 20:00:00,4313.3710009999995,2306.125,92.88199999999999,1897.1376659999999
2021-09-26 21:00:00,4113.479667,2215.843,88.51100000000001,1778.5990000000002
2021-09-26 22:00:00,3771.154,2059.54,78.983,1608.475
2021-09-26 23:00:00,3293.5803339999998,1780.752,69.336,1434.596667
2021-09-27 00:00:00,2770.296,1573.489,59.199,1215.925667
2021-09-27 01:00:00,2409.2450000000003,1387.312,45.585,1059.698333
2021-09-27 02:00:00,2190.032833,1292.583334,46.945334,971.8796669999999
2021-09-27 03:00:00,2076.2315,1227.065666,45.81499900000001,900.678668
2021-09-27 04:00:00,2001.730334,1170.894,39.159333,869.019667
2021-09-27 05:00:00,2013.569665,1186.891667,37.511,883.587334
2021-09-27 06:00:00,2132.9393330000003,1238.264666,43.121,977.889333
2021-09-27 07:00:00,2390.181335,1390.8186660000001,41.916000000000004,1121.282334
2021-09-27 08:00:00,2742.8473329999997,1537.2359999999999,41.823,1189.104667
2021-09-27 09:00:00,2773.5855,1509.015001,46.273999999999994,1172.038334
2021-09-27 10:00:00,2827.8140000000003,1529.388998,64.183,1235.9373340000002
2021-09-27 11:00:00,2929.851501,1559.784334,60.132,1251.874333
2021-09-27 12:00:00,3074.3525,1658.7280010000002,60.48800000000001,1272.244
2021-09-27 13:00:00,3171.894167,1693.604333,75.967,1306.9116640000002
2021-09-27 14:00:00,3113.159499,1648.253,72.824,1307.932667
2021-09-27 15:00:00,3101.7070000000003,1641.713,59.214000000000006,1289.005666
2021-09-27 16:00:00,3161.230667,1703.378,67.35700000000001,1329.616
2021-09-27 17:00:00,3484.836667,1930.926,64.473,1513.236666
2021-09-27 18:00:00,3716.3686669999997,2026.279333,80.614,1624.542333
2021-09-27 19:00:00,3987.0998329999998,2166.9840000000004,76.112,1734.309001
2021-09-27 20:00:00,4001.188334,2218.352334,89.40399999999998,1702.7839999999999
2021-09-27 21:00:00,3857.726667,2124.026668,73.26,1699.5106660000001
2021-09-27 22:00:00,3445.9260000000004,1979.815,75.85600000000001,1514.707
2021-09-27 23:00:00,3042.0649999999996,1779.847,51.254000000000005,1300.277666
2021-09-28 00:00:00,2589.1093330000003,1530.642667,56.006,1148.275666
2021-09-28 01:00:00,2280.3473329999997,1342.170335,44.209333,1023.546666
2021-09-28 02:00:00,2096.691333,1248.0795,41.480999999999995,926.0233330000001
2021-09-28 03:00:00,1976.8740010000001,1175.230501,37.590334,874.7936669999999
2021-09-28 04:00:00,1959.111668,1156.5099999999998,36.75100000000001,862.0910000000001
2021-09-28 05:00:00,2063.8345,1228.453001,36.333999999999996,878.890334
2021-09-28 06:00:00,2269.600333,1293.0510000000002,40.18300000000001,1013.6396669999999
2021-09-28 07:00:00,2584.693666,1489.631,43.902,1167.136333
2021-09-28 08:00:00,2940.6586660000003,1610.315666,48.230999999999995,1243.600333
2021-09-28 09:00:00,2925.687334,1643.014666,54.708999999999996,1284.961332
2021-09-28 10:00:00,3046.6736680000004,1699.510999,75.09400000000002,1216.144
2021-09-28 11:00:00,3069.044,1721.083,70.37100000000001,1249.8236670000001
2021-09-28 12:00:00,3043.800666,1697.5880000000002,70.852,1323.815333
2021-09-28 13:00:00,3121.150334,1682.0839999999998,72.776,1346.673999
2021-09-28 14:00:00,3001.507333,1713.2720000000002,60.54,1304.214999
2021-09-28 15:00:00,2993.466332,1712.001,55.77000000000001,1295.9340000000002
2021-09-28 16:00:00,3101.8745,1758.733,53.697,1309.428668
2021-09-28 17:00:00,3302.922667,1829.872,53.10800000000001,1440.849
2021-09-28 18:00:00,3605.918333,2015.268,84.42099999999999,1589.576001
2021-09-28 19:00:00,3784.200833,2172.7169999999996,88.672,1683.525333
2021-09-28 20:00:00,3955.500333,2281.677333,72.708,1763.485
2021-09-28 21:00:00,3770.5423330000003,2217.484,84.45,1703.763666
2021-09-28 22:00:00,3595.706,2059.1330000000003,72.12800000000001,1561.838666
2021-09-28 23:00:00,3152.552332,1859.059666,83.823,1338.265333
2021-09-29 00:00:00,2697.655333,1602.7619989999998,52.068,1201.671667
2021-09-29 01:00:00,2382.383167,1419.921667,50.736000000000004,1029.810333
2021-09-29 02:00:00,2182.021666,1300.092333,49.49666700000001,979.105667
2021-09-29 03:00:00,2086.807,1244.993,41.06066800000001,922.785999
2021-09-29 04:00:00,2017.3553339999999,1230.0256669999999,38.801667,905.148
2021-09-29 05:00:00,2122.3326669999997,1299.103666,45.11599999999999,935.557666
2021-09-29 06:00:00,2357.2564999999995,1417.982333,47.45400000000001,1037.157333
2021-09-29 07:00:00,2760.0370000000003,1615.526667,67.774,1220.517332
2021-09-29 08:00:00,3086.4523329999997,1784.345667,60.097,1308.229666
2021-09-29 09:00:00,3113.348667,1755.537667,64.305,1343.8776670000002
2021-09-29 10:00:00,3040.0550000000003,1657.204,76.05599999999998,1315.759667
2021-09-29 11:00:00,2919.673166,1679.569,53.61500000000001,1317.001999
2021-09-29 12:00:00,2952.4248319999997,1561.541,55.60399999999999,1279.7569999999998
2021-09-29 13:00:00,2897.6834999999996,1617.739,46.972,1307.627333
2021-09-29 14:00:00,2939.209333,1555.1370000000002,52.517999999999994,1239.1446660000001
2021-09-29 15:00:00,2827.4883339999997,1568.533,53.427,1200.836666
2021-09-29 16:00:00,2889.7141669999996,1615.462,64.733,1301.1440010000001
2021-09-29 17:00:00,3163.191666,1742.5130000000001,62.973,1436.879
2021-09-29 18:00:00,3516.016666,1933.841,72.45500000000001,1488.3109990000003
2021-09-29 19:00:00,3728.012167,2042.996,70.688,1635.665668
2021-09-29 20:00:00,3851.0051670000003,2157.656,76.44200000000001,1683.4959990000002
2021-09-29 21:00:00,3783.955834,2133.4990000000003,80.64299999999999,1645.560333
2021-09-29 22:00:00,3413.514,1956.94,70.91700000000002,1512.822667
2021-09-29 23:00:00,2943.5288339999997,1759.7740000000001,65.47,1327.562334
2021-09-30 00:00:00,2558.830334,1582.4560000000001,58.69099999999999,1155.705999
2021-09-30 01:00:00,2251.853666,1344.188,51.892999999999994,1003.902667
2021-09-30 02:00:00,2074.830666,1267.7890000000002,48.53899999999999,897.7320010000001
2021-09-30 03:00:00,1961.474999,1170.775,40.28699999999999,854.5686659999999
2021-09-30 04:00:00,1912.302999,1173.479,32.760667,832.515332
2021-09-30 05:00:00,2020.9016660000002,1205.2150000000001,33.014,873.0916669999999
2021-09-30 06:00:00,2176.4069999999997,1306.4360000000001,35.087,992.243666
2021-09-30 07:00:00,2578.041167,1449.712,40.146,1090.971334
2021-09-30 08:00:00,2870.456333,1557.6770000000001,60.687,1177.4553339999998
2021-09-30 09:00:00,2845.8461660000003,1562.25,46.061,1162.3076660000002
2021-09-30 10:00:00,2906.445667,1534.3890000000001,57.218,1218.183334
2021-09-30 11:00:00,2884.117667,1548.606,56.78,1217.4466659999998
2021-09-30 12:00:00,2919.188333,1598.9209999999998,60.731,1216.081666
2021-09-30 13:00:00,3020.677333,1700.717666,67.884,1245.208668
2021-09-30 14:00:00,3019.482666,1658.38,68.718,1279.5063329999998
2021-09-30 15:00:00,2957.252,1612.762,60.574,1227.320666
2021-09-30 16:00:00,3073.711332,1712.9,64.498,1278.4609999999998
2021-09-30 17:00:00,3345.718333,1869.7350000000001,75.334,1431.7393349999998
2021-09-30 18:00:00,3627.4816659999997,2031.4740000000002,92.85000000000001,1565.5316670000002
2021-09-30 19:00:00,3829.2163330000003,2095.437333,91.83199999999998,1607.690001
2021-09-30 20:00:00,3876.090999,2197.496333,89.05699999999999,1744.015668
2021-09-30 21:00:00,3830.211832,2156.661334,90.90299999999999,1649.2253329999999
2021-09-30 22:00:00,3455.1388340000003,2093.1189999999997,84.358,1567.047999
2021-09-30 23:00:00,3105.1463329999997,1876.4026669999998,74.67799999999998,1401.116
2021-10-01 00:00:00,2675.764166,1589.7160000000001,58.407000000000004,1180.565667
2021-10-01 01:00:00,2355.987666,1396.031,51.74800000000001,1098.5083330000002
2021-10-01 02:00:00,2156.628834,1301.6843330000002,50.243999,964.114667
2021-10-01 03:00:00,2086.087667,1253.7440000000001,46.977333,918.007333
2021-10-01 04:00:00,2029.2531670000003,1223.225,40.315332999999995,891.081998
2021-10-01 05:00:00,2101.476667,1253.482999,41.588,905.523002
2021-10-01 06:00:00,2344.615001,1383.541334,43.118,984.6416650000001
2021-10-01 07:00:00,2679.5190009999997,1569.2800000000002,46.67399999999999,1148.231667
2021-10-01 08:00:00,3040.285667,1708.127667,59.794000000000004,1292.7193340000001
2021-10-01 09:00:00,3068.226667,1757.0,68.97999999999999,1310.1873329999999
2021-10-01 10:00:00,3111.748668,1714.345,70.599,1295.893333
2021-10-01 11:00:00,3148.142,1707.3649990000001,66.237,1310.294667
2021-10-01 12:00:00,3140.831667,1709.784333,57.27,1327.620333
2021-10-01 13:00:00,3041.857,1716.123,69.07300000000001,1343.072333
2021-10-01 14:00:00,2935.151333,1627.118333,49.270999999999994,1288.295
2021-10-01 15:00:00,2945.759,1614.333,51.43200000000001,1254.715
2021-10-01 16:00:00,3016.889,1662.853667,59.694,1268.5130000000001
2021-10-01 17:00:00,3164.822334,1758.507,60.658,1349.7930000000001
2021-10-01 18:00:00,3403.0119999999997,1886.320667,70.59299999999999,1458.3719999999998
2021-10-01 19:00:00,3550.345668,2019.661,83.50799999999998,1442.964
2021-10-01 20:00:00,3667.026667,2038.687334,73.40400000000001,1549.889667
2021-10-01 21:00:00,3530.7876669999996,2007.133001,84.312,1566.1386670000002
2021-10-01 22:00:00,3337.971667,1859.2219999999998,82.09299999999999,1475.738666
2021-10-01 23:00:00,3057.928333,1813.5213330000001,68.17899999999997,1378.1696660000002
2021-10-02 00:00:00,2682.505333,1676.554333,57.867,1220.0533340000002
2021-10-02 01:00:00,2371.418667,1450.460335,50.698,1074.4736670000002
2021-10-02 02:00:00,2166.712664,1342.6870020000001,50.77766600000001,983.572001
2021-10-02 03:00:00,2026.671667,1298.348501,46.513666,917.8399999999999
2021-10-02 04:00:00,2024.672,1250.067,46.819667,897.242667
2021-10-02 05:00:00,2049.214666,1263.597333,43.471000000000004,916.283001
2021-10-02 06:00:00,2161.047333,1298.332335,46.009,965.973
2021-10-02 07:00:00,2351.167001,1410.352,55.524,1046.940668
2021-10-02 08:00:00,2829.5283339999996,1626.754,75.47500000000001,1181.510001
2021-10-02 09:00:00,3179.1740010000003,1866.9920000000002,74.31899999999999,1353.366332
2021-10-02 10:00:00,3436.944665,1896.865666,75.822,1437.7693319999998
2021-10-02 11:00:00,3513.190334,2021.4166679999998,93.481,1471.106668
2021-10-02 12:00:00,3491.606666,1965.355334,95.16899999999998,1509.5463340000001
2021-10-02 13:00:00,3357.862334,1897.1076659999999,83.53500000000001,1447.240334
2021-10-02 14:00:00,3303.2799990000003,1836.910335,76.11900000000001,1456.63167
2021-10-02 15:00:00,3219.387334,1818.7359999999999,76.664,1463.438666
2021-10-02 16:00:00,3316.090334,1806.1076670000002,73.193,1474.253666
2021-10-02 17:00:00,3393.768999,1811.7436670000002,75.86399999999999,1474.8923320000001
2021-10-02 18:00:00,3536.754999,1875.117001,79.94600000000003,1508.2336690000002
2021-10-02 19:00:00,3599.150001,1952.842333,75.754,1548.795333
2021-10-02 20:00:00,3768.023,2004.126,76.02199999999999,1589.9643340000002
2021-10-02 21:00:00,3558.567333,1959.954001,82.79800000000002,1562.530664
2021-10-02 22:00:00,3328.742334,1851.5939999999998,79.584,1451.4289979999999
2021-10-02 23:00:00,3001.4939999999997,1734.468332,58.852,1322.862667
2021-10-03 00:00:00,2677.8536670000003,1533.4673340000002,59.449,1234.8856660000001
2021-10-03 01:00:00,2382.185,1414.433333,50.759667,1083.748335
2021-10-03 02:00:00,2161.8253330000002,1284.6570000000002,45.805333,1006.865669
2021-10-03 03:00:00,2064.867,1253.976333,38.079334,941.2866670000001
2021-10-03 04:00:00,1977.6419999999998,1205.692333,35.307,894.77
2021-10-03 05:00:00,2019.2440000000001,1222.603,37.725,913.8280010000001
2021-10-03 06:00:00,2078.376,1266.089667,39.736000000000004,951.334666
2021-10-03 07:00:00,2306.01,1354.824334,48.00499999999999,1017.0673350000002
2021-10-03 08:00:00,2679.961667,1546.4846659999998,62.538,1179.150333
2021-10-03 09:00:00,3200.584333,1756.6190000000001,75.919,1397.701666
2021-10-03 10:00:00,3495.9366659999996,1967.0279999999998,65.547,1501.069667
2021-10-03 11:00:00,3598.9043330000004,2065.4840000000004,80.742,1565.136
2021-10-03 12:00:00,3614.832667,2074.4170000000004,74.072,1483.654
2021-10-03 13:00:00,3670.2683319999996,2012.129,66.42699999999999,1544.0046670000002
2021-10-03 14:00:00,3561.835,1999.728,61.76999999999999,1473.923667
2021-10-03 15:00:00,3486.8013330000003,1938.004,71.30800000000002,1481.767333
2021-10-03 16:00:00,3490.0150000000003,1957.348,84.611,1472.813333
2021-10-03 17:00:00,3619.946667,2069.361,82.54700000000001,1561.584332
2021-10-03 18:00:00,3775.8143330000003,2126.532,91.56099999999999,1675.3350010000001
2021-10-03 19:00:00,3903.6335,2202.6549999999997,106.086,1723.5193339999998
2021-10-03 20:00:00,4095.8395010000004,2300.465,93.73800000000003,1792.985666
2021-10-03 21:00:00,3982.196334,2295.831,107.248,1756.493333
2021-10-03 22:00:00,3696.814,2069.092,91.866,1608.482
2021-10-03 23:00:00,3168.355667,1860.853,63.056,1389.1713340000001
2021-10-04 00:00:00,2651.075667,1560.687,58.038000000000004,1149.476333
2021-10-04 01:00:00,2307.045,1364.221,41.644,1039.428666
2021-10-04 02:00:00,2065.9565000000002,1283.4540000000002,37.19250000000001,952.5720000000001
2021-10-04 03:00:00,1968.828,1211.857,41.485666,906.953667
2021-10-04 04:00:00,1946.7005,1182.9080000000001,42.394333,857.740667
2021-10-04 05:00:00,2003.19,1234.635,38.846999999999994,903.6816670000001
2021-10-04 06:00:00,2269.4325,1320.2469999999998,43.625,959.711333
2021-10-04 07:00:00,2661.3489999999997,1486.952,44.254,1140.232
2021-10-04 08:00:00,2971.1324999999997,1667.547,60.72899999999999,1260.982333
2021-10-04 09:00:00,2999.0150000000003,1692.873,62.698,1257.956667
2021-10-04 10:00:00,3052.8065,1704.534,68.521,1252.952334
2021-10-04 11:00:00,3114.8185,1702.671,76.994,1317.271999
2021-10-04 12:00:00,3081.34,1753.492,85.198,1285.8246680000002
2021-10-04 13:00:00,3109.881,1674.904,67.13099999999999,1270.206332
2021-10-04 14:00:00,3019.937,1643.5430000000001,55.477000000000004,1231.361334
2021-10-04 15:00:00,2995.754,1609.037,57.516,1215.045334
2021-10-04 16:00:00,3023.3805,1664.535,68.14899999999999,1274.1470000000002
2021-10-04 17:00:00,3321.5429999999997,1852.452,73.289,1405.9740000000002
2021-10-04 18:00:00,3709.808,2027.7330000000002,73.24600000000001,1564.8773330000001
2021-10-04 19:00:00,3868.934,2196.391,69.146,1664.748333
2021-10-04 20:00:00,4086.828,2241.936,76.425,1766.673333
2021-10-04 21:00:00,3890.134,2142.825667,76.46900000000001,1669.778333
2021-10-04 22:00:00,3552.2525,1978.436001,77.42899999999999,1576.175334
2021-10-04 23:00:00,3074.2195,1831.709667,68.52199999999999,1400.742666
2021-10-05 00:00:00,2620.8410000000003,1528.5176669999998,60.671,1193.018999
2021-10-05 01:00:00,2272.241,1341.269667,50.285,1053.768
2021-10-05 02:00:00,2072.899,1241.1399999999999,46.441,930.108333
2021-10-05 03:00:00,1983.317167,1183.1126669999999,41.464000000000006,891.3283329999999
2021-10-05 04:00:00,1952.232334,1167.756,43.006,861.057333
2021-10-05 05:00:00,1990.912,1200.9879999999998,41.492000000000004,886.845001
2021-10-05 06:00:00,2241.277333,1306.456,46.12600000000001,991.101
2021-10-05 07:00:00,2671.263666,1487.451,44.964000000000006,1172.1680000000001
2021-10-05 08:00:00,2946.2806659999997,1657.308,58.184999999999995,1273.273333
2021-10-05 09:00:00,2931.3841669999997,1658.56,60.37400000000001,1264.0573319999999
2021-10-05 10:00:00,2992.531,1638.348,68.43499999999999,1227.4773340000002
2021-10-05 11:00:00,3018.788333,1650.6570000000002,73.15599999999999,1296.645667
2021-10-05 12:00:00,3175.142666,1717.129,68.606,1298.5256669999999
2021-10-05 13:00:00,3205.7036669999998,1808.4230000000002,64.96199999999999,1351.1836660000001
2021-10-05 14:00:00,3071.309,1763.2289999999998,59.99,1346.362333
2021-10-05 15:00:00,3032.077666,1786.3739999999998,51.354000000000006,1347.6549989999999
2021-10-05 16:00:00,3186.7439999999997,1844.382,70.289,1338.551334
2021-10-05 17:00:00,3525.1265,1997.3719999999998,78.023,1568.946333
2021-10-05 18:00:00,4015.277,2197.0029999999997,97.33500000000001,1753.762665
2021-10-05 19:00:00,4117.273,2334.4889999999996,84.009,1800.2743340000002
2021-10-05 20:00:00,4127.749,2357.2320010000003,101.256,1816.592667
2021-10-05 21:00:00,3949.764333,2272.326666,97.10300000000002,1733.6696660000002
2021-10-05 22:00:00,3595.1459999999997,2158.321665,85.098,1649.568999
2021-10-05 23:00:00,3115.613666,1947.196334,81.45,1404.0806659999998
2021-10-06 00:00:00,2701.091,1676.3143330000003,64.638,1222.438333
2021-10-06 01:00:00,2361.563166,1533.607333,55.176,1125.929333
2021-10-06 02:00:00,2186.196666,1425.009999,54.30700000000001,1028.875999
2021-10-06 03:00:00,2137.084333,1341.262666,50.92799999999999,969.258334
2021-10-06 04:00:00,2118.048667,1368.077333,49.00299999999999,951.934001
2021-10-06 05:00:00,2222.674666,1373.4189999999999,53.792000000000016,1005.530668
2021-10-06 06:00:00,2517.257667,1472.251,60.82799999999999,1109.910667
2021-10-06 07:00:00,2948.862999,1702.7939999999999,73.184,1256.554333
2021-10-06 08:00:00,3304.656,1850.2910000000002,77.601,1399.4419990000001
2021-10-06 09:00:00,3277.649333,1855.286,71.622,1370.813
2021-10-06 10:00:00,3238.979,1748.002,85.44399999999999,1362.5713340000002
2021-10-06 11:00:00,3189.153333,1751.79,82.713,1348.215665
2021-10-06 12:00:00,3151.6459990000003,1769.615,77.359,1310.961667
2021-10-06 13:00:00,3131.701667,1714.2710000000002,73.62599999999999,1315.195001
2021-10-06 14:00:00,3040.2986659999997,1700.763,66.95599999999999,1286.105667
2021-10-06 15:00:00,3002.789334,1642.114,56.859,1245.363
2021-10-06 16:00:00,3176.763334,1777.75,66.41800000000002,1345.8880009999998
2021-10-06 17:00:00,3587.739666,1948.124,85.17500000000001,1555.8890000000001
2021-10-06 18:00:00,3798.785333,2064.436,104.97599999999998,1648.266
2021-10-06 19:00:00,4021.4629999999997,2276.657,98.306,1787.9930009999998
2021-10-06 20:00:00,4204.8735,2371.603,92.878,1786.865667
2021-10-06 21:00:00,4000.441167,2350.547,85.30799999999999,1764.303333
2021-10-06 22:00:00,3621.874667,2178.936,97.11899999999999,1662.3
2021-10-06 23:00:00,3251.445667,2034.929,75.66899999999998,1466.833667
2021-10-07 00:00:00,2783.789667,1809.095333,67.758,1308.6036669999999
2021-10-07 01:00:00,2556.3653329999997,1581.3870000000002,64.115,1169.101333
2021-10-07 02:00:00,2334.8076659999997,1433.5300000000002,56.558,1098.114667
2021-10-07 03:00:00,2191.480666,1343.801,53.361,1009.0053329999998
2021-10-07 04:00:00,2176.8746659999997,1340.4899999999998,56.324,982.3090000000001
2021-10-07 05:00:00,2259.1673330000003,1372.9270000000001,57.83500000000001,1043.818335
2021-10-07 06:00:00,2494.340667,1509.586,61.214999999999996,1175.170333
2021-10-07 07:00:00,3040.343334,1731.949333,65.574,1328.316334
2021-10-07 08:00:00,3355.6099999999997,1901.893333,81.523,1480.238668
2021-10-07 09:00:00,3412.2715,1960.348,89.492,1444.693333
2021-10-07 10:00:00,3486.146,1948.842,101.13100000000001,1440.148667
2021-10-07 11:00:00,3434.276333,1940.004,112.00600000000001,1453.228333
2021-10-07 12:00:00,3417.713666,1944.1100000000001,72.049,1476.3990000000001
2021-10-07 13:00:00,3398.496333,1897.666,61.99300000000001,1409.653
2021-10-07 14:00:00,3172.664833,1775.609,62.620000000000005,1376.9666659999998
2021-10-07 15:00:00,3043.29,1672.8519999999999,50.885,1289.368333
2021-10-07 16:00:00,3112.327665,1673.108,57.105999999999995,1278.195667
2021-10-07 17:00:00,3263.8126660000003,1877.561,67.382,1443.364333
2021-10-07 18:00:00,3530.3686660000003,2069.6539999999995,76.402,1499.133333
2021-10-07 19:00:00,3935.387,2275.5679999999998,80.608,1654.44
2021-10-07 20:00:00,4087.6829990000006,2333.429,88.53799999999998,1785.223667
2021-10-07 21:00:00,3901.827,2305.083,82.053,1711.3403329999999
2021-10-07 22:00:00,3639.044667,2225.7799999999997,82.166,1630.0546669999999
2021-10-07 23:00:00,3207.77,2005.4379999999999,85.459,1508.261333
2021-10-08 00:00:00,2900.924666,1822.802667,83.562,1376.1103329999999
2021-10-08 01:00:00,2601.318333,1653.4863329999998,74.886,1244.464667
2021-10-08 02:00:00,2395.5021669999996,1552.997667,63.690000000000005,1170.962334
2021-10-08 03:00:00,2319.804833,1473.3993329999998,66.41799999999999,1113.8656660000001
2021-10-08 04:00:00,2338.7626660000005,1512.884333,62.992999999999995,1096.198
2021-10-08 05:00:00,2479.177334,1589.565,64.164,1168.565665
2021-10-08 06:00:00,2702.007334,1711.5913329999998,75.55599999999998,1291.173667
2021-10-08 07:00:00,3125.9550010000003,1855.5643340000001,79.316,1464.912
2021-10-08 08:00:00,3503.702001,2064.2983329999997,76.546,1545.131666
2021-10-08 09:00:00,3663.803167,2144.7606659999997,113.99399999999999,1632.429
2021-10-08 10:00:00,3732.151668,2132.343333,113.14299999999999,1671.046667
2021-10-08 11:00:00,3622.922334,2090.952333,105.493,1609.889668
2021-10-08 12:00:00,3517.5350000000003,1985.6376659999999,87.13900000000001,1588.541
2021-10-08 13:00:00,3453.563333,1910.853334,89.279,1547.4996660000002
2021-10-08 14:00:00,3340.807666,1914.404,84.05000000000001,1494.3759989999999
2021-10-08 15:00:00,3255.3819999999996,1826.767667,68.74400000000001,1494.6689999999999
2021-10-08 16:00:00,3265.199166,1832.618333,71.905,1447.7946670000001
2021-10-08 17:00:00,3505.5683339999996,1926.546666,71.75999999999999,1568.287668
2021-10-08 18:00:00,3751.628333,2080.004,95.19500000000001,1628.854333
2021-10-08 19:00:00,3946.673001,2228.6846669999995,106.137,1775.752667
2021-10-08 20:00:00,3934.9330000000004,2291.779667,107.47200000000001,1781.7236669999998
2021-10-08 21:00:00,3840.8101669999996,2213.256667,96.57299999999998,1791.871334
2021-10-08 22:00:00,3609.919667,2143.8109999999997,96.196,1669.709999
2021-10-08 23:00:00,3289.9375,2074.070667,90.44600000000001,1589.87
2021-10-09 00:00:00,2924.444834,1844.311332,83.74499999999999,1471.771001
2021-10-09 01:00:00,2668.706,1736.3449999999998,72.667,1357.4410010000001
2021-10-09 02:00:00,2453.398999,1633.471666,87.38,1220.051335
2021-10-09 03:00:00,2362.2693339999996,1556.530166,77.553,1188.059667
2021-10-09 04:00:00,2337.638333,1545.840333,73.244,1165.449001
2021-10-09 05:00:00,2392.9496660000004,1524.4353330000001,60.047999999999995,1209.647001
2021-10-09 06:00:00,2468.092334,1565.512,65.011,1229.553332
2021-10-09 07:00:00,2714.8986670000004,1652.432666,60.178000000000004,1333.2793339999998
2021-10-09 08:00:00,3126.916666,1844.0916670000001,78.58,1442.268333
2021-10-09 09:00:00,3549.8230000000003,2112.175,96.39800000000001,1578.7333330000001
2021-10-09 10:00:00,3762.7136659999996,2227.7,122.257,1715.977333
2021-10-09 11:00:00,3765.913,2276.9809999999998,104.596,1734.532334
2021-10-09 12:00:00,3816.998,2266.161,80.679,1653.1250009999999
2021-10-09 13:00:00,3731.292833,2183.650667,73.47733399999998,1617.4609999999998
2021-10-09 14:00:00,3539.978333,2060.994667,68.223,1575.4896669999998
2021-10-09 15:00:00,3429.794167,2015.1936670000002,84.73266699999999,1503.635666
2021-10-09 16:00:00,3420.099668,1959.586667,79.684,1506.9569999999999
2021-10-09 17:00:00,3534.609665,2044.391,73.335,1492.4036649999998
2021-10-09 18:00:00,3707.353333,2148.702,80.426,1637.273333
2021-10-09 19:00:00,3747.217667,2194.4790000000003,94.027,1660.488332
2021-10-09 20:00:00,3895.764,2247.610667,95.31500000000001,1722.0623340000002
2021-10-09 21:00:00,3674.467667,2128.343332,115.64600000000002,1647.6990010000002
2021-10-09 22:00:00,3410.954,1999.101,100.451,1571.730334
2021-10-09 23:00:00,3138.413833,1860.72,87.15299999999999,1467.849334
2021-10-10 00:00:00,2747.8303339999998,1672.449,70.64699999999999,1282.487001
2021-10-10 01:00:00,2500.5816670000004,1516.897,58.995,1154.5439999999999
2021-10-10 02:00:00,2278.733,1434.732,58.95499999999999,1112.186667
2021-10-10 03:00:00,2134.216667,1347.998,55.931,1013.375
2021-10-10 04:00:00,2091.355,1312.304,43.28700000000001,969.6150010000001
2021-10-10 05:00:00,2073.9579999999996,1305.061,55.629,986.6503359999999
2021-10-10 06:00:00,2153.797667,1345.237,49.18399999999999,1021.116999
2021-10-10 07:00:00,2371.156333,1401.223,52.62799999999999,1128.561003
2021-10-10 08:00:00,2738.280667,1544.537,60.252,1257.110666
2021-10-10 09:00:00,3263.643333,1845.055,69.542,1461.351664
2021-10-10 10:00:00,3687.8686660000003,2082.434,69.079,1627.901001
2021-10-10 11:00:00,3990.293666,2199.5119999999997,92.35399999999998,1711.831001
2021-10-10 12:00:00,3991.9055,2223.286,94.631,1660.5593330000002
2021-10-10 13:00:00,4069.8100000000004,2197.799,87.423,1698.268
2021-10-10 14:00:00,3890.954,2140.784,66.358,1695.4880010000002
2021-10-10 15:00:00,3717.674667,2096.439,68.84599999999999,1650.988167
2021-10-10 16:00:00,3675.954167,2128.438,78.095,1630.973167
2021-10-10 17:00:00,3909.236,2202.917,84.48500000000001,1708.2009990000001
2021-10-10 18:00:00,4276.205,2322.355,90.91900000000001,1886.454667
2021-10-10 19:00:00,4507.891,2462.737,101.22999999999999,2029.2519999999997
2021-10-10 20:00:00,4523.183167000001,2557.67,120.31800000000001,2011.4616660000002
2021-10-10 21:00:00,4296.684832999999,2518.56,121.51,1933.202666
2021-10-10 22:00:00,3920.2145,2307.379,111.95599999999999,1792.212667
2021-10-10 23:00:00,3398.2775,2093.401,98.71,1596.451333
2021-10-11 00:00:00,2879.2505,1878.409,71.336,1389.7130000000002
2021-10-11 01:00:00,2571.1620000000003,1658.26,65.999,1274.5149999999999
2021-10-11 02:00:00,2412.392,1576.6185,73.24300000000002,1185.4263329999999
2021-10-11 03:00:00,2343.7743330000003,1516.0005,70.572,1101.219333
2021-10-11 04:00:00,2299.301334,1521.3310000000001,80.539,1099.188
2021-10-11 05:00:00,2465.952001,1583.3135,77.23999999999998,1165.913333
2021-10-11 06:00:00,2750.3280000000004,1722.9495000000002,96.57099999999998,1371.984667
2021-10-11 07:00:00,3340.045,1974.5815,101.455,1591.176334
2021-10-11 08:00:00,3653.267,2206.6445,92.93599999999999,1699.272334
2021-10-11 09:00:00,3679.033,2290.4489999999996,135.78700000000003,1688.620332
2021-10-11 10:00:00,3719.5,2282.3019999999997,117.245,1630.9615
2021-10-11 11:00:00,3650.977,2260.2790000000005,100.298,1617.438666
2021-10-11 12:00:00,3589.956,2220.052333,97.19900000000001,1636.030999
2021-10-11 13:00:00,3566.511,2062.530333,108.17399999999998,1580.355666
2021-10-11 14:00:00,3432.665,2000.7530000000002,76.492,1515.621666
2021-10-11 15:00:00,3292.446,1925.55,63.02000000000001,1489.903
2021-10-11 16:00:00,3446.91,1963.3760000000002,63.805,1408.085666
2021-10-11 17:00:00,3620.083,2122.7889999999998,88.27199999999999,1577.6766670000002
2021-10-11 18:00:00,4000.7690000000002,2354.005,86.40299999999999,1785.039333
2021-10-11 19:00:00,4425.469,2535.12,87.82399999999998,2031.275666
2021-10-11 20:00:00,4513.784,2667.013,101.646,2074.413334
2021-10-11 21:00:00,4334.4039999999995,2642.948,104.17200000000001,1997.4373329999999
2021-10-11 22:00:00,3939.7200000000003,2593.5946670000003,112.64299999999999,1845.914999
2021-10-11 23:00:00,3547.307,2299.4179999999997,97.663,1671.779167
2021-10-12 00:00:00,3069.958,2092.2335000000003,110.49000000000001,1489.306
2021-10-12 01:00:00,2772.4449999999997,1893.8453330000002,90.016,1349.109332
2021-10-12 02:00:00,2633.9075000000003,1800.776,71.126,1298.7586690000003
2021-10-12 03:00:00,2587.1859999999997,1754.009,86.62499999999997,1279.407999
2021-10-12 04:00:00,2626.7785000000003,1785.935,79.576,1298.1913329999998
2021-10-12 05:00:00,2750.170833,1882.1219999999998,88.09,1389.743667
2021-10-12 06:00:00,3109.5503339999996,2012.6039999999998,90.67,1556.668001
2021-10-12 07:00:00,3650.476166,2319.036,122.77700000000002,1750.228334
2021-10-12 08:00:00,4003.420332,2551.99,156.96999999999997,1942.164667
2021-10-12 09:00:00,3940.042835,2579.858333,157.546,1929.805334
2021-10-12 10:00:00,3983.209,2512.931667,125.96099999999998,1908.8486669999998
2021-10-12 11:00:00,3862.3105,2488.779,157.35299999999998,1870.358335
2021-10-12 12:00:00,3836.293333,2433.346,159.373,1837.892334
2021-10-12 13:00:00,3732.8284999999996,2349.929,116.81299999999999,1751.8221669999998
2021-10-12 14:00:00,3489.867,2154.736,100.588,1645.894
2021-10-12 15:00:00,3423.1000000000004,2150.889,87.42399999999999,1607.3206659999998
2021-10-12 16:00:00,3637.227,2233.523,97.361,1603.504168
2021-10-12 17:00:00,3982.217,2457.118,124.392,1825.655334
2021-10-12 18:00:00,4339.326999999999,2675.062,135.14200000000002,2012.045
2021-10-12 19:00:00,4664.891,2873.2380000000003,119.277,2168.175
2021-10-12 20:00:00,4579.993999,2910.612,126.176,2192.0260000000003
2021-10-12 21:00:00,4501.777001,2821.904667,115.60900000000002,2110.027
2021-10-12 22:00:00,4095.4379999999996,2626.2126660000004,111.418,1968.615333
2021-10-12 23:00:00,3588.286,2377.2926669999997,98.508,1752.299666
2021-10-13 00:00:00,3080.22,2079.3226680000002,88.626,1610.612333
2021-10-13 01:00:00,2761.189,1894.976001,72.42,1421.246666
2021-10-13 02:00:00,2606.015167,1760.210666,84.30499999999999,1302.162668
2021-10-13 03:00:00,2484.706,1654.640334,73.43699999999998,1238.730999
2021-10-13 04:00:00,2452.4219999999996,1695.885999,82.60300000000001,1240.3056660000002
2021-10-13 05:00:00,2583.987666,1751.6373330000001,66.32300000000001,1287.347501
2021-10-13 06:00:00,2843.9838330000002,1882.531999,92.276,1390.3429999999998
2021-10-13 07:00:00,3293.305166,2103.6800000000003,90.78699999999999,1566.6595000000002
2021-10-13 08:00:00,3622.973,2229.343333,104.21900000000001,1688.8033329999998
2021-10-13 09:00:00,3776.86,2369.432,112.62,1700.054
2021-10-13 10:00:00,3864.737,2379.16,122.71000000000001,1725.2126660000001
2021-10-13 11:00:00,3723.124833,2414.712,123.23800000000001,1661.8035
2021-10-13 12:00:00,3671.6346670000003,2340.583,129.35,1704.9675
2021-10-13 13:00:00,3671.839,2308.154,105.679,1684.064833
2021-10-13 14:00:00,3692.230333,2323.894,111.497,1631.960666
2021-10-13 15:00:00,3682.655167,2189.37,87.922,1617.826666
2021-10-13 16:00:00,3791.8325000000004,2339.58,84.426,1706.163332
2021-10-13 17:00:00,4084.6316669999997,2558.345,90.66700000000002,1874.7330000000002
2021-10-13 18:00:00,4436.3015,2669.424,106.817,1982.997332
2021-10-13 19:00:00,4656.224667,2852.084,122.506,2125.6859999999997
2021-10-13 20:00:00,4629.672333,2793.0519999999997,128.52599999999998,2207.070667
2021-10-13 21:00:00,4380.858332999999,2749.044,126.43799999999999,2090.954333
2021-10-13 22:00:00,3986.3906670000006,2521.732,109.14,1948.4406660000002
2021-10-13 23:00:00,3491.8565,2252.7470000000003,93.50300000000003,1738.766335
2021-10-14 00:00:00,3012.5575,2036.2759999999998,87.171,1500.143668
2021-10-14 01:00:00,2672.4455,1835.769,80.23899999999999,1346.655333
2021-10-14 02:00:00,2487.0550000000003,1695.136,82.88000000000001,1243.7649979999999
2021-10-14 03:00:00,2415.632,1620.362,85.48499999999999,1170.0686680000001
2021-10-14 04:00:00,2358.308,1593.3020000000001,90.78500000000001,1181.015
2021-10-14 05:00:00,2477.9179999999997,1646.964,72.13600000000001,1234.045666
2021-10-14 06:00:00,2772.648,1729.478,73.23,1352.553666
2021-10-14 07:00:00,3158.8445,1973.3890000000001,88.49900000000001,1482.5699989999998
2021-10-14 08:00:00,3511.657,2143.447,90.587,1608.702667
2021-10-14 09:00:00,3533.242,2153.904,85.942,1598.9993339999999
2021-10-14 10:00:00,3567.708333,2166.596,116.61599999999999,1584.1223330000003
2021-10-14 11:00:00,3593.969333,2225.71,109.98700000000002,1555.058
2021-10-14 12:00:00,3453.043667,2243.66,106.89,1557.188333
2021-10-14 13:00:00,3541.1935000000003,2281.8509999999997,91.712,1585.389668
2021-10-14 14:00:00,3549.2715,2217.218,100.68800000000002,1623.593
2021-10-14 15:00:00,3434.230667,2157.3313329999996,79.683,1578.612
2021-10-14 16:00:00,3519.459,2095.691334,86.13099999999999,1551.219
2021-10-14 17:00:00,3675.18,2304.518999,87.74900000000001,1705.989667
2021-10-14 18:00:00,3934.187833,2439.054,98.297,1898.056667
2021-10-14 19:00:00,4265.086833,2572.4260000000004,106.67899999999999,1991.6726670000003
2021-10-14 20:00:00,4327.941333,2647.207,115.38599999999998,2024.2686669999998
2021-10-14 21:00:00,4040.292833,2553.481,115.00500000000001,1942.2143330000001
2021-10-14 22:00:00,3835.835167,2363.867,113.302,1878.3796670000002
2021-10-14 23:00:00,3325.3305,2139.4930000000004,91.502,1660.109333
2021-10-15 00:00:00,2873.837,1953.069333,66.387,1417.303333
2021-10-15 01:00:00,2549.2015,1738.061667,64.44999999999999,1266.346
2021-10-15 02:00:00,2326.686667,1607.818333,56.041999999999994,1199.921
2021-10-15 03:00:00,2245.848667,1521.726333,58.794,1143.398666
2021-10-15 04:00:00,2253.3145000000004,1535.8,60.717,1151.815333
2021-10-15 05:00:00,2407.5805,1611.2380010000002,62.455000000000005,1191.418333
2021-10-15 06:00:00,2687.481667,1708.364,75.875,1316.822999
2021-10-15 07:00:00,3135.8158329999997,1993.519667,99.02,1478.682999
2021-10-15 08:00:00,3485.413833,2220.199333,90.86999999999999,1673.916666
2021-10-15 09:00:00,3576.819,2229.7923329999994,95.988,1666.48
2021-10-15 10:00:00,3532.6496669999997,2113.924001,85.181,1636.749
2021-10-15 11:00:00,3455.1125,2041.252,82.19399999999999,1548.97
2021-10-15 12:00:00,3363.012,1944.541,89.27599999999998,1456.376
2021-10-15 13:00:00,3353.616,1794.589,69.139,1430.926
2021-10-15 14:00:00,3172.919,1755.26,62.383,1322.432
2021-10-15 15:00:00,3108.9323329999997,1723.828,48.77,1322.768
2021-10-15 16:00:00,3192.352667,1721.0883330000001,58.029999999999994,1345.154333
2021-10-15 17:00:00,3291.7286670000003,1840.3619999999999,59.828,1451.011333
2021-10-15 18:00:00,3554.8855000000003,1964.8539999999998,64.834,1605.317
2021-10-15 19:00:00,3750.0215,2149.7209999999995,75.792,1729.915667
2021-10-15 20:00:00,3900.1710000000003,2189.2110000000002,86.79700000000001,1725.434333
2021-10-15 21:00:00,3733.408,2127.049,82.81700000000001,1671.517667
2021-10-15 22:00:00,3567.8371669999997,2068.271667,82.75500000000002,1594.414
2021-10-15 23:00:00,3248.997167,1998.4036660000002,79.325,1507.072001
2021-10-16 00:00:00,2892.0280000000002,1807.869333,60.12500000000001,1431.695
2021-10-16 01:00:00,2535.133833,1677.756333,49.410999999999994,1285.012334
2021-10-16 02:00:00,2303.5978330000003,1547.496999,56.656,1174.855666
2021-10-16 03:00:00,2202.960167,1440.1660000000002,63.986000000000004,1122.9283329999998
2021-10-16 04:00:00,2199.625,1432.263,61.341,1120.4520000000002
2021-10-16 05:00:00,2209.029833,1480.266,66.46199999999999,1111.8780000000002
2021-10-16 06:00:00,2372.7043329999997,1511.449,62.49700000000001,1186.8450010000001
2021-10-16 07:00:00,2635.078167,1637.936,64.62299999999999,1309.006333
2021-10-16 08:00:00,3064.088667,1981.833,91.75699999999999,1429.297
2021-10-16 09:00:00,3495.079334,2236.234,100.821,1638.056666
2021-10-16 10:00:00,3738.8195,2236.424,101.801,1728.2396669999998
2021-10-16 11:00:00,3786.7715000000003,2188.748,106.943,1752.835
2021-10-16 12:00:00,3709.389,2101.058,89.75700000000002,1695.9769999999999
2021-10-16 13:00:00,3610.9305,2020.461667,72.443,1563.686
2021-10-16 14:00:00,3375.871333,1872.816,78.514,1486.676
2021-10-16 15:00:00,3321.0870000000004,1828.9449989999998,62.188,1470.587
2021-10-16 16:00:00,3293.1941669999997,1822.543333,75.59799999999998,1431.9479999999999
2021-10-16 17:00:00,3381.3058330000003,1830.173,67.375,1460.0439999999999
2021-10-16 18:00:00,3552.1035,1906.852,96.971,1619.1136660000002
2021-10-16 19:00:00,3798.2043329999997,2133.899334,74.304,1704.321
2021-10-16 20:00:00,3883.244667,2188.9,78.213,1724.0079999999998
2021-10-16 21:00:00,3708.3615,2145.2110000000002,72.60799999999999,1716.035
2021-10-16 22:00:00,3581.754167,2011.149,67.816,1541.2980000000002
2021-10-16 23:00:00,3183.602167,1928.94,57.628,1473.844
2021-10-17 00:00:00,2755.284167,1777.923,49.368666,1358.316
2021-10-17 01:00:00,2541.963167,1609.1190000000001,46.228667,1259.0956660000002
2021-10-17 02:00:00,2331.391,1515.001,45.803000000000004,1143.075
2021-10-17 03:00:00,2170.594833,1433.7269999999999,41.19599999999999,1076.094666
2021-10-17 04:00:00,2113.787999,1409.239,48.07066699999999,1068.156667
2021-10-17 05:00:00,2113.9500000000003,1391.125,41.417,1090.913
2021-10-17 06:00:00,2263.319,1443.9389999999999,42.75600000000001,1138.029
2021-10-17 07:00:00,2485.0586670000002,1519.6989999999998,48.14733299999999,1219.449
2021-10-17 08:00:00,2834.1766669999997,1742.875,65.28566699999999,1365.765667
2021-10-17 09:00:00,3324.2963330000002,2052.476,86.59366699999998,1592.186332
2021-10-17 10:00:00,3615.377333,2259.257,90.174,1742.2269999999999
2021-10-17 11:00:00,3873.506,2313.780666,94.290999,1775.068
2021-10-17 12:00:00,3919.0820000000003,2328.3313340000004,105.034001,1798.244
2021-10-17 13:00:00,3872.973333,2286.7309999999998,88.063333,1772.711
2021-10-17 14:00:00,3728.447,2198.25,86.53966700000001,1757.7440000000001
2021-10-17 15:00:00,3708.53,2168.4663330000003,86.226667,1636.339
2021-10-17 16:00:00,3718.6616670000003,2107.108666,76.973334,1671.9859999999999
2021-10-17 17:00:00,3801.663667,2207.727333,99.86966699999999,1739.594
2021-10-17 18:00:00,4065.0139999999997,2306.665,100.14699999999999,1853.588
2021-10-17 19:00:00,4292.899,2460.5739999999996,84.99599999999998,2035.8700000000001
2021-10-17 20:00:00,4462.6576669999995,2470.712,86.43033399999999,2105.824334
2021-10-17 21:00:00,4264.723667,2416.04,89.20266600000002,1919.13
2021-10-17 22:00:00,3855.471,2277.257,95.63800099999999,1804.5040000000001
2021-10-17 23:00:00,3302.2196670000003,2043.473333,93.819666,1611.331666
2021-10-18 00:00:00,2854.0286669999996,1796.717001,68.12299900000002,1399.598999
2021-10-18 01:00:00,2468.384333,1591.938,63.990666999999995,1245.615002
2021-10-18 02:00:00,2306.083,1471.714666,61.115666999999995,1149.050334
2021-10-18 03:00:00,2193.2776670000003,1382.304001,58.179,1076.066667
2021-10-18 04:00:00,2119.4826669999998,1382.229668,55.096999999999994,1063.598
2021-10-18 05:00:00,2265.165,1463.0009989999999,68.507667,1098.6763329999999
2021-10-18 06:00:00,2567.669,1578.626,53.10533300000001,1245.608334
2021-10-18 07:00:00,3052.4303330000002,1771.991,60.760999000000005,1411.3759989999999
2021-10-18 08:00:00,3350.415667,1959.570667,72.677333,1582.5736670000001
2021-10-18 09:00:00,3371.359,1983.930333,84.98800000000001,1541.9863329999998
2021-10-18 10:00:00,3400.8999999999996,1987.194,111.961,1445.603666
2021-10-18 11:00:00,3491.282,1997.895,105.04899999999999,1448.2073340000002
2021-10-18 12:00:00,3476.888,1961.1039999999998,79.017,1396.683666
2021-10-18 13:00:00,3478.557667,1989.701,78.19399999999999,1450.28
2021-10-18 14:00:00,3340.630666,1839.4230000000002,71.202,1388.9660000000001
2021-10-18 15:00:00,3240.8196660000003,1775.387,62.784000000000006,1426.7800000000002
2021-10-18 16:00:00,3285.1653340000003,1838.0056670000001,71.97700000000002,1433.742
2021-10-18 17:00:00,3568.7520000000004,1983.431,76.184,1604.508667
2021-10-18 18:00:00,3882.678666,2151.860667,85.017,1796.927333
2021-10-18 19:00:00,4280.433333,2382.259666,100.14566699999999,1977.2900000000002
2021-10-18 20:00:00,4419.02,2448.935,114.299334,1994.7256670000002
2021-10-18 21:00:00,4215.107332,2461.55,97.224,1962.421
2021-10-18 22:00:00,3838.3509999999997,2353.976,100.48300000000002,1864.2713330000001
2021-10-18 23:00:00,3368.078,2184.910667,91.505,1665.260334
2021-10-19 00:00:00,2909.8709999999996,1916.653667,88.95,1462.945
2021-10-19 01:00:00,2616.249,1725.743667,81.34599999999999,1325.424667
2021-10-19 02:00:00,2459.575999,1604.574667,62.269,1225.445334
2021-10-19 03:00:00,2359.010333,1536.2076670000001,58.96,1183.2946670000001
2021-10-19 04:00:00,2368.512333,1604.371,66.42699999999999,1175.9160000000002
2021-10-19 05:00:00,2525.692,1654.644,86.709,1251.818001
2021-10-19 06:00:00,2839.556333,1786.6390000000001,77.70299999999997,1398.088
2021-10-19 07:00:00,3361.811667,2071.227,94.356,1576.403
2021-10-19 08:00:00,3662.3536669999994,2253.7969999999996,139.615,1747.121999
2021-10-19 09:00:00,3698.018667,2321.8776669999997,134.04200000000003,1748.7939999999999
2021-10-19 10:00:00,3655.677667,2268.214,106.061,1668.744
2021-10-19 11:00:00,3515.0213329999997,2138.388,103.51599999999999,1552.9389999999999
2021-10-19 12:00:00,3401.073333,2120.1710000000003,96.32400000000003,1564.592668
2021-10-19 13:00:00,3323.969,1980.9789999999998,84.76599999999999,1506.739
2021-10-19 14:00:00,3307.782333,1869.35,95.04599999999999,1447.046667
2021-10-19 15:00:00,3146.817333,1807.605,73.079,1409.549667
2021-10-19 16:00:00,3207.248001,1847.5410000000002,67.593,1477.218665
2021-10-19 17:00:00,3383.342001,1989.6209999999999,61.337,1599.993667
2021-10-19 18:00:00,4018.936001,2229.478,83.13199999999999,1814.151668
2021-10-19 19:00:00,4365.548333,2396.3959999999997,113.36800000000001,1997.7730009999998
2021-10-19 20:00:00,4289.658667,2448.978,101.87100000000001,1985.141999
2021-10-19 21:00:00,4030.9996669999996,2340.5750000000003,104.26,1885.433332
2021-10-19 22:00:00,3738.017,2281.502,103.733,1817.115999
2021-10-19 23:00:00,3259.923667,2037.548,94.05499999999999,1632.052332
2021-10-20 00:00:00,2737.6285,1794.502667,71.832,1394.496333
2021-10-20 01:00:00,2475.8689999999997,1575.5226670000002,71.711,1241.414
2021-10-20 02:00:00,2317.755333,1449.396333,63.25600000000001,1102.236001
2021-10-20 03:00:00,2189.0105000000003,1392.608667,67.93100000000001,1056.104168
2021-10-20 04:00:00,2157.697,1429.5720000000001,54.60099999999999,1043.949665
2021-10-20 05:00:00,2233.78,1442.8029999999999,64.429,1092.065333
2021-10-20 06:00:00,2493.9901670000004,1588.444,60.09,1203.629001
2021-10-20 07:00:00,2940.962667,1782.9833320000002,65.96600000000001,1392.101
2021-10-20 08:00:00,3250.972,1915.1690009999998,75.108,1472.056666
2021-10-20 09:00:00,3301.1639999999998,1997.9216670000003,87.682,1490.089
2021-10-20 10:00:00,3309.327,1954.470667,90.615,1501.700666
2021-10-20 11:00:00,3186.4210000000003,1917.952,86.28,1500.188
2021-10-20 12:00:00,3200.9184999999998,1894.8690000000001,84.047,1444.433
2021-10-20 13:00:00,3258.0615,1914.050667,75.282,1454.679
2021-10-20 14:00:00,3127.173333,1874.9,70.04300000000002,1443.813667
2021-10-20 15:00:00,3090.3543329999998,1795.729667,60.934000000000005,1336.908667
2021-10-20 16:00:00,3124.443667,1834.823667,67.83500000000001,1446.902333
2021-10-20 17:00:00,3473.6276669999997,2053.8953330000004,74.15599999999999,1631.613
2021-10-20 18:00:00,3974.456335,2246.112667,82.167,1842.212333
2021-10-20 19:00:00,4204.7429999999995,2441.0969999999998,101.185,1912.2949999999998
2021-10-20 20:00:00,4095.261333,2348.257,89.20100000000001,1905.285666
2021-10-20 21:00:00,3949.6373330000006,2308.216,95.83399999999997,1760.113667
2021-10-20 22:00:00,3626.572667,2203.612,106.1,1648.5439999999999
2021-10-20 23:00:00,3135.465,2015.9359999999997,91.671,1474.9210010000002
2021-10-21 00:00:00,2761.978,1821.2240000000002,64.31500000000001,1291.755001
2021-10-21 01:00:00,2437.832334,1564.848,65.276,1155.750333
2021-10-21 02:00:00,2251.422,1433.421,55.662000000000006,1079.622666
2021-10-21 03:00:00,2162.936666,1388.152,61.03800000000001,1052.1040010000002
2021-10-21 04:00:00,2137.238666,1385.769,59.51199999999999,1063.606333
2021-10-21 05:00:00,2234.873666,1418.452,53.46099999999999,1079.336666
2021-10-21 06:00:00,2490.064667,1514.7250000000001,61.824,1165.513333
2021-10-21 07:00:00,2902.977,1764.424,61.338,1354.894
2021-10-21 08:00:00,3250.817999,1942.159,78.693,1411.9769999999999
2021-10-21 09:00:00,3255.816667,1956.131,75.23599999999999,1423.578333
2021-10-21 10:00:00,3252.084,1885.6209999999999,77.354,1418.8596670000002
2021-10-21 11:00:00,3205.617333,1883.971,89.90500000000002,1422.209333
2021-10-21 12:00:00,3193.4919999999997,1860.051,76.038,1476.645333
2021-10-21 13:00:00,3125.934,1780.932333,67.50200000000001,1402.2359999999999
2021-10-21 14:00:00,3020.4606670000003,1806.444333,68.97099999999999,1348.895001
2021-10-21 15:00:00,2953.973999,1739.199,63.092,1305.4120000000003
2021-10-21 16:00:00,3007.1639999999998,1720.082,66.371,1294.468
2021-10-21 17:00:00,3419.712,1917.3429999999998,77.32199999999999,1529.7566669999999
2021-10-21 18:00:00,3849.292,2156.5370000000003,75.78399999999999,1743.3940010000001
2021-10-21 19:00:00,4138.060334,2283.5009999999997,90.626,1842.8516690000001
2021-10-21 20:00:00,4120.737999999999,2256.0910000000003,93.78200000000001,1840.443001
2021-10-21 21:00:00,3873.251,2228.303,106.98100000000001,1805.791667
2021-10-21 22:00:00,3612.022,2086.973,92.879,1666.668666
2021-10-21 23:00:00,3175.892,1879.8626679999998,75.694,1509.52
2021-10-22 00:00:00,2709.780334,1698.799667,67.781,1287.902335
2021-10-22 01:00:00,2363.6073340000003,1492.140333,55.675,1142.464999
2021-10-22 02:00:00,2194.9529999999995,1366.099667,51.221,1048.062998
2021-10-22 03:00:00,2127.538,1299.780667,48.807,999.465334
2021-10-22 04:00:00,2075.1150000000002,1309.3633340000001,47.178,961.0546659999999
2021-10-22 05:00:00,2189.071,1362.6636660000001,46.053,1009.915668
2021-10-22 06:00:00,2415.4049999999997,1455.331333,57.84,1163.359
2021-10-22 07:00:00,2839.421,1675.011002,61.444,1277.134
2021-10-22 08:00:00,3211.26,1852.554999,73.50999999999999,1429.229999
2021-10-22 09:00:00,3316.611667,1909.022333,91.138,1501.914998
2021-10-22 10:00:00,3364.166667,1945.245,76.22500000000001,1493.956333
2021-10-22 11:00:00,3427.315,2013.341,87.382,1489.086999
2021-10-22 12:00:00,3478.158,2055.771,75.95,1539.666334
2021-10-22 13:00:00,3443.232,2006.4720000000002,75.53400000000002,1489.1529999999998
2021-10-22 14:00:00,3317.5389999999998,1926.9569999999999,65.334,1458.745
2021-10-22 15:00:00,3231.36,1900.024,70.03800000000001,1418.52
2021-10-22 16:00:00,3371.762666,2011.1619999999998,78.18900000000001,1508.688
2021-10-22 17:00:00,3587.678,2147.063,83.48400000000001,1630.298
2021-10-22 18:00:00,3884.162,2227.428,79.43199999999999,1740.856
2021-10-22 19:00:00,4063.9629999999997,2433.5299999999997,108.237,1885.3410000000001
2021-10-22 20:00:00,4035.2169999999996,2348.299,92.938,1831.156
2021-10-22 21:00:00,3850.224,2261.977,110.661,1788.6650000000002
2021-10-22 22:00:00,3625.410334,2180.495,102.18200000000002,1689.1750000000002
2021-10-22 23:00:00,3297.617,2015.3469999999998,97.54199999999999,1547.337666
2021-10-23 00:00:00,2925.392,1891.2749999999999,72.965,1393.49
2021-10-23 01:00:00,2615.2003330000002,1683.299,73.53800000000001,1287.002
2021-10-23 02:00:00,2392.875333,1530.717667,65.754,1134.8439990000002
2021-10-23 03:00:00,2295.822,1427.089,62.586,1087.170999
2021-10-23 04:00:00,2226.919667,1420.665333,54.846000000000004,1048.0896659999999
2021-10-23 05:00:00,2242.330667,1424.347,59.931000000000004,1067.9093320000002
2021-10-23 06:00:00,2347.64,1501.209,60.00899999999999,1097.0693350000001
2021-10-23 07:00:00,2550.7520000000004,1587.283,67.777,1191.481001
2021-10-23 08:00:00,2925.106667,1785.7780000000002,61.959999999999994,1314.012666
2021-10-23 09:00:00,3464.365334,2016.014,82.90299999999999,1486.948999
2021-10-23 10:00:00,3787.3726670000005,2205.674,97.41900000000001,1646.288668
2021-10-23 11:00:00,3956.4313330000004,2342.21,99.41000000000001,1764.992333
2021-10-23 12:00:00,4054.361334,2375.561,96.853,1792.487666
2021-10-23 13:00:00,4009.08,2329.535,87.73000000000002,1842.7236659999999
2021-10-23 14:00:00,3995.038667,2313.120333,90.059,1800.4983339999999
2021-10-23 15:00:00,3973.602333,2268.4040000000005,90.30699999999999,1785.508667
2021-10-23 16:00:00,3992.459667,2238.592,101.535,1763.121334
2021-10-23 17:00:00,4068.4996659999997,2353.0533330000003,106.54899999999999,1831.257001
2021-10-23 18:00:00,4110.723333,2384.447,106.29100000000001,1860.730668
2021-10-23 19:00:00,4118.656,2511.938666,120.70599999999999,1937.923333
2021-10-23 20:00:00,4107.780334000001,2503.3853339999996,126.15500000000002,1953.200667
2021-10-23 21:00:00,3904.6590000000006,2366.028667,117.642,1827.521334
2021-10-23 22:00:00,3666.7586659999997,2231.8326660000002,116.054,1716.343001
2021-10-23 23:00:00,3347.1963330000003,2095.726334,101.98700000000001,1634.682668
2021-10-24 00:00:00,2978.234667,1912.7003330000002,95.777,1470.3199989999998
2021-10-24 01:00:00,2673.320667,1740.277333,67.95200000000001,1293.493334
2021-10-24 02:00:00,2417.8779999999997,1549.873,68.50999999999999,1220.949665
2021-10-24 03:00:00,2268.191,1442.320667,60.230999999999995,1126.6026669999999
2021-10-24 04:00:00,2191.651001,1448.2060000000001,61.53699999999999,1107.451334
2021-10-24 05:00:00,2227.748334,1460.388,60.82499999999999,1101.8580000000002
2021-10-24 06:00:00,2291.7613330000004,1473.2559999999999,70.64399999999999,1133.8193339999998
2021-10-24 07:00:00,2508.354333,1561.933,77.961,1192.224667
2021-10-24 08:00:00,2876.96,1751.247,71.31199999999998,1315.062001
2021-10-24 09:00:00,3345.641333,2039.745,71.042,1569.613667
2021-10-24 10:00:00,3831.273667,2206.1310000000003,81.70400000000001,1780.5819999999999
2021-10-24 11:00:00,4029.177329,2353.077,91.63499999999999,1848.8249999999998
2021-10-24 12:00:00,4162.571002000001,2375.8149999999996,111.29799999999999,1936.203
2021-10-24 13:00:00,4105.911338,2488.982,95.39699999999999,1940.321
2021-10-24 14:00:00,3654.548669,2501.3759999999997,111.058,1924.9213330000002
2021-10-24 15:00:00,3654.170999,2417.7239999999997,103.27799999999998,1900.136
2021-10-24 16:00:00,3525.289663,2472.076,112.281,1919.557
2021-10-24 17:00:00,3916.269666,2560.678,141.55900000000003,1994.596
2021-10-24 18:00:00,4602.785334,2682.321,116.791,2034.039
2021-10-24 19:00:00,4662.125999,2771.6549999999997,128.806,2144.125
2021-10-24 20:00:00,4592.277999,2721.54,115.68700000000001,2144.5460000000003
2021-10-24 21:00:00,4213.877334000001,2678.508,139.511,2083.541001
2021-10-24 22:00:00,3836.0856670000003,2439.956,110.924,1874.8560000000002
2021-10-24 23:00:00,3405.829333,2237.38,99.54899999999999,1660.184667
2021-10-25 00:00:00,2867.811999,1957.444,96.503,1445.0246670000001
2021-10-25 01:00:00,2493.0209999999997,1725.8609999999999,72.45200000000001,1269.5870009999999
2021-10-25 02:00:00,2311.049667,1570.183,70.581,1188.4843329999999
2021-10-25 03:00:00,2308.492666,1487.795,72.082,1128.157999
2021-10-25 04:00:00,2163.891334,1474.2330000000002,68.598,1093.861332
2021-10-25 05:00:00,2650.698999,1541.402,70.929,1140.155
2021-10-25 06:00:00,2604.3860000000004,1655.843,68.768,1244.2630000000001
2021-10-25 07:00:00,3531.787,1843.9879999999998,81.92,1409.801
2021-10-25 08:00:00,3374.513,2040.4900000000002,84.80799999999999,1563.3500000000001
2021-10-25 09:00:00,4073.160666,2015.23,89.97799999999998,1554.6799999999998
2021-10-25 10:00:00,3407.4263330000003,2022.004,100.215,1539.3980000000001
2021-10-25 11:00:00,3593.9350000000004,2047.8180000000002,112.575,1512.872
2021-10-25 12:00:00,3654.964667,2110.0920000000006,95.62899999999999,1584.268
2021-10-25 13:00:00,3695.553,2142.093,104.961,1617.588
2021-10-25 14:00:00,3649.4736660000003,2136.635,93.286,1589.138
2021-10-25 15:00:00,3624.5013339999996,2142.0119999999997,87.26700000000001,1653.8809999999999
2021-10-25 16:00:00,3705.186334,2167.306,120.04399999999998,1703.9189999999999
2021-10-25 17:00:00,4074.701,2408.832,110.74199999999999,1866.7359999999999
2021-10-25 18:00:00,4557.880999999999,2598.175,137.978,2023.551
2021-10-25 19:00:00,4832.473667,2765.4030000000002,133.88600000000002,2184.312
2021-10-25 20:00:00,4674.584334,2734.9979999999996,131.658,2171.305
2021-10-25 21:00:00,4325.633999,2647.249,127.86299999999999,2030.08
2021-10-25 22:00:00,4019.6549999999997,2467.151,126.746,1897.792334
2021-10-25 23:00:00,3413.406,2260.0190000000002,103.306,1672.389002
2021-10-26 00:00:00,2912.927,1977.8900000000003,96.424,1457.926001
2021-10-26 01:00:00,2605.360667,1747.268,79.705,1330.9393340000001
2021-10-26 02:00:00,2402.871666,1659.798,85.66399999999999,1208.945999
2021-10-26 03:00:00,2331.620666,1540.364,67.057,1139.6376670000002
2021-10-26 04:00:00,2247.1923340000003,1559.3310000000001,79.18199999999999,1122.5620829999998
2021-10-26 05:00:00,2360.808333,1582.626,63.144999999999996,1174.3546660000002
2021-10-26 06:00:00,2664.075333,1699.415,74.22700000000002,1292.416
2021-10-26 07:00:00,3077.473667,1912.6260000000002,76.32700000000001,1476.614
2021-10-26 08:00:00,3467.700334,2070.126,84.171,1589.99
2021-10-26 09:00:00,3523.2686670000003,2122.099,109.15900000000002,1600.1550000000002
2021-10-26 10:00:00,3521.4443330000004,2045.8600000000001,88.32300000000001,1555.3020000000001
2021-10-26 11:00:00,3459.341666,2096.709,91.998,1559.143
2021-10-26 12:00:00,3626.3696659999996,2134.64,118.714,1567.838
2021-10-26 13:00:00,3639.427,2125.187,112.25,1660.672
2021-10-26 14:00:00,3572.422333,2171.891,110.235,1651.6390000000001
2021-10-26 15:00:00,3567.828667,2155.067,100.662,1586.864
2021-10-26 16:00:00,3759.353334,2226.282,99.66799999999999,1659.847
2021-10-26 17:00:00,4096.061334,2379.848,92.25999999999999,1838.56
2021-10-26 18:00:00,4437.620334,2561.567,116.64200000000001,2025.286
2021-10-26 19:00:00,4675.701666,2798.554,135.76000000000002,2077.0516669999997
2021-10-26 20:00:00,4549.648667,2777.5640000000003,113.24300000000001,2125.4120000000003
2021-10-26 21:00:00,4372.224,2645.016,112.9,2041.588
2021-10-26 22:00:00,3923.537667,2426.103,110.51400000000001,1851.882999
2021-10-26 23:00:00,3392.286,2204.9759999999997,93.40899999999999,1610.6636669999998
2021-10-27 00:00:00,2914.7463339999995,1938.6620000000003,97.398,1413.939333
2021-10-27 01:00:00,2558.834334,1732.662,80.24300000000001,1276.9466659999998
2021-10-27 02:00:00,2419.246,1589.752,64.875,1171.0243340000002
2021-10-27 03:00:00,2306.927667,1538.342,60.735,1090.910667
2021-10-27 04:00:00,2269.8543329999998,1542.609,57.326,1095.306
2021-10-27 05:00:00,2342.3766670000005,1549.185,64.174,1124.914
2021-10-27 06:00:00,2625.270334,1670.064,67.988,1211.8723340000001
2021-10-27 07:00:00,3099.384,1938.4840000000002,70.97300000000001,1423.326
2021-10-27 08:00:00,3402.6893339999997,2071.6760000000004,72.969,1544.218
2021-10-27 09:00:00,3383.755001,2058.009,91.987,1528.573667
2021-10-27 10:00:00,3462.0723350000003,2038.8110000000001,89.45999999999998,1517.941
2021-10-27 11:00:00,3403.136,2055.555,93.99799999999999,1516.173333
2021-10-27 12:00:00,3390.864998,2004.675,83.29199999999999,1514.587333
2021-10-27 13:00:00,3390.087,2020.5,86.00899999999997,1547.797667
2021-10-27 14:00:00,3261.037666,1995.22,73.40200000000002,1485.970667
2021-10-27 15:00:00,3293.972334,1997.505,62.285999999999994,1510.4246669999998
2021-10-27 16:00:00,3466.614333,2066.617,85.635,1602.550667
2021-10-27 17:00:00,3762.7200000000003,2254.0280000000002,86.95199999999998,1763.726
2021-10-27 18:00:00,4195.153001,2436.893,124.06900000000002,1916.0793330000001
2021-10-27 19:00:00,4412.929666,2585.334,109.64,2077.481667
2021-10-27 20:00:00,4378.224,2582.3430000000003,116.064,2134.177667
2021-10-27 21:00:00,4223.3186670000005,2496.987,112.85299999999998,1985.660333
2021-10-27 22:00:00,3772.882001,2352.6279999999997,109.4,1841.5413330000001
2021-10-27 23:00:00,3277.160667,2119.801,95.678,1674.504999
2021-10-28 00:00:00,2918.268,1900.247,87.26899999999999,1422.321667
2021-10-28 01:00:00,2561.834333,1661.792,74.81599999999999,1268.4046669999998
2021-10-28 02:00:00,2362.880333,1546.448,80.807,1156.684332
2021-10-28 03:00:00,2218.395666,1479.035,61.278,1062.9150009999998
2021-10-28 04:00:00,2163.5603329999994,1467.485,64.55000000000001,1058.8960000000002
2021-10-28 05:00:00,2210.775,1476.461,64.50999999999999,1071.9879999999998
2021-10-28 06:00:00,2458.163667,1542.5369999999998,68.069,1142.606
2021-10-28 07:00:00,2860.295666,1746.705,66.20500000000001,1323.6019999999999
2021-10-28 08:00:00,3137.194333,1873.5659999999998,69.06800000000001,1396.887
2021-10-28 09:00:00,3130.697335,1866.719,77.34799999999998,1422.942
2021-10-28 10:00:00,3190.556332,1814.429333,73.08800000000001,1388.382
2021-10-28 11:00:00,3158.2343330000003,1843.834667,83.47699999999999,1371.509
2021-10-28 12:00:00,3229.978333,1802.884,85.28500000000001,1362.285
2021-10-28 13:00:00,3156.5223319999996,1770.091,85.20899999999999,1360.0700000000002
2021-10-28 14:00:00,3156.4323329999997,1766.205,64.887,1343.8180000000002
2021-10-28 15:00:00,3160.595666,1817.174,61.228,1351.647
2021-10-28 16:00:00,3250.876333,1888.698,66.842,1427.598
2021-10-28 17:00:00,3519.230667,2014.4959999999999,85.49900000000001,1589.888
2021-10-28 18:00:00,3891.289,2137.313,95.477,1682.6640000000002
2021-10-28 19:00:00,4145.226667,2285.906,85.47500000000001,1786.823334
2021-10-28 20:00:00,4144.180665999999,2269.666,82.998,1835.052999
2021-10-28 21:00:00,3967.880999,2186.811,97.614,1694.435667
2021-10-28 22:00:00,3577.967666,2038.8880000000001,84.16199999999999,1585.855667
2021-10-28 23:00:00,3105.8450000000003,1838.2060000000001,76.349,1395.2133330000001
2021-10-29 00:00:00,2665.139,1638.577,64.98799999999999,1256.6480000000001
2021-10-29 01:00:00,2353.811001,1438.809,53.95400000000001,1124.724333
2021-10-29 02:00:00,2113.144666,1342.342,44.463,1001.9266660000001
2021-10-29 03:00:00,2061.741332,1232.255,44.025,949.9076680000001
2021-10-29 04:00:00,2011.781,1241.627,44.461,918.624667
2021-10-29 05:00:00,2107.950334,1310.415,52.252,957.5156649999999
2021-10-29 06:00:00,2279.726667,1394.145666,53.970000000000006,1039.549
2021-10-29 07:00:00,2759.5643339999997,1631.1480000000001,59.714,1182.4666659999998
2021-10-29 08:00:00,3108.059999,1783.688666,58.910000000000004,1311.138333
2021-10-29 09:00:00,3176.392001,1896.6663330000001,61.461,1422.048666
2021-10-29 10:00:00,3320.129334,1885.505,79.327,1393.346001
2021-10-29 11:00:00,3351.8483340000002,1874.538,79.15299999999999,1441.781665
2021-10-29 12:00:00,3400.12,1946.472,88.32900000000002,1424.618667
2021-10-29 13:00:00,3422.660333,1876.641,77.318,1417.236666
2021-10-29 14:00:00,3213.6986669999997,1839.69,58.854,1397.600334
2021-10-29 15:00:00,3193.437666,1792.1190000000001,58.166999999999994,1348.5130009999998
2021-10-29 16:00:00,3185.386332,1808.18,65.69,1432.246
2021-10-29 17:00:00,3401.162999,1943.596,72.734,1531.1233339999999
2021-10-29 18:00:00,3698.575334,2116.668,90.405,1722.6476659999998
2021-10-29 19:00:00,4127.666666,2346.491,98.167,1811.264001
2021-10-29 20:00:00,4114.739667,2434.7889999999998,104.332,1875.102
2021-10-29 21:00:00,3917.044333,2379.7093320000004,110.03099999999999,1845.086667
2021-10-29 22:00:00,3814.036667,2294.779667,115.66100000000002,1750.8396670000002
2021-10-29 23:00:00,3445.95,2189.8663340000003,122.46600000000001,1633.428334
2021-10-30 00:00:00,3138.229999,2035.721,96.61499999999998,1544.177001
2021-10-30 01:00:00,2816.983,1971.827,82.71200000000002,1418.918002
2021-10-30 02:00:00,2648.2799990000003,1788.862,79.45900000000002,1305.252334
2021-10-30 03:00:00,2579.5283329999997,1692.5059999999999,91.33,1258.1043319999999
2021-10-30 04:00:00,2516.533333,1683.801,65.87599999999999,1215.409333
2021-10-30 05:00:00,2531.141333,1699.748,70.734,1212.8539999999998
2021-10-30 06:00:00,2627.471666,1765.3359999999998,86.00599999999999,1290.718333
2021-10-30 07:00:00,2944.992,1838.45,86.382,1374.0529999999999
2021-10-30 08:00:00,3330.286,2058.757,95.438,1519.2530000000002
2021-10-30 09:00:00,3902.901334,2315.477,124.85200000000002,1699.828
2021-10-30 10:00:00,4174.8913330000005,2395.3990000000003,114.596,1882.194
2021-10-30 11:00:00,4122.422333,2472.679,104.67499999999998,1910.5964999999999
2021-10-30 12:00:00,4049.4820009999994,2383.522,97.503,1874.920001
2021-10-30 13:00:00,3989.907333,2343.253,104.137,1835.523667
2021-10-30 14:00:00,3744.6303340000004,2232.4809999999998,92.972,1735.168333
2021-10-30 15:00:00,3712.192001,2208.0209999999997,89.44200000000001,1701.403334
2021-10-30 16:00:00,3595.985333,2160.172,83.957,1706.2379999999998
2021-10-30 17:00:00,3725.110666,2208.96,88.92699999999999,1764.656
2021-10-30 18:00:00,3860.2656660000002,2342.059,98.63799999999998,1881.595
2021-10-30 19:00:00,4129.702668,2504.353,99.8,1951.9370000000001
2021-10-30 20:00:00,4169.7826669999995,2522.327,98.28699999999999,1970.9880000000003
2021-10-30 21:00:00,3995.2513329999992,2398.708,118.08000000000001,1931.175334
2021-10-30 22:00:00,3820.5116660000003,2322.428,114.37299999999999,1859.078
2021-10-30 23:00:00,3525.960999,2203.2870000000003,104.26100000000001,1711.588
2021-10-31 00:00:00,3172.815334,2035.6860000000001,92.62199999999999,1586.345
2021-10-31 01:00:00,2866.056668,1885.911,94.82199999999999,1421.465332
2021-10-31 02:00:00,2640.756334,1789.556,74.92000000000002,1306.141666
2021-10-31 03:00:00,2535.998333,1688.941,87.134,1243.4176670000002
2021-10-31 04:00:00,2408.727334,1640.682,73.38099999999999,1221.8120000000001
2021-10-31 05:00:00,2428.126334,1644.768,71.188,1183.629333
2021-10-31 06:00:00,2513.541333,1658.249,76.937,1221.5059999999999
2021-10-31 07:00:00,2752.771334,1765.4479999999999,78.91999999999999,1295.2559999999999
2021-10-31 08:00:00,3207.351334,1998.482,89.463,1435.714333
2021-10-31 09:00:00,3684.724666,2255.957,99.652,1673.0
2021-10-31 10:00:00,4047.803666,2404.4089999999997,145.919,1874.3429999999998
2021-10-31 11:00:00,4184.455667,2508.0679999999998,144.49100000000004,1902.454333
2021-10-31 12:00:00,4230.0506669999995,2541.328,117.58399999999999,1908.9096670000001
2021-10-31 13:00:00,4201.402334,2475.027,90.82000000000001,1860.470333
2021-10-31 14:00:00,4020.129334,2432.635,118.41999999999999,1803.263
2021-10-31 15:00:00,3925.104334,2267.343,96.903,1794.837333
2021-10-31 16:00:00,3940.355666,2275.9030000000002,92.779,1860.0786669999998
2021-10-31 17:00:00,4021.696666,2307.553,108.456,1827.405
2021-10-31 18:00:00,4185.279999,2443.619,117.438,1880.493667
2021-10-31 19:00:00,4282.064,2496.835,106.311,1953.370334
2021-10-31 20:00:00,4205.743333,2495.2969999999996,103.66399999999999,1922.857334
2021-10-31 21:00:00,4078.0850010000004,2503.9939999999997,108.50800000000001,1905.768334
2021-10-31 22:00:00,3870.461667,2415.829,112.168,1884.737
2021-10-31 23:00:00,3428.746333,2286.184,93.77799999999999,1731.1599999999999
2021-11-01 00:00:00,3029.5426660000003,1997.253,96.25800000000001,1520.9069999999997
2021-11-01 01:00:00,2691.167667,1841.027,90.342,1366.821667
2021-11-01 02:00:00,2537.170333,1688.7376669999999,66.15599999999998,1257.109666
2021-11-01 03:00:00,2423.5603330000004,1648.999333,67.66799999999998,1209.058666
2021-11-01 04:00:00,2386.624001,1614.835667,68.06800000000001,1205.386
2021-11-01 05:00:00,2489.0626660000003,1675.731667,72.46300000000001,1221.777
2021-11-01 06:00:00,2794.930667,1779.786,79.48899999999999,1316.658
2021-11-01 07:00:00,3159.309667,2018.7489999999998,89.27900000000001,1534.3500000000001
2021-11-01 08:00:00,3656.375333,2222.781,89.841,1604.011
2021-11-01 09:00:00,3754.531999,2305.5170000000003,104.786,1661.788
2021-11-01 10:00:00,3786.782999,2380.32,151.558,1654.42
2021-11-01 11:00:00,3810.1073340000003,2452.7830000000004,152.28499999999997,1728.574
2021-11-01 12:00:00,4019.865667,2457.176,149.74800000000002,1802.091
2021-11-01 13:00:00,4094.187667,2518.258,117.617,1833.284
2021-11-01 14:00:00,4032.978666,2512.003,129.05600000000004,1815.456333
2021-11-01 15:00:00,4059.9256670000004,2522.8289999999997,127.178,1885.1386670000002
2021-11-01 16:00:00,4190.460668,2610.384,108.09100000000001,1927.095
2021-11-01 17:00:00,4536.824333,2770.010333,120.427,2078.376
2021-11-01 18:00:00,5071.530667,2997.754667,152.24999999999994,2308.1719999999996
2021-11-01 19:00:00,5148.841,3148.843333,147.003,2437.833333
2021-11-01 20:00:00,5003.7423340000005,3091.548,146.258,2432.931667
2021-11-01 21:00:00,4701.390333000001,3035.0016669999995,141.68700000000004,2252.7556670000004
2021-11-01 22:00:00,4214.140333,2763.1676669999997,136.29000000000002,2052.363334
2021-11-01 23:00:00,3588.667333,2471.4269999999997,112.93199999999999,1824.659
2021-11-02 00:00:00,3128.741,2160.3473329999997,95.2,1580.091667
2021-11-02 01:00:00,2753.7790000000005,1922.0790000000002,78.179,1393.688333
2021-11-02 02:00:00,2573.789666,1764.8016670000002,74.33699999999999,1283.0383339999998
2021-11-02 03:00:00,2437.502999,1672.920333,89.74900000000001,1238.9426669999998
2021-11-02 04:00:00,2387.941001,1687.690667,72.32300000000001,1227.7536679999998
2021-11-02 05:00:00,2544.799666,1725.2923329999999,73.506,1282.036333
2021-11-02 06:00:00,2855.342333,1867.4116669999999,80.206,1383.063
2021-11-02 07:00:00,3332.740667,2099.411,104.33500000000001,1625.359
2021-11-02 08:00:00,3692.178334,2274.873667,101.90300000000002,1738.194333
2021-11-02 09:00:00,3684.704667,2341.175333,103.88499999999999,1735.177667
2021-11-02 10:00:00,3629.162333,2284.236333,114.14900000000002,1704.372667
2021-11-02 11:00:00,3681.894666,2235.712,115.06,1619.787
2021-11-02 12:00:00,3575.1983330000003,2202.045,104.82300000000001,1633.293666
2021-11-02 13:00:00,3620.5366670000003,2210.0600000000004,105.54599999999999,1645.7259999999999
2021-11-02 14:00:00,3566.845333,2147.908,87.59599999999999,1624.259
2021-11-02 15:00:00,3593.296334,2189.661,80.874,1579.7530000000002
2021-11-02 16:00:00,3670.5233340000004,2299.9539999999997,96.728,1692.7930000000001
2021-11-02 17:00:00,4029.3210010000003,2527.619,108.76299999999999,1846.5729999999999
2021-11-02 18:00:00,4494.940000999999,2662.6369999999997,132.263,2033.3190000000002
2021-11-02 19:00:00,4767.529666,2894.094,135.89800000000002,2208.962
2021-11-02 20:00:00,4632.526667,2856.862,144.92900000000003,2218.255
2021-11-02 21:00:00,4382.357,2764.833,134.744,2111.5249999999996
2021-11-02 22:00:00,3997.877,2562.552,126.78500000000001,1970.931333
2021-11-02 23:00:00,3471.641999,2300.143,117.416,1748.213
2021-11-03 00:00:00,2967.978668,2068.068,87.078,1526.618
2021-11-03 01:00:00,2665.360001,1819.602,67.07399999999998,1373.161
2021-11-03 02:00:00,2468.191667,1668.417,60.399,1241.9560000000001
2021-11-03 03:00:00,2360.9786670000003,1593.557,66.647,1192.763
2021-11-03 04:00:00,2337.812666,1590.878,70.99899999999998,1187.156
2021-11-03 05:00:00,2444.6583330000003,1656.163,61.745000000000005,1183.8690000000001
2021-11-03 06:00:00,2766.253334,1809.56,72.18499999999999,1305.826
2021-11-03 07:00:00,3196.433,2020.049,94.44299999999998,1474.7779999999998
2021-11-03 08:00:00,3619.905667,2223.4700000000003,99.16599999999998,1616.9323339999999
2021-11-03 09:00:00,3584.070334,2226.605,112.41600000000001,1593.4189999999999
2021-11-03 10:00:00,3517.3053340000006,2196.194,103.377,1564.674
2021-11-03 11:00:00,3452.983666,2147.897,108.79,1570.4699999999998
2021-11-03 12:00:00,3415.331999,2107.7400000000002,113.68900000000001,1578.5970000000002
2021-11-03 13:00:00,3504.0403340000003,2104.194,90.30799999999999,1560.738
2021-11-03 14:00:00,3373.6629999999996,2071.598,79.57000000000001,1519.846
2021-11-03 15:00:00,3373.777,2013.95,76.516,1525.6280000000002
2021-11-03 16:00:00,3504.456,2036.9470000000001,84.918,1584.079
2021-11-03 17:00:00,3965.928667,2306.6050000000005,89.362,1803.379
2021-11-03 18:00:00,4315.836667999999,2554.5710000000004,128.319,1977.152
2021-11-03 19:00:00,4697.7483330000005,2750.071,114.35499999999999,2075.5969999999998
2021-11-03 20:00:00,4531.327334,2775.186,111.118,2106.911
2021-11-03 21:00:00,4333.363333,2688.4489999999996,107.086,2034.854
2021-11-03 22:00:00,3931.8236669999997,2584.4809999999998,112.83300000000001,1918.874
2021-11-03 23:00:00,3486.118,2356.08,115.28000000000002,1689.497
2021-11-04 00:00:00,3095.7623329999997,2023.748,100.75200000000001,1515.247334
2021-11-04 01:00:00,2675.480666,1810.19,83.222,1334.262334
2021-11-04 02:00:00,2457.663333,1644.9223339999999,64.961,1271.58
2021-11-04 03:00:00,2330.840667,1546.621,67.886,1175.845333
2021-11-04 04:00:00,2289.505666,1547.886333,64.57800000000002,1155.1
2021-11-04 05:00:00,2407.2343339999998,1608.23,68.413,1201.592999
2021-11-04 06:00:00,2710.8123330000003,1712.88,67.58800000000001,1287.4790010000002
2021-11-04 07:00:00,3114.5576659999997,1938.885,91.497,1477.089
2021-11-04 08:00:00,3361.6629999999996,2080.265,105.514,1583.544999
2021-11-04 09:00:00,3373.891001,2107.9809999999998,86.16499999999999,1541.9699999999998
2021-11-04 10:00:00,3418.884333,2100.6800000000003,96.316,1494.371
2021-11-04 11:00:00,3427.068999,2046.099667,85.022,1476.69
2021-11-04 12:00:00,3436.210999,2079.517333,103.373,1514.2020000000002
2021-11-04 13:00:00,3428.331666,2011.717,98.369,1546.3590000000002
2021-11-04 14:00:00,3456.019333,2064.116,98.606,1583.582
2021-11-04 15:00:00,3450.518667,2131.836,95.319,1560.4470000000001
2021-11-04 16:00:00,3502.3900000000003,2155.672,80.36500000000001,1636.319
2021-11-04 17:00:00,3921.0860009999997,2363.6440000000002,99.287,1834.841
2021-11-04 18:00:00,4433.162666,2586.193333,113.34,2011.6
2021-11-04 19:00:00,4600.2373339999995,2760.278333,127.365,2093.253667
2021-11-04 20:00:00,4485.370999999999,2767.5703330000006,116.48400000000001,2089.1853330000004
2021-11-04 21:00:00,4284.234333,2729.728333,118.191,2027.958
2021-11-04 22:00:00,3946.031332,2523.817333,113.699,1859.2056659999998
2021-11-04 23:00:00,3489.3843340000003,2208.9516670000003,94.85,1684.486333
2021-11-05 00:00:00,3104.646667,2070.2893329999997,74.218,1531.0520000000001
2021-11-05 01:00:00,2728.987,1822.011667,70.939,1366.121
2021-11-05 02:00:00,2493.504,1701.365,71.023,1255.842
2021-11-05 03:00:00,2363.793,1582.218,67.194,1173.577
2021-11-05 04:00:00,2345.456,1572.482,65.89999999999999,1170.819
2021-11-05 05:00:00,2476.793334,1590.1240000000003,61.32199999999999,1199.9270000000001
2021-11-05 06:00:00,2728.3813339999997,1658.2959999999998,64.99499999999999,1272.287
2021-11-05 07:00:00,3125.475667,1855.4450000000002,72.794,1411.008
2021-11-05 08:00:00,3475.0383330000004,2044.6550000000002,83.102,1516.873
2021-11-05 09:00:00,3593.5306680000003,2175.1009999999997,99.77399999999999,1602.862
2021-11-05 10:00:00,3622.471,2197.266,106.43900000000001,1623.834
2021-11-05 11:00:00,3631.376334,2262.017,96.87900000000002,1657.954
2021-11-05 12:00:00,3593.6946669999998,2184.1530000000002,94.90400000000002,1680.112
2021-11-05 13:00:00,3605.088333,2136.239,101.28999999999999,1612.892
2021-11-05 14:00:00,3475.004,2078.415,93.599,1526.312
2021-11-05 15:00:00,3320.442,2002.958667,83.14999999999999,1489.186333
2021-11-05 16:00:00,3355.807332,2040.171,70.66499999999999,1528.144
2021-11-05 17:00:00,3599.580999,2094.806333,71.599,1593.769333
2021-11-05 18:00:00,3953.717001,2357.271667,93.30299999999998,1793.728
2021-11-05 19:00:00,4364.336666,2630.877333,108.187,1967.2
2021-11-05 20:00:00,4289.383668,2636.263667,109.493,2075.663667
2021-11-05 21:00:00,4149.866667,2530.834333,121.678,2056.7683340000003
2021-11-05 22:00:00,3931.696,2519.479333,129.592,1943.1766669999997
2021-11-05 23:00:00,3590.260999,2299.668333,111.96399999999998,1797.393333
2021-11-06 00:00:00,3225.132333,2177.005667,114.608,1571.244668
2021-11-06 01:00:00,2923.561334,1977.680667,94.922,1424.447668
2021-11-06 02:00:00,2672.711333,1813.046667,85.096,1312.4703330000002
2021-11-06 03:00:00,2527.995332,1709.0660000000003,74.74,1259.375332
2021-11-06 04:00:00,2496.666999,1640.028,76.311,1229.292
2021-11-06 05:00:00,2526.8546659999997,1640.538333,78.125,1229.397
2021-11-06 06:00:00,2653.518,1689.046333,78.567,1297.328
2021-11-06 07:00:00,2895.564334,1748.6276670000002,83.604,1353.879
2021-11-06 08:00:00,3262.603999,2019.2060000000001,99.596,1471.5059999999999
2021-11-06 09:00:00,3728.3949999999995,2346.416333,114.192,1683.395
2021-11-06 10:00:00,4025.857666,2463.931,114.543,1821.7740000000001
2021-11-06 11:00:00,4283.7173330000005,2580.2943330000003,119.52,1932.0499999999997
2021-11-06 12:00:00,4407.557667,2695.467667,124.71900000000001,2105.7960000000003
2021-11-06 13:00:00,4507.393333,2695.087333,139.18,2009.9410000000003
2021-11-06 14:00:00,4271.112333,2652.495667,131.31300000000005,1968.3999999999999
2021-11-06 15:00:00,4021.915334,2480.642333,115.749,1894.948
2021-11-06 16:00:00,4140.002667000001,2512.5326670000004,101.06999999999998,1820.554
2021-11-06 17:00:00,4313.421666,2566.380333,95.234,1935.219
2021-11-06 18:00:00,4596.875666,2810.77,133.22099999999998,2077.371
2021-11-06 19:00:00,4805.3946670000005,2944.6553329999997,119.30199999999999,2229.196
2021-11-06 20:00:00,4684.593666,2858.391667,121.57600000000001,2159.196
2021-11-06 21:00:00,4472.144,2839.311667,130.141,2074.5299999999997
2021-11-06 22:00:00,4289.666666000001,2655.783333,144.204,2002.895
2021-11-06 23:00:00,3937.4713319999996,2501.8956670000002,147.036,1938.281
2021-11-07 00:00:00,3504.982668,2370.384333,122.31900000000002,1771.434
2021-11-07 01:00:00,3116.880084,2115.194833,108.529,1581.2616670000002
2021-11-07 02:00:00,2728.7775,1860.005333,94.739,1391.089334
2021-11-07 03:00:00,2692.5966660000004,1820.016001,91.74899999999998,1366.176667
2021-11-07 04:00:00,2708.809002,1838.5720000000001,96.86999999999999,1344.634
2021-11-07 05:00:00,2812.127999,1883.737666,102.16699999999999,1355.927333
2021-11-07 06:00:00,2969.4790000000003,1940.5639999999999,87.805,1435.651
2021-11-07 07:00:00,3314.677001,2122.534667,100.79499999999999,1538.7306660000002
2021-11-07 08:00:00,3964.3056659999997,2442.9183329999996,125.688,1775.1150010000001
2021-11-07 09:00:00,4311.341666,2676.838667,116.02099999999999,2043.917
2021-11-07 10:00:00,4655.505666,2851.852667,136.527,2153.3199999999997
2021-11-07 11:00:00,4745.875335,2868.520333,150.85200000000003,2195.75
2021-11-07 12:00:00,4676.6539999999995,2895.085,155.033,2162.536333
2021-11-07 13:00:00,4629.526,2909.0523329999996,148.891,2159.754
2021-11-07 14:00:00,4613.238001,2824.305667,135.737,2127.2430000000004
2021-11-07 15:00:00,4713.369334,2894.088667,126.876,2239.4573330000003
2021-11-07 16:00:00,4811.827667,2948.4213330000002,136.076,2374.053
2021-11-07 17:00:00,5156.573667000001,3105.0716669999997,124.57800000000002,2396.37
2021-11-07 18:00:00,5336.838,3294.160333,127.85300000000001,2556.9030000000002
2021-11-07 19:00:00,5285.145666999999,3269.657667,161.94899999999998,2562.125666
2021-11-07 20:00:00,5031.245000999999,3160.946334,161.566,2481.1710000000003
2021-11-07 21:00:00,4671.022000999999,3031.874334,155.90599999999998,2339.374666
2021-11-07 22:00:00,4171.623666,2726.4973339999997,143.92,2136.809666
2021-11-07 23:00:00,3746.087001,2409.019667,132.689,1862.2143350000001
2021-11-08 00:00:00,3211.8166659999997,2137.928667,105.688,1634.9573340000002
2021-11-08 01:00:00,2887.8836659999997,1971.2093330000002,96.388,1445.337334
2021-11-08 02:00:00,2664.905,1823.610666,82.40899999999999,1351.036334
2021-11-08 03:00:00,2666.3236660000002,1786.784667,84.948,1323.263001
2021-11-08 04:00:00,2688.1186669999997,1824.9576670000001,86.703,1364.812667
2021-11-08 05:00:00,2852.594999,1912.4720000000002,99.26,1410.112333
2021-11-08 06:00:00,3315.707666,2094.5280000000002,95.834,1593.2740000000001
2021-11-08 07:00:00,3882.933,2413.962,111.868,1844.9336669999998
2021-11-08 08:00:00,4305.107667,2683.1876669999997,149.185,2011.899666
2021-11-08 09:00:00,4148.178666,2560.667333,135.701,1886.3623340000001
2021-11-08 10:00:00,3933.251666,2404.758333,119.99799999999998,1785.131667
2021-11-08 11:00:00,3777.7505,2328.372667,113.505,1748.2846670000001
2021-11-08 12:00:00,3671.127833,2225.122,98.11399999999999,1670.436333
2021-11-08 13:00:00,3622.0109999999995,2227.013,79.458,1658.055334
2021-11-08 14:00:00,3491.768333,2212.683,75.48400000000001,1627.656332
2021-11-08 15:00:00,3538.0043339999997,2181.264,80.44999999999999,1631.686333
2021-11-08 16:00:00,3575.793667,2217.7960000000003,82.52100000000002,1732.5583330000002
2021-11-08 17:00:00,4151.159,2561.094,91.88499999999999,1995.003667
2021-11-08 18:00:00,4908.033833,2904.282,109.17499999999998,2278.7483330000005
2021-11-08 19:00:00,4902.967667000001,2936.376,128.419,2335.869333
2021-11-08 20:00:00,4758.426667,2940.428,146.421,2263.463
2021-11-08 21:00:00,4447.954666,2809.635,139.636,2188.4513340000003
2021-11-08 22:00:00,4065.1283329999997,2535.898,124.668,2010.072334
2021-11-08 23:00:00,3526.2976670000003,2300.492,112.552,1728.026667
2021-11-09 00:00:00,3144.045667,2102.143,82.936,1545.9499999999998
2021-11-09 01:00:00,2773.1319999999996,1897.0699999999997,86.73700000000001,1374.5323329999999
2021-11-09 02:00:00,2568.870666,1754.8780000000002,73.095,1311.185001
2021-11-09 03:00:00,2466.740833,1663.7930000000001,69.181,1249.918667
2021-11-09 04:00:00,2460.906667,1646.966,66.99100000000001,1249.0736659999998
2021-11-09 05:00:00,2582.142666,1698.682,63.045,1313.239999
2021-11-09 06:00:00,2915.987,1832.792667,75.28499999999998,1409.230667
2021-11-09 07:00:00,3400.154667,2043.925667,88.99100000000001,1602.592666
2021-11-09 08:00:00,3785.957667,2293.547,105.65499999999999,1661.902333
2021-11-09 09:00:00,3680.1955,2327.974,94.76800000000001,1693.801
2021-11-09 10:00:00,3689.307333,2353.891,115.163,1650.539
2021-11-09 11:00:00,3679.423666,2306.518,109.361,1620.812
2021-11-09 12:00:00,3656.405333,2219.908,98.05099999999999,1549.2400000000002
2021-11-09 13:00:00,3702.552667,2265.54,127.16700000000002,1677.391
2021-11-09 14:00:00,3536.366,2181.3830000000003,82.494,1580.604
2021-11-09 15:00:00,3465.4300009999997,2163.9300000000003,74.11399999999999,1598.591
2021-11-09 16:00:00,3764.0105000000003,2229.5460000000003,86.76299999999999,1682.907334
2021-11-09 17:00:00,4373.767,2568.7259999999997,114.172,2040.421333
2021-11-09 18:00:00,4960.844666,2977.072,133.684,2271.691
2021-11-09 19:00:00,5052.398999,3115.111,152.875,2364.1089999999995
2021-11-09 20:00:00,4736.169,2995.634,149.21300000000002,2298.256
2021-11-09 21:00:00,4578.064667,2806.833,139.206,2112.9790000000003
2021-11-09 22:00:00,4242.8763340000005,2608.362,140.559,2003.1433330000002
2021-11-09 23:00:00,3631.8633330000002,2377.581,107.686,1759.4846659999998
2021-11-10 00:00:00,3143.6736680000004,2134.836667,95.88799999999999,1606.345
2021-11-10 01:00:00,2855.1350009999996,1919.225,82.926,1447.4006669999999
2021-11-10 02:00:00,2732.766667,1776.3850000000002,77.286,1310.912334
2021-11-10 03:00:00,2597.7346669999997,1722.533,80.752,1250.182335
2021-11-10 04:00:00,2607.250499,1758.5559999999998,74.58699999999999,1270.0886659999999
2021-11-10 05:00:00,2714.843333,1814.6319999999998,80.97200000000001,1385.004334
2021-11-10 06:00:00,3060.989667,2007.08,83.804,1528.893001
2021-11-10 07:00:00,3644.0483329999997,2255.0869999999995,92.00433299999999,1705.5126659999999
2021-11-10 08:00:00,3990.422334,2441.7799999999997,102.96600000000001,1826.421333
2021-11-10 09:00:00,3948.774667,2453.103,98.473,1797.7310009999999
2021-11-10 10:00:00,3852.735334,2412.715,122.71300000000001,1713.750999
2021-11-10 11:00:00,3709.125666,2298.259,131.668,1697.242999
2021-11-10 12:00:00,3629.172666,2221.797,102.97999999999999,1632.984666
2021-11-10 13:00:00,3530.3620009999995,2209.878,103.869,1582.402999
2021-11-10 14:00:00,3354.060834,2114.993,81.346,1583.101
2021-11-10 15:00:00,3381.116334,2112.5860000000002,69.257,1580.858
2021-11-10 16:00:00,3645.706,2221.7960000000003,81.09400000000001,1712.842667
2021-11-10 17:00:00,4176.442,2532.623,103.207,1922.414667
2021-11-10 18:00:00,4675.245666,2817.737667,120.847,2145.642999
2021-11-10 19:00:00,4777.556333,2862.9530000000004,135.22899999999998,2171.885668
2021-11-10 20:00:00,4471.476,2811.666,124.637,2140.324667
2021-11-10 21:00:00,4240.213666,2669.206333,129.143,2011.1026669999999
2021-11-10 22:00:00,3894.148001,2533.013,108.66499999999999,1867.393
2021-11-10 23:00:00,3525.867,2295.708667,103.007,1692.382333
2021-11-11 00:00:00,3005.732666,2006.5430000000001,98.03399999999999,1528.494002
2021-11-11 01:00:00,2665.5009999999997,1850.482333,82.55900000000003,1357.139666
2021-11-11 02:00:00,2497.5486659999997,1700.673,59.278000000000006,1250.261
2021-11-11 03:00:00,2367.946,1610.758333,63.448,1176.329
2021-11-11 04:00:00,2393.8746659999997,1632.955332,57.155,1184.034334
2021-11-11 05:00:00,2415.949667,1629.288,58.774,1225.380666
2021-11-11 06:00:00,2712.953333,1710.372334,62.198,1303.325667
2021-11-11 07:00:00,3049.8036660000002,1838.9430000000002,76.13400000000001,1424.766998
2021-11-11 08:00:00,3340.8430000000003,2012.2946670000001,74.819,1500.406332
2021-11-11 09:00:00,3465.678334,2125.1153329999997,102.144,1615.743999
2021-11-11 10:00:00,3612.224001,2188.330333,97.91699999999999,1663.207334
2021-11-11 11:00:00,3702.3353339999994,2218.1009999999997,96.744,1638.862334
2021-11-11 12:00:00,3710.328,2176.76,88.817,1717.685667
2021-11-11 13:00:00,3634.411333,2171.0019999999995,86.916,1665.4306660000002
2021-11-11 14:00:00,3664.948333,2094.009333,88.65099999999998,1644.329999
2021-11-11 15:00:00,3615.416999,2102.026,89.296,1627.751
2021-11-11 16:00:00,3787.354999,2115.483333,88.449,1666.3329990000002
2021-11-11 17:00:00,4060.4440000000004,2329.912333,92.554,1796.558666
2021-11-11 18:00:00,4307.824999,2514.101,111.107,2006.497665
2021-11-11 19:00:00,4426.775,2570.8266679999997,125.354,2009.2470010000002
2021-11-11 20:00:00,4208.804,2428.492,112.188,1957.1063350000002
2021-11-11 21:00:00,3901.6493330000003,2311.566001,129.76399999999998,1836.556333
2021-11-11 22:00:00,3567.2623329999997,2198.0119999999997,120.218,1689.5656640000002
2021-11-11 23:00:00,3111.8966680000003,1932.781,95.14100000000002,1510.115667
2021-11-12 00:00:00,2708.352,1680.6299999999999,73.79500000000002,1305.753001
2021-11-12 01:00:00,2448.3775,1541.433,72.53800000000001,1164.136333
2021-11-12 02:00:00,2248.477333,1406.812,67.83999999999997,1090.678669
2021-11-12 03:00:00,2141.6449999999995,1334.499334,61.18600000000001,980.554999
2021-11-12 04:00:00,2118.612,1337.237,61.85799999999999,984.611001
2021-11-12 05:00:00,2177.5823339999997,1330.63,61.888999999999996,1046.33833
2021-11-12 06:00:00,2374.030334,1432.769,66.931,1104.1506669999999
2021-11-12 07:00:00,2741.776667,1578.7640000000001,70.15500000000002,1163.4376670000001
2021-11-12 08:00:00,2992.206666,1763.311,64.69999999999999,1376.535666
2021-11-12 09:00:00,3176.6295010000003,1886.4450000000002,82.12900000000002,1423.371667
2021-11-12 10:00:00,3361.398333,1944.8356669999998,76.154,1526.696336
2021-11-12 11:00:00,3422.659167,2001.8433329999998,73.38000000000001,1497.025334
2021-11-12 12:00:00,3519.246334,2110.913666,88.548,1541.364
2021-11-12 13:00:00,3628.0973329999997,2076.963667,77.399,1580.351998
2021-11-12 14:00:00,3495.998,2095.813999,74.006,1588.7140019999997
2021-11-12 15:00:00,3494.541333,2112.317666,70.03899999999999,1564.363665
2021-11-12 16:00:00,3674.2758329999997,2161.785334,75.268,1574.7423319999998
2021-11-12 17:00:00,3919.871999,2235.270667,85.146,1698.390668
2021-11-12 18:00:00,4152.440668,2397.8509999999997,90.35400000000001,1820.869665
2021-11-12 19:00:00,4063.559666,2388.241,84.02400000000002,1850.5896659999999
2021-11-12 20:00:00,3880.490001,2256.048,86.503,1809.122999
2021-11-12 21:00:00,3712.5290010000003,2227.2926660000003,93.64800000000001,1763.866667
2021-11-12 22:00:00,3466.6868329999998,2056.894666,77.57900000000001,1658.6363350000001
2021-11-12 23:00:00,3166.1455,1914.0466660000002,83.893,1533.717331
2021-11-13 00:00:00,2780.848666,1790.873333,65.278,1393.0496679999999
2021-11-13 01:00:00,2570.372334,1609.688999,61.065000000000005,1267.869667
2021-11-13 02:00:00,2370.844833,1526.1576670000002,56.135999999999996,1161.095
2021-11-13 03:00:00,2222.884833,1437.474332,51.333,1073.122999
2021-11-13 04:00:00,2216.486666,1410.761333,52.069,1087.621
2021-11-13 05:00:00,2234.314666,1436.605,57.478,1097.533001
2021-11-13 06:00:00,2438.484,1452.3200000000002,65.12699999999998,1120.201665
2021-11-13 07:00:00,2655.065667,1609.233,65.253,1236.2926669999997
2021-11-13 08:00:00,3123.2746660000003,1874.878667,70.576,1427.136334
2021-11-13 09:00:00,3601.850167,2104.743334,96.63100000000001,1639.961333
2021-11-13 10:00:00,3848.7356660000005,2239.768667,105.98800000000001,1783.954001
2021-11-13 11:00:00,3891.9880000000003,2264.370666,102.297,1770.737665
2021-11-13 12:00:00,3902.449667,2415.253667,88.73699999999998,1710.026
2021-11-13 13:00:00,3885.4316660000004,2304.7416670000002,96.988,1726.728333
2021-11-13 14:00:00,3788.0190000000002,2282.5276670000003,98.98100000000001,1697.3506670000002
2021-11-13 15:00:00,3721.9110010000004,2240.214667,103.56499999999998,1655.991666
2021-11-13 16:00:00,3927.9530000000004,2262.822334,98.02100000000002,1788.949
2021-11-13 17:00:00,4252.839,2430.214333,95.79499999999999,1868.2283340000001
2021-11-13 18:00:00,4399.693665999999,2562.621,92.812,1956.727333
2021-11-13 19:00:00,4192.970334,2507.885,110.585,1928.7640000000001
2021-11-13 20:00:00,3998.692,2413.242,80.405,1871.545
2021-11-13 21:00:00,3881.657833,2327.646,90.159,1763.935
2021-11-13 22:00:00,3627.3965,2178.814,81.45199999999998,1607.4636650000002
2021-11-13 23:00:00,3273.0339989999998,1979.427,106.83699999999999,1481.369
2021-11-14 00:00:00,2816.038668,1786.257,85.75900000000001,1352.0783339999998
2021-11-14 01:00:00,2472.624667,1567.8,74.984,1236.5516670000002
2021-11-14 02:00:00,2281.6800000000003,1449.463,63.57699999999999,1087.358667
2021-11-14 03:00:00,2097.821667,1382.624,62.151,1032.041001
2021-11-14 04:00:00,2070.3411659999997,1310.567,59.231,1005.046999
2021-11-14 05:00:00,2075.5389999999998,1299.769667,56.268,1003.234333
2021-11-14 06:00:00,2166.393166,1336.15,50.74099999999999,1009.340999
2021-11-14 07:00:00,2373.1525,1412.444,53.797000000000004,1057.0753329999998
2021-11-14 08:00:00,2801.3298339999997,1601.0079999999998,60.55799999999999,1214.531
2021-11-14 09:00:00,3232.927333,1846.52,61.17100000000001,1433.304665
2021-11-14 10:00:00,3548.906667,2040.4339999999997,73.942,1546.165667
2021-11-14 11:00:00,3664.671167,2076.3269999999998,81.18199999999999,1641.5230000000001
2021-11-14 12:00:00,3726.454833,2184.522,74.16,1610.550666
2021-11-14 13:00:00,3764.379001,2209.395,88.935,1662.704667
2021-11-14 14:00:00,3783.1859999999997,2176.973,85.25900000000001,1617.4043339999998
2021-11-14 15:00:00,3783.009667,2133.0519999999997,94.02,1668.838002
2021-11-14 16:00:00,3902.698833,2183.17,93.89399999999999,1684.665333
2021-11-14 17:00:00,4249.4315,2337.6229999999996,100.438,1845.637333
2021-11-14 18:00:00,4491.084167,2576.513,97.72699999999999,2075.3036680000005
2021-11-14 19:00:00,4454.852500999999,2594.574,91.659,2033.3186660000001
2021-11-14 20:00:00,4301.586834,2500.9970000000003,103.21099999999998,1954.554333
2021-11-14 21:00:00,4050.267334,2329.364,100.477,1833.9299999999998
2021-11-14 22:00:00,3680.200833,2184.8509999999997,90.431,1704.7906659999999
2021-11-14 23:00:00,3232.167667,1997.849,71.276,1513.2673330000002
2021-11-15 00:00:00,2729.3154999999997,1728.708,66.563,1280.144333
2021-11-15 01:00:00,2384.1716669999996,1503.443,56.437000000000005,1129.592
2021-11-15 02:00:00,2189.4645,1343.837,62.268,1041.781667
2021-11-15 03:00:00,2093.2281669999998,1294.248,54.933,980.078334
2021-11-15 04:00:00,2083.2893329999997,1305.964,50.095,1003.8996649999999
2021-11-15 05:00:00,2158.4221669999997,1358.696,49.583,1025.487333
2021-11-15 06:00:00,2477.976,1451.644,57.46499999999999,1106.4
2021-11-15 07:00:00,2950.129333,1688.1729999999998,69.847,1288.289001
2021-11-15 08:00:00,3304.218667,1889.324,97.49000000000001,1412.230666
2021-11-15 09:00:00,3227.5465000000004,1901.0529999999999,101.53399999999999,1380.375667
2021-11-15 10:00:00,3273.682833,1911.826,89.773,1419.553667
2021-11-15 11:00:00,3288.7453330000003,1858.0263329999998,76.539,1406.0810000000001
2021-11-15 12:00:00,3490.171332,2000.061667,74.558,1422.823332
2021-11-15 13:00:00,3587.2128329999996,2066.4809999999998,87.35900000000001,1524.828
2021-11-15 14:00:00,3542.488667,2074.139,90.88000000000001,1540.4646670000002
2021-11-15 15:00:00,3526.290333,2115.813,81.09400000000001,1515.5860010000001
2021-11-15 16:00:00,3762.9905,2278.032,94.601,1687.186666
2021-11-15 17:00:00,4112.730667,2466.3599999999997,112.68700000000001,1942.872667
2021-11-15 18:00:00,4671.415332999999,2751.946,120.577,2210.131666
2021-11-15 19:00:00,4808.970001,2900.075,124.19999999999997,2296.405001
2021-11-15 20:00:00,4599.3279999999995,2854.043,137.53400000000002,2177.4973330000003
2021-11-15 21:00:00,4462.972334,2851.451,127.54800000000002,2134.679002
2021-11-15 22:00:00,4150.895499,2623.295,127.60600000000001,1964.412999
2021-11-15 23:00:00,3653.2103340000003,2442.9170000000004,109.81899999999999,1804.3609999999999
2021-11-16 00:00:00,3170.143,2225.368,101.923,1594.050667
2021-11-16 01:00:00,2901.4491660000003,2018.512,91.79599999999999,1465.243667
2021-11-16 02:00:00,2724.857666,1906.628,91.13200000000002,1370.9500010000002
2021-11-16 03:00:00,2660.036666,1800.288,86.549,1325.467999
2021-11-16 04:00:00,2691.2238329999996,1842.143,95.67099999999999,1355.4810000000002
2021-11-16 05:00:00,2845.2401659999996,1900.0500000000002,84.395,1415.831334
2021-11-16 06:00:00,3267.879667,2060.8599999999997,102.63299999999998,1561.438333
2021-11-16 07:00:00,3775.815667,2300.262,127.08900000000001,1784.839667
2021-11-16 08:00:00,4134.439667000001,2532.6229999999996,113.83599999999998,1901.864332
2021-11-16 09:00:00,4051.6543329999995,2541.619,135.899,1864.7093340000001
2021-11-16 10:00:00,3973.366,2446.109333,129.127,1769.089668
2021-11-16 11:00:00,3783.344,2269.002334,110.55499999999999,1727.0209989999998
2021-11-16 12:00:00,3710.934667,2242.4423340000003,105.433,1711.510999
2021-11-16 13:00:00,3616.7474999999995,2196.766,96.509,1680.6390000000001
2021-11-16 14:00:00,3549.8751669999997,2081.348,109.878,1603.219001
2021-11-16 15:00:00,3645.0885,2124.424334,83.071,1626.417666
2021-11-16 16:00:00,3776.373333,2281.899,95.69500000000001,1778.619666
2021-11-16 17:00:00,4271.969,2665.063,115.66799999999998,2012.462
2021-11-16 18:00:00,4943.329167,2988.1890000000003,132.891,2253.076
2021-11-16 19:00:00,5038.807333000001,3137.676,130.115,2341.9019989999997
2021-11-16 20:00:00,5003.594499,3246.41,148.23899999999998,2312.607
2021-11-16 21:00:00,4768.633667,3011.037333,167.414,2244.319334
2021-11-16 22:00:00,4425.7315,2880.273,148.874,2142.155999
2021-11-16 23:00:00,3893.436667,2649.1896669999996,121.196,1946.167999
2021-11-17 00:00:00,3478.499,2435.398667,105.65799999999999,1789.774667
2021-11-17 01:00:00,3211.9441669999997,2259.253999,106.84900000000002,1642.3396659999999
2021-11-17 02:00:00,3035.2285,2145.601999,105.12199999999999,1572.2513330000002
2021-11-17 03:00:00,2966.565,2089.442,113.35699999999999,1528.729334
2021-11-17 04:00:00,3031.9928330000002,2106.261,110.964,1543.726333
2021-11-17 05:00:00,3137.141833,2174.5820000000003,101.738,1599.6840000000002
2021-11-17 06:00:00,3511.899,2312.804,115.01199999999999,1737.9136680000001
2021-11-17 07:00:00,4031.5005,2586.09,131.04099999999997,1877.0193330000002
2021-11-17 08:00:00,4366.462333,2782.397,136.994,1972.9766670000001
2021-11-17 09:00:00,4333.072667,2800.716,173.782,1994.6963330000003
2021-11-17 10:00:00,4251.179666999999,2770.209,150.888,1931.656
2021-11-17 11:00:00,4182.2263330000005,2684.7340000000004,130.129,1913.717
2021-11-17 12:00:00,4059.2968330000003,2585.164334,113.361,1875.3919999999998
2021-11-17 13:00:00,3857.199834,2512.353333,106.529,1886.181
2021-11-17 14:00:00,3732.985,2384.639,115.96699999999998,1757.179
2021-11-17 15:00:00,3768.5645,2436.790667,104.66999999999999,1771.673
2021-11-17 16:00:00,4082.818,2524.034,127.03099999999999,1884.409333
2021-11-17 17:00:00,4695.687499,2913.773333,113.07799999999999,2204.7043329999997
2021-11-17 18:00:00,5299.168668,3294.025333,146.954,2504.460333
2021-11-17 19:00:00,5376.3994999999995,3393.2093330000002,166.925,2585.332667
2021-11-17 20:00:00,5189.910166000001,3333.236333,167.336,2468.570667
2021-11-17 21:00:00,4946.781666000001,3237.576,146.84499999999997,2449.1153329999997
2021-11-17 22:00:00,4507.943334,3002.155667,140.341,2208.2196670000003
2021-11-17 23:00:00,3939.021333,2733.757333,136.2,2022.3303329999999
2021-11-18 00:00:00,3459.202333,2400.319667,132.128,1760.0043329999999
2021-11-18 01:00:00,3087.0686670000005,2211.666333,114.786,1602.265
2021-11-18 02:00:00,2859.745833,2072.440667,101.355,1477.088667
2021-11-18 03:00:00,2752.389166,1934.674667,110.08500000000002,1431.328
2021-11-18 04:00:00,2753.598667,1931.4940000000001,98.90899999999999,1405.782666
2021-11-18 05:00:00,2923.1274999999996,1963.652,87.778,1454.257334
2021-11-18 06:00:00,3256.597667,2090.019333,96.03099999999999,1588.018666
2021-11-18 07:00:00,3765.654667,2362.5,100.643,1756.148333
2021-11-18 08:00:00,4041.454666,2536.940333,111.971,1884.764333
2021-11-18 09:00:00,4033.7033340000003,2556.063333,130.73,1884.063666
2021-11-18 10:00:00,3999.447,2491.248667,118.86699999999999,1899.692334
2021-11-18 11:00:00,3894.598,2438.176333,130.951,1834.3319999999999
2021-11-18 12:00:00,3993.3886660000003,2458.438999,116.82,1808.6493329999998
2021-11-18 13:00:00,4007.5508330000002,2428.252665,118.63700000000003,1856.1793320000002
2021-11-18 14:00:00,3919.025,2453.939666,113.208,1845.753666
2021-11-18 15:00:00,3901.5421669999996,2500.3869999999997,108.95500000000001,1856.789
2021-11-18 16:00:00,4178.0535,2617.587,109.94699999999999,1964.111666
2021-11-18 17:00:00,4727.780667,2936.462,128.961,2201.8633330000002
2021-11-18 18:00:00,5162.952332999999,3205.093667,138.89700000000002,2436.835
2021-11-18 19:00:00,5203.934499999999,3336.582667,151.25699999999998,2453.220332
2021-11-18 20:00:00,4995.560834,3266.821,141.76500000000001,2411.8720000000003
2021-11-18 21:00:00,4727.525667,3143.798,143.14799999999997,2301.483666
2021-11-18 22:00:00,4294.112833,2947.803,138.87699999999998,2119.4849990000002
2021-11-18 23:00:00,3820.083667,2627.358,135.56999999999996,1914.2673340000001
2021-11-19 00:00:00,3312.138167,2312.428,105.24300000000001,1718.4560000000001
2021-11-19 01:00:00,2901.530667,2069.3369999999995,85.33800000000001,1506.78
2021-11-19 02:00:00,2667.633,1912.805,77.36399999999999,1366.534667
2021-11-19 03:00:00,2570.247,1794.6290000000001,77.572,1285.158667
2021-11-19 04:00:00,2533.571166,1772.196,76.99000000000001,1304.717667
2021-11-19 05:00:00,2638.201167,1795.585,78.00099999999999,1336.878334
2021-11-19 06:00:00,2964.218833,1879.0059999999999,95.46900000000001,1436.9299999999998
2021-11-19 07:00:00,3358.435166,2107.4480000000003,96.68900000000001,1571.976333
2021-11-19 08:00:00,3805.5910000000003,2339.9449999999997,118.18599999999999,1768.282334
2021-11-19 09:00:00,3834.3885,2385.1899999999996,116.773,1806.5696659999999
2021-11-19 10:00:00,3946.4390000000003,2356.161,108.67,1778.578
2021-11-19 11:00:00,4024.4345000000003,2323.242,131.134,1781.953667
2021-11-19 12:00:00,3983.909667,2391.0370000000003,140.016,1760.3196659999999
2021-11-19 13:00:00,3934.013667,2414.591,100.28800000000001,1829.226
2021-11-19 14:00:00,3897.1974999999998,2339.02,96.391,1775.411334
2021-11-19 15:00:00,3753.636667,2347.667,87.63300000000001,1809.812666
2021-11-19 16:00:00,3865.452,2387.898,89.36399999999999,1781.6656659999999
2021-11-19 17:00:00,4317.173333000001,2685.8500000000004,92.68,1965.761
2021-11-19 18:00:00,4692.058167,2870.3540000000003,138.791,2238.896333
2021-11-19 19:00:00,4831.772167,3035.6670000000004,131.21499999999997,2309.4943329999996
2021-11-19 20:00:00,4607.846167000001,2998.696,147.49699999999999,2234.8193330000004
2021-11-19 21:00:00,4508.965834,2956.66,136.437,2175.217667
2021-11-19 22:00:00,4233.849666,2723.501,153.156,2075.944001
2021-11-19 23:00:00,3866.589999,2573.605334,149.751,1941.7116660000002
2021-11-20 00:00:00,3550.220333,2377.994667,107.84899999999999,1739.5573330000002
2021-11-20 01:00:00,3187.555334,2144.345333,97.57700000000001,1574.393
2021-11-20 02:00:00,2897.8225,1985.135,97.022,1436.513
2021-11-20 03:00:00,2775.5891659999998,1888.025667,83.60600000000001,1372.5139990000002
2021-11-20 04:00:00,2712.586,1843.039999,87.36399999999999,1355.6533330000002
2021-11-20 05:00:00,2814.0815000000002,1858.96,89.22099999999999,1339.6763340000002
2021-11-20 06:00:00,3011.360667,1973.7976680000002,91.30799999999999,1426.449334
2021-11-20 07:00:00,3255.3165,2055.396666,100.478,1590.9796659999997
2021-11-20 08:00:00,3738.2219999999998,2319.310999,89.085,1759.2686669999998
2021-11-20 09:00:00,4175.461,2586.911,96.004,1923.579999
2021-11-20 10:00:00,4350.650833,2708.699667,141.99899999999997,1995.437
2021-11-20 11:00:00,4379.565833000001,2639.896,127.095,2035.578665
2021-11-20 12:00:00,4306.975333,2601.505667,115.66199999999999,1972.0459999999998
2021-11-20 13:00:00,4300.4268329999995,2594.8053339999997,111.72500000000001,1973.0589999999997
2021-11-20 14:00:00,4178.894833,2390.0403320000005,93.92999999999999,1905.611668
2021-11-20 15:00:00,4150.817333,2412.364,82.34900000000002,1893.7333330000001
2021-11-20 16:00:00,4159.494334,2448.067,111.29,1912.1186670000002
2021-11-20 17:00:00,4483.471667,2676.322,107.046,2102.477001
2021-11-20 18:00:00,4809.193832999999,2906.528667,135.074,2221.475668
2021-11-20 19:00:00,4862.973333,3023.642333,129.39399999999998,2238.906331
2021-11-20 20:00:00,4744.991834,3033.553667,136.834,2274.291333
2021-11-20 21:00:00,4601.775165999999,2964.1929999999998,161.02700000000002,2229.753667
2021-11-20 22:00:00,4409.780834,2906.165333,160.231,2107.081667
2021-11-20 23:00:00,4132.5495,2723.1583330000003,145.49300000000002,1996.627334
2021-11-21 00:00:00,3628.006667,2624.760667,140.91399999999996,1880.699334
2021-11-21 01:00:00,3383.681166,2444.3720009999997,119.63800000000002,1761.369667
2021-11-21 02:00:00,3189.709,2308.421666,115.58999999999999,1621.289334
2021-11-21 03:00:00,3070.504,2210.437,107.541,1562.677001
2021-11-21 04:00:00,3076.053,2175.959334,99.61200000000001,1579.831001
2021-11-21 05:00:00,3128.9570000000003,2183.425,95.256,1645.5456669999999
2021-11-21 06:00:00,3345.157,2272.501334,102.34599999999999,1676.869999
2021-11-21 07:00:00,3645.1085000000003,2346.411001,114.245,1789.563
2021-11-21 08:00:00,4105.821,2635.244999,129.052,1963.4983359999999
2021-11-21 09:00:00,4613.977,3009.981,163.42000000000002,2236.551666
2021-11-21 10:00:00,4942.717000000001,3195.456333,139.785,2393.567
2021-11-21 11:00:00,5178.0861669999995,3211.619334,160.24399999999997,2401.569669
2021-11-21 12:00:00,5097.4664999999995,3208.583,173.75500000000002,2429.644333
2021-11-21 13:00:00,4896.717,3092.977,148.95199999999997,2322.647668
2021-11-21 14:00:00,4665.460667,2843.502,116.67399999999999,2182.172332
2021-11-21 15:00:00,4553.441,2839.798,112.00299999999999,2200.325335
2021-11-21 16:00:00,4735.751,2877.8419999999996,122.65299999999999,2225.565333
2021-11-21 17:00:00,5051.210999999999,3128.373,129.97500000000002,2436.112
2021-11-21 18:00:00,5563.833333999999,3438.6009999999997,151.17,2640.283668
2021-11-21 19:00:00,5499.625,3487.378,137.60700000000003,2612.857666
2021-11-21 20:00:00,5450.212667,3420.9619999999995,161.824,2622.184334
2021-11-21 21:00:00,5128.284,3351.4390000000003,180.53699999999998,2497.989666
2021-11-21 22:00:00,4791.154333,3163.992,165.531,2336.226667
2021-11-21 23:00:00,4276.321666999999,2888.7999999999997,145.708,2171.913333
2021-11-22 00:00:00,3690.850667,2633.091,138.38999999999996,1946.740667
2021-11-22 01:00:00,3355.7479999999996,2412.447,127.619,1761.166667
2021-11-22 02:00:00,3179.738667,2247.0703329999997,116.68399999999998,1670.924001
2021-11-22 03:00:00,3128.710333,2145.982,115.84999999999998,1580.338667
2021-11-22 04:00:00,3172.344,2175.282,107.28,1597.838333
2021-11-22 05:00:00,3299.137333,2240.0739999999996,101.014,1670.907334
2021-11-22 06:00:00,3696.361333,2369.682,115.821,1809.5473350000002
2021-11-22 07:00:00,4181.272666999999,2616.9359999999997,129.636,1946.4006669999999
2021-11-22 08:00:00,4493.321334,2810.739,144.747,2056.9383339999995
2021-11-22 09:00:00,4639.673,2916.1589999999997,130.21599999999998,2174.476667
2021-11-22 10:00:00,4735.4763330000005,2940.0519999999997,198.74899999999997,2227.831333
2021-11-22 11:00:00,4673.401,3066.514,158.86,2218.525
2021-11-22 12:00:00,4687.873333,3034.488,143.64399999999998,2097.677666
2021-11-22 13:00:00,4528.189,2965.6479999999997,134.401,2073.2650000000003
2021-11-22 14:00:00,4493.026667,2869.8770000000004,121.54699999999998,2022.9376670000001
2021-11-22 15:00:00,4478.346,2867.211,125.14599999999999,2048.130001
2021-11-22 16:00:00,4593.243667,2935.663,142.97300000000004,2174.3010000000004
2021-11-22 17:00:00,4984.567,3094.6450000000004,153.238,2339.424334
2021-11-22 18:00:00,5469.554333,3347.067,166.892,2581.4753330000003
2021-11-22 19:00:00,5475.136667,3485.298,160.851,2621.269333
2021-11-22 20:00:00,5290.308999999999,3339.827,160.681,2578.6223330000003
2021-11-22 21:00:00,5032.440667000001,3249.3559999999998,156.10500000000002,2464.624667
2021-11-22 22:00:00,4643.236000000001,3021.256,137.623,2225.978334
2021-11-22 23:00:00,4091.910334,2753.818,115.033,1999.937666
2021-11-23 00:00:00,3496.785334,2495.4840000000004,110.40599999999999,1756.7596669999998
2021-11-23 01:00:00,3150.105,2291.117,114.54700000000001,1607.7673340000001
2021-11-23 02:00:00,2932.1220000000003,2110.819,98.80099999999999,1483.285001
2021-11-23 03:00:00,2884.4390000000003,1996.824,89.77799999999999,1429.989999
2021-11-23 04:00:00,2879.2673330000002,1983.734,89.22799999999998,1392.577334
2021-11-23 05:00:00,2931.487333,2036.4139999999998,78.56599999999999,1472.092668
2021-11-23 06:00:00,3275.892667,2095.109,90.837,1592.062999
2021-11-23 07:00:00,3729.1086669999995,2253.018,109.35099999999998,1694.748999
2021-11-23 08:00:00,3983.7136670000004,2438.776,91.488,1847.354333
2021-11-23 09:00:00,4094.2873329999998,2545.781,109.095,1933.8550000000002
2021-11-23 10:00:00,4242.095,2620.6989999999996,143.45199999999997,1895.391001
2021-11-23 11:00:00,4190.763000000001,2657.344,125.02400000000002,1983.094999
2021-11-23 12:00:00,4301.814,2645.9809999999998,115.741,1995.1260000000002
2021-11-23 13:00:00,4280.6630000000005,2602.65,146.928,1974.9569990000002
2021-11-23 14:00:00,4114.341667000001,2576.238,112.04500000000002,1828.820001
2021-11-23 15:00:00,4030.664667,2518.7780000000002,94.496,1817.1970000000001
2021-11-23 16:00:00,4181.175332999999,2574.239,118.26799999999999,1931.4969999999998
2021-11-23 17:00:00,4671.848333,2810.8509999999997,95.629,2192.340334
2021-11-23 18:00:00,5200.733,3161.2960000000003,127.39800000000001,2382.198335
2021-11-23 19:00:00,5232.49,3412.341,142.90300000000002,2503.9426670000003
2021-11-23 20:00:00,5207.056333,3354.404,156.86700000000002,2469.4530000000004
2021-11-23 21:00:00,4977.139334,3256.883,160.50199999999998,2401.7196670000003
2021-11-23 22:00:00,4620.025667,3042.016,139.72700000000003,2288.3469999999998
2021-11-23 23:00:00,4030.511333,2779.842,121.805,2101.363666
2021-11-24 00:00:00,3588.5953329999998,2557.7870000000003,137.08499999999998,1874.9909999999998
2021-11-24 01:00:00,3229.371,2269.321,109.87000000000002,1720.599667
2021-11-24 02:00:00,3038.183,2146.523,88.673,1611.0763339999999
2021-11-24 03:00:00,2941.880667,2044.267,86.77499999999999,1544.8029999999999
2021-11-24 04:00:00,2928.344,2039.982,95.92599999999999,1509.594
2021-11-24 05:00:00,3070.5463330000002,2076.316,76.048,1577.9356670000002
2021-11-24 06:00:00,3403.3396669999997,2199.975,109.27600000000001,1681.083666
2021-11-24 07:00:00,3780.991,2419.898,118.365,1822.431
2021-11-24 08:00:00,4102.023,2610.801,108.779,1963.292334
2021-11-24 09:00:00,4365.234,2741.2610000000004,129.16,2073.010333
2021-11-24 10:00:00,4495.4169999999995,2763.143,140.155,2080.386
2021-11-24 11:00:00,4426.641334,2772.4410000000003,123.32199999999997,2041.212667
2021-11-24 12:00:00,4499.045,2713.0830000000005,127.18299999999999,2008.5256669999999
2021-11-24 13:00:00,4409.720499999999,2752.785,126.1,1968.032
2021-11-24 14:00:00,4311.578667,2616.263,108.03200000000001,1904.11
2021-11-24 15:00:00,4321.505667,2625.9300000000003,114.4,2000.4410000000003
2021-11-24 16:00:00,4477.312167,2780.339,137.799,2146.545
2021-11-24 17:00:00,4890.973666,2887.6440000000002,140.295,2280.897
2021-11-24 18:00:00,5371.246333,3171.272,136.285,2471.143
2021-11-24 19:00:00,5353.892834,3278.440667,165.347,2526.413
2021-11-24 20:00:00,5182.899666,3202.502666,143.488,2463.665
2021-11-24 21:00:00,4973.564333,3116.6760000000004,141.23900000000003,2392.6949999999997
2021-11-24 22:00:00,4640.631834,3024.3210000000004,127.077,2294.08
2021-11-24 23:00:00,4141.331833,2890.403,122.71499999999999,2127.443
2021-11-25 00:00:00,3657.352666,2686.321,107.10900000000001,1880.102
2021-11-25 01:00:00,3336.912667,2400.335,107.733,1739.319
2021-11-25 02:00:00,3072.298999,2118.401,94.83499999999998,1604.5369999999998
2021-11-25 03:00:00,2892.0730000000003,1986.2350000000001,90.905,1458.524
2021-11-25 04:00:00,2863.3816659999998,1986.31,101.60499999999999,1450.173
2021-11-25 05:00:00,2910.669666,2005.5929999999998,82.187,1485.79
2021-11-25 06:00:00,3117.945333,2074.3979999999997,97.054,1569.9070000000002
2021-11-25 07:00:00,3466.108333,2196.2870000000003,92.19400000000002,1685.4720000000002
2021-11-25 08:00:00,3978.047333,2535.329,107.30900000000001,1858.069
2021-11-25 09:00:00,4626.324333999999,2936.393,121.298,2179.273
2021-11-25 10:00:00,5241.488001000001,3277.021,134.512,2445.499
2021-11-25 11:00:00,5504.200666999999,3300.8450000000003,139.008,2627.463
2021-11-25 12:00:00,5620.304666999999,3488.498,129.614,2662.536
2021-11-25 13:00:00,5460.3223339999995,3365.6859999999997,143.988,2640.767334
2021-11-25 14:00:00,5264.053332,3229.6450000000004,123.52700000000002,2507.587
2021-11-25 15:00:00,5005.662999,3093.0099999999998,127.96600000000001,2387.711667
2021-11-25 16:00:00,4807.348999,2938.157,145.24600000000004,2240.8050000000003
2021-11-25 17:00:00,4634.436,2796.7819999999997,130.146,2213.979
2021-11-25 18:00:00,4601.809332,2741.036,121.78599999999999,2183.456666
2021-11-25 19:00:00,4375.660666,2619.726,113.31699999999998,2050.779
2021-11-25 20:00:00,4210.622332999999,2534.282,109.81499999999998,1909.4353339999998
2021-11-25 21:00:00,4108.049666,2475.794,95.944,1884.2006660000002
2021-11-25 22:00:00,3865.016666,2405.152,111.24600000000001,1826.6399999999999
2021-11-25 23:00:00,3574.502668,2221.643,115.34400000000001,1713.1329999999998
2021-11-26 00:00:00,3145.867666,2100.049,97.938,1522.093333
2021-11-26 01:00:00,2866.2,1947.8509999999999,73.992,1435.512
2021-11-26 02:00:00,2713.291666,1841.28,74.555,1323.0980000000002
2021-11-26 03:00:00,2630.725,1778.886,81.79,1274.9703330000002
2021-11-26 04:00:00,2602.470666,1757.209,82.329,1281.476666
2021-11-26 05:00:00,2665.067666,1781.558,86.117,1291.2583329999998
2021-11-26 06:00:00,2847.056,1805.1499999999999,80.20099999999998,1354.064666
2021-11-26 07:00:00,3133.6866660000005,1904.5339999999999,82.77100000000002,1391.5013330000002
2021-11-26 08:00:00,3312.754,2114.906,75.65,1520.858
2021-11-26 09:00:00,3700.178334,2327.875,104.43599999999999,1684.956333
2021-11-26 10:00:00,3946.291001,2439.657,105.58399999999999,1777.1530010000001
2021-11-26 11:00:00,4044.169667,2502.652,122.26800000000001,1891.164333
2021-11-26 12:00:00,4223.458667,2566.308,99.462,1893.905
2021-11-26 13:00:00,4254.83,2547.179,108.564,1966.864
2021-11-26 14:00:00,4296.461666,2600.9539999999997,98.23599999999999,1861.931
2021-11-26 15:00:00,4143.436999,2448.902666,101.057,1865.4920000000002
2021-11-26 16:00:00,4156.067999000001,2491.003666,108.52899999999998,1868.393
2021-11-26 17:00:00,4305.118,2625.3320009999998,107.017,2028.6219999999998
2021-11-26 18:00:00,4547.057331999999,2728.169,109.41500000000002,2106.629
2021-11-26 19:00:00,4538.261333,2768.373667,132.353,2126.849
2021-11-26 20:00:00,4353.606,2637.304667,128.143,2096.841999
2021-11-26 21:00:00,4149.582333,2555.6713340000006,119.57499999999999,2027.749667
2021-11-26 22:00:00,3781.2430000000004,2433.250333,127.352,1931.338667
2021-11-26 23:00:00,3600.684668,2228.832,113.80000000000001,1778.881999
2021-11-27 00:00:00,3167.6710000000003,2020.447667,82.63100000000003,1589.1129999999998
2021-11-27 01:00:00,2857.9516670000003,1870.0513329999999,74.716,1432.328333
2021-11-27 02:00:00,2572.254833,1728.954666,66.456,1289.585998
2021-11-27 03:00:00,2407.8608329999997,1677.3353339999999,67.279,1195.129999
2021-11-27 04:00:00,2416.528667,1610.5423329999999,67.339,1176.3146649999999
2021-11-27 05:00:00,2402.086833,1590.5369999999998,63.330999999999996,1162.1113340000002
2021-11-27 06:00:00,2531.6705,1610.4809999999998,72.586,1194.654334
2021-11-27 07:00:00,2743.032,1690.302,76.82599999999998,1256.861001
2021-11-27 08:00:00,3107.163333,1925.906,76.20200000000003,1414.866334
2021-11-27 09:00:00,3569.1458330000005,2222.986,83.876,1607.2910000000002
2021-11-27 10:00:00,3957.2308329999996,2311.3940000000002,102.15500000000002,1794.248
2021-11-27 11:00:00,4148.858167,2398.457,113.82600000000001,1918.4833330000001
2021-11-27 12:00:00,4210.7575,2479.1620000000003,121.98100000000001,2019.873001
2021-11-27 13:00:00,4240.203667,2387.032,117.04899999999999,1965.157333
2021-11-27 14:00:00,4223.214333,2366.19,106.13199999999999,1911.171667
2021-11-27 15:00:00,4173.066167,2442.1800000000003,99.175,1924.1356669999998
2021-11-27 16:00:00,4239.044,2377.694,98.80099999999999,1979.6750000000002
2021-11-27 17:00:00,4379.4095,2479.563,110.06499999999998,2016.982667
2021-11-27 18:00:00,4474.043167,2517.437,95.246,2084.4426670000003
2021-11-27 19:00:00,4410.370167,2512.871,99.29299999999999,2056.5913330000003
2021-11-27 20:00:00,4191.003667,2458.592,105.90400000000001,1986.7906670000002
2021-11-27 21:00:00,3975.877167,2287.813,98.34100000000002,1855.308667
2021-11-27 22:00:00,3656.484667,2202.813,89.29,1751.2983330000002
2021-11-27 23:00:00,3379.950667,2025.435,86.91299999999998,1591.941667
2021-11-28 00:00:00,3002.8176670000003,1889.784,80.107,1441.210334
2021-11-28 01:00:00,2609.835,1712.38,52.828999999999986,1278.331
2021-11-28 02:00:00,2363.743334,1512.051,59.784,1147.555
2021-11-28 03:00:00,2272.5423330000003,1441.578,45.86300000000001,1072.021
2021-11-28 04:00:00,2209.040333,1369.793,60.371,1060.179667
2021-11-28 05:00:00,2212.958667,1369.1019999999999,51.89399999999999,1041.838334
2021-11-28 06:00:00,2259.714,1421.223,61.303000000000004,1050.871
2021-11-28 07:00:00,2453.932,1476.239,60.541,1087.3053340000001
2021-11-28 08:00:00,2852.079667,1701.017,76.65299999999999,1266.058333
2021-11-28 09:00:00,3263.103667,2000.9479999999999,86.06299999999999,1478.433667
2021-11-28 10:00:00,3679.068667,2146.7690000000002,86.30199999999999,1614.9833329999997
2021-11-28 11:00:00,3928.9303330000002,2163.165,84.30399999999999,1720.577
2021-11-28 12:00:00,4117.402,2320.852,92.14800000000002,1755.6259999999997
2021-11-28 13:00:00,3979.3676670000004,2252.2090000000003,91.771,1750.295
2021-11-28 14:00:00,3961.234166,2304.05,87.416,1751.501
2021-11-28 15:00:00,3876.2491659999996,2242.607,87.37,1764.085
2021-11-28 16:00:00,4012.4671660000004,2330.567,92.652,1799.155667
2021-11-28 17:00:00,4440.183833,2563.6369999999997,98.86999999999999,1987.217333
2021-11-28 18:00:00,4731.847,2679.842,97.63300000000001,2192.551
2021-11-28 19:00:00,4695.960832999999,2741.7439999999997,99.276,2167.936
2021-11-28 20:00:00,4601.777333,2686.683,105.132,2058.044667
2021-11-28 21:00:00,4380.462666,2522.765,112.346,1940.7516660000001
2021-11-28 22:00:00,3970.6226659999998,2354.465,103.17199999999998,1819.438667
2021-11-28 23:00:00,3479.9288340000003,2152.4660000000003,75.257,1581.315333
2021-11-29 00:00:00,2946.5636670000004,1884.65,64.52100000000002,1382.9826659999999
2021-11-29 01:00:00,2579.705833,1641.671,54.684,1232.0733330000003
2021-11-29 02:00:00,2362.1939999999995,1507.3159999999998,48.84100000000001,1136.2489999999998
2021-11-29 03:00:00,2250.965833,1424.944,55.577000000000005,1062.858666
2021-11-29 04:00:00,2245.608666,1426.4569999999999,56.135000000000005,1059.107334
2021-11-29 05:00:00,2318.8833350000004,1468.4279999999999,54.751,1093.068668
2021-11-29 06:00:00,2640.875667,1611.798,65.75399999999999,1180.752667
2021-11-29 07:00:00,3059.0334999999995,1806.653,78.21600000000001,1348.5646649999999
2021-11-29 08:00:00,3478.344999,2024.6149999999998,84.232,1518.556333
2021-11-29 09:00:00,3456.740833,2025.7440000000001,88.202,1515.286333
2021-11-29 10:00:00,3378.7054999999996,2034.7269999999999,83.24999999999999,1491.219666
2021-11-29 11:00:00,3471.187667,2047.7943329999998,88.45899999999999,1490.353
2021-11-29 12:00:00,3625.112833,2106.394,109.534,1559.6219999999998
2021-11-29 13:00:00,3596.0415,2135.792333,81.08,1563.404
2021-11-29 14:00:00,3617.884,2043.0959999999998,65.63300000000001,1549.766
2021-11-29 15:00:00,3481.985167,2015.8519999999999,71.507,1594.556333
2021-11-29 16:00:00,3647.952167,2043.559,82.992,1671.817
2021-11-29 17:00:00,4167.6455,2344.6449999999995,94.802,1864.86
2021-11-29 18:00:00,4776.710999999999,2615.35,97.968,2179.9049999999997
2021-11-29 19:00:00,4890.9455,2802.515,96.698,2112.835333
2021-11-29 20:00:00,4664.400667,2738.5879999999997,123.78699999999999,2023.7090000000003
2021-11-29 21:00:00,4476.124,2701.246667,100.02900000000001,2016.2296660000002
2021-11-29 22:00:00,4117.415666999999,2548.5860000000002,117.581,1913.028667
2021-11-29 23:00:00,3570.368667,2285.4786670000003,100.965,1717.628333
2021-11-30 00:00:00,3123.534667,2020.0913329999998,77.127,1495.159333
2021-11-30 01:00:00,2749.1265000000003,1840.503334,76.047,1315.897334
2021-11-30 02:00:00,2470.225167,1673.429,67.08,1213.188666
2021-11-30 03:00:00,2362.5535,1589.2946670000001,67.203,1150.974331
2021-11-30 04:00:00,2384.927666,1566.339667,60.730999999999995,1166.029334
2021-11-30 05:00:00,2471.144667,1593.840667,68.31800000000001,1203.4016659999998
2021-11-30 06:00:00,2819.5145,1733.856667,82.907,1317.255333
2021-11-30 07:00:00,3273.127167,1953.8896670000001,83.849,1452.101333
2021-11-30 08:00:00,3615.850833,2143.366667,99.065,1601.5
2021-11-30 09:00:00,3525.105334,2148.440667,98.62,1612.6750000000002
2021-11-30 10:00:00,3549.1376659999996,2111.8726669999996,105.093,1652.542
2021-11-30 11:00:00,3616.749833,2133.434333,109.987,1637.1729999999998
2021-11-30 12:00:00,3593.328833,2164.8136670000004,96.943,1653.754
2021-11-30 13:00:00,3641.599333,2158.891667,89.21799999999999,1662.172
2021-11-30 14:00:00,3638.858167,2156.823667,77.14800000000001,1630.1906660000002
2021-11-30 15:00:00,3586.507667,2083.490667,86.39999999999999,1637.036667
2021-11-30 16:00:00,3754.5915,2183.4176669999997,100.31899999999999,1757.309
2021-11-30 17:00:00,4179.788500000001,2407.155667,105.28500000000001,1928.0790000000002
2021-11-30 18:00:00,4713.4535,2651.7296669999996,105.26899999999999,2050.755333
2021-11-30 19:00:00,4835.591,2843.780667,116.24300000000001,2163.5609999999997
2021-11-30 20:00:00,4594.3175,2751.8476680000003,105.16700000000002,2142.556
2021-11-30 21:00:00,4406.6835,2592.426667,126.23299999999999,2045.0220000000002
2021-11-30 22:00:00,4070.3625,2454.303667,110.03500000000001,1877.098333
2021-11-30 23:00:00,3546.3650000000002,2197.696667,90.629,1663.6240000000003
2021-12-01 00:00:00,3078.8925,1984.5243329999998,79.014,1477.6609990000002
2021-12-01 01:00:00,2745.3675,1822.948,63.996,1309.8629999999998
2021-12-01 02:00:00,2485.0995000000003,1688.885667,64.22999999999999,1202.256334
2021-12-01 03:00:00,2425.1105000000002,1608.2780000000002,58.422,1152.9163330000001
2021-12-01 04:00:00,2415.1895,1633.669667,63.749,1178.9446670000002
2021-12-01 05:00:00,2539.991,1706.705,68.692,1234.9019999999998
2021-12-01 06:00:00,2862.437,1829.370667,87.812,1413.031
2021-12-01 07:00:00,3313.4005000000006,2091.254,94.196,1535.191334
2021-12-01 08:00:00,3612.599,2299.419667,90.368,1666.765001
2021-12-01 09:00:00,3518.744,2227.836,110.94399999999999,1626.333666
2021-12-01 10:00:00,3439.197,2109.215,94.677,1591.286667
2021-12-01 11:00:00,3347.585,2065.372333,80.831,1515.7243330000001
2021-12-01 12:00:00,3392.767667,2034.079666,93.04799999999999,1507.9070000000002
2021-12-01 13:00:00,3283.236,1972.345667,80.65700000000001,1485.759
2021-12-01 14:00:00,3185.469,1881.590667,74.99099999999999,1386.464
2021-12-01 15:00:00,3165.687,1832.258,67.25,1371.5880000000002
2021-12-01 16:00:00,3370.842,1903.261,56.781000000000006,1426.8519999999999
2021-12-01 17:00:00,3765.6005,2199.992,60.525999999999996,1672.084
2021-12-01 18:00:00,4399.383167,2458.5950000000003,87.82900000000001,1885.317667
2021-12-01 19:00:00,4455.4935000000005,2561.304,92.56199999999998,1989.066333
2021-12-01 20:00:00,4377.247832999999,2571.586,100.404,1924.4910010000003
2021-12-01 21:00:00,4307.165167,2508.261,91.367,1907.068
2021-12-01 22:00:00,3968.3045,2362.583,91.913,1793.934999
2021-12-01 23:00:00,3538.621,2130.703667,73.97600000000001,1627.8319999999999
2021-12-02 00:00:00,3010.175833,1945.339333,60.17699999999999,1438.843667
2021-12-02 01:00:00,2676.9941660000004,1705.058667,57.685,1258.093
2021-12-02 02:00:00,2463.1853330000004,1587.143,54.026999999999994,1136.752334
2021-12-02 03:00:00,2374.807667,1496.1019999999999,45.599000000000004,1062.660333
2021-12-02 04:00:00,2346.393833,1473.588,48.17000000000001,1052.812
2021-12-02 05:00:00,2412.8878330000002,1513.2669999999998,44.13399999999999,1101.660667
2021-12-02 06:00:00,2770.9143329999997,1587.153,66.30999999999999,1211.202334
2021-12-02 07:00:00,3174.846833,1872.422,94.25800000000001,1410.7209990000001
2021-12-02 08:00:00,3555.3266670000003,2079.901,73.171,1581.607334
2021-12-02 09:00:00,3500.119833,2092.551,90.21900000000001,1590.492
2021-12-02 10:00:00,3521.487333,2055.8630000000003,80.25099999999999,1515.2693330000002
2021-12-02 11:00:00,3514.314667,2056.195,90.80700000000002,1562.9119999999998
2021-12-02 12:00:00,3602.1103329999996,2069.484,77.14,1588.101666
2021-12-02 13:00:00,3530.1173339999996,2139.942,94.601,1603.072
2021-12-02 14:00:00,3548.067,2086.638,84.45400000000002,1578.728333
2021-12-02 15:00:00,3556.973,2136.0389999999998,74.149,1478.297333
2021-12-02 16:00:00,3758.429,2257.629,103.692,1648.355334
2021-12-02 17:00:00,4372.026333,2537.616,98.09100000000001,1909.765332
2021-12-02 18:00:00,4856.179666999999,2835.339,122.081,2247.5256670000003
2021-12-02 19:00:00,5023.093666999999,2983.044,151.175,2222.2573329999996
2021-12-02 20:00:00,4923.603667,2978.2470000000003,155.034,2244.214
2021-12-02 21:00:00,4779.004666999999,2970.281,148.035,2268.2610000000004
2021-12-02 22:00:00,4500.736333000001,2805.4249999999997,147.44599999999997,2115.0699990000003
2021-12-02 23:00:00,4004.251667,2605.696334,115.65400000000001,1890.955
2021-12-03 00:00:00,3473.3176670000003,2314.1890000000003,103.438,1710.350334
2021-12-03 01:00:00,3039.54,2128.415667,98.8,1536.9933339999998
2021-12-03 02:00:00,2923.164333,2003.6380000000001,86.26999999999998,1426.633667
2021-12-03 03:00:00,2860.254333,1957.214,82.47,1385.9543350000001
2021-12-03 04:00:00,2949.7483329999995,1967.128666,91.62999999999998,1429.7399999999998
2021-12-03 05:00:00,3165.248666,2073.730333,104.576,1506.127666
2021-12-03 06:00:00,3475.6403339999997,2215.9610000000002,119.73599999999999,1635.140667
2021-12-03 07:00:00,3992.340667,2479.701333,130.98099999999997,1846.148333
2021-12-03 08:00:00,4453.183,2736.2203329999998,127.069,2015.221666
2021-12-03 09:00:00,4452.739,2804.854334,138.15300000000002,2075.9363329999996
2021-12-03 10:00:00,4367.8640000000005,2787.581334,146.50900000000001,2153.006666
2021-12-03 11:00:00,4446.8983339999995,2782.829666,151.56500000000003,2055.521334
2021-12-03 12:00:00,4336.257,2670.897,144.76699999999997,2084.644333
2021-12-03 13:00:00,4138.040333000001,2628.246,122.422,1976.8210000000004
2021-12-03 14:00:00,3865.9086670000006,2459.756,110.485,1907.522666
2021-12-03 15:00:00,3860.237334,2343.256,92.324,1850.120334
2021-12-03 16:00:00,4011.107666,2466.1530000000002,106.696,1888.7923339999998
2021-12-03 17:00:00,4657.446666,2780.2549999999997,112.08999999999999,2119.339
2021-12-03 18:00:00,5223.829001,3147.9669999999996,147.311,2425.8753340000003
2021-12-03 19:00:00,5329.347,3207.365,150.36999999999998,2504.8436659999998
2021-12-03 20:00:00,5141.8369999999995,3236.44,168.028,2460.842334
2021-12-03 21:00:00,5040.733333,3175.212,160.876,2459.652333
2021-12-03 22:00:00,4760.060665999999,3102.057,174.035,2340.450668
2021-12-03 23:00:00,4412.280666,2976.198,167.481,2173.784667
2021-12-04 00:00:00,4011.661166,2769.944,130.76899999999998,2008.2350000000001
2021-12-04 01:00:00,3619.6093339999998,2558.237,120.74999999999999,1801.702333
2021-12-04 02:00:00,3327.978333,2310.923,113.275,1679.695
2021-12-04 03:00:00,3215.041333,2170.448,99.063,1616.701
2021-12-04 04:00:00,3101.458667,2120.8810000000003,102.20400000000001,1566.438
2021-12-04 05:00:00,3087.491,2120.554,104.74000000000002,1500.879
2021-12-04 06:00:00,3322.407333,2155.0159999999996,104.07199999999999,1554.408
2021-12-04 07:00:00,3572.732,2251.031,108.268,1685.924
2021-12-04 08:00:00,3949.790666,2481.5509999999995,116.19099999999999,1843.395
2021-12-04 09:00:00,4398.329667,2744.816,133.57799999999997,2033.185
2021-12-04 10:00:00,4644.812334,2842.6549999999997,135.36199999999997,2141.582
2021-12-04 11:00:00,4920.409334,2965.732,157.74,2254.033
2021-12-04 12:00:00,4899.254333000001,3027.573,168.864,2248.6400000000003
2021-12-04 13:00:00,4906.234,2959.891,158.393,2269.5519999999997
2021-12-04 14:00:00,4910.492667,2945.453,130.272,2234.6549999999997
2021-12-04 15:00:00,4816.621,2960.845,125.627,2200.0299999999997
2021-12-04 16:00:00,4892.5,3028.9449999999997,145.38500000000005,2305.991
2021-12-04 17:00:00,5161.097667,3086.824,146.88899999999995,2369.651333
2021-12-04 18:00:00,5213.308333,3197.783,133.305,2442.362
2021-12-04 19:00:00,5190.639333,3203.9129999999996,137.38,2414.962333
2021-12-04 20:00:00,5104.785333,3087.632333,141.327,2313.5216659999996
2021-12-04 21:00:00,4748.53,3046.608333,123.22500000000001,2190.194333
2021-12-04 22:00:00,4446.0650000000005,2804.611667,116.97400000000002,2085.6273330000004
2021-12-04 23:00:00,4072.597,2643.724667,121.24,1934.8273329999997
2021-12-05 00:00:00,3659.079667,2467.892,107.641,1793.0800009999998
2021-12-05 01:00:00,3247.946333,2247.565,101.17699999999999,1658.932667
2021-12-05 02:00:00,3070.589667,2122.511,106.20100000000001,1557.4776669999999
2021-12-05 03:00:00,3018.198334,2088.701,85.424,1472.3476679999999
2021-12-05 04:00:00,3015.1289990000005,2105.184,93.323,1488.632667
2021-12-05 05:00:00,3066.2173329999996,2150.054,95.36500000000001,1517.838667
2021-12-05 06:00:00,3322.236667,2245.7349999999997,113.41299999999998,1619.5479990000001
2021-12-05 07:00:00,3715.4753330000003,2351.6079999999997,134.436,1761.1109999999999
2021-12-05 08:00:00,4197.890667,2704.585,160.06300000000002,1973.7279999999998
2021-12-05 09:00:00,4759.332,2957.709,176.291,2220.867667
2021-12-05 10:00:00,5007.247667000001,3140.353,153.798,2435.631332
2021-12-05 11:00:00,5087.325,3129.129,177.489,2377.0176659999997
2021-12-05 12:00:00,4974.952499999999,3131.715,138.574,2407.191001
2021-12-05 13:00:00,4850.144499999999,3209.415,123.57499999999999,2314.042
2021-12-05 14:00:00,4685.4169999999995,3017.593,123.559,2267.121667
2021-12-05 15:00:00,4663.238333,2974.45,134.06799999999998,2216.744
2021-12-05 16:00:00,4758.748,3012.056,137.583,2206.364
2021-12-05 17:00:00,5471.643333,3246.324,148.25900000000001,2480.491
2021-12-05 18:00:00,5886.154667000001,3523.093,146.95600000000002,2759.559667
2021-12-05 19:00:00,5917.951000000001,3589.425,151.15200000000002,2742.849667
2021-12-05 20:00:00,5673.246666999999,3537.259,161.143,2685.049667
2021-12-05 21:00:00,5441.1849999999995,3462.634,153.871,2638.139333
2021-12-05 22:00:00,5058.2355,3293.596,165.181,2489.6273330000004
2021-12-05 23:00:00,4356.5154999999995,3018.3149999999996,136.366,2272.736333
2021-12-06 00:00:00,3801.972667,2680.4363329999996,134.10799999999998,1980.1416669999999
2021-12-06 01:00:00,3409.404667,2397.397333,100.003,1748.070333
2021-12-06 02:00:00,3146.9126670000005,2203.574333,101.37299999999998,1586.429
2021-12-06 03:00:00,3076.8869999999997,2113.376,94.65599999999999,1544.1656659999999
2021-12-06 04:00:00,3076.205333,2085.345333,90.83599999999998,1553.847334
2021-12-06 05:00:00,3169.077667,2105.242333,94.136,1601.329666
2021-12-06 06:00:00,3523.086667,2255.160667,97.872,1719.3323340000002
2021-12-06 07:00:00,4026.115,2502.754,106.722,1917.140999
2021-12-06 08:00:00,4398.2173330000005,2718.534667,125.443,2060.4346670000004
2021-12-06 09:00:00,4381.366667,2744.2343330000003,135.79300000000003,2124.7796660000004
2021-12-06 10:00:00,4504.802667,2763.054,139.293,2093.780001
2021-12-06 11:00:00,4551.121666999999,2795.642,145.81799999999998,2171.6423299999997
2021-12-06 12:00:00,4526.370333,2867.7,140.91899999999998,2146.6916650000003
2021-12-06 13:00:00,4604.197333,2935.331666,161.81799999999998,2131.3336689999996
2021-12-06 14:00:00,4609.958999999999,2828.444,135.99800000000002,2124.1803330000002
2021-12-06 15:00:00,4554.908667,2821.7233330000004,133.88,2131.338001
2021-12-06 16:00:00,4764.911666999999,2856.671999,145.636,2265.769998
2021-12-06 17:00:00,5259.140001,3182.304,129.521,2430.389667
2021-12-06 18:00:00,5586.475333,3443.777333,157.10399999999998,2661.5946670000003
2021-12-06 19:00:00,5507.485333,3388.269666,158.355,2629.691334
2021-12-06 20:00:00,5475.806333,3361.0833329999996,148.50199999999995,2576.052668
2021-12-06 21:00:00,5120.740333,3092.915,165.551,2507.6326679999997
2021-12-06 22:00:00,4726.332334000001,2961.955,129.67600000000002,2295.541334
2021-12-06 23:00:00,4115.438,2748.6389999999997,118.914,2020.252666
2021-12-07 00:00:00,3447.619,2391.321,121.03499999999998,1775.634001
2021-12-07 01:00:00,3070.747166,2115.013,99.94699999999999,1587.921334
2021-12-07 02:00:00,2823.887333,1971.679,91.499,1452.6123340000001
2021-12-07 03:00:00,2709.4145000000003,1856.929333,83.399,1377.228667
2021-12-07 04:00:00,2730.1836670000002,1865.751001,80.18800000000002,1375.152001
2021-12-07 05:00:00,2848.931667,1870.78,83.33099999999999,1418.2960019999998
2021-12-07 06:00:00,3187.1406669999997,2013.4990000000003,90.97699999999999,1539.5256639999998
2021-12-07 07:00:00,3685.102333,2271.768,86.536,1714.9426669999998
2021-12-07 08:00:00,4062.583667,2519.022,100.54299999999999,1861.425334
2021-12-07 09:00:00,4009.3066670000003,2493.301,97.756,1908.7440000000001
2021-12-07 10:00:00,3964.729333,2478.776,110.847,1910.9343330000002
2021-12-07 11:00:00,4002.390333,2474.868,110.70700000000001,1872.0733339999997
2021-12-07 12:00:00,4082.689333,2517.5910000000003,104.82799999999999,1879.5273339999999
2021-12-07 13:00:00,4003.2119999999995,2518.896333,101.13099999999999,1900.723
2021-12-07 14:00:00,3973.496333,2497.8016669999997,113.86,1940.1926669999998
2021-12-07 15:00:00,4064.586667,2543.956667,121.20599999999999,1917.3470020000002
2021-12-07 16:00:00,4250.004999000001,2640.193333,101.97600000000001,1972.925666
2021-12-07 17:00:00,4849.121,2899.568,131.06599999999997,2225.834666
2021-12-07 18:00:00,5371.500999,3172.432,135.85699999999997,2436.776664
2021-12-07 19:00:00,5441.2083330000005,3319.8549999999996,134.691,2502.368336
2021-12-07 20:00:00,5279.538333,3222.8269999999998,158.86700000000002,2422.541668
2021-12-07 21:00:00,4892.860333,3037.885,151.844,2351.396998
2021-12-07 22:00:00,4512.621333,2944.962,146.967,2180.326666
2021-12-07 23:00:00,4022.712667,2585.018,112.891,1946.5296669999998
2021-12-08 00:00:00,3442.522333,2313.483,101.63999999999999,1692.335333
2021-12-08 01:00:00,3053.0343329999996,2058.137,88.343,1550.111334
2021-12-08 02:00:00,2840.9291670000002,1911.43,77.72300000000001,1438.4813330000002
2021-12-08 03:00:00,2725.788,1819.7559999999999,82.485,1354.900334
2021-12-08 04:00:00,2706.596,1824.941,76.903,1343.647
2021-12-08 05:00:00,2812.557666,1844.6190000000001,75.73800000000001,1380.3046669999999
2021-12-08 06:00:00,3129.721,1996.5060000000003,76.819,1512.217
2021-12-08 07:00:00,3612.017334,2234.779,86.643,1714.4830000000002
2021-12-08 08:00:00,4045.6720000000005,2412.1,108.46000000000001,1872.519667
2021-12-08 09:00:00,4094.734334,2489.964,125.858,1970.58
2021-12-08 10:00:00,4139.027666,2510.492,118.09599999999999,1912.8819999999998
2021-12-08 11:00:00,4106.956333,2457.416,115.279,1843.739
2021-12-08 12:00:00,4004.541334,2454.624,95.96000000000002,1853.9260000000002
2021-12-08 13:00:00,4032.2870000000003,2427.4300000000003,98.919,1822.808666
2021-12-08 14:00:00,3882.758,2398.5290000000005,85.43999999999998,1852.728333
2021-12-08 15:00:00,3804.123666,2416.2119999999995,90.42,1818.873666
2021-12-08 16:00:00,4097.400333,2549.377,106.567,1995.668666
2021-12-08 17:00:00,4760.819667,2893.991,121.792,2289.337
2021-12-08 18:00:00,5339.4929999999995,3210.1620000000003,142.003,2580.078
2021-12-08 19:00:00,5499.910333,3467.6330000000003,128.032,2683.834333
2021-12-08 20:00:00,5539.312667,3445.4210000000003,140.81600000000003,2583.633001
2021-12-08 21:00:00,5278.788167,3423.7529999999997,155.615,2553.842666
2021-12-08 22:00:00,4917.1365000000005,3311.337,152.783,2459.0423339999998
2021-12-08 23:00:00,4369.548,2944.969,154.622,2199.517
2021-12-09 00:00:00,3864.683,2665.354,142.098,1979.108
2021-12-09 01:00:00,3482.429,2476.4590000000003,120.14299999999999,1804.888
2021-12-09 02:00:00,3253.1035,2286.4350000000004,108.19500000000001,1684.96
2021-12-09 03:00:00,3169.8875,2181.5280000000002,107.123,1605.9253330000001
2021-12-09 04:00:00,3190.739667,2178.353,105.664,1627.681999
2021-12-09 05:00:00,3320.4215,2218.274,109.2,1664.333333
2021-12-09 06:00:00,3660.2376670000003,2367.687,113.16999999999999,1786.841
2021-12-09 07:00:00,4116.514166999999,2637.764,122.41000000000003,1995.798333
2021-12-09 08:00:00,4517.786833,2816.589,144.603,2143.003667
2021-12-09 09:00:00,4543.909167,2879.5083329999998,162.489,2202.4313330000004
2021-12-09 10:00:00,4587.963667,2843.626,165.439,2204.8926659999997
2021-12-09 11:00:00,4596.045333,2881.586,158.61499999999998,2188.027
2021-12-09 12:00:00,4597.693832999999,2919.3300000000004,166.38099999999997,2211.09
2021-12-09 13:00:00,4642.262833000001,2949.0910000000003,177.698,2206.926
2021-12-09 14:00:00,4538.263667,3003.244333,159.284,2142.5389999999998
2021-12-09 15:00:00,4549.572833,2929.341,144.396,2164.407
2021-12-09 16:00:00,4660.076333,2948.76,155.13,2251.312
2021-12-09 17:00:00,5149.269499999999,3188.328,174.424,2546.721
2021-12-09 18:00:00,5737.054333,3500.178,181.05500000000004,2685.445667
2021-12-09 19:00:00,5897.896833000001,3615.425,180.71200000000002,2812.5800000000004
2021-12-09 20:00:00,5757.903,3600.264,167.28699999999998,2728.912
2021-12-09 21:00:00,5572.552333,3480.572,177.70399999999998,2663.706
2021-12-09 22:00:00,5153.1768329999995,3396.724,180.50600000000003,2523.973
2021-12-09 23:00:00,4600.638,3076.913,155.82600000000002,2269.718
2021-12-10 00:00:00,4017.844833,2840.2219999999998,129.927,2041.009
2021-12-10 01:00:00,3595.008,2536.878,107.08699999999999,1871.025333
2021-12-10 02:00:00,3322.37,2323.456,104.85499999999999,1718.8596670000002
2021-12-10 03:00:00,3204.283666,2270.7079999999996,101.11100000000002,1624.175
2021-12-10 04:00:00,3219.179,2232.996,98.54499999999999,1611.758
2021-12-10 05:00:00,3298.911333,2283.6180000000004,95.407,1651.967
2021-12-10 06:00:00,3595.252668,2375.293,111.77300000000001,1770.646
2021-12-10 07:00:00,4039.2870000000003,2652.545,124.93299999999998,1961.3203330000001
2021-12-10 08:00:00,4524.1793339999995,2809.569,132.682,2159.028666
2021-12-10 09:00:00,4599.698,2883.554,128.25,2226.168
2021-12-10 10:00:00,4641.679999999999,2879.999,159.77499999999998,2158.8666670000002
2021-12-10 11:00:00,4592.3153330000005,2849.368,143.976,2146.774667
2021-12-10 12:00:00,4580.677667,2890.0,160.55099999999996,2136.944
2021-12-10 13:00:00,4570.304,2895.11,150.94000000000003,2137.7780000000002
2021-12-10 14:00:00,4389.984834,2922.715,123.326,2111.381667
2021-12-10 15:00:00,4476.700833,2915.965666,144.799,2050.2669990000004
2021-12-10 16:00:00,4730.207166,2980.803,133.49,2190.476999
2021-12-10 17:00:00,5240.215334,3178.553,170.174,2386.999334
2021-12-10 18:00:00,5586.634167,3332.99,175.34799999999998,2515.861
2021-12-10 19:00:00,5466.000834,3439.368,164.205,2540.2690009999997
2021-12-10 20:00:00,5392.5283340000005,3387.0960000000005,152.962,2483.821999
2021-12-10 21:00:00,5220.972167,3213.976,148.16,2424.048
2021-12-10 22:00:00,4871.203665999999,3064.932,138.203,2324.369667
2021-12-10 23:00:00,4395.6630000000005,2874.102,139.14100000000002,2167.427666
2021-12-11 00:00:00,3851.5408340000004,2691.323,137.096,1904.081666
2021-12-11 01:00:00,3500.247334,2468.433,127.98800000000001,1732.411333
2021-12-11 02:00:00,3218.0346659999996,2306.208,109.48899999999999,1620.440334
2021-12-11 03:00:00,3159.455333,2208.302,104.312,1559.8906670000001
2021-12-11 04:00:00,3115.12,2188.643,99.588,1528.8593329999999
2021-12-11 05:00:00,3142.376333,2183.2749999999996,85.34599999999999,1541.181
2021-12-11 06:00:00,3329.907666,2222.837,98.92,1588.799
2021-12-11 07:00:00,3543.693,2309.25,125.216,1711.929
2021-12-11 08:00:00,4046.096,2527.1090000000004,128.30200000000002,1864.939667
2021-12-11 09:00:00,4592.494,2898.1629999999996,142.425,2084.471666
2021-12-11 10:00:00,4875.9623329999995,3052.74,170.186,2338.872
2021-12-11 11:00:00,5185.278,3185.492,154.972,2396.6549999999997
2021-12-11 12:00:00,5299.903999,3186.361,144.81800000000004,2470.554665
2021-12-11 13:00:00,5228.440667,3272.452,167.16199999999998,2402.237665
2021-12-11 14:00:00,5154.046334,3151.7039999999997,211.028,2394.81
2021-12-11 15:00:00,5089.419667,3178.833,176.84600000000003,2348.727333
2021-12-11 16:00:00,5126.873667,3171.62,159.25699999999998,2341.439667
2021-12-11 17:00:00,5405.005999999999,3317.866,149.802,2514.4763330000005
2021-12-11 18:00:00,5539.692332999999,3360.728,168.34100000000004,2499.398666
2021-12-11 19:00:00,5437.577665999999,3345.6679999999997,158.838,2428.793666
2021-12-11 20:00:00,5221.332666,3259.6670000000004,146.358,2396.417332
2021-12-11 21:00:00,4955.552668,3116.058,138.46,2335.8806670000004
2021-12-11 22:00:00,4658.141667,2997.344,129.484,2180.945333
2021-12-11 23:00:00,4324.755332999999,2811.242,131.57399999999996,2042.2379990000002
2021-12-12 00:00:00,3855.632667,2623.9840000000004,111.50500000000001,1840.8960000000002
2021-12-12 01:00:00,3504.042333,2402.223,100.11499999999998,1703.192
2021-12-12 02:00:00,3199.050001,2224.616,90.94099999999999,1572.518999
2021-12-12 03:00:00,3100.459333,2146.5019999999995,84.42300000000002,1513.9319990000001
2021-12-12 04:00:00,3059.117667,2079.3469999999998,88.285,1486.965667
2021-12-12 05:00:00,3034.256667,2047.898,87.455,1488.181
2021-12-12 06:00:00,3264.195334,2113.042,96.28500000000001,1556.369333
2021-12-12 07:00:00,3491.4666660000003,2179.33,96.739,1655.274
2021-12-12 08:00:00,3940.0606669999997,2448.556,116.90599999999999,1779.512
2021-12-12 09:00:00,4461.290999999999,2773.35,101.97,2081.116667
2021-12-12 10:00:00,4839.828334,3031.119,145.13499999999996,2303.601001
2021-12-12 11:00:00,5242.537666,3189.961,165.39399999999995,2465.173
2021-12-12 12:00:00,5372.535834,3327.375,187.843,2492.544334
2021-12-12 13:00:00,5334.849168,3217.171,136.214,2449.419
2021-12-12 14:00:00,5159.475168,3187.543,140.955,2408.6679999999997
2021-12-12 15:00:00,4956.754667,3198.0119999999997,156.62900000000002,2392.327
2021-12-12 16:00:00,5137.431331,3270.1630000000005,152.13400000000001,2537.5829999999996
2021-12-12 17:00:00,5715.4715,3454.396,181.09000000000003,2605.563
2021-12-12 18:00:00,5874.841168,3636.801,183.676,2831.525
2021-12-12 19:00:00,5834.665666,3681.2439999999997,175.48399999999998,2834.580333
2021-12-12 20:00:00,5763.151333000001,3519.4339999999997,177.92400000000004,2812.1166670000002
2021-12-12 21:00:00,5513.425665000001,3446.968,167.38199999999998,2687.603667
2021-12-12 22:00:00,5033.500833,3306.882,160.168,2544.4903329999997
2021-12-12 23:00:00,4451.047501000001,3020.8970000000004,158.838,2288.5570000000002
2021-12-13 00:00:00,3855.134666,2711.336,135.07700000000003,2012.795
2021-12-13 01:00:00,3448.891834,2454.807,94.146,1759.5006669999998
2021-12-13 02:00:00,3242.983334,2244.212,79.23100000000002,1602.557
2021-12-13 03:00:00,3207.6351670000004,2162.516,89.472,1543.414
2021-12-13 04:00:00,3150.1955000000003,2166.816,85.694,1559.768
2021-12-13 05:00:00,3240.0506669999995,2187.626,92.85099999999998,1621.335
2021-12-13 06:00:00,3576.053334,2297.218,107.39,1754.926
2021-12-13 07:00:00,4097.7783340000005,2488.922,118.778,2005.0439999999999
2021-12-13 08:00:00,4474.4986659999995,2786.4860000000003,115.587,2121.88
2021-12-13 09:00:00,4564.610334,2809.711,127.27899999999998,2163.8140000000003
2021-12-13 10:00:00,4560.151667,2901.781,159.274,2126.571
2021-12-13 11:00:00,4669.470334,2891.896,154.11,2173.1639999999998
2021-12-13 12:00:00,4743.7970000000005,2877.8289999999997,142.73299999999998,2181.9359999999997
2021-12-13 13:00:00,4774.625,2974.11,141.85700000000003,2158.4939999999997
2021-12-13 14:00:00,4749.548666000001,2937.777,137.081,2217.797667
2021-12-13 15:00:00,4742.799,3004.0480000000002,123.846,2232.832667
2021-12-13 16:00:00,5029.736999,3137.7960000000003,169.53,2408.2520000000004
2021-12-13 17:00:00,5610.372333,3430.918,136.151,2645.446666
2021-12-13 18:00:00,6022.244333000001,3706.041,178.41400000000002,2880.740001
2021-12-13 19:00:00,6160.258333,3857.371,193.196,2896.397666
2021-12-13 20:00:00,6117.338667,3808.884,160.87400000000002,2852.245667
2021-12-13 21:00:00,5802.206666,3730.2920000000004,175.782,2795.442
2021-12-13 22:00:00,5358.999334,3561.776,163.41499999999996,2647.038001
2021-12-13 23:00:00,4761.262333,3230.494,147.731,2328.369333
2021-12-14 00:00:00,4143.363333,2944.728,119.3,2079.5846659999997
2021-12-14 01:00:00,3581.4075000000003,2656.469,109.339,1876.175333
2021-12-14 02:00:00,3466.8210010000003,2458.428334,112.04899999999999,1771.039334
2021-12-14 03:00:00,3356.8025,2363.4543330000006,116.049,1697.1483349999999
2021-12-14 04:00:00,3420.491,2350.902333,106.36500000000002,1704.721667
2021-12-14 05:00:00,3585.505,2445.251,126.853,1780.3096659999999
2021-12-14 06:00:00,3957.272667,2605.013,137.22099999999998,1950.0280010000001
2021-12-14 07:00:00,4579.237666,2899.087,127.26,2139.511666
2021-12-14 08:00:00,4984.499,3161.924,153.143,2382.173
2021-12-14 09:00:00,5076.729667,3182.3099999999995,182.70200000000003,2403.051999
2021-12-14 10:00:00,4864.443332999999,3105.7030000000004,144.59900000000002,2302.745666
2021-12-14 11:00:00,4726.637,2998.924,111.776,2274.198
2021-12-14 12:00:00,4683.164333,2994.044,125.49199999999999,2130.1226669999996
2021-12-14 13:00:00,4487.5779999999995,2930.134,118.561,2137.1949999999997
2021-12-14 14:00:00,4389.106333,2810.817,115.85100000000001,2138.716
2021-12-14 15:00:00,4302.592667,2736.5159999999996,105.36299999999999,2058.7
2021-12-14 16:00:00,4520.957333,2927.923,135.89899999999997,2201.2799999999997
2021-12-14 17:00:00,5172.204333,3310.194,162.25,2485.3070000000002
2021-12-14 18:00:00,5905.574,3668.654,163.214,2817.922
2021-12-14 19:00:00,6075.441333,3851.576,185.02199999999996,2895.142
2021-12-14 20:00:00,6028.7703329999995,3768.3230000000003,189.704,2874.172667
2021-12-14 21:00:00,5836.384,3702.791,197.488,2797.961333
2021-12-14 22:00:00,5403.998333,3497.1189999999997,172.364,2574.7416670000002
2021-12-14 23:00:00,4774.041667,3224.303,183.167,2345.8680000000004
2021-12-15 00:00:00,4191.447,2921.045,131.67700000000002,2144.575667
2021-12-15 01:00:00,3767.406333,2681.585,106.71199999999999,1946.746667
2021-12-15 02:00:00,3493.2165,2474.2969999999996,103.153,1753.534333
2021-12-15 03:00:00,3408.8765000000003,2365.8990000000003,118.47500000000001,1724.987333
2021-12-15 04:00:00,3358.7200000000003,2356.496,116.463,1732.335
2021-12-15 05:00:00,3512.4543329999997,2385.244,107.483,1748.2453329999998
2021-12-15 06:00:00,3827.122,2476.691,118.49600000000001,1882.735
2021-12-15 07:00:00,4353.766667,2733.9700000000003,112.117,2041.5159999999998
2021-12-15 08:00:00,4660.3556659999995,2940.788667,129.529,2242.343
2021-12-15 09:00:00,4781.352,2988.5676670000003,165.829,2315.623
2021-12-15 10:00:00,4874.339,3149.8149999999996,183.18699999999998,2310.252
2021-12-15 11:00:00,4937.946667,3082.4349999999995,198.165,2306.251
2021-12-15 12:00:00,4936.8856670000005,3188.52,154.48800000000003,2300.3909999999996
2021-12-15 13:00:00,4935.214999,3162.6670000000004,150.988,2354.8149999999996
2021-12-15 14:00:00,4856.214333,3165.171,141.16300000000004,2320.953
2021-12-15 15:00:00,4920.307999,3213.276,147.18200000000002,2380.314333
2021-12-15 16:00:00,5099.262334,3311.484,134.676,2504.3083330000004
2021-12-15 17:00:00,5582.999001,3615.171,150.64699999999996,2781.671
2021-12-15 18:00:00,6041.731,3863.293,191.30599999999998,2958.524666
2021-12-15 19:00:00,6185.090999,4009.487,185.34900000000002,3043.5173350000005
2021-12-15 20:00:00,6137.262667,3933.385,185.66,2950.472335
2021-12-15 21:00:00,5747.879667,3858.041,185.844,2848.2906679999996
2021-12-15 22:00:00,5307.09,3640.303,173.85199999999998,2640.45233
2021-12-15 23:00:00,4735.937666,3316.192,149.605,2417.1619960000003
2021-12-16 00:00:00,4207.2266660000005,3006.6230000000005,131.244,2140.938666
2021-12-16 01:00:00,3788.313999,2707.35,129.478,1931.1293340000002
2021-12-16 02:00:00,3504.126,2493.2780000000002,106.03599999999999,1798.117331
2021-12-16 03:00:00,3382.250666,2373.511,106.558,1717.100999
2021-12-16 04:00:00,3357.485999,2328.1910000000003,98.016,1717.150998
2021-12-16 05:00:00,3511.4936669999997,2366.608,103.114,1743.748666
2021-12-16 06:00:00,3801.8353340000003,2478.033,120.366,1850.1966659999998
2021-12-16 07:00:00,4331.996666,2768.786,121.49,2044.0736670000001
2021-12-16 08:00:00,4675.158,3004.638,109.188,2197.901668
2021-12-16 09:00:00,4637.995333,3001.1600000000003,141.33200000000002,2271.523333
2021-12-16 10:00:00,4691.9365,2954.1140000000005,164.55999999999997,2205.3503330000003
2021-12-16 11:00:00,4684.307333,2939.107,146.044,2253.339334
2021-12-16 12:00:00,4723.714667,2882.268,136.31799999999998,2243.782
2021-12-16 13:00:00,4638.854332999999,2950.3819999999996,122.37799999999999,2219.942333
2021-12-16 14:00:00,4500.299,2892.315,109.253,2232.798
2021-12-16 15:00:00,4574.835666999999,2864.651,125.013,2134.735333
2021-12-16 16:00:00,4709.112166,3030.385,143.429,2169.7826670000004
2021-12-16 17:00:00,5222.731666,3182.118,144.252,2382.833
2021-12-16 18:00:00,5807.1535,3473.657,174.19,2716.103
2021-12-16 19:00:00,5868.273834,3613.2690000000002,160.041,2750.752
2021-12-16 20:00:00,5724.601000000001,3596.51,152.32400000000004,2679.1620009999997
2021-12-16 21:00:00,5414.780333999999,3554.0989999999997,145.72199999999998,2621.614333
2021-12-16 22:00:00,5095.523499999999,3353.849,151.55,2464.2133329999997
2021-12-16 23:00:00,4541.592500000001,3072.3720000000003,152.876,2250.047667
2021-12-17 00:00:00,3970.379333,2819.6769999999997,116.78,1980.272999
2021-12-17 01:00:00,3542.569834,2535.669,117.995,1818.504333
2021-12-17 02:00:00,3303.308167,2343.859,103.54500000000002,1723.469999
2021-12-17 03:00:00,3165.6865000000003,2253.732,101.318,1621.404667
2021-12-17 04:00:00,3173.8019999999997,2220.4319990000004,99.97200000000001,1573.9296659999998
2021-12-17 05:00:00,3304.089667,2259.673,98.337,1637.590667
2021-12-17 06:00:00,3604.3731669999997,2375.9120000000003,106.878,1749.640333
2021-12-17 07:00:00,4028.6440000000002,2617.284667,101.743,1948.7466680000002
2021-12-17 08:00:00,4407.695167,2817.3320000000003,104.638,2088.870333
2021-12-17 09:00:00,4544.598833,2873.156,155.61700000000002,2228.587
2021-12-17 10:00:00,4587.891667,2967.2129999999997,160.43499999999997,2182.9409990000004
2021-12-17 11:00:00,4601.260833,2985.7200000000003,153.02900000000002,2185.069333
2021-12-17 12:00:00,4636.558999999999,2878.05,139.45600000000002,2200.742999
2021-12-17 13:00:00,4566.491501,2924.917,155.004,2157.196
2021-12-17 14:00:00,4458.372668,2794.016,153.96399999999997,2115.5679999999998
2021-12-17 15:00:00,4524.260167,2830.715,126.37699999999998,2070.42
2021-12-17 16:00:00,4649.803168,2850.539,131.59699999999998,2193.618
2021-12-17 17:00:00,5240.633501,3142.5910000000003,147.549,2456.98
2021-12-17 18:00:00,5706.377999,3335.5539999999996,184.583,2648.815
2021-12-17 19:00:00,5653.075999999999,3405.808,184.07800000000003,2637.88
2021-12-17 20:00:00,5578.6314999999995,3375.31,167.57500000000005,2504.8413339999997
2021-12-17 21:00:00,5351.323833,3268.975,186.12300000000002,2471.174
2021-12-17 22:00:00,5078.066167,3106.581,162.29,2372.252
2021-12-17 23:00:00,4578.093833000001,2990.765,134.01199999999997,2280.784
2021-12-18 00:00:00,4159.379666999999,2751.431,128.22400000000002,2020.404
2021-12-18 01:00:00,3716.2033330000004,2547.106,111.50900000000001,1885.982
2021-12-18 02:00:00,3445.905834,2399.169,113.051,1762.3090000000002
2021-12-18 03:00:00,3283.9225,2278.654,101.523,1701.1589999999999
2021-12-18 04:00:00,3205.9796669999996,2201.972,91.054,1647.5953330000002
2021-12-18 05:00:00,3286.8221670000003,2252.828,103.946,1667.076667
2021-12-18 06:00:00,3500.082999,2302.206,94.91,1708.262
2021-12-18 07:00:00,3724.4553339999998,2307.102,102.22899999999998,1759.899
2021-12-18 08:00:00,4076.778001,2563.4429999999998,114.59199999999998,1841.2879999999998
2021-12-18 09:00:00,4371.3556659999995,2847.794,125.26,2059.034
2021-12-18 10:00:00,4755.801334,2953.5870000000004,146.059,2273.297
2021-12-18 11:00:00,4997.674333,3119.112,168.83,2344.682667
2021-12-18 12:00:00,4948.524499,3189.005,176.06799999999998,2329.0049999999997
2021-12-18 13:00:00,4995.730667,3226.9700000000003,155.308,2310.2839999999997
2021-12-18 14:00:00,4982.673001,3084.2110000000002,128.511,2350.224
2021-12-18 15:00:00,4918.406333999999,2958.3779999999997,149.42899999999997,2291.232999
2021-12-18 16:00:00,4995.518334,3041.0249999999996,151.59799999999996,2354.048999
2021-12-18 17:00:00,5331.227333,3108.8160000000003,149.035,2489.2583329999998
2021-12-18 18:00:00,5452.0766650000005,3210.083,141.265,2547.1103319999997
2021-12-18 19:00:00,5427.722331999999,3256.777,149.56099999999998,2548.451667
2021-12-18 20:00:00,5350.392333,3294.118334,133.462,2460.792336
2021-12-18 21:00:00,5140.805,3248.816333,133.57999999999998,2354.423331
2021-12-18 22:00:00,4922.080667,3192.9376669999997,144.82299999999998,2331.976332
2021-12-18 23:00:00,4701.757833,3010.841999,151.47699999999998,2262.250334
2021-12-19 00:00:00,4266.950833999999,2894.202667,125.871,2134.967335
2021-12-19 01:00:00,3891.947999,2707.1179979999997,115.9,1978.3823279999997
2021-12-19 02:00:00,3679.6813340000003,2565.999667,118.26,1862.649662
2021-12-19 03:00:00,3522.353832,2440.1756670000004,107.34200000000001,1791.8766679999999
2021-12-19 04:00:00,3459.897833,2353.469336,106.396,1739.4103300000002
2021-12-19 05:00:00,3462.936667,2382.190667,111.06699999999998,1728.578336
2021-12-19 06:00:00,3685.6539999999995,2440.923666,107.591,1783.313001
2021-12-19 07:00:00,4082.8078339999997,2578.9546659999996,112.27799999999999,1936.1169989999999
2021-12-19 08:00:00,4349.243334000001,2831.6303340000004,142.241,2078.133334
2021-12-19 09:00:00,4892.473333999999,3139.811667,170.715,2389.463
2021-12-19 10:00:00,5457.745667,3514.518,186.18599999999998,2577.793333
2021-12-19 11:00:00,5718.2513340000005,3652.870667,178.97499999999997,2735.181334
2021-12-19 12:00:00,5788.395833,3715.602,191.183,2699.094001
2021-12-19 13:00:00,5893.4975,3761.3413330000003,200.58999999999997,2822.552001
2021-12-19 14:00:00,5857.123834,3681.828333,180.715,2816.035667
2021-12-19 15:00:00,5686.045334,3738.402333,172.25000000000003,2770.1403330000003
2021-12-19 16:00:00,5763.891666,3713.7233330000004,210.045,2768.970667
2021-12-19 17:00:00,6088.986833,3906.803333,194.94899999999998,2828.1829989999997
2021-12-19 18:00:00,6284.399834,3982.735,205.918,3006.2396660000004
2021-12-19 19:00:00,6311.110500000001,3989.037333,178.53,2928.3306669999997
2021-12-19 20:00:00,6115.493833,3875.5623330000003,186.78099999999998,2930.441334
2021-12-19 21:00:00,5845.267,3754.9973330000003,182.968,2833.721667
2021-12-19 22:00:00,5503.748334,3570.779333,190.24999999999997,2741.598667
2021-12-19 23:00:00,4867.786667,3376.2383330000002,159.2,2512.145001
2021-12-20 00:00:00,4267.806666,3001.5596670000004,137.52499999999998,2243.2773340000003
2021-12-20 01:00:00,3783.162834,2780.753667,126.535,2026.824
2021-12-20 02:00:00,3542.455,2581.783333,117.489,1874.461667
2021-12-20 03:00:00,3450.8021660000004,2411.1189999999997,114.048,1821.204334
2021-12-20 04:00:00,3398.0158330000004,2377.221,111.793,1787.404
2021-12-20 05:00:00,3504.8595000000005,2407.1483329999996,106.06,1805.569667
2021-12-20 06:00:00,3823.9378340000003,2527.355333,117.374,1900.194665
2021-12-20 07:00:00,4157.890166,2617.4610000000002,127.029,1984.741668
2021-12-20 08:00:00,4440.094999000001,2809.829667,106.47399999999999,2174.143001
2021-12-20 09:00:00,4682.857333,2993.918333,136.661,2261.323333
2021-12-20 10:00:00,4917.782,3141.2300000000005,160.54199999999997,2359.0923350000003
2021-12-20 11:00:00,4955.532499999999,3124.5433329999996,155.44400000000002,2363.727001
2021-12-20 12:00:00,5076.933999,3270.264,175.89600000000002,2430.115334
2021-12-20 13:00:00,5194.384,3326.138667,142.93,2425.1989999999996
2021-12-20 14:00:00,5112.195,3283.143,144.723,2437.818
2021-12-20 15:00:00,5166.894833,3369.376,134.828,2426.951667
2021-12-20 16:00:00,5269.113332999999,3310.4916670000002,178.196,2505.645666
2021-12-20 17:00:00,5614.796333,3554.043667,187.897,2664.5466659999997
2021-12-20 18:00:00,6079.3465,3767.382333,174.17199999999997,2897.905667
2021-12-20 19:00:00,6081.162333,3868.337,179.10999999999999,2950.085333
2021-12-20 20:00:00,5921.5595,3857.0376669999996,174.14799999999997,2861.5773339999996
2021-12-20 21:00:00,5746.171501000001,3732.4753330000003,181.48600000000002,2759.2239990000003
2021-12-20 22:00:00,5449.6106660000005,3584.2086670000003,177.46499999999997,2694.662665
2021-12-20 23:00:00,4762.772667,3335.106667,183.45299999999997,2426.866
2021-12-21 00:00:00,4294.4645,3094.5563330000004,176.24099999999999,2216.939
2021-12-21 01:00:00,3955.7335000000003,2795.852334,129.518,2062.963
2021-12-21 02:00:00,3777.797334,2658.681334,126.048,1916.4466670000002
2021-12-21 03:00:00,3732.413167,2536.31,114.053,1861.7553320000002
2021-12-21 04:00:00,3696.767,2536.637,108.97600000000001,1884.569333
2021-12-21 05:00:00,3863.608833,2633.5443330000003,116.08499999999998,1930.722334
2021-12-21 06:00:00,4110.899667,2718.628666,134.42000000000004,2026.203
2021-12-21 07:00:00,4622.162999,2830.668333,142.22899999999998,2140.3
2021-12-21 08:00:00,4880.500666,3106.3179999999998,130.12199999999999,2288.865
2021-12-21 09:00:00,4984.177,3198.7466670000003,166.42900000000003,2407.919
2021-12-21 10:00:00,4991.389166999999,3192.7483330000005,136.85600000000002,2379.6323329999996
2021-12-21 11:00:00,4969.479334,3120.517667,166.947,2365.343
2021-12-21 12:00:00,4874.492499,3187.471667,167.182,2301.654
2021-12-21 13:00:00,4860.426833,3156.444333,180.49,2291.742
2021-12-21 14:00:00,4864.958167,3202.448667,155.52800000000002,2292.266
2021-12-21 15:00:00,4740.648167,3173.637667,171.162,2257.813333
2021-12-21 16:00:00,4994.838167,3205.259,168.489,2322.9633329999997
2021-12-21 17:00:00,5502.2021669999995,3419.0456670000003,167.35099999999997,2544.0056670000004
2021-12-21 18:00:00,5855.7775,3667.703,194.60100000000003,2722.5
2021-12-21 19:00:00,6045.460333,3677.82,209.29999999999998,2768.156333
2021-12-21 20:00:00,5916.278167,3670.882,181.265,2766.727
2021-12-21 21:00:00,5623.344166999999,3538.691667,169.37300000000002,2705.846667
2021-12-21 22:00:00,5234.681166,3389.081333,158.441,2574.126999
2021-12-21 23:00:00,4607.862166,3146.3630000000003,164.26100000000002,2349.085334
2021-12-22 00:00:00,4085.6336659999997,2932.543333,144.82600000000002,2035.541667
2021-12-22 01:00:00,3659.7740000000003,2628.049667,121.09400000000001,1859.858
2021-12-22 02:00:00,3377.5241669999996,2436.934,106.95100000000001,1739.124
2021-12-22 03:00:00,3282.229166,2315.2529999999997,121.79500000000002,1654.7226660000001
2021-12-22 04:00:00,3232.092833,2260.997667,102.701,1662.388
2021-12-22 05:00:00,3276.179833,2301.0420000000004,96.60900000000001,1680.1770000000001
2021-12-22 06:00:00,3577.811666,2388.785,110.212,1787.8899999999999
2021-12-22 07:00:00,3930.839667,2521.655,112.696,1854.5856670000003
2021-12-22 08:00:00,4164.017834,2667.5849999999996,107.434,1975.4613329999997
2021-12-22 09:00:00,4378.645834,2729.4809999999998,135.424,2034.9446670000002
2021-12-22 10:00:00,4463.961833,2784.2470000000003,143.767,2076.97
2021-12-22 11:00:00,4507.512667,2822.941,135.411,2091.018
2021-12-22 12:00:00,4489.9515,2826.1710000000003,123.7,2099.9846669999997
2021-12-22 13:00:00,4510.976499,2930.1580000000004,113.667,2128.759333
2021-12-22 14:00:00,4544.764,2885.2070000000003,140.464,2147.244333
2021-12-22 15:00:00,4534.975499,2824.3419999999996,136.16400000000002,2109.6283329999997
2021-12-22 16:00:00,4755.981667,2950.1279999999997,136.21300000000002,2219.790334
2021-12-22 17:00:00,5150.539001,3106.629,135.758,2453.956
2021-12-22 18:00:00,5534.343667,3300.778,162.606,2647.762667
2021-12-22 19:00:00,5646.998999,3415.581,143.91400000000002,2586.562667
2021-12-22 20:00:00,5469.604666000001,3392.9763329999996,140.46999999999997,2580.754
2021-12-22 21:00:00,5378.900167,3272.956,157.994,2563.235667
2021-12-22 22:00:00,5033.746,3151.224,133.89799999999997,2364.081666
2021-12-22 23:00:00,4561.815833000001,2950.58,152.10600000000002,2208.873334
2021-12-23 00:00:00,4025.491,2711.2839999999997,107.11,2024.126666
2021-12-23 01:00:00,3552.335666,2418.9269999999997,110.456,1806.3559989999999
2021-12-23 02:00:00,3242.5649999999996,2229.94,89.11499999999998,1625.1386660000003
2021-12-23 03:00:00,3099.924667,2117.01,96.42699999999999,1530.2329989999998
2021-12-23 04:00:00,3068.7583329999998,2056.821666,98.475,1506.903999
2021-12-23 05:00:00,3176.336667,2135.316333,87.721,1559.1296670000002
2021-12-23 06:00:00,3441.996334,2192.8230000000003,94.54700000000001,1623.139666
2021-12-23 07:00:00,3784.479666,2319.539,117.24500000000002,1759.6239999999998
2021-12-23 08:00:00,4135.993,2536.922,106.83200000000001,1901.2540000000001
2021-12-23 09:00:00,4425.016333,2724.4660000000003,136.26899999999998,2049.033667
2021-12-23 10:00:00,4613.7654999999995,2847.427,136.022,2136.3043319999997
2021-12-23 11:00:00,4622.144333,2893.581,133.60100000000003,2200.068667
2021-12-23 12:00:00,4605.352667000001,2814.879,139.80999999999997,2111.947
2021-12-23 13:00:00,4495.544333,2831.062,107.44399999999999,2027.7
2021-12-23 14:00:00,4554.460999999999,2824.388667,110.911,2094.9480000000003
2021-12-23 15:00:00,4594.222667,2906.416666,112.025,2078.902
2021-12-23 16:00:00,4874.703166,3026.984667,110.30999999999999,2216.711
2021-12-23 17:00:00,5324.523665999999,3167.376333,126.66300000000001,2401.147
2021-12-23 18:00:00,5553.971500000001,3409.4316670000003,145.677,2574.023
2021-12-23 19:00:00,5803.275834,3493.812333,184.89000000000001,2609.663
2021-12-23 20:00:00,5580.23,3521.8650000000002,186.12599999999998,2587.259
2021-12-23 21:00:00,5455.7513340000005,3428.815333,170.63500000000002,2561.143
2021-12-23 22:00:00,5153.441834,3305.302,161.31300000000002,2520.456
2021-12-23 23:00:00,4815.017501,3123.491,157.416,2300.357333
2021-12-24 00:00:00,4386.954665,2903.4629999999997,139.71800000000002,2128.3523330000003
2021-12-24 01:00:00,3898.3689999999997,2714.184,137.643,1942.778667
2021-12-24 02:00:00,3651.5146649999997,2537.978,119.82699999999998,1811.598667
2021-12-24 03:00:00,3464.734333,2399.175333,113.22299999999998,1724.199
2021-12-24 04:00:00,3426.5356659999998,2352.512,101.88,1703.241
2021-12-24 05:00:00,3524.7,2383.116,115.155,1746.4163330000001
2021-12-24 06:00:00,3745.0783330000004,2466.59,114.40699999999998,1797.9993329999998
2021-12-24 07:00:00,3990.398332,2569.3650000000002,118.313,1900.898666
2021-12-24 08:00:00,4358.582667000001,2830.217,120.7,2042.38
2021-12-24 09:00:00,4994.295334,3092.313,141.798,2362.602
2021-12-24 10:00:00,5344.938668,3317.0589999999997,176.833,2559.5640000000003
2021-12-24 11:00:00,5710.906667,3492.216,188.01600000000002,2702.075
2021-12-24 12:00:00,5850.860334,3697.718,169.83399999999997,2792.875
2021-12-24 13:00:00,5716.527334,3660.304,172.858,2741.535
2021-12-24 14:00:00,5779.455665,3587.165,184.426,2755.285
2021-12-24 15:00:00,5935.549999,3593.5260000000003,194.35000000000005,2791.433
2021-12-24 16:00:00,5930.517332,3611.361,208.13900000000004,2873.9986670000003
2021-12-24 17:00:00,6138.1173340000005,3708.59,184.477,2881.797667
2021-12-24 18:00:00,6229.195666,3806.3940000000002,214.654,2820.819
2021-12-24 19:00:00,6028.702666000001,3723.031,215.81600000000003,2765.611
2021-12-24 20:00:00,5833.503334,3638.467,186.75900000000004,2634.225
2021-12-24 21:00:00,5499.109332999999,3524.0260000000003,169.062,2603.2066670000004
2021-12-24 22:00:00,5316.281666,3388.904,180.667,2492.5509999999995
2021-12-24 23:00:00,4903.480001,3266.9900000000002,149.168,2383.29
2021-12-25 00:00:00,4488.069665999999,3090.0820000000003,141.10899999999998,2181.889333
2021-12-25 01:00:00,4139.803333,2843.686,122.742,2050.925333
2021-12-25 02:00:00,3884.7035,2713.729666,109.56000000000002,1941.455
2021-12-25 03:00:00,3708.179833,2551.417,119.38999999999997,1830.981
2021-12-25 04:00:00,3631.9359999999997,2471.6400000000003,121.32900000000002,1785.8050000000003
2021-12-25 05:00:00,3611.4135,2473.877,124.55700000000002,1801.928
2021-12-25 06:00:00,3820.1236660000004,2524.6539999999995,128.834,1884.0900000000001
2021-12-25 07:00:00,4119.6355,2612.512,120.92899999999999,1934.5210000000002
2021-12-25 08:00:00,4592.158667000001,2908.205,137.74800000000002,2090.608
2021-12-25 09:00:00,5197.059333,3266.179,150.39399999999998,2382.8489999999997
2021-12-25 10:00:00,5583.284,3550.2480000000005,160.51299999999998,2644.9666669999997
2021-12-25 11:00:00,5858.9451659999995,3696.242,197.225,2789.7123330000004
2021-12-25 12:00:00,5952.1605,3782.7309999999998,179.50300000000001,2816.183
2021-12-25 13:00:00,5988.949833000001,3780.9480000000003,182.352,2840.4493330000005
2021-12-25 14:00:00,5887.6545,3585.923,168.00699999999998,2825.681667
2021-12-25 15:00:00,5777.990167,3534.862,176.837,2763.3883330000003
2021-12-25 16:00:00,5788.921,3539.735,197.252,2702.4449999999997
2021-12-25 17:00:00,5917.515834000001,3503.5426669999997,199.76600000000002,2807.280667
2021-12-25 18:00:00,5922.362499,3673.090667,195.097,2864.006
2021-12-25 19:00:00,5848.102166000001,3641.275,188.492,2771.529667
2021-12-25 20:00:00,5672.350333,3679.4363329999996,175.72000000000003,2753.9486660000002
2021-12-25 21:00:00,5496.906666,3518.291,202.613,2703.616
2021-12-25 22:00:00,5336.475,3503.234,176.567,2553.779667
2021-12-25 23:00:00,5013.558,3427.016,178.22200000000004,2410.117333
2021-12-26 00:00:00,4581.58,3231.1059999999998,160.552,2265.375
2021-12-26 01:00:00,4192.499,2959.201999,141.444,2125.593
2021-12-26 02:00:00,4047.6025,2791.183668,133.867,2037.587
2021-12-26 03:00:00,3928.805833,2669.917667,124.21700000000001,1947.234
2021-12-26 04:00:00,3886.965833,2672.049,139.93200000000004,1927.6260000000002
2021-12-26 05:00:00,3917.6986669999997,2664.2490000000003,123.068,1911.257665
2021-12-26 06:00:00,4112.536,2722.744667,133.654,1977.998334
2021-12-26 07:00:00,4388.090167,2854.318333,158.434,2132.465
2021-12-26 08:00:00,4809.743333,3069.606001,174.91099999999997,2288.7256669999997
2021-12-26 09:00:00,5412.089667,3404.5493340000003,190.005,2552.591666
2021-12-26 10:00:00,5808.602666,3684.561667,193.063,2787.666666
2021-12-26 11:00:00,6136.466334,3875.261334,230.599,2930.498334
2021-12-26 12:00:00,6289.6895,3961.312,214.844,3045.0523329999996
2021-12-26 13:00:00,6204.232833,4033.7103329999995,255.29700000000003,2995.814
2021-12-26 14:00:00,6157.6846669999995,3972.327333,222.92299999999997,2954.6059999999998
2021-12-26 15:00:00,5950.207667,3879.8073329999997,190.03400000000002,2889.763
2021-12-26 16:00:00,5974.207333,4006.8853329999997,198.877,2929.349
2021-12-26 17:00:00,6458.358,4147.5126660000005,216.86500000000004,3062.8816669999997
2021-12-26 18:00:00,6831.517334,4269.361999999999,257.034,3145.7200000000003
2021-12-26 19:00:00,6739.501499999999,4255.413333,238.49699999999999,3106.380334
2021-12-26 20:00:00,6532.0208330000005,4226.736999,234.92100000000005,3013.591334
2021-12-26 21:00:00,6258.752333,4063.2709989999994,218.153,2980.777001
2021-12-26 22:00:00,5842.098667,3876.958333,202.126,2816.676001
2021-12-26 23:00:00,5298.766667,3646.177666,188.17799999999997,2628.5069999999996
2021-12-27 00:00:00,4679.344666,3372.504668,161.025,2333.873333
2021-12-27 01:00:00,4356.925334,3104.295333,145.004,2238.219333
2021-12-27 02:00:00,4047.999333,2896.343,141.29500000000002,2133.757332
2021-12-27 03:00:00,3933.8293329999997,2791.9809990000003,146.88799999999998,2028.8439990000002
2021-12-27 04:00:00,3951.2653330000003,2713.109666,141.55,1993.82
2021-12-27 05:00:00,4017.46,2755.040667,132.83700000000002,2054.2090000000003
2021-12-27 06:00:00,4345.892667,2878.762333,141.72500000000002,2112.1486670000004
2021-12-27 07:00:00,4693.308666,3049.304333,149.778,2232.987
2021-12-27 08:00:00,5059.5380000000005,3282.673667,172.04699999999997,2436.944334
2021-12-27 09:00:00,5459.719333,3522.215333,189.89399999999995,2632.7493329999998
2021-12-27 10:00:00,5768.485833000001,3709.133667,217.175,2782.087
2021-12-27 11:00:00,5899.593166999999,3820.537333,215.167,2894.861334
2021-12-27 12:00:00,6182.984666,3941.711333,218.57000000000002,2991.131333
2021-12-27 13:00:00,6103.189333,3940.5736669999997,234.73399999999998,3018.716334
2021-12-27 14:00:00,6169.8056670000005,3906.5209990000003,235.386,2964.6600000000003
2021-12-27 15:00:00,6195.039500000001,3963.9746670000004,218.979,2978.45
2021-12-27 16:00:00,6334.284,4058.6563340000002,210.997,2981.580667
2021-12-27 17:00:00,6767.832666,4200.025001,219.31300000000002,3165.470667
2021-12-27 18:00:00,7139.0625,4444.283665999999,242.052,3382.3089999999997
2021-12-27 19:00:00,6975.384332999999,4369.415999999999,217.10099999999997,3330.608
2021-12-27 20:00:00,6753.8005,4338.652667,190.60100000000003,3242.5460000000003
2021-12-27 21:00:00,6461.555167,4197.716333,224.513,3125.418
2021-12-27 22:00:00,6046.088333,3955.535333,223.98700000000002,2972.6983339999997
2021-12-27 23:00:00,5498.812667,3719.759,222.927,2767.0713339999998
2021-12-28 00:00:00,4917.8975,3476.3143330000003,178.306,2516.521333
2021-12-28 01:00:00,4495.8905,3186.7943339999997,152.595,2315.666334
2021-12-28 02:00:00,4236.672334,3026.168334,150.12,2159.818334
2021-12-28 03:00:00,4071.704167,2894.3653329999997,147.702,2037.530333
2021-12-28 04:00:00,4081.1046670000005,2878.685,128.028,2036.616334
2021-12-28 05:00:00,4134.9665,2927.3720009999997,134.68500000000003,2097.342667
2021-12-28 06:00:00,4428.522,3014.402,140.341,2140.633667
2021-12-28 07:00:00,4763.959666000001,3120.297667,145.07799999999997,2262.375333
2021-12-28 08:00:00,5046.576333,3324.46,151.82000000000002,2430.317333
2021-12-28 09:00:00,5457.559833,3553.518,189.10000000000002,2646.743665
2021-12-28 10:00:00,5618.558167,3634.932334,202.13000000000002,2763.592334
2021-12-28 11:00:00,5865.3501670000005,3685.321,176.72899999999998,2806.9456649999997
2021-12-28 12:00:00,5914.509666,3875.986667,199.821,2879.375998
2021-12-28 13:00:00,5960.825666000001,3858.919,192.848,2972.953665
2021-12-28 14:00:00,5959.301667,3810.1356670000005,212.05200000000002,3005.069004
2021-12-28 15:00:00,5807.8655,3782.906667,200.34,2920.395667
2021-12-28 16:00:00,5985.478166999999,3813.860667,198.832,2975.443002
2021-12-28 17:00:00,6342.615167,4008.8963350000004,195.93899999999996,3128.678
2021-12-28 18:00:00,6749.0905,4230.405667,201.465,3236.2960009999997
2021-12-28 19:00:00,6631.031333000001,4188.8006669999995,225.933,3216.799333
2021-12-28 20:00:00,6302.983167,4193.918,201.24999999999997,3121.447667
2021-12-28 21:00:00,6000.306667000001,4035.3996669999997,199.064,3061.969
2021-12-28 22:00:00,5720.623166,3859.09,198.68200000000002,2773.810334
2021-12-28 23:00:00,5139.699166,3600.804,184.44799999999998,2597.076
2021-12-29 00:00:00,4617.207666,3334.772666,161.726,2416.615667
2021-12-29 01:00:00,4194.199999999999,3065.286,148.04,2219.747667
2021-12-29 02:00:00,4036.3001670000003,2932.616333,148.75000000000003,2055.2473330000003
2021-12-29 03:00:00,3981.0941660000003,2824.223333,141.209,2004.7306669999998
2021-12-29 04:00:00,3983.700333,2787.604,137.88900000000004,2002.0296660000001
2021-12-29 05:00:00,4041.915,2854.283001,144.27599999999998,2095.594667
2021-12-29 06:00:00,4389.468166000001,2992.437667,144.411,2175.309
2021-12-29 07:00:00,4812.711,3141.228,164.223,2334.266667
2021-12-29 08:00:00,5129.111334,3400.126333,161.48200000000003,2455.791333
2021-12-29 09:00:00,5624.897166999999,3584.7480000000005,178.39,2705.141667
2021-12-29 10:00:00,5835.6855,3830.230667,181.32199999999997,2832.245
2021-12-29 11:00:00,5958.201666999999,3953.7279989999997,214.25700000000006,2932.3250000000003
2021-12-29 12:00:00,5935.358,4022.9116670000003,212.833,2876.5389999999998
2021-12-29 13:00:00,5930.420666,4077.356667,179.32299999999998,2803.5570000000002
2021-12-29 14:00:00,5819.536,3939.715666,203.30399999999997,2757.977667
2021-12-29 15:00:00,5621.0873329999995,3828.479333,192.732,2729.418333
2021-12-29 16:00:00,5733.092334,3906.0240000000003,179.37199999999996,2784.015
2021-12-29 17:00:00,6284.888833999999,4126.743333,244.88799999999998,3035.443
2021-12-29 18:00:00,6934.973,4411.915,259.21999999999997,3325.393
2021-12-29 19:00:00,6927.615,4546.341001000001,283.507,3366.563
2021-12-29 20:00:00,6818.283666,4571.115999,250.82699999999997,3308.451
2021-12-29 21:00:00,6444.899334,4399.487333000001,231.87600000000003,3267.435
2021-12-29 22:00:00,6073.455333,4209.489334,223.932,3084.6720000000005
2021-12-29 23:00:00,5533.432666,3906.703001,206.64100000000002,2824.973
2021-12-30 00:00:00,4943.251333,3670.930334,183.537,2549.8680000000004
2021-12-30 01:00:00,4548.791,3362.87,145.289,2371.7073330000003
2021-12-30 02:00:00,4329.934334,3200.173334,156.072,2215.3113329999996
2021-12-30 03:00:00,4182.048333,3109.846667,164.924,2142.7706670000002
2021-12-30 04:00:00,4184.798499,3063.792,154.872,2141.7306670000003
2021-12-30 05:00:00,4202.265167,3063.1113320000004,157.94700000000003,2165.935333
2021-12-30 06:00:00,4444.460333999999,3056.069,147.88099999999997,2222.861667
2021-12-30 07:00:00,4611.061667,3171.4483330000003,156.905,2287.870333
2021-12-30 08:00:00,4923.552833,3386.9443329999995,146.61500000000007,2439.241999
2021-12-30 09:00:00,5433.5755,3490.4176660000003,210.53699999999998,2535.023333
2021-12-30 10:00:00,5468.304,3554.954334,202.06400000000002,2665.4566670000004
2021-12-30 11:00:00,5553.184832999999,3601.404667,193.34799999999998,2645.851667
2021-12-30 12:00:00,5617.220333000001,3682.031667,202.36599999999999,2679.532001
2021-12-30 13:00:00,5592.7855,3711.875333,196.74800000000005,2658.916667
2021-12-30 14:00:00,5461.21,3584.575,205.94100000000003,2636.151
2021-12-30 15:00:00,5438.1845,3539.1373329999997,184.202,2608.6893330000003
2021-12-30 16:00:00,5366.620999999999,3526.998333,181.707,2730.3143330000003
2021-12-30 17:00:00,5708.523166,3759.059,170.127,2832.934333
2021-12-30 18:00:00,6120.2375,3949.017667,171.78799999999998,3013.0066670000006
2021-12-30 19:00:00,6090.958501,3962.0823330000003,210.703,2938.9503330000002
2021-12-30 20:00:00,6022.465667,3926.821667,194.577,2929.761
2021-12-30 21:00:00,5864.0439989999995,3780.842667,203.49600000000004,2880.330334
2021-12-30 22:00:00,5560.063833,3621.505,166.84400000000002,2748.5753330000002
2021-12-30 23:00:00,5028.89,3486.599333,171.321,2514.746664
2021-12-31 00:00:00,4439.062666,3250.171666,158.823,2297.715
2021-12-31 01:00:00,4106.7280009999995,3043.4180000000006,138.907,2133.4339999999997
2021-12-31 02:00:00,3847.155999,2783.4809999999998,122.898,1982.8110009999998
2021-12-31 03:00:00,3758.433333,2639.92,127.327,1876.004
2021-12-31 04:00:00,3716.914999,2610.1976670000004,124.71800000000002,1856.8516670000001
2021-12-31 05:00:00,3784.857,2645.352667,112.61199999999998,1900.388999
2021-12-31 06:00:00,3997.155333,2716.143,135.552,1982.769334
2021-12-31 07:00:00,4232.372332,2779.501,152.41699999999997,2106.600335
2021-12-31 08:00:00,4524.3859999999995,3090.410667,159.772,2221.0060000000003
2021-12-31 09:00:00,4983.712334,3301.034667,176.38000000000002,2388.069
2021-12-31 10:00:00,5325.922001,3482.1400000000003,190.25999999999996,2586.659333
2021-12-31 11:00:00,5554.655334,3642.753333,169.815,2670.727666
2021-12-31 12:00:00,5786.871334,3761.4143329999997,171.60000000000002,2763.275334
2021-12-31 13:00:00,5780.503334000001,3725.407,169.16899999999998,2753.642
2021-12-31 14:00:00,5713.144998,3816.150666,214.018,2762.5299999999997
2021-12-31 15:00:00,5751.950332,3780.112333,222.042,2810.205
2021-12-31 16:00:00,5930.901999,3866.969333,221.07100000000003,2892.067667
2021-12-31 17:00:00,6462.915,4101.253666,203.07800000000003,3064.8856670000005
2021-12-31 18:00:00,6942.697999,4432.575332,222.589,3331.4790000000003
2021-12-31 19:00:00,6964.363999,4420.400334,238.651,3334.316
2021-12-31 20:00:00,6738.689333999999,4410.402999,230.842,3175.667
2021-12-31 21:00:00,6277.258333,4317.585333,218.077,3047.366667
2021-12-31 22:00:00,5942.412332999999,4117.947665999999,198.485,2917.343
2021-12-31 23:00:00,5680.990001,3937.329334,188.836,2802.064
