Datetime,MIDWAY-POWELLHURST (n=2805),MIDWAY-LYNCH (n=2153),MIDWAY-DOUGLAS (n=2527),MIDWAY-DIVISION (n=1988)
2023-01-01 00:00:00,3749.3590000000004,2790.7300000000005,3058.592,2510.596
2023-01-01 01:00:00,3523.4970000000003,2623.37,2881.376,2363.3379999999997
2023-01-01 02:00:00,3407.374,2549.6800000000003,2822.882,2271.829667
2023-01-01 03:00:00,3302.897,2405.006,2627.6770000000006,2184.277
2023-01-01 04:00:00,3174.005,2344.536,2579.41,2093.052667
2023-01-01 05:00:00,3126.9759999999997,2304.522,2523.2110000000002,2064.470334
2023-01-01 06:00:00,3168.203,2365.642,2520.41,2113.9799999999996
2023-01-01 07:00:00,3293.163001,2466.9759999999997,2588.923,2208.3033330000003
2023-01-01 08:00:00,3543.7836660000003,2652.174,2720.6949999999997,2332.4076670000004
2023-01-01 09:00:00,3972.229,2862.011,2979.881,2545.618
2023-01-01 10:00:00,4228.551665999999,3189.929,3326.02,2841.084
2023-01-01 11:00:00,4320.077001,3374.547,3573.575,3062.7156670000004
2023-01-01 12:00:00,4544.2916669999995,3534.051,3762.318667,3160.073667
2023-01-01 13:00:00,4583.146000000001,3518.261,3811.034,3190.47
2023-01-01 14:00:00,4456.108,3327.205,3749.128333,3146.249
2023-01-01 15:00:00,4502.032,3339.0119999999997,3681.2696670000005,3153.228334
2023-01-01 16:00:00,4590.960999999999,3435.102,3740.100667,3246.975
2023-01-01 17:00:00,4909.159,3717.764,3873.3959999999997,3395.964667
2023-01-01 18:00:00,5119.549999999999,3943.022,4198.486,3574.006
2023-01-01 19:00:00,5152.464,3945.9649999999997,4203.43,3587.261
2023-01-01 20:00:00,5182.032999999999,4022.053,4239.348,3528.2533320000002
2023-01-01 21:00:00,5085.035,3960.888,4110.369000000001,3536.2223329999997
2023-01-01 22:00:00,4974.027999999999,3734.819,3942.312,3369.7876669999996
2023-01-01 23:00:00,4643.438,3411.158,3774.5510000000004,3109.7219999999998
2023-01-02 00:00:00,4390.629,3162.893,3511.0606659999994,2897.792333
2023-01-02 01:00:00,4090.491,2916.639,3195.2769989999997,2675.8146670000006
2023-01-02 02:00:00,3845.2400000000002,2827.725,2977.400667,2505.9656670000004
2023-01-02 03:00:00,3727.232,2726.474,2864.5606669999997,2392.402667
2023-01-02 04:00:00,3700.562,2710.541,2870.720667,2285.9260000000004
2023-01-02 05:00:00,3799.223,2731.857,2936.537667,2359.6780000000003
2023-01-02 06:00:00,3861.61,2908.615,3056.337001,2465.9110010000004
2023-01-02 07:00:00,4105.344,3077.4849999999997,3209.0280000000002,2677.7520000000004
2023-01-02 08:00:00,4394.714,3284.6049999999996,3463.864,2862.9393330000003
2023-01-02 09:00:00,4827.041000000001,3565.9300000000003,3744.248667,3205.160333
2023-01-02 10:00:00,5309.639999999999,3928.734,3967.533,3489.387668
2023-01-02 11:00:00,5470.725,4086.9180000000006,4294.0399990000005,3729.1983330000003
2023-01-02 12:00:00,5634.512000000001,4108.599999999999,4467.660333,3828.758
2023-01-02 13:00:00,5704.741,4080.151,4625.074334000001,3909.811667
2023-01-02 14:00:00,5730.129,4165.621,4620.7916669999995,3814.9453329999997
2023-01-02 15:00:00,5830.557000000001,4123.156,4636.275334,3984.382667
2023-01-02 16:00:00,5859.745000000001,4364.788,4776.892667,4035.632333
2023-01-02 17:00:00,5996.936,4581.016,5006.530333,4237.975333
2023-01-02 18:00:00,6299.027,4828.146000000001,5251.289,4480.928332
2023-01-02 19:00:00,6357.153,4838.38,5301.602999000001,4430.062667
2023-01-02 20:00:00,6263.739,4780.317,5187.325667,4398.438333
2023-01-02 21:00:00,5941.718,4526.256,5017.419,4227.022
2023-01-02 22:00:00,5622.5689999999995,4151.048,4599.844999999999,3828.840667
2023-01-02 23:00:00,5125.212,3702.5240000000003,4253.995,3441.8686669999997
2023-01-03 00:00:00,4559.552,3173.621,3724.835,3074.2909999999997
2023-01-03 01:00:00,4188.612999999999,2899.6749999999997,3325.6929999999998,2766.828666
2023-01-03 02:00:00,3883.071,2665.323,3134.423,2528.201
2023-01-03 03:00:00,3731.957,2635.136,3034.901,2412.373
2023-01-03 04:00:00,3672.384,2676.725,2947.8050000000003,2397.527667
2023-01-03 05:00:00,3774.0879999999997,2736.794,3069.568,2428.470333
2023-01-03 06:00:00,4029.59,2920.923,3253.774,2642.753667
2023-01-03 07:00:00,4346.695,3288.982,3508.846,2953.156667
2023-01-03 08:00:00,4613.155000000001,3439.663,3715.254,3147.146667
2023-01-03 09:00:00,4633.272999999999,3491.902,3688.512667,3254.3106669999997
2023-01-03 10:00:00,4557.359,3453.5429999999997,3691.8579999999997,3201.6999990000004
2023-01-03 11:00:00,4515.228999999999,3388.964,3678.373,3102.485667
2023-01-03 12:00:00,4528.063,3429.237,3789.019,3161.403999
2023-01-03 13:00:00,4566.322,3383.554,3898.8766669999995,3192.041
2023-01-03 14:00:00,4570.0689999999995,3419.765,3912.759,3238.237333
2023-01-03 15:00:00,4537.217,3472.696,3972.723666,3260.117666
2023-01-03 16:00:00,4882.505,3522.928,4123.905333000001,3429.853333
2023-01-03 17:00:00,5295.695,3878.041,4584.514,3722.4889999999996
2023-01-03 18:00:00,5665.0830000000005,4294.968000000001,4851.812,3998.519667
2023-01-03 19:00:00,5892.93,4374.108,4926.647,4122.049
2023-01-03 20:00:00,5837.656666999999,4377.773999999999,4867.06,4025.168334
2023-01-03 21:00:00,5564.973,4202.147000000001,4681.207,3890.162
2023-01-03 22:00:00,5240.755999999999,3913.57,4458.1,3589.1719999999996
2023-01-03 23:00:00,4848.375,3498.8360000000002,4100.0,3252.269334
2023-01-04 00:00:00,4432.58,3103.4129999999996,3639.432,2874.389666
2023-01-04 01:00:00,4028.195,2793.614,3302.2349999999997,2605.137667
2023-01-04 02:00:00,3764.4660000000003,2676.7129999999997,3044.4129999999996,2480.950667
2023-01-04 03:00:00,3704.036,2645.241,3004.468334,2370.800999
2023-01-04 04:00:00,3691.314,2734.161,2995.2253339999997,2354.400667
2023-01-04 05:00:00,3825.441,2830.462667,3108.524,2445.276
2023-01-04 06:00:00,4131.536,3067.230667,3270.418667,2648.8909999999996
2023-01-04 07:00:00,4467.684332999999,3347.199,3587.569333,2978.077999
2023-01-04 08:00:00,4685.412,3564.546667,3806.4610000000002,3206.228001
2023-01-04 09:00:00,4959.704,3686.0739999999996,3836.6356669999996,3305.071333
2023-01-04 10:00:00,5012.51,3757.495,3851.353333,3347.2479999999996
2023-01-04 11:00:00,4996.634,3762.921,3940.172333,3388.768
2023-01-04 12:00:00,5050.277,3719.827,4022.371,3442.272167
2023-01-04 13:00:00,5046.366,3767.277,4141.2080000000005,3416.9496660000004
2023-01-04 14:00:00,5143.026,3817.004,4157.219,3371.462832
2023-01-04 15:00:00,5197.0599999999995,3901.5873330000004,4291.007,3499.089334
2023-01-04 16:00:00,5441.356,3938.1530000000002,4404.942,3702.1271669999996
2023-01-04 17:00:00,5810.097,4263.7783340000005,4896.9710000000005,3865.504666
2023-01-04 18:00:00,6104.494000000001,4640.492,5239.135,4185.985503
2023-01-04 19:00:00,6160.148999999999,4661.410667,5267.114,3881.244833
2023-01-04 20:00:00,6050.763,4473.563999,5186.005999999999,3801.0225010000004
2023-01-04 21:00:00,5860.285,4204.228333,5001.385,4014.8090009999996
2023-01-04 22:00:00,5510.409,3915.643,4603.943667,3668.5795
2023-01-04 23:00:00,5033.276,3553.947,4109.064334,3290.653332
2023-01-05 00:00:00,4493.885,3073.4570000000003,3606.564667,2905.9233329999997
2023-01-05 01:00:00,3979.095666,2778.5519999999997,3205.12,2629.852667
2023-01-05 02:00:00,3693.4650010000005,2597.159,2971.656,2416.2233340000002
2023-01-05 03:00:00,3465.688,2528.4139999999998,2814.701,2250.1310009999997
2023-01-05 04:00:00,3466.246,2526.104667,2753.506,2238.470501
2023-01-05 05:00:00,3551.4790000000003,2640.571667,2854.749,2287.252334
2023-01-05 06:00:00,3718.318,2812.489,2990.268,2458.206834
2023-01-05 07:00:00,4069.6020000000003,3069.32,3331.431,2745.4831670000003
2023-01-05 08:00:00,4201.3240000000005,3167.5649999999996,3499.492,2873.822667
2023-01-05 09:00:00,4253.021000000001,3168.462333,3439.4436669999996,2821.993833
2023-01-05 10:00:00,4240.701,3126.5793329999997,3360.201667,2847.5621659999997
2023-01-05 11:00:00,4227.3330000000005,3107.776667,3371.280667,2799.959167
2023-01-05 12:00:00,4155.213,3166.690333,3395.067,2855.1715000000004
2023-01-05 13:00:00,4144.937,3167.123,3420.128,2850.400834
2023-01-05 14:00:00,4040.808,3059.736,3426.844,2812.738167
2023-01-05 15:00:00,4007.627,3029.5299999999997,3386.808,2877.007833
2023-01-05 16:00:00,4222.825000000001,3152.9986670000003,3565.3060000000005,2883.325168
2023-01-05 17:00:00,4576.772,3363.941,3875.004,3157.2453339999997
2023-01-05 18:00:00,4880.302,3672.246,4164.4439999999995,3386.7058340000003
2023-01-05 19:00:00,5003.514,3764.195,4333.396,3481.694833
2023-01-05 20:00:00,4980.605,3717.4970000000003,4275.825,3447.045333
2023-01-05 21:00:00,4788.076,3520.805,4074.8470000000007,3294.909167
2023-01-05 22:00:00,4463.446,3293.16,3793.383,3027.728834
2023-01-05 23:00:00,4003.625,2935.386,3438.543667,2702.036166
2023-01-06 00:00:00,3658.3289999999997,2579.0480000000002,2949.8813330000003,2371.903499
2023-01-06 01:00:00,3310.237,2285.1846670000004,2643.3580009999996,2135.0205000000005
2023-01-06 02:00:00,3068.1059999999998,2162.3729999999996,2433.1890000000003,1966.0273339999999
2023-01-06 03:00:00,2998.821,2158.6503329999996,2439.129,1901.9468339999999
2023-01-06 04:00:00,3030.471,2257.065,2428.342001,1878.423166
2023-01-06 05:00:00,3196.148,2399.077333,2541.924666,2005.689667
2023-01-06 06:00:00,3484.308,2624.904666,2772.1130000000003,2209.873334
2023-01-06 07:00:00,3932.375,2941.7699999999995,3146.862333,2552.0665010000002
2023-01-06 08:00:00,4177.92,3121.424,3335.462,2700.027
2023-01-06 09:00:00,4212.377,3116.946,3318.597,2782.887667
2023-01-06 10:00:00,4182.702333,3136.274667,3293.166333,2787.231333
2023-01-06 11:00:00,4130.705,3099.698333,3283.304,2848.4766659999996
2023-01-06 12:00:00,4114.307,3042.0080000000003,3285.479333,2836.361167
2023-01-06 13:00:00,3999.349,3008.202,3251.850333,2812.451667
2023-01-06 14:00:00,3957.802,2910.069,3273.290666,2752.605333
2023-01-06 15:00:00,3978.945,2997.517,3422.481333,2827.561167
2023-01-06 16:00:00,4235.336667,3098.1629999999996,3514.402,2965.040333
2023-01-06 17:00:00,4578.762,3467.6580000000004,3857.0550000000003,3189.0086659999997
2023-01-06 18:00:00,4765.58,3665.768,4066.066,3307.551667
2023-01-06 19:00:00,4675.867,3697.515,4011.5159999999996,3323.487
2023-01-06 20:00:00,4734.894,3580.305,3920.1980000000003,3329.1454999999996
2023-01-06 21:00:00,4534.585999999999,3432.210333,3779.861,3166.1245
2023-01-06 22:00:00,4377.459,3263.008,3589.468,2849.6839999999997
2023-01-06 23:00:00,4077.5229999999997,3046.339,3367.121,2615.5885
2023-01-07 00:00:00,3761.8559999999998,2748.956,3030.156,2428.2870000000003
2023-01-07 01:00:00,3485.85,2462.9173330000003,2819.8329999999996,2266.596834
2023-01-07 02:00:00,3279.268,2329.002667,2584.0550000000003,2070.091333
2023-01-07 03:00:00,3133.201,2217.367,2488.806,1990.6338329999999
2023-01-07 04:00:00,3032.985,2218.290667,2411.596,1944.953
2023-01-07 05:00:00,3060.193,2237.3729999999996,2394.872,1949.471
2023-01-07 06:00:00,3151.384,2315.3636669999996,2492.19,2014.453
2023-01-07 07:00:00,3259.691,2425.699,2571.905,2177.9895
2023-01-07 08:00:00,3517.192,2670.547,2815.635,2389.086
2023-01-07 09:00:00,3883.76,3008.823,3090.0150000000003,2710.6385
2023-01-07 10:00:00,4251.267,3264.277,3386.072666,2882.477
2023-01-07 11:00:00,4483.674,3515.462,3685.615667,2982.788166
2023-01-07 12:00:00,4535.023,3640.541,3854.576333,3062.514833
2023-01-07 13:00:00,4541.156,3650.9249999999997,3881.151,3188.240333
2023-01-07 14:00:00,4483.179,3448.4719999999998,3848.9686659999998,3103.3
2023-01-07 15:00:00,4639.508,3522.318,3823.362666,3083.901
2023-01-07 16:00:00,4537.501,3536.913,3853.783667,3098.8363329999997
2023-01-07 17:00:00,4676.6669999999995,3567.268,3863.537333,3134.455999
2023-01-07 18:00:00,4823.9259999999995,3797.1850000000004,3971.882,3368.746
2023-01-07 19:00:00,4983.927,3677.386,4087.25,3444.225833
2023-01-07 20:00:00,4879.269,3674.06,3965.236,3460.3463329999995
2023-01-07 21:00:00,4690.155000000001,3469.073,3858.3660010000003,3311.63
2023-01-07 22:00:00,4532.956,3332.426,3622.0610000000006,3065.138
2023-01-07 23:00:00,4141.695,3081.6459999999997,3321.1609999999996,2781.018
2023-01-08 00:00:00,3815.038,2836.4680000000003,3078.436,2536.378
2023-01-08 01:00:00,3515.321,2585.9719999999998,2878.441,2312.9775
2023-01-08 02:00:00,3287.792,2380.852,2595.406667,2163.1735
2023-01-08 03:00:00,3056.969,2259.359,2464.438333,1967.92
2023-01-08 04:00:00,2992.679,2196.505,2337.7889999999998,1906.6354999999999
2023-01-08 05:00:00,3025.36,2183.2360000000003,2305.455,1880.437
2023-01-08 06:00:00,3074.608,2250.586,2356.161667,1944.877
2023-01-08 07:00:00,3240.1380000000004,2368.768,2458.3143330000003,2047.1264999999999
2023-01-08 08:00:00,3496.249,2594.715,2713.6576670000004,2329.905
2023-01-08 09:00:00,3905.518,2945.9790000000003,3061.0910000000003,2581.9615
2023-01-08 10:00:00,4268.396,3240.665,3361.456,2893.041
2023-01-08 11:00:00,4479.4490000000005,3483.861667,3701.0066669999997,2994.427
2023-01-08 12:00:00,4699.496,3547.967,3793.317,3072.073833
2023-01-08 13:00:00,4619.83,3474.108,3745.232,3209.647333
2023-01-08 14:00:00,4562.848,3486.952,3770.8239999999996,3189.063
2023-01-08 15:00:00,4586.343,3624.4700000000003,3827.39,3111.567
2023-01-08 16:00:00,4644.241,3567.39,3826.327,3157.6904999999997
2023-01-08 17:00:00,4875.898999999999,3730.2090000000003,4014.6859999999997,3394.3329999999996
2023-01-08 18:00:00,5067.864,3981.545,4190.026,3569.2625
2023-01-08 19:00:00,5010.536,3987.4139999999998,4244.2880000000005,3678.9095
2023-01-08 20:00:00,4996.115,3855.174,4158.367,3627.968
2023-01-08 21:00:00,4799.4259999999995,3638.8779999999997,3936.686,3315.7093330000002
2023-01-08 22:00:00,4505.130333,3397.152,3757.0820000000003,3122.209167
2023-01-08 23:00:00,4161.159334,3051.577,3343.7740000000003,2845.963667
2023-01-09 00:00:00,3725.218667,2705.62,3003.947,2474.9125000000004
2023-01-09 01:00:00,3333.2210000000005,2481.4030000000002,2720.755,2229.4645
2023-01-09 02:00:00,3134.998,2251.047,2451.1220000000003,2075.486833
2023-01-09 03:00:00,3044.014,2192.501667,2432.458,1941.766999
2023-01-09 04:00:00,3011.226,2214.406,2368.363,1927.5110009999999
2023-01-09 05:00:00,3151.982,2314.2200000000003,2521.289,1976.9716670000003
2023-01-09 06:00:00,3409.849,2483.209,2691.251,2193.3864999999996
2023-01-09 07:00:00,3808.074,2804.583,3012.918,2552.4395
2023-01-09 08:00:00,3994.478,3037.236,3191.6803330000002,2711.2915000000003
2023-01-09 09:00:00,3946.24,2984.8,3229.096334,2743.785
2023-01-09 10:00:00,4007.3503339999997,2971.6409999999996,3159.076,2762.223
2023-01-09 11:00:00,3893.5786669999998,2926.9449999999997,3229.485667,2781.3878330000002
2023-01-09 12:00:00,3895.5559999999996,2859.168,3178.0690000000004,2746.058
2023-01-09 13:00:00,3937.0249999999996,2898.213,3260.762667,2791.1273330000004
2023-01-09 14:00:00,3940.755667,2933.514,3232.8453329999998,2676.9125
2023-01-09 15:00:00,3880.514667,2914.818,3241.1233329999995,2670.5606660000003
2023-01-09 16:00:00,4023.580333,3029.349,3346.822,2850.6499999999996
2023-01-09 17:00:00,4464.573667000001,3291.804,3766.796335,3071.195
2023-01-09 18:00:00,4787.915999999999,3580.509,4168.514666,3380.0485
2023-01-09 19:00:00,4947.743,3753.517667,4279.096667,3473.0249999999996
2023-01-09 20:00:00,4903.959,3664.9269999999997,4092.835001,3434.242
2023-01-09 21:00:00,4659.351000000001,3615.76,3960.2600009999996,3315.0699999999997
2023-01-09 22:00:00,4397.8189999999995,3279.8140000000003,3667.507,3025.7205000000004
2023-01-09 23:00:00,3984.1890000000003,2872.883,3244.762999,2700.1975
2023-01-10 00:00:00,3543.091,2525.997,2839.770667,2357.0335
2023-01-10 01:00:00,3255.126,2296.058,2609.437333,2144.1335
2023-01-10 02:00:00,3029.34,2220.267,2417.203,2010.4725
2023-01-10 03:00:00,2946.0249999999996,2242.062,2323.471,1932.087833
2023-01-10 04:00:00,2994.492,2260.752,2316.8543339999997,1915.551832
2023-01-10 05:00:00,3151.697,2345.946,2446.595333,2052.243166
2023-01-10 06:00:00,3466.0460000000003,2531.9629999999997,2703.972334,2246.1459999999997
2023-01-10 07:00:00,3812.3360000000002,2836.861,3070.758,2563.3875000000003
2023-01-10 08:00:00,4066.303,3078.193,3208.26,2716.717167
2023-01-10 09:00:00,4167.218,3073.514,3205.606,2743.5860000000002
2023-01-10 10:00:00,4130.068332999999,3121.353,3174.526,2741.920833
2023-01-10 11:00:00,4151.999334,3038.175,3229.742,2765.8945000000003
2023-01-10 12:00:00,4043.3276659999997,3072.157,3256.431,2759.2661660000003
2023-01-10 13:00:00,4085.358,3025.801,3286.848,2800.9831670000003
2023-01-10 14:00:00,4131.8150000000005,3072.891,3224.892,2839.277167
2023-01-10 15:00:00,3967.2616660000003,2975.1360000000004,3224.893,2785.4773330000003
2023-01-10 16:00:00,4107.035666,3180.884,3404.125333,2896.9041660000003
2023-01-10 17:00:00,4666.567,3421.463667,3875.107333,3205.276667
2023-01-10 18:00:00,5095.572,3871.287,4231.756,3507.667167
2023-01-10 19:00:00,5131.665667000001,4018.138,4374.063,3601.576666
2023-01-10 20:00:00,5192.888,3860.0150000000003,4355.186,3690.3191669999997
2023-01-10 21:00:00,5054.0596669999995,3751.299,4130.415000000001,3512.1751670000003
2023-01-10 22:00:00,4699.1720000000005,3481.457,3866.4700000000003,3240.296667
2023-01-10 23:00:00,4188.079,3090.8540000000003,3482.1059999999998,2873.468
2023-01-11 00:00:00,3755.94,2716.8500000000004,3088.383667,2521.481
2023-01-11 01:00:00,3431.999,2478.063,2770.0069999999996,2298.639333
2023-01-11 02:00:00,3189.095,2300.1639999999998,2543.867,2098.035
2023-01-11 03:00:00,3050.405,2264.303,2466.724,2016.5194999999999
2023-01-11 04:00:00,3034.263,2194.9269999999997,2429.907,1980.599
2023-01-11 05:00:00,3135.320667,2318.429,2495.8109999999997,2031.5285000000001
2023-01-11 06:00:00,3361.790333,2521.1040000000003,2715.938,2206.151
2023-01-11 07:00:00,3725.4576669999997,2801.297,3000.969,2504.1413329999996
2023-01-11 08:00:00,4040.7473330000003,3021.9749999999995,3159.6389999999997,2703.621667
2023-01-11 09:00:00,4139.854667,3025.188,3205.84,2855.595
2023-01-11 10:00:00,4157.914333000001,3039.808,3181.6679999999997,2830.966
2023-01-11 11:00:00,3987.6926670000003,2884.671,3093.7749999999996,2709.6319999999996
2023-01-11 12:00:00,3999.387,2924.515,3130.977,2751.4333330000004
2023-01-11 13:00:00,4090.239,2962.1240000000003,3277.464,2872.942333
2023-01-11 14:00:00,4018.374,2954.669,3366.724001,2750.739667
2023-01-11 15:00:00,4074.9923339999996,3082.196,3336.186333,2788.8010000000004
2023-01-11 16:00:00,4371.4306670000005,3208.624,3616.88,3013.7619999999997
2023-01-11 17:00:00,4803.388999999999,3566.7969999999996,4046.3590000000004,3261.208
2023-01-11 18:00:00,5034.133333,3915.6310000000003,4355.213,3590.813
2023-01-11 19:00:00,5076.182000000001,3933.532,4385.411,3635.954
2023-01-11 20:00:00,5037.967000000001,3879.009,4348.1410000000005,3577.435
2023-01-11 21:00:00,4898.581,3657.1800000000003,4166.406000000001,3445.333
2023-01-11 22:00:00,4575.932,3352.352,3801.062333,3230.017333
2023-01-11 23:00:00,4196.415999999999,3052.706,3521.462,2855.786
2023-01-12 00:00:00,3708.332,2659.266,3072.079999,2482.5503339999996
2023-01-12 01:00:00,3349.219,2383.2039999999997,2805.2329999999997,2261.86
2023-01-12 02:00:00,3200.279,2289.0060000000003,2472.7870000000003,2068.054
2023-01-12 03:00:00,3048.344,2174.643,2382.422,1978.4409999999998
2023-01-12 04:00:00,2986.949,2133.5899999999997,2293.5660000000003,1947.6729999999998
2023-01-12 05:00:00,3070.8160000000003,2225.633,2399.210334,2040.0900000000001
2023-01-12 06:00:00,3255.012,2382.638,2585.379999,2158.0020000000004
2023-01-12 07:00:00,3576.5149999999994,2691.369,2900.230334,2394.182
2023-01-12 08:00:00,3798.0029999999997,2799.3720000000003,3087.994,2589.463
2023-01-12 09:00:00,3733.509,2815.556,2966.950667,2649.9700000000003
2023-01-12 10:00:00,3792.535,2815.7180000000003,3035.151333,2643.319333
2023-01-12 11:00:00,3809.8680000000004,2791.109,3103.8940000000002,2619.347334
2023-01-12 12:00:00,3805.161,2786.286,3139.112,2661.239333
2023-01-12 13:00:00,3756.491,2774.2320000000004,3107.786,2662.490333
2023-01-12 14:00:00,3739.8779999999997,2749.4610000000002,3041.3639999999996,2512.4873340000004
2023-01-12 15:00:00,3780.985,2807.112,3141.799,2614.135333
2023-01-12 16:00:00,3933.5879999999997,2957.4359999999997,3420.194,2808.001334
2023-01-12 17:00:00,4293.528,3218.399,3702.567,3059.184
2023-01-12 18:00:00,4600.831,3526.218,3969.877,3234.0573329999997
2023-01-12 19:00:00,4611.249,3602.998,4018.1,3312.382
2023-01-12 20:00:00,4562.287,3474.4440000000004,4011.366,3302.08
2023-01-12 21:00:00,4474.257,3364.9809999999998,3784.5460000000003,3123.529667
2023-01-12 22:00:00,4114.606,3103.6580000000004,3547.0029999999997,2881.1859999999997
2023-01-12 23:00:00,3680.7659999999996,2763.9053329999997,3111.272,2603.2523330000004
2023-01-13 00:00:00,3294.491,2367.721,2767.415,2234.9266669999997
2023-01-13 01:00:00,2904.232,2098.836,2490.775,1995.3286669999998
2023-01-13 02:00:00,2738.5969999999998,1971.2559999999999,2290.358,1868.517
2023-01-13 03:00:00,2585.1530000000002,1903.481,2111.404,1751.545
2023-01-13 04:00:00,2514.965,1889.315,2066.2493329999998,1700.3649999999998
2023-01-13 05:00:00,2629.071,1989.384,2150.8693329999996,1747.990666
2023-01-13 06:00:00,2840.044667,2164.718,2328.2039999999997,1922.336666
2023-01-13 07:00:00,3176.731,2410.086333,2654.0383330000004,2174.0069999999996
2023-01-13 08:00:00,3413.362,2588.188,2813.0079990000004,2338.346
2023-01-13 09:00:00,3553.644666,2629.821,2885.8230000000003,2489.9186659999996
2023-01-13 10:00:00,3634.41,2653.5739999999996,2930.2776679999997,2517.7676659999997
2023-01-13 11:00:00,3724.3630000000003,2711.0409999999997,2969.9499990000004,2549.895333
2023-01-13 12:00:00,3829.38,2750.482,3027.934333,2612.349
2023-01-13 13:00:00,3811.311,2773.181,3094.674,2682.132
2023-01-13 14:00:00,3692.553333,2748.435,3056.719,2631.923
2023-01-13 15:00:00,3671.6279999999997,2746.096,3041.151333,2579.904
2023-01-13 16:00:00,3669.055,2849.471,3118.262,2680.7893329999997
2023-01-13 17:00:00,4126.134,3085.495,3465.133,2899.017001
2023-01-13 18:00:00,4282.084,3395.888,3739.1486669999995,3105.283667
2023-01-13 19:00:00,4348.384,3302.068,3799.161,3080.5389999999998
2023-01-13 20:00:00,4290.688,3221.652,3638.3906669999997,3014.232
2023-01-13 21:00:00,4161.976,3109.6589999999997,3525.336999,2870.7119999999995
2023-01-13 22:00:00,3995.411,2853.715,3350.8016669999997,2675.9469999999997
2023-01-13 23:00:00,3664.014,2742.943667,3053.593,2479.3446670000003
2023-01-14 00:00:00,3319.386,2446.7740000000003,2782.5209999999997,2199.706333
2023-01-14 01:00:00,3066.7290000000003,2187.34,2536.526,2009.3273330000002
2023-01-14 02:00:00,2839.576,2026.5089999999998,2256.776,1805.8383330000001
2023-01-14 03:00:00,2697.643,1937.4099999999999,2170.968,1721.0536659999998
2023-01-14 04:00:00,2624.499,1941.075,2080.074,1644.412
2023-01-14 05:00:00,2692.3900000000003,1957.6290000000001,2100.427,1716.721
2023-01-14 06:00:00,2817.7380000000003,2016.509,2226.819,1850.687
2023-01-14 07:00:00,3037.272,2228.9579999999996,2359.2929999999997,1968.2579999999998
2023-01-14 08:00:00,3365.793,2452.232,2576.61,2129.741333
2023-01-14 09:00:00,3711.352,2822.755,2964.0249999999996,2495.234666
2023-01-14 10:00:00,4091.1409999999996,3092.619,3263.1523340000003,2752.746
2023-01-14 11:00:00,4351.409667,3261.308,3494.2076669999997,2940.1059999999998
2023-01-14 12:00:00,4493.623667,3308.9260000000004,3675.3230000000003,3024.329666
2023-01-14 13:00:00,4574.743333,3504.692,3851.7889999999998,3099.8669999999997
2023-01-14 14:00:00,4648.345,3366.957,3786.462,3099.2829999999994
2023-01-14 15:00:00,4454.451,3290.027,3778.146,3013.101
2023-01-14 16:00:00,4338.527999999999,3332.072,3676.5550000000003,3090.551
2023-01-14 17:00:00,4424.053,3329.4469999999997,3790.829333,3169.928667
2023-01-14 18:00:00,4527.901,3522.696,3786.602667,3181.3
2023-01-14 19:00:00,4581.128000000001,3536.3320000000003,3721.6763330000003,3114.312333
2023-01-14 20:00:00,4485.534,3392.3729999999996,3635.724,3089.898
2023-01-14 21:00:00,4306.884,3188.648,3543.657,3008.916666
2023-01-14 22:00:00,4093.66,3032.218,3281.2573330000005,2824.866
2023-01-14 23:00:00,3808.483,2768.986333,3101.938666,2567.6396670000004
2023-01-15 00:00:00,3517.491,2524.8720000000003,2829.836333,2316.726333
2023-01-15 01:00:00,3260.9809999999998,2295.4619999999995,2568.733333,2149.0593329999997
2023-01-15 02:00:00,2997.131,2091.667,2404.913667,1964.865
2023-01-15 03:00:00,2799.878,2027.7570000000003,2267.345333,1793.0610000000001
2023-01-15 04:00:00,2683.762,1986.1039999999998,2196.955,1740.208001
2023-01-15 05:00:00,2697.841,1988.414,2142.212,1764.869334
2023-01-15 06:00:00,2740.2259999999997,2086.1890000000003,2185.86,1826.13
2023-01-15 07:00:00,3030.61,2210.5679999999998,2315.802667,1950.011
2023-01-15 08:00:00,3273.4893330000004,2456.378,2558.426333,2181.874999
2023-01-15 09:00:00,3751.920334,2854.544667,2929.575,2531.864333
2023-01-15 10:00:00,4180.373,3177.282,3315.977,2822.906
2023-01-15 11:00:00,4474.683999999999,3358.93,3610.648,3004.162
2023-01-15 12:00:00,4555.409,3478.833,3751.406,3125.5540010000004
2023-01-15 13:00:00,4721.536,3533.224,3763.489,3200.249667
2023-01-15 14:00:00,4638.347,3466.3199999999997,3767.146667,3252.023
2023-01-15 15:00:00,4672.732,3500.1360000000004,3843.236667,3287.523
2023-01-15 16:00:00,4685.286,3572.0950000000003,3823.638333,3399.4839999999995
2023-01-15 17:00:00,4711.353,3677.21,3994.972,3468.263
2023-01-15 18:00:00,4859.0,3760.365,4123.41,3561.3860000000004
2023-01-15 19:00:00,4927.286,3801.187,4088.3390000000004,3490.386
2023-01-15 20:00:00,4742.581999999999,3584.91,3935.7439999999997,3399.0159999999996
2023-01-15 21:00:00,4609.0419999999995,3420.361,3842.567,3198.52
2023-01-15 22:00:00,4354.02,3227.429,3662.2200000000003,3000.401333
2023-01-15 23:00:00,4010.0099999999998,2921.5,3286.5389999999998,2739.369334
2023-01-16 00:00:00,3650.114,2677.813,2998.176999,2439.425
2023-01-16 01:00:00,3383.8010000000004,2364.651,2658.5993320000002,2221.65
2023-01-16 02:00:00,3078.2929999999997,2236.1639999999998,2479.8393340000002,2025.047
2023-01-16 03:00:00,2952.166,2159.858,2363.4860009999998,1916.9049989999999
2023-01-16 04:00:00,2940.654,2177.06,2327.181333,1874.496667
2023-01-16 05:00:00,3090.081,2319.607,2369.821667,1937.3083339999998
2023-01-16 06:00:00,3271.758,2474.7470000000003,2584.255001,2113.961667
2023-01-16 07:00:00,3573.7039999999997,2688.475,2744.121,2371.730667
2023-01-16 08:00:00,3865.245,2900.892,2935.9433339999996,2494.411666
2023-01-16 09:00:00,4188.982999999999,3131.7470000000003,3215.0690000000004,2734.745333
2023-01-16 10:00:00,4300.645,3249.8030000000003,3367.033667,2898.680667
2023-01-16 11:00:00,4379.860667,3336.1589999999997,3478.017999,3030.621333
2023-01-16 12:00:00,4404.477,3259.556,3568.346,2956.392667
2023-01-16 13:00:00,4397.506,3255.921,3661.6883319999997,2988.797001
2023-01-16 14:00:00,4348.940667000001,3204.852,3600.683667,2943.1863330000006
2023-01-16 15:00:00,4313.210666999999,3150.4880000000003,3458.164667,3052.553667
2023-01-16 16:00:00,4190.9,3196.876,3469.3469999999998,3067.863
2023-01-16 17:00:00,4388.085999999999,3379.316,3704.060333,3182.8883319999995
2023-01-16 18:00:00,4948.937,3686.196,4153.898,3529.708999
2023-01-16 19:00:00,5147.036,3775.6940000000004,4330.354999,3615.855667
2023-01-16 20:00:00,5065.9130000000005,3722.743,4338.206667,3593.612335
2023-01-16 21:00:00,4817.002,3625.132,4092.2580000000003,3465.331
2023-01-16 22:00:00,4464.492,3303.58,3694.8940000000002,3102.518333
2023-01-16 23:00:00,4103.9130000000005,2996.1420000000003,3292.610334,2773.156
2023-01-17 00:00:00,3712.1710000000003,2617.835,2938.618333,2405.656666
2023-01-17 01:00:00,3294.1620000000003,2324.387,2644.034001,2156.604667
2023-01-17 02:00:00,3156.617,2153.158,2460.8810000000003,2002.610333
2023-01-17 03:00:00,3006.1220000000003,2111.259,2371.2740000000003,1914.1
2023-01-17 04:00:00,2971.5869999999995,2095.767,2297.262,1935.4270000000001
2023-01-17 05:00:00,3059.212333,2193.812,2387.027,2006.022
2023-01-17 06:00:00,3365.2529990000003,2412.145,2641.788,2134.369666
2023-01-17 07:00:00,3729.308,2739.032,2989.747,2467.131667
2023-01-17 08:00:00,3895.875,2905.232,3164.585,2614.6910000000003
2023-01-17 09:00:00,4010.031,2935.783,3128.8230000000003,2730.3050000000003
2023-01-17 10:00:00,4046.763,2891.482,3196.92,2684.4489999999996
2023-01-17 11:00:00,3833.068,2836.936,3218.665,2709.0240000000003
2023-01-17 12:00:00,3784.948,2750.062,3082.665,2682.483999
2023-01-17 13:00:00,3798.3089999999997,2860.026,3186.1319999999996,2700.6636660000004
2023-01-17 14:00:00,3807.051,2803.093,3160.4030000000002,2660.305666
2023-01-17 15:00:00,3870.2279999999996,2774.609,3168.818,2707.8136670000004
2023-01-17 16:00:00,4012.09,2874.0,3393.858333,2791.064001
2023-01-17 17:00:00,4472.965,3235.11,3679.4716670000003,3100.5336669999997
2023-01-17 18:00:00,4697.27,3653.681,4041.199,3417.8979999999997
2023-01-17 19:00:00,4736.669667,3724.472,4243.126,3480.4890000000005
2023-01-17 20:00:00,4851.841,3686.864,4183.464,3369.900333
2023-01-17 21:00:00,4728.2966670000005,3518.781,4018.7030000000004,3275.157667
2023-01-17 22:00:00,4355.958667,3176.187,3667.673,2978.159667
2023-01-17 23:00:00,3909.676333,2877.566,3360.8689999999997,2737.3086670000002
2023-01-18 00:00:00,3526.116333,2587.405,2988.016,2350.507667
2023-01-18 01:00:00,3155.022333,2281.762667,2587.962,2092.487
2023-01-18 02:00:00,2954.674,2115.318,2420.9130000000005,1917.989
2023-01-18 03:00:00,2835.2290000000003,2066.015,2276.5170000000003,1835.37
2023-01-18 04:00:00,2756.985,2045.1629999999998,2246.3450000000003,1810.221
2023-01-18 05:00:00,2915.572667,2115.817,2333.447,1914.9506660000002
2023-01-18 06:00:00,3128.201333,2350.375,2528.724,2059.010333
2023-01-18 07:00:00,3411.4106669999996,2576.6009999999997,2791.835,2310.457667
2023-01-18 08:00:00,3662.153666,2724.2889999999998,2973.296,2488.078333
2023-01-18 09:00:00,3895.3226670000004,2850.745,2985.2516670000005,2660.400667
2023-01-18 10:00:00,3962.369333,2883.888,2999.520667,2678.638667
2023-01-18 11:00:00,3893.595667,2856.79,3107.715333,2677.4250009999996
2023-01-18 12:00:00,4071.5703329999997,2875.373667,3184.1699989999997,2752.752334
2023-01-18 13:00:00,4137.370333,3024.8410000000003,3407.333,2821.492
2023-01-18 14:00:00,4007.1203330000003,2983.09,3298.790334,2845.941
2023-01-18 15:00:00,4130.177,3050.169,3407.825,2892.1940000000004
2023-01-18 16:00:00,4340.893,3171.332,3549.9680000000003,3122.366667
2023-01-18 17:00:00,4723.383,3416.322,3856.6629999999996,3317.976334
2023-01-18 18:00:00,5131.983,3773.451,4274.947,3634.276
2023-01-18 19:00:00,5260.106,3895.236,4481.924000000001,3724.897
2023-01-18 20:00:00,5153.961,3849.4619999999995,4378.17,3721.469
2023-01-18 21:00:00,4996.7029999999995,3848.0820000000003,4236.103,3509.654666
2023-01-18 22:00:00,4678.346,3531.273,3936.0969999999998,3214.115
2023-01-18 23:00:00,4271.492,3179.297,3604.681333,2927.377
2023-01-19 00:00:00,3989.395,2826.4269999999997,3291.6276669999997,2575.557
2023-01-19 01:00:00,3600.311,2510.26,2926.133333,2348.198667
2023-01-19 02:00:00,3379.018,2394.2110000000002,2746.108,2153.504333
2023-01-19 03:00:00,3245.254,2319.2070000000003,2585.645,2068.0249999999996
2023-01-19 04:00:00,3217.866,2337.876,2515.6040000000003,1995.596
2023-01-19 05:00:00,3365.235,2454.3540000000003,2569.344,2092.3720000000003
2023-01-19 06:00:00,3586.874,2643.068,2809.4390000000003,2289.2556669999994
2023-01-19 07:00:00,3851.8799999999997,2899.882,3138.4649999999997,2663.5733330000003
2023-01-19 08:00:00,4080.691,3071.7290000000003,3267.9049999999997,2856.073
2023-01-19 09:00:00,4219.448,3051.8959999999997,3322.3013330000003,2897.4669999999996
2023-01-19 10:00:00,4300.264999999999,3079.4260000000004,3251.397334,2935.032333
2023-01-19 11:00:00,4265.648999999999,3172.1380000000004,3378.3833329999998,2935.7960000000003
2023-01-19 12:00:00,4266.619000000001,3089.8050000000003,3478.2570000000005,2953.222334
2023-01-19 13:00:00,4357.860000000001,3190.62,3434.456,3006.915
2023-01-19 14:00:00,4314.832,3148.185,3427.6616670000003,2971.8373330000004
2023-01-19 15:00:00,4252.561000000001,3234.3430000000003,3514.444667,3000.8736670000003
2023-01-19 16:00:00,4491.623,3328.5519999999997,3713.235333,3073.639334
2023-01-19 17:00:00,4838.295,3468.948333,4001.95,3278.031
2023-01-19 18:00:00,5171.683,3756.055,4445.773,3540.360667
2023-01-19 19:00:00,5430.491,3958.594333,4517.636,3729.715
2023-01-19 20:00:00,5371.342000000001,3936.8096670000004,4569.543,3753.785667
2023-01-19 21:00:00,5327.821999999999,3934.13,4428.099999,3660.523
2023-01-19 22:00:00,5065.456,3718.120333,4154.57,3446.465
2023-01-19 23:00:00,4705.875,3439.459,3852.1806670000005,3171.531
2023-01-20 00:00:00,4340.7390000000005,3081.712667,3428.524,2857.0660000000003
2023-01-20 01:00:00,3987.581,2861.0190000000002,3139.8329999999996,2599.6230000000005
2023-01-20 02:00:00,3752.5789999999997,2669.575667,2993.2039999999997,2444.9719999999998
2023-01-20 03:00:00,3696.802,2655.7699999999995,2899.732,2362.779667
2023-01-20 04:00:00,3688.08,2669.361667,2866.497,2348.1660009999996
2023-01-20 05:00:00,3845.179,2789.932333,2930.0609999999997,2423.309334
2023-01-20 06:00:00,4105.754999999999,3032.039333,3114.638,2615.126667
2023-01-20 07:00:00,4455.37,3348.187667,3519.388667,2940.943667
2023-01-20 08:00:00,4745.018,3504.4446669999998,3744.062333,3140.790333
2023-01-20 09:00:00,4890.287,3553.4539999999997,3714.677,3264.113666
2023-01-20 10:00:00,4858.192,3603.848667,3720.523,3281.6420000000003
2023-01-20 11:00:00,4893.986332999999,3455.384333,3750.674,3255.8320000000003
2023-01-20 12:00:00,4769.952,3513.688,3806.644,3352.948
2023-01-20 13:00:00,4801.086000000001,3520.156333,3845.7926669999997,3383.578333
2023-01-20 14:00:00,4834.039,3572.857,3811.007667,3370.2886670000003
2023-01-20 15:00:00,4897.630999999999,3454.771667,3863.197667,3279.249
2023-01-20 16:00:00,4985.572,3563.2210000000005,4043.855333,3374.8540000000003
2023-01-20 17:00:00,5350.26,3752.151333,4291.702667,3608.4359999999997
2023-01-20 18:00:00,5536.981,3983.0393329999997,4598.551667,3860.25
2023-01-20 19:00:00,5588.754999999999,4061.431333,4495.351000000001,3851.652333
2023-01-20 20:00:00,5533.456,3937.251667,4468.687333,3805.431999
2023-01-20 21:00:00,5407.424,3898.7126660000004,4368.641667,3702.253666
2023-01-20 22:00:00,5083.766,3757.7563330000003,4215.045,3415.8869999999997
2023-01-20 23:00:00,4834.464,3502.003333,3902.32,3239.434
2023-01-21 00:00:00,4509.682,3172.2923330000003,3616.452,2953.162
2023-01-21 01:00:00,4141.28,2974.978333,3350.2209999999995,2751.911
2023-01-21 02:00:00,3943.929,2850.031333,3178.951,2495.8230000000003
2023-01-21 03:00:00,3790.074,2727.6189999999997,3040.8340000000003,2441.254
2023-01-21 04:00:00,3757.3269999999998,2755.0473330000004,2965.172,2397.721667
2023-01-21 05:00:00,3780.8459999999995,2780.189,3016.138,2444.67
2023-01-21 06:00:00,3959.513,2952.960667,3070.2079999999996,2504.159
2023-01-21 07:00:00,4185.031000000001,3157.737667,3284.694,2726.877
2023-01-21 08:00:00,4517.0599999999995,3447.327,3553.5569990000004,2974.84
2023-01-21 09:00:00,5020.41,3786.822,3905.376333,3255.653
2023-01-21 10:00:00,5362.3820000000005,4047.0036670000004,4222.471334,3657.395
2023-01-21 11:00:00,5668.198,4158.547333,4471.55,3816.815
2023-01-21 12:00:00,5845.322,4203.7390000000005,4600.762,3932.5829999999996
2023-01-21 13:00:00,5786.122,4307.905667,4603.311,3915.6620000000003
2023-01-21 14:00:00,5457.318667,4055.841333,4456.090667,3694.927334
2023-01-21 15:00:00,5100.682,3824.4846669999997,4408.45,3560.516
2023-01-21 16:00:00,5045.813667,3734.314,4236.584,3490.364667
2023-01-21 17:00:00,5089.4983330000005,3824.1853330000004,4297.085999999999,3547.3230000000003
2023-01-21 18:00:00,5481.588333,4060.306,4491.650000000001,3731.486667
2023-01-21 19:00:00,5441.169,4007.5699999999997,4514.4580000000005,3695.978
2023-01-21 20:00:00,5356.772000000001,3877.246,4479.944,3695.0389999999998
2023-01-21 21:00:00,5183.854333,3731.5426669999997,4345.929,3564.072333
2023-01-21 22:00:00,4914.592333,3532.989666,4066.151,3378.457
2023-01-21 23:00:00,4692.409,3374.9120000000003,3752.6549999999997,3102.0126670000004
2023-01-22 00:00:00,4241.663333,3050.851333,3436.37,2818.993666
2023-01-22 01:00:00,3826.27,2738.189667,3101.8199999999997,2560.3656659999997
2023-01-22 02:00:00,3594.9269999999997,2564.1406669999997,2939.057,2354.807
2023-01-22 03:00:00,3433.255,2435.401666,2772.8500000000004,2239.033
2023-01-22 04:00:00,3345.5370000000003,2428.044,2691.580667,2191.788667
2023-01-22 05:00:00,3298.937,2437.3410000000003,2673.184666,2159.1786669999997
2023-01-22 06:00:00,3357.2,2524.2983329999997,2745.206333,2207.8330000000005
2023-01-22 07:00:00,3672.742,2745.673333,2912.6629999999996,2430.275
2023-01-22 08:00:00,4041.36,3030.119667,3191.8970000000004,2723.199334
2023-01-22 09:00:00,4528.899,3412.826667,3595.324,3043.173
2023-01-22 10:00:00,4855.705,3676.692,3904.715,3364.267
2023-01-22 11:00:00,5058.745,3776.1496669999997,4092.6890000000003,3508.983
2023-01-22 12:00:00,5181.107,3818.679333,4184.777,3577.537
2023-01-22 13:00:00,5046.502,3793.816667,4178.606,3500.930666
2023-01-22 14:00:00,4820.5779999999995,3634.809333,4117.751,3400.882334
2023-01-22 15:00:00,4827.971,3662.446667,4016.563,3317.0973329999997
2023-01-22 16:00:00,4839.523000000001,3483.440333,3922.109,3358.893
2023-01-22 17:00:00,5025.139999999999,3634.2776670000003,4109.9130000000005,3488.01
2023-01-22 18:00:00,5248.682,3875.893,4335.07,3722.24
2023-01-22 19:00:00,5276.929,3990.959667,4414.511,3757.901
2023-01-22 20:00:00,5255.6050000000005,3910.9026670000003,4314.427,3709.438
2023-01-22 21:00:00,5017.305,3720.331667,4138.859,3548.416
2023-01-22 22:00:00,4779.463,3521.088,3887.511,3327.767667
2023-01-22 23:00:00,4394.692,3246.601,3495.472,2949.518333
2023-01-23 00:00:00,3953.951333,2888.288333,3098.5119999999997,2636.7470000000003
2023-01-23 01:00:00,3554.8993330000003,2592.107,2776.8909999999996,2368.97
2023-01-23 02:00:00,3353.727667,2403.3190000000004,2620.928,2164.85
2023-01-23 03:00:00,3277.049333,2312.103,2566.571333,2084.419333
2023-01-23 04:00:00,3267.823,2348.033,2509.396666,2099.500333
2023-01-23 05:00:00,3401.699667,2463.084,2638.124,2170.234
2023-01-23 06:00:00,3683.136,2693.522,2894.730667,2398.694333
2023-01-23 07:00:00,4040.840333,3056.2839999999997,3192.254,2686.372666
2023-01-23 08:00:00,4352.698333,3250.917333,3412.739,2952.5046669999997
2023-01-23 09:00:00,4408.366333,3273.9686659999998,3397.3259989999997,3041.2259999999997
2023-01-23 10:00:00,4358.193,3233.473667,3406.5849989999997,3056.095334
2023-01-23 11:00:00,4248.3643329999995,3139.505,3308.455,2987.681
2023-01-23 12:00:00,4091.264,3065.873,3336.1450000000004,2958.892
2023-01-23 13:00:00,4067.713333,2969.6310000000003,3266.784,2826.554
2023-01-23 14:00:00,3983.322,2871.4865,3197.5820000000003,2829.92
2023-01-23 15:00:00,3901.392,2767.9094999999998,3181.174,2773.922667
2023-01-23 16:00:00,4079.415,2974.5185,3426.32,2925.34
2023-01-23 17:00:00,4596.5,3350.879,3862.757,3184.666666
2023-01-23 18:00:00,4957.095,3732.938,4207.83,3495.306667
2023-01-23 19:00:00,5063.359,3850.2035,4322.903,3602.676
2023-01-23 20:00:00,4893.849,3791.401,4265.825000000001,3518.036
2023-01-23 21:00:00,4830.249,3507.5783330000004,4105.39,3310.612333
2023-01-23 22:00:00,4504.486999999999,3269.899,3776.933666,3090.701999
2023-01-23 23:00:00,4112.516,2987.9915,3394.518,2787.981667
2023-01-24 00:00:00,3734.478,2676.3925,3024.360667,2426.0950000000003
2023-01-24 01:00:00,3362.28,2405.0550000000003,2738.682,2217.741
2023-01-24 02:00:00,3172.1910000000003,2268.701,2568.5960000000005,2086.2400000000002
2023-01-24 03:00:00,3053.6169999999997,2245.1639999999998,2468.8730000000005,1992.458999
2023-01-24 04:00:00,3043.3950000000004,2242.181,2415.730667,1997.131333
2023-01-24 05:00:00,3208.433,2355.687,2515.791,2074.3279999999995
2023-01-24 06:00:00,3563.5239999999994,2590.1659999999997,2753.326667,2260.815001
2023-01-24 07:00:00,3927.025,2951.964,3133.206333,2619.077333
2023-01-24 08:00:00,4192.853334,3114.273,3280.344,2878.025
2023-01-24 09:00:00,4236.859,3142.2,3269.94,2939.87
2023-01-24 10:00:00,4199.389999999999,2998.317,3319.609,2881.078999
2023-01-24 11:00:00,4114.125,2963.6400000000003,3319.7079999999996,2844.211834
2023-01-24 12:00:00,4053.9790000000003,2937.311,3188.620917,2707.094666
2023-01-24 13:00:00,3905.598,2752.832,3061.9619999999995,2677.2785839999997
2023-01-24 14:00:00,3790.068,2728.91,2958.036,2604.1235840000004
2023-01-24 15:00:00,3774.457667,2691.874333,3000.447,2576.272666
2023-01-24 16:00:00,4005.2100000000005,2871.455,3307.616,2807.368333
2023-01-24 17:00:00,4458.482,3202.275667,3691.379,3093.156
2023-01-24 18:00:00,4868.902,3517.799667,4102.31,3448.042666
2023-01-24 19:00:00,4971.311,3793.62,4214.9439999999995,3513.476001
2023-01-24 20:00:00,4928.0560000000005,3727.9886669999996,4182.314,3558.818
2023-01-24 21:00:00,4822.536,3569.569333,4099.519,3409.7160000000003
2023-01-24 22:00:00,4519.629,3357.219667,3737.217334,3152.755
2023-01-24 23:00:00,4158.787,2979.524,3346.9700000000003,2802.8219999999997
2023-01-25 00:00:00,3767.535,2604.368,2981.157,2496.982
2023-01-25 01:00:00,3446.4849999999997,2360.622667,2690.2,2265.915
2023-01-25 02:00:00,3242.325,2257.293667,2523.166,2111.358666
2023-01-25 03:00:00,3108.1349999999998,2188.617,2439.587,2021.0049999999999
2023-01-25 04:00:00,3057.818,2189.7609999999995,2364.909,1979.1109999999999
2023-01-25 05:00:00,3177.045,2292.619332,2471.7889999999998,2048.953333
2023-01-25 06:00:00,3393.128999,2480.437334,2642.367,2224.4410000000003
2023-01-25 07:00:00,3726.14167,2748.1523349999998,2953.227667,2460.592
2023-01-25 08:00:00,3996.601667,2876.276667,3141.632333,2716.267333
2023-01-25 09:00:00,4121.625,2955.104334,3128.5600000000004,2792.489
2023-01-25 10:00:00,4141.231,2972.531334,3211.793,2841.759
2023-01-25 11:00:00,4158.127,3035.086334,3237.3360000000002,2864.556667
2023-01-25 12:00:00,4208.59,3009.352333,3277.952333,2868.1236670000003
2023-01-25 13:00:00,4192.8330000000005,3039.5716669999997,3339.284,2900.245333
2023-01-25 14:00:00,4097.969,3055.794,3320.249334,2947.460666
2023-01-25 15:00:00,4168.473999999999,3062.9746669999995,3331.872667,2895.2633330000003
2023-01-25 16:00:00,4231.324,3174.2933329999996,3505.401,2985.6653340000003
2023-01-25 17:00:00,4585.575000000001,3427.081333,3858.1463329999997,3224.1730000000002
2023-01-25 18:00:00,4913.509,3822.973,4176.1323330000005,3559.978333
2023-01-25 19:00:00,5126.118,3877.5323329999997,4278.102999999999,3563.827
2023-01-25 20:00:00,5073.237,3858.7900000000004,4275.214,3578.974999
2023-01-25 21:00:00,4890.493,3640.952,4057.015,3378.160667
2023-01-25 22:00:00,4465.948,3327.752001,3737.754,3128.2486660000004
2023-01-25 23:00:00,4185.621,2978.205333,3387.181,2773.131667
2023-01-26 00:00:00,3653.5196690000002,2628.602,3009.818,2436.887
2023-01-26 01:00:00,3311.202334,2398.145,2674.4719999999998,2170.7609999999995
2023-01-26 02:00:00,3107.2703349999997,2201.049,2500.4230000000002,2020.505
2023-01-26 03:00:00,3041.0343330000005,2164.8990000000003,2335.004,1926.993
2023-01-26 04:00:00,2967.500999,2165.688667,2311.068,1890.667
2023-01-26 05:00:00,3095.414,2251.478,2382.273,1972.439666
2023-01-26 06:00:00,3324.271,2408.736,2560.4790000000003,2181.929333
2023-01-26 07:00:00,3656.2960000000003,2731.361667,2933.595333,2471.119
2023-01-26 08:00:00,3866.8576669999998,2945.314667,3053.063999,2655.017
2023-01-26 09:00:00,3950.634,2918.511333,3038.8569989999996,2748.0860000000002
2023-01-26 10:00:00,4063.083,2965.7826670000004,3090.458334,2790.004334
2023-01-26 11:00:00,4095.2539999999995,3000.519667,3159.227333,2771.179333
2023-01-26 12:00:00,4110.581,3060.297333,3244.668,2800.948667
2023-01-26 13:00:00,4168.735,3072.720666,3306.166,2866.900667
2023-01-26 14:00:00,4161.360667,2965.844,3349.0246660000003,2851.136334
2023-01-26 15:00:00,4189.777334,3015.249,3344.684,2893.6499999999996
2023-01-26 16:00:00,4327.900333,3242.0730000000003,3522.9173330000003,3062.129
2023-01-26 17:00:00,4662.48,3389.118,3887.735666,3222.253001
2023-01-26 18:00:00,4877.466,3661.036,4268.428666,3544.6863329999996
2023-01-26 19:00:00,5078.156000000001,3826.094,4346.219999999999,3563.018667
2023-01-26 20:00:00,5048.790999999999,3693.733,4250.797,3458.036333
2023-01-26 21:00:00,4747.42,3534.512,4084.251,3354.083667
2023-01-26 22:00:00,4470.0380000000005,3257.351,3759.782667,3115.439666
2023-01-26 23:00:00,4234.036,2980.999,3415.998,2895.246
2023-01-27 00:00:00,3697.832,2660.461,3003.138,2486.084667
2023-01-27 01:00:00,3428.2290000000003,2408.273,2733.7839999999997,2250.152666
2023-01-27 02:00:00,3233.7039999999997,2263.429,2540.922,2116.639
2023-01-27 03:00:00,3135.5029999999997,2171.865,2456.466,2025.412
2023-01-27 04:00:00,3089.9139999999998,2194.254,2459.619,2030.347
2023-01-27 05:00:00,3187.9269999999997,2312.624,2545.242,2080.7510009999996
2023-01-27 06:00:00,3422.729,2497.306,2682.4049999999997,2199.433332
2023-01-27 07:00:00,3659.557,2758.185,3040.793,2481.164333
2023-01-27 08:00:00,3868.121,3004.1769999999997,3200.7219999999998,2707.9726659999997
2023-01-27 09:00:00,4128.036,3058.147,3284.35,2826.169999
2023-01-27 10:00:00,4277.515,3050.332,3311.718,2935.5280000000002
2023-01-27 11:00:00,4189.916,3168.128,3326.102,2999.825001
2023-01-27 12:00:00,4267.036,3113.213,3312.053667,2907.7893329999997
2023-01-27 13:00:00,4163.762000000001,2982.424,3257.2219999999998,2868.864
2023-01-27 14:00:00,4094.9640000000004,2943.8689999999997,3186.112,2893.785
2023-01-27 15:00:00,3973.8129999999996,2883.531,3150.741,2808.820333
2023-01-27 16:00:00,4120.498,2959.1890000000003,3278.9970000000003,2951.833667
2023-01-27 17:00:00,4512.473,3205.286,3563.883,3136.905334
2023-01-27 18:00:00,4531.933,3489.291,3867.219333,3239.0696669999998
2023-01-27 19:00:00,4590.588,3426.927333,3890.830666,3248.308999
2023-01-27 20:00:00,4445.543,3299.806667,3811.073999,3197.354333
2023-01-27 21:00:00,4339.494000000001,3162.5353330000003,3668.5209999999997,3045.182667
2023-01-27 22:00:00,4139.858,3028.586333,3357.2690000000002,2884.945668
2023-01-27 23:00:00,3863.486,2812.795333,3094.6059999999998,2699.106333
2023-01-28 00:00:00,3546.986,2519.804333,2828.505,2404.804
2023-01-28 01:00:00,3202.274,2296.882333,2562.563,2195.929
2023-01-28 02:00:00,3050.9390000000003,2150.379333,2380.851333,2036.324
2023-01-28 03:00:00,2928.782,2047.3980000000001,2282.701,1932.166
2023-01-28 04:00:00,2822.566,2015.5663329999998,2208.5236670000004,1907.0059999999999
2023-01-28 05:00:00,2890.5789999999997,2042.692,2226.9106669999996,1873.125
2023-01-28 06:00:00,2981.118,2169.240667,2312.1800000000003,1960.545
2023-01-28 07:00:00,3207.342,2332.605667,2458.540667,2132.535667
2023-01-28 08:00:00,3504.1899999999996,2616.865,2716.6396669999995,2368.942333
2023-01-28 09:00:00,3947.853,3009.3959999999997,3106.626333,2645.7110000000002
2023-01-28 10:00:00,4322.739,3221.1226669999996,3469.9889999999996,2994.6946669999998
2023-01-28 11:00:00,4595.266,3435.354333,3728.377,3137.9656669999995
2023-01-28 12:00:00,4728.761,3490.7,3784.656,3107.563333
2023-01-28 13:00:00,4676.454,3441.168667,3817.568,3072.179333
2023-01-28 14:00:00,4478.5160000000005,3330.299333,3709.465,3040.589667
2023-01-28 15:00:00,4355.758,3307.048667,3649.732,3074.957333
2023-01-28 16:00:00,4333.201,3358.634,3644.188,3153.126334
2023-01-28 17:00:00,4684.054,3594.8923330000002,3829.8920000000003,3279.715333
2023-01-28 18:00:00,4962.478000000001,3831.8410000000003,4129.77,3515.906333
2023-01-28 19:00:00,5062.786,3752.311,4137.211,3553.029333
2023-01-28 20:00:00,5071.5380000000005,3769.9449999999997,4146.222,3506.061333
2023-01-28 21:00:00,4894.249,3720.512667,4050.5470000000005,3406.785333
2023-01-28 22:00:00,4875.389999999999,3583.4133329999995,3871.157,3269.456
2023-01-28 23:00:00,4748.377,3472.8869999999997,3706.936667,3043.4040000000005
2023-01-29 00:00:00,4454.704,3206.230667,3430.2799999999997,2811.778333
2023-01-29 01:00:00,4165.524,3005.013,3193.66,2652.025334
2023-01-29 02:00:00,3930.721,2876.2826670000004,3028.834,2499.125
2023-01-29 03:00:00,3861.5860000000002,2809.0593329999997,2941.56,2419.303
2023-01-29 04:00:00,3823.897,2813.8050000000003,2966.277,2421.92
2023-01-29 05:00:00,3887.5200000000004,2866.165,2971.474,2456.243
2023-01-29 06:00:00,4038.4390000000003,2954.069333,3092.5550000000003,2545.1929999999998
2023-01-29 07:00:00,4317.7119999999995,3183.089333,3273.73,2719.2290000000003
2023-01-29 08:00:00,4777.563,3492.046667,3641.6780000000003,3057.8050000000003
2023-01-29 09:00:00,5235.874,4074.004667,4103.629,3465.1659999999997
2023-01-29 10:00:00,5614.7,4209.384,4347.77,3709.9790000000003
2023-01-29 11:00:00,5786.526333,4321.369667,4651.415000000001,3823.135
2023-01-29 12:00:00,5819.5506669999995,4384.182333,4759.037,3836.646667
2023-01-29 13:00:00,5876.4169999999995,4201.077,4659.587,3972.2456669999997
2023-01-29 14:00:00,5766.012,4154.234333,4540.026,3812.74
2023-01-29 15:00:00,5694.484333,4040.3986670000004,4435.322,3738.9846669999997
2023-01-29 16:00:00,5675.786333,4108.406333,4437.475,3836.6580000000004
2023-01-29 17:00:00,5968.585333,4346.384667,4627.053,4075.058
2023-01-29 18:00:00,6197.853000000001,4679.963,4939.332,4417.586
2023-01-29 19:00:00,6326.728666999999,4799.880666999999,5124.695,4485.860001000001
2023-01-29 20:00:00,6457.434,4852.565667000001,5220.235000000001,4562.061666
2023-01-29 21:00:00,6355.32,4683.389667,5122.847,4368.063
2023-01-29 22:00:00,6091.677,4556.34,4937.115,4119.683
2023-01-29 23:00:00,5687.918,4112.385,4524.518,3730.8950000000004
2023-01-30 00:00:00,5212.409,3677.001333,4050.5915000000005,3343.906
2023-01-30 01:00:00,4799.344333,3425.9705,3716.713,3115.797
2023-01-30 02:00:00,4604.222333,3273.267333,3612.634,2941.879
2023-01-30 03:00:00,4624.721667,3221.254,3488.036,2867.157
2023-01-30 04:00:00,4558.5689999999995,3246.600333,3445.0609999999997,2870.8729999999996
2023-01-30 05:00:00,4733.366,3380.013,3515.443,2918.6859999999997
2023-01-30 06:00:00,4943.241666999999,3647.211333,3844.053,3194.3940000000002
2023-01-30 07:00:00,5319.218333000001,4027.124667,4223.552,3568.162
2023-01-30 08:00:00,5753.733667,4249.723333,4481.395333,3824.514
2023-01-30 09:00:00,5916.479332999999,4315.126667,4472.678,3904.6629999999996
2023-01-30 10:00:00,5905.9,4152.835333,4437.144,3864.195
2023-01-30 11:00:00,5729.221333,4024.167,4440.948,3880.357
2023-01-30 12:00:00,5566.556333,3981.8420000000006,4440.1745,3794.995
2023-01-30 13:00:00,5445.435667,3837.1545,4280.694,3665.965
2023-01-30 14:00:00,5292.627,3700.2965000000004,4169.3099999999995,3528.134
2023-01-30 15:00:00,5203.835667,3584.7565,4061.693,3479.956
2023-01-30 16:00:00,5266.715667,3685.499,4260.941,3597.894667
2023-01-30 17:00:00,5645.27,3979.7490000000003,4644.2,3896.872667
2023-01-30 18:00:00,6169.089,4424.0689999999995,5140.280000000001,4283.169333
2023-01-30 19:00:00,6440.440666,4619.459999999999,5341.487999999999,4476.560667000001
2023-01-30 20:00:00,6445.469,4674.481,5289.4400000000005,4459.315667000001
2023-01-30 21:00:00,6246.38,4670.917,5186.865,4312.716333
2023-01-30 22:00:00,5830.222,4302.519,4771.553,3919.138
2023-01-30 23:00:00,5328.358,3874.027,4385.610000000001,3549.866
2023-01-31 00:00:00,5010.244000000001,3463.036,3904.655666,3127.0676670000003
2023-01-31 01:00:00,4756.65,3227.0879999999997,3571.284667,2861.786
2023-01-31 02:00:00,4470.071,3066.37,3418.107667,2700.192
2023-01-31 03:00:00,4351.929,3047.385,3325.839,2656.9010000000003
2023-01-31 04:00:00,4375.094,3095.541,3335.6220000000003,2657.255
2023-01-31 05:00:00,4586.804,3240.346,3491.783,2797.1620000000003
2023-01-31 06:00:00,4898.219667,3511.559,3719.3120000000004,2994.0200000000004
2023-01-31 07:00:00,5176.217000000001,3869.0060000000003,4103.352,3388.7700000000004
2023-01-31 08:00:00,5509.6396669999995,4035.136,4242.841,3622.3380000000006
2023-01-31 09:00:00,5501.7,4113.166,4220.402,3585.466
2023-01-31 10:00:00,5373.729,3945.669,4165.972,3665.8143339999997
2023-01-31 11:00:00,5269.394,3744.576,4088.147,3540.161666
2023-01-31 12:00:00,5262.014999999999,3674.572667,4121.2880000000005,3493.1443340000005
2023-01-31 13:00:00,5116.264999999999,3607.5766670000003,3953.199,3476.365
2023-01-31 14:00:00,4951.600667,3548.981667,3950.2919999999995,3336.683
2023-01-31 15:00:00,4941.356333,3484.6526670000003,3881.165,3316.034
2023-01-31 16:00:00,4967.873333,3559.419,3998.750333,3422.927667
2023-01-31 17:00:00,5362.043667,3857.063,4446.076666,3688.749001
2023-01-31 18:00:00,5743.716,4288.291333,4902.26,3995.97
2023-01-31 19:00:00,6060.284,4352.591667000001,5012.3516660000005,4208.299999999999
2023-01-31 20:00:00,6077.54,4400.131332999999,4979.608,4191.554
2023-01-31 21:00:00,5992.994,4196.428333,4838.613333,3995.01
2023-01-31 22:00:00,5484.5419999999995,3925.119667,4486.000667,3730.797
2023-01-31 23:00:00,5143.317,3613.683,4104.277,3321.9646669999997
2023-02-01 00:00:00,4735.275,3356.304,3748.1823320000003,2994.407
2023-02-01 01:00:00,4474.959,3066.6180000000004,3450.816667,2743.531
2023-02-01 02:00:00,4285.389999999999,3008.509333,3260.3785,2633.2609999999995
2023-02-01 03:00:00,4198.203,3010.228333,3215.1515,2599.493
2023-02-01 04:00:00,4214.401,3042.0596670000004,3177.944,2586.705333
2023-02-01 05:00:00,4363.767,3206.262667,3312.011,2755.1806669999996
2023-02-01 06:00:00,4663.677,3452.208667,3631.048,2957.826667
2023-02-01 07:00:00,5002.063999999999,3834.4120000000003,3937.366,3323.5879999999997
2023-02-01 08:00:00,5213.683,3940.601333,4127.042667,3498.563
2023-02-01 09:00:00,5454.51,4009.3839999999996,4201.745,3559.4210000000003
2023-02-01 10:00:00,5461.203,3857.053,4057.8610000000003,3577.117
2023-02-01 11:00:00,5310.604,3684.58,3942.822,3310.1989999999996
2023-02-01 12:00:00,5047.581,3513.883,3729.777,3326.307334
2023-02-01 13:00:00,4867.769,3337.378667,3644.9840000000004,3253.76
2023-02-01 14:00:00,4612.391,3153.882667,3524.989,3079.603
2023-02-01 15:00:00,4345.898,3137.581,3317.1850000000004,2988.544333
2023-02-01 16:00:00,4429.905333000001,3160.964,3465.049,3109.5519999999997
2023-02-01 17:00:00,4933.008666,3465.041667,3987.27,3343.6179999999995
2023-02-01 18:00:00,5328.862666999999,3965.009,4564.993667,3682.4179999999997
2023-02-01 19:00:00,5798.962667,4129.577333,4647.262,3908.763
2023-02-01 20:00:00,5855.679083,4190.542667,4730.784333,3932.9839999999995
2023-02-01 21:00:00,5620.281083,4146.866,4643.228667,3893.542
2023-02-01 22:00:00,5422.966,3929.280667,4317.344999999999,3517.1733329999997
2023-02-01 23:00:00,5041.253000000001,3550.6913329999998,3998.4356669999997,3219.44
2023-02-02 00:00:00,4650.4490000000005,3279.656,3558.524667,2912.634666
2023-02-02 01:00:00,4359.994000000001,3029.921,3264.2516670000005,2701.792
2023-02-02 02:00:00,4162.14775,2931.701,3053.564,2530.246
2023-02-02 03:00:00,4161.04,2941.4610000000002,3041.683,2492.233
2023-02-02 04:00:00,4162.352999999999,3017.264667,3041.4939999999997,2523.2799999999997
2023-02-02 05:00:00,4407.795,3190.141,3200.208,2655.809
2023-02-02 06:00:00,4729.735999999999,3481.62,3439.3630000000003,2889.1806669999996
2023-02-02 07:00:00,5112.630999999999,3832.272667,3886.688,3301.3596669999997
2023-02-02 08:00:00,5502.576,4037.248667,4053.1659999999997,3560.4059989999996
2023-02-02 09:00:00,5551.205,4038.892333,4109.985,3613.8553340000003
2023-02-02 10:00:00,5493.826,3981.404667,4015.03,3480.530666
2023-02-02 11:00:00,5182.683,3682.768667,3847.252,3371.0093340000003
2023-02-02 12:00:00,5000.016,3445.5463330000002,3693.26,3202.586334
2023-02-02 13:00:00,4666.805,3220.943333,3527.426,3100.559
2023-02-02 14:00:00,4497.26,3157.2383330000002,3365.9039999999995,3000.810667
2023-02-02 15:00:00,4492.038,3105.994333,3474.293,2966.0736670000006
2023-02-02 16:00:00,4524.179,3232.5370000000003,3646.355,3059.6613340000004
2023-02-02 17:00:00,4937.389999999999,3541.912667,3965.23,3342.6140000000005
2023-02-02 18:00:00,5290.669,3943.977333,4335.465,3694.799
2023-02-02 19:00:00,5410.347,4022.6423330000002,4540.907,3729.5470000000005
2023-02-02 20:00:00,5549.907,3962.485333,4562.518334,3704.9210000000003
2023-02-02 21:00:00,5399.207,3794.3953330000004,4436.228,3695.978
2023-02-02 22:00:00,5006.192667,3607.211,4043.957,3433.269
2023-02-02 23:00:00,4659.311999,3240.412,3722.2960000000003,3080.8289999999997
2023-02-03 00:00:00,4164.105,2889.092,3292.999,2754.248
2023-02-03 01:00:00,3781.005,2688.9406670000003,3007.5280000000002,2537.929
2023-02-03 02:00:00,3608.672,2558.105333,2857.161,2324.034333
2023-02-03 03:00:00,3529.259,2519.6103329999996,2789.248,2213.693
2023-02-03 04:00:00,3444.3230000000003,2540.779333,2733.942,2199.73
2023-02-03 05:00:00,3544.3469999999998,2563.531333,2725.0460000000003,2257.2789999999995
2023-02-03 06:00:00,3777.858,2753.447333,2946.9179999999997,2375.174
2023-02-03 07:00:00,4104.652,3047.759,3298.61,2647.529
2023-02-03 08:00:00,4348.124000000001,3224.142,3448.913,2806.09
2023-02-03 09:00:00,4475.092,3266.87,3518.2560000000003,2950.634
2023-02-03 10:00:00,4642.11,3279.315,3586.601,3018.756
2023-02-03 11:00:00,4751.938,3347.654333,3571.612,3044.7690000000002
2023-02-03 12:00:00,4691.5560000000005,3378.7969999999996,3678.9309999999996,3094.998667
2023-02-03 13:00:00,4664.371999999999,3277.8150000000005,3640.348,3060.12
2023-02-03 14:00:00,4504.146,3193.466,3555.8779999999997,3064.004
2023-02-03 15:00:00,4366.094,3098.763333,3458.425,2935.840667
2023-02-03 16:00:00,4449.029,3233.6456670000002,3596.895,3014.46
2023-02-03 17:00:00,4574.167,3344.030333,3849.7596670000003,3116.039667
2023-02-03 18:00:00,4754.885,3636.62,4049.2400000000002,3363.180666
2023-02-03 19:00:00,4882.97,3699.073333,4131.187,3462.8269999999998
2023-02-03 20:00:00,4761.273,3583.182667,4037.765,3386.143
2023-02-03 21:00:00,4517.057000000001,3430.7923330000003,3863.733,3226.2606669999996
2023-02-03 22:00:00,4354.931,3199.7583329999998,3477.906,3018.958668
2023-02-03 23:00:00,4040.913,2909.818333,3242.5513330000003,2730.0553330000002
2023-02-04 00:00:00,3673.965,2608.348333,2972.8819999999996,2495.9399999999996
2023-02-04 01:00:00,3355.56,2334.499,2654.753,2250.9610000000002
2023-02-04 02:00:00,3170.95,2189.033,2484.846333,2034.8839990000001
2023-02-04 03:00:00,2941.26,2128.509,2361.4536669999998,1884.188
2023-02-04 04:00:00,2848.633,2084.754,2258.656,1821.649
2023-02-04 05:00:00,2928.582,2111.828,2280.162,1841.742
2023-02-04 06:00:00,3039.189,2219.252,2349.746,1954.8809999999999
2023-02-04 07:00:00,3249.23,2413.5119999999997,2486.7470000000003,2088.417
2023-02-04 08:00:00,3567.901,2706.026,2818.796,2337.239
2023-02-04 09:00:00,4031.4809999999998,3059.215,3172.932,2699.82
2023-02-04 10:00:00,4343.383,3290.775,3493.273,3009.49
2023-02-04 11:00:00,4501.897,3471.219,3768.159,3071.308
2023-02-04 12:00:00,4616.364,3545.817,3826.244,3183.19
2023-02-04 13:00:00,4518.587,3448.3819999999996,3887.6440000000002,3163.566
2023-02-04 14:00:00,4434.599,3441.255,3849.1,3057.485
2023-02-04 15:00:00,4454.378000000001,3380.518,3741.7560000000003,3039.396667
2023-02-04 16:00:00,4514.207,3461.2,3690.886,3077.557667
2023-02-04 17:00:00,4541.762,3498.848,3761.2160000000003,3207.716667
2023-02-04 18:00:00,4654.990333,3667.985,4006.066,3306.593
2023-02-04 19:00:00,4695.127,3508.591,3883.5559999999996,3287.051
2023-02-04 20:00:00,4622.213,3512.5950000000003,3818.327,3214.583667
2023-02-04 21:00:00,4439.172,3442.7476669999996,3757.077,3181.397
2023-02-04 22:00:00,4353.103999999999,3231.3100000000004,3556.966,2984.816
2023-02-04 23:00:00,4023.996,2989.802,3364.594,2763.202667
2023-02-05 00:00:00,3602.116,2687.0550000000003,2970.9089999999997,2507.875666
2023-02-05 01:00:00,3291.781,2382.364,2689.1679999999997,2271.139667
2023-02-05 02:00:00,3098.782,2203.2309999999998,2506.0510000000004,2066.325
2023-02-05 03:00:00,2945.45,2081.663,2400.6090000000004,1909.217
2023-02-05 04:00:00,2878.9970000000003,2041.332,2353.196,1858.8159999999998
2023-02-05 05:00:00,2898.0860000000002,2078.696,2300.143,1850.1589999999999
2023-02-05 06:00:00,2908.261,2161.861,2310.76,1870.4160000000002
2023-02-05 07:00:00,3085.24,2356.1859999999997,2504.5556669999996,2042.781333
2023-02-05 08:00:00,3559.134,2634.253667,2718.267667,2370.0910000000003
2023-02-05 09:00:00,3998.5600000000004,3087.431667,3134.3773330000004,2692.681
2023-02-05 10:00:00,4348.415,3360.338,3473.518,2912.2856659999998
2023-02-05 11:00:00,4458.505999999999,3495.065,3716.736,3045.055
2023-02-05 12:00:00,4550.032,3586.01,3775.5370000000003,3129.8869999999997
2023-02-05 13:00:00,4664.401,3595.768,3875.173,3249.8799999999997
2023-02-05 14:00:00,4654.592000000001,3463.0380000000005,3831.978,3259.342
2023-02-05 15:00:00,4586.921,3463.982,3824.133,3293.567
2023-02-05 16:00:00,4579.455,3549.668,3992.1500000000005,3384.7529999999997
2023-02-05 17:00:00,4797.5509999999995,3764.74,4103.975667000001,3460.2259999999997
2023-02-05 18:00:00,4941.501,3925.429,4215.293333,3551.7380000000003
2023-02-05 19:00:00,5009.075000000001,3933.309,4263.901,3574.66
2023-02-05 20:00:00,5029.32,3802.08,4313.456,3604.156
2023-02-05 21:00:00,4874.421,3635.695,4181.916,3472.584
2023-02-05 22:00:00,4498.308,3345.116,3794.1279999999997,3152.5883329999997
2023-02-05 23:00:00,4076.313,2989.694,3416.458,2777.173
2023-02-06 00:00:00,3705.518,2644.6319999999996,3019.432,2450.101667
2023-02-06 01:00:00,3308.6850000000004,2377.5809999999997,2675.9849999999997,2218.464
2023-02-06 02:00:00,3087.745,2246.048,2471.82,2033.274
2023-02-06 03:00:00,3030.6459999999997,2168.638,2415.59,1935.054
2023-02-06 04:00:00,3045.238,2152.956,2371.754,1920.7666669999999
2023-02-06 05:00:00,3119.48,2285.62,2455.264,2037.936334
2023-02-06 06:00:00,3361.041,2517.763,2720.246,2198.543
2023-02-06 07:00:00,3698.827333,2924.2823319999998,3016.807,2513.9739999999997
2023-02-06 08:00:00,4062.718333,3002.243667,3275.4610000000002,2727.693
2023-02-06 09:00:00,4091.2886690000005,3007.637,3307.504,2845.589
2023-02-06 10:00:00,4169.493251,3006.596,3233.047,2851.6710000000003
2023-02-06 11:00:00,4127.110999999999,3042.62,3298.478,2863.919
2023-02-06 12:00:00,4087.453,3048.292,3294.4436669999996,2871.219
2023-02-06 13:00:00,4013.857,3022.469,3282.9060010000003,2859.0489989999996
2023-02-06 14:00:00,3953.294,2958.353,3288.608,2835.164001
2023-02-06 15:00:00,3904.115,2947.972,3307.2103329999995,2831.603333
2023-02-06 16:00:00,4180.411333,3085.961,3378.772,2994.381333
2023-02-06 17:00:00,4498.303,3316.238,3660.3509999999997,3167.220333
2023-02-06 18:00:00,4849.284,3613.064,4139.7390000000005,3388.0896669999997
2023-02-06 19:00:00,4884.407999999999,3838.942,4179.599,3504.0919999999996
2023-02-06 20:00:00,4882.573,3716.4300000000003,4196.147666999999,3458.384
2023-02-06 21:00:00,4750.376,3572.799,4057.788666,3351.77
2023-02-06 22:00:00,4381.317999999999,3186.115,3749.240333,3063.040667
2023-02-06 23:00:00,3955.0690000000004,2849.28,3254.271,2700.342
2023-02-07 00:00:00,3490.9759999999997,2503.6409999999996,2835.3289999999997,2404.173001
2023-02-07 01:00:00,3153.361,2236.4049999999997,2516.5830000000005,2154.653999
2023-02-07 02:00:00,2931.447,2145.656,2348.745667,1967.3269999999998
2023-02-07 03:00:00,2826.531,2047.0210000000002,2222.928667,1862.6390000000001
2023-02-07 04:00:00,2751.0319999999997,2071.9429999999998,2185.700667,1854.784667
2023-02-07 05:00:00,2910.4840000000004,2144.2250000000004,2302.3153329999996,1927.243333
2023-02-07 06:00:00,3111.951668,2406.448333,2512.96,2112.407333
2023-02-07 07:00:00,3489.025668,2650.915667,2824.332,2411.4359999999997
2023-02-07 08:00:00,3742.6986660000002,2812.3746680000004,2998.537,2637.508334
2023-02-07 09:00:00,3791.749,2781.0829999999996,2932.5733330000003,2697.567
2023-02-07 10:00:00,3806.491333,2911.7619999999997,2953.574667,2683.049333
2023-02-07 11:00:00,3903.548,2914.123,3070.107666,2813.1893330000003
2023-02-07 12:00:00,3863.7439999999997,2898.8379999999997,3159.681334,2771.945001
2023-02-07 13:00:00,3991.706,2929.210333,3143.683,2770.019333
2023-02-07 14:00:00,4008.146,2971.422667,3224.2609999999995,2755.133
2023-02-07 15:00:00,4050.43,2933.005333,3199.0929990000004,2726.997666
2023-02-07 16:00:00,4137.582,3019.531,3367.022999,2803.4923340000005
2023-02-07 17:00:00,4380.708,3262.4710000000005,3556.7676659999997,2972.645667
2023-02-07 18:00:00,4654.7970000000005,3490.463333,3926.061667,3285.113
2023-02-07 19:00:00,5029.309,3700.59,4197.173,3452.413
2023-02-07 20:00:00,4938.646999999999,3748.68,4151.74,3512.396
2023-02-07 21:00:00,4889.795,3639.31,4048.1850000000004,3410.0086659999997
2023-02-07 22:00:00,4527.374,3386.749,3766.465,3145.99
2023-02-07 23:00:00,4119.472,3097.0640000000003,3330.1580000000004,2788.544667
2023-02-08 00:00:00,3688.339,2771.5769999999998,2898.809333,2476.931
2023-02-08 01:00:00,3384.86,2478.417333,2757.964,2254.9089999999997
2023-02-08 02:00:00,3239.058,2314.398,2561.956333,2094.611
2023-02-08 03:00:00,3119.028,2286.731667,2454.9539999999997,1989.435
2023-02-08 04:00:00,3113.136,2311.565333,2443.492,1972.681666
2023-02-08 05:00:00,3235.2039999999997,2379.8643330000004,2521.349,2076.4933330000003
2023-02-08 06:00:00,3435.707,2650.780667,2746.023,2243.453
2023-02-08 07:00:00,3823.7529999999997,2930.9300000000003,3013.4970000000003,2587.639
2023-02-08 08:00:00,4196.511,3135.3399999999997,3313.886,2835.321
2023-02-08 09:00:00,4398.582,3265.666334,3241.195333,3005.508
2023-02-08 10:00:00,4232.061,3072.049667,3162.983666,2815.266
2023-02-08 11:00:00,3952.008,2960.450667,3060.639,2729.6986660000002
2023-02-08 12:00:00,4020.8590000000004,2960.226,3140.6810000000005,2667.107
2023-02-08 13:00:00,3831.588,2904.593,3005.2929999999997,2615.011
2023-02-08 14:00:00,3666.175,2761.634333,3022.7789999999995,2566.0950000000003
2023-02-08 15:00:00,3673.275,2695.007667,3065.855,2527.9320000000002
2023-02-08 16:00:00,3716.455999,2732.9170000000004,3017.478,2559.397
2023-02-08 17:00:00,4029.266666,2940.303,3369.565,2789.6949999999997
2023-02-08 18:00:00,4406.805332999999,3359.897,3822.824,3152.5240000000003
2023-02-08 19:00:00,4798.865,3567.844,4067.6730000000002,3322.093
2023-02-08 20:00:00,4805.67,3656.235,4103.621999999999,3333.732
2023-02-08 21:00:00,4648.427,3592.9809999999998,3892.066,3234.649666
2023-02-08 22:00:00,4324.947,3248.077,3695.3999999999996,3005.282
2023-02-08 23:00:00,3990.947,2965.652,3274.915,2675.1343340000003
2023-02-09 00:00:00,3624.595,2644.509,2886.568,2415.344333
2023-02-09 01:00:00,3294.693,2368.876,2575.2490000000003,2177.349
2023-02-09 02:00:00,3110.285,2281.356667,2425.595,2024.6073339999998
2023-02-09 03:00:00,3078.6620000000003,2251.241333,2339.577,1993.452666
2023-02-09 04:00:00,3057.667,2250.741,2325.878,1968.1093329999999
2023-02-09 05:00:00,3230.251,2397.330667,2489.46,2083.7470009999997
2023-02-09 06:00:00,3505.12,2606.4449999999997,2752.034,2280.645
2023-02-09 07:00:00,3829.276,2916.123333,3068.1749999999997,2633.701
2023-02-09 08:00:00,4096.603,3080.382,3258.657,2826.877
2023-02-09 09:00:00,4189.465,3013.637333,3229.572,2867.29
2023-02-09 10:00:00,4049.844,2885.731,3104.415,2685.8
2023-02-09 11:00:00,3836.1760000000004,2877.609333,3154.181,2597.1530000000002
2023-02-09 12:00:00,3725.12,2778.629,3111.8096669999995,2518.696
2023-02-09 13:00:00,3581.9756669999997,2678.208,2969.4660000000003,2486.6490000000003
2023-02-09 14:00:00,3372.188,2621.299,2909.406,2388.219
2023-02-09 15:00:00,3241.12,2498.615,2801.0879999999997,2312.2760000000003
2023-02-09 16:00:00,3302.1710000000003,2532.3050000000003,2892.7709999999997,2347.048
2023-02-09 17:00:00,3683.886,2824.219,3188.193,2557.3450000000003
2023-02-09 18:00:00,4105.329,3164.0910000000003,3642.8920000000003,2977.3050000000003
2023-02-09 19:00:00,4474.772,3426.128,3892.243,3236.208667
2023-02-09 20:00:00,4511.464,3524.9309999999996,3903.116,3234.857
2023-02-09 21:00:00,4399.844667,3429.4539999999997,3799.01,3108.7600009999996
2023-02-09 22:00:00,4144.782,3113.962,3474.373,2898.1946669999998
2023-02-09 23:00:00,3704.8213339999998,2696.085,3042.987,2550.684
2023-02-10 00:00:00,3262.174,2408.86,2696.435,2221.2290000000003
2023-02-10 01:00:00,3005.298,2151.564,2376.319,1999.1376659999999
2023-02-10 02:00:00,2799.858,1995.187,2225.506,1861.3780000000002
2023-02-10 03:00:00,2676.607,1933.846,2123.133,1760.6170000000002
2023-02-10 04:00:00,2659.2790000000005,1954.289,2048.791,1764.546667
2023-02-10 05:00:00,2801.343,2053.461,2134.291,1820.884
2023-02-10 06:00:00,3029.541,2291.241,2412.6800000000003,1961.786
2023-02-10 07:00:00,3392.36,2611.451,2801.0879999999997,2278.083
2023-02-10 08:00:00,3751.508,2787.251,2949.272,2523.638
2023-02-10 09:00:00,3832.907,2821.1139999999996,3010.0049999999997,2680.735
2023-02-10 10:00:00,3859.8729999999996,2935.821,3015.389,2680.542333
2023-02-10 11:00:00,3694.2690000000002,2896.235667,2919.132,2675.6223330000003
2023-02-10 12:00:00,3680.8543329999998,2749.3799999999997,2979.2690000000002,2617.6413330000005
2023-02-10 13:00:00,3638.146667,2695.349,2952.568,2534.267667
2023-02-10 14:00:00,3494.1416660000004,2593.965,2835.193,2497.729333
2023-02-10 15:00:00,3416.9533330000004,2540.357,2714.2470000000003,2400.209667
2023-02-10 16:00:00,3491.3149999999996,2542.8199999999997,2811.1859999999997,2418.482
2023-02-10 17:00:00,3658.6800000000003,2749.898,3086.677,2587.451333
2023-02-10 18:00:00,3972.9300000000003,3012.595,3498.483,2884.2343330000003
2023-02-10 19:00:00,4268.256,3277.8269999999998,3696.227,2941.581
2023-02-10 20:00:00,4210.103,3218.6589999999997,3644.885667,3000.4030000000002
2023-02-10 21:00:00,4140.757,3167.812,3561.290333,2880.01
2023-02-10 22:00:00,4017.181,2971.858,3283.102667,2717.942
2023-02-10 23:00:00,3786.874,2837.594,3147.596667,2524.2529999999997
2023-02-11 00:00:00,3482.411,2555.3559999999998,2845.771667,2340.0960000000005
2023-02-11 01:00:00,3227.631999,2372.0789999999997,2571.599,2156.514
2023-02-11 02:00:00,3148.507332,2282.0699999999997,2404.299333,2012.9993329999998
2023-02-11 03:00:00,3088.395082,2247.603,2373.629667,1938.904333
2023-02-11 04:00:00,3003.161332,2238.993,2335.364,1924.314333
2023-02-11 05:00:00,3048.8340820000003,2232.922,2361.6140000000005,1949.0686660000001
2023-02-11 06:00:00,3175.823082,2340.696,2430.563,2050.564666
2023-02-11 07:00:00,3411.189832,2492.389,2647.796,2224.026333
2023-02-11 08:00:00,3674.884583,2820.602,2867.553,2546.433
2023-02-11 09:00:00,4171.915499999999,3267.9493330000005,3371.364,2872.4570000000003
2023-02-11 10:00:00,4474.716501,3391.8779999999997,3602.48,3049.904
2023-02-11 11:00:00,4663.691167999999,3636.455,3698.599333,3184.299
2023-02-11 12:00:00,4651.624416000001,3580.462,3724.933,3116.5690000000004
2023-02-11 13:00:00,4492.901334,3401.913,3646.806,3009.2560000000003
2023-02-11 14:00:00,4162.57275,3270.847,3448.816,2788.309
2023-02-11 15:00:00,3955.862499,3088.3849999999998,3305.112,2668.0469999999996
2023-02-11 16:00:00,3895.6870839999997,3061.473,3290.642,2704.7250000000004
2023-02-11 17:00:00,4011.1246679999995,3187.263,3395.894666,2767.958333
2023-02-11 18:00:00,4258.406667,3474.687,3620.746333,3098.2073330000003
2023-02-11 19:00:00,4626.438916,3498.4190000000003,3761.585667,3221.206333
2023-02-11 20:00:00,4685.263,3473.676,3780.5510000000004,3225.909
2023-02-11 21:00:00,4589.879999999999,3463.352,3645.123,3135.221
2023-02-11 22:00:00,4457.606,3336.678,3556.877,3046.315
2023-02-11 23:00:00,4285.090999999999,3157.0,3311.458,2851.5869999999995
2023-02-12 00:00:00,4066.0719999999997,2929.3239999999996,3101.391,2591.109
2023-02-12 01:00:00,3803.96,2734.563,2838.826,2465.563
2023-02-12 02:00:00,3518.6980000000003,2620.84,2653.4260000000004,2280.489
2023-02-12 03:00:00,3480.5469999999996,2551.7656669999997,2575.208,2190.235
2023-02-12 04:00:00,3394.553,2516.468,2565.17,2163.06
2023-02-12 05:00:00,3531.299,2563.728,2649.006,2233.035
2023-02-12 06:00:00,3652.6710000000003,2718.69,2735.2709999999997,2294.917
2023-02-12 07:00:00,3868.2070000000003,2856.78,2931.1549999999997,2521.5353330000003
2023-02-12 08:00:00,4387.182,3268.9350000000004,3205.0240000000003,2905.499
2023-02-12 09:00:00,4957.904,3735.201,3754.13,3314.413667
2023-02-12 10:00:00,5424.903,3966.333,4048.261,3536.637667
2023-02-12 11:00:00,5477.03,4064.5519999999997,4263.018,3694.6773329999996
2023-02-12 12:00:00,5308.234,3999.333,4157.563,3582.604
2023-02-12 13:00:00,5051.241,3901.516,4042.944,3507.875333
2023-02-12 14:00:00,4829.5103340000005,3665.8770000000004,3797.5190000000002,3302.593333
2023-02-12 15:00:00,4589.512000000001,3504.623,3636.7429999999995,3154.9269999999997
2023-02-12 16:00:00,4314.512999999999,3328.0209999999997,3508.645,3044.905
2023-02-12 17:00:00,4340.561,3322.245,3571.5640000000003,3042.6220000000003
2023-02-12 18:00:00,4599.16,3441.456,3893.6270000000004,3342.152
2023-02-12 19:00:00,4817.753,3706.725333,3968.36,3457.684
2023-02-12 20:00:00,4839.508,3678.128667,4120.5830000000005,3509.67
2023-02-12 21:00:00,4732.613,3714.095,4105.336,3442.216
2023-02-12 22:00:00,4524.115,3382.5533330000003,3757.335,3158.339
2023-02-12 23:00:00,4097.026,3009.471,3383.531,2904.443
2023-02-13 00:00:00,3621.5190000000002,2660.165667,2949.405,2507.4849999999997
2023-02-13 01:00:00,3256.7339999999995,2393.2983329999997,2569.816,2235.625
2023-02-13 02:00:00,3099.83,2174.9480000000003,2388.895,2005.96
2023-02-13 03:00:00,2935.887,2137.500667,2279.3460000000005,1916.866667
2023-02-13 04:00:00,2920.455,2141.4579999999996,2247.902,1882.878334
2023-02-13 05:00:00,3051.204,2197.755,2356.7309999999998,1977.993333
2023-02-13 06:00:00,3273.544,2511.847667,2614.233,2175.0060000000003
2023-02-13 07:00:00,3649.754,2849.236667,2947.915333,2496.691
2023-02-13 08:00:00,3928.1339999999996,2982.308,3113.975667,2690.058333
2023-02-13 09:00:00,4100.468000000001,3019.598333,3173.986,2833.5743330000005
2023-02-13 10:00:00,4111.706,3038.091334,3167.4080000000004,2829.599333
2023-02-13 11:00:00,4156.108,3091.013,3210.328,2934.3566659999997
2023-02-13 12:00:00,4242.261,3066.7106670000003,3337.309,2914.696332
2023-02-13 13:00:00,4173.498,3087.186,3291.245,2870.607667
2023-02-13 14:00:00,4169.26,3106.173,3283.17,2785.5860000000002
2023-02-13 15:00:00,4170.027,3016.610333,3235.42,2842.136
2023-02-13 16:00:00,4418.752,3234.196,3562.2870000000003,3090.746
2023-02-13 17:00:00,4854.512,3591.229333,3840.3550000000005,3336.619
2023-02-13 18:00:00,5074.249,3962.920333,4308.758,3623.922
2023-02-13 19:00:00,5369.795,4090.7880000000005,4469.1720000000005,3750.586334
2023-02-13 20:00:00,5372.989,4148.356333,4495.149,3815.553666
2023-02-13 21:00:00,5348.665,3971.946,4392.303,3682.625
2023-02-13 22:00:00,4959.25,3746.795,4029.615,3430.8109999999997
2023-02-13 23:00:00,4606.14,3472.264,3668.342,3011.106667
2023-02-14 00:00:00,4171.614,3065.556,3390.0460000000003,2672.7169999999996
2023-02-14 01:00:00,3844.178,2821.533,3051.3779999999997,2492.5443330000003
2023-02-14 02:00:00,3634.504,2646.4489999999996,2868.173,2373.092
2023-02-14 03:00:00,3549.047,2562.930667,2747.1459999999997,2278.339
2023-02-14 04:00:00,3508.186,2647.648333,2694.5429999999997,2337.495
2023-02-14 05:00:00,3637.7920000000004,2740.8006669999995,2828.177,2411.384
2023-02-14 06:00:00,3904.223,2895.808,3059.974,2622.0950000000003
2023-02-14 07:00:00,4255.55,3255.186667,3368.432,2970.987
2023-02-14 08:00:00,4534.969999999999,3457.749333,3587.3340000000003,3181.63
2023-02-14 09:00:00,4704.8189999999995,3438.491,3565.4939999999997,3228.326
2023-02-14 10:00:00,4719.859334,3420.257667,3554.388,3192.215333
2023-02-14 11:00:00,4675.997332999999,3380.0920000000006,3676.49,3187.113667
2023-02-14 12:00:00,4721.542998999999,3384.0766670000003,3701.42,3168.395
2023-02-14 13:00:00,4648.2300000000005,3368.896,3749.605,3207.730667
2023-02-14 14:00:00,4564.718999999999,3304.548,3615.7529999999997,3096.336667
2023-02-14 15:00:00,4544.892,3335.951333,3586.168,3102.5550000000003
2023-02-14 16:00:00,4652.714,3417.3810000000003,3713.514,3160.276
2023-02-14 17:00:00,4925.862,3678.547,4049.2290000000003,3384.409333
2023-02-14 18:00:00,5325.7119999999995,4038.648333,4416.679,3692.999666
2023-02-14 19:00:00,5506.210999999999,4120.203,4564.567000000001,3823.9003329999996
2023-02-14 20:00:00,5392.6720000000005,4057.076333,4581.601,3747.107
2023-02-14 21:00:00,5178.221,3843.566667,4336.479,3648.107
2023-02-14 22:00:00,4750.615,3674.284,3951.9790000000003,3373.267
2023-02-14 23:00:00,4566.54,3392.0696669999998,3689.295,3068.190334
2023-02-15 00:00:00,4253.0830000000005,3099.7606670000005,3350.578333,2764.059333
2023-02-15 01:00:00,3981.2039999999997,2881.190333,3097.018,2569.013
2023-02-15 02:00:00,3853.346,2764.104667,2947.402,2433.7659999999996
2023-02-15 03:00:00,3814.647,2819.489,2934.704666,2396.1796670000003
2023-02-15 04:00:00,3820.725,2833.843333,2868.2006659999997,2449.0463330000002
2023-02-15 05:00:00,4044.393,2961.5573329999997,3068.233334,2555.0073330000005
2023-02-15 06:00:00,4381.039,3250.974667,3332.446334,2817.435001
2023-02-15 07:00:00,4688.611000000001,3629.537333,3681.298667,3129.229667
2023-02-15 08:00:00,5132.831,3923.547,4014.6463329999997,3491.835
2023-02-15 09:00:00,5325.7119999999995,3926.089667,3992.4973330000003,3553.9840000000004
2023-02-15 10:00:00,5197.834,3780.214667,3851.344333,3450.475
2023-02-15 11:00:00,4773.1990000000005,3579.320667,3624.8663340000003,3276.2599999999998
2023-02-15 12:00:00,4552.506333,3329.205,3586.446667,3102.888
2023-02-15 13:00:00,4423.509,3180.907,3596.913334,3081.46
2023-02-15 14:00:00,4150.813333,3075.1063329999997,3456.4300000000003,2902.1346670000003
2023-02-15 15:00:00,4061.2416670000002,3013.8866669999998,3324.5923329999996,2832.170334
2023-02-15 16:00:00,4166.401,3069.117667,3360.0519999999997,2866.514333
2023-02-15 17:00:00,4485.85,3333.823333,3662.265,3116.317666
2023-02-15 18:00:00,5059.250999999999,3765.483333,4254.856,3478.1056660000004
2023-02-15 19:00:00,5356.575,4075.928333,4570.198,3796.656
2023-02-15 20:00:00,5542.041,4063.554,4498.043,3871.1510000000003
2023-02-15 21:00:00,5592.628,4187.831333,4474.186000000001,3858.718
2023-02-15 22:00:00,5362.85,3850.3963329999997,4164.375,3509.258
2023-02-15 23:00:00,4887.504000000001,3488.2419999999997,3814.532,3159.481
2023-02-16 00:00:00,4435.4929999999995,3216.8953330000004,3429.849,2946.7889999999998
2023-02-16 01:00:00,4102.844,2987.6333329999998,3085.663,2702.768
2023-02-16 02:00:00,3920.433,2874.3946669999996,2975.5510000000004,2537.322
2023-02-16 03:00:00,3852.93,2791.939666,2900.808,2459.833
2023-02-16 04:00:00,3904.134,2882.096,2899.473,2473.188
2023-02-16 05:00:00,4030.08,3014.6636670000003,2986.598,2581.846
2023-02-16 06:00:00,4312.174,3245.919667,3255.423,2815.741
2023-02-16 07:00:00,4673.375,3567.630666,3620.089,3116.745
2023-02-16 08:00:00,5053.530000000001,3746.295333,3798.4130000000005,3390.874
2023-02-16 09:00:00,5189.049999999999,3740.858333,3767.313,3369.062
2023-02-16 10:00:00,4976.58,3482.4343329999997,3695.2929999999997,3270.358
2023-02-16 11:00:00,4700.787,3386.361666,3592.017667,3122.3576669999998
2023-02-16 12:00:00,4652.910999999999,3293.803333,3668.898,2991.499667
2023-02-16 13:00:00,4411.9130000000005,3272.901,3441.026,2932.4313329999995
2023-02-16 14:00:00,4287.720333,3064.144333,3323.371,2892.272333
2023-02-16 15:00:00,4166.560667,3034.829667,3264.428,2863.1316669999997
2023-02-16 16:00:00,4232.674333,3078.239667,3378.9429999999998,3062.302667
2023-02-16 17:00:00,4601.857667,3319.2883330000004,3760.91,3208.573667
2023-02-16 18:00:00,4921.938334,3755.112,4072.442,3475.4449999999997
2023-02-16 19:00:00,5219.405000000001,3910.4223330000004,4282.967,3637.455667
2023-02-16 20:00:00,5103.343000000001,3854.77,4254.702,3699.6676670000006
2023-02-16 21:00:00,5107.174,3720.463667,4151.008,3551.280667
2023-02-16 22:00:00,4864.388000000001,3448.934,3840.04,3211.674
2023-02-16 23:00:00,4434.999,3234.829,3499.622,2952.391
2023-02-17 00:00:00,3978.702,2823.9089999999997,3093.277,2595.7309990000003
2023-02-17 01:00:00,3603.835,2617.168,2783.2569999999996,2398.9506659999997
2023-02-17 02:00:00,3432.368,2490.868,2628.8889999999997,2217.2039999999997
2023-02-17 03:00:00,3326.858,2375.831,2512.621666,2122.275
2023-02-17 04:00:00,3259.612,2413.762,2444.4286660000002,2158.111
2023-02-17 05:00:00,3416.189,2484.022,2565.1193329999996,2231.5780000000004
2023-02-17 06:00:00,3711.2743330000003,2671.6150000000002,2754.458,2361.218
2023-02-17 07:00:00,3985.259333,3011.324667,3108.8550000000005,2678.7520000000004
2023-02-17 08:00:00,4248.383333,3205.187333,3321.215,2820.7520000000004
2023-02-17 09:00:00,4460.643667,3274.147,3421.5519999999997,2917.942666
2023-02-17 10:00:00,4550.497667,3260.224,3477.043,3004.517333
2023-02-17 11:00:00,4429.330667,3235.509667,3501.785,3017.0009999999997
2023-02-17 12:00:00,4393.9130000000005,3085.834,3489.9399999999996,3041.342
2023-02-17 13:00:00,4222.707667000001,2951.715,3332.3189999999995,2867.420666
2023-02-17 14:00:00,4029.473666,2861.941,3064.065,2718.2690000000002
2023-02-17 15:00:00,3955.649,2784.911,3027.8910000000005,2700.4530000000004
2023-02-17 16:00:00,4037.5620000000004,2842.4139999999998,3178.62,2787.024
2023-02-17 17:00:00,4144.3189999999995,3033.805,3344.7309999999998,2872.487
2023-02-17 18:00:00,4344.987999999999,3364.606667,3635.096,3143.390667
2023-02-17 19:00:00,4647.812,3502.840667,3771.952,3210.319333
2023-02-17 20:00:00,4532.4169999999995,3384.3559999999998,3819.6980000000003,3236.085
2023-02-17 21:00:00,4432.777,3315.2509999999997,3754.73,3150.733
2023-02-17 22:00:00,4290.647666999999,3108.0249999999996,3455.7560000000003,2941.73
2023-02-17 23:00:00,3989.907667,2995.701,3181.291,2760.345666
2023-02-18 00:00:00,3631.7123330000004,2647.172,2848.4030000000002,2496.2076660000002
2023-02-18 01:00:00,3312.321,2411.798,2540.5930000000003,2235.074667
2023-02-18 02:00:00,3146.044667,2294.651,2338.852,2036.75
2023-02-18 03:00:00,2998.706333,2196.9759999999997,2276.565,1922.892
2023-02-18 04:00:00,2885.809667,2076.069,2206.41,1883.691
2023-02-18 05:00:00,2934.143667,2124.2110000000002,2221.5289999999995,1920.9479999999999
2023-02-18 06:00:00,3080.207333,2274.13,2314.808,2007.812
2023-02-18 07:00:00,3288.7836669999997,2480.066,2508.3469999999998,2167.545
2023-02-18 08:00:00,3708.2526669999997,2791.919,2748.918,2442.733
2023-02-18 09:00:00,4104.684,3188.0653330000005,3168.736,2764.562
2023-02-18 10:00:00,4421.904667000001,3302.9629999999997,3342.388,2989.595999
2023-02-18 11:00:00,4570.951666999999,3390.219,3510.4570000000003,3177.181668
2023-02-18 12:00:00,4450.96,3298.4629999999997,3549.4049999999997,3082.744334
2023-02-18 13:00:00,4418.154,3343.291,3618.8410000000003,3051.008333
2023-02-18 14:00:00,4170.234,3180.403,3478.057,2971.1493330000003
2023-02-18 15:00:00,4180.24,3184.306,3363.2300000000005,2921.057667
2023-02-18 16:00:00,4229.302667,3084.0229999999992,3448.1596670000004,2895.2473330000003
2023-02-18 17:00:00,4243.732,3166.8360000000002,3507.994333,2985.407333
2023-02-18 18:00:00,4392.129,3333.497667,3588.735667,3085.187
2023-02-18 19:00:00,4480.84,3402.214,3770.391,3214.54
2023-02-18 20:00:00,4444.27,3397.2036669999998,3643.116333,3235.706
2023-02-18 21:00:00,4398.102,3232.643,3533.011,3089.59
2023-02-18 22:00:00,4214.723,3089.173333,3300.4543329999997,2950.660667
2023-02-18 23:00:00,3942.156,2966.5153330000003,3179.249333,2728.583667
2023-02-19 00:00:00,3744.5840000000003,2740.4566670000004,3012.601667,2481.1059999999998
2023-02-19 01:00:00,3464.969333,2476.611,2733.989,2299.0820000000003
2023-02-19 02:00:00,3255.1693330000003,2312.3219999999997,2473.174,2089.392
2023-02-19 03:00:00,3059.2129999999997,2221.132,2331.7889999999998,1956.522
2023-02-19 04:00:00,3015.417,2160.507,2240.5240000000003,1914.845
2023-02-19 05:00:00,2970.5559999999996,2167.1549999999997,2260.8970000000004,1891.777
2023-02-19 06:00:00,3062.6723329999995,2282.4,2356.469,1971.133
2023-02-19 07:00:00,3324.567,2440.973,2503.602,2195.673
2023-02-19 08:00:00,3749.86,2737.092,2826.1010000000006,2512.8959999999997
2023-02-19 09:00:00,4097.642667,3130.952,3172.555,2805.439
2023-02-19 10:00:00,4418.024667,3349.312667,3469.4280000000003,2972.67
2023-02-19 11:00:00,4593.049,3508.973333,3751.2210000000005,3101.5609999999997
2023-02-19 12:00:00,4592.987,3590.471667,3759.741,3092.955
2023-02-19 13:00:00,4678.6720000000005,3574.0029999999997,3724.8019999999997,3043.085
2023-02-19 14:00:00,4593.9169999999995,3467.936667,3722.835,3002.952
2023-02-19 15:00:00,4466.213,3520.602,3680.54,3025.242
2023-02-19 16:00:00,4419.725,3473.227333,3737.766,3045.606
2023-02-19 17:00:00,4603.669,3493.036,3736.522,3267.242
2023-02-19 18:00:00,4761.531000000001,3611.7610000000004,3896.992,3368.5550000000003
2023-02-19 19:00:00,4882.727999999999,3651.709333,3894.468,3309.834
2023-02-19 20:00:00,4676.360000000001,3577.732667,3808.1850000000004,3290.425
2023-02-19 21:00:00,4528.204,3375.1130000000003,3697.873,3170.846
2023-02-19 22:00:00,4206.002,3085.815333,3461.82,3024.4480000000003
2023-02-19 23:00:00,3854.49,2857.934,3162.58,2745.593
2023-02-20 00:00:00,3522.0600000000004,2550.585,2778.174,2426.424333
2023-02-20 01:00:00,3235.422,2284.192,2463.0389999999998,2135.938667
2023-02-20 02:00:00,2981.5860000000002,2126.707,2261.4700000000003,1921.676667
2023-02-20 03:00:00,2831.497,2079.391667,2168.475,1763.394333
2023-02-20 04:00:00,2748.996333,2054.916,2105.048,1827.454
2023-02-20 05:00:00,2828.859,2113.139,2188.078,1873.760667
2023-02-20 06:00:00,2969.7169999999996,2310.229667,2329.9759999999997,2007.0883339999998
2023-02-20 07:00:00,3233.5023330000004,2453.4139999999998,2558.583,2226.3450009999997
2023-02-20 08:00:00,3475.441001,2605.596,2726.554667,2377.8423329999996
2023-02-20 09:00:00,3813.809,2859.836667,3019.3293329999997,2552.909666
2023-02-20 10:00:00,4012.452,3012.489667,3088.1186669999997,2750.831666
2023-02-20 11:00:00,4124.9043329999995,3120.727,3300.423,2824.875
2023-02-20 12:00:00,4136.7519999999995,3186.8540000000003,3365.1270000000004,2885.708001
2023-02-20 13:00:00,4140.622,3145.598,3402.092,2982.362333
2023-02-20 14:00:00,4030.602,3120.9439999999995,3383.5020000000004,2884.162666
2023-02-20 15:00:00,4073.288,3120.822,3277.513,2925.7293329999998
2023-02-20 16:00:00,4169.023,3200.462,3363.078,2976.4323329999997
2023-02-20 17:00:00,4470.603,3366.799667,3706.7490000000003,3150.616
2023-02-20 18:00:00,4691.966,3582.2690000000002,3985.849,3350.0696669999998
2023-02-20 19:00:00,4801.656999999999,3684.783333,4144.195,3465.968
2023-02-20 20:00:00,4807.075999999999,3698.108,4049.803,3444.518
2023-02-20 21:00:00,4619.826999999999,3613.95,3835.9719999999998,3338.207667
2023-02-20 22:00:00,4373.125,3189.815,3476.279,3043.227668
2023-02-20 23:00:00,3829.42,2840.071,3186.746,2735.808666
2023-02-21 00:00:00,3451.331,2471.466,2676.666,2400.854
2023-02-21 01:00:00,3105.2119999999995,2210.211333,2428.013,2033.9
2023-02-21 02:00:00,2922.7380000000003,2077.018333,2273.407,1884.379667
2023-02-21 03:00:00,2897.436,2049.679,2185.701,1800.144
2023-02-21 04:00:00,2839.8070000000002,2086.7380000000003,2161.88,1799.336667
2023-02-21 05:00:00,2988.692,2177.5403340000003,2304.27,1922.6170000000002
2023-02-21 06:00:00,3276.947,2407.697333,2526.2430000000004,2086.604
2023-02-21 07:00:00,3675.688,2811.899,2863.743,2462.918333
2023-02-21 08:00:00,3941.879,3034.2653330000003,3176.0119999999997,2726.6629999999996
2023-02-21 09:00:00,4050.3140000000003,3082.320667,3151.066,2790.6059999999998
2023-02-21 10:00:00,3968.736667,3043.343667,3061.9080000000004,2862.5789999999997
2023-02-21 11:00:00,3972.447,3087.7483340000003,3130.291,2831.748667
2023-02-21 12:00:00,4102.108333,3070.9579999999996,3134.8900000000003,2829.969
2023-02-21 13:00:00,4167.724667,3087.686667,3290.5040000000004,2873.361333
2023-02-21 14:00:00,4187.250667,3010.9590000000003,3208.569,2849.9603340000003
2023-02-21 15:00:00,4345.581333,3092.821333,3346.4610000000002,3028.334667
2023-02-21 16:00:00,4565.782999999999,3333.957,3565.902,3175.884667
2023-02-21 17:00:00,4990.4439999999995,3617.121,3903.595,3285.871999
2023-02-21 18:00:00,5266.808333,3875.2373329999996,4406.133,3547.733666
2023-02-21 19:00:00,5483.290999999999,3995.5629999999996,4550.566000000001,3788.4266660000003
2023-02-21 20:00:00,5414.936,3928.822,4470.981,3796.397
2023-02-21 21:00:00,5208.191,3810.553,4269.414000000001,3629.822
2023-02-21 22:00:00,4869.630999999999,3661.6730000000002,3876.261,3421.0750000000003
2023-02-21 23:00:00,4570.2570000000005,3268.8060000000005,3499.339,3021.174
2023-02-22 00:00:00,4026.421,2875.014,3125.237,2677.45
2023-02-22 01:00:00,3697.6859999999997,2638.076333,2830.095334,2469.74
2023-02-22 02:00:00,3439.973,2494.799,2707.953,2281.17
2023-02-22 03:00:00,3449.6059999999998,2439.162667,2636.7106670000003,2216.291
2023-02-22 04:00:00,3411.5879999999997,2507.7833330000003,2607.4990000000003,2184.633
2023-02-22 05:00:00,3571.705,2582.6333329999998,2728.681667,2321.4440000000004
2023-02-22 06:00:00,3802.1629999999996,2814.854667,3029.447666,2498.870334
2023-02-22 07:00:00,4186.485,3117.093333,3284.792,2766.199667
2023-02-22 08:00:00,4509.783,3375.291,3506.6560000000004,3094.995667
2023-02-22 09:00:00,4783.374,3487.646667,3642.167,3256.432667
2023-02-22 10:00:00,4800.371999999999,3453.566667,3669.992,3319.365
2023-02-22 11:00:00,4849.207,3560.4836670000004,3752.2509999999997,3333.299
2023-02-22 12:00:00,4936.945,3689.245,3777.378,3308.917
2023-02-22 13:00:00,5106.726000000001,3795.424,3967.817,3431.913
2023-02-22 14:00:00,5198.477999999999,3823.8463330000004,4154.968000000001,3572.827
2023-02-22 15:00:00,5424.878333000001,3966.4406670000003,4387.246999999999,3713.8583339999996
2023-02-22 16:00:00,5697.477000000001,4165.615667,4746.9220000000005,3943.2946669999997
2023-02-22 17:00:00,6085.08,4383.561333,4925.998,4213.109
2023-02-22 18:00:00,6378.957,4676.448333,5186.596,4402.069999
2023-02-22 19:00:00,6630.587,4916.6143329999995,5273.873,4540.953
2023-02-22 20:00:00,6605.006,4810.166,5252.845,4595.051998999999
2023-02-22 21:00:00,6578.571,4675.389333,5273.039,4380.856000000001
2023-02-22 22:00:00,6098.985,4362.077333,4949.526,4184.454
2023-02-22 23:00:00,5598.425,4063.5429999999997,4575.488,3866.8320009999998
2023-02-23 00:00:00,5193.457,3733.8463330000004,4174.707,3546.642333
2023-02-23 01:00:00,4823.124,3410.802333,3823.6540000000005,3227.5593329999997
2023-02-23 02:00:00,4594.171,3275.7216670000003,3598.324,3041.1450000000004
2023-02-23 03:00:00,4480.731,3228.2926660000003,3429.337001,2895.0773339999996
2023-02-23 04:00:00,4464.177000000001,3244.9,3404.831,2908.2466670000003
2023-02-23 05:00:00,4512.516,3344.104667,3525.7690000000002,2918.525333
2023-02-23 06:00:00,4707.1089999999995,3470.482,3664.6533339999996,3094.096667
2023-02-23 07:00:00,4922.812,3748.8273329999997,3894.416001,3302.235667
2023-02-23 08:00:00,5378.484,4124.4349999999995,4336.153668,3606.332
2023-02-23 09:00:00,5964.523999999999,4537.729333,4774.551,4052.764666
2023-02-23 10:00:00,6362.262000000001,4718.25,5079.059,4348.330001
2023-02-23 11:00:00,6545.817,4939.598333,5405.014,4507.5143339999995
2023-02-23 12:00:00,6848.986,5006.115,5493.739666,4556.863333
2023-02-23 13:00:00,6868.721,5037.591,5588.184001,4627.458
2023-02-23 14:00:00,6591.478999999999,4898.001,5349.016666,4472.339667
2023-02-23 15:00:00,6479.6320000000005,4879.861000000001,5261.004999,4375.08
2023-02-23 16:00:00,6496.462,4842.224,5301.793333,4384.639333000001
2023-02-23 17:00:00,6724.2029999999995,4944.976000000001,5285.521333000001,4614.996
2023-02-23 18:00:00,7098.368667,5286.6990000000005,5680.394001,4898.504999000001
2023-02-23 19:00:00,7357.615,5521.169,6062.7736669999995,5126.609
2023-02-23 20:00:00,7287.140332999999,5444.634,5989.637666,5072.374
2023-02-23 21:00:00,7077.671,5191.268667,5695.280666000001,4897.904334000001
2023-02-23 22:00:00,6728.822334,4781.631667,5218.457334000001,4566.784666
2023-02-23 23:00:00,6231.545666,4512.027,4815.730667,4210.414667
2023-02-24 00:00:00,5754.903,4160.955,4391.054,3865.0860000000002
2023-02-24 01:00:00,5454.326,3886.635,3999.1450000000004,3543.4429999999998
2023-02-24 02:00:00,5273.803,3721.4210000000003,3846.0446669999997,3330.541
2023-02-24 03:00:00,5142.927000000001,3637.743,3708.424666,3200.071333
2023-02-24 04:00:00,5088.082,3643.8399999999997,3703.410667,3214.446667
2023-02-24 05:00:00,5153.892,3762.335,3794.756333,3273.731667
2023-02-24 06:00:00,5370.969667,3982.5830000000005,3929.3673329999997,3410.7373339999995
2023-02-24 07:00:00,5603.947667,4200.943,4156.6806670000005,3668.148333
2023-02-24 08:00:00,6136.0399990000005,4414.706,4536.579667,3951.6843340000005
2023-02-24 09:00:00,6581.072333,4625.407,4889.9853330000005,4190.482334
2023-02-24 10:00:00,6712.8369999999995,4775.106,5153.539334,4357.913667
2023-02-24 11:00:00,6708.564,4806.766667,5247.818,4469.200667
2023-02-24 12:00:00,6682.779,4763.1849999999995,5298.716666,4486.795
2023-02-24 13:00:00,6532.046,4718.669,5186.645332,4398.686668
2023-02-24 14:00:00,6277.849,4639.564,4942.405333000001,4204.585999999999
2023-02-24 15:00:00,6067.902,4468.132,4866.037333,4159.379333000001
2023-02-24 16:00:00,5985.592,4372.0509999999995,4720.733,4139.058334
2023-02-24 17:00:00,6099.267,4512.921,4939.442666999999,4301.3946670000005
2023-02-24 18:00:00,6479.620000000001,4822.118,5205.595333,4574.941
2023-02-24 19:00:00,6829.942,5080.316999999999,5404.736,4687.101334000001
2023-02-24 20:00:00,6750.273666000001,4967.3189999999995,5310.474666,4609.5740000000005
2023-02-24 21:00:00,6520.031666,4772.592000000001,5076.667,4413.523333
2023-02-24 22:00:00,6097.156333,4501.287,4818.793667,4144.272666
2023-02-24 23:00:00,5795.655666999999,4127.232,4607.665666999999,3829.8286660000003
2023-02-25 00:00:00,5461.058334,3861.1359999999995,4209.576666,3510.152
2023-02-25 01:00:00,5089.088333,3627.9820000000004,3892.655667,3299.644001
2023-02-25 02:00:00,4932.986333,3503.3239999999996,3701.3676670000004,3048.5220010000003
2023-02-25 03:00:00,4839.619667000001,3416.965,3532.8619999999996,3008.743666
2023-02-25 04:00:00,4650.055334,3427.54,3467.3379999999997,2937.854333
2023-02-25 05:00:00,4763.393667,3435.375,3505.850667,3016.121
2023-02-25 06:00:00,4920.155333,3580.187,3611.628334,3134.252334
2023-02-25 07:00:00,5141.997,3804.8590000000004,3837.365333,3299.876333
2023-02-25 08:00:00,5577.100667000001,4154.633,4224.836665999999,3626.102333
2023-02-25 09:00:00,5927.663667,4468.203333,4593.933666999999,3911.5870000000004
2023-02-25 10:00:00,6012.39,4445.471333,4697.278333,4063.107333
2023-02-25 11:00:00,5996.441667000001,4367.023,4747.833667,4066.619667
2023-02-25 12:00:00,5887.677667,4420.366667,4693.861000000001,4018.4993330000007
2023-02-25 13:00:00,5805.215333,4361.809667,4550.968,3888.732333
2023-02-25 14:00:00,5475.170667,4083.554,4440.688,3661.465
2023-02-25 15:00:00,5244.429,3877.5329999999994,4164.004,3555.847333
2023-02-25 16:00:00,5107.700333000001,3777.264,4121.871000000001,3446.092667
2023-02-25 17:00:00,5280.641,3784.221,4243.081,3540.864333
2023-02-25 18:00:00,5564.668,4108.156999999999,4460.007,3828.629333
2023-02-25 19:00:00,5864.014,4347.625999999999,4664.42,4117.368999
2023-02-25 20:00:00,5931.982,4337.255,4679.665,4074.7169999999996
2023-02-25 21:00:00,5805.541,4270.379,4519.399,3957.6553329999997
2023-02-25 22:00:00,5592.602000000001,4101.11,4306.773999999999,3764.362333
2023-02-25 23:00:00,5183.725,3809.861333,3961.6620000000003,3497.6633330000004
2023-02-26 00:00:00,4799.366,3461.0246669999997,3730.165,3130.448999
2023-02-26 01:00:00,4432.786,3230.354333,3333.142,2880.404667
2023-02-26 02:00:00,4185.929,2968.5973329999997,3139.726,2703.991
2023-02-26 03:00:00,4039.632,2882.135,2987.781,2562.797667
2023-02-26 04:00:00,3964.447,2783.955,2898.697,2488.126333
2023-02-26 05:00:00,3948.4970000000003,2882.506,2946.054666,2486.092334
2023-02-26 06:00:00,4009.731,2947.911,3010.725333,2602.938667
2023-02-26 07:00:00,4206.785,3026.511,3155.2063319999997,2762.7506670000002
2023-02-26 08:00:00,4560.621999999999,3398.431,3402.462,3100.643
2023-02-26 09:00:00,4984.211,3851.2509999999997,3864.9979999999996,3384.304333
2023-02-26 10:00:00,5371.4,4211.999,4246.345,3678.987667
2023-02-26 11:00:00,5528.901,4255.601000000001,4529.4490000000005,3765.339
2023-02-26 12:00:00,5742.659,4299.741,4535.266,3863.090333
2023-02-26 13:00:00,5766.067,4223.104,4637.705,4021.524667
2023-02-26 14:00:00,5669.746999999999,4233.053,4586.161,3957.861
2023-02-26 15:00:00,5584.200999999999,4130.8730000000005,4562.637000000001,3956.964333
2023-02-26 16:00:00,5515.451000000001,4098.9619999999995,4527.608,3930.8286669999998
2023-02-26 17:00:00,5541.447,4091.9759999999997,4524.178,3971.926332
2023-02-26 18:00:00,5811.941000000001,4321.6449999999995,4734.496999999999,4028.2286670000003
2023-02-26 19:00:00,5928.061,4528.450333,4832.439,4217.981
2023-02-26 20:00:00,5817.676,4436.225667,4842.053,4210.872999
2023-02-26 21:00:00,5676.658,4360.092,4717.0509999999995,4094.344
2023-02-26 22:00:00,5435.652,3978.033,4349.2519999999995,3786.764
2023-02-26 23:00:00,4926.964,3642.6416670000003,3846.089,3330.092333
2023-02-27 00:00:00,4403.625,3156.940667,3433.328,2938.8136670000004
2023-02-27 01:00:00,4042.427,2878.522666,3117.8179999999998,2625.2380000000003
2023-02-27 02:00:00,3807.2159999999994,2779.0993329999997,2928.055,2449.700667
2023-02-27 03:00:00,3764.842,2685.638,2825.241,2373.194333
2023-02-27 04:00:00,3763.963,2729.2309999999998,2823.045,2378.249
2023-02-27 05:00:00,3862.4610000000002,2880.8360000000002,2882.825,2438.786
2023-02-27 06:00:00,4062.785,3142.6293339999997,3067.523,2626.216334
2023-02-27 07:00:00,4394.84,3330.954667,3393.2059999999997,2894.763667
2023-02-27 08:00:00,4741.99,3604.828,3652.7879999999996,3160.706333
2023-02-27 09:00:00,4938.778333,3692.697,3868.705,3335.937667
2023-02-27 10:00:00,4889.6900000000005,3678.727667,3851.6059999999998,3488.531
2023-02-27 11:00:00,4746.678667,3655.21,3903.323,3355.882667
2023-02-27 12:00:00,4741.447333,3616.205667,3983.068,3366.889
2023-02-27 13:00:00,4869.602667000001,3612.476,4057.9539999999997,3453.743666
2023-02-27 14:00:00,4795.448667000001,3493.241,3959.323,3294.039
2023-02-27 15:00:00,4699.973,3489.300333,3789.178,3266.120333
2023-02-27 16:00:00,4682.065334000001,3523.876,3823.541,3284.788001
2023-02-27 17:00:00,5061.954,3774.768333,4123.146,3559.915
2023-02-27 18:00:00,5321.674666999999,4095.9093329999996,4631.566999999999,3889.897
2023-02-27 19:00:00,5777.984,4266.471,4771.6179999999995,3972.844
2023-02-27 20:00:00,5754.135,4312.999333,4749.078,4008.172334
2023-02-27 21:00:00,5557.165,4174.272333,4525.044,3822.742333
2023-02-27 22:00:00,5231.772999999999,3800.1940000000004,4127.193,3516.424
2023-02-27 23:00:00,4727.877,3492.795,3745.0820000000003,3143.3506669999997
2023-02-28 00:00:00,4340.459999999999,3073.1229999999996,3400.1499999999996,2834.283
2023-02-28 01:00:00,4005.5179999999996,2836.2453330000003,3051.656,2650.962667
2023-02-28 02:00:00,3847.447,2683.9629999999997,2869.3460000000005,2427.295333
2023-02-28 03:00:00,3743.193,2641.087667,2756.7110000000002,2347.359666
2023-02-28 04:00:00,3681.272,2646.7303330000004,2750.8450000000003,2366.804667
2023-02-28 05:00:00,3797.044,2710.336667,2877.4990000000003,2428.047334
2023-02-28 06:00:00,4050.891,3001.585,3059.898,2607.143334
2023-02-28 07:00:00,4464.195,3286.075667,3413.974,2963.786
2023-02-28 08:00:00,4786.876,3546.431,3662.773,3186.6859999999997
2023-02-28 09:00:00,4815.148999999999,3603.807,3651.4480000000003,3198.785667
2023-02-28 10:00:00,4770.009,3531.256667,3641.648,3194.3093329999997
2023-02-28 11:00:00,4636.3193329999995,3546.107667,3688.742,3196.3753340000003
2023-02-28 12:00:00,4717.973667,3624.8056669999996,3698.768,3202.202668
2023-02-28 13:00:00,4843.786666,3561.353,3736.889,3280.161
2023-02-28 14:00:00,4880.12,3526.058,3803.835,3286.7836669999997
2023-02-28 15:00:00,4895.495333,3452.679,3827.328,3312.678333
2023-02-28 16:00:00,5086.158333,3548.878,3921.844,3426.678667
2023-02-28 17:00:00,5383.983,3773.673,4237.009,3661.56
2023-02-28 18:00:00,5647.013333000001,4166.637000000001,4737.844999999999,3876.8549999999996
2023-02-28 19:00:00,5806.999,4394.863,4933.649,4044.869
2023-02-28 20:00:00,5834.593,4353.423,4806.506,4088.797
2023-02-28 21:00:00,5773.308,4226.254999999999,4697.752,3946.9790000000003
2023-02-28 22:00:00,5326.12,3902.544,4237.602667,3699.7076669999997
2023-02-28 23:00:00,4858.778,3448.6009999999997,3897.961333,3372.6586669999997
2023-03-01 00:00:00,4330.635,3080.094,3445.690332,2912.2123330000004
2023-03-01 01:00:00,3967.009,2798.094,3031.8696630000004,2651.341665
2023-03-01 02:00:00,3818.329,2694.5070000000005,2735.393666,2524.040666
2023-03-01 03:00:00,3717.311,2668.6450000000004,2622.458667,2423.897667
2023-03-01 04:00:00,3679.4350000000004,2690.512,2614.1480009999996,2405.047333
2023-03-01 05:00:00,3826.5829999999996,2721.786,2765.168,2496.794001
2023-03-01 06:00:00,3997.0009999999997,2996.134,2970.982334,2682.774333
2023-03-01 07:00:00,4430.415,3370.852,3299.769667,3027.666333
2023-03-01 08:00:00,4785.696,3614.53,3646.431667,3272.9396669999996
2023-03-01 09:00:00,4867.23,3606.062,3696.462,3320.508
2023-03-01 10:00:00,4800.475,3444.459667,3606.011,3308.4266660000003
2023-03-01 11:00:00,4656.926334,3368.579,3511.576666,3199.9483330000003
2023-03-01 12:00:00,4573.766667,3335.114333,3481.49,3044.652333
2023-03-01 13:00:00,4498.305,3315.9439999999995,3471.2076660000002,2966.467
2023-03-01 14:00:00,4353.859,3153.496,3349.4269999999997,2840.367333
2023-03-01 15:00:00,4221.001,3131.499,3241.885333,2845.7623329999997
2023-03-01 16:00:00,4325.505,3182.101667,3378.311666,2889.719
2023-03-01 17:00:00,4622.5689999999995,3415.184333,3752.507,3130.144333
2023-03-01 18:00:00,4961.648000000001,3667.951333,4089.029,3429.4800000000005
2023-03-01 19:00:00,5303.865,3937.991333,4364.416000000001,3642.152
2023-03-01 20:00:00,5328.521000000001,3961.257,4408.303,3626.217667
2023-03-01 21:00:00,5164.144,3912.920333,4221.1759999999995,3598.228333
2023-03-01 22:00:00,4931.224,3646.4883330000002,3953.1,3361.878333
2023-03-01 23:00:00,4555.111000000001,3228.3769999999995,3602.675668,3075.901667
2023-03-02 00:00:00,4111.446,2812.8289999999997,3147.415,2649.481667
2023-03-02 01:00:00,3732.133,2622.453,2822.5246669999997,2463.592
2023-03-02 02:00:00,3502.9719999999998,2488.6369999999997,2622.041,2286.194
2023-03-02 03:00:00,3380.5640000000003,2419.137,2536.501,2193.6743340000003
2023-03-02 04:00:00,3368.991,2431.524,2508.642,2134.434667
2023-03-02 05:00:00,3511.48,2553.672,2605.309,2268.8923330000002
2023-03-02 06:00:00,3797.811,2788.919,2828.5690000000004,2483.645667
2023-03-02 07:00:00,4195.793,3183.2569999999996,3124.302,2820.511333
2023-03-02 08:00:00,4475.14,3375.46,3445.97,2971.1510000000003
2023-03-02 09:00:00,4589.111,3379.93,3413.864,3070.9139999999998
2023-03-02 10:00:00,4624.706,3325.324,3466.518,3095.202
2023-03-02 11:00:00,4611.531,3404.9876670000003,3549.5240000000003,3112.7133329999997
2023-03-02 12:00:00,4711.823,3394.7796670000002,3545.8,3099.093
2023-03-02 13:00:00,4519.194333,3261.0910000000003,3579.862,3079.755334
2023-03-02 14:00:00,4407.164334,3083.3280000000004,3415.704,2875.9683330000003
2023-03-02 15:00:00,4258.998,2952.054333,3327.8450000000003,2835.1836670000002
2023-03-02 16:00:00,4363.767000999999,3230.995333,3463.459,3031.116333
2023-03-02 17:00:00,4491.298333000001,3395.392333,3616.5750000000003,3132.658334
2023-03-02 18:00:00,4841.359666,3640.942333,4031.911,3422.185
2023-03-02 19:00:00,5162.521,3892.4666669999997,4441.405000000001,3654.371
2023-03-02 20:00:00,5236.909,3941.694667,4468.1,3797.5353330000003
2023-03-02 21:00:00,5266.335,3877.03,4260.344999999999,3699.153333
2023-03-02 22:00:00,5044.896,3627.002,3996.339,3460.892
2023-03-02 23:00:00,4560.871999999999,3243.7699999999995,3601.64,3057.079333
2023-03-03 00:00:00,4240.746999999999,2981.937,3223.282,2734.680333
2023-03-03 01:00:00,3849.3046670000003,2734.33,2935.4880000000003,2496.471
2023-03-03 02:00:00,3671.379,2585.1679999999997,2743.4363329999996,2390.1339989999997
2023-03-03 03:00:00,3614.7296669999996,2538.198,2640.841333,2310.098666
2023-03-03 04:00:00,3485.177,2527.1659999999997,2598.419333,2262.2160000000003
2023-03-03 05:00:00,3650.427999,2689.719,2683.577667,2369.006332
2023-03-03 06:00:00,3946.413667,2896.458,2913.622333,2459.7009989999997
2023-03-03 07:00:00,4306.406667,3218.455,3247.683333,2751.389999
2023-03-03 08:00:00,4589.124331999999,3446.5860000000002,3544.052333,2992.7533320000002
2023-03-03 09:00:00,4693.644999,3454.327,3597.059333,3147.6090000000004
2023-03-03 10:00:00,4555.064667000001,3379.1349999999998,3623.518333,3126.636
2023-03-03 11:00:00,4474.677001,3341.7349999999997,3614.056666,3077.814667
2023-03-03 12:00:00,4553.145001,3316.3329999999996,3606.973333,3135.198001
2023-03-03 13:00:00,4457.269666,3239.264,3530.713667,3031.685334
2023-03-03 14:00:00,4333.640668,3080.607667,3419.182,3006.698332
2023-03-03 15:00:00,4358.203,3106.244,3463.038334,3014.744667
2023-03-03 16:00:00,4465.012333000001,3262.669333,3597.2246670000004,3115.380669
2023-03-03 17:00:00,4852.707665999999,3456.5526659999996,3793.2976670000003,3346.888668
2023-03-03 18:00:00,5042.792667,3824.8286669999998,3989.686667,3526.753333
2023-03-03 19:00:00,5247.445999,3861.9153340000003,4213.319667,3718.073667
2023-03-03 20:00:00,5266.589334,3718.737,4173.501333,3651.258333
2023-03-03 21:00:00,5055.906334,3666.697667,4016.021334,3460.840999
2023-03-03 22:00:00,4856.395333,3471.716333,3753.508,3290.9420010000003
2023-03-03 23:00:00,4579.259667,3221.172001,3504.575,3043.5230009999996
2023-03-04 00:00:00,4177.872667,3002.9316660000004,3199.684,2797.253666
2023-03-04 01:00:00,3864.632667,2726.244333,2896.364666,2563.589668
2023-03-04 02:00:00,3569.875333,2500.3643330000004,2692.159,2340.0183349999998
2023-03-04 03:00:00,3451.372,2440.1086670000004,2539.6099999999997,2220.645333
2023-03-04 04:00:00,3309.0246660000003,2426.560334,2454.439334,2168.548667
2023-03-04 05:00:00,3394.5376670000005,2430.1360000000004,2443.618666,2188.0259990000004
2023-03-04 06:00:00,3506.442334,2552.258,2540.946335,2268.041333
2023-03-04 07:00:00,3734.5883329999997,2746.956,2806.115334,2442.804
2023-03-04 08:00:00,4200.573334,3047.5703329999997,3169.858,2731.831999
2023-03-04 09:00:00,4634.072,3440.908,3526.955333,3043.779334
2023-03-04 10:00:00,4937.6833320000005,3622.967333,3841.9669989999998,3261.604999
2023-03-04 11:00:00,5041.1939999999995,3740.363,3986.669333,3399.0443330000003
2023-03-04 12:00:00,5109.025667,3820.008,4055.808,3409.346333
2023-03-04 13:00:00,4971.956667,3770.598667,3991.045,3418.0243330000003
2023-03-04 14:00:00,4810.9166669999995,3667.1440000000002,3887.955,3319.232333
2023-03-04 15:00:00,4779.950333,3487.1603330000003,3860.8566659999997,3205.007
2023-03-04 16:00:00,4567.057000999999,3510.3913329999996,3777.0383309999997,3160.657
2023-03-04 17:00:00,4699.671666,3506.971667,3828.3523320000004,3263.1216679999998
2023-03-04 18:00:00,4869.725665,3623.433333,3940.671666,3410.177331
2023-03-04 19:00:00,4981.788001,3842.691,4087.458333,3598.762665
2023-03-04 20:00:00,5070.908001,3779.3393340000002,4027.8156649999996,3460.1879989999998
2023-03-04 21:00:00,5054.073,3617.7723340000002,3769.6329990000004,3374.8940000000002
2023-03-04 22:00:00,4886.396667,3427.055667,3638.4946659999996,3190.397333
2023-03-04 23:00:00,4558.474333,3309.409,3428.6083339999996,3007.603
2023-03-05 00:00:00,4239.1476680000005,3018.424333,3269.3536679999997,2722.018666
2023-03-05 01:00:00,3876.943665,2783.239333,2993.149332,2513.0733330000003
2023-03-05 02:00:00,3708.5116669999998,2670.5203330000004,2762.531667,2416.225668
2023-03-05 03:00:00,3600.288666,2623.8823329999996,2641.1096660000003,2312.775332
2023-03-05 04:00:00,3547.673668,2599.9610000000002,2608.650332,2291.056667
2023-03-05 05:00:00,3671.4986660000004,2641.782333,2670.989999,2331.5856649999996
2023-03-05 06:00:00,3771.911333,2761.9916670000002,2770.512999,2383.883334
2023-03-05 07:00:00,3997.544333,2951.875,2923.1806669999996,2600.768335
2023-03-05 08:00:00,4513.793,3346.5196669999996,3281.182,2997.308
2023-03-05 09:00:00,4905.798,3732.669333,3754.725334,3183.028999
2023-03-05 10:00:00,5163.808333999999,3906.826,3943.735667,3454.6483340000004
2023-03-05 11:00:00,5249.881334,4006.530334,4296.505999,3660.584334
2023-03-05 12:00:00,5150.028332,4014.479999,4257.203001,3554.446999
2023-03-05 13:00:00,5131.433666999999,4045.243333,4099.517666,3520.4000020000003
2023-03-05 14:00:00,5044.348001,3864.454667,4123.9169999999995,3472.275667
2023-03-05 15:00:00,4966.721334,3739.132,4011.432334,3387.779334
2023-03-05 16:00:00,4969.265667,3743.008,4047.255667,3444.631667
2023-03-05 17:00:00,5071.439334000001,3873.2550010000004,4214.936334,3605.0709979999997
2023-03-05 18:00:00,5297.67,4078.968668,4338.914333,3761.444001
2023-03-05 19:00:00,5382.182667,4283.959335,4516.354999,3937.069333
2023-03-05 20:00:00,5604.951333999999,4315.691666,4481.831334,3914.7106649999996
2023-03-05 21:00:00,5469.654665,4220.103,4404.8856670000005,3836.1710000000003
2023-03-05 22:00:00,5215.283335,3896.8860000000004,4044.837333,3553.009333
2023-03-05 23:00:00,4814.309334,3495.2060010000005,3786.567666,3145.1679999999997
2023-03-06 00:00:00,4365.358666,3114.363,3334.789667,2757.538667
2023-03-06 01:00:00,3899.9523329999997,2837.245,2999.684334,2498.382668
2023-03-06 02:00:00,3715.5186670000003,2643.705,2805.312,2373.112333
2023-03-06 03:00:00,3597.325333,2544.2390000000005,2662.669333,2267.6193329999996
2023-03-06 04:00:00,3559.241333,2550.005,2676.102333,2242.1566660000003
2023-03-06 05:00:00,3697.8756670000002,2642.3990000000003,2739.1126670000003,2325.919001
2023-03-06 06:00:00,3936.2656660000002,2935.3509999999997,2970.6730000000002,2526.187
2023-03-06 07:00:00,4392.9706670000005,3305.317,3266.9836670000004,2882.4483339999997
2023-03-06 08:00:00,4646.450333,3534.8500000000004,3567.559,3168.691333
2023-03-06 09:00:00,4732.013666000001,3544.554,3547.837667,3241.965668
2023-03-06 10:00:00,4659.284,3465.92,3582.768,3218.8813330000003
2023-03-06 11:00:00,4581.004667,3363.186,3566.9936669999997,3119.7659999999996
2023-03-06 12:00:00,4527.784666,3317.391,3507.156,3100.6109989999995
2023-03-06 13:00:00,4457.516334000001,3201.562,3439.8720000000003,3044.7096659999997
2023-03-06 14:00:00,4335.095668,3183.033,3410.9663330000003,2995.968667
2023-03-06 15:00:00,4303.9920010000005,3118.096,3370.690333,3012.908
2023-03-06 16:00:00,4462.514001,3169.4170000000004,3546.909333,3069.5083329999998
2023-03-06 17:00:00,4636.774999,3435.7219999999998,3826.4836669999995,3260.6369999999997
2023-03-06 18:00:00,4955.112,3742.2,4210.976000000001,3533.783
2023-03-06 19:00:00,5262.7119999999995,4018.8500000000004,4481.095332999999,3695.6340010000004
2023-03-06 20:00:00,5447.106667,3975.779,4498.272000000001,3717.7369989999997
2023-03-06 21:00:00,5268.056334000001,3900.282,4317.155000000001,3690.647334
2023-03-06 22:00:00,4959.048667,3660.634,3960.901667,3334.592667
2023-03-06 23:00:00,4525.641334,3191.7969999999996,3517.309667,2924.0513330000003
2023-03-07 00:00:00,4112.377332,2834.8419999999996,3100.798667,2619.1686659999996
2023-03-07 01:00:00,3706.666666,2552.456333,2805.3953330000004,2447.861001
2023-03-07 02:00:00,3487.1279999999997,2444.224,2597.468333,2245.682
2023-03-07 03:00:00,3423.1580000000004,2396.593,2537.695,2149.022333
2023-03-07 04:00:00,3444.742667,2412.2799999999997,2564.961333,2190.239334
2023-03-07 05:00:00,3585.183,2600.987,2647.8199999999997,2312.327999
2023-03-07 06:00:00,3866.804667,2878.5009999999997,2941.907,2527.0069999999996
2023-03-07 07:00:00,4257.888001,3223.379,3312.575667,2842.883334
2023-03-07 08:00:00,4564.419667,3399.634,3522.862333,3044.104667
2023-03-07 09:00:00,4575.634,3363.414,3444.081,2978.590333
2023-03-07 10:00:00,4397.937666,3206.549,3374.592667,2941.3039989999997
2023-03-07 11:00:00,4276.073666,3130.2560000000003,3387.9813329999997,2876.979668
2023-03-07 12:00:00,4253.257667,3098.23,3399.217,2829.010333
2023-03-07 13:00:00,4107.989334,2974.361,3279.831667,2811.987333
2023-03-07 14:00:00,3893.393332,2813.25,3128.741333,2654.478999
2023-03-07 15:00:00,3813.513333,2786.43,3042.402333,2733.775333
2023-03-07 16:00:00,3968.768999,2863.261,3243.92,2773.8373340000003
2023-03-07 17:00:00,4405.169,3267.5660000000003,3627.513,3022.6643349999995
2023-03-07 18:00:00,4826.692001,3627.465,4143.690667,3347.4359999999997
2023-03-07 19:00:00,5027.901666,3923.835,4374.129,3600.599
2023-03-07 20:00:00,5292.327332999999,4017.294,4444.553667,3700.649001
2023-03-07 21:00:00,5283.422,3873.021667,4243.929667,3579.371332
2023-03-07 22:00:00,4987.239667,3573.0876670000002,3979.799,3302.653334
2023-03-07 23:00:00,4551.3423330000005,3258.840333,3541.7383330000002,3048.385668
2023-03-08 00:00:00,4112.071333000001,2880.187,3218.902,2716.083334
2023-03-08 01:00:00,3840.9589989999995,2696.271667,2940.675667,2503.0429999999997
2023-03-08 02:00:00,3646.589332,2544.6526670000003,2739.571667,2347.449332
2023-03-08 03:00:00,3598.234667,2567.000333,2703.775333,2301.8403340000004
2023-03-08 04:00:00,3584.645001,2634.0963330000004,2650.598,2284.4426670000003
2023-03-08 05:00:00,3801.909333,2739.0190000000002,2730.621333,2368.3016660000003
2023-03-08 06:00:00,3947.8830000000003,3033.357,2994.392,2576.615
2023-03-08 07:00:00,4370.072333,3324.364333,3352.212001,2855.3953340000003
2023-03-08 08:00:00,4694.005666999999,3475.494,3660.9126670000005,3140.5116669999998
2023-03-08 09:00:00,4866.380334,3672.3849999999998,3769.077,3246.5040000000004
2023-03-08 10:00:00,4832.927333,3597.902,3797.879667,3310.411666
2023-03-08 11:00:00,4837.863667,3639.149,3834.349333,3317.238335
2023-03-08 12:00:00,4816.528334,3610.447,3865.0793329999997,3316.089999
2023-03-08 13:00:00,4716.586334,3518.6220000000003,3759.295,3245.4289980000003
2023-03-08 14:00:00,4494.7759989999995,3389.934,3650.101667,3077.220333
2023-03-08 15:00:00,4247.7966670000005,3178.9790000000003,3475.733333,2977.235666
2023-03-08 16:00:00,4240.261001,3154.6240000000003,3433.494667,3066.185999
2023-03-08 17:00:00,4598.404334,3394.942,3704.109,3325.827
2023-03-08 18:00:00,4956.991334,3754.8740000000003,4111.161333,3541.756667
2023-03-08 19:00:00,5256.5923330000005,3954.402,4370.043667,3832.9153319999996
2023-03-08 20:00:00,5323.282999999999,3984.946,4360.862667,3803.1909990000004
2023-03-08 21:00:00,5247.771333,3862.035,4220.491,3689.379332
2023-03-08 22:00:00,4970.111668,3551.741,3928.450333,3419.621334
2023-03-08 23:00:00,4414.345667,3177.319,3554.2439999999997,3043.8940009999997
2023-03-09 00:00:00,3981.892334,2852.4900000000002,3171.6846669999995,2697.998667
2023-03-09 01:00:00,3693.5296670000002,2635.548,2813.8306669999997,2446.454667
2023-03-09 02:00:00,3411.041667,2476.407,2622.053667,2252.842001
2023-03-09 03:00:00,3354.1033340000004,2438.4300000000003,2492.5746670000003,2173.642334
2023-03-09 04:00:00,3304.517333,2431.875,2533.061333,2179.623667
2023-03-09 05:00:00,3466.490667,2556.795,2652.2016670000003,2258.3619999999996
2023-03-09 06:00:00,3727.798667,2829.96,2859.370333,2494.814667
2023-03-09 07:00:00,4206.192,3147.011,3271.527,2789.656333
2023-03-09 08:00:00,4416.809666,3285.121,3501.565667,2989.654335
2023-03-09 09:00:00,4469.520668,3335.786667,3461.192,3032.813666
2023-03-09 10:00:00,4422.548334,3298.690667,3444.398,3051.4750000000004
2023-03-09 11:00:00,4575.301334,3231.138667,3531.5083329999998,3116.841001
2023-03-09 12:00:00,4511.6103330000005,3271.2876669999996,3622.592667,3149.5363340000004
2023-03-09 13:00:00,4554.088,3436.498,3660.2110000000002,3168.366333
2023-03-09 14:00:00,4443.644668,3301.245,3668.4973339999997,3111.095666
2023-03-09 15:00:00,4528.829333,3361.732333,3733.748667,3130.965001
2023-03-09 16:00:00,4788.283667,3499.3563329999997,3913.118,3394.629
2023-03-09 17:00:00,5173.206334,3816.866333,4258.706667,3660.497669
2023-03-09 18:00:00,5547.253000000001,4090.892333,4490.012333000001,3890.993334
2023-03-09 19:00:00,5720.414666000001,4292.111667,4593.241667,3949.845667
2023-03-09 20:00:00,5610.264,4238.202667,4609.949667,3983.893666
2023-03-09 21:00:00,5449.198,4091.299333,4419.932333000001,3873.867667
2023-03-09 22:00:00,5194.179667,3757.840667,4054.1556669999995,3551.7196670000003
2023-03-09 23:00:00,4611.896001,3354.212667,3725.776333,3171.454333
2023-03-10 00:00:00,4223.259667,2903.366333,3245.374334,2794.403666
2023-03-10 01:00:00,3761.4026670000003,2651.462667,2913.408333,2477.19
2023-03-10 02:00:00,3492.098,2468.258,2769.2296659999997,2283.3426660000005
2023-03-10 03:00:00,3409.201667,2369.112333,2615.384,2190.602333
2023-03-10 04:00:00,3343.1580000000004,2390.376667,2521.253333,2225.403666
2023-03-10 05:00:00,3469.988999,2528.286333,2584.5376670000005,2316.6189990000003
2023-03-10 06:00:00,3704.180667,2769.996333,2830.9083329999994,2437.933999
2023-03-10 07:00:00,4144.956667,3102.989667,3154.9883330000002,2731.366999
2023-03-10 08:00:00,4427.489999,3278.867333,3428.496666,2924.537332
2023-03-10 09:00:00,4440.801666,3417.258667,3558.339333,3041.7060009999996
2023-03-10 10:00:00,4384.070667,3317.2749999999996,3514.5213329999997,2959.861666
2023-03-10 11:00:00,4417.273334,3240.9993329999998,3443.531,2990.857333
2023-03-10 12:00:00,4356.212667,3211.2843329999996,3627.451,3000.3263340000003
2023-03-10 13:00:00,4241.755333,3156.7563330000003,3421.1036670000003,3036.175334
2023-03-10 14:00:00,4104.998334,3048.840333,3263.824667,2868.928665
2023-03-10 15:00:00,4016.1243329999998,2968.248667,3277.6873330000003,2838.6923340000003
2023-03-10 16:00:00,4179.452332999999,3090.254,3391.290667,2952.7366680000005
2023-03-10 17:00:00,4446.167665999999,3263.887,3682.189667,3130.528668
2023-03-10 18:00:00,4801.751667,3491.0793329999997,3949.155667,3284.5099999999998
2023-03-10 19:00:00,4963.759666,3575.859333,4057.857,3438.2650009999998
2023-03-10 20:00:00,4891.348,3705.413333,4064.760666,3427.235
2023-03-10 21:00:00,4693.865334,3517.714,3856.6076669999998,3304.626332
2023-03-10 22:00:00,4507.861667,3326.8793330000003,3605.2826670000004,3118.775667
2023-03-10 23:00:00,4211.668667,3085.068333,3475.345001,2903.702333
2023-03-11 00:00:00,3797.4536669999998,2809.925,3140.411999,2609.8813330000003
2023-03-11 01:00:00,3493.840333,2539.864334,2814.7576660000004,2414.071668
2023-03-11 02:00:00,3286.241666,2394.084667,2562.254,2187.653334
2023-03-11 03:00:00,3224.9379989999998,2306.924667,2442.5359989999997,2127.9716660000004
2023-03-11 04:00:00,3135.951332,2273.793666,2332.141668,2042.5936660000002
2023-03-11 05:00:00,3220.716,2291.3840010000004,2336.394332,2103.544001
2023-03-11 06:00:00,3350.3056659999997,2393.4386670000004,2472.512001,2204.340666
2023-03-11 07:00:00,3669.2309999999998,2700.493667,2759.875669,2348.894332
2023-03-11 08:00:00,4010.358667,3019.018,3123.205,2706.420668
2023-03-11 09:00:00,4470.661,3349.4300000000003,3439.483333,3036.2463340000004
2023-03-11 10:00:00,4585.9279989999995,3450.6946660000003,3629.290333,3113.6076679999996
2023-03-11 11:00:00,4490.285333,3431.321,3818.071667,3155.4856670000004
2023-03-11 12:00:00,4398.068,3417.8059999999996,3783.485001,3029.906333
2023-03-11 13:00:00,4315.949333,3262.146,3681.160333,2885.5339999999997
2023-03-11 14:00:00,4083.329334,3126.397667,3498.595332,2803.943667
2023-03-11 15:00:00,3902.4199989999997,3028.14,3337.009999,2710.233333
2023-03-11 16:00:00,3924.686001,2988.508,3242.518999,2714.406336
2023-03-11 17:00:00,3937.296332,3001.0060000000003,3311.155,2692.205336
2023-03-11 18:00:00,4055.697,3144.0119999999997,3438.9646679999996,2874.255
2023-03-11 19:00:00,4399.787,3325.904667,3659.5553330000002,3204.461332
2023-03-11 20:00:00,4429.748335,3324.777334,3713.092665,3200.670665
2023-03-11 21:00:00,4401.017666,3311.1906660000004,3679.3790010000002,3109.319
2023-03-11 22:00:00,4257.162668,3265.1746669999998,3402.9236659999997,2958.8383310000004
2023-03-11 23:00:00,4064.998335,2985.2349999999997,3334.1369999999997,2794.234333
2023-03-12 00:00:00,3851.965,2761.972667,3049.369,2528.651
2023-03-12 01:00:00,3539.008999,2548.755667,2703.344333,2331.071333
2023-03-12 02:00:00,3440.7121655,2494.708,2610.5434995,2263.2415
2023-03-12 03:00:00,3342.4153319999996,2440.6603330000003,2517.742666,2195.411667
2023-03-12 04:00:00,3336.1580010000002,2427.5013329999997,2438.4219999999996,2099.849
2023-03-12 05:00:00,3374.0336660000003,2469.322333,2463.7333329999997,2127.931666
2023-03-12 06:00:00,3447.5373329999998,2532.348,2534.6733329999997,2188.6113339999997
2023-03-12 07:00:00,3577.4366660000005,2613.1319999999996,2589.492,2257.807
2023-03-12 08:00:00,3916.3883330000003,2833.037333,2854.181667,2487.2523330000004
2023-03-12 09:00:00,4255.073333,3177.219,3198.8320000000003,2827.336666
2023-03-12 10:00:00,4588.969333999999,3392.527667,3443.375333,3085.654001
2023-03-12 11:00:00,4829.338667,3645.378,3781.2553330000005,3209.725335
2023-03-12 12:00:00,4971.446999,3787.788667,4064.071333,3453.000999
2023-03-12 13:00:00,5115.122666,3762.218,4183.077333,3561.501335
2023-03-12 14:00:00,4927.947334,3806.6850000000004,4113.697667,3522.583334
2023-03-12 15:00:00,4944.659667,3802.972,4134.0740000000005,3396.907334
2023-03-12 16:00:00,4940.042667,3807.791,4165.575000000001,3504.875333
2023-03-12 17:00:00,4999.303667,3787.555,4219.787333,3484.402998
2023-03-12 18:00:00,5022.749667,3839.312,4228.098333,3488.7373340000004
2023-03-12 19:00:00,5066.211001,3872.6769999999997,4192.382333,3470.8140000000003
2023-03-12 20:00:00,5186.795667,4001.268,4293.297667000001,3661.908331
2023-03-12 21:00:00,4999.1999989999995,3905.446,4125.723333,3669.7926669999997
2023-03-12 22:00:00,4786.862668,3621.285,3947.7543330000003,3405.552
2023-03-12 23:00:00,4270.030667,3193.2650000000003,3450.278333,2984.638333
2023-03-13 00:00:00,3840.313666,2782.1440000000002,3120.377,2547.796001
2023-03-13 01:00:00,3421.401667,2431.0060000000003,2702.343,2210.571167
2023-03-13 02:00:00,3158.769667,2234.8199999999997,2401.321,1995.3070010000001
2023-03-13 03:00:00,2998.663333,2153.1,2305.120333,1847.9315000000001
2023-03-13 04:00:00,2909.014,2157.46,2233.1753329999997,1828.347332
2023-03-13 05:00:00,2966.9916670000002,2198.672,2292.776667,1908.384501
2023-03-13 06:00:00,3220.6040000000003,2448.133,2458.448667,2086.0843330000002
2023-03-13 07:00:00,3522.2466670000003,2662.322,2715.2926669999997,2321.357
2023-03-13 08:00:00,3766.065333,2799.683,2925.9863330000003,2493.1594999999998
2023-03-13 09:00:00,3820.545666,2861.431,2949.343667,2543.4460010000003
2023-03-13 10:00:00,3795.282333,2913.866,3149.727,2735.5045
2023-03-13 11:00:00,3951.651667,3000.6620000000003,3271.421,2872.763668
2023-03-13 12:00:00,4170.369333000001,3105.5703329999997,3459.281666,2967.050999
2023-03-13 13:00:00,4275.608667,3245.0096670000003,3599.859333,3071.3464989999998
2023-03-13 14:00:00,4336.529334,3246.839333,3587.101333,3082.289667
2023-03-13 15:00:00,4414.780667000001,3339.1530000000002,3577.595333,3025.621
2023-03-13 16:00:00,4514.390667,3465.259333,3751.998333,3170.0608329999995
2023-03-13 17:00:00,4778.836666000001,3639.920334,4106.679,3331.3770000000004
2023-03-13 18:00:00,5029.231,3845.718333,4104.567,3484.279834
2023-03-13 19:00:00,5094.509,3890.441667,4287.858,3610.927501
2023-03-13 20:00:00,5263.962667,4068.133,4480.974333,3773.0318319999997
2023-03-13 21:00:00,5276.734334000001,4070.3253330000002,4278.281,3784.683501
2023-03-13 22:00:00,4999.9216670000005,3803.181,4040.021667,3567.294
2023-03-13 23:00:00,4649.444334,3296.808,3759.245667,3169.330833
2023-03-14 00:00:00,4052.0176659999997,2928.153333,3317.1666670000004,2716.028166
2023-03-14 01:00:00,3707.166333,2635.741333,2935.3733329999995,2462.267668
2023-03-14 02:00:00,3406.1189999999997,2474.768,2708.518333,2297.416334
2023-03-14 03:00:00,3325.682,2432.377,2608.433,2170.933333
2023-03-14 04:00:00,3238.674667,2411.979,2521.437333,2133.043334
2023-03-14 05:00:00,3401.879333,2473.654,2613.867,2178.781333
2023-03-14 06:00:00,3647.050334,2712.6270000000004,2860.0559999999996,2335.865667
2023-03-14 07:00:00,4108.414667,3024.798,3130.2506670000002,2655.2033340000003
2023-03-14 08:00:00,4468.402334,3275.419,3467.087667,2933.648333
2023-03-14 09:00:00,4523.340333,3306.987,3386.156666,2932.053
2023-03-14 10:00:00,4223.736666,3175.264,3235.497,2845.2119989999997
2023-03-14 11:00:00,4015.3156660000004,3013.2309999999998,3202.38,2794.080668
2023-03-14 12:00:00,3902.581667,3006.276,3125.7709999999997,2704.6543330000004
2023-03-14 13:00:00,3847.731334,2736.543667,2954.584667,2638.452
2023-03-14 14:00:00,3679.1743319999996,2672.552333,2901.001333,2516.823
2023-03-14 15:00:00,3473.875333,2551.121333,2794.9213330000002,2413.5576659999997
2023-03-14 16:00:00,3575.420999,2537.585333,2908.137333,2472.332334
2023-03-14 17:00:00,3675.225,2628.733,3080.5193329999997,2573.008001
2023-03-14 18:00:00,3913.864001,2921.3529999999996,3316.5056670000004,2805.212667
2023-03-14 19:00:00,4059.6116660000002,3117.4390000000003,3526.6406669999997,3000.210333
2023-03-14 20:00:00,4394.552333,3356.295333,3654.651667,3265.401001
2023-03-14 21:00:00,4497.441000000001,3354.380667,3701.760334,3276.880999
2023-03-14 22:00:00,4277.191667,3193.5416670000004,3559.2523330000004,3148.7233340000002
2023-03-14 23:00:00,4025.8543329999998,2976.115333,3209.800666,2808.347001
2023-03-15 00:00:00,3594.9393330000003,2648.501,2843.709,2477.138667
2023-03-15 01:00:00,3288.3299989999996,2377.876667,2515.588667,2197.8176670000003
2023-03-15 02:00:00,3098.745332,2271.675,2367.4486669999997,2038.273333
2023-03-15 03:00:00,2995.769667,2188.4379999999996,2230.499333,1957.814002
2023-03-15 04:00:00,2977.752001,2185.7439999999997,2284.9800000000005,1958.6873329999999
2023-03-15 05:00:00,3065.177333,2306.265,2383.911333,2001.8226670000001
2023-03-15 06:00:00,3340.265,2522.963,2579.5346670000004,2201.693
2023-03-15 07:00:00,3656.593333,2738.9,2903.839,2492.865334
2023-03-15 08:00:00,3853.274667,2953.009,3164.737334,2697.410667
2023-03-15 09:00:00,4066.792001,3012.437333,3141.131333,2785.718
2023-03-15 10:00:00,3948.907333,3003.8176670000003,3048.501667,2841.689666
2023-03-15 11:00:00,3759.311,2807.188,3051.1323330000005,2751.281335
2023-03-15 12:00:00,3880.9793339999997,2854.365,3060.8453329999998,2678.078999
2023-03-15 13:00:00,3864.077667,2808.0,3031.478,2756.787998
2023-03-15 14:00:00,3786.210666,2742.277,2963.101667,2600.489333
2023-03-15 15:00:00,3573.040667,2691.4320000000002,2973.007333,2562.898332
2023-03-15 16:00:00,3720.0103339999996,2783.921,2943.370667,2733.780999
2023-03-15 17:00:00,3869.3400009999996,2864.3329999999996,3197.009,2803.889
2023-03-15 18:00:00,4163.432667,3053.894,3477.0243330000003,2862.790667
2023-03-15 19:00:00,4404.685333,3190.315,3646.6276669999997,3043.997332
2023-03-15 20:00:00,4612.821333,3392.3940000000002,3881.097667,3301.297999
2023-03-15 21:00:00,4703.663333,3459.577,3846.663667,3337.921332
2023-03-15 22:00:00,4574.1970010000005,3287.9049999999997,3753.186666,3130.226334
2023-03-15 23:00:00,4188.919667,2999.98,3344.895,2882.570334
2023-03-16 00:00:00,3739.888334,2717.551,3009.0736669999997,2576.522667
2023-03-16 01:00:00,3502.874667,2522.9359999999997,2744.5593339999996,2310.6110019999996
2023-03-16 02:00:00,3347.9666669999997,2422.7703330000004,2585.7866670000003,2195.124
2023-03-16 03:00:00,3354.990334,2354.071333,2491.924,2124.1909990000004
2023-03-16 04:00:00,3330.212333,2435.888,2490.663332,2183.619
2023-03-16 05:00:00,3540.4756669999997,2618.575667,2611.9086669999997,2263.200333
2023-03-16 06:00:00,3815.134667,2844.529,2863.810333,2445.998334
2023-03-16 07:00:00,4262.979,3150.306,3206.5299999999997,2809.6745010000004
2023-03-16 08:00:00,4644.2396659999995,3366.457,3549.3016669999997,3060.547668
2023-03-16 09:00:00,4572.633001,3398.0186670000003,3467.151,3091.291332
2023-03-16 10:00:00,4260.095334,3262.7746669999997,3312.594,2972.017333
2023-03-16 11:00:00,4083.212668,3021.826,3231.8283330000004,2809.8726659999998
2023-03-16 12:00:00,4033.393666,2883.348,3228.105667,2663.695334
2023-03-16 13:00:00,3817.695667,2845.8446670000003,3104.94,2571.354333
2023-03-16 14:00:00,3537.291334,2652.838667,2873.565667,2459.817
2023-03-16 15:00:00,3458.302,2549.5896669999997,2765.887667,2401.0723350000003
2023-03-16 16:00:00,3422.163667,2540.3683330000003,2821.818,2385.327001
2023-03-16 17:00:00,3549.771334,2699.016667,2951.719667,2386.604002
2023-03-16 18:00:00,3749.7216660000004,2780.2799999999997,3219.9816659999997,2612.880333
2023-03-16 19:00:00,4019.032,2961.1040000000003,3412.129333,2822.026
2023-03-16 20:00:00,4248.396333000001,3250.119,3718.1440000000002,3112.8826659999995
2023-03-16 21:00:00,4382.875,3279.8439999999996,3747.272333,3166.213334
2023-03-16 22:00:00,4252.062667,3097.5570000000002,3528.156667,2939.814001
2023-03-16 23:00:00,3860.634001,2818.343,3108.728666,2667.6949999999997
2023-03-17 00:00:00,3448.106667,2529.866,2713.720667,2403.2123330000004
2023-03-17 01:00:00,3182.4939999999997,2255.884,2457.303,2109.9449999999997
2023-03-17 02:00:00,2927.233667,2136.75,2247.6720000000005,1952.866998
2023-03-17 03:00:00,2833.654667,2091.984,2155.657999,1847.813331
2023-03-17 04:00:00,2811.168667,2063.186,2122.345666,1838.5900000000001
2023-03-17 05:00:00,2994.730999,2161.1620000000003,2145.3876659999996,1935.433332
2023-03-17 06:00:00,3211.643,2417.7780000000002,2433.4840000000004,2107.577332
2023-03-17 07:00:00,3546.8036669999997,2719.6906670000003,2759.820333,2357.466665
2023-03-17 08:00:00,3870.150667,2853.112333,3027.056666,2614.167332
2023-03-17 09:00:00,3915.1186660000003,2916.985667,3099.545333,2717.405666
2023-03-17 10:00:00,3852.583,2876.804,3050.518,2734.239166
2023-03-17 11:00:00,3800.495334,2736.1503329999996,2905.446666,2705.2423329999997
2023-03-17 12:00:00,3701.9326670000005,2669.264333,2928.450667,2572.186834
2023-03-17 13:00:00,3492.8513329999996,2547.6133330000002,2856.954334,2468.444167
2023-03-17 14:00:00,3310.43,2367.960333,2681.379667,2392.563499
2023-03-17 15:00:00,3190.489333,2324.7416670000002,2513.705667,2204.225834
2023-03-17 16:00:00,3136.259333,2346.0973329999997,2609.548,2260.566334
2023-03-17 17:00:00,3253.6999990000004,2391.888,2751.605667,2344.629501
2023-03-17 18:00:00,3486.011001,2582.2613330000004,2945.124,2464.8755
2023-03-17 19:00:00,3613.268666,2719.875333,3122.829667,2612.096667
2023-03-17 20:00:00,3766.76,2825.518333,3179.3903330000003,2638.673333
2023-03-17 21:00:00,3707.609334,2803.508,3096.678,2737.411333
2023-03-17 22:00:00,3605.883667,2635.151333,2909.772667,2594.8856669999996
2023-03-17 23:00:00,3324.566667,2505.663333,2616.915,2379.3371660000003
2023-03-18 00:00:00,3037.635667,2233.723,2422.3323330000003,2082.391833
2023-03-18 01:00:00,2758.497,2038.266,2281.0579989999997,1905.894668
2023-03-18 02:00:00,2589.979333,1922.02,2062.507333,1762.526666
2023-03-18 03:00:00,2498.561,1841.335,1925.234333,1640.812168
2023-03-18 04:00:00,2459.371666,1815.359,1893.777667,1616.509501
2023-03-18 05:00:00,2540.141667,1894.919,1922.944333,1654.7831660000002
2023-03-18 06:00:00,2692.9126670000005,2027.0569999999998,2000.075667,1791.6143330000002
2023-03-18 07:00:00,3042.365,2232.119,2195.419667,1928.240832
2023-03-18 08:00:00,3378.415,2646.2799999999997,2573.82,2261.514998
2023-03-18 09:00:00,3741.0716660000003,2943.549,2973.31,2594.0823330000003
2023-03-18 10:00:00,4008.045999,2925.068,3141.3106669999997,2730.425834
2023-03-18 11:00:00,3959.316,3039.786,3154.666,2688.9565000000002
2023-03-18 12:00:00,3864.3810000000003,2918.156,3075.84,2595.803333
2023-03-18 13:00:00,3676.2416670000002,2778.8779999999997,2960.223,2455.703499
2023-03-18 14:00:00,3406.417667,2609.053,2851.534,2334.2986680000004
2023-03-18 15:00:00,3188.661333,2397.992,2720.112333,2253.327499
2023-03-18 16:00:00,3027.9566670000004,2327.554,2600.048,2169.207834
2023-03-18 17:00:00,3027.219666,2377.416,2604.255333,2172.497668
2023-03-18 18:00:00,3048.310666,2387.049333,2622.7290000000003,2233.8096659999997
2023-03-18 19:00:00,3172.871001,2455.569333,2750.465333,2363.0725
2023-03-18 20:00:00,3311.4340009999996,2556.3630000000003,2860.8089999999997,2520.622332
2023-03-18 21:00:00,3348.660333,2558.3329999999996,2833.825667,2527.798501
2023-03-18 22:00:00,3253.044,2447.3770000000004,2710.403,2381.111
2023-03-18 23:00:00,3084.005,2278.928,2512.286333,2227.5696669999998
2023-03-19 00:00:00,2721.868,2043.576,2264.902,1927.4403340000001
2023-03-19 01:00:00,2473.238999,1763.913,1977.670333,1740.9885000000002
2023-03-19 02:00:00,2295.658667,1648.866,1755.7256670000002,1602.214003
2023-03-19 03:00:00,2112.397666,1563.661,1660.539,1481.6285
2023-03-19 04:00:00,2029.920334,1516.530333,1588.552333,1430.998501
2023-03-19 05:00:00,2009.843666,1563.784,1559.098,1447.2229989999998
2023-03-19 06:00:00,2146.3550000000005,1608.9859999999999,1602.002333,1494.657667
2023-03-19 07:00:00,2325.7743330000003,1757.758,1791.7800000000002,1609.304
2023-03-19 08:00:00,2698.790333,2100.8540000000003,2059.520334,1897.888833
2023-03-19 09:00:00,3181.481667,2425.337,2516.056667,2289.0318319999997
2023-03-19 10:00:00,3471.860334,2687.763,2809.524,2513.379834
2023-03-19 11:00:00,3622.949334,2874.842,2940.884666,2614.9850009999996
2023-03-19 12:00:00,3688.366666,2905.908,3057.842333,2658.9114990000003
2023-03-19 13:00:00,3732.877,2937.475,3149.267333,2729.578668
2023-03-19 14:00:00,3794.923,2960.200333,3128.841334,2771.9823340000003
2023-03-19 15:00:00,3702.157667,3033.8693329999996,3118.508334,2678.5908339999996
2023-03-19 16:00:00,3758.196667,2995.269,3220.2329999999997,2751.6778329999997
2023-03-19 17:00:00,3792.068667,3085.694,3248.029333,2838.254333
2023-03-19 18:00:00,4009.4526669999996,3219.124,3442.8643329999995,3039.5415009999997
2023-03-19 19:00:00,4138.573001,3286.307,3510.326,3107.013667
2023-03-19 20:00:00,4243.370667,3306.514,3570.119667,3231.858665
2023-03-19 21:00:00,4143.546999,3353.093,3470.132667,3070.95
2023-03-19 22:00:00,3979.0223349999997,3096.321,3289.675333,2823.432667
2023-03-19 23:00:00,3564.631667,2682.705,2910.4263330000003,2508.0461670000004
2023-03-20 00:00:00,3161.3269999999998,2273.2329999999997,2501.523,2212.311333
2023-03-20 01:00:00,2763.837,2015.4230000000002,2108.531,1888.050666
2023-03-20 02:00:00,2512.355,1785.309,1957.618333,1687.818001
2023-03-20 03:00:00,2368.352,1722.474,1899.8290000000002,1583.291333
2023-03-20 04:00:00,2385.5389999999998,1691.143,1803.993999,1543.861333
2023-03-20 05:00:00,2495.517,1787.147,1871.7459999999999,1616.549334
2023-03-20 06:00:00,2766.2509999999997,1991.9240000000002,2050.0860000000002,1786.5230000000001
2023-03-20 07:00:00,3160.281,2350.3636669999996,2423.181334,2137.9666660000003
2023-03-20 08:00:00,3391.0860000000002,2594.371,2766.727001,2325.1986660000002
2023-03-20 09:00:00,3490.7110000000002,2641.012667,2790.9786670000003,2419.562334
2023-03-20 10:00:00,3439.4890000000005,2610.3106669999997,2732.484333,2426.0739999999996
2023-03-20 11:00:00,3432.087,2636.5999999999995,2730.568667,2539.326
2023-03-20 12:00:00,3457.6809999999996,2615.765,2731.723667,2452.839666
2023-03-20 13:00:00,3487.623,2553.633,2848.311,2482.9566670000004
2023-03-20 14:00:00,3536.641,2519.943,2830.754,2464.8450000000003
2023-03-20 15:00:00,3530.506,2565.809,2817.755,2469.513
2023-03-20 16:00:00,3664.055,2774.249,2926.01,2650.284667
2023-03-20 17:00:00,3890.081,2929.020667,3265.366,2772.427667
2023-03-20 18:00:00,4197.469,3179.754333,3581.547,3029.904667
2023-03-20 19:00:00,4280.237,3381.431,3683.155,3111.9693340000003
2023-03-20 20:00:00,4466.983,3446.809333,3710.862,3250.4990000000003
2023-03-20 21:00:00,4380.002,3342.828,3562.265,3225.661333
2023-03-20 22:00:00,4155.856666,3117.530333,3306.66,2963.8006669999995
2023-03-20 23:00:00,3779.668001,2707.614333,2969.016,2545.444667
2023-03-21 00:00:00,3360.5643330000003,2387.267667,2593.885,2269.799999
2023-03-21 01:00:00,2981.4269990000003,2128.958,2344.820333,2007.6083340000002
2023-03-21 02:00:00,2761.797001,1979.104,2133.188333,1863.083334
2023-03-21 03:00:00,2636.3933340000003,1940.147,2053.491,1777.999833
2023-03-21 04:00:00,2598.708667,1949.013,2042.6223339999997,1756.4058329999998
2023-03-21 05:00:00,2745.681333,2063.739,2160.532667,1835.775999
2023-03-21 06:00:00,2980.3120010000002,2270.89,2374.140333,2006.206333
2023-03-21 07:00:00,3396.865667,2535.8779999999997,2695.615667,2347.571167
2023-03-21 08:00:00,3627.883334,2775.7340000000004,2949.7853330000003,2555.243499
2023-03-21 09:00:00,3777.250333,2859.1,2969.495,2626.004
2023-03-21 10:00:00,3726.5299990000003,2816.802,3020.678667,2647.568999
2023-03-21 11:00:00,3680.880333,2745.1400000000003,2974.496333,2592.692833
2023-03-21 12:00:00,3480.663334,2626.4583330000005,2811.594,2531.741332
2023-03-21 13:00:00,3332.8483340000002,2472.042333,2689.937667,2381.123333
2023-03-21 14:00:00,3127.067332,2296.714333,2628.016333,2275.8623319999997
2023-03-21 15:00:00,2978.723333,2226.679,2469.938333,2052.3633330000002
2023-03-21 16:00:00,3043.802999,2188.6513330000002,2448.320333,2162.166501
2023-03-21 17:00:00,3163.489,2383.058,2660.119334,2202.7728340000003
2023-03-21 18:00:00,3363.5540010000004,2536.7309999999998,2833.003001,2383.524834
2023-03-21 19:00:00,3507.999666,2659.2259999999997,3036.709,2619.023333
2023-03-21 20:00:00,3892.420333,2791.7443330000006,3264.158667,2807.563501
2023-03-21 21:00:00,3917.514,2961.7115000000003,3254.097667,2811.800666
2023-03-21 22:00:00,3823.548667,2743.262,3160.2529999999997,2601.858335
2023-03-21 23:00:00,3474.0383329999995,2541.5015000000003,2779.9663330000003,2392.633667
2023-03-22 00:00:00,3030.329,2184.853,2398.4880000000003,2109.720334
2023-03-22 01:00:00,2714.551333,1909.383667,2159.697667,1867.317667
2023-03-22 02:00:00,2586.763664,1854.163333,2042.068667,1741.588833
2023-03-22 03:00:00,2546.732333,1863.8306670000002,2014.918333,1671.613335
2023-03-22 04:00:00,2554.818668,1907.681,1945.078,1660.419334
2023-03-22 05:00:00,2750.656333,2031.0720000000001,2057.961333,1759.162
2023-03-22 06:00:00,3070.463,2345.821,2353.8266670000003,1953.6680000000001
2023-03-22 07:00:00,3477.0433329999996,2707.741,2658.479,2238.395001
2023-03-22 08:00:00,3788.128667,2958.0056670000004,2867.9719999999998,2526.083167
2023-03-22 09:00:00,3920.290001,3006.7889999999998,2951.8740000000003,2541.541333
2023-03-22 10:00:00,3700.939666,2753.818,2802.663667,2521.7775
2023-03-22 11:00:00,3421.692333,2604.101,2683.953333,2444.995335
2023-03-22 12:00:00,3323.4343339999996,2440.1670000000004,2636.835666,2238.398499
2023-03-22 13:00:00,3232.1566669999997,2303.2110000000002,2626.166334,2160.1863319999998
2023-03-22 14:00:00,2984.179333,2207.483,2489.296333,2041.819499
2023-03-22 15:00:00,2855.378,2171.3265,2365.705,2031.3329999999999
2023-03-22 16:00:00,2842.2103340000003,2196.8320000000003,2380.9926669999995,2102.7858319999996
2023-03-22 17:00:00,3055.655001,2256.9795,2522.413,2185.328167
2023-03-22 18:00:00,3299.4436669999996,2513.8685,2772.267333,2466.958667
2023-03-22 19:00:00,3516.655333,2646.5254999999997,3012.9426670000003,2622.769166
2023-03-22 20:00:00,3714.507333,2747.825,3198.3986670000004,2704.648
2023-03-22 21:00:00,3745.689333,2844.6349999999998,3167.8590000000004,2716.548666
2023-03-22 22:00:00,3554.252001,2714.112,2941.5463330000002,2601.739001
2023-03-22 23:00:00,3138.307667,2357.392,2558.118667,2333.880667
2023-03-23 00:00:00,2836.347334,2095.288,2341.2123330000004,2014.969
2023-03-23 01:00:00,2471.6163340000003,1861.4560000000001,2063.098334,1797.604168
2023-03-23 02:00:00,2365.479667,1676.0123330000001,1911.646667,1622.7096660000002
2023-03-23 03:00:00,2277.705002,1625.292,1800.6326669999999,1548.8565
2023-03-23 04:00:00,2260.244333,1695.187,1776.446333,1570.4769999999999
2023-03-23 05:00:00,2461.340667,1848.887667,1901.723667,1706.5945
2023-03-23 06:00:00,2722.4926670000004,2049.1363330000004,2127.300333,1839.913334
2023-03-23 07:00:00,3031.047,2361.4663330000003,2442.4489999999996,2107.852667
2023-03-23 08:00:00,3267.559666,2596.437,2659.360667,2208.219834
2023-03-23 09:00:00,3440.852668,2631.065333,2722.3,2367.594831
2023-03-23 10:00:00,3489.098667,2692.924667,2761.764,2467.1558319999995
2023-03-23 11:00:00,3561.935001,2742.419,2807.370333,2521.384666
2023-03-23 12:00:00,3589.199333,2712.150667,2950.758667,2540.006667
2023-03-23 13:00:00,3764.8630000000003,2904.3149999999996,2988.937,2631.142
2023-03-23 14:00:00,3733.241667,2765.253,2939.101334,2630.776
2023-03-23 15:00:00,3756.4053329999997,2817.951,3003.059,2650.033167
2023-03-23 16:00:00,3920.934,2971.391,3199.837333,2777.432667
2023-03-23 17:00:00,4166.752667,3280.3109999999997,3508.630667,2951.476001
2023-03-23 18:00:00,4526.49,3428.948,3771.9453329999997,3154.1991669999998
2023-03-23 19:00:00,4733.197,3509.33,3863.156,3383.2225
2023-03-23 20:00:00,4787.143,3676.4669999999996,3946.443667,3433.272333
2023-03-23 21:00:00,4808.767,3593.784,3866.696,3379.543167
2023-03-23 22:00:00,4699.655,3425.4696670000003,3608.953,3230.8720009999997
2023-03-23 23:00:00,4308.1353340000005,3118.230667,3208.7073330000003,2853.560668
2023-03-24 00:00:00,3833.083,2724.782333,2894.982,2587.370833
2023-03-24 01:00:00,3496.365668,2489.907667,2662.612,2348.738666
2023-03-24 02:00:00,3261.9616670000005,2328.0550000000003,2460.419,2174.9314990000003
2023-03-24 03:00:00,3174.726,2280.682,2383.827,2103.941499
2023-03-24 04:00:00,3146.1960000000004,2296.1003330000003,2352.941,2131.4275
2023-03-24 05:00:00,3314.419,2493.5020000000004,2435.3,2205.0480000000002
2023-03-24 06:00:00,3601.270667,2649.0973329999997,2610.627,2357.830333
2023-03-24 07:00:00,3784.659999,2892.970333,2972.354,2586.6724999999997
2023-03-24 08:00:00,4054.8259999999996,3148.534333,3197.1220000000003,2819.1220000000003
2023-03-24 09:00:00,4322.942,3237.882667,3302.394,2849.750167
2023-03-24 10:00:00,4474.091,3364.351,3508.3729999999996,3006.539667
2023-03-24 11:00:00,4576.092,3426.0873330000004,3564.873,3120.276333
2023-03-24 12:00:00,4679.879999999999,3437.067333,3710.364667,3214.687
2023-03-24 13:00:00,4623.167,3358.509333,3688.8,3211.920666
2023-03-24 14:00:00,4348.82,3236.730333,3509.2709999999997,3032.636
2023-03-24 15:00:00,4285.4580000000005,3079.371667,3416.041,2988.388667
2023-03-24 16:00:00,4338.303999,3097.054,3399.717,3038.885
2023-03-24 17:00:00,4380.601666,3224.7560000000003,3579.406,3131.641
2023-03-24 18:00:00,4696.905999999999,3511.7248339999996,3889.919,3432.823
2023-03-24 19:00:00,4894.16,3682.450834,3974.8830000000003,3465.668
2023-03-24 20:00:00,4913.08,3620.8540000000003,3909.879,3432.5820000000003
2023-03-24 21:00:00,4801.269,3539.303,3947.2639999999997,3408.19
2023-03-24 22:00:00,4650.761666,3396.522,3772.441,3203.5640000000003
2023-03-24 23:00:00,4347.546,3194.6639999999998,3426.812,2934.438
2023-03-25 00:00:00,4009.401,2883.584334,3227.684,2619.439667
2023-03-25 01:00:00,3703.1499999999996,2618.440333,2931.358,2454.456
2023-03-25 02:00:00,3483.347666,2481.635,2720.309,2278.901333
2023-03-25 03:00:00,3328.963001,2415.797,2592.063,2185.383667
2023-03-25 04:00:00,3225.122,2385.998332,2500.971,2143.849333
2023-03-25 05:00:00,3294.383,2436.475667,2494.4399999999996,2236.491667
2023-03-25 06:00:00,3420.915,2483.378667,2562.042,2283.704
2023-03-25 07:00:00,3612.072,2734.159667,2741.267,2402.9500000000003
2023-03-25 08:00:00,4032.436,3024.3230000000003,3113.932,2662.59
2023-03-25 09:00:00,4413.885,3391.398334,3471.187,2978.832
2023-03-25 10:00:00,4689.735000000001,3663.6925,3719.2110000000002,3232.245
2023-03-25 11:00:00,4883.9529999999995,3658.531,3819.6800000000003,3378.281
2023-03-25 12:00:00,4810.428,3651.1980000000003,3844.634,3326.943
2023-03-25 13:00:00,4636.699332,3552.089,3734.897,3195.358
2023-03-25 14:00:00,4413.677334,3421.656,3627.526,3063.8050000000003
2023-03-25 15:00:00,4152.464667,3290.667666,3488.3860000000004,2949.009
2023-03-25 16:00:00,4006.245,3142.418334,3456.515,2944.730333
2023-03-25 17:00:00,4058.01,3142.102,3392.3779999999997,2914.5026669999997
2023-03-25 18:00:00,4094.7999999999997,3211.0605,3408.57,2987.896667
2023-03-25 19:00:00,4347.052,3383.824667,3628.089,3170.9953330000003
2023-03-25 20:00:00,4439.438,3437.168666,3785.453,3271.510333
2023-03-25 21:00:00,4580.926,3427.759333,3788.732,3206.754
2023-03-25 22:00:00,4407.031,3286.7993340000003,3623.793,3065.783667
2023-03-25 23:00:00,4141.947,3005.610333,3277.6279999999997,2834.5879999999997
2023-03-26 00:00:00,3740.384,2705.809,3036.594,2572.248
2023-03-26 01:00:00,3471.632,2472.335333,2723.975,2338.7616669999998
2023-03-26 02:00:00,3265.432,2335.5559999999996,2512.532,2197.3849999999998
2023-03-26 03:00:00,3124.452333,2317.612333,2409.0069999999996,2056.158333
2023-03-26 04:00:00,3090.0583340000003,2266.6279999999997,2363.592333,2042.993666
2023-03-26 05:00:00,3095.093,2300.9760000000006,2378.520667,2071.649
2023-03-26 06:00:00,3224.642,2362.4486660000002,2513.500334,2157.2380000000003
2023-03-26 07:00:00,3368.841,2574.546666,2638.4930000000004,2247.264667
2023-03-26 08:00:00,3797.8559999999998,2846.104668,2894.7659999999996,2596.233
2023-03-26 09:00:00,4256.993,3291.562334,3365.991,2908.065
2023-03-26 10:00:00,4506.576,3521.580667,3663.6809999999996,3082.8329999999996
2023-03-26 11:00:00,4582.954,3505.061333,3798.895,3146.344
2023-03-26 12:00:00,4589.306,3445.757334,3797.203,3158.237
2023-03-26 13:00:00,4436.816999999999,3403.051333,3706.923,3195.5513330000003
2023-03-26 14:00:00,4367.835,3307.165,3599.98,3034.185333
2023-03-26 15:00:00,4127.281,3237.433667,3389.532,2914.415666
2023-03-26 16:00:00,4236.509,3258.3633330000002,3528.4269999999997,3067.2286679999997
2023-03-26 17:00:00,4246.6179999999995,3356.021999,3630.108,3077.007001
2023-03-26 18:00:00,4348.805,3376.3013330000003,3751.154,3214.401
2023-03-26 19:00:00,4661.276,3620.3040010000004,3905.602,3455.358
2023-03-26 20:00:00,4794.673,3615.958666,3965.0,3384.695
2023-03-26 21:00:00,4807.310332999999,3640.793334,3915.649,3342.3659999999995
2023-03-26 22:00:00,4591.091667000001,3427.268666,3813.262,3160.3050000000003
2023-03-26 23:00:00,4265.532,3119.7250000000004,3523.842,2889.767333
2023-03-27 00:00:00,3837.970666,2728.7770010000004,3074.1710000000003,2560.004333
2023-03-27 01:00:00,3482.310666,2456.5600000000004,2746.334,2368.460333
2023-03-27 02:00:00,3368.7873339999996,2355.401667,2613.944,2225.4969990000004
2023-03-27 03:00:00,3259.9813329999997,2361.0563330000004,2535.716,2142.259
2023-03-27 04:00:00,3330.689667,2442.3586670000004,2538.04,2157.166
2023-03-27 05:00:00,3495.977333,2545.830333,2664.732,2281.9550000000004
2023-03-27 06:00:00,3741.697,2819.132,2805.0609999999997,2443.535334
2023-03-27 07:00:00,4008.8650000000002,3007.351,2986.592333,2601.634667
2023-03-27 08:00:00,4273.607,3217.076666,3298.0646669999996,2782.2880000000005
2023-03-27 09:00:00,4457.906,3422.858,3391.969,3045.429001
2023-03-27 10:00:00,4457.8009999999995,3414.256333,3497.873,3057.015
2023-03-27 11:00:00,4288.415,3251.560666,3360.685,3026.880334
2023-03-27 12:00:00,4197.105,3220.3316670000004,3418.8379999999997,2949.075
2023-03-27 13:00:00,4053.507,3070.071667,3288.7059999999997,2883.6459999999997
2023-03-27 14:00:00,3969.674333,2956.144666,3174.2219999999998,2835.001333
2023-03-27 15:00:00,3928.4893330000004,2870.984,3122.022,2760.6803330000002
2023-03-27 16:00:00,3845.6040000000003,2881.924667,3232.7,2801.863
2023-03-27 17:00:00,4007.059,3064.753001,3480.781,2893.3963329999997
2023-03-27 18:00:00,4298.097,3118.9759999999997,3703.941,3110.894667
2023-03-27 19:00:00,4417.612999999999,3395.102,3913.111,3252.277
2023-03-27 20:00:00,4521.373,3505.7830000000004,3961.429,3263.864
2023-03-27 21:00:00,4416.094333,3374.062,3723.1499999999996,3263.2439999999997
2023-03-27 22:00:00,4225.074334,3041.494,3599.121,2976.7870000000003
2023-03-27 23:00:00,3867.002,2789.6676660000003,3180.54,2647.413
2023-03-28 00:00:00,3456.119,2393.726332,2831.216,2298.343
2023-03-28 01:00:00,3110.6539999999995,2192.440667,2445.071,2091.2999999999997
2023-03-28 02:00:00,2922.609334,2035.4610000000002,2287.6789999999996,1954.045
2023-03-28 03:00:00,2800.6523340000003,1983.768,2252.59,1829.237
2023-03-28 04:00:00,2717.557,1968.769334,2130.234,1799.325333
2023-03-28 05:00:00,2858.601,2092.211334,2271.7830000000004,1948.688
2023-03-28 06:00:00,3146.4260000000004,2290.004666,2449.517,2116.649334
2023-03-28 07:00:00,3282.579,2552.520666,2628.693,2248.209
2023-03-28 08:00:00,3603.764,2773.1556659999997,2796.472,2398.073
2023-03-28 09:00:00,3898.013,2944.986333,2965.525667,2575.583
2023-03-28 10:00:00,3989.012,3090.2096659999997,3188.583333,2789.986
2023-03-28 11:00:00,4111.336,3162.205333,3289.1069990000005,2964.483333
2023-03-28 12:00:00,4281.41,3238.611333,3535.651667,3018.063
2023-03-28 13:00:00,4426.361000000001,3175.4086669999997,3602.758667,3080.758
2023-03-28 14:00:00,4262.033,3161.624334,3529.376667,2984.925999
2023-03-28 15:00:00,4223.4533329999995,3207.4976669999996,3510.748333,2885.016
2023-03-28 16:00:00,4356.423667,3328.9289989999997,3525.79,2949.3779999999997
2023-03-28 17:00:00,4550.440667000001,3402.321,3771.3373330000004,3161.572333
2023-03-28 18:00:00,4765.301001,3599.718,4114.787333,3417.372667
2023-03-28 19:00:00,4934.313333,3761.738999,4173.004667,3495.6189999999997
2023-03-28 20:00:00,4899.623,3785.759999,4202.884,3506.613
2023-03-28 21:00:00,4909.052667,3727.5246669999997,3980.136667,3436.1719999999996
2023-03-28 22:00:00,4680.866333,3478.995667,3793.402667,3215.2309999999998
2023-03-28 23:00:00,4262.534,3034.905334,3393.0666659999997,2936.723
2023-03-29 00:00:00,3808.1440000000002,2670.8639999999996,3011.273334,2578.249001
2023-03-29 01:00:00,3480.694333,2477.134,2741.891667,2392.704333
2023-03-29 02:00:00,3322.3529989999997,2390.155667,2619.348,2263.9990000000003
2023-03-29 03:00:00,3234.940333,2315.9266669999997,2539.4210000000003,2140.069
2023-03-29 04:00:00,3202.279,2366.608667,2486.4390000000003,2171.614
2023-03-29 05:00:00,3358.1,2497.010001,2611.512,2219.882
2023-03-29 06:00:00,3632.4660000000003,2644.6519990000006,2706.068,2390.9809999999998
2023-03-29 07:00:00,3711.386,2872.9089999999997,2911.027333,2517.7529999999997
2023-03-29 08:00:00,4007.86,3057.7749999999996,3150.3119990000005,2660.964
2023-03-29 09:00:00,4138.3679999999995,3208.168666,3296.422666,2794.536
2023-03-29 10:00:00,4162.67,3152.014,3435.1620000000003,2801.208
2023-03-29 11:00:00,4167.119000000001,3147.076,3325.457,2856.274
2023-03-29 12:00:00,4089.268,3102.520666,3359.134,2855.224
2023-03-29 13:00:00,3995.515,2936.597999,3290.369,2770.149
2023-03-29 14:00:00,3705.2569999999996,2724.623666,3086.6580000000004,2568.076
2023-03-29 15:00:00,3421.710333,2589.848333,2873.554666,2428.2896670000005
2023-03-29 16:00:00,3441.986,2493.226,2824.864,2410.040333
2023-03-29 17:00:00,3433.459,2443.5096670000003,2928.141,2413.706
2023-03-29 18:00:00,3620.307,2558.093333,3071.654,2577.879667
2023-03-29 19:00:00,3734.4759999999997,2718.4696670000003,3254.1189999999997,2788.863667
2023-03-29 20:00:00,4011.606,2913.543334,3351.9790000000003,2897.653667
2023-03-29 21:00:00,4247.563,2960.464,3448.206,2899.271
2023-03-29 22:00:00,3992.474,2853.424,3270.419,2681.294667
2023-03-29 23:00:00,3670.4320000000002,2524.456,2941.5429999999997,2503.299
2023-03-30 00:00:00,3265.813,2248.2513339999996,2529.118,2167.5263339999997
2023-03-30 01:00:00,2903.2995,1978.484667,2219.399,1927.7983330000002
2023-03-30 02:00:00,2685.083,1947.335333,2030.7643329999996,1775.942334
2023-03-30 03:00:00,2582.668668,1824.737333,1981.546667,1688.3890000000001
2023-03-30 04:00:00,2572.678,1861.735666,1941.116333,1678.784333
2023-03-30 05:00:00,2657.26,1965.1616669999999,2045.564667,1768.2823329999999
2023-03-30 06:00:00,2903.651,2117.154333,2180.622,1936.1246669999998
2023-03-30 07:00:00,3057.259,2404.192999,2381.8360000000002,2089.520332
2023-03-30 08:00:00,3295.8050000000003,2546.194334,2562.679,2256.348334
2023-03-30 09:00:00,3521.909,2713.4309999999996,2719.6989999999996,2418.952334
2023-03-30 10:00:00,3581.593,2731.316001,2906.817,2502.281
2023-03-30 11:00:00,3748.7656669999997,2788.8823330000005,2974.127333,2578.032
2023-03-30 12:00:00,3772.455667,2836.077666,3019.658667,2569.906667
2023-03-30 13:00:00,3747.529333,2785.441332,3009.242,2619.7166660000003
2023-03-30 14:00:00,3566.100667,2693.612333,2881.434,2562.992
2023-03-30 15:00:00,3588.806667,2601.675,2795.2789999999995,2456.192
2023-03-30 16:00:00,3536.469667,2689.2583329999998,2945.0299999999997,2535.709
2023-03-30 17:00:00,3763.185333,2867.8559999999998,3246.212,2714.594
2023-03-30 18:00:00,3985.919667,3098.318,3384.9970000000003,2861.344
2023-03-30 19:00:00,4165.735667000001,3199.718667,3519.0106670000005,3004.206
2023-03-30 20:00:00,4283.543333,3341.6253340000003,3647.973,3067.565667
2023-03-30 21:00:00,4259.15,3247.262334,3523.6040000000003,3021.736333
2023-03-30 22:00:00,4139.570667,3056.070333,3338.1369999999997,2890.470667
2023-03-30 23:00:00,3794.227,2660.6403330000003,3055.554,2619.901667
2023-03-31 00:00:00,3395.018,2375.638667,2693.245,2292.258333
2023-03-31 01:00:00,3075.508668,2195.3999999999996,2384.6929999999998,2090.7659999999996
2023-03-31 02:00:00,2880.3686669999997,2067.574,2227.681,1916.073666
2023-03-31 03:00:00,2743.051,1995.6156660000001,2133.5509999999995,1889.144
2023-03-31 04:00:00,2692.5069999999996,1951.5710000000001,2066.771,1854.4270000000001
2023-03-31 05:00:00,2809.835,2094.670333,2149.8070000000002,1885.221
2023-03-31 06:00:00,3004.715,2249.977667,2283.096,2039.5519999999997
2023-03-31 07:00:00,3220.3109999999997,2437.664667,2498.568,2202.8073329999997
2023-03-31 08:00:00,3457.741,2646.0696669999998,2690.453,2295.982667
2023-03-31 09:00:00,3625.438,2857.085333,2865.0609999999997,2473.2403329999997
2023-03-31 10:00:00,3776.15,2884.177,2929.1099999999997,2549.223
2023-03-31 11:00:00,3826.499,2880.2693339999996,3090.326,2654.1890000000003
2023-03-31 12:00:00,3987.495333,3015.368334,3165.526,2716.8590000000004
2023-03-31 13:00:00,4039.37,3068.8379999999997,3256.714,2760.46
2023-03-31 14:00:00,3959.1496669999997,3003.321,3190.901,2747.043
2023-03-31 15:00:00,3941.0570000000002,3025.160667,3186.121667,2751.6139999999996
2023-03-31 16:00:00,4048.217,3015.5103339999996,3292.609,2845.02
2023-03-31 17:00:00,4198.478666999999,3096.589667,3539.9139999999998,2884.5883329999997
2023-03-31 18:00:00,4480.956,3313.904,3717.339,3146.206
2023-03-31 19:00:00,4564.298,3369.2643340000004,3738.3959999999997,3325.955
2023-03-31 20:00:00,4637.5199999999995,3349.923667,3682.752,3258.638
2023-03-31 21:00:00,4458.814,3240.4363329999996,3666.413,3154.786
2023-03-31 22:00:00,4364.398,3081.675333,3478.605,2906.7339999999995
2023-03-31 23:00:00,4031.608,2874.7839999999997,3267.379,2708.6630000000005
2023-04-01 00:00:00,3648.9019999999996,2621.012334,2988.865,2439.48
2023-04-01 01:00:00,3297.626334,2363.679333,2674.313,2250.067
2023-04-01 02:00:00,3026.1643320000003,2135.7830000000004,2454.435,2062.0420000000004
2023-04-01 03:00:00,2896.299001,2066.4049999999997,2306.446,1936.521
2023-04-01 04:00:00,2832.8720000000003,2057.279332,2190.8469999999998,1903.825
2023-04-01 05:00:00,2860.914,2052.894667,2188.703,1940.7396669999998
2023-04-01 06:00:00,2987.3089999999997,2099.264,2304.606,2021.715999
2023-04-01 07:00:00,3193.015,2267.8046670000003,2484.762667,2162.225333
2023-04-01 08:00:00,3607.982,2630.908333,2750.042667,2397.084334
2023-04-01 09:00:00,3912.213,3043.789001,3090.9530000000004,2686.525
2023-04-01 10:00:00,4150.5380000000005,3267.6003330000003,3283.494667,2880.451
2023-04-01 11:00:00,4297.698667000001,3253.003,3455.142,2907.9539999999997
2023-04-01 12:00:00,4325.661999999999,3292.993,3576.626667,3021.937333
2023-04-01 13:00:00,4371.393999999999,3274.210333,3642.298,3081.745333
2023-04-01 14:00:00,4369.261,3378.8383329999997,3566.0299999999997,3104.515333
2023-04-01 15:00:00,4229.167,3286.241333,3555.615,3007.2439999999997
2023-04-01 16:00:00,4163.834,3156.447001,3457.548,2958.0570000000002
2023-04-01 17:00:00,4157.9529999999995,3156.5070000000005,3447.1319999999996,3015.725333
2023-04-01 18:00:00,4114.839,3198.3140000000003,3431.672,3021.156
2023-04-01 19:00:00,4217.046,3245.690667,3525.522,3134.089
2023-04-01 20:00:00,4376.312,3290.169667,3593.582,3208.728666
2023-04-01 21:00:00,4520.799999999999,3292.514,3670.3460000000005,3218.184333
2023-04-01 22:00:00,4471.143,3271.481667,3538.112,3102.870334
2023-04-01 23:00:00,4189.287,3067.482333,3220.437,2914.1126670000003
2023-04-02 00:00:00,3793.4210000000003,2744.4666669999997,3042.7160000000003,2631.949334
2023-04-02 01:00:00,3502.6716669999996,2451.3983329999996,2717.728,2401.2646670000004
2023-04-02 02:00:00,3263.913,2274.616,2534.005,2165.736
2023-04-02 03:00:00,3126.583667,2265.5739999999996,2359.33,2078.909
2023-04-02 04:00:00,3075.724667,2263.5,2296.843,2011.356667
2023-04-02 05:00:00,3108.924,2234.9966670000003,2318.066,2069.617999
2023-04-02 06:00:00,3150.642,2261.423999,2385.831,2132.83
2023-04-02 07:00:00,3316.755,2422.763666,2505.6710000000003,2168.099667
2023-04-02 08:00:00,3694.536,2762.812,2844.111,2514.346333
2023-04-02 09:00:00,4104.296,3127.975667,3228.134,2879.404
2023-04-02 10:00:00,4274.614,3298.687334,3520.027,3049.469999
2023-04-02 11:00:00,4514.470000000001,3435.581333,3686.7039999999997,3167.803667
2023-04-02 12:00:00,4676.089,3632.437667,3928.709,3278.688001
2023-04-02 13:00:00,4747.474,3699.0973329999997,4038.831,3504.1516659999998
2023-04-02 14:00:00,4647.609,3658.525666,3943.777,3417.859667
2023-04-02 15:00:00,4643.67,3533.896667,3784.8459999999995,3330.5950000000003
2023-04-02 16:00:00,4601.575000000001,3636.2033330000004,3889.109,3411.295
2023-04-02 17:00:00,4521.8009999999995,3643.9799989999997,3923.699,3359.1713330000002
2023-04-02 18:00:00,4734.001,3763.559333,4024.026,3422.114667
2023-04-02 19:00:00,4908.460999999999,3824.1859999999997,4155.293,3596.4049999999997
2023-04-02 20:00:00,5077.540999999999,3956.587,4347.660667,3662.8959999999997
2023-04-02 21:00:00,5197.924,3969.933,4260.0349989999995,3777.911
2023-04-02 22:00:00,5083.659,3702.076333,4106.624,3522.7136659999996
2023-04-02 23:00:00,4588.46,3360.0820000000003,3583.2429999999995,3144.077666
2023-04-03 00:00:00,4099.605,3014.066667,3217.129,2708.783
2023-04-03 01:00:00,3748.781,2677.5919999999996,2935.444,2421.361334
2023-04-03 02:00:00,3506.444,2514.0570000000002,2699.2,2290.6310009999997
2023-04-03 03:00:00,3379.313,2416.0396659999997,2564.9979999999996,2164.873
2023-04-03 04:00:00,3320.156,2414.7746669999997,2517.422,2151.425
2023-04-03 05:00:00,3418.703,2506.052333,2599.819,2268.024667
2023-04-03 06:00:00,3694.833,2748.646,2794.1076669999998,2409.0833329999996
2023-04-03 07:00:00,4188.123,3065.1586669999997,3158.076666,2708.593333
2023-04-03 08:00:00,4419.456999999999,3266.833,3443.2076669999997,2944.393333
2023-04-03 09:00:00,4437.875333,3418.462001,3513.745,3036.893333
2023-04-03 10:00:00,4345.638000000001,3282.394333,3425.9723329999997,2929.156333
2023-04-03 11:00:00,4330.559,3166.791666,3435.690334,2971.8120010000002
2023-04-03 12:00:00,4256.804,3162.584667,3448.487667,2991.2780000000002
2023-04-03 13:00:00,4261.782,3162.806667,3436.0203330000004,3047.33
2023-04-03 14:00:00,4195.197999999999,2993.486667,3257.2923330000003,2964.1279999999997
2023-04-03 15:00:00,3990.681,2916.389333,3149.344333,2773.554334
2023-04-03 16:00:00,3982.1713330000002,2916.6259999999997,3231.349,2747.371333
2023-04-03 17:00:00,4261.874667,3113.073,3423.196667,2947.631333
2023-04-03 18:00:00,4529.3150000000005,3256.690667,3736.4853329999996,3247.702667
2023-04-03 19:00:00,4552.878,3424.012667,3800.6009999999997,3309.296667
2023-04-03 20:00:00,4772.264,3520.467667,4005.296333,3475.739334
2023-04-03 21:00:00,4871.174,3620.2169999999996,3937.956333,3451.5263330000002
2023-04-03 22:00:00,4583.519,3389.3979999999997,3684.753334,3303.954667
2023-04-03 23:00:00,4218.871999999999,2968.313,3306.258334,2832.934333
2023-04-04 00:00:00,3792.803,2643.535,2930.918333,2539.2083329999996
2023-04-04 01:00:00,3446.3430000000003,2416.683,2677.212,2306.861
2023-04-04 02:00:00,3252.033,2295.0,2505.219666,2168.756334
2023-04-04 03:00:00,3211.567,2287.411,2468.629334,2010.744667
2023-04-04 04:00:00,3168.9669999999996,2306.823,2403.772999,1992.22275
2023-04-04 05:00:00,3355.540333,2412.585,2569.1893339999997,2154.1279999999997
2023-04-04 06:00:00,3682.0110000000004,2664.3199999999997,2739.59,2341.1939999999995
2023-04-04 07:00:00,4023.4193330000003,2892.318,3087.7200000000003,2641.3
2023-04-04 08:00:00,4242.331,3122.425,3346.5510000000004,2822.8066670000003
2023-04-04 09:00:00,4236.907,3188.137,3255.592,2878.396333
2023-04-04 10:00:00,4178.595334,3123.0519999999997,3236.629,2817.927333
2023-04-04 11:00:00,4128.576,3109.486667,3318.330333,2822.650667
2023-04-04 12:00:00,4045.183667,3021.690667,3241.295,2786.637001
2023-04-04 13:00:00,3889.4246669999998,2846.142,3165.852333,2738.2
2023-04-04 14:00:00,3649.712,2729.968,3066.65,2657.009667
2023-04-04 15:00:00,3564.238,2519.696,2897.370333,2451.1700010000004
2023-04-04 16:00:00,3614.6310000000003,2597.9576660000002,2974.549,2464.823332
2023-04-04 17:00:00,3795.763,2736.09,3139.626333,2645.5893330000004
2023-04-04 18:00:00,4228.6106660000005,3063.182,3625.544333,3024.86
2023-04-04 19:00:00,4677.602,3383.1,3939.5676670000003,3308.385
2023-04-04 20:00:00,4789.166,3586.776,4030.979334,3404.928667
2023-04-04 21:00:00,4786.666,3484.345666,3893.647,3357.214999
2023-04-04 22:00:00,4520.465999999999,3309.6420009999997,3739.432,3192.9853330000005
2023-04-04 23:00:00,4136.609,2982.412166,3284.9260000000004,2841.53
2023-04-05 00:00:00,3767.346,2634.425,2962.3313340000004,2530.333
2023-04-05 01:00:00,3373.1749999999997,2378.614,2596.409667,2250.748
2023-04-05 02:00:00,3155.79,2209.1679999999997,2468.8013339999998,2096.8280000000004
2023-04-05 03:00:00,3083.435,2144.3596660000003,2366.6009999999997,2028.9366659999998
2023-04-05 04:00:00,3072.053,2199.809667,2331.5020000000004,2019.8809999999999
2023-04-05 05:00:00,3174.71,2281.741333,2479.677667,2119.2056660000003
2023-04-05 06:00:00,3433.6760000000004,2481.4339999999997,2732.949999,2303.402333
2023-04-05 07:00:00,3740.49,2855.3959999999997,2973.1360000000004,2577.8120010000002
2023-04-05 08:00:00,4104.828,3077.4610000000002,3125.0389999999998,2778.763
2023-04-05 09:00:00,4165.353,3072.834334,3122.767333,2819.126667
2023-04-05 10:00:00,3992.892,2954.087334,3075.8593339999998,2789.1653340000003
2023-04-05 11:00:00,3771.181,2795.4390000000003,2972.5643330000003,2682.582
2023-04-05 12:00:00,3673.383667,2770.513,2942.005333,2556.0190000000002
2023-04-05 13:00:00,3662.633,2635.148,2950.554333,2543.408
2023-04-05 14:00:00,3499.4880000000003,2655.601,2861.372,2460.7169999999996
2023-04-05 15:00:00,3491.6809999999996,2524.099334,2818.449667,2381.8669999999997
2023-04-05 16:00:00,3606.949,2614.335667,2903.8663340000003,2567.304
2023-04-05 17:00:00,3886.316,2797.147,3146.384666,2714.346
2023-04-05 18:00:00,4083.968,3012.645,3390.394667,2861.4779999999996
2023-04-05 19:00:00,4291.884334,3176.803,3573.6229999999996,2985.959
2023-04-05 20:00:00,4431.202,3246.436,3671.444,3117.57
2023-04-05 21:00:00,4399.333,3249.934,3634.586,3086.0203330000004
2023-04-05 22:00:00,4238.804,3031.441,3389.073667,2917.0969999999998
2023-04-05 23:00:00,3905.82,2733.047,3076.815333,2640.481667
2023-04-06 00:00:00,3423.391,2449.240667,2663.5119999999997,2270.9846660000003
2023-04-06 01:00:00,3059.507,2140.7380000000003,2346.763,2077.256
2023-04-06 02:00:00,2867.5339999999997,2008.049,2188.1310000000003,1880.7353329999999
2023-04-06 03:00:00,2783.5220000000004,1972.829333,2122.021,1788.913
2023-04-06 04:00:00,2757.0339999999997,1971.857,2040.489667,1812.365333
2023-04-06 05:00:00,2827.834,2029.815667,2160.678667,1844.947333
2023-04-06 06:00:00,3042.4776659999998,2217.498667,2354.3419999999996,2037.5059999999999
2023-04-06 07:00:00,3412.4903329999997,2547.730667,2594.63,2291.982666
2023-04-06 08:00:00,3705.257334,2747.815333,2836.0389999999998,2404.8306599999996
2023-04-06 09:00:00,3702.496001,2727.3669999999997,2859.1546670000002,2499.486
2023-04-06 10:00:00,3576.8059999999996,2703.370333,2848.411001,2562.563
2023-04-06 11:00:00,3604.844,2677.6325,2788.6306670000004,2507.866
2023-04-06 12:00:00,3677.62,2735.274,2913.1986669999997,2484.956
2023-04-06 13:00:00,3685.309,2798.3959999999997,2838.915,2555.59
2023-04-06 14:00:00,3556.889,2703.6319999999996,2756.7909999999997,2524.7870000000003
2023-04-06 15:00:00,3594.415,2713.4929999999995,2823.398,2498.136
2023-04-06 16:00:00,3691.8730000000005,2858.205,2992.642,2545.5299999999997
2023-04-06 17:00:00,4058.9880000000003,3088.112,3298.663,2838.141
2023-04-06 18:00:00,4371.162,3343.834,3695.152666,3083.996
2023-04-06 19:00:00,4504.022999999999,3384.9939999999997,3708.904667,3169.9539999999997
2023-04-06 20:00:00,4339.469,3295.8740000000003,3677.7483330000005,3178.0389999999998
2023-04-06 21:00:00,4325.321,3232.469333,3575.31,3061.977
2023-04-06 22:00:00,4002.574,2888.622667,3380.12,2841.315001
2023-04-06 23:00:00,3691.9260000000004,2604.453,2934.935,2570.838
2023-04-07 00:00:00,3310.3460000000005,2285.0303329999997,2592.8869999999997,2178.337
2023-04-07 01:00:00,2953.722,2070.964333,2253.887,1915.487
2023-04-07 02:00:00,2683.381,1856.5883330000001,2082.3289999999997,1711.946
2023-04-07 03:00:00,2583.3450000000003,1771.146334,1952.276,1604.594
2023-04-07 04:00:00,2497.11,1798.2853329999998,1903.657,1625.479
2023-04-07 05:00:00,2639.9303330000002,1848.997,1988.2600000000002,1699.697
2023-04-07 06:00:00,2817.993334,2012.787667,2151.761,1835.3719999999998
2023-04-07 07:00:00,3079.771334,2346.601333,2433.445333,2037.489
2023-04-07 08:00:00,3343.865,2531.607667,2687.8776669999997,2223.146667
2023-04-07 09:00:00,3482.6510000000003,2618.965,2729.419667,2365.8323339999997
2023-04-07 10:00:00,3316.228,2605.812,2678.448334,2351.1943330000004
2023-04-07 11:00:00,3264.9030000000002,2518.3450000000003,2654.8363339999996,2398.4210000000003
2023-04-07 12:00:00,3323.227,2633.891,2695.504333,2424.797333
2023-04-07 13:00:00,3465.339,2536.6620000000003,2801.335333,2466.292
2023-04-07 14:00:00,3435.2799999999997,2533.205,2788.7916670000004,2432.6229999999996
2023-04-07 15:00:00,3320.934,2441.3450000000003,2728.6530000000002,2418.2956670000003
2023-04-07 16:00:00,3351.533,2452.911,2724.1549999999997,2473.502333
2023-04-07 17:00:00,3632.535,2561.9700000000003,2948.753333,2548.1306670000004
2023-04-07 18:00:00,3653.3849999999998,2674.515667,3100.5519999999997,2617.195667
2023-04-07 19:00:00,3836.023,2815.904333,3115.308,2673.004667
2023-04-07 20:00:00,3902.293,2814.385333,3138.4890000000005,2734.760333
2023-04-07 21:00:00,3887.872666,2957.233,3150.64,2793.0376669999996
2023-04-07 22:00:00,3903.3996660000003,2828.6890000000003,3136.6240000000003,2634.485667
2023-04-07 23:00:00,3663.160667,2692.1306670000004,2908.7200000000003,2513.966
2023-04-08 00:00:00,3319.1949999999997,2368.4216669999996,2565.1319999999996,2287.933333
2023-04-08 01:00:00,3011.453,2138.246,2329.821,2060.1189999999997
2023-04-08 02:00:00,2782.703,1988.6483329999999,2133.465,1876.421333
2023-04-08 03:00:00,2633.7043329999997,1878.618,2025.474,1698.801
2023-04-08 04:00:00,2582.282333,1808.427,1963.110667,1676.492
2023-04-08 05:00:00,2613.469,1846.0729999999999,1943.023333,1707.606
2023-04-08 06:00:00,2707.419,1922.067,2031.3323329999998,1783.2759999999998
2023-04-08 07:00:00,2914.994,2140.187,2221.9606670000003,1982.5943329999998
2023-04-08 08:00:00,3262.6230000000005,2521.6189999999997,2567.384667,2191.480667
2023-04-08 09:00:00,3683.8109999999997,2824.107,2952.4663330000003,2459.969333
2023-04-08 10:00:00,3824.87,2962.7160000000003,3069.903666,2710.27
2023-04-08 11:00:00,3907.714,3007.865,3191.862999,2784.819
2023-04-08 12:00:00,3922.92,2947.464,3290.8143330000003,2707.5879999999997
2023-04-08 13:00:00,3731.348,2920.753,3209.46,2741.443
2023-04-08 14:00:00,3774.071,2831.967,3065.573,2699.6716669999996
2023-04-08 15:00:00,3639.202,2755.2259999999997,3050.563,2560.997667
2023-04-08 16:00:00,3639.83,2808.897,3064.427,2553.1459999999997
2023-04-08 17:00:00,3634.1219999999994,2810.1670000000004,3033.4979999999996,2574.0389999999998
2023-04-08 18:00:00,3773.056,2869.352,3185.7709999999997,2695.893
2023-04-08 19:00:00,3801.843,2955.566,3154.526667,2811.333
2023-04-08 20:00:00,3873.166,2993.9749999999995,3141.781333,2809.8940000000002
2023-04-08 21:00:00,3855.67,2957.5989999999997,3163.6059999999998,2771.117
2023-04-08 22:00:00,3733.9003329999996,2789.334,3011.4979999999996,2634.705
2023-04-08 23:00:00,3509.085333,2572.5860000000002,2823.284,2451.398
2023-04-09 00:00:00,3179.9213330000002,2287.3770000000004,2595.885,2121.829667
2023-04-09 01:00:00,2815.294,2067.068,2276.297,1861.844333
2023-04-09 02:00:00,2556.815,1868.3899999999999,2034.876,1679.716
2023-04-09 03:00:00,2441.233,1752.617,1889.1536660000002,1537.670333
2023-04-09 04:00:00,2330.666,1699.904,1805.725,1494.226667
2023-04-09 05:00:00,2348.353,1747.135,1785.456667,1523.946
2023-04-09 06:00:00,2435.754,1813.551,1878.144667,1590.4620009999999
2023-04-09 07:00:00,2626.7709999999997,1929.4739999999997,2019.6913329999998,1687.136667
2023-04-09 08:00:00,3093.447,2253.076,2364.9680000000003,2037.164
2023-04-09 09:00:00,3470.955,2676.871333,2757.647,2414.6459999999997
2023-04-09 10:00:00,3715.4259999999995,2900.9786670000003,3018.598334,2630.742
2023-04-09 11:00:00,3823.001,3043.5513330000003,3210.763666,2804.366
2023-04-09 12:00:00,4056.214,3156.9030000000002,3302.138,2902.209333
2023-04-09 13:00:00,4026.541,3194.806,3381.3329999999996,2979.241333
2023-04-09 14:00:00,3954.6730000000002,3116.181,3283.534,2846.2066670000004
2023-04-09 15:00:00,3876.083,3039.4120000000003,3199.7039999999997,2714.834
2023-04-09 16:00:00,3884.179,2949.6530000000002,3239.1440000000002,2804.809
2023-04-09 17:00:00,3854.853,2867.25,3222.447334,2842.1949999999997
2023-04-09 18:00:00,3827.682,2976.46,3283.769333,2874.3540000000003
2023-04-09 19:00:00,3941.157,3033.424,3347.746333,2957.2973329999995
2023-04-09 20:00:00,4059.6450000000004,3089.6169999999997,3350.6366669999998,2986.429
2023-04-09 21:00:00,3999.901,3090.0156669999997,3304.631999,2975.6040000000003
2023-04-09 22:00:00,3815.225,2830.777,3113.956666,2672.495
2023-04-09 23:00:00,3444.0699999999997,2519.9849999999997,2704.648667,2358.251
2023-04-10 00:00:00,3006.1620000000003,2200.625,2294.412,2090.589
2023-04-10 01:00:00,2612.952,1888.185,2013.6950000000002,1811.1223329999998
2023-04-10 02:00:00,2431.7309999999998,1710.6509999999998,1852.09,1615.815
2023-04-10 03:00:00,2322.2259999999997,1650.001,1746.383333,1510.5729999999999
2023-04-10 04:00:00,2259.7219999999998,1647.1750000000002,1748.1096670000002,1508.318999
2023-04-10 05:00:00,2398.647,1741.234,1818.617,1585.016
2023-04-10 06:00:00,2613.939,1968.3319999999999,2017.165667,1704.889
2023-04-10 07:00:00,2921.651,2194.369,2258.202,1980.392
2023-04-10 08:00:00,3133.142333,2445.181,2570.01,2179.426333
2023-04-10 09:00:00,3359.963999,2608.544,2635.106999,2314.621333
2023-04-10 10:00:00,3264.5449989999997,2608.491,2723.0260000000003,2353.740667
2023-04-10 11:00:00,3300.964,2610.751,2806.4746670000004,2433.239
2023-04-10 12:00:00,3417.175,2694.940333,2850.866,2394.217
2023-04-10 13:00:00,3525.7290000000003,2731.0103329999997,2811.4849999999997,2459.766
2023-04-10 14:00:00,3504.7446659999996,2737.2343339999998,2920.611,2553.272667
2023-04-10 15:00:00,3465.693,2629.9719999999998,2885.21,2578.9073339999995
2023-04-10 16:00:00,3702.142,2791.964667,3102.639667,2661.760333
2023-04-10 17:00:00,3948.611,3027.833,3251.945334,2755.548
2023-04-10 18:00:00,4280.05,3198.615,3709.157,3021.829667
2023-04-10 19:00:00,4464.314,3356.0119999999997,3781.690667,3139.84
2023-04-10 20:00:00,4612.8240000000005,3470.642,3800.129333,3183.21
2023-04-10 21:00:00,4483.385,3468.557,3723.196,3107.26
2023-04-10 22:00:00,4223.598,3138.5150000000003,3504.251333,2939.7019999999998
2023-04-10 23:00:00,3876.4410000000003,2815.292,3040.033667,2594.022333
2023-04-11 00:00:00,3376.554667,2411.585,2732.513,2245.357
2023-04-11 01:00:00,3044.278667,2190.188,2443.168,2067.837
2023-04-11 02:00:00,2897.092,2024.9540000000002,2209.713001,1917.268999
2023-04-11 03:00:00,2742.117,1988.4709999999998,2128.517,1785.165333
2023-04-11 04:00:00,2766.02,2037.688,2062.129334,1804.693
2023-04-11 05:00:00,2888.3320000000003,2142.8810000000003,2246.5053340000004,1871.859
2023-04-11 06:00:00,3153.3650000000002,2361.614,2437.513,2034.199
2023-04-11 07:00:00,3522.79,2695.319,2778.315,2412.005
2023-04-11 08:00:00,3766.1870000000004,2873.183,2986.2249999999995,2578.064833
2023-04-11 09:00:00,3834.665,2922.359667,2947.3450000000003,2621.6175000000003
2023-04-11 10:00:00,3756.6166670000002,2777.8156670000003,2866.7829999999994,2612.9903329999997
2023-04-11 11:00:00,3647.284,2746.956,2896.032,2631.570334
2023-04-11 12:00:00,3678.544,2724.416,2887.9629999999997,2542.268
2023-04-11 13:00:00,3576.7120000000004,2733.455667,2969.3993330000003,2538.784667
2023-04-11 14:00:00,3450.032,2638.9919999999997,2831.224667,2487.9323329999997
2023-04-11 15:00:00,3399.4790000000003,2579.888,2749.788666,2445.05
2023-04-11 16:00:00,3396.212,2500.225667,2799.884,2406.5280000000002
2023-04-11 17:00:00,3500.5429999999997,2540.619667,2928.4529999999995,2473.2323340000003
2023-04-11 18:00:00,3698.0420000000004,2778.241333,3183.8823330000005,2769.534667
2023-04-11 19:00:00,3870.177,2924.138,3434.1530000000002,2884.53
2023-04-11 20:00:00,4242.365,3106.7340000000004,3596.945,3018.91
2023-04-11 21:00:00,4350.675,3298.1755000000003,3705.6243329999998,3049.943
2023-04-11 22:00:00,4224.16,3098.836,3525.1756669999995,2881.071
2023-04-11 23:00:00,3859.0330000000004,2744.467,3045.797,2555.741
2023-04-12 00:00:00,3399.975,2380.6333329999998,2699.0649999999996,2362.280667
2023-04-12 01:00:00,3090.297,2148.8720000000003,2413.094,2074.686001
2023-04-12 02:00:00,2885.82,2015.302,2226.1763339999998,1894.3770000000002
2023-04-12 03:00:00,2801.9919999999997,2003.2620000000002,2169.237,1782.372666
2023-04-12 04:00:00,2798.594,2024.4320000000002,2161.496,1809.1599999999999
2023-04-12 05:00:00,2997.2529999999997,2201.051,2335.299,1928.4389999999999
2023-04-12 06:00:00,3277.4390000000003,2429.465333,2522.201,2152.754
2023-04-12 07:00:00,3551.381,2737.389,2888.989668,2380.0093340000003
2023-04-12 08:00:00,3900.3379999999997,2945.4783340000004,3074.2023329999997,2614.767
2023-04-12 09:00:00,4119.02,3057.9543329999997,3139.516667,2689.737
2023-04-12 10:00:00,4155.855,3125.078,3155.6946669999998,2755.708667
2023-04-12 11:00:00,4050.8730000000005,2989.462,3170.102333,2828.021333
2023-04-12 12:00:00,3998.714,3009.383,3140.067,2762.965
2023-04-12 13:00:00,3848.55,2951.396,3029.236,2668.915
2023-04-12 14:00:00,3716.935,2727.569,2981.550667,2573.717999
2023-04-12 15:00:00,3674.182,2762.274,2932.252333,2612.5029999999997
2023-04-12 16:00:00,3735.866,2805.705333,2975.8779999999997,2643.9030000000002
2023-04-12 17:00:00,3767.331,2883.1063329999997,3154.330666,2685.114
2023-04-12 18:00:00,3977.815,3015.538667,3372.092667,2821.613999
2023-04-12 19:00:00,4041.4629999999997,3156.251667,3499.568,3016.971
2023-04-12 20:00:00,4224.936,3305.4206670000003,3673.527,3093.9353330000004
2023-04-12 21:00:00,4369.207,3381.587,3687.3819999999996,3238.797001
2023-04-12 22:00:00,4231.468,3211.3379999999997,3522.347,3000.377
2023-04-12 23:00:00,3873.741,2840.325,3150.592,2627.048333
2023-04-13 00:00:00,3475.824,2508.587,2757.771,2302.948334
2023-04-13 01:00:00,3204.0969999999998,2301.973667,2556.3450000000003,2137.943667
2023-04-13 02:00:00,3023.455,2145.9903329999997,2365.807667,2005.488667
2023-04-13 03:00:00,3005.2250000000004,2157.197,2300.036666,1925.520333
2023-04-13 04:00:00,2999.152,2189.877,2281.497667,1933.062
2023-04-13 05:00:00,3216.8810000000003,2306.371,2404.2250000000004,1964.2179999999998
2023-04-13 06:00:00,3419.748,2520.473,2599.218333,2166.1009999999997
2023-04-13 07:00:00,3732.09,2841.32,2935.1330000000003,2517.141
2023-04-13 08:00:00,3931.069,2980.353,3125.0959999999995,2628.9790000000003
2023-04-13 09:00:00,3941.008,2930.049,3091.216,2634.653333
2023-04-13 10:00:00,3762.301,2774.8100000000004,2948.117667,2535.014666
2023-04-13 11:00:00,3765.013,2710.16,2832.830666,2568.591
2023-04-13 12:00:00,3726.9443330000004,2736.784,2885.410667,2569.979666
2023-04-13 13:00:00,3545.7709999999997,2704.4543329999997,2846.2380000000003,2491.522667
2023-04-13 14:00:00,3433.058,2524.885667,2772.415666,2426.1090000000004
2023-04-13 15:00:00,3252.198,2372.053667,2658.444667,2318.5663329999998
2023-04-13 16:00:00,3259.21,2419.125,2655.964,2337.937332
2023-04-13 17:00:00,3300.0730000000003,2566.87,2806.496,2417.3233330000003
2023-04-13 18:00:00,3495.085,2694.817,2976.661333,2627.996
2023-04-13 19:00:00,3694.433,2844.126667,3198.588667,2767.6009999999997
2023-04-13 20:00:00,3979.062,3007.144667,3450.473666,2917.9780010000004
2023-04-13 21:00:00,4175.367,3001.369,3478.795666,3006.965666
2023-04-13 22:00:00,4054.379,2841.0793329999997,3336.804333,2845.39
2023-04-13 23:00:00,3626.7569999999996,2558.202,3018.1766669999997,2471.7219999999998
2023-04-14 00:00:00,3233.26,2238.4146669999996,2547.346667,2127.17
2023-04-14 01:00:00,2892.182667,2025.604667,2247.190334,1914.279667
2023-04-14 02:00:00,2688.458,1870.0459999999998,2078.839,1779.9923330000001
2023-04-14 03:00:00,2661.9139999999998,1828.2923329999999,2030.467,1702.190333
2023-04-14 04:00:00,2710.3839999999996,1905.2676669999998,2014.6460000000002,1743.2869999999998
2023-04-14 05:00:00,2889.6859999999997,2072.561333,2197.742,1828.622
2023-04-14 06:00:00,3195.018,2308.295333,2382.9643340000002,1988.053
2023-04-14 07:00:00,3511.7039999999997,2741.438,2747.788001,2291.879
2023-04-14 08:00:00,3799.4010000000003,2818.143,2964.5906670000004,2544.621
2023-04-14 09:00:00,3903.626,2809.2480000000005,3018.5689999999995,2550.308
2023-04-14 10:00:00,3608.101,2700.8810000000003,2897.905667,2490.893333
2023-04-14 11:00:00,3479.603,2597.2920000000004,2737.4809999999998,2405.641333
2023-04-14 12:00:00,3362.824,2465.919,2722.6899999999996,2322.0006670000002
2023-04-14 13:00:00,3235.9130000000005,2406.473,2703.1516659999998,2196.237
2023-04-14 14:00:00,3023.058,2225.8019999999997,2550.8413339999997,2163.752
2023-04-14 15:00:00,2865.81,2124.746334,2439.282,2048.37
2023-04-14 16:00:00,2943.62,2150.408833,2444.234333,2090.433
2023-04-14 17:00:00,3069.447,2294.4894999999997,2604.739667,2247.4176669999997
2023-04-14 18:00:00,3197.024,2398.385,2700.1490009999998,2316.938
2023-04-14 19:00:00,3438.660667,2487.025,2789.2346669999997,2441.7113339999996
2023-04-14 20:00:00,3482.88,2505.666,2959.6580000000004,2548.719
2023-04-14 21:00:00,3620.0123329999997,2637.397333,3062.789334,2587.507
2023-04-14 22:00:00,3482.198333,2586.554667,2910.852667,2492.6220000000003
2023-04-14 23:00:00,3384.7090000000003,2411.895,2744.372667,2300.217
2023-04-15 00:00:00,3050.444667,2199.899,2513.8100000000004,2097.7009989999997
2023-04-15 01:00:00,2808.838,1965.3780000000002,2264.4476670000004,1887.6816669999998
2023-04-15 02:00:00,2723.505667,1848.911,2083.548,1787.1983329999998
2023-04-15 03:00:00,2618.9183329999996,1867.786,1994.0986659999999,1731.8849989999999
2023-04-15 04:00:00,2607.213,1885.873,1996.290667,1697.7969999999998
2023-04-15 05:00:00,2699.123,1973.327,1989.3880000000001,1735.562001
2023-04-15 06:00:00,2802.0960000000005,2097.41,2102.415333,1800.156
2023-04-15 07:00:00,3125.575,2355.173,2304.381333,2018.3593329999999
2023-04-15 08:00:00,3473.4840000000004,2619.961,2644.1140000000005,2268.308
2023-04-15 09:00:00,3707.527,2922.0910000000003,2865.9713330000004,2423.133
2023-04-15 10:00:00,3748.8320000000003,2897.791,3021.262332,2604.255
2023-04-15 11:00:00,3861.837,2950.37,3187.217332,2656.938
2023-04-15 12:00:00,3958.799,2969.74,3234.282332,2747.393
2023-04-15 13:00:00,3744.75,2885.944,3170.173,2646.081
2023-04-15 14:00:00,3691.142,2742.9979999999996,3070.769,2530.332
2023-04-15 15:00:00,3519.349,2686.5739999999996,2985.676,2406.165666
2023-04-15 16:00:00,3348.0339999999997,2563.1279999999997,2770.0640000000003,2306.2319989999996
2023-04-15 17:00:00,3318.2290000000003,2515.052,2801.4946660000005,2313.727333
2023-04-15 18:00:00,3367.195,2540.413,2875.424001,2445.351667
2023-04-15 19:00:00,3427.536,2647.699,3036.277,2582.5843339999997
2023-04-15 20:00:00,3619.4210000000003,2725.6009999999997,3020.849,2600.2780000000002
2023-04-15 21:00:00,3562.619,2692.1503329999996,3119.847,2622.984
2023-04-15 22:00:00,3519.832,2573.2653330000003,2949.483334,2444.65
2023-04-15 23:00:00,3198.549666,2336.4399999999996,2662.251666,2246.645
2023-04-16 00:00:00,2922.306333,2141.001667,2378.068,2034.554
2023-04-16 01:00:00,2701.4120000000003,1915.9180000000001,2148.708,1854.8653319999999
2023-04-16 02:00:00,2501.491,1773.045333,1952.816,1709.4756670000002
2023-04-16 03:00:00,2318.852,1715.0230000000001,1880.734999,1573.786333
2023-04-16 04:00:00,2303.8959999999997,1653.3996670000001,1765.460333,1505.365667
2023-04-16 05:00:00,2279.118,1661.661665,1780.7230009999998,1511.458
2023-04-16 06:00:00,2359.978,1729.310333,1791.735667,1564.0183339999999
2023-04-16 07:00:00,2585.2529999999997,1878.7473330000003,2006.984667,1681.897999
2023-04-16 08:00:00,2915.807,2209.665667,2282.5086659999997,2004.5273339999999
2023-04-16 09:00:00,3254.093,2569.0203330000004,2658.297,2308.135666
2023-04-16 10:00:00,3589.5209999999997,2815.716333,2950.553333,2433.2666670000003
2023-04-16 11:00:00,3856.96,3043.737666,3142.501,2591.884999
2023-04-16 12:00:00,4099.9490000000005,3274.697001,3320.594,2729.202
2023-04-16 13:00:00,4112.217,3303.22,3277.7143330000004,2845.6320000000005
2023-04-16 14:00:00,3907.5769999999998,3103.428,3317.531333,2851.319
2023-04-16 15:00:00,3861.9610000000002,3092.635,3272.045333,2790.534333
2023-04-16 16:00:00,3827.264,3175.056,3267.930334,2797.729667
2023-04-16 17:00:00,3942.349,3129.56,3274.3936679999997,2883.564666
2023-04-16 18:00:00,4106.219999999999,3118.3019999999997,3346.816001,2953.768
2023-04-16 19:00:00,4172.425,3286.994,3432.7563330000003,2928.62
2023-04-16 20:00:00,4323.0470000000005,3311.6859999999997,3570.445,3059.1153329999997
2023-04-16 21:00:00,4402.974,3427.504,3664.612332,3106.871333
2023-04-16 22:00:00,4264.174,3207.401667,3537.675,3020.251
2023-04-16 23:00:00,3878.666,2870.0970000000007,3179.028666,2674.125
2023-04-17 00:00:00,3473.882667,2442.223,2703.020334,2264.7659999999996
2023-04-17 01:00:00,3124.271334,2208.898,2353.655333,2045.7283329999998
2023-04-17 02:00:00,2854.7999999999997,2033.6583330000003,2142.925,1871.85
2023-04-17 03:00:00,2740.259,1969.449,2107.107,1832.328333
2023-04-17 04:00:00,2772.067,1960.577666,2093.469,1795.720666
2023-04-17 05:00:00,2854.611,2054.8696659999996,2222.1059999999998,1844.096
2023-04-17 06:00:00,3133.187,2307.543,2453.4449999999997,2061.9993329999998
2023-04-17 07:00:00,3477.379,2658.914333,2811.470333,2366.6090000000004
2023-04-17 08:00:00,3715.869,2784.320333,2948.661332,2441.870667
2023-04-17 09:00:00,3577.227667,2837.499,2878.154334,2507.589666
2023-04-17 10:00:00,3320.290667,2749.6543330000004,2789.807,2410.4660000000003
2023-04-17 11:00:00,3343.302,2582.87,2829.8593330000003,2415.3106669999997
2023-04-17 12:00:00,3518.6603330000003,2731.8775,2853.0,2449.642333
2023-04-17 13:00:00,3610.281667,2801.343,3050.4483330000003,2605.6216670000003
2023-04-17 14:00:00,3720.2763330000002,2737.348667,3140.148,2602.255334
2023-04-17 15:00:00,3680.71,2797.102,3062.202,2527.0316679999996
2023-04-17 16:00:00,3640.608,2810.6169999999997,2991.757,2562.886333
2023-04-17 17:00:00,3884.6760000000004,2958.416,3183.4586670000003,2683.303
2023-04-17 18:00:00,4173.031,3172.78,3476.082,3002.641667
2023-04-17 19:00:00,4359.146,3384.051,3728.508667,3218.441
2023-04-17 20:00:00,4550.866,3375.906,3772.899,3227.852333
2023-04-17 21:00:00,4593.316000000001,3432.044,3832.0670000000005,3206.219333
2023-04-17 22:00:00,4415.727000000001,3223.632,3613.336333,3091.421666
2023-04-17 23:00:00,4068.461334,2884.367,3264.662667,2733.3833329999998
2023-04-18 00:00:00,3670.169,2594.266,2867.470001,2370.068667
2023-04-18 01:00:00,3302.609,2381.59,2576.554667,2158.435668
2023-04-18 02:00:00,3137.036,2254.3770000000004,2380.057667,2069.569666
2023-04-18 03:00:00,3020.1279999999997,2210.875999,2280.0416670000004,1957.9433330000002
2023-04-18 04:00:00,3030.7039999999997,2223.7656669999997,2249.596001,1954.843667
2023-04-18 05:00:00,3074.986,2280.428667,2348.1743340000003,2048.268
2023-04-18 06:00:00,3374.5966670000003,2492.806,2554.4893329999995,2215.593667
2023-04-18 07:00:00,3663.624,2838.732,2893.754667,2530.928
2023-04-18 08:00:00,3968.3900000000003,2988.386001,3151.6093330000003,2661.112
2023-04-18 09:00:00,3952.83,2998.589667,3165.329334,2737.400667
2023-04-18 10:00:00,3884.228,2945.805667,3116.898667,2591.995
2023-04-18 11:00:00,3798.6,2823.004,3027.501666,2572.3166659999997
2023-04-18 12:00:00,3721.053,2785.7909999999997,3110.0646670000006,2578.275667
2023-04-18 13:00:00,3611.2039999999997,2733.623,2941.346001,2525.498334
2023-04-18 14:00:00,3517.726,2690.612,2889.451,2565.852
2023-04-18 15:00:00,3504.468,2745.848,2850.2619999999997,2561.661
2023-04-18 16:00:00,3686.732,2873.24,2954.389,2684.639
2023-04-18 17:00:00,3914.165,2960.8655,3199.9629999999997,2820.2110000000002
2023-04-18 18:00:00,4347.903,3190.636,3545.678,3041.615
2023-04-18 19:00:00,4604.493,3388.1485000000002,3780.991333,3199.108
2023-04-18 20:00:00,4728.569,3490.4725,4014.8356670000003,3302.617
2023-04-18 21:00:00,4629.967,3372.1505,3911.169,3229.282
2023-04-18 22:00:00,4446.593,3208.683,3536.7610000000004,3007.419
2023-04-18 23:00:00,4059.4269999999997,2881.464,3175.7079999999996,2680.843667
2023-04-19 00:00:00,3545.29,2516.161,2743.105,2360.6533339999996
2023-04-19 01:00:00,3287.048,2257.343,2422.598,2158.448332
2023-04-19 02:00:00,3050.7129999999997,2087.093,2252.763,1994.0606669999997
2023-04-19 03:00:00,2909.044,2037.868667,2207.655667,1919.8136670000001
2023-04-19 04:00:00,2921.371,2082.1213340000004,2200.462,1891.098
2023-04-19 05:00:00,3030.2160000000003,2189.9246669999998,2278.925667,1967.692334
2023-04-19 06:00:00,3222.041,2410.862333,2520.284334,2184.995333
2023-04-19 07:00:00,3599.771,2728.575333,2850.946332,2428.246001
2023-04-19 08:00:00,3845.568,2840.573333,3108.326333,2544.7509999999997
2023-04-19 09:00:00,3918.787333,2983.9700000000003,3091.973,2647.3940000000002
2023-04-19 10:00:00,3893.580333,2930.702,3044.688,2611.000333
2023-04-19 11:00:00,3849.7813340000002,2835.253,3044.142,2604.003667
2023-04-19 12:00:00,3910.093333,2884.2929999999997,3074.919667,2645.7926669999997
2023-04-19 13:00:00,3822.52,2887.5460000000003,3161.3563320000003,2581.067
2023-04-19 14:00:00,3801.563,2708.308,3018.612999,2533.792
2023-04-19 15:00:00,3707.782,2663.0689999999995,2949.6156649999994,2540.935
2023-04-19 16:00:00,3843.8720000000003,2832.768,3139.932001,2774.8576669999998
2023-04-19 17:00:00,4016.042,2929.1800000000003,3269.502,2803.057667
2023-04-19 18:00:00,4177.095,3093.312,3453.806999,2939.196
2023-04-19 19:00:00,4318.1939999999995,3167.911,3520.543666,3095.51
2023-04-19 20:00:00,4537.659,3248.844,3709.554,3157.725
2023-04-19 21:00:00,4627.144,3395.1760000000004,3776.207,3162.4930000000004
2023-04-19 22:00:00,4357.675,3314.4953330000003,3634.532,3019.553
2023-04-19 23:00:00,4079.9489999999996,3053.4026670000003,3263.096333,2686.8509999999997
2023-04-20 00:00:00,3649.02,2718.2209999999995,2922.9030000000002,2384.4660000000003
2023-04-20 01:00:00,3291.948,2439.4093330000005,2601.333667,2201.481
2023-04-20 02:00:00,3131.549,2300.6673330000003,2410.933334,2099.226
2023-04-20 03:00:00,3085.626,2297.405,2359.692666,2002.880667
2023-04-20 04:00:00,3199.104,2345.068,2391.474,2008.604667
2023-04-20 05:00:00,3277.526,2451.647,2491.959667,2130.2740000000003
2023-04-20 06:00:00,3589.523,2680.385,2724.17,2301.541
2023-04-20 07:00:00,3922.421,3088.565,3116.434,2613.7740000000003
2023-04-20 08:00:00,4186.072,3200.013,3194.069,2765.3869999999997
2023-04-20 09:00:00,4172.273999999999,3088.225,3152.846,2767.267
2023-04-20 10:00:00,3983.7360000000003,3080.143,3166.273333,2752.7889999999998
2023-04-20 11:00:00,3975.7000000000003,3006.706,3099.540667,2726.673667
2023-04-20 12:00:00,4116.474,3003.987,3156.594,2752.6706660000004
2023-04-20 13:00:00,3934.284,3029.495,3224.270667,2801.785
2023-04-20 14:00:00,4011.953333,2957.8450000000003,3163.2656669999997,2767.733
2023-04-20 15:00:00,4058.036,2959.695333,3227.701666,2782.786
2023-04-20 16:00:00,4312.178,3043.859333,3309.095666,2907.091
2023-04-20 17:00:00,4446.361333000001,3269.626333,3570.34,3104.476
2023-04-20 18:00:00,4697.26,3552.759,3793.090999,3245.55
2023-04-20 19:00:00,4829.135332999999,3587.792333,3958.3126669999997,3374.530666
2023-04-20 20:00:00,4865.126333,3680.241334,3919.4250009999996,3408.1033319999997
2023-04-20 21:00:00,4781.954333,3525.998666,3950.994332,3314.5466669999996
2023-04-20 22:00:00,4385.801333,3211.441667,3508.164667,3044.399
2023-04-20 23:00:00,3943.816,2837.5223330000003,3121.052667,2787.7039999999997
2023-04-21 00:00:00,3523.856,2482.503667,2783.3053339999997,2426.478666
2023-04-21 01:00:00,3177.338667,2225.456333,2425.509999,2152.350666
2023-04-21 02:00:00,2930.636,2033.664333,2211.208667,1980.688
2023-04-21 03:00:00,2784.027333,1984.603333,2106.2683340000003,1819.575667
2023-04-21 04:00:00,2703.1760000000004,1933.622667,2042.938667,1768.5349999999999
2023-04-21 05:00:00,2829.8779999999997,2012.409667,2094.7383330000002,1829.590666
2023-04-21 06:00:00,3097.1440000000002,2257.649,2316.3176670000003,1986.319
2023-04-21 07:00:00,3355.409,2572.209333,2616.6873330000003,2292.347334
2023-04-21 08:00:00,3634.239,2695.284667,2840.8563329999997,2460.360667
2023-04-21 09:00:00,3570.76,2736.48,2825.4173339999998,2519.585
2023-04-21 10:00:00,3462.5793329999997,2642.0510000000004,2784.876666,2443.6040000000003
2023-04-21 11:00:00,3468.5056670000004,2534.125,2693.409333,2401.671999
2023-04-21 12:00:00,3513.7749999999996,2493.964,2742.584,2369.2799999999997
2023-04-21 13:00:00,3304.205333,2394.331,2629.4973330000003,2313.898
2023-04-21 14:00:00,3099.92,2380.3669999999997,2600.664334,2205.705
2023-04-21 15:00:00,3167.137667,2319.992,2527.946,2263.044
2023-04-21 16:00:00,3273.1189999999997,2369.1440000000002,2560.097332,2335.608
2023-04-21 17:00:00,3388.6179999999995,2544.1730000000002,2828.8413339999997,2402.3303339999998
2023-04-21 18:00:00,3617.575,2720.9809999999998,2983.033001,2503.902
2023-04-21 19:00:00,3631.3770000000004,2748.024,3082.012667,2588.081
2023-04-21 20:00:00,3691.411,2709.9613340000005,3035.185333,2606.976
2023-04-21 21:00:00,3777.9840000000004,2691.858332,3130.914001,2680.767
2023-04-21 22:00:00,3598.1859999999997,2668.5096670000003,2978.4353340000002,2538.361
2023-04-21 23:00:00,3357.9486669999997,2428.475333,2726.4086660000003,2287.192333
2023-04-22 00:00:00,2988.906667,2194.6396670000004,2455.479,2044.192
2023-04-22 01:00:00,2646.6190000000006,1903.648,2141.4266660000003,1777.9920000000002
2023-04-22 02:00:00,2499.835666,1796.3490000000002,1958.577667,1669.832333
2023-04-22 03:00:00,2360.3370000000004,1719.858,1802.950667,1526.444667
2023-04-22 04:00:00,2297.8163329999998,1629.5263340000001,1750.951,1469.267
2023-04-22 05:00:00,2364.098667,1615.058333,1786.202667,1477.599334
2023-04-22 06:00:00,2521.047333,1771.271,1807.351999,1585.478667
2023-04-22 07:00:00,2689.648,1892.525333,2044.414667,1775.326333
2023-04-22 08:00:00,2945.651,2184.438333,2303.1153329999997,1948.27
2023-04-22 09:00:00,3288.927,2508.9066669999997,2620.404667,2241.165
2023-04-22 10:00:00,3520.137,2785.2799999999997,2844.5686669999996,2440.042333
2023-04-22 11:00:00,3548.265,2792.428,2927.074665,2479.633667
2023-04-22 12:00:00,3494.681,2697.514,2992.408999,2447.379
2023-04-22 13:00:00,3392.0209999999997,2573.654667,2888.843667,2303.207334
2023-04-22 14:00:00,3186.012,2462.054,2717.8436659999998,2245.6406669999997
2023-04-22 15:00:00,3091.951,2452.170999,2665.736667,2152.562
2023-04-22 16:00:00,3040.395,2306.681333,2565.875,2133.684
2023-04-22 17:00:00,3033.5400000000004,2327.387,2613.723667,2184.9
2023-04-22 18:00:00,3049.813333,2400.366333,2678.507,2200.3003329999997
2023-04-22 19:00:00,3009.5816670000004,2404.895667,2659.759,2213.955333
2023-04-22 20:00:00,3141.032,2348.630667,2682.145333,2218.451
2023-04-22 21:00:00,3212.58,2408.416333,2638.184333,2243.662333
2023-04-22 22:00:00,3100.215,2265.460999,2523.1899999999996,2164.225
2023-04-22 23:00:00,2892.3959999999997,2084.568667,2390.998667,2014.213
2023-04-23 00:00:00,2550.117,1798.670333,2114.2016670000003,1725.101
2023-04-23 01:00:00,2275.4213330000002,1581.29,1827.447,1569.692
2023-04-23 02:00:00,2041.2200010000001,1438.1186659999998,1632.376999,1436.9160000000002
2023-04-23 03:00:00,1905.355667,1329.279334,1522.762667,1302.489
2023-04-23 04:00:00,1840.9320000000002,1322.19,1444.059,1245.6129999999998
2023-04-23 05:00:00,1802.868,1330.786999,1426.2900009999998,1255.927
2023-04-23 06:00:00,1894.6190000000001,1351.2820000000002,1502.2230020000002,1296.1570000000002
2023-04-23 07:00:00,2110.727,1514.263666,1656.105666,1399.394
2023-04-23 08:00:00,2468.652,1815.8040010000002,1865.9230000000002,1680.549
2023-04-23 09:00:00,2796.858,2192.6403339999997,2333.017,2011.21
2023-04-23 10:00:00,3125.0069999999996,2458.971333,2622.813999,2199.725
2023-04-23 11:00:00,3375.822,2697.931666,2815.187,2379.14
2023-04-23 12:00:00,3623.6139999999996,2834.409335,3039.400667,2505.622
2023-04-23 13:00:00,3638.123,2978.7870000000003,3040.698,2665.364
2023-04-23 14:00:00,3529.6910000000003,2856.6949999999997,3097.614,2575.052
2023-04-23 15:00:00,3445.188,2826.363,2997.806,2601.105
2023-04-23 16:00:00,3617.928,2816.3109999999997,3017.709,2555.496333
2023-04-23 17:00:00,3640.2,2914.317999,3073.379667,2621.607
2023-04-23 18:00:00,3819.259,3049.857,3251.462667,2760.942
2023-04-23 19:00:00,3806.624,3080.398,3312.6273330000004,2739.4219999999996
2023-04-23 20:00:00,3901.897,3138.3626670000003,3299.6150000000002,2816.113
2023-04-23 21:00:00,4044.609,3048.9314999999997,3267.487666,2828.342667
2023-04-23 22:00:00,3854.3250000000003,2917.6474999999996,3157.3203329999997,2541.494334
2023-04-23 23:00:00,3412.1910000000003,2581.1440000000002,2806.956,2371.343667
2023-04-24 00:00:00,3055.823,2250.266,2405.1939999999995,2031.895
2023-04-24 01:00:00,2683.925666,1906.035333,2128.782333,1716.147
2023-04-24 02:00:00,2484.2100010000004,1751.4983339999999,1914.706667,1580.323
2023-04-24 03:00:00,2371.213334,1716.747334,1790.909,1516.983
2023-04-24 04:00:00,2338.763333,1708.2173320000002,1739.565,1499.026
2023-04-24 05:00:00,2444.4629999999997,1825.333333,1820.818,1580.8783329999999
2023-04-24 06:00:00,2754.794,1987.589,2008.252335,1748.8773339999998
2023-04-24 07:00:00,3057.62,2349.1223330000003,2356.120333,2002.844666
2023-04-24 08:00:00,3236.272,2515.5513330000003,2579.373667,2262.121
2023-04-24 09:00:00,3316.8990000000003,2555.3410000000003,2620.642,2251.1463329999997
2023-04-24 10:00:00,3114.688,2453.705,2520.683668,2207.803667
2023-04-24 11:00:00,3031.031,2357.116,2539.3199999999997,2271.879333
2023-04-24 12:00:00,3123.158,2427.487,2572.7550009999995,2209.418666
2023-04-24 13:00:00,3041.462,2307.6650000000004,2512.699,2196.830333
2023-04-24 14:00:00,2894.364,2187.928334,2440.963335,2099.419667
2023-04-24 15:00:00,2976.322,2138.5516669999997,2494.886666,2117.867666
2023-04-24 16:00:00,3089.1679999999997,2293.575667,2595.156668,2159.602334
2023-04-24 17:00:00,3298.799333,2442.0460000000003,2787.7016670000003,2242.8163329999998
2023-04-24 18:00:00,3593.324666,2587.2799999999997,2984.059667,2477.871668
2023-04-24 19:00:00,3710.482333,2781.337,3124.17,2568.242
2023-04-24 20:00:00,3704.063,2853.16,3268.6226669999996,2667.755
2023-04-24 21:00:00,3861.6899999999996,2932.697,3312.0689999999995,2679.5240000000003
2023-04-24 22:00:00,3686.147,2752.7799999999997,3124.449333,2518.7483330000005
2023-04-24 23:00:00,3365.890667,2501.7019999999998,2656.9296670000003,2255.1620000000003
2023-04-25 00:00:00,2885.311,2110.579999,2319.184,1934.0320000000002
2023-04-25 01:00:00,2564.5953329999998,1869.569334,2063.511,1701.055
2023-04-25 02:00:00,2443.570333,1741.008335,1903.283,1552.5280000000002
2023-04-25 03:00:00,2377.839333,1713.0523309999999,1785.8259990000001,1489.16
2023-04-25 04:00:00,2356.7529999999997,1741.136667,1790.439001,1494.650667
2023-04-25 05:00:00,2506.67,1868.075667,1929.132668,1595.3246669999999
2023-04-25 06:00:00,2785.8819999999996,2121.0076670000003,2165.486,1768.148999
2023-04-25 07:00:00,3160.393,2456.0156660000002,2524.0873340000003,2130.702334
2023-04-25 08:00:00,3401.983333,2572.093667,2723.9463339999998,2292.617999
2023-04-25 09:00:00,3287.443666,2495.0423339999998,2632.6536669999996,2269.190001
2023-04-25 10:00:00,3124.26,2351.933666,2499.309333,2155.404
2023-04-25 11:00:00,3040.625333,2253.273,2431.8106669999997,2106.4296670000003
2023-04-25 12:00:00,2951.1006660000003,2188.129,2408.5516669999997,2087.711667
2023-04-25 13:00:00,2916.039667,2105.32,2372.1470010000003,2059.403667
2023-04-25 14:00:00,2795.3993339999997,2086.501,2256.291001,1933.281
2023-04-25 15:00:00,2522.281,1992.2640000000001,2219.6396680000003,1780.8519999999999
2023-04-25 16:00:00,2573.968,2008.2219999999998,2217.7560000000003,1910.176
2023-04-25 17:00:00,2754.7829999999994,2088.0240000000003,2426.606667,1960.191
2023-04-25 18:00:00,2988.439,2252.6910000000003,2575.4336670000002,2132.477
2023-04-25 19:00:00,3038.65,2290.556,2763.6639999999998,2239.5130000000004
2023-04-25 20:00:00,3273.163,2421.339,2798.1346670000003,2357.419
2023-04-25 21:00:00,3468.9759999999997,2530.229335,2908.5240000000003,2486.330667
2023-04-25 22:00:00,3322.787,2474.570669,2840.1553329999997,2425.0240000000003
2023-04-25 23:00:00,2938.647,2084.486334,2461.569334,2135.279
2023-04-26 00:00:00,2563.7960000000003,1796.2576669999999,2084.2303330000004,1831.663
2023-04-26 01:00:00,2296.8900009999998,1609.996,1824.913667,1587.997
2023-04-26 02:00:00,2092.5390009999996,1498.130667,1649.568334,1437.7723330000001
2023-04-26 03:00:00,2016.070334,1462.950667,1544.1486670000002,1311.6056669999998
2023-04-26 04:00:00,2048.17,1500.8780000000002,1592.9206669999999,1335.043334
2023-04-26 05:00:00,2189.485,1635.951,1683.114,1397.391
2023-04-26 06:00:00,2523.8540000000003,1867.132,1912.442,1553.351
2023-04-26 07:00:00,2717.125,2124.723,2171.437332,1818.597
2023-04-26 08:00:00,2971.982,2225.146333,2314.233664,2042.9650000000001
2023-04-26 09:00:00,3031.2650000000003,2217.368334,2298.6769990000003,2024.68
2023-04-26 10:00:00,2892.7839999999997,2178.090333,2291.4853329999996,1966.878
2023-04-26 11:00:00,2749.614667,2191.9880000000003,2191.047999,1858.665
2023-04-26 12:00:00,2785.892333,2063.36,2222.793666,1837.078
2023-04-26 13:00:00,2695.3940000000002,2007.0529999999999,2218.556666,1851.795
2023-04-26 14:00:00,2529.157,1989.8786670000002,2115.433999,1748.201
2023-04-26 15:00:00,2566.113,1857.035667,2010.379666,1715.248333
2023-04-26 16:00:00,2532.7219999999998,1946.922667,2130.1743340000003,1811.204334
2023-04-26 17:00:00,2695.774,2071.698333,2241.337666,1941.653334
2023-04-26 18:00:00,2908.722,2183.259,2468.849,2048.732
2023-04-26 19:00:00,2953.291,2316.24,2669.995,2166.418
2023-04-26 20:00:00,3043.6839999999997,2332.746,2762.329,2241.0689999999995
2023-04-26 21:00:00,3282.773,2421.006,2782.354,2263.076
2023-04-26 22:00:00,3096.985,2293.3963329999997,2695.978,2255.653
2023-04-26 23:00:00,2703.3610000000003,2064.155333,2295.200333,1956.977334
2023-04-27 00:00:00,2329.106,1664.074334,1949.570001,1585.348667
2023-04-27 01:00:00,1955.296334,1404.999667,1702.942,1359.562335
2023-04-27 02:00:00,1751.150667,1239.450999,1494.559666,1231.732333
2023-04-27 03:00:00,1670.0959990000001,1225.860333,1362.592333,1131.2053329999999
2023-04-27 04:00:00,1662.240667,1217.5299999999997,1352.043667,1102.264333
2023-04-27 05:00:00,1744.31,1289.676,1428.987665,1188.507333
2023-04-27 06:00:00,1958.809334,1489.829,1608.8546689999998,1371.323332
2023-04-27 07:00:00,2312.962,1728.409667,1834.079334,1600.28
2023-04-27 08:00:00,2533.3810000000003,1843.7780000000002,1945.362333,1767.3253329999998
2023-04-27 09:00:00,2560.179333,1808.038666,2016.099667,1762.837333
2023-04-27 10:00:00,2523.753334,1824.538,2025.8126670000001,1725.845333
2023-04-27 11:00:00,2456.829334,1863.6329999999998,1972.3946660000001,1720.4776660000002
2023-04-27 12:00:00,2426.531667,1888.335,2016.773001,1679.44
2023-04-27 13:00:00,2394.172667,1877.2889999999998,2073.249667,1685.05
2023-04-27 14:00:00,2352.790666,1840.162333,1996.770999,1680.855
2023-04-27 15:00:00,2366.126,1904.6186659999998,2025.1103329999999,1663.664
2023-04-27 16:00:00,2555.5579999999995,1926.316667,2118.7309990000003,1788.3809999999999
2023-04-27 17:00:00,2708.243,2128.724333,2353.21,1956.263
2023-04-27 18:00:00,2895.615,2284.576,2504.139,2061.0333339999997
2023-04-27 19:00:00,3024.8880000000004,2376.0440000000003,2586.8859999999995,2158.229334
2023-04-27 20:00:00,3109.494,2376.0829999999996,2676.9156669999998,2216.346
2023-04-27 21:00:00,3247.942333,2462.389,2822.525332,2288.446
2023-04-27 22:00:00,3168.796333,2406.749,2759.2946669999997,2251.7
2023-04-27 23:00:00,2817.832,2076.933,2426.043,1938.6860000000001
2023-04-28 00:00:00,2373.848,1745.812333,2033.559,1665.2310000000002
2023-04-28 01:00:00,1975.9533330000002,1424.951,1689.087,1448.63
2023-04-28 02:00:00,1778.4050000000002,1271.220334,1479.423,1235.444
2023-04-28 03:00:00,1622.244333,1202.782667,1395.173,1119.199
2023-04-28 04:00:00,1550.183,1182.1906669999998,1265.437,1063.1309999999999
2023-04-28 05:00:00,1609.614,1223.435333,1302.38,1112.236666
2023-04-28 06:00:00,1808.1490000000001,1339.6426669999998,1479.066,1195.4409999999998
2023-04-28 07:00:00,2029.5320000000002,1580.094667,1716.412999,1402.3129999999999
2023-04-28 08:00:00,2225.364,1673.255,1978.2886669999998,1626.0169999999998
2023-04-28 09:00:00,2374.847333,1720.002,2001.018001,1713.694
2023-04-28 10:00:00,2404.9813329999997,1795.9340000000002,1979.8706670000001,1684.969
2023-04-28 11:00:00,2491.408667,1847.304,2041.0369999999998,1706.971
2023-04-28 12:00:00,2599.554333,1984.848334,2119.342667,1745.4279999999999
2023-04-28 13:00:00,2647.740334,2073.795334,2199.5806660000003,1805.412334
2023-04-28 14:00:00,2645.808333,2136.980667,2301.882666,1852.9759989999998
2023-04-28 15:00:00,2655.5186679999997,2185.298,2329.354334,1889.8326659999998
2023-04-28 16:00:00,2815.4156669999998,2323.4426670000003,2553.443999,2086.629
2023-04-28 17:00:00,3084.113,2537.6493330000003,2697.5220010000003,2307.8630000000003
2023-04-28 18:00:00,3251.096,2684.8180009999996,2840.392,2394.6710000000003
2023-04-28 19:00:00,3376.918,2723.157333,2864.036,2476.488667
2023-04-28 20:00:00,3369.2129999999997,2686.3143330000003,2869.963,2481.8740000000003
2023-04-28 21:00:00,3314.456333,2664.0259990000004,2857.7980000000002,2440.955
2023-04-28 22:00:00,3157.057,2568.169334,2828.8489999999997,2326.0029999999997
2023-04-28 23:00:00,2859.7159999999994,2280.349333,2440.5166670000003,2097.741
2023-04-29 00:00:00,2468.205,1973.926334,2099.647999,1867.504
2023-04-29 01:00:00,2146.629333,1654.769667,1851.992333,1560.661
2023-04-29 02:00:00,1902.739666,1461.5506679999999,1604.128,1351.257333
2023-04-29 03:00:00,1730.5663329999998,1333.504334,1422.0739999999998,1202.156
2023-04-29 04:00:00,1579.094,1230.150666,1315.759,1121.692
2023-04-29 05:00:00,1532.475,1172.971,1272.5520000000001,1105.593
2023-04-29 06:00:00,1601.989333,1193.204,1306.229,1139.5720000000001
2023-04-29 07:00:00,1736.708,1366.8613329999998,1491.124,1254.269
2023-04-29 08:00:00,2074.157666,1630.119333,1833.6770000000001,1480.007
2023-04-29 09:00:00,2417.613667,1950.168667,2012.7819999999997,1715.799
2023-04-29 10:00:00,2705.212,2142.2096669999996,2303.701,1910.0810000000001
2023-04-29 11:00:00,2819.502,2210.596667,2467.74,2052.404
2023-04-29 12:00:00,2923.2250000000004,2390.626,2594.686001,2107.768
2023-04-29 13:00:00,3065.005,2432.6720000000005,2680.687667,2131.0029999999997
2023-04-29 14:00:00,3094.651,2502.259333,2643.389333,2167.425
2023-04-29 15:00:00,3072.527,2529.816334,2655.1189999999997,2236.2259999999997
2023-04-29 16:00:00,3115.812,2658.943,2752.799,2292.867999
2023-04-29 17:00:00,3182.875,2738.405667,2841.73,2368.098333
2023-04-29 18:00:00,3306.48,2860.79,2963.818,2422.927
2023-04-29 19:00:00,3374.4410000000003,2903.232,2839.178333,2428.915
2023-04-29 20:00:00,3378.6040000000003,2689.962,2917.3019999999997,2348.163
2023-04-29 21:00:00,3252.8379999999997,2694.138,2897.407666,2323.087
2023-04-29 22:00:00,3130.0559999999996,2495.8416660000003,2817.492334,2282.747
2023-04-29 23:00:00,2880.967333,2192.867,2484.3759999999997,2085.142334
2023-04-30 00:00:00,2487.209667,1895.5089990000001,2158.643,1764.918666
2023-04-30 01:00:00,2092.7610000000004,1601.778,1785.9750000000001,1477.8033340000002
2023-04-30 02:00:00,1822.668001,1376.903334,1552.838,1266.619333
2023-04-30 03:00:00,1651.59,1272.4176670000002,1390.2640000000001,1168.2766660000002
2023-04-30 04:00:00,1546.252,1186.4633330000001,1295.884,1096.952333
2023-04-30 05:00:00,1508.648,1163.382,1277.893,1073.054333
2023-04-30 06:00:00,1590.1930000000002,1182.170334,1304.2440000000001,1066.758333
2023-04-30 07:00:00,1776.782,1326.489333,1410.173334,1210.230666
2023-04-30 08:00:00,1979.1259999999997,1522.232,1667.676333,1401.648667
2023-04-30 09:00:00,2309.123,1869.85,2021.492,1632.599001
2023-04-30 10:00:00,2589.926,2161.485666,2240.514,1890.271333
2023-04-30 11:00:00,2807.3280000000004,2247.8773330000004,2428.457999,1958.7653329999998
2023-04-30 12:00:00,2863.01,2425.519668,2597.6923340000003,2083.409667
2023-04-30 13:00:00,2913.346,2402.224333,2608.5606669999997,2160.195334
2023-04-30 14:00:00,2867.5370000000003,2327.3766669999995,2556.4179999999997,2159.1029999999996
2023-04-30 15:00:00,2849.005,2232.799,2485.671333,2160.754
2023-04-30 16:00:00,2931.201,2299.517,2528.647667,2138.243
2023-04-30 17:00:00,2994.349,2381.4030000000002,2570.532,2235.7219999999998
2023-04-30 18:00:00,3090.072,2395.6730000000002,2601.2030000000004,2327.815334
2023-04-30 19:00:00,3182.881,2497.6980000000003,2742.244,2290.372666
2023-04-30 20:00:00,3165.188,2557.608,2738.402,2285.208333
2023-04-30 21:00:00,3305.322666,2564.317,2896.302667,2416.048667
2023-04-30 22:00:00,3187.089,2498.598667,2780.705333,2329.791333
2023-04-30 23:00:00,2805.6206660000003,2141.8793339999997,2364.3643330000004,2019.3633329999998
2023-05-01 00:00:00,2356.2066670000004,1725.441333,1934.3103330000001,1664.579667
2023-05-01 01:00:00,1983.7943340000002,1473.93,1648.511,1392.8600000000001
2023-05-01 02:00:00,1782.5520000000001,1346.478667,1524.575,1281.234333
2023-05-01 03:00:00,1648.2986660000001,1259.921,1341.048667,1156.723667
2023-05-01 04:00:00,1660.984667,1236.682,1308.864667,1129.889333
2023-05-01 05:00:00,1707.3653319999999,1305.672,1364.3743330000002,1207.807334
2023-05-01 06:00:00,1932.6173330000001,1458.5100000000002,1560.21,1314.961
2023-05-01 07:00:00,2167.1666670000004,1769.19,1824.0739999999998,1586.3813329999998
2023-05-01 08:00:00,2439.6389999999997,1935.525,2061.417,1789.498
2023-05-01 09:00:00,2561.409666,1951.083,2138.383,1802.6443330000002
2023-05-01 10:00:00,2499.967333,2001.1353330000002,2087.095334,1769.337333
2023-05-01 11:00:00,2545.4776659999998,1992.617,2099.594333,1834.8003330000001
2023-05-01 12:00:00,2616.5879999999997,1984.5466669999998,2202.7219999999998,1849.066667
2023-05-01 13:00:00,2642.88,1954.8759989999999,2238.3469999999998,1886.3336669999999
2023-05-01 14:00:00,2594.389333,1974.5250010000002,2200.859,1867.914667
2023-05-01 15:00:00,2635.098999,2063.517667,2249.942,1826.676
2023-05-01 16:00:00,2681.0969999999998,2135.861,2282.3639999999996,1988.398333
2023-05-01 17:00:00,2890.927999,2302.1173339999996,2486.791,2117.2889999999998
2023-05-01 18:00:00,3145.391333,2461.124335,2679.0960000000005,2318.821
2023-05-01 19:00:00,3288.564,2577.408668,2846.0190000000002,2437.6853330000004
2023-05-01 20:00:00,3380.107,2613.133,2946.7893329999997,2423.848667
2023-05-01 21:00:00,3421.9359999999997,2617.9823340000003,2991.3906669999997,2509.101667
2023-05-01 22:00:00,3232.2740000000003,2439.356667,2849.478666,2366.547667
2023-05-01 23:00:00,2905.205,2099.570334,2370.291666,2000.2293330000002
2023-05-02 00:00:00,2468.374,1736.318333,2018.5656669999998,1663.372333
2023-05-02 01:00:00,2117.044666,1549.2513339999998,1726.047,1436.444666
2023-05-02 02:00:00,1920.063333,1406.3759999999997,1565.508,1309.4500009999997
2023-05-02 03:00:00,1856.527333,1365.170333,1495.3110000000001,1220.953
2023-05-02 04:00:00,1821.631,1354.7980000000002,1456.2830000000001,1193.608666
2023-05-02 05:00:00,1910.876,1405.043666,1529.320999,1244.326
2023-05-02 06:00:00,2126.4269999999997,1610.382,1709.992333,1411.335
2023-05-02 07:00:00,2376.8500000000004,1891.7150000000001,2029.205667,1718.608
2023-05-02 08:00:00,2621.44,2025.602,2193.422333,1797.906
2023-05-02 09:00:00,2574.102,2048.173334,2078.669667,1840.779
2023-05-02 10:00:00,2551.816,1985.693666,2144.3413330000003,1782.2649999999999
2023-05-02 11:00:00,2558.6890000000003,1950.045,2175.2076669999997,1858.895
2023-05-02 12:00:00,2537.108,1938.739,2206.8093339999996,1817.923
2023-05-02 13:00:00,2574.418,1929.507,2141.837334,1844.812
2023-05-02 14:00:00,2551.307,1820.887001,2089.55,1721.115
2023-05-02 15:00:00,2415.686,1832.259333,2042.8509999999997,1693.017
2023-05-02 16:00:00,2530.3639999999996,1967.2089999999998,2076.2883330000004,1794.2090010000002
2023-05-02 17:00:00,2731.308,2047.9630000000002,2296.191,1894.042
2023-05-02 18:00:00,2868.866,2275.983,2488.616333,2096.017667
2023-05-02 19:00:00,2970.867,2363.622,2648.0056670000004,2209.5929990000004
2023-05-02 20:00:00,3182.545,2413.661,2790.095332,2306.842666
2023-05-02 21:00:00,3188.6220000000003,2434.523,2874.729667,2332.485
2023-05-02 22:00:00,3067.5019999999995,2356.051,2711.755333,2205.368
2023-05-02 23:00:00,2719.397,2009.5479999999998,2357.838333,1964.846
2023-05-03 00:00:00,2267.581,1733.6150000000002,1928.356667,1646.522
2023-05-03 01:00:00,1941.062,1456.371,1655.107,1431.1970000000001
2023-05-03 02:00:00,1772.350667,1292.183,1478.279,1298.705
2023-05-03 03:00:00,1688.483667,1270.407333,1389.315,1142.4910009999999
2023-05-03 04:00:00,1646.129,1257.902667,1365.06,1100.6870009999998
2023-05-03 05:00:00,1738.041,1328.366,1466.139667,1205.978
2023-05-03 06:00:00,1999.9720000000002,1567.649,1672.006,1380.910333
2023-05-03 07:00:00,2249.6910000000003,1853.5729999999999,1883.18,1620.743333
2023-05-03 08:00:00,2419.162666,1922.453333,2104.291,1800.731667
2023-05-03 09:00:00,2520.762,2038.8063339999999,2048.116,1837.547999
2023-05-03 10:00:00,2569.4660000000003,1875.8703329999998,2003.2239999999997,1782.545
2023-05-03 11:00:00,2499.991,1775.0859999999998,1989.622,1708.574333
2023-05-03 12:00:00,2394.305,1829.315,2059.219667,1704.113
2023-05-03 13:00:00,2401.6549999999997,1777.7956669999999,2039.6043330000002,1737.895
2023-05-03 14:00:00,2344.4213330000002,1782.6226669999999,2080.947334,1695.4829999999997
2023-05-03 15:00:00,2408.0730000000003,1753.5410000000002,2079.330333,1643.421666
2023-05-03 16:00:00,2492.968,1884.051,2161.0090010000004,1788.4319999999998
2023-05-03 17:00:00,2757.873,2117.193,2274.233001,1962.0573339999999
2023-05-03 18:00:00,2925.6949999999997,2241.994,2474.835,2068.696334
2023-05-03 19:00:00,3072.5190000000002,2476.5829999999996,2616.3190000000004,2248.197
2023-05-03 20:00:00,3187.974,2474.791999,2683.054,2356.1499999999996
2023-05-03 21:00:00,3120.556,2497.63,2722.293333,2330.5899999999997
2023-05-03 22:00:00,2969.88,2352.8030000000003,2617.2259999999997,2181.775333
2023-05-03 23:00:00,2610.219,1992.182,2229.354666,1914.704667
2023-05-04 00:00:00,2227.460334,1609.576333,1840.506333,1609.913
2023-05-04 01:00:00,1941.633334,1346.788,1571.357,1327.28
2023-05-04 02:00:00,1748.5069999999998,1235.090334,1381.663,1208.829999
2023-05-04 03:00:00,1656.127333,1200.668001,1282.2559999999999,1113.2873330000002
2023-05-04 04:00:00,1586.342,1205.178333,1289.972,1112.729
2023-05-04 05:00:00,1647.2440000000001,1304.408667,1345.1170000000002,1139.151
2023-05-04 06:00:00,1913.962,1466.681666,1551.3419999999999,1322.192
2023-05-04 07:00:00,2155.308,1726.4913339999998,1801.17,1544.6399999999999
2023-05-04 08:00:00,2411.4086669999997,1882.134666,2003.136667,1738.401
2023-05-04 09:00:00,2547.847,1923.876001,2018.426,1786.009
2023-05-04 10:00:00,2545.400998,1980.615,2087.3370000000004,1760.5459999999998
2023-05-04 11:00:00,2654.4610000000002,1978.22,2182.275333,1820.807
2023-05-04 12:00:00,2782.394666,2132.615,2231.174,1899.272
2023-05-04 13:00:00,2941.875332,2190.125333,2354.138,2023.54
2023-05-04 14:00:00,2921.786,2213.346,2388.621333,1997.786999
2023-05-04 15:00:00,2890.135,2234.314,2405.056332,2012.530667
2023-05-04 16:00:00,2963.525,2295.446,2553.3633330000002,2193.0919999999996
2023-05-04 17:00:00,3163.28,2500.526,2680.313,2324.700333
2023-05-04 18:00:00,3369.573,2643.714,2867.446,2466.6256670000002
2023-05-04 19:00:00,3464.013,2774.235,2982.522,2652.975
2023-05-04 20:00:00,3490.217,2708.354,3064.244667,2598.7856659999998
2023-05-04 21:00:00,3470.082,2721.0303329999997,3046.510332,2537.724667
2023-05-04 22:00:00,3349.567,2559.197,2868.1716670000005,2446.902
2023-05-04 23:00:00,3035.816,2213.1363340000003,2503.68,2096.192
2023-05-05 00:00:00,2614.4939999999997,1963.3740000000003,2125.821667,1800.094
2023-05-05 01:00:00,2283.8419999999996,1673.7610000000002,1865.171332,1533.877
2023-05-05 02:00:00,2092.298,1507.228,1689.308,1423.387667
2023-05-05 03:00:00,1949.623,1441.688334,1641.632,1328.424998
2023-05-05 04:00:00,1932.17,1461.826667,1561.2959999999998,1313.277
2023-05-05 05:00:00,2035.569334,1542.994,1611.851667,1347.666
2023-05-05 06:00:00,2244.325,1728.9610000000002,1776.307667,1487.546
2023-05-05 07:00:00,2490.615,1995.652,2078.642333,1709.495
2023-05-05 08:00:00,2734.513666,2178.9806679999997,2351.6530000000002,1902.644
2023-05-05 09:00:00,2819.8403340000004,2255.103,2357.886,1953.7040000000002
2023-05-05 10:00:00,2890.8030009999998,2245.729334,2360.371,2052.058
2023-05-05 11:00:00,3053.161334,2196.801,2372.9929999999995,2046.0209999999997
2023-05-05 12:00:00,3005.893001,2248.3940000000002,2440.881,2093.0950000000003
2023-05-05 13:00:00,2954.2066680000003,2238.62,2375.014,2085.088667
2023-05-05 14:00:00,2840.572666,2171.2263329999996,2390.193,2050.332
2023-05-05 15:00:00,2828.016,2045.206667,2357.3903330000003,2004.613
2023-05-05 16:00:00,2943.841,2206.699,2422.305667,2082.847
2023-05-05 17:00:00,3088.402,2398.9829999999997,2590.980333,2115.302333
2023-05-05 18:00:00,3248.964,2488.8940000000002,2795.1676669999997,2284.570667
2023-05-05 19:00:00,3048.684,2516.4469999999997,2784.2340000000004,2299.057667
2023-05-05 20:00:00,3195.517,2464.306,2787.7203339999996,2350.806
2023-05-05 21:00:00,3275.063,2549.9660000000003,2816.969334,2306.947
2023-05-05 22:00:00,3169.568,2433.9926669999995,2682.402333,2192.917
2023-05-05 23:00:00,2844.826,2181.989,2467.739665,2054.663
2023-05-06 00:00:00,2558.6440000000002,1933.693,2145.702333,1802.63
2023-05-06 01:00:00,2250.592,1681.511,1917.690333,1565.853333
2023-05-06 02:00:00,2090.571,1541.365,1707.7240000000002,1434.7993339999998
2023-05-06 03:00:00,1948.5,1465.983,1621.63,1327.68
2023-05-06 04:00:00,1881.4389999999999,1442.555,1536.2979999999998,1286.307
2023-05-06 05:00:00,1897.179,1442.184,1565.392666,1271.711
2023-05-06 06:00:00,1998.7210000000002,1499.885,1635.5046670000002,1334.4389999999999
2023-05-06 07:00:00,2194.2889999999998,1691.743,1846.4896660000002,1503.1316659999998
2023-05-06 08:00:00,2496.9729999999995,1989.3659999999998,2016.2640000000001,1724.931666
2023-05-06 09:00:00,2763.616,2219.3940000000002,2285.281,1978.621667
2023-05-06 10:00:00,2884.7509999999997,2326.7470000000003,2468.072,2094.168668
2023-05-06 11:00:00,3034.7200000000003,2320.468,2646.223,2138.899
2023-05-06 12:00:00,3073.229,2380.138334,2684.508667,2182.335
2023-05-06 13:00:00,2992.735,2417.145334,2654.337,2237.0060000000003
2023-05-06 14:00:00,2947.368,2379.2116669999996,2580.79,2165.759
2023-05-06 15:00:00,2973.018,2322.1549999999997,2551.106,2124.8540000000003
2023-05-06 16:00:00,2903.3,2244.441,2458.236666,2111.427999
2023-05-06 17:00:00,2869.581,2295.0150000000003,2488.745334,2192.1180000000004
2023-05-06 18:00:00,2910.557,2370.6530000000002,2546.5,2228.237667
2023-05-06 19:00:00,3025.252,2395.652,2688.1040000000003,2273.5413339999996
2023-05-06 20:00:00,3089.187,2370.9930000000004,2751.8656659999997,2205.0780000000004
2023-05-06 21:00:00,3162.66,2309.694,2745.666,2225.931
2023-05-06 22:00:00,3036.31,2254.245,2673.879,2161.9809999999998
2023-05-06 23:00:00,2864.25,2119.446,2395.561,2016.313
2023-05-07 00:00:00,2516.245,1927.712,2112.897,1783.405
2023-05-07 01:00:00,2259.328,1702.3740000000003,1842.362,1568.926
2023-05-07 02:00:00,2028.676,1532.342,1694.057,1402.853
2023-05-07 03:00:00,1937.605,1443.5,1581.282,1308.965667
2023-05-07 04:00:00,1861.236,1388.9779999999998,1494.576,1255.8110000000001
2023-05-07 05:00:00,1843.928,1391.280667,1517.656333,1262.968333
2023-05-07 06:00:00,1950.6589999999999,1477.395,1599.869667,1328.329667
2023-05-07 07:00:00,2127.944,1630.844,1751.756001,1476.577666
2023-05-07 08:00:00,2462.42,1880.607,2044.640333,1733.872
2023-05-07 09:00:00,2711.771,2220.026,2390.858,1979.225
2023-05-07 10:00:00,2925.183,2496.4339999999997,2624.446,2175.448999
2023-05-07 11:00:00,3092.241666,2538.4530000000004,2773.431,2197.802333
2023-05-07 12:00:00,3108.968,2544.154,2840.88,2277.7306660000004
2023-05-07 13:00:00,3178.312,2575.713,2793.364,2289.451
2023-05-07 14:00:00,3127.359,2562.124,2792.1223330000003,2183.94
2023-05-07 15:00:00,3053.258,2366.007,2664.9750000000004,2143.2413340000003
2023-05-07 16:00:00,2920.352,2285.1189999999997,2550.569,2170.567
2023-05-07 17:00:00,2899.716,2267.0029999999997,2492.714333,2137.346
2023-05-07 18:00:00,3052.9809999999998,2403.4179999999997,2547.951,2210.2560000000003
2023-05-07 19:00:00,3094.43,2458.168,2653.183666,2271.931667
2023-05-07 20:00:00,3249.7696670000005,2517.7070000000003,2829.757001,2356.1003330000003
2023-05-07 21:00:00,3370.3856670000005,2572.88,2927.318,2432.566001
2023-05-07 22:00:00,3325.5076670000003,2562.4660000000003,2941.826,2317.161
2023-05-07 23:00:00,2931.568,2236.159333,2601.237,2111.442
2023-05-08 00:00:00,2446.816667,1910.413333,2146.325,1770.0430000000001
2023-05-08 01:00:00,2084.609,1623.581,1847.377,1520.271
2023-05-08 02:00:00,1894.233667,1422.0720000000001,1616.3303329999999,1372.393667
2023-05-08 03:00:00,1836.1763329999999,1407.917667,1543.070334,1252.2366670000001
2023-05-08 04:00:00,1838.083333,1425.725,1526.796667,1270.406333
2023-05-08 05:00:00,1960.6419999999998,1492.3133349999998,1628.8523340000002,1340.742
2023-05-08 06:00:00,2265.024,1784.847001,1844.3560000000002,1546.4530000000002
2023-05-08 07:00:00,2592.715333,2067.6003330000003,2112.813999,1814.931333
2023-05-08 08:00:00,2808.365667,2196.257333,2284.0906669999995,1983.0163340000001
2023-05-08 09:00:00,2815.23,2180.058334,2274.272,1980.4846669999997
2023-05-08 10:00:00,2712.2439999999997,2100.246667,2321.7380000000003,1966.103333
2023-05-08 11:00:00,2711.4,2060.502334,2276.855,1935.0423329999999
2023-05-08 12:00:00,2738.711333,2007.04,2255.0083329999998,1908.395
2023-05-08 13:00:00,2692.289667,2005.959667,2249.548667,1871.0266669999999
2023-05-08 14:00:00,2553.858,1910.259,2224.711333,1820.2130000000002
2023-05-08 15:00:00,2489.141334,1949.8719999999998,2161.345332,1793.461
2023-05-08 16:00:00,2577.486334,2094.703,2207.785334,1906.243
2023-05-08 17:00:00,3010.281667,2330.597,2551.4410000000003,2176.3226670000004
2023-05-08 18:00:00,3337.433,2585.928,2897.088666,2431.081333
2023-05-08 19:00:00,3498.346,2696.7789999999995,3088.035,2604.312
2023-05-08 20:00:00,3516.076,2732.964,3137.115,2560.135
2023-05-08 21:00:00,3501.8833339999996,2704.6083339999996,2993.1126670000003,2560.3689999999997
2023-05-08 22:00:00,3288.651667,2505.850667,2795.672,2366.1890000000003
2023-05-08 23:00:00,2865.035333,2148.424,2445.775,2093.367333
2023-05-09 00:00:00,2454.934333,1843.348,2019.3380009999998,1709.2526669999997
2023-05-09 01:00:00,2132.07,1553.301,1723.739667,1527.7216669999998
2023-05-09 02:00:00,2000.319,1451.148,1567.8733339999999,1410.4869999999999
2023-05-09 03:00:00,1913.419,1397.424,1500.585333,1321.0026659999999
2023-05-09 04:00:00,1916.8110000000001,1425.5549999999998,1510.2820000000002,1274.663335
2023-05-09 05:00:00,2046.737,1525.9,1616.863,1326.040667
2023-05-09 06:00:00,2386.7039999999997,1787.636,1869.4956670000001,1505.523
2023-05-09 07:00:00,2671.3630000000003,2069.833,2213.938,1835.299667
2023-05-09 08:00:00,2825.889,2244.6279999999997,2335.867333,2026.186
2023-05-09 09:00:00,2819.539,2211.5870000000004,2340.697,1984.414334
2023-05-09 10:00:00,2696.563,2169.897,2285.241333,1920.584
2023-05-09 11:00:00,2690.445,2111.126,2244.399333,2008.1786659999998
2023-05-09 12:00:00,2670.969,2060.308,2216.565666,1950.951667
2023-05-09 13:00:00,2656.4719999999998,1973.475,2216.833667,1928.644
2023-05-09 14:00:00,2469.509,1938.449,2173.666,1834.0729999999999
2023-05-09 15:00:00,2459.193333,1912.2570010000002,2119.561332,1775.047
2023-05-09 16:00:00,2588.1670000000004,1976.9013339999997,2279.6480009999996,1860.252
2023-05-09 17:00:00,2801.371667,2079.732667,2384.692,1955.4650000000001
2023-05-09 18:00:00,2972.554,2264.887,2621.187,2048.915333
2023-05-09 19:00:00,3004.713666,2403.3370000000004,2681.668,2139.5016669999995
2023-05-09 20:00:00,2998.157,2409.871,2727.487,2190.728001
2023-05-09 21:00:00,3193.031,2506.2259999999997,2842.1870000000004,2306.557333
2023-05-09 22:00:00,3204.19,2530.392,2859.303333,2258.0663329999998
2023-05-09 23:00:00,2788.8869999999997,2161.1800000000003,2483.507999,1992.756
2023-05-10 00:00:00,2348.468,1704.0339999999999,1995.693333,1697.3680000000002
2023-05-10 01:00:00,1994.969,1485.69,1647.488,1448.7673340000001
2023-05-10 02:00:00,1818.5030000000002,1342.402,1533.606,1325.167333
2023-05-10 03:00:00,1750.6970000000001,1317.618,1401.598,1222.38
2023-05-10 04:00:00,1750.2089999999998,1333.239,1366.365667,1183.581
2023-05-10 05:00:00,1909.064,1431.394,1496.8123320000002,1257.6999999999998
2023-05-10 06:00:00,2146.883,1653.012333,1765.660667,1448.6390000000001
2023-05-10 07:00:00,2403.179,1953.6309999999999,2038.136,1686.368
2023-05-10 08:00:00,2561.232,2091.994333,2201.35,1886.634
2023-05-10 09:00:00,2635.377,2089.798667,2171.764,1852.886
2023-05-10 10:00:00,2567.643,1891.1329999999998,2059.113,1866.203333
2023-05-10 11:00:00,2495.366,1866.336,2029.189,1737.287
2023-05-10 12:00:00,2553.620333,1805.755,2030.8183330000002,1798.979666
2023-05-10 13:00:00,2517.782333,1779.3890000000001,2037.591,1785.341999
2023-05-10 14:00:00,2423.923,1813.546667,2002.7579999999998,1747.679333
2023-05-10 15:00:00,2413.5673330000004,1823.217,1994.093,1730.041
2023-05-10 16:00:00,2583.100333,1917.9410010000001,2107.772,1816.729333
2023-05-10 17:00:00,2744.093333,2116.5416669999995,2373.0240000000003,1983.084332
2023-05-10 18:00:00,2920.608,2332.879,2528.6789999999996,2117.6586669999997
2023-05-10 19:00:00,2978.724666,2389.596,2638.0376669999996,2178.104
2023-05-10 20:00:00,3084.519333,2378.335,2668.7519999999995,2272.7889999999998
2023-05-10 21:00:00,3058.074333,2422.4399999999996,2784.087333,2351.853
2023-05-10 22:00:00,3073.255667,2356.8369999999995,2744.971,2239.481001
2023-05-10 23:00:00,2666.4086669999997,2019.9139999999998,2364.4130000000005,1935.6446660000001
2023-05-11 00:00:00,2218.257667,1697.0593330000002,1991.3919999999998,1635.945
2023-05-11 01:00:00,1916.2389990000001,1397.357333,1656.336,1396.880334
2023-05-11 02:00:00,1732.8716670000001,1231.060333,1467.043666,1213.0026659999999
2023-05-11 03:00:00,1601.3796670000002,1216.299999,1352.591,1108.9710010000001
2023-05-11 04:00:00,1580.597,1181.196334,1301.313,1083.996333
2023-05-11 05:00:00,1643.4560000000001,1246.455667,1402.491,1178.882334
2023-05-11 06:00:00,1913.8703329999998,1405.222667,1617.304,1293.4196670000001
2023-05-11 07:00:00,2170.398,1723.732,1863.561,1554.4826659999999
2023-05-11 08:00:00,2350.7106670000003,1843.765666,2026.946667,1705.014334
2023-05-11 09:00:00,2407.0029999999997,1878.065999,1958.508,1694.001999
2023-05-11 10:00:00,2287.38,1843.8703340000002,1961.529667,1675.291334
2023-05-11 11:00:00,2372.6130000000003,1767.0736670000001,1955.732667,1651.121333
2023-05-11 12:00:00,2397.349333,1801.2730000000001,2003.4390010000002,1676.6563330000001
2023-05-11 13:00:00,2468.931,1858.4743330000001,2015.996666,1691.859
2023-05-11 14:00:00,2471.367333,1827.1550000000002,2056.711667,1718.9926659999999
2023-05-11 15:00:00,2420.902,1890.701333,2101.890332,1694.7653340000002
2023-05-11 16:00:00,2582.8203329999997,1985.4786669999999,2267.7780000000002,1845.957334
2023-05-11 17:00:00,2831.911333,2233.204999,2447.483667,1976.0279999999998
2023-05-11 18:00:00,3050.782333,2431.6746669999998,2607.693,2187.889
2023-05-11 19:00:00,3126.9933330000003,2511.809,2764.008,2295.424666
2023-05-11 20:00:00,3142.722667,2584.5780000000004,2822.81,2300.113667
2023-05-11 21:00:00,3276.3520000000003,2596.258,2904.173667,2354.147
2023-05-11 22:00:00,3145.914334,2492.791667,2766.76,2340.5139999999997
2023-05-11 23:00:00,2806.968,2110.146667,2423.509667,2021.5140000000001
2023-05-12 00:00:00,2313.4939999999997,1692.98,2006.1280000000002,1681.558
2023-05-12 01:00:00,1947.6080000000002,1464.1329999999998,1627.2749999999999,1421.1380000000001
2023-05-12 02:00:00,1714.518,1300.505,1432.333,1245.77
2023-05-12 03:00:00,1614.647,1235.6100000000001,1334.174,1111.438
2023-05-12 04:00:00,1543.317334,1193.356,1296.655,1070.056
2023-05-12 05:00:00,1626.469,1216.44,1343.270333,1092.297
2023-05-12 06:00:00,1817.694,1345.729,1540.596001,1234.081
2023-05-12 07:00:00,2056.888,1605.7686669999998,1783.616,1445.98
2023-05-12 08:00:00,2282.168,1784.840667,2002.1329999999998,1586.7196669999998
2023-05-12 09:00:00,2375.791,1862.487,2051.143333,1624.182333
2023-05-12 10:00:00,2360.464,1827.975,2036.6986660000002,1658.007334
2023-05-12 11:00:00,2392.297667,1847.1370000000002,2047.3853339999996,1719.886
2023-05-12 12:00:00,2473.632666,1979.102,2071.116001,1741.2710000000002
2023-05-12 13:00:00,2588.379334,2026.644334,2155.868,1838.909
2023-05-12 14:00:00,2749.819,2114.8556670000003,2351.524334,1954.6309999999999
2023-05-12 15:00:00,2805.984,2281.658,2432.712,1992.9189999999999
2023-05-12 16:00:00,3134.981,2511.315,2650.277333,2250.53
2023-05-12 17:00:00,3371.3416669999997,2780.091,2823.566,2470.0969999999998
2023-05-12 18:00:00,3590.060333,2970.449,3003.09,2664.447
2023-05-12 19:00:00,3594.286333,2981.138,3133.688,2701.0150000000003
2023-05-12 20:00:00,3557.0330000000004,2929.057,3037.879,2665.8469999999998
2023-05-12 21:00:00,3438.708,2837.702,3030.802,2574.3230000000003
2023-05-12 22:00:00,3383.397,2679.723,2957.8509999999997,2448.696
2023-05-12 23:00:00,3101.655667,2359.334,2684.205,2159.4939999999997
2023-05-13 00:00:00,2565.164,2002.314,2226.242666,1846.132
2023-05-13 01:00:00,2164.9700000000003,1667.221,1874.3923330000002,1580.261
2023-05-13 02:00:00,1900.438667,1431.7420000000002,1621.755667,1362.2469999999998
2023-05-13 03:00:00,1664.3643339999999,1290.9869999999999,1443.402,1206.319
2023-05-13 04:00:00,1597.655667,1233.4820000000002,1401.6660000000002,1133.879
2023-05-13 05:00:00,1557.942,1219.1599999999999,1380.3069999999998,1103.205
2023-05-13 06:00:00,1628.906,1276.113,1419.109,1134.49
2023-05-13 07:00:00,1795.2166659999998,1413.8450000000003,1575.9399999999998,1263.317
2023-05-13 08:00:00,2125.893,1677.531,1877.5459999999998,1467.355
2023-05-13 09:00:00,2451.901,1960.0553340000001,2137.2603339999996,1733.738
2023-05-13 10:00:00,2643.95,2153.059,2430.252333,2031.265
2023-05-13 11:00:00,2847.446,2254.6646659999997,2494.638,2091.647333
2023-05-13 12:00:00,3016.0930000000003,2437.5330000000004,2659.143333,2186.617666
2023-05-13 13:00:00,3341.23,2665.2030000000004,2884.900667,2366.326
2023-05-13 14:00:00,3516.4700000000003,2860.719,3026.956333,2502.447
2023-05-13 15:00:00,3586.083,3046.05,3234.714,2657.3230000000003
2023-05-13 16:00:00,3643.632,3182.4759999999997,3268.612999,2812.71
2023-05-13 17:00:00,3791.349,3332.306,3401.618001,2930.393
2023-05-13 18:00:00,3984.8809999999994,3429.459,3416.6063329999997,2986.816
2023-05-13 19:00:00,3969.061,3496.147,3466.4253329999997,2958.101334
2023-05-13 20:00:00,3890.344,3417.866,3440.336667,2942.3196669999998
2023-05-13 21:00:00,3859.02,3241.457,3294.168,2851.95
2023-05-13 22:00:00,3644.72,3047.7949999999996,3305.5740000000005,2758.684
2023-05-13 23:00:00,3378.645,2689.9890000000005,2990.258,2456.684
2023-05-14 00:00:00,2940.215,2262.428,2490.3163329999998,2187.772
2023-05-14 01:00:00,2459.827,1845.005,2117.886666,1810.0233329999999
2023-05-14 02:00:00,2076.311,1611.475,1826.775333,1578.567333
2023-05-14 03:00:00,1842.9016660000002,1389.137,1633.5076669999999,1378.779
2023-05-14 04:00:00,1734.554,1320.193,1506.863667,1237.0259999999998
2023-05-14 05:00:00,1666.651,1270.211,1445.969333,1175.5639999999999
2023-05-14 06:00:00,1698.808,1331.741,1489.481334,1228.437
2023-05-14 07:00:00,1880.779,1447.196,1631.718,1331.992
2023-05-14 08:00:00,2294.501333,1772.992,1953.174667,1606.968
2023-05-14 09:00:00,2636.100333,2123.130333,2315.146999,1935.8176669999998
2023-05-14 10:00:00,2963.781667,2432.185665,2697.2983319999994,2194.093333
2023-05-14 11:00:00,3219.421667,2720.270998,2917.659,2395.615
2023-05-14 12:00:00,3372.879667,2862.689998,3108.144667,2584.344
2023-05-14 13:00:00,3581.0389999999998,2942.698666,3297.452333,2726.943667
2023-05-14 14:00:00,3751.410334,2860.7219999999998,3332.9123329999998,2819.357333
2023-05-14 15:00:00,3890.554,3085.083,3480.59,2901.866
2023-05-14 16:00:00,4014.2933329999996,3526.55,3540.419667,3052.476
2023-05-14 17:00:00,4146.039,3647.7,3670.076333,3167.766
2023-05-14 18:00:00,4264.965333,3794.448,3708.011334,3198.86
2023-05-14 19:00:00,4313.047667,3830.908,3808.265667,3217.79
2023-05-14 20:00:00,4283.301332999999,3758.828,3839.851333,3194.122667
2023-05-14 21:00:00,4242.726,3700.8999999999996,3844.903333,3199.206333
2023-05-14 22:00:00,4128.116,3511.4719999999998,3671.2393329999995,3074.6586669999997
2023-05-14 23:00:00,3682.642,2942.3050000000003,3169.309,2747.687
2023-05-15 00:00:00,3160.2250000000004,2410.5470000000005,2687.7560000000003,2276.046
2023-05-15 01:00:00,2599.883,1983.223,2252.6980000000003,1896.188667
2023-05-15 02:00:00,2252.875,1712.6223340000001,1972.788,1636.8763330000002
2023-05-15 03:00:00,2020.129,1546.0173320000001,1778.437333,1473.034
2023-05-15 04:00:00,1899.288,1437.901667,1677.3220000000001,1378.399
2023-05-15 05:00:00,1870.220334,1444.931,1662.469333,1350.118
2023-05-15 06:00:00,2050.938334,1555.355,1761.888334,1404.897
2023-05-15 07:00:00,2315.7110000000002,1730.411,1973.568666,1606.73
2023-05-15 08:00:00,2449.073,1881.895,2149.3123330000003,1752.472667
2023-05-15 09:00:00,2488.446,1991.1760000000002,2216.8996660000003,1796.52
2023-05-15 10:00:00,2637.223,2043.407,2332.669334,1907.816333
2023-05-15 11:00:00,2843.477,2275.196,2528.309,2140.3596669999997
2023-05-15 12:00:00,3244.0190000000002,2580.205,2822.7816669999997,2396.404666
2023-05-15 13:00:00,3486.1690000000003,2941.0389999999998,3006.3823329999996,2607.307
2023-05-15 14:00:00,3695.588,3156.629,3214.693667,2796.651667
2023-05-15 15:00:00,3938.094,3384.887667,3393.291333,2887.446
2023-05-15 16:00:00,4257.42,3650.273334,3599.78,3145.692
2023-05-15 17:00:00,4498.854,3833.321666,3839.408333,3268.282001
2023-05-15 18:00:00,4512.296,3893.2019999999998,3931.024333,3303.112666
2023-05-15 19:00:00,4358.503,3770.571,3859.4476670000004,3226.269667
2023-05-15 20:00:00,4238.304,3503.032,3715.785667,3050.973667
2023-05-15 21:00:00,4133.427,3284.406,3573.569,2938.2690000000002
2023-05-15 22:00:00,3791.553,3026.913,3293.278667,2693.450333
2023-05-15 23:00:00,3245.839,2553.545,2811.4530000000004,2342.295
2023-05-16 00:00:00,2723.103,2072.2749999999996,2329.3903330000003,1903.3733339999999
2023-05-16 01:00:00,2313.465,1695.013,1957.224667,1592.321
2023-05-16 02:00:00,2044.4890000000003,1532.293,1750.703,1420.224667
2023-05-16 03:00:00,1901.728,1444.2513330000002,1637.9576670000001,1277.3523329999998
2023-05-16 04:00:00,1838.97,1361.453667,1535.365333,1217.085333
2023-05-16 05:00:00,1836.027,1357.069667,1534.2836670000002,1244.17
2023-05-16 06:00:00,1993.277,1442.1753330000001,1689.863333,1302.4180000000001
2023-05-16 07:00:00,2166.958001,1706.4879999999998,1921.1336660000002,1518.4426669999998
2023-05-16 08:00:00,2337.134,1809.313,2072.9903320000003,1677.770667
2023-05-16 09:00:00,2428.483,1869.3706670000001,2059.237333,1691.5746669999999
2023-05-16 10:00:00,2426.949001,1925.144,2113.067,1755.142333
2023-05-16 11:00:00,2609.9150010000003,2051.38,2250.4440000000004,1847.023
2023-05-16 12:00:00,2809.605667,2235.455667,2423.3650000000002,1950.91
2023-05-16 13:00:00,2995.792334,2448.536,2529.3289999999997,2128.109667
2023-05-16 14:00:00,3091.913334,2606.337,2671.8736660000004,2231.917667
2023-05-16 15:00:00,3364.09,2761.411333,2784.478,2370.876666
2023-05-16 16:00:00,3610.5436659999996,3002.173,3027.228333,2550.968333
2023-05-16 17:00:00,3807.3,3299.693,3320.158999,2740.368
2023-05-16 18:00:00,4096.787,3577.861,3615.068333,3007.54
2023-05-16 19:00:00,4245.918667,3623.617,3774.503667,3040.42
2023-05-16 20:00:00,4164.569,3517.117,3736.5670000000005,3005.037333
2023-05-16 21:00:00,4110.243,3400.788,3681.1540000000005,2996.680667
2023-05-16 22:00:00,3957.762667,3252.888,3638.863666,2933.707
2023-05-16 23:00:00,3427.408666,2716.0330000000004,3061.693333,2544.4900000000002
2023-05-17 00:00:00,2900.186333,2211.665,2503.593666,2084.291
2023-05-17 01:00:00,2397.719,1818.9740000000002,2029.6640000000002,1710.605
2023-05-17 02:00:00,2120.274,1589.685,1794.056,1505.185
2023-05-17 03:00:00,1918.249,1448.355,1667.7936670000001,1355.49
2023-05-17 04:00:00,1820.005,1365.666,1550.514333,1268.903
2023-05-17 05:00:00,1818.8180000000002,1351.1670000000001,1543.668,1247.503
2023-05-17 06:00:00,1967.763,1465.109,1681.113332,1322.7350000000001
2023-05-17 07:00:00,2125.886333,1659.2089999999998,1904.058334,1551.81
2023-05-17 08:00:00,2335.540666,1809.583,2098.6913329999998,1654.117
2023-05-17 09:00:00,2561.098333,1922.300667,2135.290333,1797.922
2023-05-17 10:00:00,2560.388,1939.009,2220.3323330000003,1823.8539999999998
2023-05-17 11:00:00,2602.038,2031.9940000000001,2277.916333,1868.851
2023-05-17 12:00:00,2858.165,2277.685,2471.672667,2053.3109999999997
2023-05-17 13:00:00,3150.8243330000005,2514.321,2634.4793329999998,2244.738667
2023-05-17 14:00:00,3360.718333,2808.534333,2930.4213330000002,2434.995334
2023-05-17 15:00:00,3629.382333,3003.3023329999996,3053.8633330000002,2530.594334
2023-05-17 16:00:00,3933.808,3293.968,3362.3856669999996,2845.773
2023-05-17 17:00:00,4268.942,3615.7520000000004,3667.867667,3138.571
2023-05-17 18:00:00,4517.41,3913.604,3925.661667,3439.319
2023-05-17 19:00:00,4610.352,4057.173,4086.1146660000004,3485.616
2023-05-17 20:00:00,4557.8,4018.371666,4066.066,3376.749999
2023-05-17 21:00:00,4537.9310000000005,3825.483333,3955.849333,3338.4040840000002
2023-05-17 22:00:00,4269.061916000001,3478.772333,3855.8290000000006,3188.2383330000002
2023-05-17 23:00:00,3789.379,3005.373,3368.234,2822.3940000000002
2023-05-18 00:00:00,3160.67,2448.248,2830.267667,2352.1319999999996
2023-05-18 01:00:00,2656.6720000000005,2030.466,2284.708333,1949.1940009999998
2023-05-18 02:00:00,2311.132,1780.9,2041.674,1681.933
2023-05-18 03:00:00,2072.5550000000003,1582.726,1859.075667,1494.426
2023-05-18 04:00:00,1954.4370000000001,1484.0729999999999,1730.969,1395.8403329999999
2023-05-18 05:00:00,1920.871,1468.984,1686.3230010000002,1369.873001
2023-05-18 06:00:00,2030.2709999999997,1533.5720000000001,1778.5456669999999,1428.0500000000002
2023-05-18 07:00:00,2250.8950000000004,1720.239,1956.899667,1594.6280000000002
2023-05-18 08:00:00,2451.7076669999997,1880.146,2163.836667,1668.839
2023-05-18 09:00:00,2449.394667,1937.8310000000001,2207.8006670000004,1711.195
2023-05-18 10:00:00,2466.169,2035.782,2214.800333,1782.826667
2023-05-18 11:00:00,2615.598667,2042.4560000000001,2349.395667,1888.98
2023-05-18 12:00:00,2812.2560000000003,2267.566,2508.8426659999996,2037.5819999999999
2023-05-18 13:00:00,3056.7129999999997,2449.2053330000003,2706.1046659999997,2175.844667
2023-05-18 14:00:00,3204.75,2646.054,2860.326667,2330.272
2023-05-18 15:00:00,3420.264,2887.074667,3036.358,2472.267
2023-05-18 16:00:00,3706.513,3162.041,3282.233334,2762.4449999999997
2023-05-18 17:00:00,4121.257,3455.620333,3588.772,2976.453
2023-05-18 18:00:00,4375.433,3736.4296679999998,3846.715,3228.42
2023-05-18 19:00:00,4304.435,3736.0493340000003,4005.041,3215.4750000000004
2023-05-18 20:00:00,4214.767,3533.4853329999996,3811.707,3044.0930000000003
2023-05-18 21:00:00,4077.7729999999997,3314.687333,3803.856334,2983.184
2023-05-18 22:00:00,3868.1000000000004,3090.024999,3502.1726660000004,2889.428
2023-05-18 23:00:00,3438.662,2688.6620000000003,3008.883667,2488.471
2023-05-19 00:00:00,2797.7870000000003,2131.231334,2444.612,2068.247334
2023-05-19 01:00:00,2293.9390000000003,1755.8753339999998,1980.6460000000002,1700.246333
2023-05-19 02:00:00,1998.923,1518.790333,1786.215334,1434.283
2023-05-19 03:00:00,1827.45,1378.4490010000002,1622.2800000000002,1289.551
2023-05-19 04:00:00,1749.472,1278.799332,1483.414333,1220.031
2023-05-19 05:00:00,1732.625,1315.117334,1467.063333,1213.0120000000002
2023-05-19 06:00:00,1868.069,1429.797,1569.949333,1296.6370000000002
2023-05-19 07:00:00,2081.1230000000005,1599.902333,1777.203,1491.4339999999997
2023-05-19 08:00:00,2280.401,1720.596333,1990.759,1596.2330000000002
2023-05-19 09:00:00,2294.146,1793.508333,1946.426,1621.7913330000001
2023-05-19 10:00:00,2263.6769999999997,1792.047,1953.953,1635.841
2023-05-19 11:00:00,2301.203,1868.107333,2080.5240009999998,1643.908668
2023-05-19 12:00:00,2487.223,1935.783,2127.329333,1775.753333
2023-05-19 13:00:00,2594.308,2063.070001,2257.880333,1916.0210000000002
2023-05-19 14:00:00,2825.282,2190.156333,2399.068667,1992.1850000000002
2023-05-19 15:00:00,2968.0649999999996,2354.128667,2644.076,2111.567
2023-05-19 16:00:00,3252.66,2586.3106660000003,2873.6733329999997,2356.889
2023-05-19 17:00:00,3636.985,2980.570001,3173.460667,2558.987
2023-05-19 18:00:00,3826.895,3224.018,3391.486333,2728.3540000000003
2023-05-19 19:00:00,3953.517,3401.3373340000003,3415.3919989999995,2806.69
2023-05-19 20:00:00,3898.596,3243.425666,3392.2999990000003,2828.799667
2023-05-19 21:00:00,3901.3239999999996,3127.120333,3417.800667,2751.994
2023-05-19 22:00:00,3725.683,2963.110668,3280.530333,2711.9359999999997
2023-05-19 23:00:00,3431.366,2647.921,2993.263667,2419.7419999999997
2023-05-20 00:00:00,2802.0640000000003,2182.594332,2533.017,2050.88
2023-05-20 01:00:00,2434.5209999999997,1844.8189989999998,2095.791334,1710.509
2023-05-20 02:00:00,2117.6229999999996,1576.590667,1813.628667,1448.723
2023-05-20 03:00:00,1902.1729999999998,1460.9246660000001,1610.8349990000002,1304.244
2023-05-20 04:00:00,1763.054,1361.793333,1486.924333,1215.357
2023-05-20 05:00:00,1675.217,1311.402667,1431.483333,1171.005
2023-05-20 06:00:00,1716.857,1262.4833330000001,1475.0430000000001,1222.351
2023-05-20 07:00:00,1839.434999,1435.913667,1607.228,1317.265
2023-05-20 08:00:00,2111.1930009999996,1650.466334,1880.791666,1515.7603330000002
2023-05-20 09:00:00,2399.85,1902.704667,2084.952333,1709.815333
2023-05-20 10:00:00,2633.7439999999997,2079.586999,2275.159667,1882.7440000000001
2023-05-20 11:00:00,2808.9390000000003,2223.7796660000004,2463.763667,1985.7350000000001
2023-05-20 12:00:00,2990.541,2309.917,2569.754667,2081.519
2023-05-20 13:00:00,3097.969,2370.683332,2596.0123330000006,2142.911
2023-05-20 14:00:00,3165.1679999999997,2452.1949999999997,2746.302,2151.053667
2023-05-20 15:00:00,3278.02,2574.824334,2906.8236669999997,2333.461333
2023-05-20 16:00:00,3369.685,2807.720667,3057.5723319999997,2524.8019999999997
2023-05-20 17:00:00,3544.516,3067.735334,3193.9346669999995,2690.219334
2023-05-20 18:00:00,3695.989,3189.732667,3279.7843329999996,2742.531
2023-05-20 19:00:00,3735.859,3167.906333,3337.205,2723.7129999999997
2023-05-20 20:00:00,3674.46,3046.8073329999997,3262.227667,2603.871
2023-05-20 21:00:00,3574.488,2857.2963330000002,3088.657667,2562.434
2023-05-20 22:00:00,3393.522,2701.326001,2856.1626670000005,2412.947
2023-05-20 23:00:00,3039.96,2363.7403320000003,2590.483667,2151.456
2023-05-21 00:00:00,2601.8810000000003,2043.101,2219.278333,1852.3
2023-05-21 01:00:00,2244.832,1696.317,1892.7733329999999,1592.6770000000001
2023-05-21 02:00:00,1991.967,1451.459,1656.7269999999999,1370.989333
2023-05-21 03:00:00,1769.83,1321.101667,1484.2830000000001,1191.692
2023-05-21 04:00:00,1626.3220000000001,1245.714333,1408.218666,1116.483
2023-05-21 05:00:00,1557.663,1202.2849999999999,1337.189333,1094.968
2023-05-21 06:00:00,1612.741,1196.9199989999997,1376.2133330000001,1140.172
2023-05-21 07:00:00,1720.393,1303.2620000000002,1476.060667,1235.076
2023-05-21 08:00:00,1982.443,1470.720333,1639.755,1361.85
2023-05-21 09:00:00,2307.6659999999997,1832.854001,1964.660333,1615.7150000000001
2023-05-21 10:00:00,2577.5119999999997,2077.1853340000002,2203.0326670000004,1830.0103330000002
2023-05-21 11:00:00,2763.001,2164.9743339999995,2347.458334,1947.956666
2023-05-21 12:00:00,2861.186667,2223.428,2469.6189999999997,1927.223333
2023-05-21 13:00:00,2891.879334,2248.6583339999997,2511.616,1996.263
2023-05-21 14:00:00,2815.315334,2244.996999,2398.428333,2001.92
2023-05-21 15:00:00,2747.456,2288.2759990000004,2446.992,1963.681
2023-05-21 16:00:00,2785.7309999999998,2243.446667,2461.6040000000003,1993.9969999999998
2023-05-21 17:00:00,2830.078,2319.647,2495.7256669999997,2055.273
2023-05-21 18:00:00,2958.8289999999997,2448.704001,2560.551667,2224.853
2023-05-21 19:00:00,3060.54,2520.8813330000003,2659.6126670000003,2291.846333
2023-05-21 20:00:00,3020.1890000000003,2453.9536669999998,2684.9490000000005,2213.128667
2023-05-21 21:00:00,3085.274,2447.004,2670.754,2187.202
2023-05-21 22:00:00,3006.614,2327.381999,2641.259333,2201.8199999999997
2023-05-21 23:00:00,2669.371,2073.6369999999997,2323.266,1899.855
2023-05-22 00:00:00,2216.316,1652.087,1947.343333,1565.364
2023-05-22 01:00:00,1870.8229999999999,1410.577667,1610.8470000000002,1342.982334
2023-05-22 02:00:00,1676.75,1243.398334,1447.0390000000002,1224.243
2023-05-22 03:00:00,1532.2060000000001,1169.669665,1354.216333,1108.386
2023-05-22 04:00:00,1502.521,1156.605334,1306.594334,1070.354667
2023-05-22 05:00:00,1589.901,1231.177334,1345.678998,1106.407333
2023-05-22 06:00:00,1787.666,1393.571,1504.9650000000001,1253.680999
2023-05-22 07:00:00,2042.5629999999999,1626.362999,1705.7816659999999,1481.186667
2023-05-22 08:00:00,2243.6090000000004,1726.434667,1911.206,1663.371667
2023-05-22 09:00:00,2361.807,1798.852666,1817.230667,1705.708333
2023-05-22 10:00:00,2352.95,1759.9096670000001,1903.689666,1679.696667
2023-05-22 11:00:00,2394.487,1779.6583340000002,1931.455667,1689.166
2023-05-22 12:00:00,2462.383,1873.0140000000001,2028.9400010000002,1647.103
2023-05-22 13:00:00,2475.529,1878.756667,2059.174666,1811.819
2023-05-22 14:00:00,2435.634,1813.658335,2033.2189990000002,1734.52
2023-05-22 15:00:00,2368.0389999999998,1835.880667,2082.5679990000003,1702.038667
2023-05-22 16:00:00,2472.772,1940.556,2197.136,1793.9586669999999
2023-05-22 17:00:00,2652.143,2098.546334,2331.411333,1913.151
2023-05-22 18:00:00,2869.884,2257.616333,2547.371,2043.799
2023-05-22 19:00:00,2911.098,2413.1586669999997,2713.5373339999996,2072.6696660000002
2023-05-22 20:00:00,2977.182,2339.487,2602.8443340000003,2198.696999
2023-05-22 21:00:00,3062.019,2323.713,2665.0640000000003,2272.979333
2023-05-22 22:00:00,3000.172,2303.006666,2651.331334,2182.486
2023-05-22 23:00:00,2645.759,1943.553,2298.193,1932.555
2023-05-23 00:00:00,2222.42,1634.8733350000002,1879.4719989999999,1587.489
2023-05-23 01:00:00,1898.775,1423.348333,1609.119667,1397.862
2023-05-23 02:00:00,1743.954,1309.733,1453.358666,1266.361
2023-05-23 03:00:00,1642.909,1269.665667,1369.7413339999998,1140.154
2023-05-23 04:00:00,1599.388,1271.586,1377.438666,1115.981
2023-05-23 05:00:00,1692.1170000000002,1356.424333,1455.660667,1204.579
2023-05-23 06:00:00,1945.348,1513.729334,1622.7343329999999,1338.0590000000002
2023-05-23 07:00:00,2197.863,1760.311667,1921.741,1576.1529999999998
2023-05-23 08:00:00,2365.21,1857.9163330000001,2091.988666,1696.393
2023-05-23 09:00:00,2417.565,1838.777666,1984.241333,1758.257
2023-05-23 10:00:00,2320.0609999999997,1836.6966659999998,1971.589,1715.612
2023-05-23 11:00:00,2442.596667,1865.523667,1967.102666,1725.263
2023-05-23 12:00:00,2528.1620000000003,1932.8963320000003,2044.3319999999999,1748.248333
2023-05-23 13:00:00,2467.294,1833.6260000000002,2091.411333,1751.748
2023-05-23 14:00:00,2445.835,1849.0223330000001,2023.019999,1756.806667
2023-05-23 15:00:00,2387.1279999999997,1824.9696669999998,2041.6653330000001,1745.524
2023-05-23 16:00:00,2469.428,1906.4030000000002,2145.280334,1765.71
2023-05-23 17:00:00,2725.723333,2038.999001,2360.576333,1924.812
2023-05-23 18:00:00,2857.2873329999998,2132.176666,2517.1063329999997,2022.98
2023-05-23 19:00:00,2949.705667,2236.792,2585.066667,2199.554
2023-05-23 20:00:00,2997.28,2358.0673340000003,2666.009,2237.814
2023-05-23 21:00:00,3061.1949999999997,2349.339333,2705.785,2208.464
2023-05-23 22:00:00,2985.7160000000003,2234.467334,2625.7503330000004,2151.08
2023-05-23 23:00:00,2680.397,1949.977333,2288.076333,1891.1116659999998
2023-05-24 00:00:00,2244.228,1647.5503330000001,1911.4486670000001,1579.094
2023-05-24 01:00:00,1900.159,1463.938667,1641.9443339999998,1368.043
2023-05-24 02:00:00,1759.154,1313.7080010000002,1461.163,1247.2330000000002
2023-05-24 03:00:00,1655.953,1229.557667,1385.4136680000001,1171.034
2023-05-24 04:00:00,1632.171,1247.878999,1358.8750009999999,1152.117
2023-05-24 05:00:00,1681.444,1311.694,1403.9899999999998,1176.19
2023-05-24 06:00:00,1915.597,1494.237332,1601.645333,1302.947666
2023-05-24 07:00:00,2101.442,1717.135667,1816.867001,1489.6009999999999
2023-05-24 08:00:00,2278.193,1817.132,1961.126001,1680.058
2023-05-24 09:00:00,2382.6629999999996,1866.507,1955.599999,1743.775
2023-05-24 10:00:00,2405.376667,1821.331333,1924.503001,1707.6830009999999
2023-05-24 11:00:00,2364.118666,1781.401667,1881.9680809999998,1732.634
2023-05-24 12:00:00,2399.710333,1860.837666,1994.7149180000001,1702.1370000000002
2023-05-24 13:00:00,2396.642,1843.3706670000001,2024.006333,1716.342333
2023-05-24 14:00:00,2425.8959999999997,1842.005666,2012.115166,1643.523333
2023-05-24 15:00:00,2321.041,1853.7056650000002,2030.8929999999998,1572.9543330000001
2023-05-24 16:00:00,2472.1096669999997,1892.3453330000002,2165.0985,1777.354
2023-05-24 17:00:00,2666.4480000000003,2105.312334,2359.937001,1929.739333
2023-05-24 18:00:00,2978.0396659999997,2311.388,2573.428334,2058.828333
2023-05-24 19:00:00,3095.2709999999997,2411.799667,2702.3259160000002,2200.816666
2023-05-24 20:00:00,3033.4739999999997,2306.484334,2713.265165,2264.9049999999997
2023-05-24 21:00:00,3153.5793329999997,2324.108,2728.043417,2280.24
2023-05-24 22:00:00,3139.742667,2311.5699999999997,2680.431666,2188.273
2023-05-24 23:00:00,2829.0063330000003,2017.467666,2373.2115009999998,1967.79
2023-05-25 00:00:00,2347.855333,1671.602333,1931.291751,1648.257
2023-05-25 01:00:00,1973.273667,1423.306666,1638.735584,1356.904
2023-05-25 02:00:00,1720.193,1255.106667,1442.1347500000002,1263.4070000000002
2023-05-25 03:00:00,1601.581667,1185.784333,1333.499416,1108.726
2023-05-25 04:00:00,1547.0463330000002,1173.496,1290.8575,1101.159
2023-05-25 05:00:00,1602.09,1221.182333,1315.721418,1099.970334
2023-05-25 06:00:00,1820.6000000000001,1403.2160000000001,1522.0675,1227.4336669999998
2023-05-25 07:00:00,2067.816,1600.0496669999998,1741.371666,1491.7136659999999
2023-05-25 08:00:00,2231.839,1741.399666,1884.0024170000002,1606.578333
2023-05-25 09:00:00,2284.966,1739.3523340000002,1878.792418,1615.19
2023-05-25 10:00:00,2234.565,1686.330333,1832.412334,1652.9316669999998
2023-05-25 11:00:00,2269.372667,1722.445001,1918.0294990000002,1671.556667
2023-05-25 12:00:00,2391.8203329999997,1803.361333,1987.768084,1665.7350000000001
2023-05-25 13:00:00,2435.152001,1897.845333,2032.277584,1726.967
2023-05-25 14:00:00,2528.196667,2003.165,2126.7519170000005,1761.728
2023-05-25 15:00:00,2569.6543329999995,2154.594332,2307.456083,1833.288
2023-05-25 16:00:00,2880.164332,2294.341001,2527.4621669999997,2049.703
2023-05-25 17:00:00,3214.817333,2581.604999,2743.58125,2260.6639999999998
2023-05-25 18:00:00,3456.415333,2872.914335,2880.540834,2517.276
2023-05-25 19:00:00,3485.598333,2891.6436670000003,3062.696333,2548.354666
2023-05-25 20:00:00,3506.5829999999996,2899.967999,3114.981582,2508.629666
2023-05-25 21:00:00,3451.517667,2805.885333,3078.576,2467.859667
2023-05-25 22:00:00,3385.5556669999996,2753.509999,2935.316833,2452.831
2023-05-25 23:00:00,3062.885,2372.739,2562.013833,2200.809
2023-05-26 00:00:00,2535.1166670000002,1983.4653339999998,2164.813583,1812.8899999999999
2023-05-26 01:00:00,2121.807333,1632.920334,1827.8575,1538.1129999999998
2023-05-26 02:00:00,1835.2313329999997,1424.885667,1610.944083,1351.161
2023-05-26 03:00:00,1682.5076669999999,1306.5766680000002,1451.621333,1182.867667
2023-05-26 04:00:00,1608.154333,1238.101666,1341.084083,1113.049
2023-05-26 05:00:00,1640.9926670000002,1223.677333,1368.679666,1097.26
2023-05-26 06:00:00,1805.661667,1357.833333,1532.307416,1180.134
2023-05-26 07:00:00,2040.3486670000002,1603.329333,1681.769749,1388.011
2023-05-26 08:00:00,2180.110333,1712.621667,1901.321001,1556.538
2023-05-26 09:00:00,2251.724334,1770.097667,1996.001083,1620.068
2023-05-26 10:00:00,2357.727,1797.1396670000001,2062.6939169999996,1634.966
2023-05-26 11:00:00,2467.074,1884.7516660000001,2125.224666,1771.161
2023-05-26 12:00:00,2641.937,2051.238333,2326.2545,1906.258
2023-05-26 13:00:00,2848.177,2258.3256680000004,2434.390334,2051.227
2023-05-26 14:00:00,3034.695,2412.845666,2659.7825840000005,2160.138
2023-05-26 15:00:00,3111.61,2637.709666,2794.957332,2274.927
2023-05-26 16:00:00,3426.402,2870.858,3027.772583,2441.408
2023-05-26 17:00:00,3766.922,3165.900667,3236.3498329999998,2747.709
2023-05-26 18:00:00,3914.885,3356.234333,3408.402751,2873.257
2023-05-26 19:00:00,3911.056,3277.535667,3375.978,2844.343
2023-05-26 20:00:00,3782.179,3112.1369999999997,3275.850167,2728.565
2023-05-26 21:00:00,3640.0860000000002,2923.4053329999997,3154.951,2651.069
2023-05-26 22:00:00,3422.526,2766.276333,3018.7144160000003,2488.384
2023-05-26 23:00:00,3140.901,2462.178333,2633.142917,2176.4829999999997
2023-05-27 00:00:00,2665.829,1984.232,2310.529002,1894.0259999999998
2023-05-27 01:00:00,2262.3289999999997,1683.020666,1938.9713330000002,1593.1000000000001
2023-05-27 02:00:00,1976.3120000000001,1472.501,1688.319251,1362.0569999999998
2023-05-27 03:00:00,1777.662,1344.076,1538.3465,1202.3216670000002
2023-05-27 04:00:00,1678.0123330000001,1235.584,1421.45125,1122.6819999999998
2023-05-27 05:00:00,1608.205,1195.233,1375.779081,1092.507001
2023-05-27 06:00:00,1634.386,1234.0729999999999,1424.5722500000002,1129.879
2023-05-27 07:00:00,1754.544,1341.842,1511.960751,1232.060666
2023-05-27 08:00:00,2035.9850000000001,1537.71,1727.493,1382.614
2023-05-27 09:00:00,2333.834,1821.422,1935.808168,1551.427
2023-05-27 10:00:00,2504.018,2003.3619999999999,2190.4238330000003,1829.408
2023-05-27 11:00:00,2706.668667,2056.848,2344.671334,1893.1889999999999
2023-05-27 12:00:00,2751.558,2226.509,2444.32925,1927.6929999999998
2023-05-27 13:00:00,2775.6293339999997,2210.142,2505.5604169999997,1877.3500010000002
2023-05-27 14:00:00,2763.88,2251.867,2481.780667,1947.3629999999998
2023-05-27 15:00:00,2837.686,2312.083,2460.601,2022.685
2023-05-27 16:00:00,2932.4680000000003,2372.256,2528.830083,2038.172333
2023-05-27 17:00:00,3006.975,2472.9129999999996,2680.6701669999998,2208.205
2023-05-27 18:00:00,3151.7430000000004,2601.834,2738.1346670000003,2335.851333
2023-05-27 19:00:00,3162.5600000000004,2577.283,2694.629416,2308.1409999999996
2023-05-27 20:00:00,3156.6589999999997,2480.022,2653.20275,2267.7160000000003
2023-05-27 21:00:00,3035.082,2469.031,2686.0173330000002,2226.8100000000004
2023-05-27 22:00:00,2941.419,2441.732,2649.2641670000003,2156.3289999999997
2023-05-27 23:00:00,2719.411,2089.658,2379.488917,1905.636
2023-05-28 00:00:00,2395.314,1790.3029999999999,2061.115417,1640.146667
2023-05-28 01:00:00,2048.531667,1506.37,1810.893583,1408.04
2023-05-28 02:00:00,1788.444,1334.967,1572.9280840000001,1263.516666
2023-05-28 03:00:00,1641.897667,1234.326,1408.9103340000001,1129.567667
2023-05-28 04:00:00,1564.112,1168.341,1331.7485840000002,1073.466
2023-05-28 05:00:00,1522.96,1146.204,1299.4434999999999,1026.194
2023-05-28 06:00:00,1588.9460000000001,1186.1999999999998,1330.751667,1066.995
2023-05-28 07:00:00,1688.011,1308.082,1417.900167,1163.338
2023-05-28 08:00:00,1983.2440000000001,1539.105,1695.907166,1406.386
2023-05-28 09:00:00,2200.060667,1806.873,1932.404417,1595.693
2023-05-28 10:00:00,2510.209667,1985.369667,2160.667584,1789.692
2023-05-28 11:00:00,2654.6003330000003,2055.225,2385.2208330000003,1849.6970000000001
2023-05-28 12:00:00,2742.018,2127.341333,2426.90625,1927.537
2023-05-28 13:00:00,2760.1536670000005,2183.755,2420.5643330000003,1947.435332
2023-05-28 14:00:00,2730.3360000000002,2138.419333,2398.437499,1928.775666
2023-05-28 15:00:00,2755.6400000000003,2145.127333,2344.973751,1908.5130000000001
2023-05-28 16:00:00,2798.328333,2162.526667,2392.6035840000004,1902.749
2023-05-28 17:00:00,2812.678,2272.2439999999997,2455.8935,1987.9650000000001
2023-05-28 18:00:00,2887.445333,2326.184333,2558.0939169999997,2063.94
2023-05-28 19:00:00,2968.746667,2328.363,2598.1408330000004,2149.863999
2023-05-28 20:00:00,2940.304,2344.17,2561.46325,2155.4036669999996
2023-05-28 21:00:00,2999.1576670000004,2340.543333,2541.331333,2135.343
2023-05-28 22:00:00,2913.195667,2320.18,2472.836333,2121.398
2023-05-28 23:00:00,2688.5060000000003,2152.416,2300.612833,1894.7459990000002
2023-05-29 00:00:00,2336.766,1784.288,2006.332666,1627.351999
2023-05-29 01:00:00,1993.25,1472.64,1690.9003340000002,1439.7065
2023-05-29 02:00:00,1762.7669999999998,1284.241,1520.5400009999998,1254.6461669999999
2023-05-29 03:00:00,1622.549,1189.714,1395.9652500000002,1126.6660000000002
2023-05-29 04:00:00,1540.965,1172.1209999999999,1316.829667,1061.969
2023-05-29 05:00:00,1485.0280000000002,1148.704,1299.9196670000001,1036.194
2023-05-29 06:00:00,1573.707,1201.732667,1310.161166,1123.772
2023-05-29 07:00:00,1647.828,1291.575667,1392.341833,1206.6553330000002
2023-05-29 08:00:00,1848.7939999999999,1478.6019999999999,1564.4711670000002,1337.002668
2023-05-29 09:00:00,2139.806,1752.882,1752.447333,1576.1259989999999
2023-05-29 10:00:00,2497.093,1990.22,2055.996916,1812.315
2023-05-29 11:00:00,2761.926,2199.847,2276.947417,2014.062
2023-05-29 12:00:00,2808.423,2356.0483329999997,2436.574168,2025.355
2023-05-29 13:00:00,2831.368,2386.946333,2614.7523340000002,2140.197
2023-05-29 14:00:00,2847.625,2325.2756659999995,2578.063582,2134.009
2023-05-29 15:00:00,2964.1620000000003,2400.1440000000002,2617.935334,2005.108
2023-05-29 16:00:00,3006.641,2441.4219999999996,2704.471251,2232.8269999999998
2023-05-29 17:00:00,3194.659,2552.640667,2737.481001,2352.618666
2023-05-29 18:00:00,3296.107,2721.2110000000002,2914.8362500000003,2466.678333
2023-05-29 19:00:00,3470.0380000000005,2773.008333,2974.991083,2487.254
2023-05-29 20:00:00,3461.872,2765.906,2993.4900829999997,2552.066667
2023-05-29 21:00:00,3476.8999999999996,2715.3826670000003,3145.1225839999997,2492.1890000000003
2023-05-29 22:00:00,3449.883,2556.7510009999996,3022.2901659999998,2420.343333
2023-05-29 23:00:00,2945.7839999999997,2238.1130000000003,2543.6167499999997,2102.428
2023-05-30 00:00:00,2436.08,1750.0496669999998,2047.9768330000002,1662.082666
2023-05-30 01:00:00,2017.7519999999997,1464.046333,1691.91975,1406.798
2023-05-30 02:00:00,1761.181,1298.920333,1471.2956670000003,1198.663667
2023-05-30 03:00:00,1635.6219999999998,1227.482667,1383.041417,1089.464
2023-05-30 04:00:00,1577.0159999999998,1184.681,1324.167167,1074.388
2023-05-30 05:00:00,1601.344,1217.815667,1396.9175830000001,1126.4810000000002
2023-05-30 06:00:00,1808.433,1368.0946669999998,1559.917249,1245.356
2023-05-30 07:00:00,2013.559,1570.4589999999998,1758.6671660000002,1476.9989999999998
2023-05-30 08:00:00,2160.7619999999997,1713.490667,1925.268999,1613.721
2023-05-30 09:00:00,2211.7529999999997,1770.8220000000001,1847.6673329999999,1637.499
2023-05-30 10:00:00,2226.317334,1831.692,1872.358165,1653.4940000000001
2023-05-30 11:00:00,2296.382,1745.4393329999998,1876.6819169999999,1675.868334
2023-05-30 12:00:00,2404.468,1766.127333,1983.0805,1710.661
2023-05-30 13:00:00,2370.3109999999997,1809.331667,2075.851834,1731.672
2023-05-30 14:00:00,2382.567333,1810.355,2001.207832,1691.439
2023-05-30 15:00:00,2368.067,1830.9423330000002,2004.1045,1613.689
2023-05-30 16:00:00,2454.046,1946.35,2114.754083,1753.1970000000001
2023-05-30 17:00:00,2661.067,2064.489666,2258.2942510000003,1942.223
2023-05-30 18:00:00,2909.831,2291.822333,2594.790415,2112.983667
2023-05-30 19:00:00,3072.968334,2315.922,2644.678,2123.397999
2023-05-30 20:00:00,3137.666,2314.2076669999997,2721.1055,2174.0409999999997
2023-05-30 21:00:00,3099.081,2348.1459999999997,2777.263916,2224.181
2023-05-30 22:00:00,3028.3409999999994,2321.1500000000005,2639.68075,2168.861667
2023-05-30 23:00:00,2692.101,2011.206333,2270.600751,1959.662
2023-05-31 00:00:00,2252.3680000000004,1671.799667,1922.7232510000001,1626.145666
2023-05-31 01:00:00,1884.923,1407.105,1599.9402490000002,1350.5123320000002
2023-05-31 02:00:00,1714.324,1260.815667,1396.119666,1220.478
2023-05-31 03:00:00,1641.982,1195.573,1337.8781669999998,1121.06
2023-05-31 04:00:00,1581.198,1200.451333,1306.0014999999999,1093.4050000000002
2023-05-31 05:00:00,1657.346,1244.587333,1338.6039180000002,1123.103
2023-05-31 06:00:00,1859.755,1392.2016669999998,1511.8497499999999,1215.1879999999999
2023-05-31 07:00:00,2023.4850000000001,1616.174,1733.128667,1420.4809999999998
2023-05-31 08:00:00,2223.133,1720.731334,1883.7051680000002,1568.149
2023-05-31 09:00:00,2284.891,1805.675333,1862.669417,1667.6643330000002
2023-05-31 10:00:00,2331.9176669999997,1838.582334,1860.563167,1654.369666
2023-05-31 11:00:00,2305.5786669999998,1771.2169999999999,1898.280082,1584.511
2023-05-31 12:00:00,2454.965,1732.533,2016.006168,1673.8250000000003
2023-05-31 13:00:00,2373.135,1724.076,2005.516833,1699.502667
2023-05-31 14:00:00,2419.636,1747.889666,1963.041751,1614.382333
2023-05-31 15:00:00,2371.3619989999997,1757.5780000000002,1991.974835,1582.747
2023-05-31 16:00:00,2408.8586669999995,1836.6309999999999,2081.586168,1702.655667
2023-05-31 17:00:00,2676.862,2025.797,2238.6063329999997,1858.4006669999999
2023-05-31 18:00:00,2815.1059999999998,2163.016667,2432.386085,2011.977
2023-05-31 19:00:00,2887.828,2275.8459999999995,2522.8554139999997,2094.015
2023-05-31 20:00:00,2925.136,2219.416333,2601.779084,2171.5553339999997
2023-05-31 21:00:00,2997.331,2241.784,2570.237666,2157.9610000000002
2023-05-31 22:00:00,3020.54,2220.219,2575.355834,2195.41
2023-05-31 23:00:00,2663.56,1985.237,2268.3415830000004,1921.016
2023-06-01 00:00:00,2225.902,1652.547,1921.0425839999998,1606.324
2023-06-01 01:00:00,1876.4790000000003,1420.994,1602.049085,1389.037
2023-06-01 02:00:00,1725.953,1283.348,1460.4906660000001,1225.8049999999998
2023-06-01 03:00:00,1656.518,1226.0140000000001,1340.3295819999998,1126.9009999999998
2023-06-01 04:00:00,1601.274,1213.795,1321.95775,1098.116
2023-06-01 05:00:00,1719.538,1299.955,1387.995335,1182.9399999999998
2023-06-01 06:00:00,1954.7250000000001,1499.254,1617.445332,1331.786
2023-06-01 07:00:00,2175.11,1723.783,1852.70525,1551.478
2023-06-01 08:00:00,2348.786666,1831.205,2006.4483330000003,1675.034
2023-06-01 09:00:00,2378.462666,1883.574,1980.271084,1680.620333
2023-06-01 10:00:00,2356.130333,1770.541,1951.117749,1735.682333
2023-06-01 11:00:00,2315.4,1833.445,1999.9660000000001,1758.969001
2023-06-01 12:00:00,2409.039,1827.26,1990.095584,1705.3600000000001
2023-06-01 13:00:00,2415.9179999999997,1831.5499999999997,1967.707084,1713.444
2023-06-01 14:00:00,2320.786,1769.7130000000002,1975.747668,1721.550667
2023-06-01 15:00:00,2353.04,1742.776,1908.1824159999999,1691.819667
2023-06-01 16:00:00,2476.583,1868.237,2027.936416,1768.0916670000001
2023-06-01 17:00:00,2637.326,2034.1339999999998,2261.904001,1917.2756669999999
2023-06-01 18:00:00,2839.419,2220.189,2404.109583,1998.328
2023-06-01 19:00:00,2944.683,2345.616,2485.685749,2087.827
2023-06-01 20:00:00,2920.2039999999997,2371.2340000000004,2572.880582,2156.344333
2023-06-01 21:00:00,3026.9939999999997,2348.948,2676.4069170000002,2189.212667
2023-06-01 22:00:00,2980.0959999999995,2278.013,2597.1764169999997,2201.3776669999997
2023-06-01 23:00:00,2684.512,2036.746,2254.039084,1993.554
2023-06-02 00:00:00,2239.938,1656.949,1896.2031659999998,1627.739
2023-06-02 01:00:00,1900.7179999999998,1425.21,1601.538166,1349.963
2023-06-02 02:00:00,1705.9589999999998,1249.147,1418.433499,1202.442
2023-06-02 03:00:00,1605.4830000000002,1192.345,1316.549833,1110.693335
2023-06-02 04:00:00,1556.808,1180.821,1295.546082,1077.1423330000002
2023-06-02 05:00:00,1633.483,1227.873667,1353.766415,1111.087666
2023-06-02 06:00:00,1845.4099999999999,1384.152667,1487.265833,1273.0169999999998
2023-06-02 07:00:00,2087.4809999999998,1615.579667,1726.085834,1487.4236660000001
2023-06-02 08:00:00,2250.919666,1729.221,1925.960834,1645.499333
2023-06-02 09:00:00,2281.298667,1713.804,1878.676084,1618.613333
2023-06-02 10:00:00,2227.905667,1699.571,1941.5808319999999,1581.304999
2023-06-02 11:00:00,2285.8819999999996,1738.5483329999997,1925.4772509999998,1642.924666
2023-06-02 12:00:00,2394.1710000000003,1784.5133340000002,1949.6101680000002,1653.5320000000002
2023-06-02 13:00:00,2426.126,1812.472334,1971.768499,1676.796
2023-06-02 14:00:00,2380.456,1837.674334,2016.305916,1655.252
2023-06-02 15:00:00,2443.302,1917.518,2025.5838340000003,1682.0030000000002
2023-06-02 16:00:00,2601.371,2037.533,2226.347833,1826.4350000000002
2023-06-02 17:00:00,2829.41,2247.5860000000002,2404.133917,1961.825667
2023-06-02 18:00:00,2940.986,2436.934,2561.683332,2155.3749989999997
2023-06-02 19:00:00,3033.779,2432.783,2673.754333,2245.860668
2023-06-02 20:00:00,3023.1679999999997,2403.9069999999997,2712.1663340000005,2266.953
2023-06-02 21:00:00,3094.478,2285.0070000000005,2665.4194159999997,2161.7290000000003
2023-06-02 22:00:00,2944.897,2227.818,2522.6665000000003,2122.0609999999997
2023-06-02 23:00:00,2708.612,2057.333333,2293.466999,1965.911
2023-06-03 00:00:00,2334.175,1743.3450000000003,1997.5088339999998,1718.407667
2023-06-03 01:00:00,1967.295,1496.187333,1729.5645,1467.4759999999999
2023-06-03 02:00:00,1791.06,1310.7069999999999,1491.364001,1266.172
2023-06-03 03:00:00,1630.613,1189.214,1354.5237499999998,1138.4316669999998
2023-06-03 04:00:00,1530.246,1151.068,1298.622417,1089.752999
2023-06-03 05:00:00,1507.1190000000001,1126.8890000000001,1285.381084,1101.5479990000001
2023-06-03 06:00:00,1570.854,1161.538,1348.9762500000002,1148.146667
2023-06-03 07:00:00,1713.741,1333.8419999999999,1493.072417,1262.005
2023-06-03 08:00:00,1986.4279999999999,1563.0140000000001,1692.5268340000002,1485.772
2023-06-03 09:00:00,2223.7110000000002,1872.308,1947.675917,1653.9089999999999
2023-06-03 10:00:00,2489.053,1972.265,2169.4195010000003,1820.8200000000002
2023-06-03 11:00:00,2636.849334,2073.366,2342.39225,1872.163
2023-06-03 12:00:00,2716.121,2064.429333,2391.916583,1860.665
2023-06-03 13:00:00,2731.4390000000003,2104.730333,2443.586332,1932.8706670000001
2023-06-03 14:00:00,2807.545,2159.553667,2381.354083,2007.7946670000001
2023-06-03 15:00:00,2843.98,2262.18,2462.249584,2043.585
2023-06-03 16:00:00,2944.416,2394.744667,2523.503082,2129.033
2023-06-03 17:00:00,3022.084,2555.438667,2697.014584,2253.698
2023-06-03 18:00:00,3065.402,2714.5783330000004,2795.131416,2388.129
2023-06-03 19:00:00,3207.7690000000002,2675.901333,2865.219083,2379.0633340000004
2023-06-03 20:00:00,3204.603333,2559.076,2778.806501,2351.096333
2023-06-03 21:00:00,3072.516667,2422.656667,2725.510832,2229.160333
2023-06-03 22:00:00,3086.91,2318.863333,2619.817167,2171.768
2023-06-03 23:00:00,2832.0863329999997,2134.2870000000003,2341.599418,1922.9
2023-06-04 00:00:00,2441.3039999999996,1818.952,2065.148749,1646.5520000000001
2023-06-04 01:00:00,2096.575667,1551.5426670000002,1742.908668,1443.74
2023-06-04 02:00:00,1800.0226670000002,1316.4786669999999,1499.1616670000003,1243.622
2023-06-04 03:00:00,1633.505333,1199.485333,1391.08025,1103.319333
2023-06-04 04:00:00,1502.089,1147.458333,1323.787667,1038.291667
2023-06-04 05:00:00,1490.802333,1128.944667,1294.617999,1022.990999
2023-06-04 06:00:00,1568.65,1129.769333,1321.6168309999998,1071.417
2023-06-04 07:00:00,1685.317,1269.883333,1433.998501,1182.079
2023-06-04 08:00:00,1956.578,1507.537,1692.5901680000002,1383.670334
2023-06-04 09:00:00,2203.832334,1768.535333,1926.071001,1597.459001
2023-06-04 10:00:00,2446.516,1957.844667,2221.848917,1827.4299999999998
2023-06-04 11:00:00,2673.924,2112.913,2302.738084,2002.4573340000002
2023-06-04 12:00:00,2820.824,2237.5573329999997,2465.5805,1975.687333
2023-06-04 13:00:00,2850.495667,2299.1220000000003,2435.869334,2079.050667
2023-06-04 14:00:00,2869.683,2252.590333,2471.8665819999997,2123.5099999999998
2023-06-04 15:00:00,2843.3909999999996,2312.8833329999998,2414.396001,2088.059666
2023-06-04 16:00:00,2983.87,2396.605667,2597.782917,2117.745666
2023-06-04 17:00:00,3027.3230000000003,2519.74,2737.5953339999996,2194.6266659999997
2023-06-04 18:00:00,3183.127,2694.568,2842.867249,2319.392333
2023-06-04 19:00:00,3264.228,2683.5726670000004,2899.893081,2341.1926670000003
2023-06-04 20:00:00,3268.4100000000003,2634.482334,2898.9744149999997,2384.854
2023-06-04 21:00:00,3246.6189999999997,2536.651666,2880.653917,2397.438333
2023-06-04 22:00:00,3198.258,2416.6549999999997,2787.829501,2321.48
2023-06-04 23:00:00,2891.104,2156.218,2425.404751,2059.108
2023-06-05 00:00:00,2369.5829999999996,1847.5713329999999,2003.3143340000001,1641.931
2023-06-05 01:00:00,1979.314,1488.607667,1635.32475,1356.1936680000001
2023-06-05 02:00:00,1724.486,1291.209667,1440.509833,1201.603667
2023-06-05 03:00:00,1608.174,1224.905333,1384.277832,1071.217668
2023-06-05 04:00:00,1544.74,1187.378334,1341.0101670000001,1075.806667
2023-06-05 05:00:00,1587.121,1209.433,1316.785084,1107.206334
2023-06-05 06:00:00,1766.06,1358.159333,1494.811834,1224.391332
2023-06-05 07:00:00,1990.859,1622.0836669999999,1722.105834,1428.427667
2023-06-05 08:00:00,2101.3950000000004,1696.8310000000001,1913.3991660000002,1601.005667
2023-06-05 09:00:00,2167.856333,1720.790333,1831.4125,1642.6953330000001
2023-06-05 10:00:00,2217.5703329999997,1750.3906670000001,1919.395165,1620.954667
2023-06-05 11:00:00,2272.6736659999997,1755.8826669999999,2010.344167,1640.6243330000002
2023-06-05 12:00:00,2392.119,1807.454,2098.141083,1655.335668
2023-06-05 13:00:00,2474.0280000000002,1897.9196670000001,2095.730417,1752.365
2023-06-05 14:00:00,2573.314,1933.3629999999998,2150.0189170000003,1810.9986669999998
2023-06-05 15:00:00,2656.76,2062.1676669999997,2234.382416,1877.3400000000001
2023-06-05 16:00:00,2866.059,2308.999667,2472.1205,2081.2439999999997
2023-06-05 17:00:00,3147.6980000000003,2623.559,2792.856834,2282.42
2023-06-05 18:00:00,3383.946,2913.6526670000003,3027.916585,2524.489
2023-06-05 19:00:00,3436.281,2984.295,3196.0221659999997,2557.283
2023-06-05 20:00:00,3486.0769999999998,2849.7523330000004,3098.198251,2507.3109999999997
2023-06-05 21:00:00,3382.1549999999997,2702.329,2988.8574169999997,2459.3156660000004
2023-06-05 22:00:00,3218.12,2591.322,2844.2397499999997,2403.9216669999996
2023-06-05 23:00:00,2840.621,2285.903,2451.7066669999995,2074.144667
2023-06-06 00:00:00,2420.0393329999997,1834.558,2075.511251,1752.0286660000002
2023-06-06 01:00:00,2036.699,1466.687,1703.113418,1466.359
2023-06-06 02:00:00,1754.351333,1297.077,1531.1549180000002,1287.857
2023-06-06 03:00:00,1620.5843340000001,1246.859,1390.851416,1129.74
2023-06-06 04:00:00,1528.382333,1186.011,1343.670084,1092.138
2023-06-06 05:00:00,1575.1670000000001,1237.658,1381.963749,1103.257333
2023-06-06 06:00:00,1792.639667,1351.4769999999999,1508.084664,1240.588
2023-06-06 07:00:00,1949.983,1523.9180000000001,1700.8755820000001,1401.587667
2023-06-06 08:00:00,2167.438,1668.999,1866.215999,1607.0823329999998
2023-06-06 09:00:00,2207.334,1715.2309999999998,1857.827917,1591.010667
2023-06-06 10:00:00,2214.759,1756.4270000000001,1916.5694159999998,1625.104334
2023-06-06 11:00:00,2398.085,1799.204,1988.810832,1699.974
2023-06-06 12:00:00,2491.9573329999994,1884.127,2112.232666,1744.517334
2023-06-06 13:00:00,2655.832,2060.8810000000003,2239.582832,1893.8786679999998
2023-06-06 14:00:00,2828.525666,2280.772667,2385.896833,2049.4150010000003
2023-06-06 15:00:00,3107.866333,2523.020667,2645.728167,2199.096334
2023-06-06 16:00:00,3487.7486670000003,2892.023667,2966.5743350000002,2515.052667
2023-06-06 17:00:00,3883.1310000000003,3309.9753330000003,3378.1028349999997,2898.447666
2023-06-06 18:00:00,4053.4269999999997,3699.5786669999998,3695.330167,3127.3763329999997
2023-06-06 19:00:00,4305.131667,3869.169,3820.7355829999997,3279.9109989999997
2023-06-06 20:00:00,4326.054333,3775.265,3848.4505830000003,3190.384666
2023-06-06 21:00:00,4249.474,3618.130333,3780.4731679999995,3104.446333
2023-06-06 22:00:00,4074.1130000000003,3379.495,3549.582499,3035.084001
2023-06-06 23:00:00,3651.643,2967.623,3099.569084,2629.8013339999998
2023-06-07 00:00:00,2978.993,2394.788333,2598.298251,2163.2479999999996
2023-06-07 01:00:00,2459.0653330000005,1946.490667,2162.327334,1771.895
2023-06-07 02:00:00,2128.450667,1622.0859999999998,1827.3480829999999,1549.8719999999998
2023-06-07 03:00:00,1945.4029999999998,1491.9363329999999,1658.00275,1397.557
2023-06-07 04:00:00,1821.4900000000002,1380.5610000000001,1572.717417,1285.1706669999999
2023-06-07 05:00:00,1845.258,1399.3890000000001,1574.2946689999999,1291.121334
2023-06-07 06:00:00,1940.647,1467.92,1619.277916,1332.998666
2023-06-07 07:00:00,2061.926,1597.667333,1827.4137500000002,1504.033
2023-06-07 08:00:00,2177.4080000000004,1723.69,1961.7440850000003,1597.5990000000002
2023-06-07 09:00:00,2330.209667,1760.0479999999998,1915.6496670000001,1650.6786670000001
2023-06-07 10:00:00,2318.039666,1774.171,1942.6610010000002,1667.4793329999998
2023-06-07 11:00:00,2347.714333,1841.2289999999998,1928.6006659999998,1717.187334
2023-06-07 12:00:00,2477.706667,1968.7269999999999,2054.604667,1780.16
2023-06-07 13:00:00,2635.6670000000004,2088.332334,2123.693334,1875.025
2023-06-07 14:00:00,2673.220666,2116.291334,2269.93,1886.673667
2023-06-07 15:00:00,2837.0240000000003,2289.455,2400.322,2006.247333
2023-06-07 16:00:00,3162.442,2613.2450000000003,2702.885667,2311.102
2023-06-07 17:00:00,3602.3059999999996,2988.736,3077.225999,2641.439333
2023-06-07 18:00:00,3902.794,3324.6639999999998,3252.415333,2884.0196669999996
2023-06-07 19:00:00,4039.9790000000003,3462.0350000000003,3569.2413320000005,2995.671667
2023-06-07 20:00:00,4031.047,3375.3211659999997,3562.267333,2964.3686660000003
2023-06-07 21:00:00,4039.8239999999996,3280.1859999999997,3500.939,2825.353333
2023-06-07 22:00:00,3890.262,3086.547,3363.5056680000002,2777.755667
2023-06-07 23:00:00,3372.674,2651.307,2904.587333,2444.185333
2023-06-08 00:00:00,2855.1910000000003,2204.8230000000003,2384.371001,1958.754001
2023-06-08 01:00:00,2375.31,1798.5410000000002,1987.185334,1691.466334
2023-06-08 02:00:00,2021.1209999999999,1523.3899999999999,1735.198667,1480.492333
2023-06-08 03:00:00,1829.28,1376.7849999999999,1570.02,1278.629666
2023-06-08 04:00:00,1702.7310000000002,1324.813,1509.798334,1207.812334
2023-06-08 05:00:00,1708.253,1348.1260000000002,1491.057,1199.6733330000002
2023-06-08 06:00:00,1861.83,1411.1109999999999,1568.643332,1269.3490000000002
2023-06-08 07:00:00,2033.1860000000001,1632.12,1711.6419999999998,1372.555333
2023-06-08 08:00:00,2188.013,1723.9699999999998,1844.4416660000002,1567.903
2023-06-08 09:00:00,2241.3443339999994,1732.9930000000002,1831.113333,1591.074
2023-06-08 10:00:00,2199.3876659999996,1738.123,1876.400666,1571.559333
2023-06-08 11:00:00,2255.5640000000003,1758.517,1903.204666,1601.5230000000001
2023-06-08 12:00:00,2322.657666,1801.181,1980.944332,1627.844333
2023-06-08 13:00:00,2485.410999,1863.6219999999998,2066.2916670000004,1723.8600000000001
2023-06-08 14:00:00,2491.5303329999997,1866.9923330000001,2034.9956659999998,1719.684
2023-06-08 15:00:00,2476.956,1894.536667,2138.744666,1701.677667
2023-06-08 16:00:00,2676.798,2045.042,2353.563999,1819.254001
2023-06-08 17:00:00,2796.278,2188.4089999999997,2507.723333,2026.297001
2023-06-08 18:00:00,2886.507,2335.948,2683.003001,2129.9186659999996
2023-06-08 19:00:00,3028.841,2468.135,2776.5576659999997,2126.339
2023-06-08 20:00:00,3117.602,2524.59,2765.806,2207.879333
2023-06-08 21:00:00,3119.303334,2533.2200000000003,2807.6400000000003,2250.116
2023-06-08 22:00:00,3076.2113329999997,2476.339,2689.9953330000003,2203.1789999999996
2023-06-08 23:00:00,2806.313666,2155.456,2426.645334,1943.487
2023-06-09 00:00:00,2348.089333,1772.749,2042.336667,1674.855
2023-06-09 01:00:00,2027.9650000000001,1533.392667,1756.524999,1443.068
2023-06-09 02:00:00,1763.153,1366.288667,1567.239333,1293.8809999999999
2023-06-09 03:00:00,1639.6999999999998,1290.1763329999999,1413.659333,1136.069333
2023-06-09 04:00:00,1576.045,1225.5053329999998,1356.2639990000002,1099.8220000000001
2023-06-09 05:00:00,1627.587,1241.666667,1360.8533320000001,1121.1509999999998
2023-06-09 06:00:00,1736.2350000000001,1312.630333,1517.460999,1199.408001
2023-06-09 07:00:00,1877.714,1515.952667,1644.0306679999999,1356.5756660000002
2023-06-09 08:00:00,2145.6803330000002,1638.967333,1833.841666,1466.058
2023-06-09 09:00:00,2153.751667,1701.155,1834.035,1531.2343329999999
2023-06-09 10:00:00,2193.9139999999998,1743.501667,1870.109333,1642.917
2023-06-09 11:00:00,2317.7210000000005,1784.9206669999999,1937.867334,1680.232999
2023-06-09 12:00:00,2470.094,1856.1586669999997,2057.481,1734.8046669999999
2023-06-09 13:00:00,2532.126,1783.298334,2071.2743330000003,1828.014999
2023-06-09 14:00:00,2483.126,1766.1546680000001,2149.683666,1722.901667
2023-06-09 15:00:00,2488.2729999999997,1787.537,2111.947334,1720.463667
2023-06-09 16:00:00,2526.971,1862.667,2169.2656660000002,1751.7530000000002
2023-06-09 17:00:00,2672.1519999999996,2009.7039999999997,2289.1806669999996,1953.784333
2023-06-09 18:00:00,2752.712,2109.495,2423.949333,2037.012667
2023-06-09 19:00:00,2740.788,2165.8900000000003,2500.251334,1998.463
2023-06-09 20:00:00,2816.615,2191.436,2485.4900000000002,2046.5310000000002
2023-06-09 21:00:00,2882.946,2163.884,2476.984333,2015.2706669999998
2023-06-09 22:00:00,2754.344,2152.647,2363.7476669999996,1946.421333
2023-06-09 23:00:00,2526.167,1923.02,2183.152999,1754.1979999999999
2023-06-10 00:00:00,2226.3360000000002,1666.812,1899.686334,1550.851
2023-06-10 01:00:00,1939.002,1478.665,1662.1116660000002,1360.267
2023-06-10 02:00:00,1774.647,1311.488,1482.3843339999999,1238.376
2023-06-10 03:00:00,1621.099,1194.006,1374.610333,1119.521
2023-06-10 04:00:00,1560.714,1151.0910000000001,1297.724667,1084.018
2023-06-10 05:00:00,1547.784,1144.3619999999999,1262.1476659999998,1081.998
2023-06-10 06:00:00,1611.1779999999999,1182.4650000000001,1337.907667,1139.8159999999998
2023-06-10 07:00:00,1736.4270000000001,1307.595,1484.188333,1257.2196669999998
2023-06-10 08:00:00,1949.646,1539.863,1686.547333,1466.252667
2023-06-10 09:00:00,2303.418,1856.955,1945.4053319999998,1632.143
2023-06-10 10:00:00,2499.8853329999997,2001.118,2164.109001,1773.766
2023-06-10 11:00:00,2687.6263339999996,2046.7930000000001,2243.898,1839.405
2023-06-10 12:00:00,2762.484333,2163.295,2388.3140009999997,1938.489
2023-06-10 13:00:00,2756.3346669999996,2166.4710000000005,2387.5906669999995,1967.703333
2023-06-10 14:00:00,2735.969,2198.5599999999995,2359.5240009999998,1887.8253330000002
2023-06-10 15:00:00,2746.636,2170.86,2429.3533340000004,1816.5339999999999
2023-06-10 16:00:00,2821.2259999999997,2183.399,2433.435998,1951.1309999999999
2023-06-10 17:00:00,2884.401,2291.96,2535.8903330000003,2006.531
2023-06-10 18:00:00,3012.4049999999997,2435.329,2617.469333,2101.9356669999997
2023-06-10 19:00:00,3013.6920000000005,2409.3413339999997,2649.4946659999996,2166.520334
2023-06-10 20:00:00,2997.9629999999997,2299.5690000000004,2673.5243330000003,2136.4083330000003
2023-06-10 21:00:00,2930.094,2183.660667,2573.692332,2051.9203339999995
2023-06-10 22:00:00,2940.6589999999997,2232.9130000000005,2544.388333,2051.218999
2023-06-10 23:00:00,2744.609,2077.484,2355.392,1986.122667
2023-06-11 00:00:00,2377.303,1819.062,2030.1989979999998,1671.4413330000002
2023-06-11 01:00:00,2048.243,1537.779,1698.6560009999998,1465.6370000000002
2023-06-11 02:00:00,1826.2279999999998,1329.376,1548.085667,1274.545
2023-06-11 03:00:00,1643.5729999999999,1209.527,1378.130998,1132.653
2023-06-11 04:00:00,1541.772,1131.345666,1274.748,1063.988
2023-06-11 05:00:00,1504.565,1118.0013330000002,1275.2096660000002,1057.863
2023-06-11 06:00:00,1557.4470000000001,1189.716,1308.5430000000001,1066.849
2023-06-11 07:00:00,1649.2759999999998,1260.231,1384.398999,1164.940667
2023-06-11 08:00:00,1877.028,1446.621,1603.873999,1310.622334
2023-06-11 09:00:00,2163.81,1730.867,1912.589,1571.7530000000002
2023-06-11 10:00:00,2437.589,2035.369,2170.488334,1747.748
2023-06-11 11:00:00,2627.373,2091.049,2281.705333,1865.287
2023-06-11 12:00:00,2828.893,2219.73,2442.421999,2020.8229999999999
2023-06-11 13:00:00,2926.085667,2375.1189999999997,2565.019333,2025.4799999999998
2023-06-11 14:00:00,3014.561333,2494.100667,2635.644666,2163.8720000000003
2023-06-11 15:00:00,3141.8900000000003,2606.404333,2683.574668,2232.792667
2023-06-11 16:00:00,3214.6549999999997,2728.096999,2778.049333,2367.3886669999997
2023-06-11 17:00:00,3326.776,2907.732,2941.336335,2523.295
2023-06-11 18:00:00,3531.99,3022.487,3089.100331,2609.6136669999996
2023-06-11 19:00:00,3619.736,3047.102,3200.021665,2634.0370000000003
2023-06-11 20:00:00,3601.075,2997.4269999999997,3132.369666,2583.51
2023-06-11 21:00:00,3479.5029999999997,2908.666,2998.6986669999997,2567.544
2023-06-11 22:00:00,3455.479666,2721.339,3038.1743349999997,2483.9213330000002
2023-06-11 23:00:00,3057.463334,2433.278,2677.1926670000003,2225.838
2023-06-12 00:00:00,2568.766666,2060.522,2306.802001,1797.036
2023-06-12 01:00:00,2131.474,1680.663,1911.528334,1539.789
2023-06-12 02:00:00,1850.8449999999998,1414.6970000000001,1610.505333,1294.126
2023-06-12 03:00:00,1677.076,1298.421,1467.228666,1168.7040000000002
2023-06-12 04:00:00,1621.709,1244.3303329999999,1363.1749999999997,1105.522667
2023-06-12 05:00:00,1615.825,1274.638,1411.5153340000002,1148.691334
2023-06-12 06:00:00,1755.624,1345.256333,1550.8470000000002,1214.692332
2023-06-12 07:00:00,1996.939,1542.8736669999998,1711.0140000000001,1369.3739999999998
2023-06-12 08:00:00,2214.479,1721.867,1927.2436670000002,1557.5696669999998
2023-06-12 09:00:00,2269.128,1829.677333,2005.597335,1591.087667
2023-06-12 10:00:00,2316.069333,1824.4099999999999,2019.429,1675.9026669999998
2023-06-12 11:00:00,2509.141334,1971.7869999999998,2151.3210010000003,1710.296
2023-06-12 12:00:00,2703.598666,2195.051,2316.748667,1891.115
2023-06-12 13:00:00,2929.883,2429.729667,2533.682667,2119.81
2023-06-12 14:00:00,3158.951,2663.652,2755.2533329999997,2247.727
2023-06-12 15:00:00,3414.7780000000002,2892.353667,2926.1679990000002,2490.038667
2023-06-12 16:00:00,3729.459,3240.615667,3215.112999,2709.4410000000003
2023-06-12 17:00:00,4170.005,3609.0280000000002,3592.605668,3021.6410000000005
2023-06-12 18:00:00,4437.165,3888.5950000000003,3956.723001,3275.142
2023-06-12 19:00:00,4488.03,4040.8229999999994,4038.9623330000004,3317.406667
2023-06-12 20:00:00,4499.415000000001,3941.612,3991.269668,3318.546333
2023-06-12 21:00:00,4419.0,3715.9049999999997,3856.280002,3187.461333
2023-06-12 22:00:00,4200.923000000001,3504.0460000000003,3644.705668,3011.891
2023-06-12 23:00:00,3724.71,2991.598,3186.049666,2628.795
2023-06-13 00:00:00,3140.3140000000003,2469.937,2614.460333,2161.221
2023-06-13 01:00:00,2616.314,2022.304667,2152.894667,1808.687
2023-06-13 02:00:00,2232.4840000000004,1730.470333,1841.347667,1565.342
2023-06-13 03:00:00,1989.4989999999998,1591.954,1644.074666,1361.721
2023-06-13 04:00:00,1842.51,1459.371,1534.261667,1281.8830010000001
2023-06-13 05:00:00,1831.38,1413.5896659999999,1541.525666,1271.685333
2023-06-13 06:00:00,1903.4,1475.1533330000002,1626.715,1315.706334
2023-06-13 07:00:00,2023.6460000000002,1638.006,1763.287,1444.5900000000001
2023-06-13 08:00:00,2214.773,1737.848,1960.8943330000002,1521.6709999999998
2023-06-13 09:00:00,2252.735,1760.964333,1951.914666,1673.941
2023-06-13 10:00:00,2298.654333,1769.836333,1985.386333,1697.419
2023-06-13 11:00:00,2300.406,1740.077333,2062.845334,1658.643333
2023-06-13 12:00:00,2414.5099999999998,1831.8173330000002,2085.773999,1730.7423330000001
2023-06-13 13:00:00,2584.352,1918.996,2195.3083349999997,1834.0243340000002
2023-06-13 14:00:00,2634.854,1986.891,2248.653334,1885.547335
2023-06-13 15:00:00,2782.6540000000005,2112.433,2384.939668,1947.8886670000002
2023-06-13 16:00:00,2938.027,2395.673,2532.976001,2131.947
2023-06-13 17:00:00,3175.663,2581.46,2703.633667,2259.4049999999997
2023-06-13 18:00:00,3413.851,2746.4520009999997,2923.7769989999997,2462.459
2023-06-13 19:00:00,3388.6943330000004,2771.788333,3034.843001,2489.6059999999998
2023-06-13 20:00:00,3462.424999,2700.761333,2970.093,2398.2486660000004
2023-06-13 21:00:00,3292.614667,2583.259334,2851.932332,2416.69
2023-06-13 22:00:00,3215.4040000000005,2417.700332,2755.89,2234.549
2023-06-13 23:00:00,2841.2870000000003,2060.590333,2383.0606690000004,1981.213
2023-06-14 00:00:00,2289.188,1751.743,1947.0876680000001,1656.5459999999998
2023-06-14 01:00:00,1951.895333,1474.0939990000002,1648.973,1379.598333
2023-06-14 02:00:00,1736.2533329999999,1284.825,1463.248999,1243.719333
2023-06-14 03:00:00,1598.617667,1218.362,1325.4550000000002,1114.987999
2023-06-14 04:00:00,1526.491,1182.631332,1298.016,1099.239333
2023-06-14 05:00:00,1576.645001,1208.545666,1324.0910010000002,1108.483
2023-06-14 06:00:00,1720.337333,1304.688001,1482.281666,1181.2910000000002
2023-06-14 07:00:00,1914.291001,1489.874666,1695.728334,1342.423
2023-06-14 08:00:00,2064.029999,1642.938999,1801.2646679999998,1484.338333
2023-06-14 09:00:00,2209.757667,1729.2216669999998,1861.528334,1543.3850000000002
2023-06-14 10:00:00,2237.323,1694.426333,1866.053334,1566.738333
2023-06-14 11:00:00,2208.952,1652.668667,1886.9454999999998,1629.409
2023-06-14 12:00:00,2264.227667,1697.235333,1975.2286669999999,1655.675667
2023-06-14 13:00:00,2304.109,1746.601333,2001.846001,1653.1453330000002
2023-06-14 14:00:00,2300.3849999999998,1717.294,2015.417334,1657.596
2023-06-14 15:00:00,2240.661,1758.1799999999998,2037.2616659999999,1635.239
2023-06-14 16:00:00,2373.9539999999997,1808.5933329999998,2140.8473329999997,1713.505333
2023-06-14 17:00:00,2605.209334,2035.062,2337.3606660000005,1853.1660000000002
2023-06-14 18:00:00,2820.5150000000003,2177.293334,2505.7799999999997,1964.648667
2023-06-14 19:00:00,2915.6629999999996,2188.164001,2566.845998,2030.239
2023-06-14 20:00:00,2921.326,2190.0453329999996,2534.973333,2073.145
2023-06-14 21:00:00,2974.41,2252.553666,2593.575,2114.763333
2023-06-14 22:00:00,2873.186,2240.580334,2521.122334,2073.587333
2023-06-14 23:00:00,2599.1549999999997,1956.7986660000001,2239.483333,1869.564333
2023-06-15 00:00:00,2188.45,1668.485667,1891.3040010000002,1584.4006669999999
2023-06-15 01:00:00,1892.009,1425.3453329999998,1597.3713340000002,1316.1116670000001
2023-06-15 02:00:00,1702.131666,1237.860667,1443.7603330000002,1189.373334
2023-06-15 03:00:00,1555.527,1184.407333,1342.901667,1107.162333
2023-06-15 04:00:00,1526.747,1191.649667,1276.309,1059.856
2023-06-15 05:00:00,1577.069,1222.712333,1362.770667,1145.216
2023-06-15 06:00:00,1766.812,1364.772,1508.619,1273.22
2023-06-15 07:00:00,1906.872,1508.398666,1731.177001,1424.109
2023-06-15 08:00:00,2082.5600000000004,1636.857667,1874.410333,1510.644
2023-06-15 09:00:00,2148.536,1676.920333,1854.63,1612.052
2023-06-15 10:00:00,2226.0426669999997,1687.3146669999999,1882.623666,1625.7350000000001
2023-06-15 11:00:00,2286.654,1681.907,1900.7816659999999,1644.4
2023-06-15 12:00:00,2284.684,1803.0193330000002,1961.929666,1652.114333
2023-06-15 13:00:00,2326.2940000000003,1836.379999,1966.760334,1629.777667
2023-06-15 14:00:00,2295.879333,1837.6953330000001,1944.5970000000002,1623.492666
2023-06-15 15:00:00,2366.567,1829.9143330000002,1968.626334,1602.437666
2023-06-15 16:00:00,2544.214,1960.8649999999998,2101.319332,1723.062
2023-06-15 17:00:00,2780.872,2112.079001,2301.5496669999998,1950.6916669999998
2023-06-15 18:00:00,2937.987,2341.910333,2529.259,2074.774666
2023-06-15 19:00:00,3005.295,2453.051,2667.1953320000002,2149.518
2023-06-15 20:00:00,3097.2799999999997,2408.926,2666.431666,2185.6986669999997
2023-06-15 21:00:00,3113.0679999999998,2307.409667,2645.206999,2228.442
2023-06-15 22:00:00,3049.3610000000003,2246.891667,2597.449999,2243.502667
2023-06-15 23:00:00,2817.123,2048.851333,2305.1186669999997,2025.934666
2023-06-16 00:00:00,2299.559,1779.924333,2040.085334,1685.9409999999998
2023-06-16 01:00:00,1892.458,1468.435666,1672.4940000000001,1439.657
2023-06-16 02:00:00,1703.172,1297.784667,1430.5439999999999,1252.430333
2023-06-16 03:00:00,1616.8229999999999,1198.3360010000001,1297.4963340000002,1101.923666
2023-06-16 04:00:00,1535.5,1186.886,1290.4129990000001,1067.835
2023-06-16 05:00:00,1586.049,1250.592667,1302.591332,1081.522333
2023-06-16 06:00:00,1739.37,1345.821333,1416.137999,1173.309666
2023-06-16 07:00:00,1891.232,1465.023667,1587.8793340000002,1313.460001
2023-06-16 08:00:00,2077.308,1554.333667,1708.560667,1472.223
2023-06-16 09:00:00,2135.7830000000004,1671.394334,1861.0146679999998,1526.1069979999997
2023-06-16 10:00:00,2259.8590000000004,1743.0846669999999,1878.596667,1594.522
2023-06-16 11:00:00,2364.011,1833.655,1992.6130010000002,1664.2350000000001
2023-06-16 12:00:00,2497.04,1932.094,2139.4106659999998,1756.095333
2023-06-16 13:00:00,2697.197334,2054.3633339999997,2179.7200000000003,1930.275667
2023-06-16 14:00:00,2792.915666,2185.376667,2246.8873320000002,1979.3486659999999
2023-06-16 15:00:00,2943.0453340000004,2335.9493340000004,2324.816001,2013.550334
2023-06-16 16:00:00,3065.712333,2420.128001,2478.413334,2073.235999
2023-06-16 17:00:00,3220.5060000000003,2591.585666,2635.864668,2210.5609990000003
2023-06-16 18:00:00,3359.363,2741.383334,2869.974667,2256.0906670000004
2023-06-16 19:00:00,3332.026333,2692.939667,2852.389668,2335.720334
2023-06-16 20:00:00,3214.4269999999997,2538.219666,2757.318999,2327.672333
2023-06-16 21:00:00,3111.39,2463.146667,2657.245667,2292.338334
2023-06-16 22:00:00,3044.061,2390.217667,2553.6530000000002,2216.792666
2023-06-16 23:00:00,2824.353,2158.207333,2370.897334,2017.0533340000002
2023-06-17 00:00:00,2432.515333,1878.617334,2050.605,1733.5136670000002
2023-06-17 01:00:00,2098.01,1611.46,1754.2226660000001,1496.644667
2023-06-17 02:00:00,1871.5929999999998,1399.023333,1539.828,1278.862667
2023-06-17 03:00:00,1703.662,1261.862666,1431.426,1187.0713340000002
2023-06-17 04:00:00,1599.4099999999999,1214.035,1379.8906670000001,1100.7379999999998
2023-06-17 05:00:00,1559.518,1190.9726660000001,1309.2386660000002,1077.275
2023-06-17 06:00:00,1578.179,1219.3249999999998,1324.780333,1110.876334
2023-06-17 07:00:00,1703.309,1336.366667,1446.118,1215.2980000000002
2023-06-17 08:00:00,1908.0430000000001,1501.052,1655.683334,1375.956
2023-06-17 09:00:00,2187.077,1741.265666,1869.605665,1574.5189999999998
2023-06-17 10:00:00,2362.0280000000002,1925.721,2103.7106679999997,1735.485333
2023-06-17 11:00:00,2561.761,2036.009667,2262.5293330000004,1808.806667
2023-06-17 12:00:00,2644.398,2045.629333,2284.915667,1829.976
2023-06-17 13:00:00,2763.903667,2133.638667,2359.626001,1947.031
2023-06-17 14:00:00,2749.4066669999997,2125.649999,2318.4300009999997,1850.458
2023-06-17 15:00:00,2782.096,2006.816,2292.646001,1850.774
2023-06-17 16:00:00,2660.253,2039.3489989999998,2269.1299989999998,1922.779
2023-06-17 17:00:00,2763.460334,2077.3513329999996,2287.543333,1921.409
2023-06-17 18:00:00,2806.721,2158.387667,2406.338333,1968.892333
2023-06-17 19:00:00,2809.589,2218.6070010000003,2368.7653339999997,1974.277
2023-06-17 20:00:00,2816.0469999999996,2144.8209990000005,2348.2529999999997,2025.7140000000002
2023-06-17 21:00:00,2729.7650000000003,2118.963667,2324.282333,1997.6970000000001
2023-06-17 22:00:00,2685.415333,2060.169666,2310.1286659999996,2016.612
2023-06-17 23:00:00,2552.884667,1930.4140000000002,2139.1346679999997,1831.783
2023-06-18 00:00:00,2227.202333,1644.166666,1941.405333,1627.419
2023-06-18 01:00:00,1937.161333,1424.7896660000001,1691.8916669999999,1450.864
2023-06-18 02:00:00,1782.824,1282.103666,1459.978,1256.094
2023-06-18 03:00:00,1614.938,1179.695333,1324.5806659999998,1181.7600000000002
2023-06-18 04:00:00,1514.4789999999998,1156.835001,1301.8796670000002,1111.530667
2023-06-18 05:00:00,1486.899,1147.341667,1259.527999,1083.446001
2023-06-18 06:00:00,1555.889,1182.505333,1299.2166670000001,1125.0303330000002
2023-06-18 07:00:00,1644.404,1283.867001,1414.9330009999999,1190.593
2023-06-18 08:00:00,1985.0059999999999,1502.6566670000002,1596.575333,1406.8029999999999
2023-06-18 09:00:00,2250.054,1716.091,1917.335667,1667.7243330000001
2023-06-18 10:00:00,2552.488,2032.408,2207.507667,1872.3129999999999
2023-06-18 11:00:00,2650.37,2207.768,2351.690668,1959.9360000000001
2023-06-18 12:00:00,2877.4120000000003,2283.751334,2453.95,2067.7416670000002
2023-06-18 13:00:00,2905.771,2213.274666,2497.419666,2137.772333
2023-06-18 14:00:00,2877.4629999999997,2237.130666,2439.441,2117.360333
2023-06-18 15:00:00,2900.849667,2269.523334,2426.221335,2034.1813339999999
2023-06-18 16:00:00,2855.932,2239.200001,2494.200001,2079.955
2023-06-18 17:00:00,2958.061999,2264.710333,2636.590002,2172.23
2023-06-18 18:00:00,3006.298668,2409.952666,2682.981666,2255.928
2023-06-18 19:00:00,2921.36,2415.5673340000003,2587.484333,2149.699
2023-06-18 20:00:00,2891.4930000000004,2298.190333,2572.6949990000003,2208.298
2023-06-18 21:00:00,2914.3680000000004,2315.431999,2579.743333,2101.992
2023-06-18 22:00:00,2929.43,2279.7083330000005,2577.938001,2100.367
2023-06-18 23:00:00,2614.388,2036.850334,2286.241,1890.652
2023-06-19 00:00:00,2252.5240000000003,1665.313001,1965.0614990000001,1678.673667
2023-06-19 01:00:00,1996.953,1456.3263339999999,1717.5121669999999,1452.124
2023-06-19 02:00:00,1788.136,1325.099667,1501.991166,1279.490333
2023-06-19 03:00:00,1664.75,1231.554334,1383.558166,1170.489
2023-06-19 04:00:00,1629.022,1227.3353339999999,1357.354667,1172.005666
2023-06-19 05:00:00,1684.242667,1309.209,1367.3455,1223.636
2023-06-19 06:00:00,1800.665667,1383.725667,1492.640167,1284.1026669999999
2023-06-19 07:00:00,1959.297666,1575.951334,1611.999834,1402.642667
2023-06-19 08:00:00,2135.559,1665.4963320000002,1793.8075010000002,1578.4183320000002
2023-06-19 09:00:00,2287.743,1812.5529999999999,1946.598833,1669.490667
2023-06-19 10:00:00,2427.339,1919.9,2076.9115,1834.728001
2023-06-19 11:00:00,2569.191,1995.808333,2156.414833,1872.978
2023-06-19 12:00:00,2631.494667,2078.353,2417.049666,1962.860333
2023-06-19 13:00:00,2756.218333,2081.390333,2466.682,2011.5596659999999
2023-06-19 14:00:00,2826.7580000000003,2108.791,2390.958,1979.597667
2023-06-19 15:00:00,2728.805334,2047.21,2358.593,1923.474334
2023-06-19 16:00:00,2673.8639999999996,2070.142,2367.277833,1968.377334
2023-06-19 17:00:00,2875.914667,2197.0776669999996,2536.669667,2084.562333
2023-06-19 18:00:00,3165.031,2469.545,2660.4525000000003,2237.8393330000004
2023-06-19 19:00:00,3112.618,2488.5153339999997,2687.8158329999997,2192.494333
2023-06-19 20:00:00,3101.6369999999997,2374.382001,2738.8801670000003,2202.959667
2023-06-19 21:00:00,3058.576,2318.584667,2662.447834,2277.55
2023-06-19 22:00:00,2991.121333,2286.699333,2602.2858340000002,2179.0913330000003
2023-06-19 23:00:00,2790.946,2050.849,2362.1903329999996,1886.429
2023-06-20 00:00:00,2344.2016670000003,1722.3196659999999,1986.486333,1652.4089999999999
2023-06-20 01:00:00,2049.6606669999996,1469.057,1678.149334,1426.7573320000001
2023-06-20 02:00:00,1822.9430000000002,1322.9609999999998,1511.567667,1295.199
2023-06-20 03:00:00,1749.205,1261.7510000000002,1391.952334,1163.0079999999998
2023-06-20 04:00:00,1689.8229999999999,1248.8156669999998,1350.188666,1145.5393330000002
2023-06-20 05:00:00,1738.85,1283.352668,1394.3719999999998,1189.6416669999999
2023-06-20 06:00:00,1867.824,1440.583334,1515.380999,1306.371001
2023-06-20 07:00:00,2044.383,1602.129666,1679.570665,1458.172
2023-06-20 08:00:00,2079.1960010000003,1679.574333,1807.090999,1566.7179999999998
2023-06-20 09:00:00,2222.900667,1761.075333,1850.683499,1674.382
2023-06-20 10:00:00,2372.7326669999998,1819.2423330000001,1915.6084999999998,1742.4633330000001
2023-06-20 11:00:00,2435.953,1830.340333,1983.765167,1777.489
2023-06-20 12:00:00,2529.307,1838.146667,2125.197501,1848.99
2023-06-20 13:00:00,2554.512001,1913.843333,2154.1163340000003,1811.854667
2023-06-20 14:00:00,2528.938,1888.768751,2167.9606670000003,1852.176
2023-06-20 15:00:00,2536.531667,1898.1983330000003,2139.7735000000002,1782.350335
2023-06-20 16:00:00,2579.408,1934.397,2106.535334,1866.391333
2023-06-20 17:00:00,2716.6310000000003,2111.598,2313.9438330000003,1920.0080010000001
2023-06-20 18:00:00,2930.009,2256.990334,2548.889167,2084.606332
2023-06-20 19:00:00,3052.307,2281.855333,2592.532833,2144.718
2023-06-20 20:00:00,3003.2309999999998,2246.7746660000003,2601.3269999999998,2112.677667
2023-06-20 21:00:00,2910.571,2201.762667,2545.375,2109.050333
2023-06-20 22:00:00,2895.69,2167.949999,2498.910668,2158.942999
2023-06-20 23:00:00,2595.447333,1937.629666,2216.090499,1969.394333
2023-06-21 00:00:00,2243.484001,1664.080333,1850.842,1597.518665
2023-06-21 01:00:00,1954.245668,1432.2189990000002,1627.3658340000002,1411.2469999999998
2023-06-21 02:00:00,1719.304,1289.951,1433.2885,1294.6119990000002
2023-06-21 03:00:00,1603.679666,1241.187,1380.4264990000001,1159.580333
2023-06-21 04:00:00,1582.4156659999999,1224.637999,1326.436166,1139.319666
2023-06-21 05:00:00,1610.535666,1266.214332,1356.701833,1173.152
2023-06-21 06:00:00,1782.305667,1428.886333,1530.431834,1281.71
2023-06-21 07:00:00,1925.037667,1604.4509990000001,1661.1276659999999,1410.506002
2023-06-21 08:00:00,2020.5189999999998,1709.353665,1736.677,1528.494667
2023-06-21 09:00:00,2218.779001,1739.1709999999998,1782.322334,1572.180668
2023-06-21 10:00:00,2271.639999,1744.903333,1891.966167,1635.5206680000001
2023-06-21 11:00:00,2335.1706670000003,1741.667,1905.483334,1683.734
2023-06-21 12:00:00,2395.040333,1795.722,2037.265667,1709.420333
2023-06-21 13:00:00,2517.535333,1851.9813330000002,2100.056001,1809.1263330000002
2023-06-21 14:00:00,2628.034333,1874.1333329999998,2108.3006670000004,1809.163333
2023-06-21 15:00:00,2696.094667,1918.1843330000002,2131.190001,1791.87
2023-06-21 16:00:00,2798.459333,2072.797333,2236.518333,1896.880333
2023-06-21 17:00:00,2946.0546670000003,2258.7210000000005,2431.167833,2031.733333
2023-06-21 18:00:00,3129.208,2544.2940000000003,2654.7500010000003,2241.731333
2023-06-21 19:00:00,3244.1530000000002,2732.243001,2822.500834,2350.0696660000003
2023-06-21 20:00:00,3291.714,2623.875333,2864.302667,2361.920333
2023-06-21 21:00:00,3220.882,2567.167,2720.031,2311.418334
2023-06-21 22:00:00,3203.907,2433.4923339999996,2675.325667,2321.951
2023-06-21 23:00:00,2917.444,2242.964666,2379.275834,2072.125
2023-06-22 00:00:00,2411.4790000000003,1811.517667,2053.956166,1795.559
2023-06-22 01:00:00,2047.986,1485.777333,1731.9991670000002,1511.351
2023-06-22 02:00:00,1790.958,1286.8646669999998,1534.499333,1292.924
2023-06-22 03:00:00,1605.812,1203.623333,1356.994667,1157.431
2023-06-22 04:00:00,1540.73,1192.3826669999999,1306.103333,1095.903
2023-06-22 05:00:00,1601.747,1213.7723330000001,1342.3318330000002,1114.9470000000001
2023-06-22 06:00:00,1703.818999,1325.6783329999998,1429.5623340000002,1223.003
2023-06-22 07:00:00,1834.304,1461.294666,1558.961495,1336.423
2023-06-22 08:00:00,1961.4633330000001,1557.786667,1539.6965010000001,1489.051
2023-06-22 09:00:00,2136.408,1712.564333,1673.266835,1509.259
2023-06-22 10:00:00,2256.593335,1733.678667,1857.8266680000002,1666.994
2023-06-22 11:00:00,2401.3206680000003,1853.126,1975.9758350000002,1760.6
2023-06-22 12:00:00,2604.146,2012.3070000000002,2229.385666,1816.637332
2023-06-22 13:00:00,2769.4759999999997,2243.632332,2370.9756660000003,1887.5026659999999
2023-06-22 14:00:00,2985.97,2447.951333,2522.021001,2062.256666
2023-06-22 15:00:00,3161.3756670000002,2594.848333,2706.767999,2157.359666
2023-06-22 16:00:00,3372.281667,2809.785,2945.2309999999998,2382.076
2023-06-22 17:00:00,3719.1943330000004,3096.592001,3166.4174989999997,2611.556667
2023-06-22 18:00:00,3898.7200000000003,3320.96,3372.575667,2844.845666
2023-06-22 19:00:00,4066.492,3460.3993330000003,3467.1278329999996,2916.209
2023-06-22 20:00:00,3996.667333,3357.7883330000004,3472.758,2842.380667
2023-06-22 21:00:00,3884.828667,3255.279,3419.2776670000003,2711.275
2023-06-22 22:00:00,3714.467333,3016.873666,3250.6923330000004,2641.0156670000006
2023-06-22 23:00:00,3319.873,2623.281666,2905.068333,2356.2446659999996
2023-06-23 00:00:00,2800.6710000000003,2191.259333,2445.0478329999996,2040.5870000000002
2023-06-23 01:00:00,2354.271667,1824.226333,2104.438333,1759.302
2023-06-23 02:00:00,2022.3923330000002,1582.507334,1806.384499,1537.328
2023-06-23 03:00:00,1878.3419999999999,1420.106334,1591.949666,1336.653
2023-06-23 04:00:00,1749.155667,1345.799,1477.959833,1217.966
2023-06-23 05:00:00,1732.77,1318.127,1401.916667,1217.783
2023-06-23 06:00:00,1818.332666,1381.792333,1493.385667,1229.851
2023-06-23 07:00:00,1899.556333,1494.785334,1647.9143320000003,1352.175
2023-06-23 08:00:00,2063.361667,1638.073668,1824.787333,1472.06
2023-06-23 09:00:00,2246.534667,1756.9123339999999,1951.8208330000002,1629.045999
2023-06-23 10:00:00,2442.7909999999997,1942.751667,2099.084,1737.382
2023-06-23 11:00:00,2594.027,2091.681,2317.618,1877.75
2023-06-23 12:00:00,2818.205333,2267.939667,2476.979167,2028.6190000000001
2023-06-23 13:00:00,3044.334667,2503.910667,2612.1153329999997,2183.148667
2023-06-23 14:00:00,3212.189,2700.530334,2783.231667,2301.037333
2023-06-23 15:00:00,3419.263334,2922.994333,2939.023333,2418.5726670000004
2023-06-23 16:00:00,3582.7259999999997,3105.980667,3130.8173340000003,2643.8163320000003
2023-06-23 17:00:00,3832.669667,3357.8053330000002,3304.2904989999997,2821.804333
2023-06-23 18:00:00,3921.985,3421.142667,3383.574666,2842.9016659999998
2023-06-23 19:00:00,3729.2316659999997,3239.8693329999996,3354.8633330000002,2709.8689999999997
2023-06-23 20:00:00,3639.7510009999996,3075.980666,3284.131333,2630.332667
2023-06-23 21:00:00,3473.889666,2898.337667,3153.5703329999997,2502.755334
2023-06-23 22:00:00,3281.858333,2706.878667,2908.7465,2358.214666
2023-06-23 23:00:00,2954.6659999999997,2379.5623330000003,2620.915833,2109.481334
2023-06-24 00:00:00,2603.598,2004.6603340000001,2240.130999,1844.6253339999998
2023-06-24 01:00:00,2199.942,1663.266,1918.6968339999999,1597.0153329999998
2023-06-24 02:00:00,1897.337,1465.950333,1647.447834,1359.2220000000002
2023-06-24 03:00:00,1726.502,1299.654665,1489.079666,1220.892
2023-06-24 04:00:00,1614.0893340000002,1242.54,1415.978501,1134.634
2023-06-24 05:00:00,1544.031,1206.588666,1366.6235,1100.46
2023-06-24 06:00:00,1576.283,1237.813,1393.122667,1156.9700000000003
2023-06-24 07:00:00,1742.455667,1349.0836669999999,1532.5396660000001,1285.04
2023-06-24 08:00:00,1929.488,1532.6840000000002,1707.054333,1401.3290000000002
2023-06-24 09:00:00,2180.631667,1809.456666,1978.5988340000001,1568.981
2023-06-24 10:00:00,2420.7200000000003,2052.0150000000003,2199.7938329999997,1725.224333
2023-06-24 11:00:00,2619.034334,2143.117667,2351.0163329999996,1848.2906670000002
2023-06-24 12:00:00,2736.9756669999997,2262.044666,2474.814667,1948.8960000000002
2023-06-24 13:00:00,2857.136,2332.6013329999996,2578.1785010000003,2002.984
2023-06-24 14:00:00,2998.85,2381.309999,2586.9851660000004,2033.8919999999998
2023-06-24 15:00:00,3069.228666,2452.494334,2602.027834,2139.504333
2023-06-24 16:00:00,3185.657,2603.7669990000004,2747.126667,2292.6319999999996
2023-06-24 17:00:00,3254.8723339999997,2808.165333,2885.382834,2434.88
2023-06-24 18:00:00,3411.9719999999998,2943.396667,3022.328999,2529.1983330000003
2023-06-24 19:00:00,3513.51,2942.257001,3082.225002,2561.687666
2023-06-24 20:00:00,3412.143,2802.398999,3053.796167,2545.005333
2023-06-24 21:00:00,3318.458334,2717.547667,2915.683167,2457.799
2023-06-24 22:00:00,3328.047333,2635.726666,2839.1373329999997,2420.017666
2023-06-24 23:00:00,2982.348,2399.0663329999998,2615.2380009999997,2198.953332
2023-06-25 00:00:00,2614.0370000000003,2021.552333,2273.3193330000004,1881.857
2023-06-25 01:00:00,2270.823667,1704.892333,1933.196001,1635.0539989999997
2023-06-25 02:00:00,1963.508667,1462.922666,1668.609668,1382.1130010000002
2023-06-25 03:00:00,1747.7350000000001,1327.913666,1508.656333,1222.046
2023-06-25 04:00:00,1603.986333,1246.453668,1452.477833,1149.576001
2023-06-25 05:00:00,1558.498334,1180.696334,1389.716333,1098.896334
2023-06-25 06:00:00,1589.156001,1209.3339999999998,1434.507167,1120.1156660000001
2023-06-25 07:00:00,1706.0059999999999,1323.1403340000002,1469.487667,1199.534667
2023-06-25 08:00:00,1934.563999,1552.091,1683.839998,1401.473
2023-06-25 09:00:00,2200.345,1762.021,2019.107333,1593.331
2023-06-25 10:00:00,2485.1856660000003,2087.334333,2260.547001,1765.946
2023-06-25 11:00:00,2626.984,2212.245333,2402.0688339999997,1931.904
2023-06-25 12:00:00,2922.069,2353.223667,2581.3709989999998,2068.006
2023-06-25 13:00:00,3116.427333,2558.533333,2688.340666,2265.162667
2023-06-25 14:00:00,3197.733333,2662.239666,2796.120666,2301.301
2023-06-25 15:00:00,3245.674333,2826.9083330000003,2928.502833,2346.990334
2023-06-25 16:00:00,3410.439,3025.213667,3040.741002,2582.9343329999997
2023-06-25 17:00:00,3683.811,3157.943333,3256.234168,2657.537668
2023-06-25 18:00:00,3857.1806669999996,3332.7803329999997,3400.804,2880.6130000000003
2023-06-25 19:00:00,3885.904,3402.106667,3473.3308349999998,2880.136334
2023-06-25 20:00:00,3878.247,3332.968667,3417.302,2835.3773340000002
2023-06-25 21:00:00,3881.538,3176.442666,3272.6735,2737.263666
2023-06-25 22:00:00,3680.343,2963.144666,3143.175333,2647.507667
2023-06-25 23:00:00,3263.6099999999997,2630.007334,2839.9595,2345.772
2023-06-26 00:00:00,2776.241,2150.532334,2395.1359999999995,1924.009
2023-06-26 01:00:00,2300.629,1794.9390010000002,1995.129667,1620.9969999999998
2023-06-26 02:00:00,1956.854,1542.501667,1736.763999,1424.614667
2023-06-26 03:00:00,1778.902334,1396.0256669999999,1539.7846670000001,1219.039333
2023-06-26 04:00:00,1668.456334,1287.654334,1460.498,1148.5356659999998
2023-06-26 05:00:00,1639.822666,1311.302333,1466.9176659999998,1165.5590000000002
2023-06-26 06:00:00,1732.1709999999998,1371.62,1517.075334,1222.831667
2023-06-26 07:00:00,1820.971334,1502.679334,1616.076333,1357.994334
2023-06-26 08:00:00,1941.5320000000002,1571.741666,1713.958999,1437.040334
2023-06-26 09:00:00,2116.4300000000003,1691.8326670000001,1810.290333,1524.667001
2023-06-26 10:00:00,2246.327667,1754.4319999999998,1896.994666,1566.4630000000002
2023-06-26 11:00:00,2388.2843330000005,1879.983999,2008.577334,1712.601
2023-06-26 12:00:00,2555.616,1961.103,2160.639,1852.042
2023-06-26 13:00:00,2723.915,2127.5606660000003,2319.631334,1971.237
2023-06-26 14:00:00,2884.165666,2221.1396670000004,2484.2473330000003,2034.366
2023-06-26 15:00:00,3074.246667,2388.025,2536.278332,2150.81
2023-06-26 16:00:00,3276.0119999999997,2664.729667,2797.549667,2316.193
2023-06-26 17:00:00,3565.516,2934.503667,3058.845,2533.63
2023-06-26 18:00:00,3731.3,3143.767333,3334.5746660000004,2712.482667
2023-06-26 19:00:00,3849.061333,3275.4423340000003,3386.978333,2733.7493329999998
2023-06-26 20:00:00,3670.5240000000003,3175.016001,3395.518666,2796.2346669999997
2023-06-26 21:00:00,3563.7086659999995,2958.731667,3185.318333,2604.689
2023-06-26 22:00:00,3403.332,2796.7076669999997,3019.3060000000005,2496.321
2023-06-26 23:00:00,3118.3010000000004,2396.5829999999996,2645.188999,2236.4190000000003
2023-06-27 00:00:00,2599.9973330000003,1974.724,2210.7005,1789.189
2023-06-27 01:00:00,2144.6553329999997,1652.934667,1843.153334,1501.124
2023-06-27 02:00:00,1857.5649990000002,1415.722333,1617.060168,1318.8029999999999
2023-06-27 03:00:00,1712.4850000000001,1322.646333,1474.455,1186.719
2023-06-27 04:00:00,1625.6563339999998,1262.999667,1418.403666,1149.673667
2023-06-27 05:00:00,1629.851,1252.704001,1432.6618330000001,1167.423333
2023-06-27 06:00:00,1756.628334,1350.374002,1498.734168,1234.431334
2023-06-27 07:00:00,1856.532334,1480.516,1571.046335,1373.969333
2023-06-27 08:00:00,1944.2006660000002,1587.333333,1667.436667,1473.799667
2023-06-27 09:00:00,2103.993499,1675.400666,1694.861333,1547.436001
2023-06-27 10:00:00,2196.0739989999997,1677.641999,1789.3653330000002,1560.2276669999999
2023-06-27 11:00:00,2262.150333,1744.1330000000003,2002.243333,1708.737333
2023-06-27 12:00:00,2462.1049999999996,1887.518,2110.7269990000004,1736.016
2023-06-27 13:00:00,2608.502001,2043.9560000000001,2241.022,1918.8899999999999
2023-06-27 14:00:00,2759.5003330000004,2160.451,2355.1506659999995,1989.1603329999998
2023-06-27 15:00:00,2961.2690000000002,2329.8166659999997,2529.996,2157.3713340000004
2023-06-27 16:00:00,3149.643,2564.847333,2712.755999,2325.3383329999997
2023-06-27 17:00:00,3496.118,2799.231667,2974.311667,2509.5230009999996
2023-06-27 18:00:00,3753.949,3089.366,3303.084667,2723.307667
2023-06-27 19:00:00,3776.888,3261.464999,3427.535667,2818.981001
2023-06-27 20:00:00,3853.5519999999997,3220.1180000000004,3417.7106670000003,2784.410335
2023-06-27 21:00:00,3705.7690000000002,3111.4063340000002,3300.340667,2719.915
2023-06-27 22:00:00,3546.27,2841.671999,3073.938,2642.237333
2023-06-27 23:00:00,3164.163,2523.613999,2754.356001,2326.9903329999997
2023-06-28 00:00:00,2628.017,2136.262333,2352.466667,1987.528666
2023-06-28 01:00:00,2252.809,1732.651333,1979.240665,1686.052
2023-06-28 02:00:00,1952.4930000000002,1502.522,1691.6423329999998,1413.0230000000001
2023-06-28 03:00:00,1787.635667,1374.464,1566.018998,1269.567667
2023-06-28 04:00:00,1684.607333,1308.153,1469.7559999999999,1190.3326670000001
2023-06-28 05:00:00,1670.931333,1313.534666,1476.000332,1210.9393329999998
2023-06-28 06:00:00,1787.870333,1394.127333,1548.840332,1285.433667
2023-06-28 07:00:00,1873.726333,1515.030999,1647.2363340000002,1414.631668
2023-06-28 08:00:00,1989.346334,1614.237666,1749.943667,1529.256666
2023-06-28 09:00:00,2083.482667,1690.306,1849.158,1535.0539979999999
2023-06-28 10:00:00,2227.395333,1755.505333,1950.114668,1613.766
2023-06-28 11:00:00,2445.5836659999995,1876.365667,2061.469332,1723.322666
2023-06-28 12:00:00,2681.4880000000003,2090.3953330000004,2325.962,1844.9423339999998
2023-06-28 13:00:00,2836.388,2329.780667,2486.742333,2005.7226649999998
2023-06-28 14:00:00,3046.831,2524.671,2595.8673339999996,2182.4383339999995
2023-06-28 15:00:00,3279.359333,2736.36,2767.8233330000003,2315.662334
2023-06-28 16:00:00,3498.079667,3029.367,3065.577,2542.060666
2023-06-28 17:00:00,3856.825667,3345.764,3370.855667,2841.603333
2023-06-28 18:00:00,4121.715,3554.367333,3550.049666,3059.964666
2023-06-28 19:00:00,4247.633,3634.840001,3697.826,3095.188666
2023-06-28 20:00:00,4195.7080000000005,3560.1769999999997,3688.4753339999997,3038.239333
2023-06-28 21:00:00,4056.1139999999996,3372.634,3572.6816660000004,3024.001667
2023-06-28 22:00:00,3840.94,3191.3450000000003,3428.541667,2794.8596669999997
2023-06-28 23:00:00,3472.145,2733.871,2977.4840000000004,2496.783667
2023-06-29 00:00:00,2944.436668,2277.733334,2472.222333,2057.789667
2023-06-29 01:00:00,2427.023667,1890.4560000000001,2124.665,1767.868
2023-06-29 02:00:00,2124.562334,1624.993334,1824.279999,1518.478333
2023-06-29 03:00:00,1900.851333,1468.135667,1677.294333,1344.314666
2023-06-29 04:00:00,1760.7036670000002,1366.398,1569.2346659999998,1276.567334
2023-06-29 05:00:00,1773.776667,1365.39,1527.3653330000002,1240.635667
2023-06-29 06:00:00,1845.242333,1443.804,1581.162,1284.2743340000002
2023-06-29 07:00:00,1981.9193330000003,1531.621667,1699.069333,1404.868
2023-06-29 08:00:00,2165.002667,1661.23,1824.486333,1507.749334
2023-06-29 09:00:00,2226.686333,1767.098333,1947.446,1624.1680000000001
2023-06-29 10:00:00,2437.879667,1887.5166669999999,1994.0556669999999,1770.371667
2023-06-29 11:00:00,2633.282666,2034.2133319999998,2267.851666,1895.668333
2023-06-29 12:00:00,2910.9266669999997,2316.321335,2513.379,2053.825332
2023-06-29 13:00:00,3121.0326670000004,2553.172332,2675.0376670000005,2226.517667
2023-06-29 14:00:00,3352.821333,2792.6553329999997,2884.3586669999995,2409.1119989999997
2023-06-29 15:00:00,3565.671333,3022.552667,3115.197333,2621.7696659999997
2023-06-29 16:00:00,3820.8563329999997,3303.553,3272.6993340000004,2815.872
2023-06-29 17:00:00,4142.720333,3555.7329999999997,3578.9,3031.165001
2023-06-29 18:00:00,4384.467667,3828.0463330000002,3813.2203329999998,3221.652999
2023-06-29 19:00:00,4471.969,3957.1049999999996,3902.358666,3288.973
2023-06-29 20:00:00,4469.113333,3836.915333,3894.4369989999996,3241.469334
2023-06-29 21:00:00,4296.693332999999,3677.134,3802.058334,3065.095668
2023-06-29 22:00:00,4102.709000000001,3410.467999,3600.230667,2891.618334
2023-06-29 23:00:00,3688.06,2978.610666,3236.994,2535.2306660000004
2023-06-30 00:00:00,3134.6313330000003,2468.535333,2662.62,2168.7476669999996
2023-06-30 01:00:00,2574.501,2101.342,2231.7423320000003,1877.4240009999999
2023-06-30 02:00:00,2237.411,1760.3906670000001,1919.4976660000002,1633.297
2023-06-30 03:00:00,2000.01,1561.5823329999998,1746.3703329999998,1437.264333
2023-06-30 04:00:00,1883.7226660000001,1469.015,1617.746,1348.475
2023-06-30 05:00:00,1828.535333,1449.502667,1571.954666,1286.051
2023-06-30 06:00:00,1904.54,1475.348,1623.871,1308.512334
2023-06-30 07:00:00,1993.8919999999998,1566.507333,1698.252,1413.2523340000002
2023-06-30 08:00:00,2114.379,1669.789334,1828.593668,1510.878333
2023-06-30 09:00:00,2265.1450000000004,1819.835,1910.3976659999998,1561.3899999999999
2023-06-30 10:00:00,2352.4700000000003,1943.3519999999999,2119.6220009999997,1679.07
2023-06-30 11:00:00,2618.017,2115.294,2307.287,1886.0299999999997
2023-06-30 12:00:00,2849.5739999999996,2290.37,2552.916666,2095.214
2023-06-30 13:00:00,3193.740333,2586.208333,2694.126,2235.0570000000002
2023-06-30 14:00:00,3305.6040000000003,2770.2606670000005,2879.1490000000003,2422.904
2023-06-30 15:00:00,3524.861,3049.7889999999998,3019.654668,2556.1
2023-06-30 16:00:00,3770.9629999999997,3264.7929990000002,3301.212,2770.803998
2023-06-30 17:00:00,3954.616,3479.891667,3486.968667,2884.505999
2023-06-30 18:00:00,4160.187,3676.461333,3688.8323339999997,3065.861333
2023-06-30 19:00:00,4211.677666,3711.208667,3788.417667,3101.4880000000003
2023-06-30 20:00:00,4122.351667,3506.779667,3634.9176660000003,3063.4976669999996
2023-06-30 21:00:00,3934.602,3279.555333,3417.114667,2889.5486659999997
2023-06-30 22:00:00,3658.692334,3082.4030000000002,3257.240334,2729.579333
2023-06-30 23:00:00,3298.45,2733.6706670000003,2960.335333,2397.538334
2023-07-01 00:00:00,2887.035,2318.97,2547.8480010000003,2016.139001
2023-07-01 01:00:00,2424.742,1938.816333,2135.604,1703.791
2023-07-01 02:00:00,2066.612,1613.144665,1838.611999,1444.221333
2023-07-01 03:00:00,1833.93,1466.2710000000002,1626.1296670000002,1274.616333
2023-07-01 04:00:00,1693.942666,1341.985333,1491.023334,1188.103
2023-07-01 05:00:00,1626.214,1277.643,1428.1893329999998,1157.847
2023-07-01 06:00:00,1631.560667,1257.723667,1420.572667,1174.9099999999999
2023-07-01 07:00:00,1764.258667,1353.600669,1544.6206670000001,1274.5806670000002
2023-07-01 08:00:00,1970.159667,1537.5596650000002,1739.877001,1392.1146669999998
2023-07-01 09:00:00,2229.0106669999996,1722.549333,1911.5439999999999,1573.063667
2023-07-01 10:00:00,2444.3233330000003,1957.376,2142.420333,1731.087667
2023-07-01 11:00:00,2647.995,2089.2383339999997,2308.164666,1898.6689999999999
2023-07-01 12:00:00,2803.603333,2248.328666,2435.971,2063.735
2023-07-01 13:00:00,3016.454,2445.639,2576.271333,2201.0060000000003
2023-07-01 14:00:00,3122.737,2619.333667,2777.4986660000004,2277.739667
2023-07-01 15:00:00,3305.4719999999998,2813.0055,2856.988333,2408.7190010000004
2023-07-01 16:00:00,3458.107,3001.117999,2967.621666,2535.2129999999997
2023-07-01 17:00:00,3716.683,3234.015166,3087.718,2637.4060010000003
2023-07-01 18:00:00,3797.441,3295.931667,3250.078333,2741.605666
2023-07-01 19:00:00,3817.883,3358.796,3378.3143330000003,2795.2626659999996
2023-07-01 20:00:00,3789.8283329999995,3237.437333,3324.436,2839.2233340000002
2023-07-01 21:00:00,3675.491,3006.391,3120.134,2639.8633339999997
2023-07-01 22:00:00,3435.302,2824.789,2873.605,2479.903333
2023-07-01 23:00:00,3164.593,2599.564999,2689.317001,2312.122666
2023-07-02 00:00:00,2773.6279999999997,2188.435333,2366.722333,2004.156
2023-07-02 01:00:00,2368.1,1846.456333,2088.0296660000004,1721.1109999999999
2023-07-02 02:00:00,2087.741,1590.489,1837.399,1449.596
2023-07-02 03:00:00,1844.007667,1383.801,1607.595334,1278.217
2023-07-02 04:00:00,1705.341333,1311.377334,1501.9959989999998,1229.095
2023-07-02 05:00:00,1631.6213340000002,1258.1370000000002,1438.36,1127.797
2023-07-02 06:00:00,1628.1356660000001,1277.732333,1417.1536660000002,1122.308
2023-07-02 07:00:00,1707.942999,1323.2523339999998,1478.3053340000001,1227.034
2023-07-02 08:00:00,1941.316667,1491.071,1664.384,1371.993
2023-07-02 09:00:00,2197.674666,1738.6481669999998,1904.695667,1530.344
2023-07-02 10:00:00,2498.4889989999997,2063.565,2177.675667,1823.02
2023-07-02 11:00:00,2685.6883329999996,2205.8935,2317.876,2005.795
2023-07-02 12:00:00,2985.273,2343.899834,2576.838334,2122.597667
2023-07-02 13:00:00,3107.888333,2588.518333,2709.613334,2294.0640000000003
2023-07-02 14:00:00,3298.475,2756.956499,2854.815001,2419.3860000000004
2023-07-02 15:00:00,3450.2356659999996,2961.046666,2988.216666,2546.2526669999997
2023-07-02 16:00:00,3714.601,3208.452,3232.714667,2768.6983339999997
2023-07-02 17:00:00,3907.7929999999997,3486.7484999999997,3447.1206669999997,2859.848335
2023-07-02 18:00:00,4067.969,3594.429833,3505.9716660000004,3030.4840000000004
2023-07-02 19:00:00,4052.362,3615.246,3631.473333,3021.592334
2023-07-02 20:00:00,4022.894333,3516.402833,3509.517334,2994.663667
2023-07-02 21:00:00,3892.986,3348.273666,3443.8230000000003,2838.678666
2023-07-02 22:00:00,3776.9489999999996,3127.3549999999996,3267.093667,2764.723667
2023-07-02 23:00:00,3396.158,2757.5405,2932.496333,2481.401
2023-07-03 00:00:00,2895.523,2238.874667,2508.8416660000003,2127.071667
2023-07-03 01:00:00,2400.484,1883.9655010000001,2122.708334,1829.1390000000001
2023-07-03 02:00:00,2119.648667,1616.929334,1821.723667,1519.626334
2023-07-03 03:00:00,1912.2076670000001,1467.4306660000002,1587.807667,1328.182334
2023-07-03 04:00:00,1746.3666670000002,1349.557667,1500.9486670000001,1266.5420000000001
2023-07-03 05:00:00,1689.393333,1337.274,1463.563334,1231.594
2023-07-03 06:00:00,1731.795333,1371.9080000000001,1490.487,1246.2649999999999
2023-07-03 07:00:00,1800.504334,1461.064333,1593.872001,1344.9759999999999
2023-07-03 08:00:00,1991.4360000000001,1604.579,1741.5249990000002,1470.3809999999999
2023-07-03 09:00:00,2249.6133330000002,1750.125,1873.386333,1605.893
2023-07-03 10:00:00,2405.0643330000003,1936.126333,2075.323,1769.618
2023-07-03 11:00:00,2639.925333,2126.697,2318.081334,1912.3846669999998
2023-07-03 12:00:00,2894.0266680000004,2363.851667,2511.8993330000003,2060.9809999999998
2023-07-03 13:00:00,3132.654334,2531.441,2595.898,2251.511334
2023-07-03 14:00:00,3277.361665,2801.671667,2834.8183329999997,2433.556
2023-07-03 15:00:00,3542.760333,3096.903,3051.2246669999995,2605.666
2023-07-03 16:00:00,3776.588001,3348.917,3310.651668,2791.610999
2023-07-03 17:00:00,4017.045,3628.7789999999995,3514.3540000000003,2986.229001
2023-07-03 18:00:00,4202.924002,3866.4,3726.622666,3205.37
2023-07-03 19:00:00,4271.843,3966.536,3813.7799999999997,3256.3390000000004
2023-07-03 20:00:00,4224.500333,3764.072167,3800.7083329999996,3157.714
2023-07-03 21:00:00,3961.851,3503.6278340000003,3631.0429990000002,3005.328
2023-07-03 22:00:00,3846.397001,3271.539667,3474.110667,2877.7889999999998
2023-07-03 23:00:00,3610.966,2990.728333,3202.583667,2604.826
2023-07-04 00:00:00,3112.128001,2539.139,2710.465666,2269.1205
2023-07-04 01:00:00,2695.949001,2078.437667,2245.7316659999997,1947.056
2023-07-04 02:00:00,2383.234666,1758.448999,1987.5173340000001,1676.2633329999999
2023-07-04 03:00:00,2087.422334,1549.367334,1768.580666,1465.197334
2023-07-04 04:00:00,1866.225332,1435.0546669999999,1617.3746660000002,1332.464667
2023-07-04 05:00:00,1764.5763330000002,1386.742667,1543.563,1244.499667
2023-07-04 06:00:00,1787.9940000000001,1371.368667,1526.5430000000001,1243.154
2023-07-04 07:00:00,1844.267002,1406.4189999999999,1598.225998,1292.563334
2023-07-04 08:00:00,2054.21,1605.604667,1783.5336659999998,1427.652667
2023-07-04 09:00:00,2315.0153330000003,1862.304334,2074.549,1643.4173329999999
2023-07-04 10:00:00,2689.295667,2137.961334,2360.598666,1903.221
2023-07-04 11:00:00,3092.7320010000003,2432.3626670000003,2701.5040010000002,2221.963667
2023-07-04 12:00:00,3488.101333,2824.5293330000004,2971.445668,2512.855
2023-07-04 13:00:00,3784.996333,3224.778333,3259.713667,2836.593
2023-07-04 14:00:00,4130.457001000001,3557.928667,3581.92,2994.1616670000003
2023-07-04 15:00:00,4433.008334,3845.356666,3801.7463319999997,3155.353999
2023-07-04 16:00:00,4586.019333,4057.203667,3979.867002,3341.029332
2023-07-04 17:00:00,4663.332332,4255.307,4105.231668,3491.8393340000002
2023-07-04 18:00:00,4826.038333,4169.347,4071.990334,3514.893667
2023-07-04 19:00:00,4739.620999999999,4184.1536670000005,4057.7903349999997,3469.692334
2023-07-04 20:00:00,4561.2876670000005,4071.492667,3960.349002,3417.303334
2023-07-04 21:00:00,4445.040666999999,3800.3986680000003,3812.0283320000003,3227.0926660000005
2023-07-04 22:00:00,4167.851334,3495.2740000000003,3570.721665,3092.6266669999995
2023-07-04 23:00:00,3788.1783330000003,3183.329667,3278.4803329999995,2844.1009999999997
2023-07-05 00:00:00,3486.1760010000003,2874.836666,3031.759,2600.4176660000003
2023-07-05 01:00:00,3001.957,2433.996333,2610.5776670000005,2222.837667
2023-07-05 02:00:00,2573.704333,2018.278668,2202.2616660000003,1876.951001
2023-07-05 03:00:00,2284.171667,1782.654333,1955.5686660000001,1615.775666
2023-07-05 04:00:00,2091.654332,1623.777666,1759.234667,1498.565
2023-07-05 05:00:00,1964.111001,1555.605333,1708.044334,1408.76
2023-07-05 06:00:00,1968.6833339999998,1570.372667,1700.462333,1412.9879999999998
2023-07-05 07:00:00,1999.260333,1576.1490000000001,1812.477333,1494.227
2023-07-05 08:00:00,2171.693667,1721.3763330000002,1913.035001,1590.4850000000001
2023-07-05 09:00:00,2379.823999,1922.333666,2066.502,1696.833334
2023-07-05 10:00:00,2641.269333,2099.077999,2282.496666,1898.016999
2023-07-05 11:00:00,2960.658668,2413.353667,2548.5796659999996,2134.2989989999996
2023-07-05 12:00:00,3360.158,2795.6229999999996,2890.593667,2449.1210010000004
2023-07-05 13:00:00,3700.7139989999996,3271.378,3217.526001,2756.565666
2023-07-05 14:00:00,4047.868,3630.2456660000003,3484.946,3033.2023339999996
2023-07-05 15:00:00,4376.989665,3879.857,3789.187332,3331.794334
2023-07-05 16:00:00,4685.609334,4176.758667,4034.7183339999997,3580.396666
2023-07-05 17:00:00,4918.537332,4370.599,4231.125333,3690.2293329999998
2023-07-05 18:00:00,5101.9949990000005,4573.243667000001,4466.383,3854.9666660000003
2023-07-05 19:00:00,5190.287665,4617.021,4558.822,3973.3026660000005
2023-07-05 20:00:00,5025.959333000001,4522.665,4556.473333,3990.7033330000004
2023-07-05 21:00:00,4945.707666,4331.6810000000005,4420.466666,3831.119667
2023-07-05 22:00:00,4714.011667000001,4061.042667,4204.066666999999,3621.5786669999998
2023-07-05 23:00:00,4342.253334,3592.5063339999997,3761.499333,3241.909667
2023-07-06 00:00:00,3765.719333,2980.313,3217.1336659999997,2769.726667
2023-07-06 01:00:00,3082.262334,2501.3973340000002,2701.492,2343.334335
2023-07-06 02:00:00,2655.711,2154.919666,2376.0856670000003,1978.581334
2023-07-06 03:00:00,2335.8223319999997,1919.043666,2081.986001,1733.732333
2023-07-06 04:00:00,2128.971,1750.284666,1912.0716659999998,1601.190334
2023-07-06 05:00:00,2076.6693320000004,1674.5986670000002,1836.600333,1544.679334
2023-07-06 06:00:00,2089.021333,1666.6753330000001,1874.4899999999998,1507.823667
2023-07-06 07:00:00,2156.7593340000003,1690.323334,1952.6656670000002,1555.592
2023-07-06 08:00:00,2313.7013340000003,1831.534667,2010.218667,1649.749335
2023-07-06 09:00:00,2485.958667,1981.254333,2167.715334,1739.929
2023-07-06 10:00:00,2722.028334,2128.275,2344.5246660000003,1896.1886670000001
2023-07-06 11:00:00,2900.121666,2294.6246659999997,2543.489,2108.848333
2023-07-06 12:00:00,3231.363667,2592.387333,2822.074667,2378.955333
2023-07-06 13:00:00,3516.976333,2965.302333,3142.876334,2615.980334
2023-07-06 14:00:00,3778.556332,3236.844333,3251.593667,2803.238666
2023-07-06 15:00:00,4063.718666,3511.257334,3532.339666,2939.4373330000003
2023-07-06 16:00:00,4363.997665,3757.357667,3724.6976680000002,3153.6679999999997
2023-07-06 17:00:00,4617.782,3988.521334,4046.628333,3365.442
2023-07-06 18:00:00,4749.668334,4266.762667,4236.331666,3557.201666
2023-07-06 19:00:00,4846.229001,4278.169334,4273.789667,3606.634
2023-07-06 20:00:00,4693.335333999999,4099.21,4208.368333,3494.6913329999998
2023-07-06 21:00:00,4439.737999,3739.116334,4003.0466659999997,3285.252
2023-07-06 22:00:00,4182.440001,3448.188,3694.7843330000005,3103.2169999999996
2023-07-06 23:00:00,3726.946,2989.152666,3263.298666,2725.3413339999997
2023-07-07 00:00:00,3100.402333,2457.533332,2760.183999,2273.448
2023-07-07 01:00:00,2618.2413340000003,2040.023332,2315.6853330000004,1882.7020009999999
2023-07-07 02:00:00,2234.690333,1763.401,1998.846,1652.71
2023-07-07 03:00:00,2035.993999,1604.641667,1792.7039989999998,1467.484666
2023-07-07 04:00:00,1892.610666,1503.573332,1653.536666,1347.9163340000002
2023-07-07 05:00:00,1883.2403330000002,1497.367003,1595.332334,1306.160001
2023-07-07 06:00:00,1925.450667,1518.797333,1654.3583330000001,1327.866334
2023-07-07 07:00:00,1996.067667,1581.011667,1725.2216669999998,1383.675334
2023-07-07 08:00:00,2123.007667,1627.2969990000001,1758.327,1477.023
2023-07-07 09:00:00,2180.212334,1735.114998,1887.136333,1505.615667
2023-07-07 10:00:00,2258.640332,1773.9491669999998,1977.047666,1594.724334
2023-07-07 11:00:00,2360.762667,1832.895334,2060.449334,1680.291001
2023-07-07 12:00:00,2470.995667,1975.007333,2180.180334,1732.1096670000002
2023-07-07 13:00:00,2598.6343349999997,2030.0169999999998,2241.652,1750.589
2023-07-07 14:00:00,2714.418334,2148.7653330000003,2354.034667,1822.717
2023-07-07 15:00:00,2817.066666,2332.772,2418.92,2025.111666
2023-07-07 16:00:00,3078.3656659999997,2510.876667,2633.3550000000005,2170.5060000000003
2023-07-07 17:00:00,3354.885667,2694.148001,2810.2796670000002,2321.225
2023-07-07 18:00:00,3579.8843340000003,2932.6133320000004,3112.175333,2528.745333
2023-07-07 19:00:00,3630.5183340000003,3045.1723329999995,3157.268999,2647.9930000000004
2023-07-07 20:00:00,3580.2270009999997,3015.138,3106.7743339999997,2588.851667
2023-07-07 21:00:00,3361.273,2813.689668,3085.4709999999995,2476.6483340000004
2023-07-07 22:00:00,3253.0750000000003,2668.595334,2849.771666,2371.7
2023-07-07 23:00:00,2990.1480009999996,2399.766667,2609.7070000000003,2152.71
2023-07-08 00:00:00,2615.2483329999995,2056.1496660000003,2231.188666,1832.237
2023-07-08 01:00:00,2241.498001,1741.305667,1966.9879990000002,1639.823
2023-07-08 02:00:00,1979.6050010000001,1498.3316650000002,1709.873666,1422.191668
2023-07-08 03:00:00,1782.464,1385.3780000000002,1540.1609990000002,1281.9296669999999
2023-07-08 04:00:00,1698.453667,1272.649,1420.0936660000002,1196.749
2023-07-08 05:00:00,1658.094667,1248.037333,1403.3379989999999,1149.9753340000002
2023-07-08 06:00:00,1657.079,1252.543333,1403.8693329999999,1157.007
2023-07-08 07:00:00,1760.18,1319.151667,1435.9793330000002,1250.842
2023-07-08 08:00:00,1918.893334,1459.151667,1616.262666,1312.455
2023-07-08 09:00:00,2144.529001,1635.1883320000002,1843.449,1466.672
2023-07-08 10:00:00,2315.979667,1852.3519999999999,2039.8853329999997,1642.187
2023-07-08 11:00:00,2463.458333,1981.5266669999999,2167.023334,1756.751
2023-07-08 12:00:00,2597.416666,2064.867666,2281.6620000000003,1813.808334
2023-07-08 13:00:00,2669.133,2182.8860000000004,2282.427,1943.2459999999999
2023-07-08 14:00:00,2709.278334,2235.367334,2375.0663329999998,1918.211667
2023-07-08 15:00:00,2729.057,2300.913,2343.771,1922.664001
2023-07-08 16:00:00,2954.7426670000004,2406.3633330000002,2531.020667,2043.498333
2023-07-08 17:00:00,3189.662668,2549.1200000000003,2714.591333,2200.9096680000002
2023-07-08 18:00:00,3264.641666,2693.438668,2864.838333,2406.009
2023-07-08 19:00:00,3360.4866660000002,2783.6499989999998,2963.740333,2398.868333
2023-07-08 20:00:00,3369.173334,2708.310333,2901.525667,2415.683668
2023-07-08 21:00:00,3284.2309999999998,2585.7195,2847.6279999999997,2253.4756669999997
2023-07-08 22:00:00,3176.989667,2516.615166,2730.3473329999997,2273.987333
2023-07-08 23:00:00,2956.395667,2309.02,2562.897,2120.064666
2023-07-09 00:00:00,2658.979001,2009.1091669999998,2284.160333,1856.4513339999999
2023-07-09 01:00:00,2220.786,1742.293833,2018.042,1606.24
2023-07-09 02:00:00,1937.062666,1506.6781660000001,1708.367999,1406.389
2023-07-09 03:00:00,1756.437333,1370.4181680000002,1544.8310000000001,1230.495002
2023-07-09 04:00:00,1645.174667,1282.0100009999999,1426.193667,1145.021334
2023-07-09 05:00:00,1583.9216680000002,1229.706666,1385.885333,1108.0713340000002
2023-07-09 06:00:00,1560.609667,1226.529834,1369.1770000000001,1084.2693329999997
2023-07-09 07:00:00,1664.871667,1303.868333,1421.1660000000002,1155.8086669999998
2023-07-09 08:00:00,1936.636667,1464.1014999999998,1616.1840000000002,1363.4446670000002
2023-07-09 09:00:00,2146.84,1695.062,1815.926,1549.172333
2023-07-09 10:00:00,2374.1646650000002,1877.568333,2094.307999,1646.295334
2023-07-09 11:00:00,2668.1006660000003,2162.3278330000003,2255.585,1880.596
2023-07-09 12:00:00,2951.540333,2325.6631669999997,2561.908,2036.037
2023-07-09 13:00:00,3203.354667,2461.5620000000004,2705.863,2245.845666
2023-07-09 14:00:00,3345.603,2675.9415010000002,2825.622667,2324.874
2023-07-09 15:00:00,3402.585666,2842.184333,2954.029334,2445.562667
2023-07-09 16:00:00,3572.4336670000002,2993.743999,3181.950667,2604.187
2023-07-09 17:00:00,3859.610667,3290.007501,3386.4356669999997,2807.449
2023-07-09 18:00:00,4129.9346669999995,3487.3221670000003,3600.0473330000004,2969.834
2023-07-09 19:00:00,4107.430666,3612.286666,3740.6899989999997,3032.3759999999997
2023-07-09 20:00:00,4092.7166669999997,3568.112833,3702.692,2997.2259999999997
2023-07-09 21:00:00,3964.825667,3401.691668,3584.889666,2880.693
2023-07-09 22:00:00,3811.2186659999998,3125.6386669999997,3394.097667,2733.717667
2023-07-09 23:00:00,3356.7476669999996,2775.286833,2931.1926670000003,2446.431
2023-07-10 00:00:00,2823.0919999999996,2219.3389989999996,2455.311666,1974.0300009999999
2023-07-10 01:00:00,2392.5589999999997,1836.141167,2044.576667,1692.889666
2023-07-10 02:00:00,2077.174,1603.192666,1769.201,1462.876334
2023-07-10 03:00:00,1876.186667,1436.803665,1621.406334,1277.290668
2023-07-10 04:00:00,1758.2580010000001,1352.534333,1526.8416670000001,1226.5616670000002
2023-07-10 05:00:00,1733.253334,1335.149,1502.627332,1197.9006669999999
2023-07-10 06:00:00,1801.881666,1404.451999,1555.827666,1241.541666
2023-07-10 07:00:00,1911.0119990000003,1450.5013330000002,1698.646333,1311.429
2023-07-10 08:00:00,1969.8236670000001,1560.3166669999998,1728.407667,1452.749667
2023-07-10 09:00:00,2060.313333,1635.345668,1797.0750010000002,1488.535
2023-07-10 10:00:00,2094.4233329999997,1733.4756670000002,1823.247667,1513.502333
2023-07-10 11:00:00,2246.365333,1810.602335,1917.771334,1593.763
2023-07-10 12:00:00,2365.798668,1860.3890000000001,2071.191333,1630.6639999999998
2023-07-10 13:00:00,2402.070001,1931.8220000000001,2088.5869999999995,1778.8343340000001
2023-07-10 14:00:00,2422.3223319999997,1928.932667,2113.8833329999998,1743.411001
2023-07-10 15:00:00,2491.685333,1981.389667,2065.6720000000005,1785.055667
2023-07-10 16:00:00,2544.438001,2047.7443340000002,2218.196333,1848.939999
2023-07-10 17:00:00,2721.3183329999997,2201.733333,2342.919667,1949.2120009999999
2023-07-10 18:00:00,2951.3153350000002,2358.214333,2605.976333,2176.248333
2023-07-10 19:00:00,3078.866,2513.880333,2693.309333,2181.402333
2023-07-10 20:00:00,3057.507,2494.336833,2673.5626660000003,2176.821666
2023-07-10 21:00:00,3036.6836670000002,2513.2731670000003,2757.7083330000005,2195.193
2023-07-10 22:00:00,2997.811001,2383.604667,2655.078334,2192.952
2023-07-10 23:00:00,2740.3666670000002,2169.841,2358.732,1944.673334
2023-07-11 00:00:00,2323.933668,1850.686001,2023.183667,1657.6596670000001
2023-07-11 01:00:00,2052.305667,1573.344333,1724.315667,1436.858333
2023-07-11 02:00:00,1881.055667,1391.617666,1563.766666,1288.089
2023-07-11 03:00:00,1736.068999,1299.691667,1452.1663330000001,1166.021
2023-07-11 04:00:00,1688.569667,1248.703,1386.132666,1142.9160000000002
2023-07-11 05:00:00,1657.260333,1272.0333329999999,1391.802667,1130.875
2023-07-11 06:00:00,1702.099,1361.770333,1494.3970000000002,1199.397
2023-07-11 07:00:00,1799.763,1471.375667,1608.061999,1303.110666
2023-07-11 08:00:00,1926.678335,1565.667668,1714.4353330000001,1414.144
2023-07-11 09:00:00,2070.939665,1700.105666,1766.8106670000002,1471.1840000000002
2023-07-11 10:00:00,2301.3506660000003,1771.326666,1874.4626660000001,1517.73
2023-07-11 11:00:00,2437.842001,1947.588666,2049.8289999999997,1696.9669999999999
2023-07-11 12:00:00,2657.612999,2117.732333,2280.1153320000003,1842.274
2023-07-11 13:00:00,2816.5139990000002,2295.067334,2407.600001,1988.904
2023-07-11 14:00:00,3003.5919999999996,2525.4233329999997,2488.6040000000003,2069.674
2023-07-11 15:00:00,3219.748334,2671.804333,2649.535667,2196.649
2023-07-11 16:00:00,3415.6986660000002,2870.7763320000004,2882.508,2441.0553339999997
2023-07-11 17:00:00,3703.485667,3234.7018319999997,3162.4716659999995,2667.068
2023-07-11 18:00:00,3930.9970010000006,3430.7145,3465.354666,2861.220334
2023-07-11 19:00:00,4060.4369989999996,3518.703834,3566.5086659999997,2924.8426680000002
2023-07-11 20:00:00,4055.913333,3482.3738329999996,3570.478,2951.1026669999997
2023-07-11 21:00:00,4020.495667,3271.2146669999997,3410.5310010000003,2800.726
2023-07-11 22:00:00,3818.697333,3124.6850000000004,3329.113666,2663.4809999999998
2023-07-11 23:00:00,3405.994334,2739.455167,2924.389667,2372.0009999999997
2023-07-12 00:00:00,2836.310333,2276.401334,2436.895666,2022.729667
2023-07-12 01:00:00,2422.360667,1876.446333,2078.204,1685.8236670000001
2023-07-12 02:00:00,2117.773,1593.121999,1821.4793329999998,1437.1526680000002
2023-07-12 03:00:00,1918.877334,1457.505666,1648.695666,1325.5463340000001
2023-07-12 04:00:00,1784.111666,1412.778,1546.134666,1244.457666
2023-07-12 05:00:00,1761.815001,1393.344333,1545.391,1235.088
2023-07-12 06:00:00,1830.880334,1470.231,1615.763999,1299.0729999999999
2023-07-12 07:00:00,1941.8716670000001,1540.346,1692.904667,1365.9590010000002
2023-07-12 08:00:00,2029.357,1580.315334,1735.729667,1465.4209999999998
2023-07-12 09:00:00,2210.747665,1654.403,1840.427667,1575.841
2023-07-12 10:00:00,2325.702332,1777.8876679999998,1932.744333,1622.906
2023-07-12 11:00:00,2505.2323349999997,1931.864667,2109.649667,1762.131
2023-07-12 12:00:00,2798.251,2148.786,2285.686,1934.663
2023-07-12 13:00:00,3013.463999,2394.6766660000003,2544.694333,2097.759333
2023-07-12 14:00:00,3136.942,2609.938333,2734.439999,2250.6823339999996
2023-07-12 15:00:00,3420.7079980000003,2921.775334,2914.6476660000003,2490.9030009999997
2023-07-12 16:00:00,3677.534667,3266.753334,3176.6993329999996,2689.367
2023-07-12 17:00:00,3963.5123320000002,3530.085001,3453.067666,2857.662
2023-07-12 18:00:00,4219.818332,3796.5800010000003,3714.2236660000003,3036.826
2023-07-12 19:00:00,4320.358998,3856.380668,3860.492667,3155.0429999999997
2023-07-12 20:00:00,4200.485,3718.464667,3784.820667,3097.368
2023-07-12 21:00:00,4076.0296660000004,3463.635332,3642.0820009999998,2953.1913329999998
2023-07-12 22:00:00,3842.6766669999997,3226.46,3437.802,2762.4746670000004
2023-07-12 23:00:00,3435.825334,2755.053334,2996.396334,2436.4843339999998
2023-07-13 00:00:00,2977.643333,2312.013333,2475.6606659999998,2043.645
2023-07-13 01:00:00,2525.096334,1916.075667,2117.98,1738.673668
2023-07-13 02:00:00,2145.400667,1629.784667,1865.840999,1545.024334
2023-07-13 03:00:00,1898.784999,1485.333666,1676.902,1350.849999
2023-07-13 04:00:00,1819.5643329999998,1401.115332,1619.518,1263.356334
2023-07-13 05:00:00,1811.847999,1388.319334,1595.3433340000001,1255.058334
2023-07-13 06:00:00,1848.103333,1430.118667,1563.0796730000002,1310.3236670000001
2023-07-13 07:00:00,1964.433667,1540.572334,1603.980333,1381.010667
2023-07-13 08:00:00,2121.658667,1688.2406660000001,1713.2156679999998,1490.092334
2023-07-13 09:00:00,2327.176667,1751.5736659999998,1863.162667,1602.047
2023-07-13 10:00:00,2422.663667,1840.078,2023.644332,1699.9196689999999
2023-07-13 11:00:00,2665.3953330000004,2053.152666,2195.117666,1848.664332
2023-07-13 12:00:00,2859.187333,2312.63,2459.705666,2014.383
2023-07-13 13:00:00,3133.574333,2536.155665,2603.3509990000002,2200.024332
2023-07-13 14:00:00,3292.598332,2805.611666,2853.680668,2349.834334
2023-07-13 15:00:00,3571.702666,3031.6166679999997,3059.409665,2496.125
2023-07-13 16:00:00,3809.435665,3317.0629989999998,3239.497334,2784.245
2023-07-13 17:00:00,4081.6639999999998,3639.069,3507.9596659999997,3026.822
2023-07-13 18:00:00,4280.985333999999,3914.651,3731.500001,3223.91
2023-07-13 19:00:00,4419.149001,4036.179667,3875.397,3283.3256669999996
2023-07-13 20:00:00,4325.028333,3912.269333,3859.125333,3259.2016670000003
2023-07-13 21:00:00,4222.786999,3654.532,3757.3353349999998,3121.006667
2023-07-13 22:00:00,4014.6570010000005,3390.3906660000002,3566.568666,2960.2529999999997
2023-07-13 23:00:00,3682.165,2960.832166,3114.735332,2630.117
2023-07-14 00:00:00,3196.1409999999996,2501.798499,2641.889333,2262.059667
2023-07-14 01:00:00,2750.636001,2092.801501,2229.6799999999994,1937.192666
2023-07-14 02:00:00,2375.541333,1826.113501,1973.630334,1654.794666
2023-07-14 03:00:00,2145.791999,1638.550999,1761.5246670000001,1447.7163329999998
2023-07-14 04:00:00,1989.5246659999998,1523.8205,1640.325665,1371.598
2023-07-14 05:00:00,1946.188,1507.6663330000001,1592.444001,1300.807
2023-07-14 06:00:00,1945.382334,1541.1815000000001,1612.948001,1351.054333
2023-07-14 07:00:00,2054.935667,1592.9818329999998,1743.809001,1454.947666
2023-07-14 08:00:00,2241.0236670000004,1749.993165,1887.738332,1576.873668
2023-07-14 09:00:00,2441.186334,1940.1266660000001,2051.157666,1676.769
2023-07-14 10:00:00,2660.518332,2027.380999,2145.991666,1864.665337
2023-07-14 11:00:00,2882.811667,2263.092667,2386.8353340000003,2080.86
2023-07-14 12:00:00,3230.611667,2600.580334,2733.898333,2273.3179999999998
2023-07-14 13:00:00,3540.4356679999996,2923.8348340000002,2962.297334,2493.891334
2023-07-14 14:00:00,3815.572334,3242.514333,3158.299,2795.275334
2023-07-14 15:00:00,4047.257666,3558.517167,3464.071,2911.958
2023-07-14 16:00:00,4366.477666,3805.934833,3711.2553340000004,3140.974667
2023-07-14 17:00:00,4574.949667,4043.458667,3960.992333,3412.005
2023-07-14 18:00:00,4663.366334,4258.858833,4127.433666000001,3518.051
2023-07-14 19:00:00,4769.8853340000005,4270.177,4126.709666,3593.110667
2023-07-14 20:00:00,4798.386001,4201.307,4124.107333,3557.3536670000003
2023-07-14 21:00:00,4649.756,3940.3376670000002,4035.185666,3440.181
2023-07-14 22:00:00,4438.477,3785.124667,3847.8833329999998,3284.926334
2023-07-14 23:00:00,4095.6640010000006,3428.374667,3533.363999,2968.431001
2023-07-15 00:00:00,3587.7493329999998,2938.165333,3111.201333,2615.3230000000003
2023-07-15 01:00:00,3038.679001,2474.0096670000003,2650.314333,2223.303
2023-07-15 02:00:00,2628.530001,2129.763,2292.286,1936.048001
2023-07-15 03:00:00,2359.414,1870.9203320000001,2023.408667,1711.3850000000002
2023-07-15 04:00:00,2159.626667,1704.578999,1891.7013339999999,1539.488334
2023-07-15 05:00:00,2012.7408329999998,1580.820666,1744.433333,1454.842
2023-07-15 06:00:00,1992.967,1570.8673330000001,1737.7193320000001,1409.8963330000001
2023-07-15 07:00:00,2059.455,1586.874667,1785.1866670000002,1443.996333
2023-07-15 08:00:00,2313.603334,1779.0366669999999,1983.684334,1652.5410000000002
2023-07-15 09:00:00,2608.927667,2104.533999,2280.570666,1911.4360000000001
2023-07-15 10:00:00,2917.7799999999997,2442.840666,2568.555666,2169.697
2023-07-15 11:00:00,3290.0886659999996,2802.0603330000004,2862.7193350000002,2412.224
2023-07-15 12:00:00,3737.101667,3217.062666,3187.2636669999997,2691.607667
2023-07-15 13:00:00,4056.659666,3517.079,3516.107333,2980.3810000000003
2023-07-15 14:00:00,4257.689334000001,3751.2333340000005,3732.733666,3211.6186669999997
2023-07-15 15:00:00,4585.509666,4019.4159999999997,3985.9759999999997,3472.4979999999996
2023-07-15 16:00:00,4864.473667,4228.432667,4174.517334,3619.35
2023-07-15 17:00:00,4968.170668000001,4440.3913330000005,4329.8573320000005,3664.8289999999997
2023-07-15 18:00:00,5112.930666,4512.069667,4432.461334,3733.183
2023-07-15 19:00:00,4961.901666,4505.676332999999,4436.373667,3819.9
2023-07-15 20:00:00,4958.615333999999,4355.324,4374.517334,3745.428
2023-07-15 21:00:00,4737.312000000001,4138.8865000000005,4233.378000999999,3555.598667
2023-07-15 22:00:00,4494.916667,3817.413833,4000.679333,3377.6416660000004
2023-07-15 23:00:00,4128.694333,3440.077666,3565.754666,3077.772667
2023-07-16 00:00:00,3640.7956670000003,2970.996833,3141.239,2665.7823340000004
2023-07-16 01:00:00,3160.2573329999996,2506.628834,2717.7896659999997,2294.4880000000003
2023-07-16 02:00:00,2710.102666,2134.912165,2372.411,1972.3980000000001
2023-07-16 03:00:00,2406.4893329999995,1850.514834,2075.247,1727.315668
2023-07-16 04:00:00,2207.075,1721.807667,1910.1639999999998,1586.1496670000001
2023-07-16 05:00:00,2044.974668,1625.451333,1786.469,1475.253
2023-07-16 06:00:00,1992.234667,1559.764499,1705.565667,1425.618
2023-07-16 07:00:00,2068.733667,1602.921,1772.7020000000002,1469.7479999999998
2023-07-16 08:00:00,2307.4103339999997,1773.1008339999998,1940.5320000000002,1600.618
2023-07-16 09:00:00,2581.208333,2102.088667,2189.6796670000003,1904.2289999999998
2023-07-16 10:00:00,2859.383999,2330.0690000000004,2550.5699999999997,2136.082001
2023-07-16 11:00:00,3212.190333,2704.2791669999997,2850.900001,2339.162
2023-07-16 12:00:00,3544.761333,2987.3185,3155.4786670000003,2566.2169999999996
2023-07-16 13:00:00,3942.603,3356.962667,3462.7993319999996,2806.917
2023-07-16 14:00:00,4139.419667,3649.568834,3634.4019999999996,3080.5139999999997
2023-07-16 15:00:00,4413.782999999999,3932.504,3849.033999,3258.3219999999997
2023-07-16 16:00:00,4659.620667000001,4179.247,4071.305668,3457.5460000000003
2023-07-16 17:00:00,4822.488667,4352.756501,4242.437667,3642.973
2023-07-16 18:00:00,5005.849667,4537.608834000001,4417.142333,3727.639668
2023-07-16 19:00:00,5049.868665999999,4516.502,4414.590002,3750.267667
2023-07-16 20:00:00,4884.247667,4347.209167,4289.276335,3682.468667
2023-07-16 21:00:00,4659.304667,4042.276001,4022.7386670000005,3447.222334
2023-07-16 22:00:00,4383.529666,3602.9476669999995,3780.405999,3205.538334
2023-07-16 23:00:00,3945.655667,3185.938166,3339.664666,2799.836667
2023-07-17 00:00:00,3290.734,2603.348,2801.353999,2283.217333
2023-07-17 01:00:00,2728.866,2123.289167,2398.927999,1956.239999
2023-07-17 02:00:00,2394.147,1845.106667,2067.278667,1694.566667
2023-07-17 03:00:00,2135.307667,1660.094667,1863.803001,1497.565
2023-07-17 04:00:00,1984.6710010000002,1553.481333,1729.638001,1387.3449999999998
2023-07-17 05:00:00,1940.618334,1496.7379999999998,1672.7056659999998,1369.872667
2023-07-17 06:00:00,2002.2053330000003,1565.6136660000002,1698.307666,1378.993333
2023-07-17 07:00:00,2078.1906660000004,1627.763334,1772.4470000000001,1458.4840000000002
2023-07-17 08:00:00,2201.897334,1727.7043330000001,1913.748667,1590.711
2023-07-17 09:00:00,2335.6396659999996,1803.264167,1991.376666,1703.857
2023-07-17 10:00:00,2432.411333,1940.6225,2050.967999,1827.258
2023-07-17 11:00:00,2560.329333,2072.2221670000004,2134.235334,1909.949334
2023-07-17 12:00:00,2685.305668,2139.847666,2297.5053340000004,1962.844334
2023-07-17 13:00:00,2798.107001,2282.507667,2489.142667,2013.545
2023-07-17 14:00:00,2896.349332,2348.2256669999997,2554.630332,2107.747001
2023-07-17 15:00:00,2970.248333,2466.087667,2646.7616669999998,2141.992667
2023-07-17 16:00:00,3136.851001,2669.327,2746.223,2263.619334
2023-07-17 17:00:00,3427.9323329999997,2919.286333,2991.3493340000005,2479.914001
2023-07-17 18:00:00,3686.6833349999997,3181.7309999999998,3283.8579999999997,2736.303334
2023-07-17 19:00:00,3769.971,3390.468333,3375.228666,2878.852667
2023-07-17 20:00:00,3756.744,3258.6295,3362.544333,2742.383335
2023-07-17 21:00:00,3566.5940010000004,2984.6595,3212.6906659999995,2651.925333
2023-07-17 22:00:00,3493.836668,2808.009,3046.6940019999997,2568.296
2023-07-17 23:00:00,3106.883667,2482.282,2735.240667,2223.944334
2023-07-18 00:00:00,2663.9606679999997,2095.2281669999998,2294.7993349999997,1877.7070009999998
2023-07-18 01:00:00,2290.1626669999996,1771.5411669999999,1914.016668,1626.044
2023-07-18 02:00:00,2014.288334,1535.4486660000002,1678.312665,1411.133333
2023-07-18 03:00:00,1844.877999,1416.0195010000002,1530.1276659999999,1262.572667
2023-07-18 04:00:00,1706.9226669999998,1336.1161670000001,1440.028,1181.341668
2023-07-18 05:00:00,1740.845333,1340.297834,1429.9666660000003,1189.7780010000001
2023-07-18 06:00:00,1831.9063340000002,1385.020332,1505.9983339999999,1255.219999
2023-07-18 07:00:00,1883.8200000000002,1547.2896660000001,1642.938668,1366.497666
2023-07-18 08:00:00,2047.343001,1639.224334,1712.7209990000001,1499.004001
2023-07-18 09:00:00,2188.250665,1734.0679989999999,1858.062333,1631.555667
2023-07-18 10:00:00,2330.467666,1841.9286670000001,1923.179332,1657.013334
2023-07-18 11:00:00,2496.1370009999996,1968.169667,2048.313666,1763.8916669999999
2023-07-18 12:00:00,2791.8489990000003,2107.770667,2264.027002,1924.5636670000001
2023-07-18 13:00:00,2968.6699989999997,2422.2365,2510.616331,2178.558
2023-07-18 14:00:00,3121.296,2644.4233329999997,2661.422002,2317.099
2023-07-18 15:00:00,3419.402334,2943.587999,2915.017,2502.402
2023-07-18 16:00:00,3692.816666,3237.863332,3146.053666,2714.581
2023-07-18 17:00:00,3989.879667,3542.190833,3489.967667,2973.076
2023-07-18 18:00:00,4305.954667,3811.9595,3865.7196670000003,3149.6036670000003
2023-07-18 19:00:00,4475.399999,3874.931834,3960.4469999999997,3241.054333
2023-07-18 20:00:00,4414.236666,3874.754166,3933.1673330000003,3202.561335
2023-07-18 21:00:00,4255.895667000001,3673.378667,3702.8970019999997,3032.5646669999996
2023-07-18 22:00:00,3997.545333,3379.3950000000004,3536.406,2856.1803330000002
2023-07-18 23:00:00,3626.793334,2926.334167,3138.344999,2575.342667
2023-07-19 00:00:00,3083.972333,2396.7566669999997,2625.9086660000003,2197.202
2023-07-19 01:00:00,2652.473333,2013.4183329999998,2262.787332,1869.230665
2023-07-19 02:00:00,2275.697999,1773.059999,1980.842998,1627.571668
2023-07-19 03:00:00,2059.690667,1587.2420000000002,1763.630664,1453.385667
2023-07-19 04:00:00,1921.828332,1504.6795,1661.326335,1380.212333
2023-07-19 05:00:00,1879.042334,1447.351666,1635.842998,1356.896331
2023-07-19 06:00:00,1921.343667,1482.931333,1689.903667,1345.416002
2023-07-19 07:00:00,2052.688333,1587.5413330000001,1767.489666,1454.2269999999999
2023-07-19 08:00:00,2195.912335,1736.894666,1926.785331,1576.5883330000001
2023-07-19 09:00:00,2376.013999,1826.646332,1999.315334,1650.5826670000001
2023-07-19 10:00:00,2578.170667,2002.3343329999998,2123.807998,1794.862001
2023-07-19 11:00:00,2805.390335,2262.5846659999997,2360.311665,1986.9830000000002
2023-07-19 12:00:00,3139.030666,2596.080999,2652.657996,2275.620334
2023-07-19 13:00:00,3462.751332,2904.141667,3010.207665,2575.700002
2023-07-19 14:00:00,3780.0853340000003,3304.330335,3243.657,2760.9676680000002
2023-07-19 15:00:00,4093.0849980000003,3612.536001,3531.474666,2895.137667
2023-07-19 16:00:00,4434.994333999999,3935.490333,3815.2316669999996,3259.161332
2023-07-19 17:00:00,4741.5399990000005,4243.7510010000005,4116.116334,3564.485666
2023-07-19 18:00:00,5029.126998,4513.011667000001,4369.852663,3732.055666
2023-07-19 19:00:00,5145.061999,4680.878667,4511.546335,3806.420334
2023-07-19 20:00:00,5041.187666,4508.683999000001,4469.0623319999995,3778.344666
2023-07-19 21:00:00,4932.541666,4264.462332,4415.316999000001,3666.01
2023-07-19 22:00:00,4775.819668,4063.288998,4164.442003,3487.9660000000003
2023-07-19 23:00:00,4358.527667,3606.840002,3787.409333,3089.4136660000004
2023-07-20 00:00:00,3729.4106659999998,3012.152335,3209.471667,2657.6763330000003
2023-07-20 01:00:00,3111.080667,2551.6636690000005,2709.651667,2322.2070009999998
2023-07-20 02:00:00,2717.1546670000002,2247.833334,2394.690667,1969.179334
2023-07-20 03:00:00,2443.5356659999998,1968.2913330000001,2099.186,1736.3660009999999
2023-07-20 04:00:00,2266.5246660000003,1787.753666,1903.272668,1599.768
2023-07-20 05:00:00,2161.201332,1719.808334,1863.0880000000002,1551.746334
2023-07-20 06:00:00,2180.9853329999996,1717.2620000000002,1841.389667,1526.509
2023-07-20 07:00:00,2195.623334,1742.3673330000001,1919.54,1589.3700009999998
2023-07-20 08:00:00,2337.1029999999996,1865.284334,1996.4636679999999,1692.345334
2023-07-20 09:00:00,2502.592667,1947.708666,2109.250333,1795.714334
2023-07-20 10:00:00,2627.1406669999997,2136.107667,2274.1673330000003,1929.083334
2023-07-20 11:00:00,2895.3729999999996,2369.945333,2435.879334,2068.294
2023-07-20 12:00:00,3142.105,2536.610667,2693.8096669999995,2223.5463330000002
2023-07-20 13:00:00,3383.582666,2829.050667,2866.793,2459.0249999999996
2023-07-20 14:00:00,3570.722332,3061.6175000000003,3089.181666,2681.0109999999995
2023-07-20 15:00:00,3830.724333,3321.0466669999996,3296.1143329999995,2805.004
2023-07-20 16:00:00,4168.650332,3612.610666,3514.6276669999997,3015.3819999999996
2023-07-20 17:00:00,4462.031334,3890.4271670000003,3771.994665,3272.146
2023-07-20 18:00:00,4713.186334,4109.343667,4045.169667,3486.6009999999997
2023-07-20 19:00:00,4834.8350009999995,4262.742667,4145.992999,3525.598667
2023-07-20 20:00:00,4687.499,4115.139501,4145.3253349999995,3510.6363330000004
2023-07-20 21:00:00,4517.134666,3883.230667,4092.942665,3369.1210010000004
2023-07-20 22:00:00,4377.368001,3687.758667,3908.915,3191.563
2023-07-20 23:00:00,3952.2070000000003,3247.4908330000003,3445.4636659999996,2821.073
2023-07-21 00:00:00,3425.9359999999997,2700.790333,2911.998667,2367.494
2023-07-21 01:00:00,2871.7773340000003,2246.855333,2522.432667,1989.452
2023-07-21 02:00:00,2512.629333,1938.857667,2144.623001,1732.581
2023-07-21 03:00:00,2245.7859989999997,1747.8756669999998,1904.178333,1523.239
2023-07-21 04:00:00,2119.321666,1633.1963340000002,1763.383001,1432.9790000000003
2023-07-21 05:00:00,2077.091333,1598.145667,1724.6123320000002,1405.632
2023-07-21 06:00:00,2060.4266669999997,1632.414,1717.187333,1381.7220000000002
2023-07-21 07:00:00,2128.525667,1656.747833,1802.869001,1445.1670000000001
2023-07-21 08:00:00,2208.080667,1761.7261669999998,1899.9550000000002,1538.150333
2023-07-21 09:00:00,2340.902334,1787.6996669999999,1987.4653329999999,1652.207333
2023-07-21 10:00:00,2518.055332,1891.683,2087.71,1743.598333
2023-07-21 11:00:00,2778.509667,2056.9210000000003,2249.8286669999998,1941.3470000000002
2023-07-21 12:00:00,2981.7926669999997,2397.3863330000004,2510.507667,2142.116
2023-07-21 13:00:00,3307.5263349999996,2599.796667,2721.8986670000004,2341.547
2023-07-21 14:00:00,3456.2813340000002,2874.369332,2935.554333,2431.5029999999997
2023-07-21 15:00:00,3758.074666,3269.395,3184.764667,2573.825
2023-07-21 16:00:00,4004.8736660000004,3493.808,3454.224666,2894.628
2023-07-21 17:00:00,4282.805667,3768.571667,3663.5589990000003,3080.7239999999997
2023-07-21 18:00:00,4479.055334000001,3933.664333,3884.333667,3304.377
2023-07-21 19:00:00,4540.535334,3984.482833,4001.169001,3352.2569999999996
2023-07-21 20:00:00,4525.053001,3927.2888330000005,3944.356667,3349.415
2023-07-21 21:00:00,4397.506,3653.7196670000003,3815.077333,3200.774
2023-07-21 22:00:00,4081.1220000000003,3454.192,3619.870333,3040.9900000000002
2023-07-21 23:00:00,3816.669001,3108.6616670000003,3315.382668,2722.77
2023-07-22 00:00:00,3313.119333,2676.428333,2855.7556670000004,2339.2079999999996
2023-07-22 01:00:00,2849.675001,2251.242,2441.059666,2023.324
2023-07-22 02:00:00,2533.012001,1953.2260029999998,2159.3036669999997,1767.205
2023-07-22 03:00:00,2245.383,1710.7903330000001,1923.6820000000002,1553.1019999999999
2023-07-22 04:00:00,2064.468667,1596.112334,1765.780332,1423.953
2023-07-22 05:00:00,1987.9436670000002,1463.731334,1688.3196659999999,1350.99
2023-07-22 06:00:00,1940.48,1452.089333,1661.254,1321.463
2023-07-22 07:00:00,2029.688,1511.4874999999997,1732.073667,1376.5059999999999
2023-07-22 08:00:00,2223.992334,1720.287334,1910.7293319999999,1539.712
2023-07-22 09:00:00,2548.215001,2040.487,2169.754667,1814.592667
2023-07-22 10:00:00,2879.8540000000003,2274.5695,2457.577999,2034.117667
2023-07-22 11:00:00,3107.361332,2560.9438330000003,2690.366333,2271.0519999999997
2023-07-22 12:00:00,3449.293666,2842.1028330000004,3012.4519999999998,2454.343
2023-07-22 13:00:00,3691.2923330000003,3157.1944999999996,3141.002998,2671.7389999999996
2023-07-22 14:00:00,3961.757334,3457.729167,3343.767334,2837.761
2023-07-22 15:00:00,4146.790666,3621.218667,3555.938333,2998.314667
2023-07-22 16:00:00,4362.695667,3882.5693330000004,3801.617002,3163.9973339999997
2023-07-22 17:00:00,4586.536334,4036.127666,3968.207668,3351.612
2023-07-22 18:00:00,4653.134666,4148.5816669999995,3988.0953339999996,3423.942
2023-07-22 19:00:00,4656.277999,4110.247332999999,4032.432667,3407.5909999999994
2023-07-22 20:00:00,4719.789334,3977.472,3898.5896650000004,3400.795
2023-07-22 21:00:00,4438.1849999999995,3695.334,3762.077332,3220.0870000000004
2023-07-22 22:00:00,4166.108667,3504.914333,3588.083667,3047.306
2023-07-22 23:00:00,3840.303333,3127.6593329999996,3250.298334,2730.866
2023-07-23 00:00:00,3347.0336669999997,2697.9239990000005,2901.483,2383.485
2023-07-23 01:00:00,2912.4356660000003,2326.5950000000003,2478.0330000000004,2094.2569999999996
2023-07-23 02:00:00,2560.536333,1987.317,2177.206,1817.873
2023-07-23 03:00:00,2312.581333,1819.770333,1929.0266659999998,1604.998
2023-07-23 04:00:00,2132.316,1651.9716670000003,1783.3433329999998,1482.37
2023-07-23 05:00:00,2048.860668,1528.0393330000002,1676.317001,1374.455
2023-07-23 06:00:00,2039.8590000000002,1512.558,1629.119667,1331.0539999999999
2023-07-23 07:00:00,2019.514667,1561.9696669999998,1685.085333,1388.492
2023-07-23 08:00:00,2261.826,1758.4993330000002,1875.0336670000002,1579.037
2023-07-23 09:00:00,2549.573,2024.3080009999999,2173.228334,1837.563
2023-07-23 10:00:00,2821.332332,2312.5463330000002,2448.4036669999996,2003.4089999999999
2023-07-23 11:00:00,3136.784333,2614.721334,2735.554334,2222.2870000000003
2023-07-23 12:00:00,3456.2623329999997,2890.05,3045.318667,2452.9489999999996
2023-07-23 13:00:00,3769.8810000000003,3148.7993340000003,3223.813667,2700.989
2023-07-23 14:00:00,3986.6926670000003,3460.174,3398.232,2937.571666
2023-07-23 15:00:00,4257.852,3747.620333,3579.002,3072.883
2023-07-23 16:00:00,4541.839667,3952.7433330000003,3768.6220000000003,3175.607
2023-07-23 17:00:00,4651.118667000001,4153.785334,4000.884333,3418.037
2023-07-23 18:00:00,4788.598667,4276.037333,4201.572,3586.3190000000004
2023-07-23 19:00:00,4922.917665999999,4378.753334,4168.699333,3595.647
2023-07-23 20:00:00,4811.933667,4229.374,4072.107333,3529.495
2023-07-23 21:00:00,4570.966667,3879.833667,3917.945,3337.4
2023-07-23 22:00:00,4319.296666,3495.985667,3724.1650010000003,3147.6800000000003
2023-07-23 23:00:00,3755.776667,3000.5206660000003,3204.362333,2729.317
2023-07-24 00:00:00,3187.616,2483.895665,2647.953667,2256.761
2023-07-24 01:00:00,2703.139,2071.599333,2259.848999,1900.4669999999999
2023-07-24 02:00:00,2313.072333,1736.920001,1982.7039989999998,1628.656
2023-07-24 03:00:00,2111.967001,1592.167999,1794.849999,1465.724
2023-07-24 04:00:00,1955.0336670000002,1465.3853330000002,1661.3436669999999,1364.851
2023-07-24 05:00:00,1924.354334,1447.578333,1593.344667,1303.728
2023-07-24 06:00:00,1928.869333,1490.644333,1622.5810000000001,1336.102
2023-07-24 07:00:00,2029.7571659999999,1553.816333,1738.348667,1458.116
2023-07-24 08:00:00,2153.408167,1651.3063319999999,1842.1906669999998,1564.453
2023-07-24 09:00:00,2236.093166,1718.168001,1947.1460000000002,1566.087
2023-07-24 10:00:00,2316.6215,1799.7649999999999,2075.896667,1702.069
2023-07-24 11:00:00,2476.8625,1935.988333,2243.4196660000002,1707.4113340000001
2023-07-24 12:00:00,2639.428,2029.039333,2269.3866669999998,1875.656
2023-07-24 13:00:00,2764.9335,2124.328001,2373.539333,1932.654
2023-07-24 14:00:00,2733.2160000000003,2202.5246669999997,2436.4843330000003,1928.9859999999999
2023-07-24 15:00:00,2815.9184999999998,2209.700667,2452.106334,1975.929
2023-07-24 16:00:00,2931.6994999999997,2380.32,2611.4260000000004,2098.2709999999997
2023-07-24 17:00:00,3130.1400000000003,2546.812333,2766.1653339999993,2232.573667
2023-07-24 18:00:00,3357.2469999999994,2749.201,2994.581,2379.3266670000003
2023-07-24 19:00:00,3426.9139999999998,2864.474333,3015.501333,2452.1053330000004
2023-07-24 20:00:00,3414.714,2862.509,3111.312666,2536.771672
2023-07-24 21:00:00,3441.99,2775.7,3012.303334,2508.065336
2023-07-24 22:00:00,3393.816,2656.9755,2978.861667,2086.421666
2023-07-24 23:00:00,3135.0395,2447.5245,2626.569666,2045.9726660000001
2023-07-25 00:00:00,2726.7855,2108.825667,2259.203334,1862.421
2023-07-25 01:00:00,2414.4845000000005,1804.857332,2014.183334,1664.276667
2023-07-25 02:00:00,2118.1725,1617.750667,1817.425667,1465.663334
2023-07-25 03:00:00,1968.6405,1530.9636679999999,1678.635667,1351.341001
2023-07-25 04:00:00,1877.241,1489.455,1605.7633329999999,1268.0063329999998
2023-07-25 05:00:00,1847.397833,1453.916667,1564.9243330000002,1236.914334
2023-07-25 06:00:00,1898.641167,1471.517,1600.3380000000002,1296.6696670000001
2023-07-25 07:00:00,1975.445667,1548.694,1699.588667,1387.5790000000002
2023-07-25 08:00:00,2093.0235000000002,1604.840333,1823.278666,1496.9853329999999
2023-07-25 09:00:00,2177.4565000000002,1703.8899999999999,1881.237333,1555.564333
2023-07-25 10:00:00,2300.3925,1723.732333,1961.232666,1597.6109999999999
2023-07-25 11:00:00,2446.266,1866.922,1999.094333,1650.1799999999998
2023-07-25 12:00:00,2532.169,1990.162,2124.510668,1776.0213330000001
2023-07-25 13:00:00,2717.8855,2112.694,2246.906333,1901.453
2023-07-25 14:00:00,2788.3959999999997,2293.395,2423.3046670000003,2005.507001
2023-07-25 15:00:00,3033.7315,2401.7380000000003,2636.355,2144.496667
2023-07-25 16:00:00,3327.918,2588.017,2898.4210009999997,2377.7000000000003
2023-07-25 17:00:00,3614.6245,2923.937,3072.674334,2561.934667
2023-07-25 18:00:00,3818.0815000000002,3132.1440000000002,3386.581666,2769.031
2023-07-25 19:00:00,3890.855,3286.623,3427.611,2825.0826669999997
2023-07-25 20:00:00,3783.116,3163.552,3371.882334,2793.989667
2023-07-25 21:00:00,3697.335,2934.6580000000004,3236.4263339999998,2689.227999
2023-07-25 22:00:00,3502.58,2794.260333,3118.132666,2490.261333
2023-07-25 23:00:00,3154.5519990000003,2431.156333,2675.888999,2271.9176669999997
2023-07-26 00:00:00,2666.0591669999994,1988.788666,2252.3329999999996,1901.217666
2023-07-26 01:00:00,2261.5765,1706.952667,1886.362,1563.2140000000002
2023-07-26 02:00:00,2006.4254999999998,1511.903,1697.272,1378.4180000000001
2023-07-26 03:00:00,1846.397167,1392.355332,1571.011,1268.357334
2023-07-26 04:00:00,1711.7366670000001,1320.3453330000002,1470.819,1198.2376669999999
2023-07-26 05:00:00,1718.2515,1309.2534999999998,1465.2,1182.372333
2023-07-26 06:00:00,1743.4735,1413.6909999999998,1548.467,1241.434
2023-07-26 07:00:00,1845.432167,1459.2869999999998,1652.29,1338.064001
2023-07-26 08:00:00,2009.4099999999999,1604.803833,1716.945,1448.772667
2023-07-26 09:00:00,2134.6145,1665.282167,1819.5030000000002,1532.0103330000002
2023-07-26 10:00:00,2240.467333,1730.512667,1864.569667,1574.278
2023-07-26 11:00:00,2406.852167,1859.4908329999998,2011.2380000000003,1740.1170000000002
2023-07-26 12:00:00,2564.709667,2059.204667,2237.94,1886.302
2023-07-26 13:00:00,2793.8765000000003,2233.270333,2357.142333,2057.029
2023-07-26 14:00:00,2899.0280000000002,2458.3423329999996,2484.137667,2167.682
2023-07-26 15:00:00,3103.3125,2673.642,2643.251,2240.366
2023-07-26 16:00:00,3325.029,2863.486667,2901.3949999999995,2431.638
2023-07-26 17:00:00,3630.789,3097.548501,3191.0116669999998,2706.191
2023-07-26 18:00:00,3928.806,3378.486334,3460.4636659999996,2851.4799999999996
2023-07-26 19:00:00,3994.9275,3431.348667,3451.421334,3027.4230000000002
2023-07-26 20:00:00,3857.6949999999997,3258.767,3367.6053329999995,2910.733
2023-07-26 21:00:00,3751.699667,3147.158333,3246.8323339999997,2759.089667
2023-07-26 22:00:00,3637.565833,2968.318334,3073.2366660000002,2577.8270009999997
2023-07-26 23:00:00,3243.44,2560.886834,2748.716333,2236.1166670000002
2023-07-27 00:00:00,2745.3233330000003,2137.13,2344.3450000000003,1924.988666
2023-07-27 01:00:00,2359.3805,1837.377834,1970.9376660000003,1644.2350000000001
2023-07-27 02:00:00,2093.5605,1573.7166670000001,1766.965,1416.144
2023-07-27 03:00:00,1870.1290000000001,1440.197501,1599.1173330000001,1296.869
2023-07-27 04:00:00,1740.681,1383.6843330000002,1516.7240000000002,1211.667
2023-07-27 05:00:00,1748.329833,1360.2043330000001,1488.248,1183.893
2023-07-27 06:00:00,1829.1419999999998,1404.634,1535.055,1219.0390000000002
2023-07-27 07:00:00,1949.223333,1462.6109999999999,1635.711333,1307.4576659999998
2023-07-27 08:00:00,2057.193333,1573.9940000000001,1672.020667,1466.907999
2023-07-27 09:00:00,2229.064167,1673.1979999999999,1789.129334,1515.649
2023-07-27 10:00:00,2317.943,1792.022,1912.687333,1604.4446670000002
2023-07-27 11:00:00,2471.278667,1922.2240000000002,2063.726667,1765.856999
2023-07-27 12:00:00,2643.918833,2088.0789999999997,2214.2123330000004,1866.655999
2023-07-27 13:00:00,2759.632834,2264.3786659999996,2357.331666,2084.321333
2023-07-27 14:00:00,3018.466167,2464.805332,2584.877999,2146.1243329999998
2023-07-27 15:00:00,3204.485333,2708.322,2773.4966670000003,2278.008667
2023-07-27 16:00:00,3444.966667,2993.968667,3007.958,2504.1113330000003
2023-07-27 17:00:00,3712.9708330000003,3278.127667,3190.4753330000003,2745.0399989999996
2023-07-27 18:00:00,3930.7751670000002,3546.603,3485.643,2906.222667
2023-07-27 19:00:00,3975.0784999999996,3576.486,3550.794667,3002.2599999999998
2023-07-27 20:00:00,3960.629,3449.383,3530.8770000000004,2949.923
2023-07-27 21:00:00,3825.1195,3240.6099999999997,3350.766667,2758.8083340000003
2023-07-27 22:00:00,3674.283167,3031.1766660000003,3192.513667,2564.6119989999997
2023-07-27 23:00:00,3282.005,2585.5106670000005,2896.110667,2277.087333
2023-07-28 00:00:00,2783.882667,2183.977333,2374.518,1948.961333
2023-07-28 01:00:00,2350.2691670000004,1837.9843329999999,2016.982,1670.791333
2023-07-28 02:00:00,2121.850334,1628.163333,1760.01,1493.127
2023-07-28 03:00:00,1935.8900010000002,1455.256002,1625.084,1328.327
2023-07-28 04:00:00,1827.0178329999999,1379.772667,1519.331,1235.4810000000002
2023-07-28 05:00:00,1776.9451669999999,1360.181666,1438.718,1209.509
2023-07-28 06:00:00,1842.643333,1419.941667,1530.304,1227.003333
2023-07-28 07:00:00,1889.383333,1539.477334,1618.2830000000001,1323.956333
2023-07-28 08:00:00,1961.783,1569.4863340000002,1706.208667,1419.244666
2023-07-28 09:00:00,2142.0653329999996,1649.696333,1762.679,1527.7740000000001
2023-07-28 10:00:00,2260.6363330000004,1768.469999,1888.683667,1643.1840000000002
2023-07-28 11:00:00,2380.831833,1856.0479999999998,2037.842666,1693.7330000000002
2023-07-28 12:00:00,2598.043833,2020.932334,2160.9363329999996,1842.5683330000002
2023-07-28 13:00:00,2839.7685,2229.502,2332.719,2054.034999
2023-07-28 14:00:00,3012.5445,2434.379,2553.634,2158.037999
2023-07-28 15:00:00,3141.1901669999997,2653.4480000000003,2719.089,2260.271666
2023-07-28 16:00:00,3472.2349999999997,2884.394,3003.4249999999997,2523.784333
2023-07-28 17:00:00,3646.651833,3201.9423340000003,3182.291667,2736.571
2023-07-28 18:00:00,3870.821333,3442.9863330000003,3421.198999,2882.3386659999996
2023-07-28 19:00:00,3946.6345,3490.930999,3453.4269999999997,2911.935666
2023-07-28 20:00:00,3862.3903330000003,3275.936,3387.1173340000005,2833.2200000000003
2023-07-28 21:00:00,3686.136167,3058.358,3225.038,2688.659333
2023-07-28 22:00:00,3513.2695,2937.3983340000004,3095.8,2564.698
2023-07-28 23:00:00,3198.606,2593.6868329999998,2692.117,2281.762
2023-07-29 00:00:00,2742.6735,2196.139333,2338.2743330000003,1933.0486660000001
2023-07-29 01:00:00,2366.008,1858.946833,2055.889333,1664.303666
2023-07-29 02:00:00,2069.2253339999997,1572.5438330000002,1785.592,1414.077
2023-07-29 03:00:00,1878.296832,1424.4505,1590.7820000000002,1315.871334
2023-07-29 04:00:00,1754.0656669999998,1344.711501,1493.163,1203.3743330000002
2023-07-29 05:00:00,1693.2690000000002,1284.8361679999998,1422.980666,1161.9840000000002
2023-07-29 06:00:00,1670.5065,1306.9013329999998,1442.880666,1131.525
2023-07-29 07:00:00,1782.0398329999998,1381.782,1506.124667,1227.953
2023-07-29 08:00:00,1986.0285,1590.1733330000002,1716.527334,1381.315
2023-07-29 09:00:00,2269.561667,1841.107,1951.253001,1579.842333
2023-07-29 10:00:00,2564.9125,2001.0500000000002,2218.5676670000003,1782.3866659999999
2023-07-29 11:00:00,2683.900667,2196.367,2312.9579999999996,1942.7676660000002
2023-07-29 12:00:00,2974.7385,2301.149332,2519.239999,2093.2776670000003
2023-07-29 13:00:00,3141.4275,2500.385667,2745.280334,2133.3410000000003
2023-07-29 14:00:00,3178.5715,2681.995,2806.992,2350.719666
2023-07-29 15:00:00,3323.843,2853.974,2904.849,2505.289667
2023-07-29 16:00:00,3510.1665000000003,2976.4979999999996,3097.7569999999996,2578.867
2023-07-29 17:00:00,3686.1785,3202.656,3319.121,2722.831999
2023-07-29 18:00:00,3766.739,3259.340666,3436.749,2874.6716659999997
2023-07-29 19:00:00,3746.4055,3262.150666,3398.796,2832.172666
2023-07-29 20:00:00,3657.2690000000002,3059.907334,3227.733667,2698.454333
2023-07-29 21:00:00,3459.768,2861.5690000000004,2987.5869999999995,2550.857667
2023-07-29 22:00:00,3274.882,2688.038667,2839.782,2389.076666
2023-07-29 23:00:00,3047.4065,2386.107333,2544.621,2107.3733329999995
2023-07-30 00:00:00,2619.1495,2071.2439999999997,2207.499,1831.522333
2023-07-30 01:00:00,2308.1583339999997,1738.115,1951.519,1595.768
2023-07-30 02:00:00,2033.420667,1532.761667,1719.5299999999997,1410.5520000000001
2023-07-30 03:00:00,1864.9395,1387.564667,1588.042666,1308.548
2023-07-30 04:00:00,1753.8915,1304.125,1463.853999,1198.3780000000002
2023-07-30 05:00:00,1680.054,1266.633,1418.627,1159.949333
2023-07-30 06:00:00,1707.4595,1284.792,1425.364,1149.535
2023-07-30 07:00:00,1742.2800000000002,1340.876,1459.917,1216.687
2023-07-30 08:00:00,1986.816,1511.539,1651.324,1357.927
2023-07-30 09:00:00,2241.978,1732.466,1890.9063340000002,1610.757
2023-07-30 10:00:00,2527.6385,1972.209,2177.242667,1843.956666
2023-07-30 11:00:00,2705.052,2132.362667,2333.879,1978.903999
2023-07-30 12:00:00,2906.5405,2322.836667,2570.1473340000002,2165.641
2023-07-30 13:00:00,3016.093,2555.242668,2715.638667,2314.57
2023-07-30 14:00:00,3184.189,2719.111,2869.781,2468.273
2023-07-30 15:00:00,3371.216,2878.354667,2915.594,2470.228
2023-07-30 16:00:00,3617.137,2995.222,3081.369,2659.910333
2023-07-30 17:00:00,3791.5564999999997,3233.741,3285.608,2756.9983330000005
2023-07-30 18:00:00,3916.081,3396.9733340000002,3339.945334,2896.839
2023-07-30 19:00:00,4011.5879999999997,3454.645332,3477.0879999999997,2873.538
2023-07-30 20:00:00,3907.9645,3293.229334,3453.495,2814.885
2023-07-30 21:00:00,3807.951,3217.735,3290.518,2699.675
2023-07-30 22:00:00,3647.729,2978.9846669999997,3122.809,2607.987
2023-07-30 23:00:00,3257.066,2558.305667,2771.095,2295.4383319999997
2023-07-31 00:00:00,2738.059833,2082.1223339999997,2330.997,1952.715667
2023-07-31 01:00:00,2291.5141670000003,1747.4826670000002,2021.7043330000001,1666.821
2023-07-31 02:00:00,2064.793001,1552.4170010000003,1764.451,1410.058333
2023-07-31 03:00:00,1833.900001,1398.221,1571.797333,1258.1496670000001
2023-07-31 04:00:00,1731.6555,1350.954,1483.9303329999998,1206.7306669999998
2023-07-31 05:00:00,1713.945667,1340.036999,1459.012667,1190.600667
2023-07-31 06:00:00,1792.723333,1366.196,1512.003,1242.3819999999998
2023-07-31 07:00:00,1863.9044999999999,1483.7593339999999,1606.092668,1300.515
2023-07-31 08:00:00,2001.482666,1621.419666,1695.0290009999999,1443.035667
2023-07-31 09:00:00,2122.643333,1684.231,1813.293334,1506.532333
2023-07-31 10:00:00,2290.664,1794.728,1957.5223330000001,1633.925666
2023-07-31 11:00:00,2458.076333,1958.1293329999999,2057.407667,1793.608667
2023-07-31 12:00:00,2661.149,2215.601333,2343.267,1949.828
2023-07-31 13:00:00,2912.437,2361.785333,2385.730667,2128.957
2023-07-31 14:00:00,3093.358,2637.757,2534.279,2264.122
2023-07-31 15:00:00,3257.7749999999996,2775.850333,2701.025,2376.890667
2023-07-31 16:00:00,3519.608,3016.202,3013.102,2598.423666
2023-07-31 17:00:00,3789.4620000000004,3371.0379999999996,3414.2619999999997,2853.3600000000006
2023-07-31 18:00:00,4046.1769999999997,3649.0789999999997,3593.231334,3022.7070000000003
2023-07-31 19:00:00,4125.405000000001,3732.84,3686.7690000000002,3067.223
2023-07-31 20:00:00,4046.7709999999997,3545.375,3534.391333,3000.498
2023-07-31 21:00:00,3885.583,3288.942,3458.5780000000004,2916.797667
2023-07-31 22:00:00,3735.0430000000006,3072.303,3179.928333,2655.872
2023-07-31 23:00:00,3309.599,2654.4669999999996,2803.4623330000004,2308.99
2023-08-01 00:00:00,2852.592,2192.848,2384.951333,1991.348
2023-08-01 01:00:00,2358.847667,1834.3233329999998,2043.5769990000001,1653.864
2023-08-01 02:00:00,2051.736334,1592.8039999999999,1792.384,1473.0259999999998
2023-08-01 03:00:00,1873.662668,1484.6480000000001,1621.4866670000001,1328.060333
2023-08-01 04:00:00,1762.9856670000001,1395.9513339999999,1504.239666,1219.184667
2023-08-01 05:00:00,1745.23,1397.610333,1497.164666,1200.7179999999998
2023-08-01 06:00:00,1777.825,1416.1749989999998,1548.175667,1251.433
2023-08-01 07:00:00,1857.063,1478.6796669999999,1649.958333,1387.256
2023-08-01 08:00:00,1988.353,1593.575001,1773.0316659999999,1453.324
2023-08-01 09:00:00,2171.2439999999997,1710.4113320000001,1863.6836680000001,1548.204
2023-08-01 10:00:00,2248.993,1818.039,1987.626001,1650.405666
2023-08-01 11:00:00,2413.397,1977.5580009999999,2111.172666,1809.909666
2023-08-01 12:00:00,2669.174,2204.294666,2267.2836660000003,1953.5773330000002
2023-08-01 13:00:00,2910.403,2384.697,2439.1526670000003,2159.856333
2023-08-01 14:00:00,3196.2306660000004,2711.371333,2665.532667,2294.693
2023-08-01 15:00:00,3543.016333,3032.8336659999995,2985.519667,2554.8469999999998
2023-08-01 16:00:00,3883.423666,3271.2513340000005,3229.874001,2763.898
2023-08-01 17:00:00,4119.105333,3655.643333,3514.669334,3034.2690000000002
2023-08-01 18:00:00,4388.494333000001,3879.6046659999997,3749.092666,3243.047666
2023-08-01 19:00:00,4434.615667,3941.129667,3933.746667,3273.894333
2023-08-01 20:00:00,4364.820667,3781.1006669999997,3858.5769999999998,3207.5036659999996
2023-08-01 21:00:00,4212.303333,3582.6783339999997,3719.432,3131.359
2023-08-01 22:00:00,4019.7063329999996,3361.354667,3485.0436659999996,2907.9753339999997
2023-08-01 23:00:00,3533.382,2892.954667,3064.779001,2537.772
2023-08-02 00:00:00,3078.764667,2362.431667,2585.036334,2119.761334
2023-08-02 01:00:00,2574.0600000000004,2022.982,2192.1953329999997,1839.582001
2023-08-02 02:00:00,2213.3596669999997,1735.366,1956.4883330000002,1614.397667
2023-08-02 03:00:00,1986.503334,1582.898,1726.2836670000002,1438.2943340000002
2023-08-02 04:00:00,1837.6570000000002,1468.577,1621.418,1315.0183339999999
2023-08-02 05:00:00,1813.336,1411.328,1587.261666,1287.367333
2023-08-02 06:00:00,1869.4830000000002,1482.0279999999998,1638.546666,1318.550334
2023-08-02 07:00:00,1956.3066669999998,1544.864,1749.0959990000001,1428.7400010000001
2023-08-02 08:00:00,2100.481,1635.3416670000001,1778.0443340000002,1505.355667
2023-08-02 09:00:00,2216.9919999999997,1740.904,1866.328666,1568.315333
2023-08-02 10:00:00,2361.1183330000003,1881.366667,1953.824333,1675.714667
2023-08-02 11:00:00,2563.5516669999997,2079.442333,2102.9689989999997,1816.0113330000001
2023-08-02 12:00:00,2821.3086670000002,2322.346334,2340.028667,2059.4173330000003
2023-08-02 13:00:00,3118.866,2688.22,2571.744999,2342.4610000000002
2023-08-02 14:00:00,3417.222333,2951.244,2827.799333,2489.169
2023-08-02 15:00:00,3705.9296670000003,3215.979334,3080.195666,2734.666
2023-08-02 16:00:00,4054.1530000000002,3536.941333,3385.4896659999995,3003.524
2023-08-02 17:00:00,4335.481667,3812.788334,3678.528,3236.5750000000003
2023-08-02 18:00:00,4576.782333,4029.6510000000003,3925.055332,3389.935
2023-08-02 19:00:00,4567.429,4051.1090000000004,4001.324333,3416.4439999999995
2023-08-02 20:00:00,4417.351667000001,3862.541,3848.349666,3303.9970000000003
2023-08-02 21:00:00,4236.469666999999,3588.124,3704.546666,3152.885333
2023-08-02 22:00:00,4008.4413329999998,3339.6679999999997,3503.9273329999996,2931.899334
2023-08-02 23:00:00,3602.88,2912.7029999999995,3062.645666,2561.8596669999997
2023-08-03 00:00:00,3046.745333,2413.243,2622.978,2164.832333
2023-08-03 01:00:00,2622.544667,2032.241,2241.378334,1867.703334
2023-08-03 02:00:00,2295.933333,1781.846,1985.144334,1624.9883340000001
2023-08-03 03:00:00,2098.9543329999997,1612.388334,1744.883667,1439.065
2023-08-03 04:00:00,1948.058,1515.934667,1650.585,1382.816667
2023-08-03 05:00:00,1915.926,1471.944667,1637.464333,1328.403001
2023-08-03 06:00:00,1951.464,1488.3690000000001,1665.715332,1379.264334
2023-08-03 07:00:00,2028.562,1599.175,1711.4360000000001,1484.265666
2023-08-03 08:00:00,2120.018,1641.3519999999999,1799.030667,1536.532333
2023-08-03 09:00:00,2226.4089999999997,1720.979667,1887.864,1551.931
2023-08-03 10:00:00,2306.0460000000003,1797.0803329999999,1993.6003329999999,1665.139667
2023-08-03 11:00:00,2555.624,1950.069,2152.9610000000002,1826.956
2023-08-03 12:00:00,2806.094,2155.2593340000003,2381.281333,2037.571
2023-08-03 13:00:00,3088.197,2462.618334,2605.181334,2224.527
2023-08-03 14:00:00,3368.06,2740.545,2820.650667,2465.251
2023-08-03 15:00:00,3627.111,3079.2699979999998,3051.238999,2644.2916670000004
2023-08-03 16:00:00,4017.0499999999997,3415.4139999999998,3323.976001,2900.5739999999996
2023-08-03 17:00:00,4245.937,3745.1986670000006,3674.969333,3167.138999
2023-08-03 18:00:00,4577.014999999999,4028.8383339999996,3890.5186670000003,3378.199
2023-08-03 19:00:00,4603.915,4058.922,4042.250666,3424.674
2023-08-03 20:00:00,4542.302,3932.3469999999998,3970.5850010000004,3392.714666
2023-08-03 21:00:00,4281.262,3637.445667,3808.058,3228.118666
2023-08-03 22:00:00,4151.287,3451.098,3642.8293329999997,3007.1290000000004
2023-08-03 23:00:00,3712.813,2966.253667,3257.750665,2587.2309999999998
2023-08-04 00:00:00,3205.491,2510.510333,2726.46,2202.133
2023-08-04 01:00:00,2669.2709999999997,2119.2250000000004,2305.297001,1940.472667
2023-08-04 02:00:00,2392.570333,1841.783,1976.721,1713.848333
2023-08-04 03:00:00,2148.809667,1649.974333,1801.629999,1530.192
2023-08-04 04:00:00,1976.643,1557.1656670000002,1690.1119999999999,1438.924
2023-08-04 05:00:00,1905.63,1530.973,1668.8600000000001,1377.045333
2023-08-04 06:00:00,1931.157,1522.973333,1695.7063339999997,1405.655333
2023-08-04 07:00:00,2024.946,1591.624667,1777.7926670000002,1445.4046669999998
2023-08-04 08:00:00,2121.752,1708.135,1848.905,1544.7866669999999
2023-08-04 09:00:00,2277.543,1801.6086679999999,1999.148333,1614.204
2023-08-04 10:00:00,2437.1050000000005,1917.165,2084.487,1743.520667
2023-08-04 11:00:00,2528.786,1994.171,2184.712,1820.716
2023-08-04 12:00:00,2783.230667,2135.867,2395.0389999999998,1998.6373330000001
2023-08-04 13:00:00,3025.983,2374.7466670000003,2557.0513339999998,2189.333999
2023-08-04 14:00:00,3248.228,2555.981333,2690.9600010000004,2329.333333
2023-08-04 15:00:00,3400.473,2752.041999,2824.2906669999998,2419.548
2023-08-04 16:00:00,3494.471,2865.252,2985.978335,2512.09
2023-08-04 17:00:00,3644.239,2999.214,3212.6053340000003,2668.2340000000004
2023-08-04 18:00:00,3828.0480000000002,3230.013,3321.429999,2798.256999
2023-08-04 19:00:00,3974.83,3298.054,3416.6756659999996,2854.627333
2023-08-04 20:00:00,3860.169,3295.548,3364.266001,2921.959001
2023-08-04 21:00:00,3804.654,3159.6890000000003,3314.901334,2805.488
2023-08-04 22:00:00,3681.7610000000004,2937.377,3137.743334,2688.365
2023-08-04 23:00:00,3444.916,2712.415,2879.8536670000003,2382.06
2023-08-05 00:00:00,2990.1929999999998,2339.0,2567.2276659999998,2078.646667
2023-08-05 01:00:00,2662.552,2021.013,2295.3800010000004,1867.9650000000001
2023-08-05 02:00:00,2366.614333,1801.046,2041.7016669999998,1635.904
2023-08-05 03:00:00,2154.585666,1654.469667,1868.3236670000001,1498.567
2023-08-05 04:00:00,2058.492,1569.854334,1779.4940000000001,1446.2043330000001
2023-08-05 05:00:00,1962.5736670000001,1483.7290000000003,1708.8163339999999,1395.533
2023-08-05 06:00:00,1967.610999,1483.648,1695.1240010000001,1403.607
2023-08-05 07:00:00,1984.216334,1535.595,1718.071334,1406.336
2023-08-05 08:00:00,2151.849,1722.0430000000001,1783.037666,1512.3743330000002
2023-08-05 09:00:00,2346.87,1904.221,2023.153334,1689.406
2023-08-05 10:00:00,2525.1910000000003,2025.350667,2244.755001,1846.4080000000001
2023-08-05 11:00:00,2639.822,2119.686666,2422.849334,1964.713
2023-08-05 12:00:00,2790.435,2234.871,2487.3196669999998,1996.5539999999999
2023-08-05 13:00:00,2935.496,2335.424,2603.3769999999995,2136.817333
2023-08-05 14:00:00,3059.379,2467.402,2618.8913329999996,2174.678
2023-08-05 15:00:00,3176.7599999999998,2569.6986669999997,2711.180667,2242.627
2023-08-05 16:00:00,3354.987,2720.5456670000003,2839.351001,2365.8900000000003
2023-08-05 17:00:00,3389.089,2835.405,2995.704667,2522.613666
2023-08-05 18:00:00,3554.6940000000004,3000.157,3086.766,2609.621667
2023-08-05 19:00:00,3598.1839999999997,3045.576,3135.9003350000003,2582.379333
2023-08-05 20:00:00,3542.966,2873.644,3060.713332,2540.763333
2023-08-05 21:00:00,3477.0370000000003,2783.991,2937.664334,2479.544
2023-08-05 22:00:00,3503.3940000000002,2782.2740000000003,2911.530668,2383.920666
2023-08-05 23:00:00,3208.480667,2514.827,2707.226334,2267.215666
2023-08-06 00:00:00,2862.299667,2249.202,2413.8593320000004,1976.084
2023-08-06 01:00:00,2521.470333,1915.289,2145.919333,1786.09
2023-08-06 02:00:00,2305.114334,1720.862333,1959.7743340000002,1562.471
2023-08-06 03:00:00,2094.921666,1572.7119989999999,1791.296332,1421.667
2023-08-06 04:00:00,1975.1680000000001,1490.8286659999999,1686.12,1338.384
2023-08-06 05:00:00,1838.839,1430.8470000000002,1634.667333,1286.476
2023-08-06 06:00:00,1855.3049999999998,1431.0149999999999,1586.347667,1270.338
2023-08-06 07:00:00,1898.654667,1453.945,1627.437001,1337.187
2023-08-06 08:00:00,2088.034667,1573.000334,1780.304334,1447.395667
2023-08-06 09:00:00,2332.801334,1826.27,1965.6986670000001,1650.0786659999999
2023-08-06 10:00:00,2563.438,2009.685,2276.263,1820.622
2023-08-06 11:00:00,2769.178667,2114.669,2449.063,1929.641
2023-08-06 12:00:00,2932.1126670000003,2280.309,2605.322333,2041.178
2023-08-06 13:00:00,3012.509,2406.3889999999997,2677.4933330000003,2197.766
2023-08-06 14:00:00,3140.8140000000003,2607.503,2742.134334,2303.381666
2023-08-06 15:00:00,3340.2929999999997,2794.8680000000004,2879.981666,2382.559
2023-08-06 16:00:00,3585.7470000000003,2988.746,3092.254666,2631.1446669999996
2023-08-06 17:00:00,3853.2250000000004,3219.244666,3343.1583330000003,2813.2799999999997
2023-08-06 18:00:00,4112.629,3482.891333,3586.794001,2990.182
2023-08-06 19:00:00,4163.525,3630.145333,3615.295666,3036.7093330000002
2023-08-06 20:00:00,4084.527,3500.688,3502.0343330000005,2975.844333
2023-08-06 21:00:00,3939.746,3338.8860000000004,3390.614667,2855.808
2023-08-06 22:00:00,3821.225,3176.617334,3260.558333,2673.645
2023-08-06 23:00:00,3401.983,2693.991333,2913.1323329999996,2373.859
2023-08-07 00:00:00,2904.223,2232.575,2460.335666,2053.198666
2023-08-07 01:00:00,2493.645333,1892.464,2176.804999,1793.591333
2023-08-07 02:00:00,2190.142001,1662.631,1913.8369999999998,1561.969666
2023-08-07 03:00:00,2020.062,1530.107667,1735.423335,1418.909
2023-08-07 04:00:00,1909.772,1464.2183340000001,1676.4059980000002,1364.7229989999998
2023-08-07 05:00:00,1895.6296670000002,1486.246,1618.7823329999999,1360.919666
2023-08-07 06:00:00,1964.659667,1529.461334,1671.593333,1383.502667
2023-08-07 07:00:00,2060.411332,1637.2243330000001,1730.309001,1419.5076669999999
2023-08-07 08:00:00,2128.451,1703.320666,1816.3033329999998,1546.317666
2023-08-07 09:00:00,2244.4363329999996,1748.496334,1892.8336659999998,1619.647333
2023-08-07 10:00:00,2316.793667,1840.667667,2053.6426650000003,1718.6860000000001
2023-08-07 11:00:00,2407.015667,1934.419667,2087.682667,1776.462
2023-08-07 12:00:00,2635.7606669999996,2086.413333,2251.1936669999996,1948.7243330000001
2023-08-07 13:00:00,2890.732,2288.697667,2404.855334,2094.8819999999996
2023-08-07 14:00:00,3058.955,2508.605667,2623.7866670000003,2229.719
2023-08-07 15:00:00,3319.2609999999995,2768.9139999999998,2825.5736660000002,2406.718001
2023-08-07 16:00:00,3671.316667,3103.303,3127.0990009999996,2629.329
2023-08-07 17:00:00,3885.983,3455.774667,3447.9060010000003,2860.948
2023-08-07 18:00:00,4157.048000000001,3709.8590000000004,3692.49,3067.108
2023-08-07 19:00:00,4179.185,3727.138667,3767.826333,3177.182
2023-08-07 20:00:00,4132.588,3551.085333,3669.2659999999996,3118.489
2023-08-07 21:00:00,4120.711,3310.918,3608.466001,2969.4693340000003
2023-08-07 22:00:00,3819.098,3156.566333,3408.853,2763.7780009999997
2023-08-07 23:00:00,3387.578,2763.5879999999997,2943.261,2467.095
2023-08-08 00:00:00,2925.9210000000003,2293.605667,2542.392667,2087.379
2023-08-08 01:00:00,2510.691,1912.1546669999998,2111.984,1819.2230000000002
2023-08-08 02:00:00,2215.402667,1674.965333,1863.7746659999998,1582.237
2023-08-08 03:00:00,2051.722334,1550.619667,1703.2696660000001,1411.575
2023-08-08 04:00:00,1919.584,1489.135334,1596.8883329999999,1317.176
2023-08-08 05:00:00,1862.83,1451.3690000000001,1556.3310000000001,1275.271
2023-08-08 06:00:00,1905.237,1476.924999,1625.976667,1323.894
2023-08-08 07:00:00,1964.1476670000002,1548.8070010000001,1679.3549990000001,1411.1150000000002
2023-08-08 08:00:00,2019.2833329999999,1593.2623330000001,1770.376,1512.712
2023-08-08 09:00:00,2135.387667,1720.0610000000001,1839.114999,1558.4820000000002
2023-08-08 10:00:00,2237.3360000000002,1780.8883329999999,1946.620333,1650.221
2023-08-08 11:00:00,2447.822,1871.692,2053.365667,1773.922
2023-08-08 12:00:00,2668.9396669999996,2087.620334,2306.6946660000003,1872.125
2023-08-08 13:00:00,2944.1710000000003,2351.1923340000003,2512.5206670000002,2072.167
2023-08-08 14:00:00,3220.3776669999997,2630.310999,2692.967667,2165.133
2023-08-08 15:00:00,3469.9326659999997,2855.344,2926.789333,2432.4130000000005
2023-08-08 16:00:00,3701.785333,3179.773667,3195.3986670000004,2633.647
2023-08-08 17:00:00,4084.5933330000003,3513.804334,3553.157334,2958.195
2023-08-08 18:00:00,4284.689667000001,3825.4260000000004,3794.6346679999997,3183.1459999999997
2023-08-08 19:00:00,4371.694,3831.034,3844.862335,3224.698
2023-08-08 20:00:00,4320.817000000001,3722.4660000000003,3780.260666,3209.8210000000004
2023-08-08 21:00:00,4202.592000000001,3489.969,3625.821,3135.282667
2023-08-08 22:00:00,4024.043,3296.7169999999996,3529.336334,2936.1659999999997
2023-08-08 23:00:00,3583.306,2839.9669999999996,3050.944667,2610.155667
2023-08-09 00:00:00,3012.764,2369.526,2623.434,2159.796001
2023-08-09 01:00:00,2576.6166670000002,2029.3349999999998,2188.6463329999997,1876.790667
2023-08-09 02:00:00,2260.125334,1756.892,1938.0130000000001,1676.9586669999999
2023-08-09 03:00:00,2043.168667,1583.105,1757.439334,1466.993334
2023-08-09 04:00:00,1919.3020000000001,1491.648666,1676.653667,1371.4339999999997
2023-08-09 05:00:00,1851.0529999999999,1474.9370000000001,1642.729333,1344.045
2023-08-09 06:00:00,1934.589,1509.741,1638.5533340000002,1331.641667
2023-08-09 07:00:00,1978.882,1587.167334,1704.7913330000001,1424.628666
2023-08-09 08:00:00,2121.212,1676.139,1838.380333,1542.0396680000001
2023-08-09 09:00:00,2321.455,1784.795666,1971.659333,1633.799334
2023-08-09 10:00:00,2428.991,1904.339,2048.400666,1778.38
2023-08-09 11:00:00,2681.364,2066.872,2279.9576669999997,1886.8960000000002
2023-08-09 12:00:00,2908.248666,2355.199667,2497.7799999999997,2095.8179999999998
2023-08-09 13:00:00,3046.872667,2617.901,2665.122,2246.46
2023-08-09 14:00:00,3281.513667,2791.0296660000004,2807.041666,2328.323
2023-08-09 15:00:00,3432.1839999999997,2959.2106670000003,2934.1363330000004,2488.272
2023-08-09 16:00:00,3595.6833340000003,3025.791333,3044.9716660000004,2583.4429999999998
2023-08-09 17:00:00,3857.907334,3258.5460000000003,3276.425,2796.5879999999997
2023-08-09 18:00:00,4068.8690000000006,3484.294,3522.2859989999997,2923.967
2023-08-09 19:00:00,4139.061,3575.7349999999997,3633.366333,3024.067
2023-08-09 20:00:00,4070.4159999999997,3446.065666,3547.953666,3016.03
2023-08-09 21:00:00,3922.2889999999998,3268.8806670000004,3454.630666,2862.9676659999996
2023-08-09 22:00:00,3781.612,3035.098,3268.455333,2668.6853330000004
2023-08-09 23:00:00,3323.3289999999997,2607.575,2907.068666,2317.4063340000002
2023-08-10 00:00:00,2836.173,2215.537,2443.2093330000002,1955.0856670000003
2023-08-10 01:00:00,2446.474334,1924.4029999999998,2162.387667,1731.387
2023-08-10 02:00:00,2148.117333,1673.095,1901.7403339999998,1575.344333
2023-08-10 03:00:00,1990.909666,1549.005333,1727.0913340000002,1400.2669999999998
2023-08-10 04:00:00,1928.4210000000003,1503.3743329999998,1656.801334,1334.735
2023-08-10 05:00:00,1876.8870000000002,1488.153,1623.683667,1296.8419999999999
2023-08-10 06:00:00,1909.497,1527.905667,1667.071999,1352.161
2023-08-10 07:00:00,1971.911,1597.915,1743.47,1398.788
2023-08-10 08:00:00,2132.094,1673.464,1782.345667,1483.077
2023-08-10 09:00:00,2227.737,1793.0116669999998,1863.0923349999998,1571.284
2023-08-10 10:00:00,2308.794,1855.541334,1995.291667,1669.85
2023-08-10 11:00:00,2473.25,2007.3246669999999,2063.794334,1782.038
2023-08-10 12:00:00,2722.779,2215.502,2320.2066670000004,1900.969
2023-08-10 13:00:00,2912.097,2474.41,2482.136,2114.905
2023-08-10 14:00:00,3148.151,2632.3990000000003,2653.7300000000005,2225.012
2023-08-10 15:00:00,3364.575,2798.237,2828.175333,2330.364
2023-08-10 16:00:00,3508.6800000000003,2978.355,2949.607334,2524.022666
2023-08-10 17:00:00,3775.843,3213.2419999999997,3270.114333,2706.490666
2023-08-10 18:00:00,3956.48,3328.058,3458.461667,2837.456667
2023-08-10 19:00:00,4075.438,3377.3120000000004,3471.264333,2860.0930000000003
2023-08-10 20:00:00,3879.9390000000003,3198.348,3340.561334,2803.8869999999997
2023-08-10 21:00:00,3765.8900000000003,3016.0029999999997,3201.241,2701.7889999999998
2023-08-10 22:00:00,3578.796,2872.12,3093.908666,2551.1059999999998
2023-08-10 23:00:00,3178.491,2509.661,2732.875332,2289.983
2023-08-11 00:00:00,2719.7870000000003,2159.352,2391.7606669999996,1971.875
2023-08-11 01:00:00,2336.172333,1794.3269999999998,2051.3750010000003,1690.6763329999999
2023-08-11 02:00:00,2081.9823330000004,1595.108667,1814.392667,1480.3323340000002
2023-08-11 03:00:00,1916.644667,1456.618,1644.1919979999998,1343.674
2023-08-11 04:00:00,1776.4679999999998,1391.649666,1581.5576660000002,1288.505
2023-08-11 05:00:00,1697.469,1367.0520000000001,1507.4279999999999,1241.8899999999999
2023-08-11 06:00:00,1817.147,1423.1599999999999,1579.4279999999999,1267.999
2023-08-11 07:00:00,1852.7440000000001,1490.0339999999999,1670.7459989999998,1370.749
2023-08-11 08:00:00,2013.104,1605.163,1803.447667,1459.297
2023-08-11 09:00:00,2254.798,1738.1819999999998,1940.020332,1574.034
2023-08-11 10:00:00,2369.474,1883.896,2104.0426669999997,1722.691
2023-08-11 11:00:00,2525.857,2034.1460000000002,2257.827333,1830.7350000000001
2023-08-11 12:00:00,2774.477,2298.546333,2462.9793329999998,2000.824
2023-08-11 13:00:00,3036.922,2508.630666,2699.236667,2256.6189999999997
2023-08-11 14:00:00,3295.021,2710.129333,2778.8103340000002,2409.326
2023-08-11 15:00:00,3507.541,2957.361667,3021.528999,2531.516
2023-08-11 16:00:00,3751.426,3207.3770000000004,3231.1200010000002,2681.739
2023-08-11 17:00:00,4041.627,3468.514667,3459.515,2880.4990000000003
2023-08-11 18:00:00,4177.654,3614.966334,3706.116,3029.3889999999997
2023-08-11 19:00:00,4256.516,3685.7696669999996,3673.4809999999998,3085.8720000000003
2023-08-11 20:00:00,4129.557,3540.7166669999997,3553.108334,3014.332
2023-08-11 21:00:00,3947.648,3349.3360000000002,3506.070334,2867.192
2023-08-11 22:00:00,3765.4880000000003,3146.738,3309.3403339999995,2684.705333
2023-08-11 23:00:00,3323.7969999999996,2775.102333,2974.081667,2393.527999
2023-08-12 00:00:00,2905.758,2313.1009999999997,2557.2749999999996,2078.402
2023-08-12 01:00:00,2553.3469999999998,2001.7180010000002,2213.128333,1753.7799999999997
2023-08-12 02:00:00,2229.526333,1771.002334,1952.600667,1569.452333
2023-08-12 03:00:00,2004.216666,1555.678332,1741.101,1389.73
2023-08-12 04:00:00,1861.399,1452.1766670000002,1624.8883329999999,1316.835
2023-08-12 05:00:00,1780.4250000000002,1400.2179999999998,1558.537333,1275.817
2023-08-12 06:00:00,1748.033,1372.099,1530.449667,1252.4
2023-08-12 07:00:00,1838.914667,1449.6170000000002,1602.8246669999999,1358.9520000000002
2023-08-12 08:00:00,2044.9399999999998,1620.705,1792.8623340000001,1476.510333
2023-08-12 09:00:00,2316.155333,1897.1186670000002,2087.192001,1688.3929999999998
2023-08-12 10:00:00,2620.238,2158.724333,2336.8403319999998,1943.933
2023-08-12 11:00:00,2939.527,2384.398667,2564.3439999999996,2099.895
2023-08-12 12:00:00,3200.29,2622.0406669999998,2788.034334,2264.173
2023-08-12 13:00:00,3483.4139999999998,2932.006,3097.17,2487.777
2023-08-12 14:00:00,3727.7073330000003,3199.2426669999995,3285.680999,2730.407
2023-08-12 15:00:00,3939.013,3459.099,3475.435334,2850.529
2023-08-12 16:00:00,4159.494667,3760.5910000000003,3707.718,3089.004
2023-08-12 17:00:00,4392.566667,3947.0019999999995,3859.063333,3259.9680000000003
2023-08-12 18:00:00,4519.132667000001,4028.6416659999995,3982.1263339999996,3338.8379999999997
2023-08-12 19:00:00,4457.288667,3967.78,3940.381,3312.508
2023-08-12 20:00:00,4427.454333,3852.820667,3815.718667,3249.571
2023-08-12 21:00:00,4322.588,3669.2436669999997,3686.505,3182.8199999999997
2023-08-12 22:00:00,4097.322,3405.6749999999997,3543.8596669999997,3004.769
2023-08-12 23:00:00,3769.889,3050.5789999999997,3204.7163330000003,2738.781
2023-08-13 00:00:00,3303.947,2628.113,2808.267667,2413.566
2023-08-13 01:00:00,2858.01,2271.2870000000003,2499.346333,2088.8166659999997
2023-08-13 02:00:00,2503.861334,1959.0976660000001,2167.0816649999997,1849.0103329999997
2023-08-13 03:00:00,2293.5809990000002,1760.1533319999999,1936.057667,1652.1476659999998
2023-08-13 04:00:00,2121.7963330000002,1600.967666,1765.632999,1498.982333
2023-08-13 05:00:00,1977.0059999999999,1524.211334,1669.236999,1400.392
2023-08-13 06:00:00,1922.1209999999999,1498.6840000000002,1690.566,1362.1099990000002
2023-08-13 07:00:00,1961.13,1531.588,1750.6143339999999,1413.5713329999999
2023-08-13 08:00:00,2182.7880000000005,1752.386,1920.0480009999999,1595.042
2023-08-13 09:00:00,2598.662667,2102.7696669999996,2223.348,1850.853666
2023-08-13 10:00:00,2985.846666,2418.0950000000003,2604.513,2112.179666
2023-08-13 11:00:00,3404.827334,2797.4453329999997,2968.148666,2464.245999
2023-08-13 12:00:00,3825.376667,3250.276667,3328.121333,2769.656333
2023-08-13 13:00:00,4342.440666,3690.566,3752.8410000000003,3176.232
2023-08-13 14:00:00,4721.754,4136.776333,4150.380999999999,3579.999666
2023-08-13 15:00:00,5029.952,4496.572666,4407.662,3807.631
2023-08-13 16:00:00,5263.355,4751.594333,4584.439,3997.369
2023-08-13 17:00:00,5442.789000000001,4904.695,4818.853999999999,4170.936
2023-08-13 18:00:00,5595.13,4924.17,4844.436,4203.061666
2023-08-13 19:00:00,5572.8189999999995,4978.210999999999,4887.265,4263.823333
2023-08-13 20:00:00,5567.244000000001,4938.4169999999995,4809.966,4212.686
2023-08-13 21:00:00,5420.436,4914.878,4763.759,4120.049999999999
2023-08-13 22:00:00,5271.816,4558.731,4563.747665999999,3914.3436659999998
2023-08-13 23:00:00,4806.066000000001,3976.5059999999994,4202.222666,3499.765666
2023-08-14 00:00:00,4163.232,3396.409,3720.987334,3049.547
2023-08-14 01:00:00,3614.889,2864.437667,3181.549333,2650.672333
2023-08-14 02:00:00,3158.907334,2522.8910000000005,2805.6629999999996,2327.527666
2023-08-14 03:00:00,2826.043667,2282.2106670000003,2464.072,2069.729333
2023-08-14 04:00:00,2610.354667,2070.094668,2290.801,1911.1046660000002
2023-08-14 05:00:00,2531.5190000000002,1953.062666,2169.358,1811.123666
2023-08-14 06:00:00,2490.0969999999998,1914.7640000000001,2150.7110000000002,1769.796666
2023-08-14 07:00:00,2518.6940000000004,1964.438333,2211.672333,1770.999
2023-08-14 08:00:00,2681.9640000000004,2044.9433330000002,2359.5563330000004,1933.246666
2023-08-14 09:00:00,2950.777,2293.388667,2581.331333,2108.659
2023-08-14 10:00:00,3281.724333,2582.055666,2797.99,2391.2736669999995
2023-08-14 11:00:00,3703.767,3057.1440000000002,3244.871,2750.678667
2023-08-14 12:00:00,4279.342000000001,3582.2110009999997,3649.008,3156.4833329999997
2023-08-14 13:00:00,4720.677,4040.666667,3967.108,3550.459
2023-08-14 14:00:00,5189.110000000001,4428.773,4409.3730000000005,3777.643999
2023-08-14 15:00:00,5457.023000000001,4796.205,4709.052,4123.392333
2023-08-14 16:00:00,5711.225,5028.542,4834.213667,4350.711667
2023-08-14 17:00:00,5892.788667,5186.734,5092.041998999999,4472.0740000000005
2023-08-14 18:00:00,5930.793667,5265.699334,5137.473,4526.647
2023-08-14 19:00:00,6008.976333,5317.743332999999,5200.957666,4585.123
2023-08-14 20:00:00,5920.365002,5286.604666000001,5219.558999999999,4516.631
2023-08-14 21:00:00,5910.270334000001,5134.9490000000005,5237.195,4469.838
2023-08-14 22:00:00,5559.5380000000005,4870.9580000000005,5036.5419999999995,4316.013000000001
2023-08-14 23:00:00,5167.337667,4374.112,4582.483666,3925.157
2023-08-15 00:00:00,4656.1759999999995,3816.346,4098.968666,3481.7700000000004
2023-08-15 01:00:00,4067.89,3318.9916670000002,3581.4939999999997,3087.882
2023-08-15 02:00:00,3668.1710000000003,2966.228333,3192.325,2713.5969999999998
2023-08-15 03:00:00,3333.789,2644.264667,2900.55,2466.328
2023-08-15 04:00:00,3112.9339999999997,2433.6013329999996,2694.19,2276.677
2023-08-15 05:00:00,2981.2880000000005,2288.225333,2582.853,2133.207
2023-08-15 06:00:00,2875.587,2193.647333,2475.757333,2077.402
2023-08-15 07:00:00,2891.247,2182.95,2439.829334,2077.144
2023-08-15 08:00:00,2960.3050000000003,2276.031,2580.446333,2200.82
2023-08-15 09:00:00,3209.125,2566.0766670000003,2837.644666,2377.157
2023-08-15 10:00:00,3536.277,2855.92,3112.434334,2639.4126659999997
2023-08-15 11:00:00,4012.657,3254.509667,3407.2439999999997,2928.754
2023-08-15 12:00:00,4429.146999999999,3720.54,3767.287333,3218.5519999999997
2023-08-15 13:00:00,4846.406999999999,4164.4443329999995,4150.350665999999,3581.7419999999997
2023-08-15 14:00:00,5168.485,4490.26,4343.51,3809.179
2023-08-15 15:00:00,5364.65,4715.264999999999,4568.331999999999,3939.596667
2023-08-15 16:00:00,5587.1669999999995,4934.948,4799.254,4220.768
2023-08-15 17:00:00,5696.914,5118.229,4989.386,4297.874
2023-08-15 18:00:00,5861.338,5198.982,5147.199667000001,4444.668000000001
2023-08-15 19:00:00,5901.052,5268.977,5300.048,4503.7916669999995
2023-08-15 20:00:00,5873.044,5234.602,5224.131,4464.165999999999
2023-08-15 21:00:00,5725.763,5079.116333,5102.464,4350.5016669999995
2023-08-15 22:00:00,5541.6720000000005,4767.561667,4943.601,4156.379
2023-08-15 23:00:00,5106.923,4319.705334,4482.691,3816.457
2023-08-16 00:00:00,4547.483,3810.857667,4023.956,3420.1333339999996
2023-08-16 01:00:00,3998.6899999999996,3327.447999,3556.010666,3034.0466669999996
2023-08-16 02:00:00,3578.486,2992.8233339999997,3208.926,2697.487334
2023-08-16 03:00:00,3350.087,2699.438,2958.797,2424.373
2023-08-16 04:00:00,3093.633,2501.4849999999997,2738.0789999999997,2226.845667
2023-08-16 05:00:00,2927.523,2333.3559999999998,2604.174,2127.6563340000002
2023-08-16 06:00:00,2888.517,2265.386,2502.6279999999997,2059.7343339999998
2023-08-16 07:00:00,2885.576,2278.868001,2508.346001,2055.986667
2023-08-16 08:00:00,2952.8320000000003,2455.5056670000004,2615.1639999999998,2135.2653330000003
2023-08-16 09:00:00,3227.072,2684.2000000000003,2859.041,2315.709667
2023-08-16 10:00:00,3527.2119999999995,2961.230333,3121.404,2566.991
2023-08-16 11:00:00,3939.5499999999997,3260.653333,3407.2110000000002,2872.564
2023-08-16 12:00:00,4357.884667,3723.740667,3760.1040000000003,3217.613
2023-08-16 13:00:00,4812.551667,4197.337667,4168.322,3514.8276669999996
2023-08-16 14:00:00,5018.23,4571.842000000001,4479.565333,3736.106667
2023-08-16 15:00:00,5286.311000000001,4728.807000000001,4692.653667,3939.6763330000003
2023-08-16 16:00:00,5483.985000000001,4918.223000000001,4887.901334,4134.763666999999
2023-08-16 17:00:00,5754.093000000001,5138.215,5123.026334,4322.226667000001
2023-08-16 18:00:00,5932.7080000000005,5337.754000000001,5279.539667000001,4459.378334
2023-08-16 19:00:00,5965.068,5348.061,5342.666,4589.424999999999
2023-08-16 20:00:00,5963.082,5257.352,5268.11,4581.710333
2023-08-16 21:00:00,5804.835000000001,5085.168,5176.768,4453.417665999999
2023-08-16 22:00:00,5512.638,4832.256,4978.380999999999,4201.442666
2023-08-16 23:00:00,5098.228999999999,4294.0199999999995,4461.585999999999,3743.8183340000005
2023-08-17 00:00:00,4469.339,3687.171,3924.452667,3309.2293339999997
2023-08-17 01:00:00,3916.407,3179.492,3440.875333,2947.204333
2023-08-17 02:00:00,3559.449667,2837.998,3110.312333,2646.7860010000004
2023-08-17 03:00:00,3264.606334,2620.728333,2847.73,2383.509667
2023-08-17 04:00:00,3065.797,2442.253999,2700.147,2258.733
2023-08-17 05:00:00,2943.774,2309.160333,2570.693,2131.556667
2023-08-17 06:00:00,2870.928,2244.294,2491.037,2056.8480010000003
2023-08-17 07:00:00,2840.858,2280.4269999999997,2520.708,2032.664333
2023-08-17 08:00:00,2873.557,2381.884,2480.644667,2111.747001
2023-08-17 09:00:00,2986.749,2445.760001,2572.716667,2187.407999
2023-08-17 10:00:00,3240.763,2714.029333,2814.652,2340.536001
2023-08-17 11:00:00,3423.379,2822.825,2959.8149999999996,2514.4136670000003
2023-08-17 12:00:00,3633.402,3033.577,3129.173,2601.448334
2023-08-17 13:00:00,3871.7740000000003,3196.119667,3376.698,2831.637667
2023-08-17 14:00:00,4163.452,3500.9363319999998,3547.988667,3056.9390000000003
2023-08-17 15:00:00,4279.679,3708.485334,3699.742,3213.337
2023-08-17 16:00:00,4537.259,3957.162,3990.1136669999996,3317.298334
2023-08-17 17:00:00,4797.401,4221.856,4222.425,3598.182667
2023-08-17 18:00:00,4921.9580000000005,4375.34,4349.933,3741.142667
2023-08-17 19:00:00,4962.454,4412.37,4409.204,3732.507666
2023-08-17 20:00:00,4920.860000000001,4330.218,4363.021000000001,3705.276667
2023-08-17 21:00:00,4842.7826669999995,4171.3330000000005,4237.303,3520.656667
2023-08-17 22:00:00,4517.2176660000005,3835.048,3935.298,3312.7253330000003
2023-08-17 23:00:00,4036.4059989999996,3274.283,3501.0130000000004,2901.21
2023-08-18 00:00:00,3502.9039999999995,2725.625,3027.001666,2474.7889999999998
2023-08-18 01:00:00,2970.817,2353.266001,2611.855,2101.3599999999997
2023-08-18 02:00:00,2615.5240000000003,2099.579002,2283.09,1859.2686669999998
2023-08-18 03:00:00,2357.2560000000003,1895.5529999999999,2075.189,1649.5156670000001
2023-08-18 04:00:00,2182.5909999999994,1732.485667,1912.088,1527.972667
2023-08-18 05:00:00,2087.267,1654.015666,1842.0749999999998,1449.189667
2023-08-18 06:00:00,2113.199,1669.0906659999998,1844.025334,1465.090667
2023-08-18 07:00:00,2149.15,1710.937334,1873.895333,1524.4610000000002
2023-08-18 08:00:00,2284.978,1800.309666,1970.426667,1601.1760000000002
2023-08-18 09:00:00,2394.6150000000002,1923.015333,2112.7493329999998,1719.9360000000001
2023-08-18 10:00:00,2563.245,2049.643333,2278.2079999999996,1831.471333
2023-08-18 11:00:00,2748.124,2194.303,2279.522667,1972.559667
2023-08-18 12:00:00,2967.928,2411.583,2477.901333,2141.009
2023-08-18 13:00:00,3187.455,2573.7576660000004,2650.4100009999997,2266.37
2023-08-18 14:00:00,3314.766,2750.302666,2818.3289999999997,2349.279333
2023-08-18 15:00:00,3492.174,2902.792668,2987.529,2512.414667
2023-08-18 16:00:00,3689.663,3100.090666,3138.0909999999994,2685.124
2023-08-18 17:00:00,3855.293,3324.152333,3348.539667,2870.0893319999996
2023-08-18 18:00:00,3947.5099999999998,3450.5370000000003,3478.465,2945.929999
2023-08-18 19:00:00,3979.303,3377.0299999999997,3411.3199999999997,2939.249666
2023-08-18 20:00:00,3767.962,3129.811,3243.243,2815.6846670000004
2023-08-18 21:00:00,3606.363,2894.391,3134.821333,2598.579667
2023-08-18 22:00:00,3349.488,2676.459,2904.870667,2354.935
2023-08-18 23:00:00,2980.869,2369.725667,2602.3289999999997,2101.790666
2023-08-19 00:00:00,2562.147,2111.1436670000003,2248.267,1805.715
2023-08-19 01:00:00,2221.708,1824.338667,1966.995,1563.204666
2023-08-19 02:00:00,1962.1480000000001,1589.359001,1758.5970000000002,1424.176667
2023-08-19 03:00:00,1777.72,1445.5193319999998,1580.829,1284.389333
2023-08-19 04:00:00,1697.7350000000001,1329.0283330000002,1476.780667,1213.982333
2023-08-19 05:00:00,1631.888,1266.520333,1396.231334,1168.114333
2023-08-19 06:00:00,1643.071,1289.298333,1401.795666,1161.945
2023-08-19 07:00:00,1736.803,1327.877667,1494.21,1245.2556659999998
2023-08-19 08:00:00,1949.386,1495.5716670000002,1679.361667,1361.3160000000003
2023-08-19 09:00:00,2175.8520000000003,1778.878999,1933.74,1538.743333
2023-08-19 10:00:00,2429.175,1945.2360010000002,2151.277,1714.9326660000002
2023-08-19 11:00:00,2572.456,2078.054667,2267.1373329999997,1883.2656659999998
2023-08-19 12:00:00,2708.3849999999998,2123.868,2361.175,1951.246333
2023-08-19 13:00:00,2879.469,2304.103,2472.284,2066.844
2023-08-19 14:00:00,3055.5213329999997,2460.9539999999997,2675.857333,2229.1620000000003
2023-08-19 15:00:00,3264.333998,2698.1320000000005,2813.5763340000003,2435.0983340000002
2023-08-19 16:00:00,3562.991999,3009.263,3067.9660000000003,2662.971333
2023-08-19 17:00:00,3704.585,3243.123667,3335.36,2831.263999
2023-08-19 18:00:00,3929.36,3469.747666,3428.052,2884.040667
2023-08-19 19:00:00,3946.317,3423.486,3398.1166660000004,2901.8246659999995
2023-08-19 20:00:00,3858.464,3283.927,3234.3779999999997,2816.8836659999997
2023-08-19 21:00:00,3820.754,3153.328,3167.4570000000003,2749.163
2023-08-19 22:00:00,3575.799,2942.354999,3033.437334,2575.8069990000004
2023-08-19 23:00:00,3271.0240000000003,2571.470999,2749.008334,2313.283
2023-08-20 00:00:00,2869.233,2191.569,2379.528334,1993.9823339999998
2023-08-20 01:00:00,2485.858,1883.22,2108.088333,1796.152333
2023-08-20 02:00:00,2144.1400000000003,1668.775333,1846.235667,1590.0973330000002
2023-08-20 03:00:00,1949.624,1535.389333,1684.684334,1442.813666
2023-08-20 04:00:00,1813.08,1406.789667,1596.798667,1329.656333
2023-08-20 05:00:00,1725.0749999999998,1363.221,1508.480333,1240.026001
2023-08-20 06:00:00,1719.7,1336.0166669999999,1468.977667,1219.4139989999999
2023-08-20 07:00:00,1801.399667,1381.449666,1495.4120000000003,1257.4923330000001
2023-08-20 08:00:00,1957.609,1531.955667,1672.251,1427.134
2023-08-20 09:00:00,2213.509,1790.816667,1974.6033329999998,1597.285
2023-08-20 10:00:00,2517.3050000000003,1985.344,2182.400001,1763.205
2023-08-20 11:00:00,2663.946,2122.8823329999996,2276.4680000000003,1957.731665
2023-08-20 12:00:00,2859.699667,2325.079,2421.097001,2094.6310000000003
2023-08-20 13:00:00,3048.718,2538.3059999999996,2588.7116669999996,2225.6859999999997
2023-08-20 14:00:00,3236.0146669999995,2735.9210000000003,2794.3143330000003,2423.404
2023-08-20 15:00:00,3400.1366669999998,2950.6,2971.520666,2546.112
2023-08-20 16:00:00,3691.062,3208.381,3154.629666,2660.412667
2023-08-20 17:00:00,3826.593,3371.531,3332.7739999999994,2842.227
2023-08-20 18:00:00,4030.178,3514.9230000000002,3527.716668,3013.186667
2023-08-20 19:00:00,4079.308,3493.551,3581.022667,3018.938
2023-08-20 20:00:00,4049.226,3462.671,3524.330667,2992.478333
2023-08-20 21:00:00,3932.658333,3300.807667,3422.354666,2970.763
2023-08-20 22:00:00,3679.6766669999997,3102.086666,3138.284334,2669.964
2023-08-20 23:00:00,3176.7703340000003,2645.6603339999997,2792.4629999999997,2413.953333
2023-08-21 00:00:00,2810.5589999999997,2221.4905,2466.035667,2073.2630000000004
2023-08-21 01:00:00,2446.8740000000003,1886.307,2099.652333,1769.632
2023-08-21 02:00:00,2140.634,1642.167333,1856.223333,1567.65
2023-08-21 03:00:00,1990.3580000000002,1476.936,1701.593667,1373.179
2023-08-21 04:00:00,1870.051,1430.291,1599.4906660000001,1283.345
2023-08-21 05:00:00,1812.202,1419.4326660000002,1594.9116669999999,1300.4389999999999
2023-08-21 06:00:00,1818.976,1451.289,1607.819,1307.766667
2023-08-21 07:00:00,1916.464,1487.8906670000001,1669.5950000000003,1398.579333
2023-08-21 08:00:00,1973.5030000000002,1584.901666,1704.3906660000002,1450.351
2023-08-21 09:00:00,2096.736,1682.897667,1791.1293329999999,1578.281
2023-08-21 10:00:00,2184.689,1743.604,1907.227001,1666.645
2023-08-21 11:00:00,2326.941,1814.405,1994.7079999999999,1782.709333
2023-08-21 12:00:00,2542.368,2019.9250000000002,2087.156333,1873.6953330000001
2023-08-21 13:00:00,2703.268,2096.6233329999995,2241.2743339999997,1990.345334
2023-08-21 14:00:00,2844.6399999999994,2227.646333,2379.665667,2032.4116669999999
2023-08-21 15:00:00,3039.698,2398.625999,2547.094,2221.035667
2023-08-21 16:00:00,3295.21,2661.930999,2793.2280010000004,2417.63
2023-08-21 17:00:00,3479.4773330000003,3009.611,3134.5849989999997,2609.651
2023-08-21 18:00:00,3694.928,3168.137667,3268.731667,2708.4190000000003
2023-08-21 19:00:00,3777.643,3256.2303329999995,3345.7266659999996,2821.065667
2023-08-21 20:00:00,3693.498,3083.907666,3248.269333,2756.546667
2023-08-21 21:00:00,3636.483,2851.7400000000002,3133.219,2655.722334
2023-08-21 22:00:00,3438.46,2670.786,2898.657333,2515.202334
2023-08-21 23:00:00,2983.674,2316.804,2482.397667,2215.560334
2023-08-22 00:00:00,2547.817667,1935.922666,2192.280333,1846.3506670000002
2023-08-22 01:00:00,2178.430333,1645.372334,1873.85,1598.346
2023-08-22 02:00:00,1948.452,1465.329332,1646.7559999999999,1411.95
2023-08-22 03:00:00,1778.331667,1382.485667,1552.051,1272.183
2023-08-22 04:00:00,1691.951333,1309.428001,1459.092334,1222.785
2023-08-22 05:00:00,1719.037667,1346.514332,1494.9569999999999,1190.17
2023-08-22 06:00:00,1761.5936669999999,1401.014001,1525.873333,1266.813
2023-08-22 07:00:00,1846.934,1479.157332,1611.221334,1349.677
2023-08-22 08:00:00,1958.0403340000003,1534.278,1734.275333,1446.1126669999999
2023-08-22 09:00:00,2056.642001,1664.384333,1828.9379999999999,1533.8410000000001
2023-08-22 10:00:00,2121.754666,1680.696001,1931.121,1572.196
2023-08-22 11:00:00,2302.08,1788.5100009999999,2016.426,1666.699
2023-08-22 12:00:00,2488.553001,1965.874333,2141.015333,1739.7526670000002
2023-08-22 13:00:00,2664.249334,2166.402334,2201.57,1859.204
2023-08-22 14:00:00,2674.436,2294.4946659999996,2350.245001,1901.095
2023-08-22 15:00:00,2749.6886670000004,2371.333334,2394.776,1991.2530000000002
2023-08-22 16:00:00,3047.901,2444.4976669999996,2523.517,2135.4919999999997
2023-08-22 17:00:00,3190.21,2717.413333,2752.8096670000004,2308.843334
2023-08-22 18:00:00,3315.617,2800.623,2846.35,2316.952
2023-08-22 19:00:00,3404.7839999999997,2770.009,2905.419666,2415.333667
2023-08-22 20:00:00,3291.422,2721.422001,2911.3039989999997,2447.145
2023-08-22 21:00:00,3283.341,2639.605,2915.864001,2453.550333
2023-08-22 22:00:00,3132.864,2483.4059989999996,2761.111,2329.8106669999997
2023-08-22 23:00:00,2841.594,2257.9350000000004,2399.158,2005.838667
2023-08-23 00:00:00,2404.2879999999996,1868.105,2043.693,1684.5403330000001
2023-08-23 01:00:00,2049.315,1616.8690000000001,1747.3899999999999,1458.558
2023-08-23 02:00:00,1813.133,1419.469,1588.1730000000002,1296.421
2023-08-23 03:00:00,1696.725,1319.402667,1457.562,1177.211
2023-08-23 04:00:00,1637.566667,1262.791667,1382.204,1152.168
2023-08-23 05:00:00,1617.4289999999999,1280.955,1400.595,1141.414667
2023-08-23 06:00:00,1719.802333,1351.4470000000001,1445.187,1213.3896680000003
2023-08-23 07:00:00,1820.489,1443.988,1515.3739999999998,1341.7250000000001
2023-08-23 08:00:00,1905.1416669999999,1527.262,1656.4223330000002,1441.022
2023-08-23 09:00:00,2024.239333,1599.6999999999998,1723.937335,1500.8996670000001
2023-08-23 10:00:00,2144.074667,1649.5133329999999,1786.848334,1630.1979999999999
2023-08-23 11:00:00,2343.4263330000003,1767.806,1910.648667,1699.5816670000002
2023-08-23 12:00:00,2569.4413329999998,1916.759667,2108.749,1766.443
2023-08-23 13:00:00,2706.265333,2052.3959999999997,2169.587333,1886.6259999999997
2023-08-23 14:00:00,2828.067,2223.768,2283.785,1938.921
2023-08-23 15:00:00,2912.508,2363.5609999999997,2437.8029990000005,2023.7389999999998
2023-08-23 16:00:00,3022.663,2542.478,2622.6969999999997,2175.403667
2023-08-23 17:00:00,3214.8959999999997,2727.217667,2845.2309999999998,2327.2300000000005
2023-08-23 18:00:00,3446.897,2870.324667,3043.512334,2471.046
2023-08-23 19:00:00,3476.454,2837.520333,3055.256667,2557.677
2023-08-23 20:00:00,3426.664,2798.275334,2992.459667,2555.3540000000003
2023-08-23 21:00:00,3360.1900000000005,2681.165,2925.914,2459.228
2023-08-23 22:00:00,3178.7636669999997,2558.147667,2786.897667,2331.437667
2023-08-23 23:00:00,2760.6836670000002,2249.5046660000003,2392.6449999999995,2055.121
2023-08-24 00:00:00,2449.6279999999997,1910.0206670000002,2062.5029999999997,1795.477334
2023-08-24 01:00:00,2075.257,1624.9530000000002,1813.56,1537.7369999999999
2023-08-24 02:00:00,1876.4139999999998,1449.0143329999999,1626.114,1368.616
2023-08-24 03:00:00,1741.533,1330.592,1461.789,1251.224001
2023-08-24 04:00:00,1615.94,1260.2806649999998,1369.7820000000002,1203.178
2023-08-24 05:00:00,1608.154,1285.4773329999998,1424.3200000000002,1193.573
2023-08-24 06:00:00,1718.1770000000001,1334.953,1459.242334,1258.5140000000001
2023-08-24 07:00:00,1804.658,1425.989667,1540.9156659999999,1366.0040000000001
2023-08-24 08:00:00,1898.386,1527.7693330000002,1703.934667,1452.545
2023-08-24 09:00:00,2057.114,1614.403334,1788.775,1557.027
2023-08-24 10:00:00,2151.372,1697.969,1842.7276669999999,1601.509
2023-08-24 11:00:00,2294.773,1714.667,1969.406,1705.470999
2023-08-24 12:00:00,2421.874334,1872.864666,2168.1186669999997,1791.604667
2023-08-24 13:00:00,2704.048667,2137.938,2383.5113330000004,1954.302001
2023-08-24 14:00:00,2916.002001,2401.8999999999996,2572.692,2148.685667
2023-08-24 15:00:00,3212.3563329999997,2710.317,2845.6179999999995,2439.3973330000003
2023-08-24 16:00:00,3590.2960000000003,3141.154,3159.2096669999996,2668.7830000000004
2023-08-24 17:00:00,3969.248,3467.986,3498.906667,2914.1083340000005
2023-08-24 18:00:00,4168.68,3675.088667,3700.182334,3035.3673339999996
2023-08-24 19:00:00,4216.035667,3733.6226669999996,3724.2056669999997,3197.788999
2023-08-24 20:00:00,4170.812,3598.168334,3706.1189999999997,3078.138334
2023-08-24 21:00:00,4168.661,3518.0936659999998,3651.593,3061.961667
2023-08-24 22:00:00,3929.6540000000005,3332.7286679999997,3418.074666,2888.679666
2023-08-24 23:00:00,3588.909,2896.2236669999998,3121.749334,2602.161
2023-08-25 00:00:00,3214.714,2517.045667,2790.8779990000003,2277.380667
2023-08-25 01:00:00,2818.251,2207.252333,2452.981667,2040.8833339999999
2023-08-25 02:00:00,2540.425,1960.064668,2222.912999,1840.2833329999999
2023-08-25 03:00:00,2368.2119999999995,1833.706333,2037.979,1659.552
2023-08-25 04:00:00,2197.0290000000005,1729.645667,1887.3593329999999,1580.092667
2023-08-25 05:00:00,2164.7749999999996,1665.2226660000001,1839.786,1526.3029999999999
2023-08-25 06:00:00,2169.343,1717.868666,1823.248667,1490.637667
2023-08-25 07:00:00,2178.804,1793.498667,1888.800666,1565.392
2023-08-25 08:00:00,2321.954667,1856.7366670000001,2062.5756659999997,1627.987334
2023-08-25 09:00:00,2504.1530000000002,2035.787667,2225.843,1825.1586670000002
2023-08-25 10:00:00,2778.877334,2249.778334,2416.65,2032.8740000000003
2023-08-25 11:00:00,3042.775667,2556.641334,2675.264,2299.7479999999996
2023-08-25 12:00:00,3419.7683330000004,2910.852333,2987.5820000000003,2573.991667
2023-08-25 13:00:00,3752.5843339999997,3323.9970000000003,3331.669333,2838.787667
2023-08-25 14:00:00,4060.1569990000003,3585.648999,3644.4083330000003,3075.559
2023-08-25 15:00:00,4297.000666,3857.1263340000005,3912.8940000000002,3325.559667
2023-08-25 16:00:00,4509.426334,4122.83,4115.013999999999,3481.6
2023-08-25 17:00:00,4795.014999999999,4327.253333000001,4295.66,3659.8649990000004
2023-08-25 18:00:00,4897.616333,4443.035334,4439.4929999999995,3743.7979990000003
2023-08-25 19:00:00,4901.887665,4407.692,4352.867,3780.1719989999997
2023-08-25 20:00:00,4874.317667,4202.023667,4282.17,3668.2583329999998
2023-08-25 21:00:00,4748.26,4054.414667,4135.059,3511.1176669999995
2023-08-25 22:00:00,4451.277333,3755.003667,3883.758,3236.264333
2023-08-25 23:00:00,3995.519999,3295.274,3512.74,2828.4629990000003
2023-08-26 00:00:00,3512.4053320000003,2904.705667,3164.509,2489.714333
2023-08-26 01:00:00,3084.6946660000003,2498.825,2755.8810000000003,2189.6059999999998
2023-08-26 02:00:00,2783.225,2204.841,2419.8719999999994,1994.1529999999998
2023-08-26 03:00:00,2497.885334,1988.074,2173.585,1725.6656670000002
2023-08-26 04:00:00,2284.326334,1788.7103339999999,1985.641,1584.572667
2023-08-26 05:00:00,2172.687333,1709.621,1865.4370000000001,1503.647
2023-08-26 06:00:00,2078.007001,1638.1263330000002,1844.071,1486.1060000000002
2023-08-26 07:00:00,2072.953,1629.335333,1866.7060000000001,1493.309
2023-08-26 08:00:00,2252.940333,1812.787667,1958.995,1630.205
2023-08-26 09:00:00,2495.980667,2079.723667,2290.254,1849.118
2023-08-26 10:00:00,2721.806,2250.291,2535.883,2082.760999
2023-08-26 11:00:00,3013.839333,2494.699334,2767.277333,2309.865666
2023-08-26 12:00:00,3360.437333,2798.965333,3012.674,2515.03
2023-08-26 13:00:00,3755.1406669999997,3140.2273339999997,3369.861,2799.996
2023-08-26 14:00:00,4095.4573330000003,3507.526,3638.445,2977.277
2023-08-26 15:00:00,4351.980667,3842.832999,3866.453,3241.318
2023-08-26 16:00:00,4640.806666,4140.945999,4109.299,3485.8979990000003
2023-08-26 17:00:00,4799.5869999999995,4369.045334,4339.3060000000005,3615.9240010000003
2023-08-26 18:00:00,4852.177333,4370.464333,4371.201999999999,3698.746
2023-08-26 19:00:00,4866.024,4331.132333,4302.48,3675.432
2023-08-26 20:00:00,4681.236333,4220.565666,4235.063,3607.577
2023-08-26 21:00:00,4672.572333,4047.037667,4118.046,3529.883
2023-08-26 22:00:00,4415.610000000001,3743.5749990000004,3914.2543330000003,3331.514
2023-08-26 23:00:00,3975.834,3400.316665,3567.4476670000004,2971.1710000000003
2023-08-27 00:00:00,3520.4379989999998,2939.356001,3156.117,2688.51
2023-08-27 01:00:00,3091.794667,2508.23,2773.64,2362.891666
2023-08-27 02:00:00,2731.629333,2213.548667,2414.6780000000003,2050.227
2023-08-27 03:00:00,2523.554667,2026.705,2194.3729999999996,1807.485667
2023-08-27 04:00:00,2332.157667,1880.5573330000002,2027.58,1669.532667
2023-08-27 05:00:00,2191.876,1736.715333,1906.654,1578.2730000000001
2023-08-27 06:00:00,2146.968333,1632.865667,1851.3319999999999,1504.406666
2023-08-27 07:00:00,2133.9976659999998,1652.217667,1823.366,1524.268
2023-08-27 08:00:00,2324.481334,1795.540333,2004.937,1608.173
2023-08-27 09:00:00,2571.64,2076.9393330000003,2219.886,1861.711
2023-08-27 10:00:00,2845.728333,2325.9080000000004,2543.819,2038.742
2023-08-27 11:00:00,3198.708,2682.157333,2765.42,2286.2570000000005
2023-08-27 12:00:00,3514.2116669999996,2956.773001,3076.5290000000005,2555.074334
2023-08-27 13:00:00,3744.7036669999998,3197.651001,3289.883,2675.1866659999996
2023-08-27 14:00:00,4049.966334,3446.022333,3534.041,2878.287666
2023-08-27 15:00:00,4240.386665999999,3679.780334,3734.6130000000003,3137.51
2023-08-27 16:00:00,4426.878334,3950.2236669999998,3963.355,3340.4806670000003
2023-08-27 17:00:00,4590.897333,4117.643333,4134.179,3478.925
2023-08-27 18:00:00,4737.168666,4191.386334000001,4110.278,3575.2316659999997
2023-08-27 19:00:00,4720.368333,4173.045,4125.575,3560.317
2023-08-27 20:00:00,4630.503333,4017.503667,4081.374,3416.1033329999996
2023-08-27 21:00:00,4488.753667,3862.8363339999996,3984.0510000000004,3324.693
2023-08-27 22:00:00,4214.607,3434.156666,3662.466,3059.840666
2023-08-27 23:00:00,3623.858667,2936.556001,3133.1620000000003,2661.733666
2023-08-28 00:00:00,3109.083333,2451.3996669999997,2661.129,2247.795333
2023-08-28 01:00:00,2695.364667,2075.4533330000004,2258.991,1942.673999
2023-08-28 02:00:00,2390.258,1833.448333,2022.201,1708.197666
2023-08-28 03:00:00,2217.6006669999997,1685.045333,1902.422,1542.886
2023-08-28 04:00:00,2088.556667,1618.226667,1783.584,1456.681333
2023-08-28 05:00:00,2072.847333,1593.909333,1774.815,1446.3616670000001
2023-08-28 06:00:00,2078.751333,1646.136667,1807.139,1456.498333
2023-08-28 07:00:00,2147.0969999999998,1704.124,1847.478,1559.3023329999999
2023-08-28 08:00:00,2188.472334,1723.068333,1905.110334,1626.214666
2023-08-28 09:00:00,2267.035667,1776.736334,1948.424667,1630.067666
2023-08-28 10:00:00,2298.596,1830.2759999999998,1996.434667,1726.625666
2023-08-28 11:00:00,2394.402667,1892.772,2036.3703340000002,1763.9903330000002
2023-08-28 12:00:00,2544.19,1999.721666,2095.4213330000002,1842.786333
2023-08-28 13:00:00,2598.196,2115.028999,2181.616333,1906.349667
2023-08-28 14:00:00,2566.1030010000004,2060.595333,2196.621,1845.093
2023-08-28 15:00:00,2607.169,2035.1333319999999,2261.648,1825.514
2023-08-28 16:00:00,2637.094666,2071.977331,2330.995667,1864.2289999999998
2023-08-28 17:00:00,2868.781999,2232.291,2496.178666,2042.0883329999997
2023-08-28 18:00:00,3060.2699999999995,2431.6549999999997,2681.913333,2151.955667
2023-08-28 19:00:00,3104.6126670000003,2531.7616660000003,2742.5643330000003,2213.179333
2023-08-28 20:00:00,3167.272667,2491.184666,2821.912666,2305.878
2023-08-28 21:00:00,3092.956667,2510.200333,2732.5609999999997,2279.5063339999997
2023-08-28 22:00:00,2939.6589999999997,2358.7560000000003,2544.6410000000005,2089.870334
2023-08-28 23:00:00,2624.942333,2083.740667,2271.482,1879.5996670000002
2023-08-29 00:00:00,2321.625333,1773.580999,1977.742,1557.3319999999999
2023-08-29 01:00:00,2015.9863339999997,1559.096,1739.5030000000002,1407.1
2023-08-29 02:00:00,1859.325667,1437.195666,1604.3809999999999,1284.628666
2023-08-29 03:00:00,1747.847333,1349.4989999999998,1482.6860000000001,1199.723333
2023-08-29 04:00:00,1681.249333,1306.9696669999998,1436.7269999999999,1161.7333330000001
2023-08-29 05:00:00,1681.8873330000001,1328.6713340000001,1471.893,1143.106667
2023-08-29 06:00:00,1759.2443329999999,1418.858667,1513.884,1222.768
2023-08-29 07:00:00,1898.859667,1492.7436659999998,1621.737,1342.931
2023-08-29 08:00:00,1941.028,1537.162,1715.576,1411.1390000000001
2023-08-29 09:00:00,2032.856334,1609.4,1763.787667,1504.145
2023-08-29 10:00:00,2184.892999,1693.3703340000002,1874.6613329999998,1557.199
2023-08-29 11:00:00,2244.527667,1759.9696669999998,1935.748999,1644.263
2023-08-29 12:00:00,2408.7369999999996,1867.0173340000001,2035.7239920000002,1685.588
2023-08-29 13:00:00,2488.873,1891.018,2149.1733240000003,1725.4940000000001
2023-08-29 14:00:00,2546.5336669999997,1939.279333,2012.6999999999998,1706.604
2023-08-29 15:00:00,2612.022333,2002.249334,2152.381666,1767.588
2023-08-29 16:00:00,2724.590333,2074.3956670000002,2264.323665,1872.018
2023-08-29 17:00:00,2974.904333,2267.419667,2410.9226670000003,2048.42
2023-08-29 18:00:00,3068.687333,2406.199668,2603.8366669999996,2159.943
2023-08-29 19:00:00,3188.692,2494.385333,2719.656333,2196.638
2023-08-29 20:00:00,3169.528333,2513.254666,2745.838334,2251.901
2023-08-29 21:00:00,3200.891333,2529.2183330000003,2767.118334,2333.238
2023-08-29 22:00:00,3063.6536670000005,2399.697334,2620.7020009999997,2154.238
2023-08-29 23:00:00,2771.313001,2169.5763349999997,2303.2340000000004,1917.817
2023-08-30 00:00:00,2408.732,1776.255334,1948.854,1670.568334
2023-08-30 01:00:00,2076.741333,1538.7299990000001,1712.4520000000002,1464.558
2023-08-30 02:00:00,1851.752,1419.311,1578.544,1294.744333
2023-08-30 03:00:00,1771.1623330000002,1311.0266669999999,1471.406,1179.907333
2023-08-30 04:00:00,1716.554666,1271.679,1393.94,1138.018333
2023-08-30 05:00:00,1718.5703330000001,1289.820334,1456.438,1145.314
2023-08-30 06:00:00,1794.318,1382.133,1484.7290000000003,1192.5020009999998
2023-08-30 07:00:00,1878.029,1482.975333,1605.559667,1315.900001
2023-08-30 08:00:00,1952.419333,1553.86,1668.718,1443.932667
2023-08-30 09:00:00,2079.9993329999998,1591.998,1750.476333,1457.4479999999999
2023-08-30 10:00:00,2156.181667,1673.8156669999998,1794.643667,1551.891
2023-08-30 11:00:00,2275.901334,1767.055001,1891.7983330000002,1641.3249999999998
2023-08-30 12:00:00,2425.548334,1907.329667,2046.8726659999998,1689.099667
2023-08-30 13:00:00,2585.447666,2010.634667,2155.6746669999998,1798.2956669999999
2023-08-30 14:00:00,2673.313334,2080.1490000000003,2195.8073329999997,1920.046
2023-08-30 15:00:00,2738.944334,2106.976667,2195.723,1929.7350000000001
2023-08-30 16:00:00,2855.706667,2228.669666,2381.949667,2003.412667
2023-08-30 17:00:00,3021.5673340000003,2434.775001,2569.3050000000003,2181.061667
2023-08-30 18:00:00,3276.518,2547.7770009999995,2794.922333,2301.492
2023-08-30 19:00:00,3378.807667,2667.876332,2808.8453329999998,2340.862
2023-08-30 20:00:00,3342.5260000000003,2649.5543340000004,2856.176,2410.646
2023-08-30 21:00:00,3318.358,2581.969333,2924.9610000000002,2413.266
2023-08-30 22:00:00,3131.315,2439.568667,2751.4750000000004,2221.542
2023-08-30 23:00:00,2761.371333,2149.447,2398.925667,1934.7879999999998
2023-08-31 00:00:00,2416.953333,1878.2833340000002,2094.396333,1675.4913339999998
2023-08-31 01:00:00,2099.2920000000004,1599.902001,1849.890666,1466.452667
2023-08-31 02:00:00,1898.6516660000002,1448.290667,1659.7946670000001,1300.557334
2023-08-31 03:00:00,1783.917,1341.616333,1491.0989989999998,1195.800001
2023-08-31 04:00:00,1708.438667,1296.5660010000001,1477.5836669999999,1141.496333
2023-08-31 05:00:00,1707.4896669999998,1302.362333,1463.932666,1143.9186670000001
2023-08-31 06:00:00,1788.548,1365.5093339999999,1484.6763329999999,1208.0426670000002
2023-08-31 07:00:00,1883.1636670000003,1455.4083329999999,1590.9080000000001,1332.440667
2023-08-31 08:00:00,1950.9956670000001,1517.3006659999999,1687.279,1390.416668
2023-08-31 09:00:00,2061.917,1607.3796659999998,1772.6743330000002,1464.887999
2023-08-31 10:00:00,2181.682333,1666.025334,1832.6329999999998,1541.5083339999999
2023-08-31 11:00:00,2232.7073330000003,1715.4993319999999,1887.470001,1629.648
2023-08-31 12:00:00,2353.2113339999996,1798.027333,1988.944,1705.459667
2023-08-31 13:00:00,2299.5516669999997,1942.8023340000002,2069.234,1733.734
2023-08-31 14:00:00,2330.749,1923.813,2030.342666,1647.295
2023-08-31 15:00:00,2351.4206670000003,1934.416333,2079.565,1663.645
2023-08-31 16:00:00,2454.0766670000003,1977.1040000000003,2151.616,1765.833333
2023-08-31 17:00:00,2601.956666,2089.036,2299.657,1811.161334
2023-08-31 18:00:00,2754.9583329999996,2242.2526669999997,2449.9313330000004,1980.363667
2023-08-31 19:00:00,2906.035,2297.775334,2518.952333,2095.167
2023-08-31 20:00:00,2863.253,2248.8520000000003,2606.570333,2123.304999
2023-08-31 21:00:00,2844.171333,2348.818,2573.537,2083.392
2023-08-31 22:00:00,2789.7690000000002,2170.725667,2420.6639999999998,1900.527
2023-08-31 23:00:00,2511.662667,1879.5966669999998,2151.043666,1753.442334
2023-09-01 00:00:00,2207.645667,1656.0786670000002,1849.999333,1528.8139999999999
2023-09-01 01:00:00,1918.146,1432.9279999999999,1648.230334,1349.228
2023-09-01 02:00:00,1763.364001,1302.304334,1495.490334,1227.607
2023-09-01 03:00:00,1688.9599990000002,1240.130334,1406.778666,1100.218
2023-09-01 04:00:00,1646.703667,1223.456667,1365.6293329999999,1068.4589999999998
2023-09-01 05:00:00,1627.911333,1227.6949989999998,1360.3529979999998,1099.077667
2023-09-01 06:00:00,1694.777,1304.936666,1427.0473339999999,1154.5190010000001
2023-09-01 07:00:00,1799.583,1400.4790010000002,1544.685333,1264.058
2023-09-01 08:00:00,1948.028333,1529.839337,1663.328667,1383.12
2023-09-01 09:00:00,2071.982,1664.964001,1788.686001,1458.52
2023-09-01 10:00:00,2186.603668,1480.081666,1925.1823330000002,1553.145
2023-09-01 11:00:00,2337.2276659999998,1532.971333,2004.918333,1685.262
2023-09-01 12:00:00,2535.673666,1618.0136669999997,2202.277333,1726.557001
2023-09-01 13:00:00,2639.329667,1766.115333,2337.049,1889.677333
2023-09-01 14:00:00,2780.001667,1984.833999,2432.8176670000003,1956.9116669999999
2023-09-01 15:00:00,2960.6996660000004,2417.8133340000004,2528.1389999999997,2093.901667
2023-09-01 16:00:00,3126.6166670000002,2554.9306669999996,2660.201,2282.7529999999997
2023-09-01 17:00:00,3262.285333,2781.2296669999996,2916.637,2317.905
2023-09-01 18:00:00,3408.8999999999996,2904.950667,3017.972333,2421.3289999999997
2023-09-01 19:00:00,3411.604667,2904.993333,3037.8849999999998,2418.840667
2023-09-01 20:00:00,3340.3806670000004,2770.1483340000004,2913.081001,2448.740667
2023-09-01 21:00:00,3299.901667,2650.193333,2870.9493329999996,2375.479
2023-09-01 22:00:00,3197.495333,2484.2320000000004,2704.411333,2227.822
2023-09-01 23:00:00,2889.9223329999995,2197.952,2448.229001,2012.3120000000001
2023-09-02 00:00:00,2515.919,1961.096,2209.191,1761.0069999999998
2023-09-02 01:00:00,2246.338333,1692.780668,1970.7273340000002,1592.8936660000002
2023-09-02 02:00:00,2045.4866660000002,1484.833999,1743.932667,1406.213
2023-09-02 03:00:00,1829.5536670000001,1393.4869999999999,1576.155666,1248.437001
2023-09-02 04:00:00,1729.551,1288.1546669999998,1463.375333,1175.3980000000001
2023-09-02 05:00:00,1671.842333,1258.254,1416.906,1149.5479999999998
2023-09-02 06:00:00,1695.881667,1254.2730000000001,1403.8286659999999,1180.1979999999999
2023-09-02 07:00:00,1739.626667,1354.4373329999999,1469.379,1238.259
2023-09-02 08:00:00,1964.8613329999998,1483.131667,1644.3816660000002,1361.3339999999998
2023-09-02 09:00:00,2259.8700010000002,1735.2376669999999,1901.182667,1579.8690000000001
2023-09-02 10:00:00,2450.6623339999996,1999.8270000000002,2098.9566670000004,1755.0859999999998
2023-09-02 11:00:00,2680.273667,2140.820667,2276.812667,1915.614
2023-09-02 12:00:00,2983.097666,2310.809,2437.705,2132.388
2023-09-02 13:00:00,3217.465667,2595.895667,2774.092667,2313.489
2023-09-02 14:00:00,3407.726666,2948.798333,2967.305333,2534.101
2023-09-02 15:00:00,3729.8903339999997,3167.693999,3276.333334,2766.458
2023-09-02 16:00:00,3993.0196659999997,3470.1279990000003,3474.142667,2922.596
2023-09-02 17:00:00,4077.8006659999996,3574.508667,3522.131667,2989.259
2023-09-02 18:00:00,4207.939667,3685.096666,3671.075667,3094.81
2023-09-02 19:00:00,4114.321666000001,3702.1103329999996,3621.268333,3105.052
2023-09-02 20:00:00,4011.719333,3411.9896660000004,3580.610667,3044.5029999999997
2023-09-02 21:00:00,3955.4273329999996,3246.137667,3480.070667,2915.577
2023-09-02 22:00:00,3716.9440000000004,2942.336666,3232.682,2677.276
2023-09-02 23:00:00,3361.9486669999997,2630.8016660000003,2857.871333,2405.773
2023-09-03 00:00:00,2942.0333330000003,2302.0533339999997,2522.34,2089.165
2023-09-03 01:00:00,2566.615667,1976.737,2263.918667,1848.3939999999998
2023-09-03 02:00:00,2253.578,1756.7836670000002,1953.3476670000002,1600.842334
2023-09-03 03:00:00,2050.551333,1593.6200000000001,1760.7979999999998,1402.7520010000003
2023-09-03 04:00:00,1904.215667,1434.4853329999999,1645.296667,1317.317
2023-09-03 05:00:00,1813.596,1371.023333,1589.15,1223.103001
2023-09-03 06:00:00,1791.438333,1370.206667,1554.382333,1223.132667
2023-09-03 07:00:00,1792.963334,1378.0006670000002,1584.737333,1266.270333
2023-09-03 08:00:00,1995.2669999999998,1518.083999,1770.7199999999998,1369.976334
2023-09-03 09:00:00,2223.254667,1766.412,1948.501,1562.1860000000001
2023-09-03 10:00:00,2428.273999,1964.262667,2160.9809999999998,1730.646667
2023-09-03 11:00:00,2636.977001,2121.778333,2237.471,1884.450667
2023-09-03 12:00:00,2684.178334,2212.6713339999997,2374.627,1988.771
2023-09-03 13:00:00,2757.4046670000002,2227.807001,2403.679,2057.190667
2023-09-03 14:00:00,2747.659334,2287.966333,2405.329667,2005.5316669999997
2023-09-03 15:00:00,2668.0486659999997,2297.6093339999998,2393.5513330000003,2012.6779999999999
2023-09-03 16:00:00,2682.154001,2300.9696670000003,2426.586667,1966.3016670000002
2023-09-03 17:00:00,2795.464666,2366.995333,2536.9826669999998,2008.402667
2023-09-03 18:00:00,2853.1786660000002,2388.215,2527.876667,2083.048
2023-09-03 19:00:00,2941.09,2354.0766670000003,2589.6853330000004,2125.26
2023-09-03 20:00:00,3004.3636669999996,2407.579667,2591.5733330000003,2191.297
2023-09-03 21:00:00,2920.8673339999996,2407.896667,2567.513,2117.013
2023-09-03 22:00:00,2826.7613330000004,2258.895,2429.332,2008.452333
2023-09-03 23:00:00,2578.378333,2059.0116669999998,2226.486,1861.0389999999998
2023-09-04 00:00:00,2281.6830010000003,1816.3653330000002,1985.5883330000001,1650.4319999999998
2023-09-04 01:00:00,1989.0873350000002,1558.329667,1815.147333,1475.7530000000002
2023-09-04 02:00:00,1790.089,1369.108,1573.869334,1289.495
2023-09-04 03:00:00,1668.217667,1267.0790000000002,1443.4236660000001,1178.3300000000002
2023-09-04 04:00:00,1584.331999,1211.685,1382.054333,1107.4383329999998
2023-09-04 05:00:00,1523.324666,1154.766334,1339.978666,1068.645667
2023-09-04 06:00:00,1568.2669999999998,1206.136333,1330.992334,1089.6819999999998
2023-09-04 07:00:00,1641.7956680000002,1252.9833330000001,1404.3363319999999,1139.461334
2023-09-04 08:00:00,1833.639666,1367.177333,1605.5213330000001,1292.707334
2023-09-04 09:00:00,2049.541666,1641.7266679999998,1865.724666,1498.3393340000002
2023-09-04 10:00:00,2298.137,1807.474667,2070.573999,1689.967
2023-09-04 11:00:00,2538.4966679999998,2019.6860000000001,2280.941666,1863.997667
2023-09-04 12:00:00,2716.903333,2171.759333,2374.649001,1946.389
2023-09-04 13:00:00,2698.8286660000003,2198.224001,2403.0066669999997,2020.6506669999999
2023-09-04 14:00:00,2629.709668,2256.376,2422.130333,1971.521666
2023-09-04 15:00:00,2729.2043339999996,2310.815667,2336.904,1968.445999
2023-09-04 16:00:00,2783.211666,2280.2609999999995,2415.788667,2028.8036659999998
2023-09-04 17:00:00,2889.147665,2317.392668,2536.085666,2069.412
2023-09-04 18:00:00,2927.241333,2426.962001,2552.768,2097.5926670000003
2023-09-04 19:00:00,3059.475334,2461.0973329999997,2660.633001,2214.267667
2023-09-04 20:00:00,3117.771333,2398.047667,2646.9346670000004,2247.416
2023-09-04 21:00:00,3029.450667,2448.151334,2607.617332,2200.8823329999996
2023-09-04 22:00:00,2767.860334,2236.996333,2414.740999,2056.996333
2023-09-04 23:00:00,2463.379,1938.371,2116.6473340000002,1812.4053330000002
2023-09-05 00:00:00,2134.502668,1618.590333,1855.7820000000002,1521.135
2023-09-05 01:00:00,1832.136667,1363.1860000000001,1574.392,1291.917
2023-09-05 02:00:00,1644.239334,1241.743666,1450.162666,1173.812666
2023-09-05 03:00:00,1574.025,1198.352,1339.943667,1058.780333
2023-09-05 04:00:00,1502.421,1147.7640000000001,1299.012,1035.471667
2023-09-05 05:00:00,1510.844333,1172.308,1309.201,1077.817
2023-09-05 06:00:00,1646.9723330000002,1276.776667,1433.175,1157.2980000000002
2023-09-05 07:00:00,1840.6273339999998,1426.0733329999998,1569.94,1304.727667
2023-09-05 08:00:00,1929.342,1579.020333,1737.8796670000002,1411.903667
2023-09-05 09:00:00,1991.6090010000003,1578.144667,1720.974667,1413.4523330000002
2023-09-05 10:00:00,2099.206666,1647.628,1763.3290000000002,1503.5986670000002
2023-09-05 11:00:00,2209.3270009999997,1703.086667,1885.8890000000001,1617.7526659999999
2023-09-05 12:00:00,2300.436665,1777.2779999999998,1962.3310000000001,1695.661333
2023-09-05 13:00:00,2445.4413329999998,1879.497,2039.523,1724.059667
2023-09-05 14:00:00,2477.214667,1918.5523329999999,2072.4579999999996,1738.339
2023-09-05 15:00:00,2490.5089989999997,1954.01,2093.690667,1750.517001
2023-09-05 16:00:00,2548.276333,2027.245333,2205.0916669999997,1838.170333
2023-09-05 17:00:00,2729.299,2216.293667,2378.629333,1979.0506659999999
2023-09-05 18:00:00,2955.6980000000003,2405.214667,2587.713334,2108.839
2023-09-05 19:00:00,3050.4990000000003,2517.918,2682.190333,2169.312668
2023-09-05 20:00:00,3014.0763330000004,2457.955,2793.261,2227.1856669999997
2023-09-05 21:00:00,3013.7743330000003,2480.5959999999995,2726.6580000000004,2196.962334
2023-09-05 22:00:00,2775.9066669999997,2226.205,2597.222334,2001.589333
2023-09-05 23:00:00,2521.914667,1927.248,2190.697333,1756.752
2023-09-06 00:00:00,2151.380667,1659.691333,1807.5430000000001,1478.509
2023-09-06 01:00:00,1800.688667,1352.443667,1576.711,1308.944333
2023-09-06 02:00:00,1627.1943330000001,1204.596666,1419.2320000000002,1143.362334
2023-09-06 03:00:00,1504.516999,1137.063667,1316.9013340000001,1035.456667
2023-09-06 04:00:00,1458.327667,1122.381666,1287.709667,1012.1859999999999
2023-09-06 05:00:00,1572.731999,1150.025,1319.188667,1032.923
2023-09-06 06:00:00,1716.214334,1281.5749999999998,1442.683,1178.717
2023-09-06 07:00:00,1895.536999,1516.226,1630.181,1363.449334
2023-09-06 08:00:00,1981.114333,1624.063667,1827.3073330000002,1457.7666669999999
2023-09-06 09:00:00,2037.8603329999999,1678.5819999999999,1791.267333,1445.058667
2023-09-06 10:00:00,2062.3909999999996,1635.037667,1793.458,1509.373
2023-09-06 11:00:00,2117.9203340000004,1635.089667,1801.805667,1512.400334
2023-09-06 12:00:00,2247.282667,1670.8263339999999,1850.165,1606.092
2023-09-06 13:00:00,2283.479333,1793.0456669999999,1958.632,1657.187
2023-09-06 14:00:00,2317.470334,1781.469,2038.84,1701.632
2023-09-06 15:00:00,2413.828334,1932.644,2083.37,1794.117333
2023-09-06 16:00:00,2613.945667,2079.504667,2264.7390000000005,1948.547667
2023-09-06 17:00:00,2846.217667,2346.243001,2496.579667,2018.231334
2023-09-06 18:00:00,3126.849,2565.473667,2704.795334,2185.544667
2023-09-06 19:00:00,3071.377,2596.187333,2747.876,2269.1810000000005
2023-09-06 20:00:00,3139.512666,2601.373667,2802.1229999999996,2316.03
2023-09-06 21:00:00,3151.7046659999996,2542.7653330000003,2743.571,2273.243333
2023-09-06 22:00:00,2891.626333,2323.281,2569.4809999999998,2105.811333
2023-09-06 23:00:00,2607.650666,2001.8509999999999,2174.51,1834.982
2023-09-07 00:00:00,2215.495666,1730.357333,1886.1490000000001,1563.242
2023-09-07 01:00:00,1940.2849999999999,1470.682334,1673.624,1322.6506669999999
2023-09-07 02:00:00,1715.564666,1335.273333,1502.448,1189.175
2023-09-07 03:00:00,1628.6430000000003,1243.711667,1418.4180000000001,1097.212333
2023-09-07 04:00:00,1566.4466670000002,1212.140333,1327.6403329999998,1066.5013330000002
2023-09-07 05:00:00,1570.255334,1228.9553329999999,1360.944,1108.4209999999998
2023-09-07 06:00:00,1709.541666,1319.071667,1481.969,1197.9499999999998
2023-09-07 07:00:00,1916.795,1507.7996660000001,1688.281,1334.287
2023-09-07 08:00:00,1975.0026670000002,1599.56,1783.101,1450.518
2023-09-07 09:00:00,1999.8400000000001,1598.6806660000002,1764.8723340000001,1443.3839990000001
2023-09-07 10:00:00,2072.8500000000004,1655.1836680000001,1735.425333,1529.528667
2023-09-07 11:00:00,2111.199666,1648.811667,1737.1329999999998,1557.327
2023-09-07 12:00:00,2184.963667,1768.4840000000002,1855.588667,1584.258667
2023-09-07 13:00:00,2271.1093339999998,1802.8646670000003,1925.364334,1608.0460010000002
2023-09-07 14:00:00,2340.950334,1802.116334,1926.8906670000001,1641.6036669999999
2023-09-07 15:00:00,2366.620334,1894.686667,2006.581,1731.708
2023-09-07 16:00:00,2585.030667,2018.218333,2223.49,1856.228
2023-09-07 17:00:00,2783.506666,2240.757,2453.7380000000003,1989.4650000000001
2023-09-07 18:00:00,2931.840333,2407.025,2632.939,2100.779001
2023-09-07 19:00:00,3023.737,2519.820667,2677.941,2128.009666
2023-09-07 20:00:00,3101.6899999999996,2435.969333,2798.186334,2209.326334
2023-09-07 21:00:00,3144.712999,2431.161,2744.3630000000003,2192.859333
2023-09-07 22:00:00,2891.702334,2227.117,2498.676,1961.168
2023-09-07 23:00:00,2503.205,1997.2640000000001,2161.4750000000004,1711.097334
2023-09-08 00:00:00,2179.427,1637.1123329999998,1823.802,1538.185
2023-09-08 01:00:00,1861.849,1430.3310000000001,1627.4270000000001,1348.4850000000001
2023-09-08 02:00:00,1691.6440010000001,1295.139666,1432.423,1196.2069999999999
2023-09-08 03:00:00,1561.503666,1220.638334,1340.627,1076.629333
2023-09-08 04:00:00,1491.842667,1212.505333,1269.836334,1033.662333
2023-09-08 05:00:00,1545.805333,1204.089666,1342.003667,1030.885667
2023-09-08 06:00:00,1705.603,1312.8146660000002,1428.505,1135.252001
2023-09-08 07:00:00,1909.330333,1476.584668,1645.022667,1312.823668
2023-09-08 08:00:00,1938.530333,1641.259,1763.155,1478.0780009999999
2023-09-08 09:00:00,2024.195001,1662.468667,1735.8719999999998,1473.035
2023-09-08 10:00:00,2067.599335,1674.872666,1814.282,1550.9716669999998
2023-09-08 11:00:00,2153.345333,1718.933333,1829.055,1587.207666
2023-09-08 12:00:00,2275.138666,1790.608667,1959.7199999999998,1656.6003340000002
2023-09-08 13:00:00,2386.479667,1844.603,2030.061,1702.666667
2023-09-08 14:00:00,2416.609001,1901.955,2073.108,1743.655
2023-09-08 15:00:00,2542.297666,1969.4460000000001,2217.085,1805.4333339999998
2023-09-08 16:00:00,2694.825,2183.4570000000003,2351.232,1940.3519999999999
2023-09-08 17:00:00,2946.967666,2387.752,2569.756667,2167.674
2023-09-08 18:00:00,3080.5730000000003,2478.849,2782.331,2301.989
2023-09-08 19:00:00,3143.654,2589.603,2754.046,2284.049
2023-09-08 20:00:00,3108.551,2454.8683330000003,2697.856667,2202.7380000000003
2023-09-08 21:00:00,3001.953334,2385.185334,2635.190667,2127.4660000000003
2023-09-08 22:00:00,2839.348667,2246.111,2354.403667,1969.865
2023-09-08 23:00:00,2467.279,1942.266,2157.415333,1742.9863340000002
2023-09-09 00:00:00,2192.4263330000003,1730.338,1897.382,1565.8716670000001
2023-09-09 01:00:00,1949.9486670000001,1483.527,1709.909999,1410.0913340000002
2023-09-09 02:00:00,1767.592666,1298.039,1534.854,1256.772667
2023-09-09 03:00:00,1582.9650000000001,1198.267,1390.3359999999998,1122.108
2023-09-09 04:00:00,1525.4830000000002,1128.009,1321.7103339999999,1055.479
2023-09-09 05:00:00,1506.868333,1121.449333,1284.375333,1042.537667
2023-09-09 06:00:00,1534.250667,1164.8310000000001,1311.675666,1077.9720000000002
2023-09-09 07:00:00,1669.203667,1237.328,1385.515333,1154.0790000000002
2023-09-09 08:00:00,1889.996999,1463.321334,1582.1053350000002,1313.871333
2023-09-09 09:00:00,2147.914,1676.567,1842.682001,1519.8529990000002
2023-09-09 10:00:00,2356.642667,1914.1366670000002,2015.5046670000002,1693.256667
2023-09-09 11:00:00,2537.005668,2002.0593339999996,2242.105,1836.255333
2023-09-09 12:00:00,2679.049333,2108.709,2305.681667,1882.257
2023-09-09 13:00:00,2796.675333,2229.1629999999996,2413.5580010000003,1924.6043319999999
2023-09-09 14:00:00,3011.642331,2395.879,2535.078667,2045.753333
2023-09-09 15:00:00,3062.250666,2548.4596659999997,2619.032,2198.513
2023-09-09 16:00:00,3279.1606659999998,2708.8133340000004,2753.347,2353.473
2023-09-09 17:00:00,3444.1876669999997,2938.6560010000003,2999.743,2527.0420000000004
2023-09-09 18:00:00,3623.772,3105.559334,3173.773,2634.666
2023-09-09 19:00:00,3656.1576659999996,3143.1763330000003,3161.486,2664.017
2023-09-09 20:00:00,3648.155999,3039.868666,3073.084,2615.960667
2023-09-09 21:00:00,3580.025666,2939.192,3023.03,2527.501
2023-09-09 22:00:00,3292.0640000000003,2697.258,2819.922,2383.8869999999997
2023-09-09 23:00:00,2956.520667,2365.492667,2512.1820000000002,2056.986334
2023-09-10 00:00:00,2607.620667,2031.1456670000002,2273.369,1804.993001
2023-09-10 01:00:00,2256.1943349999997,1734.9606669999998,2010.415,1577.474001
2023-09-10 02:00:00,1961.782666,1501.5396660000001,1751.2710000000002,1403.9119999999998
2023-09-10 03:00:00,1768.3553339999999,1361.63,1569.74,1255.1093329999999
2023-09-10 04:00:00,1670.917334,1245.916667,1501.744,1160.547
2023-09-10 05:00:00,1581.7273340000002,1205.488666,1449.98,1116.8039999999999
2023-09-10 06:00:00,1588.196001,1189.3716670000001,1385.48,1117.364
2023-09-10 07:00:00,1652.504001,1254.177334,1464.924,1166.3690000000001
2023-09-10 08:00:00,1936.851,1443.370332,1648.854,1377.7330000000002
2023-09-10 09:00:00,2265.9213339999997,1699.514999,1936.49,1553.807
2023-09-10 10:00:00,2538.673333,2009.355,2177.0260000000003,1791.673
2023-09-10 11:00:00,2695.014333,2189.994667,2278.7149999999997,1952.694
2023-09-10 12:00:00,2929.6153329999997,2364.655001,2502.836,2087.024
2023-09-10 13:00:00,3074.476334,2506.2650009999998,2620.1760000000004,2231.919
2023-09-10 14:00:00,3253.686668,2614.269333,2867.0290000000005,2348.116
2023-09-10 15:00:00,3345.564333,2884.0026669999997,2971.437,2494.072
2023-09-10 16:00:00,3579.425666,3091.491333,3158.268,2622.8320000000003
2023-09-10 17:00:00,3805.475667,3289.1449999999995,3251.864,2748.352
2023-09-10 18:00:00,3958.6963330000003,3434.178,3422.859,2874.626
2023-09-10 19:00:00,3888.253333,3414.173667,3375.576,2861.2619999999997
2023-09-10 20:00:00,3900.6173329999997,3302.697334,3382.627,2932.428
2023-09-10 21:00:00,3828.646334,3170.625334,3306.352,2765.9979999999996
2023-09-10 22:00:00,3470.841,2844.072666,2982.819,2545.77
2023-09-10 23:00:00,3023.294667,2396.448667,2500.581,2190.694
2023-09-11 00:00:00,2561.013333,1963.3709999999999,2120.343,1770.770667
2023-09-11 01:00:00,2105.279,1632.752333,1858.4319999999998,1514.009
2023-09-11 02:00:00,1844.775,1411.987667,1668.651,1363.689333
2023-09-11 03:00:00,1717.8400000000001,1335.406833,1552.4499999999998,1235.525333
2023-09-11 04:00:00,1646.8580000000002,1253.046167,1480.1599999999999,1171.125333
2023-09-11 05:00:00,1656.642333,1276.875333,1496.0590000000002,1197.558
2023-09-11 06:00:00,1839.877333,1369.776667,1576.442,1277.0320000000002
2023-09-11 07:00:00,1941.339,1549.5190000000002,1689.199,1423.568
2023-09-11 08:00:00,2089.188334,1659.748,1823.141,1536.073
2023-09-11 09:00:00,2087.3106669999997,1628.530667,1780.679,1556.065
2023-09-11 10:00:00,2109.168333,1636.963667,1846.0769999999998,1580.96
2023-09-11 11:00:00,2194.879667,1692.332333,1892.19,1650.9830000000002
2023-09-11 12:00:00,2397.306333,1826.248,2008.9270000000001,1721.9560000000001
2023-09-11 13:00:00,2488.4939999999997,1942.967666,2038.839,1771.911334
2023-09-11 14:00:00,2591.510668,2038.791999,2180.998,1810.362
2023-09-11 15:00:00,2590.7526669999997,2114.559666,2278.86,1894.0580009999999
2023-09-11 16:00:00,2739.254,2206.605333,2384.5426669999997,2003.0423340000002
2023-09-11 17:00:00,2973.536665,2442.9593330000002,2654.9636659999996,2122.060334
2023-09-11 18:00:00,3253.316334,2665.049,2800.439666,2274.5233339999995
2023-09-11 19:00:00,3362.3356670000003,2753.437667,2957.102,2396.490667
2023-09-11 20:00:00,3414.182667,2749.456667,3027.441,2437.388667
2023-09-11 21:00:00,3387.629667,2679.912667,2986.431,2360.2436669999997
2023-09-11 22:00:00,3116.8920000000003,2407.5603330000004,2691.0640000000003,2171.4049999999997
2023-09-11 23:00:00,2679.5873330000004,2022.5456669999999,2305.924667,1942.3899999999999
2023-09-12 00:00:00,2293.4323329999997,1701.0169999999998,1987.805667,1651.380667
2023-09-12 01:00:00,1986.427334,1504.503,1730.392333,1390.180667
2023-09-12 02:00:00,1776.626667,1361.5529999999999,1561.366333,1269.1293340000002
2023-09-12 03:00:00,1649.719,1265.5390000000002,1478.967,1141.6316669999999
2023-09-12 04:00:00,1593.615,1217.1619999999998,1361.776667,1109.064334
2023-09-12 05:00:00,1624.293333,1230.1206670000001,1388.038,1110.449
2023-09-12 06:00:00,1749.796,1322.3396670000002,1482.594,1213.1986670000001
2023-09-12 07:00:00,1892.3413340000002,1551.825,1677.096,1391.2216670000003
2023-09-12 08:00:00,2004.994667,1603.546,1795.852,1487.603334
2023-09-12 09:00:00,2042.135001,1631.202,1796.091999,1504.874667
2023-09-12 10:00:00,2065.831332,1644.601,1769.750667,1524.1129999999998
2023-09-12 11:00:00,2141.588334,1746.458,1881.952,1581.9633330000001
2023-09-12 12:00:00,2223.2070000000003,1810.9720000000002,1997.717333,1611.1109999999999
2023-09-12 13:00:00,2404.059666,1964.0536670000001,2128.186334,1760.116
2023-09-12 14:00:00,2613.4803330000004,2064.478167,2225.905334,1807.6480000000001
2023-09-12 15:00:00,2745.028333,2199.0679999999998,2262.262667,1887.365
2023-09-12 16:00:00,2969.273666,2433.624,2490.263333,2061.396
2023-09-12 17:00:00,3289.320333,2705.7889999999998,2778.525666,2264.236
2023-09-12 18:00:00,3442.712333,2812.392667,3020.2536659999996,2430.163
2023-09-12 19:00:00,3400.357,2899.7569999999996,3026.231667,2507.486
2023-09-12 20:00:00,3355.722333,2845.012,3053.486333,2487.0370000000003
2023-09-12 21:00:00,3357.309333,2656.2225,2926.425666,2449.613
2023-09-12 22:00:00,3091.656667,2474.2884999999997,2728.7263329999996,2208.0460000000003
2023-09-12 23:00:00,2647.744667,2167.965,2265.9063340000002,1887.6329999999998
2023-09-13 00:00:00,2307.248667,1773.299,1888.659333,1611.802
2023-09-13 01:00:00,2024.921333,1522.957,1686.2376669999999,1433.022
2023-09-13 02:00:00,1819.0819999999999,1383.8649999999998,1556.339666,1284.338667
2023-09-13 03:00:00,1714.2693330000002,1314.365,1442.454667,1155.727
2023-09-13 04:00:00,1616.0973330000002,1266.537,1335.209667,1128.1
2023-09-13 05:00:00,1650.844333,1256.850001,1400.9540000000002,1126.684
2023-09-13 06:00:00,1786.827667,1372.9790010000002,1503.721333,1220.5230000000001
2023-09-13 07:00:00,1930.2666669999999,1519.2253340000002,1659.757334,1340.218
2023-09-13 08:00:00,2128.177333,1682.1786670000001,1771.6149990000001,1481.635
2023-09-13 09:00:00,2145.026333,1753.502667,1787.378666,1569.961
2023-09-13 10:00:00,2162.6276669999997,1694.3360000000002,1814.9153330000001,1598.8450000000003
2023-09-13 11:00:00,2226.280667,1705.557334,1867.2066670000002,1597.411
2023-09-13 12:00:00,2272.520667,1753.681666,1922.475,1650.994
2023-09-13 13:00:00,2359.549,1868.9533330000002,2013.3999999999999,1726.9940000000001
2023-09-13 14:00:00,2530.682001,1931.761,2171.5699990000003,1800.8780000000002
2023-09-13 15:00:00,2669.8453339999996,2106.472,2312.055332,1897.3380000000002
2023-09-13 16:00:00,2930.592667,2412.1144999999997,2541.2703330000004,2116.596667
2023-09-13 17:00:00,3261.329334,2716.77,2858.951,2378.877
2023-09-13 18:00:00,3459.309333,2921.7250000000004,3043.665,2476.8010000000004
2023-09-13 19:00:00,3570.897,2960.776,3072.7490000000003,2544.112
2023-09-13 20:00:00,3571.808666,2889.138,3077.152,2533.8559999999998
2023-09-13 21:00:00,3487.5436659999996,2787.8355,3055.733,2500.64
2023-09-13 22:00:00,3189.8563329999997,2520.466,2744.8450000000003,2214.4719999999998
2023-09-13 23:00:00,2772.855334,2164.6196670000004,2349.174666,1962.317
2023-09-14 00:00:00,2392.872,1845.550667,2018.228667,1626.056
2023-09-14 01:00:00,2018.8463350000002,1520.9189999999999,1810.441667,1395.802335
2023-09-14 02:00:00,1789.1779999999999,1341.700667,1580.888,1239.7130000000002
2023-09-14 03:00:00,1662.2763340000001,1262.844001,1461.929666,1135.740333
2023-09-14 04:00:00,1571.084667,1206.300666,1363.4743330000001,1092.726666
2023-09-14 05:00:00,1608.709667,1233.5746669999999,1376.896,1106.275666
2023-09-14 06:00:00,1756.7603339999998,1319.439333,1481.766,1214.9883340000001
2023-09-14 07:00:00,1956.608334,1553.530666,1619.1026660000002,1362.276667
2023-09-14 08:00:00,2066.6009999999997,1601.4450000000002,1781.2333330000001,1529.753334
2023-09-14 09:00:00,2148.221,1638.344,1770.6496670000001,1537.229667
2023-09-14 10:00:00,2183.5076659999995,1652.263,1797.375,1541.6463330000001
2023-09-14 11:00:00,2223.847001,1676.703667,1882.1783340000002,1571.222
2023-09-14 12:00:00,2389.5640009999997,1815.1689999999999,2056.071,1663.761333
2023-09-14 13:00:00,2484.3300010000003,1946.161333,2184.649667,1758.377
2023-09-14 14:00:00,2623.705668,2120.348,2306.858,1889.0810000000001
2023-09-14 15:00:00,2828.763668,2374.441667,2497.058666,2027.719
2023-09-14 16:00:00,3135.1833340000003,2615.102334,2839.383334,2273.044
2023-09-14 17:00:00,3647.254333,3078.728667,3143.983666,2586.439667
2023-09-14 18:00:00,3868.7963330000002,3271.088333,3460.347,2833.7073330000003
2023-09-14 19:00:00,4028.096667,3378.041,3601.889667,2932.2303330000004
2023-09-14 20:00:00,3944.4599999999996,3308.041,3485.7339999999995,2952.359
2023-09-14 21:00:00,3898.088666,3128.4429999999998,3388.563333,2810.264
2023-09-14 22:00:00,3509.886,2796.889,2950.755,2499.941
2023-09-14 23:00:00,3004.577667,2353.067,2539.843,2185.536
2023-09-15 00:00:00,2496.794667,1945.495666,2141.074,1794.6399999999999
2023-09-15 01:00:00,2181.739,1664.813334,1840.917,1560.779
2023-09-15 02:00:00,1893.770667,1478.324,1620.183,1354.978
2023-09-15 03:00:00,1750.9540000000002,1386.297,1531.3953330000002,1216.2803330000002
2023-09-15 04:00:00,1650.364667,1308.279667,1443.4720000000002,1189.146
2023-09-15 05:00:00,1673.6293329999999,1294.776998,1431.306,1162.219
2023-09-15 06:00:00,1777.5040000000001,1367.538333,1548.1,1233.9699999999998
2023-09-15 07:00:00,1952.482333,1561.7683339999999,1699.981,1407.6439999999998
2023-09-15 08:00:00,2127.252333,1651.978,1796.788,1545.915
2023-09-15 09:00:00,2133.7706670000002,1710.959,1848.55,1551.788
2023-09-15 10:00:00,2228.0856679999997,1754.9113350000002,1957.489333,1634.0770000000002
2023-09-15 11:00:00,2393.504333,1848.081667,2061.201667,1765.425
2023-09-15 12:00:00,2528.015334,2002.387834,2205.736,1832.5770000000002
2023-09-15 13:00:00,2783.743668,2243.643333,2416.476001,2007.067
2023-09-15 14:00:00,3025.614001,2518.000001,2668.039668,2217.4759999999997
2023-09-15 15:00:00,3295.640666,2860.23,2876.012666,2508.4610000000002
2023-09-15 16:00:00,3722.052999,3196.4281680000004,3174.5916669999997,2814.163
2023-09-15 17:00:00,4059.062666,3527.2245000000003,3489.428,3057.768
2023-09-15 18:00:00,4217.289000000001,3707.918999,3677.907333,3207.232
2023-09-15 19:00:00,4257.527,3641.122168,3659.910333,3132.616
2023-09-15 20:00:00,4006.82,3382.437833,3475.268,3034.1620000000003
2023-09-15 21:00:00,3837.910334,3128.5328339999996,3366.0653330000005,2841.126
2023-09-15 22:00:00,3461.514667,2759.1965,3028.4049999999997,2561.8489999999997
2023-09-15 23:00:00,3079.079,2398.34,2631.48,2252.04
2023-09-16 00:00:00,2630.604333,2015.394333,2299.1310000000003,1958.676
2023-09-16 01:00:00,2294.9298329999997,1761.777667,1997.1513329999998,1695.529
2023-09-16 02:00:00,2027.911834,1548.780334,1741.759667,1510.2106669999998
2023-09-16 03:00:00,1848.096,1426.577335,1607.063333,1345.152333
2023-09-16 04:00:00,1689.418332,1330.4866670000001,1496.525333,1238.244
2023-09-16 05:00:00,1638.000833,1283.591334,1436.9266659999998,1190.1100000000001
2023-09-16 06:00:00,1649.2853329999998,1281.460333,1444.362666,1215.278
2023-09-16 07:00:00,1718.353999,1323.2569990000002,1491.976333,1254.7640000000001
2023-09-16 08:00:00,1980.736001,1495.473333,1683.6589990000002,1398.9569999999999
2023-09-16 09:00:00,2281.963,1800.645,1975.205667,1654.987
2023-09-16 10:00:00,2478.2693329999997,1990.26,2195.046334,1822.359
2023-09-16 11:00:00,2619.668333,2097.036,2290.749334,1936.681
2023-09-16 12:00:00,2879.791667,2261.148,2581.085333,2052.269333
2023-09-16 13:00:00,3066.7169999999996,2360.2286670000003,2711.762666,2179.211666
2023-09-16 14:00:00,3217.0595000000003,2616.542,2819.727,2344.908334
2023-09-16 15:00:00,3440.223,2804.386,2978.5203330000004,2481.223
2023-09-16 16:00:00,3587.983,3001.681334,3120.672333,2576.702
2023-09-16 17:00:00,3713.232333,3218.315,3232.815333,2682.379
2023-09-16 18:00:00,3750.921166,3287.371,3317.113666,2755.67
2023-09-16 19:00:00,3787.772833,3177.017667,3306.174,2695.9719999999998
2023-09-16 20:00:00,3695.4465,3008.058,3166.961,2566.979
2023-09-16 21:00:00,3417.2619999999997,2806.625,3028.4410000000003,2489.825
2023-09-16 22:00:00,3197.601501,2528.4260000000004,2778.0556669999996,2215.3019999999997
2023-09-16 23:00:00,2809.951167,2190.882334,2413.565666,1999.9189999999999
2023-09-17 00:00:00,2450.3779999999997,1915.9556670000002,2145.625667,1733.0210000000002
2023-09-17 01:00:00,2127.663,1629.654,1866.305333,1535.6930000000002
2023-09-17 02:00:00,1870.211,1420.0339999999999,1588.925667,1359.420666
2023-09-17 03:00:00,1711.6695,1296.951999,1466.052333,1197.43
2023-09-17 04:00:00,1567.8685,1226.393333,1373.0913329999998,1116.963667
2023-09-17 05:00:00,1490.2905,1218.681667,1311.325334,1080.366
2023-09-17 06:00:00,1569.229,1194.5749999999998,1318.145333,1073.991
2023-09-17 07:00:00,1615.6365,1292.6933330000002,1389.0330000000001,1126.065
2023-09-17 08:00:00,1877.751,1498.281,1633.822668,1346.749
2023-09-17 09:00:00,2186.993,1751.464,1941.898334,1546.909
2023-09-17 10:00:00,2485.7599999999998,1947.859,2180.7836669999997,1717.6950000000002
2023-09-17 11:00:00,2661.758833,2143.7529999999997,2329.7636669999997,1938.529
2023-09-17 12:00:00,2822.583666,2139.033333,2457.027333,1962.2060000000001
2023-09-17 13:00:00,2849.2290000000003,2273.504,2502.7380000000003,2021.228
2023-09-17 14:00:00,2866.443166,2306.093,2521.424667,2025.7130000000002
2023-09-17 15:00:00,2916.254666,2392.381,2516.484,2153.221
2023-09-17 16:00:00,2958.813,2408.4100000000003,2563.0233340000004,2187.0969999999998
2023-09-17 17:00:00,3052.2966669999996,2506.2960000000003,2657.144333,2215.928
2023-09-17 18:00:00,3155.5106650000002,2554.346,2710.813666,2259.956
2023-09-17 19:00:00,3232.1961659999997,2618.3306679999996,2734.105333,2264.855
2023-09-17 20:00:00,3251.3046670000003,2649.1133339999997,2839.887334,2343.531
2023-09-17 21:00:00,3234.056,2580.3489999999997,2762.0006670000002,2245.308
2023-09-17 22:00:00,2967.5758339999998,2349.6396670000004,2528.3590000000004,2040.355
2023-09-17 23:00:00,2635.863666,2041.1936669999998,2151.808,1828.1119999999999
2023-09-18 00:00:00,2191.4930000000004,1734.397,1859.1819999999998,1554.13
2023-09-18 01:00:00,1905.9260000000002,1456.2365,1661.388,1315.65
2023-09-18 02:00:00,1686.952,1308.9895000000001,1481.723333,1161.754
2023-09-18 03:00:00,1571.6705000000002,1206.550333,1383.255333,1068.17
2023-09-18 04:00:00,1506.7345,1205.134833,1339.884,1053.768334
2023-09-18 05:00:00,1556.649,1244.6399999999999,1350.792,1065.342333
2023-09-18 06:00:00,1720.3045,1322.1763329999999,1475.4476670000001,1182.954
2023-09-18 07:00:00,1908.5809999999997,1517.5043339999997,1625.319,1360.2330000000002
2023-09-18 08:00:00,2008.1178330000002,1629.7853329999998,1786.9253330000001,1469.993
2023-09-18 09:00:00,2077.449833,1585.386333,1747.796667,1487.487
2023-09-18 10:00:00,2138.533167,1614.069,1728.36,1526.217
2023-09-18 11:00:00,2205.2305,1711.790333,1823.998333,1603.0120000000002
2023-09-18 12:00:00,2287.8035,1784.163333,2010.622,1658.465
2023-09-18 13:00:00,2354.468,1866.3670000000002,2060.6306670000004,1745.949
2023-09-18 14:00:00,2371.770667,1896.174,2060.658667,1721.457333
2023-09-18 15:00:00,2472.0600000000004,1963.185,2093.1240000000003,1775.05
2023-09-18 16:00:00,2608.5495,2070.175,2294.111334,1864.621334
2023-09-18 17:00:00,2803.359,2308.963,2465.263,2040.533
2023-09-18 18:00:00,3052.854,2431.732,2687.2866670000003,2170.9809999999998
2023-09-18 19:00:00,3102.326,2463.31,2832.4269999999997,2202.1050000000005
2023-09-18 20:00:00,3109.9855,2470.772,2893.878667,2228.1310000000003
2023-09-18 21:00:00,2957.947,2451.236,2744.050667,2160.556
2023-09-18 22:00:00,2767.2475,2103.7380000000003,2493.003667,1968.2069999999999
2023-09-18 23:00:00,2444.6980000000003,1883.005,2060.505667,1714.325
2023-09-19 00:00:00,2064.754167,1628.8476660000001,1732.611333,1483.9679999999998
2023-09-19 01:00:00,1783.967667,1381.873,1503.447334,1259.5990000000002
2023-09-19 02:00:00,1568.237,1241.4189999999999,1375.8523340000002,1133.699
2023-09-19 03:00:00,1528.967334,1171.1064999999999,1273.025666,1047.905
2023-09-19 04:00:00,1468.659,1162.3895,1236.485333,1023.9259999999999
2023-09-19 05:00:00,1513.695167,1164.8555000000001,1290.325667,1047.5810000000001
2023-09-19 06:00:00,1729.526166,1336.1665,1394.822,1164.569
2023-09-19 07:00:00,1905.753667,1503.71,1642.385334,1382.3899999999999
2023-09-19 08:00:00,2061.841499,1621.609167,1795.788666,1532.904
2023-09-19 09:00:00,2151.963168,1702.563667,1808.640333,1544.724001
2023-09-19 10:00:00,2173.2915000000003,1635.221668,1738.735332,1539.134
2023-09-19 11:00:00,2188.212001,1666.778167,1842.239667,1556.4266670000002
2023-09-19 12:00:00,2181.59,1693.0748330000001,1888.3700010000002,1612.356
2023-09-19 13:00:00,2216.043168,1738.2696660000001,1969.2283320000001,1621.548
2023-09-19 14:00:00,2250.323166,1748.4995,1922.9623339999998,1644.886
2023-09-19 15:00:00,2290.923501,1793.669666,1969.654,1642.8400000000001
2023-09-19 16:00:00,2435.935334,1914.6301669999998,2082.594667,1752.4679999999998
2023-09-19 17:00:00,2637.1139999999996,2129.6820000000002,2362.6973340000004,1912.607
2023-09-19 18:00:00,2891.373833,2253.637334,2580.211331,2086.674
2023-09-19 19:00:00,2930.5945009999996,2326.854667,2619.863001,2147.775
2023-09-19 20:00:00,2989.3525,2374.5640000000003,2666.925333,2228.85
2023-09-19 21:00:00,2966.5164999999997,2349.376,2708.09,2160.25
2023-09-19 22:00:00,2751.5745,2101.283001,2400.818668,1952.96
2023-09-19 23:00:00,2357.696,1862.361333,2024.8999999999999,1677.2649999999999
2023-09-20 00:00:00,2017.9479999999999,1572.6513329999998,1736.9340000000002,1437.286
2023-09-20 01:00:00,1731.979,1377.556,1491.616666,1242.281
2023-09-20 02:00:00,1581.4255,1264.885333,1350.033333,1119.069
2023-09-20 03:00:00,1498.5125,1164.054,1238.836667,1073.609
2023-09-20 04:00:00,1450.7620000000002,1147.8073330000002,1234.774333,1044.0810000000001
2023-09-20 05:00:00,1534.1455,1174.784334,1269.981,1046.6750000000002
2023-09-20 06:00:00,1693.5155,1291.731334,1388.2956669999999,1152.008
2023-09-20 07:00:00,1813.3775,1489.657666,1591.854667,1346.277
2023-09-20 08:00:00,2066.1105000000002,1579.624666,1789.0213330000001,1461.671667
2023-09-20 09:00:00,2152.567,1698.0679999999998,1794.612333,1543.5369999999998
2023-09-20 10:00:00,2137.266167,1639.102666,1785.253665,1515.150333
2023-09-20 11:00:00,2159.412833,1664.5226679999998,1748.194,1596.786
2023-09-20 12:00:00,2276.7105,1723.320667,1873.714333,1555.193
2023-09-20 13:00:00,2216.6915,1738.228333,1906.296999,1639.895
2023-09-20 14:00:00,2229.163,1754.455001,1954.2946670000001,1634.942
2023-09-20 15:00:00,2203.651667,1765.463333,1939.399,1576.3220000000001
2023-09-20 16:00:00,2336.683333,1789.014,2011.278001,1625.409
2023-09-20 17:00:00,2540.4835000000003,1972.8576669999998,2191.635999,1776.43
2023-09-20 18:00:00,2699.8636669999996,2217.7663329999996,2399.6000010000002,1922.461
2023-09-20 19:00:00,2743.202,2289.333666,2532.120666,2019.8650010000001
2023-09-20 20:00:00,2881.3065,2384.606334,2661.194,2136.739333
2023-09-20 21:00:00,2877.531,2336.299,2623.3016669999997,1992.827
2023-09-20 22:00:00,2616.9255000000003,2136.496,2390.906,1917.768
2023-09-20 23:00:00,2327.8140000000003,1765.25,2061.403999,1646.6370000000002
2023-09-21 00:00:00,2025.3575,1489.0563319999999,1731.468667,1420.159
2023-09-21 01:00:00,1723.454,1340.2,1500.467,1200.1399999999999
2023-09-21 02:00:00,1633.569,1228.0813329999999,1337.2433330000001,1057.935
2023-09-21 03:00:00,1535.1329999999998,1191.2040000000002,1289.137999,1020.556
2023-09-21 04:00:00,1482.999,1174.427,1211.440667,1008.4950000000001
2023-09-21 05:00:00,1595.171,1242.868,1292.833334,1082.035333
2023-09-21 06:00:00,1817.6415,1402.618,1471.116,1207.022334
2023-09-21 07:00:00,2043.278499,1582.724666,1715.930333,1386.309667
2023-09-21 08:00:00,2266.471501,1752.717333,1871.421332,1556.022
2023-09-21 09:00:00,2310.097667,1755.1779999999999,1849.731334,1625.238
2023-09-21 10:00:00,2248.5055,1735.1979999999999,1801.325667,1572.437
2023-09-21 11:00:00,2169.8185,1686.23,1852.332333,1612.8536669999999
2023-09-21 12:00:00,2260.045,1767.627667,1969.319,1594.063
2023-09-21 13:00:00,2239.084,1810.989666,1906.738667,1584.0593330000002
2023-09-21 14:00:00,2221.231834,1731.6930000000002,1909.081333,1551.744333
2023-09-21 15:00:00,2210.140667,1758.526,1929.128667,1555.402
2023-09-21 16:00:00,2417.9273329999996,1808.545,2076.99,1727.214333
2023-09-21 17:00:00,2554.7348330000004,2031.6973340000002,2267.636334,1836.505
2023-09-21 18:00:00,2757.827667,2227.168,2445.136668,1952.0349999999999
2023-09-21 19:00:00,2855.5561669999997,2283.867,2642.291667,2089.092333
2023-09-21 20:00:00,2962.7121669999997,2398.01,2698.187667,2178.4516670000003
2023-09-21 21:00:00,2907.831,2358.919,2624.959001,2117.798
2023-09-21 22:00:00,2644.788332,2104.536,2422.142331,1945.720667
2023-09-21 23:00:00,2382.471,1881.627667,2097.077334,1671.9
2023-09-22 00:00:00,1963.321167,1547.2803330000002,1752.058998,1432.4589999999998
2023-09-22 01:00:00,1687.23,1334.281333,1523.3523329999998,1211.092
2023-09-22 02:00:00,1572.975,1232.7996670000002,1369.4833330000001,1111.157
2023-09-22 03:00:00,1495.312,1204.228,1259.412667,1029.173
2023-09-22 04:00:00,1429.038,1169.929,1242.105666,1022.2969999999999
2023-09-22 05:00:00,1485.1154999999999,1186.6613320000001,1284.358999,1048.6970000000001
2023-09-22 06:00:00,1699.9789999999998,1346.6823330000002,1399.110333,1157.546
2023-09-22 07:00:00,2005.929833,1587.598334,1602.023001,1346.905
2023-09-22 08:00:00,2140.4263330000003,1710.293,1797.0586660000001,1546.671
2023-09-22 09:00:00,2195.141334,1726.491333,1825.345335,1612.2836670000002
2023-09-22 10:00:00,2271.611498,1761.442,1861.0330009999998,1617.1173330000001
2023-09-22 11:00:00,2276.598667,1691.558,1822.647,1655.4446669999998
2023-09-22 12:00:00,2229.795833,1759.7396670000003,1930.941667,1603.9253330000001
2023-09-22 13:00:00,2257.419668,1750.555333,2028.003667,1722.911333
2023-09-22 14:00:00,2342.231167,1824.1576670000002,2081.886332,1668.978334
2023-09-22 15:00:00,2401.0381669999997,1889.402,2105.085,1728.8560000000002
2023-09-22 16:00:00,2506.593833,2006.0623340000002,2190.447335,1825.018
2023-09-22 17:00:00,2791.580167,2163.8273339999996,2361.749667,1971.568
2023-09-22 18:00:00,2796.9584999999997,2269.6586669999997,2538.244667,2077.835001
2023-09-22 19:00:00,2882.7281669999998,2377.954668,2552.683999,2075.619666
2023-09-22 20:00:00,2878.692833,2338.094333,2522.312666,2150.377
2023-09-22 21:00:00,2757.2260000000006,2243.626334,2511.607,2042.7299999999998
2023-09-22 22:00:00,2544.0185,1997.973,2342.225,1906.666
2023-09-22 23:00:00,2331.8715,1812.379,2106.376666,1741.8456660000002
2023-09-23 00:00:00,1999.5480000000002,1600.052333,1824.2930000000001,1558.6333329999998
2023-09-23 01:00:00,1793.414,1415.4843329999999,1646.733334,1371.9070000000002
2023-09-23 02:00:00,1609.1369999999997,1303.593667,1483.509666,1225.437
2023-09-23 03:00:00,1507.3559999999998,1204.482668,1336.441333,1112.313
2023-09-23 04:00:00,1438.924333,1169.1293329999999,1242.229333,1047.3899999999999
2023-09-23 05:00:00,1463.895,1162.197666,1231.5720000000001,1038.355
2023-09-23 06:00:00,1501.4340000000002,1190.4139989999999,1266.2926670000002,1063.7559999999999
2023-09-23 07:00:00,1623.267,1261.293333,1342.6473340000002,1191.943
2023-09-23 08:00:00,1858.012,1475.939999,1580.416666,1350.4560000000001
2023-09-23 09:00:00,2114.838,1693.186667,1869.4010010000002,1570.258333
2023-09-23 10:00:00,2341.491,1896.036333,2081.392999,1719.706667
2023-09-23 11:00:00,2433.074,2037.2073329999998,2162.504333,1850.879001
2023-09-23 12:00:00,2611.9163339999996,2066.137667,2226.5873330000004,1826.6970000000001
2023-09-23 13:00:00,2570.303,2069.675,2293.976,1901.408
2023-09-23 14:00:00,2531.745,2080.3720000000003,2239.468333,1867.295
2023-09-23 15:00:00,2542.619,2110.815,2190.74,1820.2640000000001
2023-09-23 16:00:00,2595.87,2066.059001,2294.1763339999998,1824.0819999999999
2023-09-23 17:00:00,2654.6639999999998,2103.178,2305.895667,1862.2
2023-09-23 18:00:00,2713.621,2279.393667,2448.5663329999998,1962.062
2023-09-23 19:00:00,2785.0699999999997,2220.710333,2491.487335,2016.3339999999998
2023-09-23 20:00:00,2758.096,2246.052667,2443.8040010000004,2101.691333
2023-09-23 21:00:00,2655.778,2126.958,2329.135667,1996.1399999999999
2023-09-23 22:00:00,2488.1479999999997,2012.558,2188.203001,1830.3110000000001
2023-09-23 23:00:00,2297.5609999999997,1815.292333,1960.575334,1691.357
2023-09-24 00:00:00,2063.034,1605.99,1759.192666,1459.085
2023-09-24 01:00:00,1846.162,1381.621,1610.127333,1312.899
2023-09-24 02:00:00,1679.63,1269.5279999999998,1437.294666,1192.4769999999999
2023-09-24 03:00:00,1548.7959999999998,1166.107,1346.138666,1083.864
2023-09-24 04:00:00,1491.996,1162.447,1270.013666,1042.826
2023-09-24 05:00:00,1461.5946669999998,1155.741333,1254.6643330000002,1042.671
2023-09-24 06:00:00,1520.764667,1171.5503330000001,1264.494667,1054.1929999999998
2023-09-24 07:00:00,1633.237334,1215.387,1339.8506670000002,1170.317
2023-09-24 08:00:00,1932.3600000000001,1444.9740000000002,1646.462334,1389.4249999999997
2023-09-24 09:00:00,2246.433,1770.8220000000001,1936.880334,1646.525
2023-09-24 10:00:00,2553.503,1993.916,2184.815668,1824.899
2023-09-24 11:00:00,2765.147,2064.839,2324.223667,1970.1619999999998
2023-09-24 12:00:00,2899.917,2261.622,2544.818334,2097.274
2023-09-24 13:00:00,2935.036,2344.188,2558.334334,2150.483
2023-09-24 14:00:00,2892.672,2350.403666,2517.935,2087.23
2023-09-24 15:00:00,2803.7346669999997,2393.6826659999997,2432.032667,2066.715334
2023-09-24 16:00:00,2890.227333,2331.892333,2525.111,2093.7799999999997
2023-09-24 17:00:00,2960.62,2468.137,2598.047999,2190.7680010000004
2023-09-24 18:00:00,3154.3720000000003,2590.7439999999997,2650.8886669999997,2349.510333
2023-09-24 19:00:00,3210.0429999999997,2549.559668,2725.544333,2346.977332
2023-09-24 20:00:00,3124.576333,2593.410334,2700.629333,2391.6560010000003
2023-09-24 21:00:00,3013.8649990000004,2463.854999,2560.996335,2196.525001
2023-09-24 22:00:00,2856.712667,2237.571,2351.512999,2002.945
2023-09-24 23:00:00,2498.371,1943.619999,2039.2459999999999,1734.9983339999999
2023-09-25 00:00:00,2085.545,1679.255333,1817.0249990000002,1467.9879999999998
2023-09-25 01:00:00,1823.6526669999998,1418.571334,1576.989,1286.761667
2023-09-25 02:00:00,1650.941333,1272.3746660000002,1426.326667,1155.826999
2023-09-25 03:00:00,1562.6929999999998,1182.1260000000002,1324.2886669999998,1064.534665
2023-09-25 04:00:00,1473.844333,1184.8010000000002,1284.159667,1077.6763329999999
2023-09-25 05:00:00,1517.682,1216.395,1311.2596669999998,1144.387001
2023-09-25 06:00:00,1725.694667,1365.651,1481.678333,1215.108
2023-09-25 07:00:00,1949.692333,1512.507,1651.4089999999999,1401.174333
2023-09-25 08:00:00,2117.7303329999995,1660.5130000000001,1772.483333,1561.065333
2023-09-25 09:00:00,2154.652,1738.914,1815.383001,1602.412333
2023-09-25 10:00:00,2206.408667,1732.246,1851.098,1624.739334
2023-09-25 11:00:00,2221.68,1816.105,1858.612,1714.5390000000002
2023-09-25 12:00:00,2378.3999999999996,1858.304,1958.415,1752.993001
2023-09-25 13:00:00,2316.4930000000004,1890.232,2016.363334,1789.6146669999998
2023-09-25 14:00:00,2344.065,1912.7359999999999,2012.059,1752.9526660000001
2023-09-25 15:00:00,2331.199,1911.7069999999999,2068.082,1750.0003339999998
2023-09-25 16:00:00,2476.0060000000003,2005.5140000000001,2158.736667,1849.2616659999999
2023-09-25 17:00:00,2754.267,2246.279,2422.9086669999997,1975.873666
2023-09-25 18:00:00,2941.362,2327.998,2548.301668,2104.883335
2023-09-25 19:00:00,3079.407,2504.662,2655.462,2168.4986659999995
2023-09-25 20:00:00,3101.134,2503.196,2700.669667,2244.488
2023-09-25 21:00:00,2913.978,2440.886,2638.613667,2188.312
2023-09-25 22:00:00,2688.186,2160.2699999999995,2414.799667,1996.6470000000002
2023-09-25 23:00:00,2347.706,1863.801,2042.719,1715.482
2023-09-26 00:00:00,2061.844333,1589.187333,1756.357,1450.925
2023-09-26 01:00:00,1819.012667,1410.5,1517.1339990000001,1259.189
2023-09-26 02:00:00,1603.757333,1278.513,1428.042,1140.2849999999999
2023-09-26 03:00:00,1551.590667,1171.968,1313.325334,1089.7220000000002
2023-09-26 04:00:00,1503.432,1193.788,1301.185,1047.2040000000002
2023-09-26 05:00:00,1551.090333,1253.7669999999998,1357.806333,1104.019
2023-09-26 06:00:00,1791.7939999999999,1392.6680000000001,1516.380667,1221.847
2023-09-26 07:00:00,1965.281,1564.892667,1717.6019999999999,1426.1190000000001
2023-09-26 08:00:00,2173.044,1676.426332,1883.386,1637.9370000000001
2023-09-26 09:00:00,2211.451668,1757.891919,1903.836999,1649.304
2023-09-26 10:00:00,2254.353333,1731.617333,1898.329667,1581.4630000000002
2023-09-26 11:00:00,2313.8106660000003,1723.189667,1884.4016669999999,1625.454334
2023-09-26 12:00:00,2323.691333,1768.725333,1934.624668,1629.573333
2023-09-26 13:00:00,2372.393999,1835.653666,1981.2469999999998,1705.753667
2023-09-26 14:00:00,2263.9269990000003,1809.201333,1924.604999,1675.099667
2023-09-26 15:00:00,2340.213334,1796.392333,1940.9770000000003,1683.604
2023-09-26 16:00:00,2437.6350009999996,1879.213667,2024.7439990000003,1788.701
2023-09-26 17:00:00,2579.6806659999997,2066.724,2268.2396670000003,1918.5140000000001
2023-09-26 18:00:00,2756.2963339999997,2201.1090000000004,2436.6940000000004,2129.317
2023-09-26 19:00:00,3004.85,2277.714666,2526.755,2197.357
2023-09-26 20:00:00,3043.190666,2337.181666,2684.782999,2264.2250000000004
2023-09-26 21:00:00,2952.371,2294.872,2568.425999,2127.132
2023-09-26 22:00:00,2755.475333,2066.049334,2348.283,1938.074
2023-09-26 23:00:00,2379.821333,1842.8286659999999,2022.974667,1664.209
2023-09-27 00:00:00,2033.286333,1573.972334,1734.121666,1435.316
2023-09-27 01:00:00,1814.640666,1355.032333,1510.885334,1311.2749999999999
2023-09-27 02:00:00,1608.441334,1241.026,1377.3466670000003,1137.531
2023-09-27 03:00:00,1512.8576659999999,1183.445,1320.8886670000002,1074.425
2023-09-27 04:00:00,1509.1076659999999,1207.424,1274.931999,1071.045
2023-09-27 05:00:00,1605.030334,1260.412,1362.944667,1117.7
2023-09-27 06:00:00,1770.441667,1416.170333,1480.7790009999999,1191.585
2023-09-27 07:00:00,1951.02,1582.6526669999998,1676.753001,1373.271
2023-09-27 08:00:00,2132.242,1713.3126659999998,1827.3649999999998,1572.2269999999999
2023-09-27 09:00:00,2307.005,1732.7043350000001,1839.9916670000002,1652.513
2023-09-27 10:00:00,2226.665,1738.823333,1871.074667,1620.0026669999997
2023-09-27 11:00:00,2245.538667,1787.262666,1904.177666,1656.25
2023-09-27 12:00:00,2325.589334,1844.117667,1929.738332,1674.890334
2023-09-27 13:00:00,2282.151001,1773.3780000000002,1961.521333,1664.9099999999999
2023-09-27 14:00:00,2254.0876670000002,1800.333334,1979.139333,1576.776666
2023-09-27 15:00:00,2271.1596660000005,1808.191,2001.1476659999998,1636.001667
2023-09-27 16:00:00,2397.930999,1912.856666,2168.099,1736.366333
2023-09-27 17:00:00,2642.906,2061.847333,2301.727999,1918.298999
2023-09-27 18:00:00,2789.620998,2228.864333,2479.6810060000003,2021.9893390000002
2023-09-27 19:00:00,3002.010664,2328.576011,2551.935334,2191.765332
2023-09-27 20:00:00,3039.606329,2397.553334,2645.520009,2224.0386609999996
2023-09-27 21:00:00,2944.3646649999996,2337.4853319999997,2557.91,2197.038334
2023-09-27 22:00:00,2740.535001,2142.428333,2361.016666,1918.694333
2023-09-27 23:00:00,2436.987,1897.8690000000001,2054.110332,1667.721
2023-09-28 00:00:00,2047.330333,1569.329,1776.590334,1450.1019999999999
2023-09-28 01:00:00,1829.902,1384.795,1554.692334,1278.906
2023-09-28 02:00:00,1648.8460010000001,1262.3709999999999,1413.447,1160.5890000000002
2023-09-28 03:00:00,1542.7563340000002,1225.604,1364.209999,1080.4720000000002
2023-09-28 04:00:00,1540.022,1239.655,1337.130333,1059.0900000000001
2023-09-28 05:00:00,1626.192,1265.642,1383.233001,1114.6309999999999
2023-09-28 06:00:00,1824.243,1408.49,1521.877,1215.988
2023-09-28 07:00:00,2023.978333,1600.292333,1764.043333,1405.975333
2023-09-28 08:00:00,2192.8666670000002,1728.953333,1933.431332,1626.0186669999998
2023-09-28 09:00:00,2306.680332,1753.875667,1908.256667,1647.237333
2023-09-28 10:00:00,2261.730333,1732.353,1909.903334,1634.3849999999998
2023-09-28 11:00:00,2261.151667,1733.592,1889.418334,1651.2179999999998
2023-09-28 12:00:00,2339.079666,1731.568,1922.2430000000002,1619.422
2023-09-28 13:00:00,2281.4763329999996,1779.402,1871.107,1626.632
2023-09-28 14:00:00,2275.549,1705.771,1857.319667,1596.299
2023-09-28 15:00:00,2250.351001,1721.7800000000002,1883.757667,1572.420999
2023-09-28 16:00:00,2322.318999,1873.875,2086.937,1746.67
2023-09-28 17:00:00,2580.852334,2032.848,2310.399,1901.481
2023-09-28 18:00:00,2737.736333,2195.807,2483.139,2015.403
2023-09-28 19:00:00,2821.300667,2303.5359999999996,2557.243666,2060.775668
2023-09-28 20:00:00,3034.6459999999997,2381.042333,2617.0550000000003,2198.869666
2023-09-28 21:00:00,2915.241,2207.601667,2559.741334,2096.049333
2023-09-28 22:00:00,2695.053334,2084.379333,2365.589333,1926.717667
2023-09-28 23:00:00,2336.576333,1862.414667,2039.928667,1640.479667
2023-09-29 00:00:00,2061.295667,1519.536667,1748.964998,1446.48
2023-09-29 01:00:00,1789.716667,1410.56,1568.840333,1272.895
2023-09-29 02:00:00,1646.1603329999998,1300.664333,1415.6969989999998,1160.856667
2023-09-29 03:00:00,1547.911,1245.329335,1287.458668,1097.452667
2023-09-29 04:00:00,1502.5766660000002,1218.542,1281.0266649999999,1079.298333
2023-09-29 05:00:00,1568.428,1225.658,1336.547333,1129.862334
2023-09-29 06:00:00,1769.7113330000002,1418.0610000000001,1471.697666,1224.918667
2023-09-29 07:00:00,2022.372334,1607.072334,1724.7886680000001,1463.0016660000001
2023-09-29 08:00:00,2224.163,1734.964,1879.995,1600.443666
2023-09-29 09:00:00,2273.275667,1779.308666,1918.8096679999999,1663.290334
2023-09-29 10:00:00,2288.375332,1830.634,1923.407001,1664.366333
2023-09-29 11:00:00,2323.2163330000003,1824.1316659999998,1978.3559999999998,1671.607
2023-09-29 12:00:00,2383.6536659999997,1804.21,2018.307333,1665.515
2023-09-29 13:00:00,2398.904333,1926.6139990000001,2061.213666,1726.6
2023-09-29 14:00:00,2392.716667,1857.6736660000001,2078.2086660000004,1681.7740000000001
2023-09-29 15:00:00,2359.337334,1894.185333,2032.4733340000002,1683.344
2023-09-29 16:00:00,2484.622667,1950.3229999999999,2137.056001,1790.252
2023-09-29 17:00:00,2735.4183330000005,2105.741,2286.0150009999998,1933.7019999999998
2023-09-29 18:00:00,2850.996666,2162.7870000000003,2450.5353339999997,2079.6719999999996
2023-09-29 19:00:00,2961.6103329999996,2299.54,2461.6989980000003,2120.073
2023-09-29 20:00:00,2898.241333,2229.905667,2477.230666,2161.8323330000003
2023-09-29 21:00:00,2803.7830000000004,2195.6416660000004,2357.6693330000003,2014.1966670000002
2023-09-29 22:00:00,2656.758,2099.292,2237.657333,1918.386667
2023-09-29 23:00:00,2471.615001,1898.987,2042.297666,1747.947666
2023-09-30 00:00:00,2170.770334,1610.445334,1903.8690000000001,1523.0793330000001
2023-09-30 01:00:00,1932.7053329999999,1507.563333,1673.2943340000002,1363.292
2023-09-30 02:00:00,1776.178333,1365.539334,1484.8329990000002,1206.203
2023-09-30 03:00:00,1666.542,1309.4556670000002,1392.3653329999997,1150.5349999999999
2023-09-30 04:00:00,1595.374001,1261.066333,1316.5026659999999,1099.914
2023-09-30 05:00:00,1629.516,1302.299,1320.151334,1122.246
2023-09-30 06:00:00,1690.1363330000001,1378.963,1404.3656660000001,1191.376
2023-09-30 07:00:00,1875.159001,1506.478333,1577.650667,1285.966
2023-09-30 08:00:00,2195.9650009999996,1771.688667,1821.010666,1549.788
2023-09-30 09:00:00,2566.985333,1990.918334,2116.164334,1816.5279999999998
2023-09-30 10:00:00,2751.5663320000003,2118.825666,2301.710333,1915.9499999999998
2023-09-30 11:00:00,2827.6266670000005,2257.011667,2290.366,2031.275
2023-09-30 12:00:00,2812.202333,2199.733666,2462.928333,2077.3689999999997
2023-09-30 13:00:00,2773.748333,2193.869667,2375.027333,2004.645
2023-09-30 14:00:00,2666.266666,2136.9889999999996,2367.4356660000003,1924.634
2023-09-30 15:00:00,2631.8923330000002,2085.203,2287.367333,1884.618
2023-09-30 16:00:00,2664.161334,2068.698,2288.9386670000004,1827.373
2023-09-30 17:00:00,2601.957667,2097.0249999999996,2347.5636670000004,1901.427
2023-09-30 18:00:00,2695.638666,2168.154334,2401.293666,1966.307
2023-09-30 19:00:00,2690.690333,2273.94,2523.0630020000003,1956.905
2023-09-30 20:00:00,2817.5663329999998,2260.378,2501.386334,2130.516
2023-09-30 21:00:00,2774.541667,2160.923,2492.102334,2023.867667
2023-09-30 22:00:00,2666.8516659999996,2087.349,2329.9333340000003,1892.715333
2023-09-30 23:00:00,2469.1669999999995,1886.471666,2076.892667,1777.387667
2023-10-01 00:00:00,2268.856333,1698.8943330000002,1845.288666,1531.8110000000001
2023-10-01 01:00:00,1981.729666,1576.047,1615.297333,1406.744333
2023-10-01 02:00:00,1797.103,1441.080667,1477.561333,1231.857
2023-10-01 03:00:00,1703.346334,1385.0806669999997,1380.7516660000001,1149.721
2023-10-01 04:00:00,1665.616667,1360.562,1338.083333,1136.3613329999998
2023-10-01 05:00:00,1664.420334,1360.135333,1373.511,1166.9773340000002
2023-10-01 06:00:00,1755.619334,1445.1173330000001,1439.64,1213.9566670000002
2023-10-01 07:00:00,1953.540001,1533.994333,1589.0316659999999,1335.994333
2023-10-01 08:00:00,2327.3596669999997,1796.6413340000001,1911.315,1549.899
2023-10-01 09:00:00,2655.122667,2139.041,2171.503334,1866.533
2023-10-01 10:00:00,2923.9363329999996,2314.2966669999996,2440.082668,2066.657666
2023-10-01 11:00:00,2935.6093339999998,2306.264667,2530.3143339999997,2133.670333
2023-10-01 12:00:00,3042.156333,2310.102334,2464.402333,2161.83
2023-10-01 13:00:00,2986.765668,2332.362999,2503.65,2138.8540000000003
2023-10-01 14:00:00,2875.901667,2275.9179999999997,2460.0243340000006,2076.072
2023-10-01 15:00:00,2769.784666,2171.531,2390.183668,2048.513
2023-10-01 16:00:00,2687.778666,2168.902,2461.855,2113.936
2023-10-01 17:00:00,2784.058333,2341.716,2522.920999,2126.264
2023-10-01 18:00:00,2967.053,2389.658,2669.836667,2173.0916669999997
2023-10-01 19:00:00,3141.755001,2540.522,2740.049333,2241.036001
2023-10-01 20:00:00,3186.533333,2611.664,2853.5600000000004,2410.8143330000003
2023-10-01 21:00:00,3115.4083330000003,2531.0330000000004,2744.730001,2259.632667
2023-10-01 22:00:00,2852.3353340000003,2232.106,2525.710999,2083.8733340000003
2023-10-01 23:00:00,2487.839001,1925.8870000000002,2175.592,1772.272
2023-10-02 00:00:00,2192.3966659999996,1646.379,1831.837332,1479.2023339999998
2023-10-02 01:00:00,1875.006333,1418.88,1586.774333,1275.4450000000002
2023-10-02 02:00:00,1694.9083329999999,1275.9009999999998,1409.3559989999999,1210.082334
2023-10-02 03:00:00,1631.8703340000002,1234.5880000000002,1379.784667,1124.1770000000001
2023-10-02 04:00:00,1595.402666,1269.4720000000002,1337.308501,1119.244668
2023-10-02 05:00:00,1673.887,1353.587,1409.5755,1193.79
2023-10-02 06:00:00,1915.132333,1487.135,1551.909832,1287.0343329999998
2023-10-02 07:00:00,2154.249667,1751.353,1821.6349999999998,1465.607666
2023-10-02 08:00:00,2325.559666,1871.038,1980.6755,1645.076666
2023-10-02 09:00:00,2392.203667,1870.856,1982.9938339999999,1670.2900009999998
2023-10-02 10:00:00,2396.855,1871.6,1996.8955,1699.304332
2023-10-02 11:00:00,2410.915,1813.957333,2003.2236669999998,1699.034666
2023-10-02 12:00:00,2459.24,1907.843999,2092.3095,1784.223
2023-10-02 13:00:00,2522.234334,1914.435,2084.829667,1828.0846659999997
2023-10-02 14:00:00,2525.488667,1959.504,2112.0518329999995,1852.230334
2023-10-02 15:00:00,2497.463001,1988.6309999999999,2120.985333,1851.376333
2023-10-02 16:00:00,2680.634333,2087.110667,2269.7631659999997,1995.2726670000002
2023-10-02 17:00:00,2931.759,2294.486,2479.988167,2154.606666
2023-10-02 18:00:00,3170.141667,2518.781,2722.6740010000003,2315.9996659999997
2023-10-02 19:00:00,3317.803667,2664.4966670000003,2833.978,2400.534666
2023-10-02 20:00:00,3280.0899999999997,2614.425,2809.5190000000002,2399.825667
2023-10-02 21:00:00,3087.817666,2434.637,2668.1639999999998,2231.5460000000003
2023-10-02 22:00:00,2852.6450000000004,2202.93,2479.607,2001.028666
2023-10-02 23:00:00,2490.3933349999998,1963.185,2116.1395,1727.001334
2023-10-03 00:00:00,2097.140333,1704.2549999999999,1829.685333,1444.069999
2023-10-03 01:00:00,1836.0989989999998,1473.5210000000002,1608.8023329999999,1323.237333
2023-10-03 02:00:00,1676.261334,1322.031334,1408.692333,1175.522666
2023-10-03 03:00:00,1593.945667,1256.150333,1339.593335,1111.7566669999999
2023-10-03 04:00:00,1551.458333,1224.198,1335.612334,1073.0753329999998
2023-10-03 05:00:00,1601.4823330000002,1272.116,1380.6146660000002,1136.978
2023-10-03 06:00:00,1834.012667,1431.7686669999998,1575.563,1234.173666
2023-10-03 07:00:00,2046.1069999999997,1622.633667,1773.632,1453.057
2023-10-03 08:00:00,2213.733667,1747.058,1857.223999,1590.6606669999999
2023-10-03 09:00:00,2220.9470010000005,1737.9756670000002,1920.248333,1628.1370000000002
2023-10-03 10:00:00,2260.672333,1737.398,1904.986001,1627.222666
2023-10-03 11:00:00,2294.3999999999996,1761.209333,1872.078668,1704.6513340000001
2023-10-03 12:00:00,2376.2663330000005,1785.600333,1925.763335,1645.420333
2023-10-03 13:00:00,2286.584332,1813.085,1969.6106670000001,1728.632667
2023-10-03 14:00:00,2357.313999,1781.109,1942.890666,1624.859666
2023-10-03 15:00:00,2321.335334,1846.895,1948.652,1628.383666
2023-10-03 16:00:00,2410.2233340000002,1947.013,2016.170333,1710.877334
2023-10-03 17:00:00,2570.3863330000004,2097.6986660000002,2221.3143339999997,1876.918334
2023-10-03 18:00:00,2752.1833340000003,2228.554,2491.88,2037.684334
2023-10-03 19:00:00,2889.803,2323.469,2558.045,2147.7163330000003
2023-10-03 20:00:00,3020.3166659999997,2434.2129999999997,2685.233999,2275.804333
2023-10-03 21:00:00,2918.132333,2339.24,2658.159332,2183.644667
2023-10-03 22:00:00,2745.1403330000003,2122.441,2468.967999,2002.018
2023-10-03 23:00:00,2433.2316659999997,1860.248,2117.924667,1684.680333
2023-10-04 00:00:00,2061.7039999999997,1626.599,1763.007333,1475.449
2023-10-04 01:00:00,1788.347999,1466.194,1526.525,1308.367667
2023-10-04 02:00:00,1667.661,1343.575,1395.746,1206.449334
2023-10-04 03:00:00,1604.2630000000001,1280.627,1348.7256670000002,1132.1946670000002
2023-10-04 04:00:00,1578.216667,1302.088,1334.808333,1125.521334
2023-10-04 05:00:00,1660.701334,1339.504,1399.365667,1126.727
2023-10-04 06:00:00,1797.8106659999999,1492.005,1597.225334,1241.750666
2023-10-04 07:00:00,1994.565333,1642.277,1753.346667,1406.605333
2023-10-04 08:00:00,2292.7236669999998,1766.7040000000002,1883.706999,1619.616334
2023-10-04 09:00:00,2391.216,1836.2269999999999,1972.7690010000001,1734.345667
2023-10-04 10:00:00,2366.636,1854.459666,1988.739333,1686.3816660000002
2023-10-04 11:00:00,2339.315334,1889.606,1953.094667,1667.857333
2023-10-04 12:00:00,2395.292001,1879.730334,1990.226999,1713.360333
2023-10-04 13:00:00,2382.9260010000003,1933.705,2021.439667,1742.996333
2023-10-04 14:00:00,2372.525667,1923.9650000000001,2035.633332,1736.733
2023-10-04 15:00:00,2319.535333,1852.890334,1997.0159989999997,1701.696999
2023-10-04 16:00:00,2401.710999,1861.437666,2007.689667,1721.556001
2023-10-04 17:00:00,2614.003667,2000.9686659999998,2219.9346659999997,1875.228332
2023-10-04 18:00:00,2735.9869989999997,2189.987,2370.192,2077.841334
2023-10-04 19:00:00,2987.3473329999997,2341.224,2577.0516660000003,2088.027333
2023-10-04 20:00:00,3099.278,2375.527,2679.0153339999997,2216.135667
2023-10-04 21:00:00,2970.777999,2384.248,2590.3963329999997,2107.4026670000003
2023-10-04 22:00:00,2818.806001,2212.732,2401.1113320000004,1956.959334
2023-10-04 23:00:00,2456.096334,1938.692,2125.6620000000003,1745.339333
2023-10-05 00:00:00,2076.540999,1656.274333,1852.105,1489.5169999999998
2023-10-05 01:00:00,1877.991334,1467.3346660000002,1604.112667,1278.986
2023-10-05 02:00:00,1711.941334,1404.5549999999998,1449.5829999999999,1162.7906670000002
2023-10-05 03:00:00,1647.8643339999999,1327.852667,1398.556,1100.421667
2023-10-05 04:00:00,1622.932,1307.5790000000002,1370.578,1082.4173329999999
2023-10-05 05:00:00,1669.4160000000002,1327.559667,1441.340668,1163.633
2023-10-05 06:00:00,1883.607334,1493.874,1553.0673339999998,1282.983334
2023-10-05 07:00:00,2134.904999,1708.843334,1736.717333,1466.043333
2023-10-05 08:00:00,2353.7373340000004,1843.767667,1918.5053320000002,1622.3886659999998
2023-10-05 09:00:00,2366.3659989999996,1872.126667,1958.767667,1658.902999
2023-10-05 10:00:00,2320.201333,1816.752,2003.214666,1668.209
2023-10-05 11:00:00,2311.2036669999998,1823.258,1936.129667,1645.1203340000002
2023-10-05 12:00:00,2265.4056659999997,1791.0593330000002,1922.7319989999999,1596.565666
2023-10-05 13:00:00,2285.989667,1817.6,1907.784334,1660.447334
2023-10-05 14:00:00,2227.369667,1828.797,1975.025666,1646.549333
2023-10-05 15:00:00,2299.788668,1804.002,2009.4900010000001,1578.257334
2023-10-05 16:00:00,2458.818666,1900.78,2096.923002,1669.673001
2023-10-05 17:00:00,2771.928667,2113.37,2289.157003,1825.482667
2023-10-05 18:00:00,2914.871333,2287.485,2420.0799989999996,1986.797001
2023-10-05 19:00:00,2982.563667,2463.34,2615.817998,2119.257667
2023-10-05 20:00:00,3066.639333,2512.254,2708.8463309999997,2206.3679989999996
2023-10-05 21:00:00,2917.620333,2436.919,2649.629001,2103.118
2023-10-05 22:00:00,2736.719001,2225.142667,2465.092667,1969.783333
2023-10-05 23:00:00,2391.834333,1916.9883340000001,2098.382334,1732.1749989999998
2023-10-06 00:00:00,2145.8140000000003,1621.629333,1835.571667,1477.4969999999998
2023-10-06 01:00:00,1879.318667,1439.149,1584.9930000000002,1286.6329999999998
2023-10-06 02:00:00,1669.137666,1323.562,1403.7133330000001,1172.285333
2023-10-06 03:00:00,1540.554,1234.52,1327.313334,1063.6149999999998
2023-10-06 04:00:00,1505.4273329999999,1191.587,1256.794333,1037.160333
2023-10-06 05:00:00,1528.2946670000001,1229.3450000000003,1290.772,1077.37
2023-10-06 06:00:00,1720.985332,1358.378333,1426.181333,1201.654667
2023-10-06 07:00:00,1877.6456670000002,1555.404667,1654.8253339999999,1296.5243340000002
2023-10-06 08:00:00,1984.896667,1698.557999,1746.844333,1427.356334
2023-10-06 09:00:00,2145.652,1698.751667,1800.877002,1513.966666
2023-10-06 10:00:00,2213.659332,1777.752667,1848.9726679999999,1564.9676670000001
2023-10-06 11:00:00,2379.6763330000003,1850.153333,1871.800001,1639.570333
2023-10-06 12:00:00,2503.808666,1876.375,2059.626999,1676.394
2023-10-06 13:00:00,2565.800999,1985.469,2115.467334,1834.2276660000002
2023-10-06 14:00:00,2596.8536670000003,1989.422,2171.086332,1906.596334
2023-10-06 15:00:00,2659.037334,2164.428,2301.207667,1947.509001
2023-10-06 16:00:00,2826.764667,2354.0480000000002,2429.7238340000004,2010.7073329999998
2023-10-06 17:00:00,2975.169333,2484.819,2654.402334,2114.348667
2023-10-06 18:00:00,3089.6763330000003,2554.633667,2747.663001,2230.632667
2023-10-06 19:00:00,3140.286333,2578.196,2729.5911659999997,2234.104668
2023-10-06 20:00:00,3084.053333,2615.278667,2707.142833,2272.287001
2023-10-06 21:00:00,2989.1459999999997,2531.010333,2600.956833,2144.499667
2023-10-06 22:00:00,2766.175,2290.299,2423.017,2037.520333
2023-10-06 23:00:00,2586.1120010000004,2060.8109999999997,2223.7511659999996,1879.570667
2023-10-07 00:00:00,2303.0623339999997,1871.652666,2027.8729999999998,1684.475334
2023-10-07 01:00:00,2017.738333,1614.779,1735.5628339999998,1467.606
2023-10-07 02:00:00,1797.393333,1472.275,1547.855833,1311.6090000000002
2023-10-07 03:00:00,1636.0549999999998,1356.3733339999999,1419.384,1197.3836669999998
2023-10-07 04:00:00,1562.496001,1273.9066669999997,1344.9643330000001,1112.5803340000002
2023-10-07 05:00:00,1513.171,1248.050001,1288.358667,1100.300667
2023-10-07 06:00:00,1539.3433330000003,1248.505,1334.3359999999998,1134.326333
2023-10-07 07:00:00,1658.248001,1308.8666680000001,1446.693001,1178.776666
2023-10-07 08:00:00,1887.074001,1532.305334,1659.503333,1323.5106660000001
2023-10-07 09:00:00,2247.0573329999997,1788.6386670000002,1898.3326670000001,1572.162667
2023-10-07 10:00:00,2473.4053320000003,2031.491333,2158.150666,1786.3183330000002
2023-10-07 11:00:00,2642.340667,2111.408333,2343.08,1881.914333
2023-10-07 12:00:00,2760.6876660000003,2279.465333,2467.889501,1962.567334
2023-10-07 13:00:00,2912.1186660000003,2422.429,2602.8515,2077.728334
2023-10-07 14:00:00,3020.689332,2621.174,2626.963166,2170.667333
2023-10-07 15:00:00,3032.8050000000003,2727.0420000000004,2760.2163330000003,2227.185001
2023-10-07 16:00:00,3259.4613339999996,2877.6980000000003,2806.210667,2343.3203329999997
2023-10-07 17:00:00,3306.574667,2946.057,2937.031667,2405.3950000000004
2023-10-07 18:00:00,3288.737666,2912.199,2971.186833,2455.8043340000004
2023-10-07 19:00:00,3312.891333,2815.9049999999997,2946.5226679999996,2453.5969999999998
2023-10-07 20:00:00,3257.0463330000002,2744.5389999999998,2927.7243339999995,2419.790668
2023-10-07 21:00:00,3077.356667,2574.705,2698.0245,2340.524
2023-10-07 22:00:00,2852.446999,2331.14,2532.463167,2087.7079999999996
2023-10-07 23:00:00,2603.755666,2101.095,2288.6605010000003,1942.957001
2023-10-08 00:00:00,2337.803,1842.333,2001.167833,1694.947667
2023-10-08 01:00:00,2037.232333,1588.213333,1765.1064999999999,1519.9143330000002
2023-10-08 02:00:00,1807.435,1403.751334,1551.655167,1322.464333
2023-10-08 03:00:00,1676.0693339999998,1311.933001,1422.848833,1187.790667
2023-10-08 04:00:00,1537.852667,1261.800334,1304.584499,1100.529
2023-10-08 05:00:00,1476.014334,1206.037,1266.7659979999999,1084.378666
2023-10-08 06:00:00,1494.5843340000001,1214.516,1282.771999,1096.912
2023-10-08 07:00:00,1603.898001,1254.333667,1361.6833339999998,1147.987
2023-10-08 08:00:00,1891.951667,1448.134667,1573.018666,1300.083
2023-10-08 09:00:00,2146.459667,1763.650666,1870.151667,1585.943
2023-10-08 10:00:00,2464.866,2067.9339999999997,2117.1043339999997,1810.2830000000001
2023-10-08 11:00:00,2644.3483340000002,2128.806666,2328.8750010000003,1956.5190000000002
2023-10-08 12:00:00,2748.057333,2259.349,2464.276334,1954.4180000000001
2023-10-08 13:00:00,2787.544668,2323.126,2502.655334,2038.84
2023-10-08 14:00:00,2898.0856670000003,2458.087,2512.239333,2084.935
2023-10-08 15:00:00,2958.011666,2539.474,2598.749,2182.948
2023-10-08 16:00:00,3064.206666,2664.41,2693.870666,2274.218
2023-10-08 17:00:00,3210.3023329999996,2828.736,2843.094,2391.9269999999997
2023-10-08 18:00:00,3327.6530000000002,2847.1890000000003,2940.9483339999997,2491.077
2023-10-08 19:00:00,3340.382001,2845.27,3068.733,2427.7819999999997
2023-10-08 20:00:00,3369.5473329999995,2892.644,2899.879,2527.036
2023-10-08 21:00:00,3172.621,2598.734,2776.483334,2296.465
2023-10-08 22:00:00,2888.479001,2330.045333,2449.966999,2081.998
2023-10-08 23:00:00,2557.007667,1995.3553339999999,2185.9339999999997,1818.978
2023-10-09 00:00:00,2147.724333,1699.371333,1848.5168330000001,1547.99
2023-10-09 01:00:00,1863.5299989999999,1450.593667,1587.974,1369.853
2023-10-09 02:00:00,1628.862666,1318.3216670000002,1428.3635,1225.1399999999999
2023-10-09 03:00:00,1536.7813340000002,1223.500333,1319.63,1109.598
2023-10-09 04:00:00,1472.4266660000003,1214.745,1299.7890000000002,1064.5610000000001
2023-10-09 05:00:00,1514.331333,1237.7043330000001,1325.8760000000002,1085.195
2023-10-09 06:00:00,1680.0246670000001,1369.658,1418.848,1197.333
2023-10-09 07:00:00,1872.288333,1529.724667,1600.3685,1350.297
2023-10-09 08:00:00,1974.1293329999999,1652.878,1764.101,1497.455
2023-10-09 09:00:00,2093.376667,1685.405333,1728.262,1502.141
2023-10-09 10:00:00,2160.072,1777.247,1818.769166,1549.716
2023-10-09 11:00:00,2217.9480000000003,1797.0446670000001,1845.294167,1591.42
2023-10-09 12:00:00,2254.434666,1831.654,1886.0459999999998,1651.978
2023-10-09 13:00:00,2352.195334,1890.678,2037.6685,1730.828
2023-10-09 14:00:00,2308.831667,1884.746,2054.578833,1702.917
2023-10-09 15:00:00,2255.0710010000003,1913.388,2048.0600000000004,1675.3609999999999
2023-10-09 16:00:00,2413.148333,2049.586,2162.4531669999997,1811.196
2023-10-09 17:00:00,2758.289,2232.0780000000004,2313.532833,1970.682
2023-10-09 18:00:00,2936.5186670000003,2330.244,2575.043167,2029.005
2023-10-09 19:00:00,3140.3556670000003,2481.041,2669.3761670000004,2177.233
2023-10-09 20:00:00,3106.3379999999997,2486.4049999999997,2619.715833,2207.471
2023-10-09 21:00:00,2928.003333,2385.9080000000004,2590.724333,2112.873333
2023-10-09 22:00:00,2743.6549999999997,2150.3779999999997,2402.352833,1893.596
2023-10-09 23:00:00,2413.4610009999997,1891.953,2066.2799999999997,1643.935
2023-10-10 00:00:00,2046.352667,1609.07,1715.4086670000002,1481.578
2023-10-10 01:00:00,1815.409667,1373.342,1495.669333,1287.03
2023-10-10 02:00:00,1698.562667,1289.7289999999998,1377.894,1151.0790000000002
2023-10-10 03:00:00,1591.821,1219.164,1257.759,1088.441
2023-10-10 04:00:00,1526.425333,1193.648333,1272.425,1089.479667
2023-10-10 05:00:00,1565.614,1233.4996660000002,1337.737333,1116.764334
2023-10-10 06:00:00,1759.220334,1397.128,1488.271667,1210.603
2023-10-10 07:00:00,1999.548667,1565.892,1685.854333,1407.0210000000002
2023-10-10 08:00:00,2135.725333,1734.544334,1835.353,1563.912
2023-10-10 09:00:00,2246.385334,1790.4436660000001,1900.529333,1628.6689999999999
2023-10-10 10:00:00,2265.884,1831.865667,1953.5330010000002,1605.9650000000001
2023-10-10 11:00:00,2296.023,1803.71,1975.0173340000001,1652.417
2023-10-10 12:00:00,2261.214667,1822.686334,2064.1763339999998,1691.899
2023-10-10 13:00:00,2407.482999,1817.321999,2035.6113340000002,1708.403
2023-10-10 14:00:00,2318.417332,1801.8916680000002,2014.220666,1686.793667
2023-10-10 15:00:00,2297.614334,1839.6689999999999,2024.503,1706.2770010000002
2023-10-10 16:00:00,2457.1533339999996,1933.576,2117.5656660000004,1792.805666
2023-10-10 17:00:00,2733.964667,2133.3230000000003,2324.02,1969.7350000000001
2023-10-10 18:00:00,2962.063334,2368.8476670000005,2518.387667,2160.469
2023-10-10 19:00:00,3158.306666,2516.0993340000005,2743.741333,2291.289
2023-10-10 20:00:00,3182.294666,2522.117666,2676.003332,2378.6166670000002
2023-10-10 21:00:00,3100.3383329999997,2421.420333,2567.923332,2211.1099999999997
2023-10-10 22:00:00,2905.620333,2170.598667,2368.171999,1991.821
2023-10-10 23:00:00,2490.1146660000004,1931.783667,2113.661,1777.169
2023-10-11 00:00:00,2164.8849999999998,1640.967667,1770.071999,1541.1583329999999
2023-10-11 01:00:00,1940.6076659999999,1470.8039999999999,1555.396,1335.216
2023-10-11 02:00:00,1734.792,1367.699,1444.024001,1238.3306669999997
2023-10-11 03:00:00,1651.0986659999999,1306.4650000000001,1352.593,1151.100332
2023-10-11 04:00:00,1616.652666,1281.428,1328.557666,1138.804666
2023-10-11 05:00:00,1719.706334,1333.7830000000001,1376.592667,1168.240667
2023-10-11 06:00:00,1872.8506659999998,1482.33,1549.884333,1284.3680000000002
2023-10-11 07:00:00,2149.248,1656.272,1765.531667,1459.3366660000002
2023-10-11 08:00:00,2319.729667,1850.56,1931.821667,1666.2359999999999
2023-10-11 09:00:00,2485.996999,1921.724,1954.0653340000001,1775.3336669999999
2023-10-11 10:00:00,2431.791999,1870.763,2013.334667,1821.866667
2023-10-11 11:00:00,2411.884668,1935.628,2021.1146660000002,1781.704333
2023-10-11 12:00:00,2484.410334,1957.094,2144.507666,1740.857
2023-10-11 13:00:00,2483.662001,1961.403,2212.816667,1727.6399999999999
2023-10-11 14:00:00,2423.298667,1927.6680000000001,2134.9823319999996,1651.663
2023-10-11 15:00:00,2398.264666,1843.002334,2027.8529990000002,1683.753
2023-10-11 16:00:00,2539.319332,1973.123666,2175.693332,1797.203
2023-10-11 17:00:00,2823.309667,2225.8473329999997,2408.423666,1902.140667
2023-10-11 18:00:00,2972.7039990000003,2379.269667,2592.196334,2005.482
2023-10-11 19:00:00,3074.5913330000003,2506.0,2734.034333,2163.1733329999997
2023-10-11 20:00:00,3163.237333,2561.8326669999997,2775.9026670000003,2328.211
2023-10-11 21:00:00,3040.473666,2388.199,2671.2306660000004,2158.332
2023-10-11 22:00:00,2804.482001,2195.176,2430.797666,2002.124
2023-10-11 23:00:00,2444.594334,1903.143,2093.416666,1728.091
2023-10-12 00:00:00,2178.2873329999998,1642.5320000000002,1800.3596670000002,1497.058
2023-10-12 01:00:00,1905.273667,1458.207,1584.3175,1317.902
2023-10-12 02:00:00,1673.9193340000002,1311.842667,1469.7351669999998,1179.8086669999998
2023-10-12 03:00:00,1616.3406670000002,1262.188999,1421.929833,1120.856333
2023-10-12 04:00:00,1618.241333,1256.159333,1377.401333,1114.35
2023-10-12 05:00:00,1671.641,1298.755,1439.6765,1172.6809999999998
2023-10-12 06:00:00,1860.595,1489.6109999999999,1574.4953329999998,1284.1
2023-10-12 07:00:00,2119.286333,1703.1529999999998,1748.1084999999998,1482.71
2023-10-12 08:00:00,2293.720667,1807.733,1909.2959999999998,1629.827
2023-10-12 09:00:00,2250.486332,1803.737,1958.1910000000003,1679.819
2023-10-12 10:00:00,2267.188333,1795.346,1976.8975,1609.484
2023-10-12 11:00:00,2279.012667,1790.147,1888.6655,1609.129
2023-10-12 12:00:00,2306.523666,1811.7910000000002,1974.769499,1592.283
2023-10-12 13:00:00,2248.155333,1832.7759999999998,1959.937834,1661.786
2023-10-12 14:00:00,2224.457,1796.746,1928.876834,1632.8799999999999
2023-10-12 15:00:00,2210.590668,1781.1293329999999,1949.062668,1576.5349999999999
2023-10-12 16:00:00,2364.903666,1834.6080000000002,2014.440001,1683.835
2023-10-12 17:00:00,2498.834667,1969.511,2159.246334,1795.364
2023-10-12 18:00:00,2735.528333,2132.031334,2409.371666,1917.3670000000002
2023-10-12 19:00:00,2900.6296669999997,2336.380666,2550.3669999999997,2031.4330000000002
2023-10-12 20:00:00,2991.721,2310.113667,2567.009,2218.1716669999996
2023-10-12 21:00:00,2943.7239999999997,2276.4,2403.395332,2068.447
2023-10-12 22:00:00,2640.213667,2096.0550000000003,2255.058667,1910.1019999999999
2023-10-12 23:00:00,2385.782,1849.5153340000002,1988.226834,1684.929
2023-10-13 00:00:00,2046.1870000000004,1616.622666,1782.805332,1452.527
2023-10-13 01:00:00,1828.662666,1430.7316660000001,1578.189833,1318.926
2023-10-13 02:00:00,1677.3183330000002,1294.774,1404.8705009999999,1172.4750000000001
2023-10-13 03:00:00,1615.9270000000001,1237.195,1316.801,1089.956667
2023-10-13 04:00:00,1573.3476660000001,1225.498666,1288.782334,1061.122999
2023-10-13 05:00:00,1578.449,1257.062001,1289.532333,1096.999667
2023-10-13 06:00:00,1763.215666,1391.4513339999999,1482.8005,1180.712
2023-10-13 07:00:00,1880.519001,1518.295334,1634.9615,1362.953
2023-10-13 08:00:00,2065.929666,1656.844334,1771.6571669999998,1502.9279999999999
2023-10-13 09:00:00,2236.615667,1777.0696670000002,1941.726333,1635.8780000000002
2023-10-13 10:00:00,2348.1503319999997,1813.224667,2012.8780000000002,1680.1549999999997
2023-10-13 11:00:00,2435.0353330000003,1906.0516670000002,2033.363667,1779.071
2023-10-13 12:00:00,2463.231666,1925.192667,2132.4415,1767.6836669999998
2023-10-13 13:00:00,2483.2209999999995,1906.292668,2182.115167,1714.686333
2023-10-13 14:00:00,2393.099667,1890.558001,2130.313333,1692.771667
2023-10-13 15:00:00,2433.264667,1882.6403329999998,2089.0334999999995,1751.531
2023-10-13 16:00:00,2491.1436670000003,1862.551334,2133.543667,1784.228001
2023-10-13 17:00:00,2643.7543330000003,2011.523999,2316.328333,1858.983667
2023-10-13 18:00:00,2761.596333,2254.218,2446.167167,2056.7993340000003
2023-10-13 19:00:00,2922.188333,2284.774,2487.9891669999997,2085.910334
2023-10-13 20:00:00,2962.782333,2259.685,2444.769333,2045.241
2023-10-13 21:00:00,2779.209,2196.36,2350.428833,1963.061334
2023-10-13 22:00:00,2603.932,1995.1680000000001,2218.7929999999997,1828.685333
2023-10-13 23:00:00,2397.118001,1828.857,1984.7035,1705.1139990000001
2023-10-14 00:00:00,2193.309334,1649.567333,1783.33,1478.935
2023-10-14 01:00:00,1949.206333,1457.54,1633.672,1340.485333
2023-10-14 02:00:00,1745.239333,1320.065,1433.5785,1214.927333
2023-10-14 03:00:00,1658.976,1237.903667,1357.5545,1152.475333
2023-10-14 04:00:00,1598.765001,1190.5529999999999,1300.688333,1094.721
2023-10-14 05:00:00,1538.334,1184.06,1283.1889999999999,1097.809
2023-10-14 06:00:00,1642.237333,1237.643,1357.633,1128.824666
2023-10-14 07:00:00,1752.694001,1345.2069999999999,1459.9745,1243.5173340000001
2023-10-14 08:00:00,1992.621001,1552.937,1657.3873330000001,1409.342
2023-10-14 09:00:00,2300.0483329999997,1847.047,1984.1444999999999,1687.393667
2023-10-14 10:00:00,2550.272332,2032.4650000000001,2236.4396669999996,1831.903666
2023-10-14 11:00:00,2753.115667,2203.034,2353.701667,1848.3993329999998
2023-10-14 12:00:00,2785.843333,2194.013,2382.215833,1920.9986669999998
2023-10-14 13:00:00,2847.1893330000003,2191.6319999999996,2352.306167,1933.279667
2023-10-14 14:00:00,2769.515666,2180.327,2332.155,1927.087333
2023-10-14 15:00:00,2722.163333,2183.85,2256.3685,1872.467667
2023-10-14 16:00:00,2739.3893339999995,2181.5919999999996,2320.4685,1943.6583329999999
2023-10-14 17:00:00,2796.813667,2204.002334,2430.8055,2030.315
2023-10-14 18:00:00,2912.555666,2311.4333330000004,2408.174,2079.9613329999997
2023-10-14 19:00:00,2921.777999,2352.444,2540.431334,2068.717
2023-10-14 20:00:00,2977.885666,2379.549,2468.355833,2058.116333
2023-10-14 21:00:00,2824.2246669999995,2245.801,2324.005,2023.528333
2023-10-14 22:00:00,2669.268666,2081.588,2231.856,1916.206333
2023-10-14 23:00:00,2529.745,1949.732334,2056.14,1724.012
2023-10-15 00:00:00,2186.609333,1676.271999,1846.9135,1528.238
2023-10-15 01:00:00,1935.491666,1501.582668,1637.7675,1392.755
2023-10-15 02:00:00,1757.017,1377.8353339999999,1465.234,1249.9740000000002
2023-10-15 03:00:00,1616.307334,1264.903,1361.63,1123.324
2023-10-15 04:00:00,1572.191667,1199.7780010000001,1288.75,1121.773999
2023-10-15 05:00:00,1547.371334,1212.822001,1279.189,1113.3333329999998
2023-10-15 06:00:00,1606.496334,1259.151666,1353.435166,1153.521
2023-10-15 07:00:00,1717.631001,1363.646667,1411.097668,1202.367333
2023-10-15 08:00:00,2037.359667,1575.369,1651.028501,1397.4556670000002
2023-10-15 09:00:00,2345.155667,1906.899,1941.9818329999998,1712.021
2023-10-15 10:00:00,2624.091,2110.023001,2201.520834,1906.686
2023-10-15 11:00:00,2824.0366679999997,2239.566667,2480.188,2061.695
2023-10-15 12:00:00,2943.416668,2336.029,2569.0676670000003,2110.8630000000003
2023-10-15 13:00:00,2907.7723349999997,2346.232667,2499.8193330000004,2077.249
2023-10-15 14:00:00,2805.168667,2294.506333,2459.449,2070.3360000000002
2023-10-15 15:00:00,2720.335666,2214.004,2331.2760000000003,2072.761
2023-10-15 16:00:00,2796.9016659999998,2252.852333,2392.3215,2044.7646670000001
2023-10-15 17:00:00,2857.308333,2303.010666,2479.0820000000003,2051.704333
2023-10-15 18:00:00,2970.23,2367.8810000000003,2674.8265,2157.240667
2023-10-15 19:00:00,3168.248001,2560.571334,2779.2735,2295.8509999999997
2023-10-15 20:00:00,3214.925333,2576.425334,2789.0950000000003,2406.9910000000004
2023-10-15 21:00:00,3034.2533329999997,2391.5950000000003,2674.425,2149.493
2023-10-15 22:00:00,2794.819334,2187.532334,2448.1530000000002,1982.745
2023-10-15 23:00:00,2464.512667,1972.503334,2099.721,1782.7559999999999
2023-10-16 00:00:00,2126.068,1659.63,1775.1825,1494.214
2023-10-16 01:00:00,1884.4633330000001,1411.222667,1546.718667,1295.759333
2023-10-16 02:00:00,1696.1403329999998,1275.682667,1387.8008340000001,1160.838667
2023-10-16 03:00:00,1590.167334,1174.021,1297.732665,1090.296667
2023-10-16 04:00:00,1518.4806660000002,1172.498,1256.4379999999999,1073.982332
2023-10-16 05:00:00,1544.478,1205.7910000000002,1304.768001,1090.877332
2023-10-16 06:00:00,1811.792,1390.625,1458.973667,1256.4890030000001
2023-10-16 07:00:00,1996.893666,1601.4540000000002,1688.889501,1404.4786669999999
2023-10-16 08:00:00,2160.3236669999997,1734.314667,1801.912334,1567.346664
2023-10-16 09:00:00,2219.3456669999996,1728.625667,1854.541,1644.097332
2023-10-16 10:00:00,2235.749,1802.840333,1935.6174999999998,1657.9140000000002
2023-10-16 11:00:00,2326.265333,1823.4720000000002,1942.185833,1762.7049989999998
2023-10-16 12:00:00,2382.126,1837.858,1959.054,1796.556999
2023-10-16 13:00:00,2428.913001,1947.9399999999998,2082.396167,1807.811667
2023-10-16 14:00:00,2438.798667,1889.4650000000001,2053.2665,1758.28
2023-10-16 15:00:00,2399.636001,1950.7893329999997,2044.5230000000001,1733.257333
2023-10-16 16:00:00,2458.706333,2008.848,2172.705167,1845.9740000000002
2023-10-16 17:00:00,2803.56,2202.49,2425.9368329999998,2016.454
2023-10-16 18:00:00,3031.806667,2405.069,2619.4405,2184.231
2023-10-16 19:00:00,3145.5766670000003,2483.9669999999996,2701.3125,2297.987999
2023-10-16 20:00:00,3117.4970000000003,2471.834,2690.6144999999997,2354.193667
2023-10-16 21:00:00,3080.046666,2391.6256670000002,2601.2749999999996,2217.4696670000003
2023-10-16 22:00:00,2800.122,2130.386,2326.5235,1992.2730000000001
2023-10-16 23:00:00,2495.061001,1883.95,2031.669,1674.926
2023-10-17 00:00:00,2160.272667,1614.3149990000002,1787.721,1463.105
2023-10-17 01:00:00,1869.95,1400.6516649999999,1570.8293330000001,1307.1770000000001
2023-10-17 02:00:00,1710.878,1306.636333,1388.9099999999999,1188.891
2023-10-17 03:00:00,1651.5741659999999,1293.7,1323.625833,1119.487
2023-10-17 04:00:00,1629.510334,1293.882,1298.520667,1128.315667
2023-10-17 05:00:00,1707.114333,1349.168333,1431.0025,1194.639334
2023-10-17 06:00:00,1902.944,1504.1363330000001,1575.704835,1336.257333
2023-10-17 07:00:00,2163.0365,1701.3976670000002,1838.54,1562.249667
2023-10-17 08:00:00,2367.96,1883.413333,1976.944,1745.821667
2023-10-17 09:00:00,2453.4161670000003,1909.836333,1962.0810000000001,1791.309
2023-10-17 10:00:00,2382.8806670000004,1855.3256669999998,1946.174667,1724.3906670000001
2023-10-17 11:00:00,2366.608,1851.061667,1967.687167,1698.777
2023-10-17 12:00:00,2398.920333,1856.166667,2010.4845,1657.077
2023-10-17 13:00:00,2325.527333,1845.511666,2033.5338340000003,1687.434
2023-10-17 14:00:00,2282.101667,1796.656,2055.6501670000002,1725.69
2023-10-17 15:00:00,2257.751,1800.894,2021.9775,1662.5210000000002
2023-10-17 16:00:00,2412.7780000000002,1843.616667,2014.724667,1725.2379999999998
2023-10-17 17:00:00,2673.3605000000002,2034.686333,2190.4478339999996,1872.888667
2023-10-17 18:00:00,2885.907,2259.777667,2529.4056659999997,2038.311333
2023-10-17 19:00:00,3133.3145,2493.073,2739.348333,2224.1099999999997
2023-10-17 20:00:00,3079.129,2411.724,2755.991333,2321.9629999999997
2023-10-17 21:00:00,2984.0265,2319.483667,2614.368,2212.649
2023-10-17 22:00:00,2758.4345,2117.679,2366.0885,1942.373
2023-10-17 23:00:00,2442.7165,1945.111,2046.9134999999999,1769.019
2023-10-18 00:00:00,2118.7215,1682.329,1740.596,1548.326
2023-10-18 01:00:00,1858.5265,1445.8566669999998,1523.7481669999997,1346.5100000000002
2023-10-18 02:00:00,1722.2605,1341.404666,1425.430833,1220.855
2023-10-18 03:00:00,1639.769,1333.1480000000001,1380.9241670000001,1142.7269999999999
2023-10-18 04:00:00,1636.9940000000001,1322.903667,1394.723,1128.4830000000002
2023-10-18 05:00:00,1766.7655,1378.793667,1471.3615,1176.3380000000002
2023-10-18 06:00:00,2005.8045,1562.829333,1679.424,1346.623
2023-10-18 07:00:00,2230.2309999999998,1779.757,1929.125,1582.7730000000001
2023-10-18 08:00:00,2487.9310000000005,2031.7759999999998,2072.1515,1709.379
2023-10-18 09:00:00,2618.5299999999997,2095.872666,2153.004,1860.592
2023-10-18 10:00:00,2636.5705,2001.298665,2105.8568330000003,1814.604
2023-10-18 11:00:00,2497.617,1898.883668,1977.082001,1822.9593329999998
2023-10-18 12:00:00,2493.378,1858.3290000000002,1998.1994990000003,1700.048334
2023-10-18 13:00:00,2421.6765,1908.257999,2039.778,1666.219
2023-10-18 14:00:00,2312.729,1833.7530000000002,2017.0775,1661.357
2023-10-18 15:00:00,2307.0545,1791.216,1997.634,1641.114667
2023-10-18 16:00:00,2392.5389999999998,1867.288666,2103.5145,1722.8853330000002
2023-10-18 17:00:00,2668.111,2066.5083329999998,2275.8815,1872.069667
2023-10-18 18:00:00,2816.525,2262.498001,2477.0005,1953.6580000000004
2023-10-18 19:00:00,3027.0085,2438.848333,2624.739,2176.84
2023-10-18 20:00:00,3153.7915000000003,2486.605001,2716.178,2254.0190000000002
2023-10-18 21:00:00,3021.5955000000004,2347.1809999999996,2642.4285,2118.127334
2023-10-18 22:00:00,2764.1075,2151.377666,2408.8385,1960.418668
2023-10-18 23:00:00,2492.7695000000003,1872.004,2092.052167,1735.172
2023-10-19 00:00:00,2165.0275,1621.382333,1849.3400000000001,1519.552
2023-10-19 01:00:00,1908.6485000000002,1462.129,1595.9905,1361.210667
2023-10-19 02:00:00,1776.3084999999999,1365.913333,1487.505667,1218.091666
2023-10-19 03:00:00,1727.6545,1311.779333,1381.260666,1148.8600000000001
2023-10-19 04:00:00,1662.2075,1347.425667,1378.577333,1150.914
2023-10-19 05:00:00,1766.8805,1413.932,1483.3110000000001,1203.559
2023-10-19 06:00:00,2034.3235,1609.289667,1711.0349999999999,1367.819
2023-10-19 07:00:00,2303.176,1838.22,1947.618,1595.144
2023-10-19 08:00:00,2439.093,1965.772,2029.312,1729.987
2023-10-19 09:00:00,2561.61,1943.730667,2089.286,1794.807
2023-10-19 10:00:00,2509.7304999999997,2003.099,2093.185,1796.581
2023-10-19 11:00:00,2561.151999,1990.176,2066.64,1765.6190000000001
2023-10-19 12:00:00,2566.0395,1965.635334,2085.666,1774.645
2023-10-19 13:00:00,2450.51,1898.699333,2070.2560000000003,1791.237
2023-10-19 14:00:00,2314.2415,1834.0339999999999,1985.454,1730.141
2023-10-19 15:00:00,2275.857,1790.974,1986.147,1683.677334
2023-10-19 16:00:00,2364.8115000000003,1932.040334,1995.783,1710.416667
2023-10-19 17:00:00,2531.7789999999995,2036.446667,2238.5509999999995,1872.3706670000001
2023-10-19 18:00:00,2708.9629999999997,2224.491334,2406.855,1994.92
2023-10-19 19:00:00,2946.660667,2406.326666,2576.8979999999997,2189.2116670000005
2023-10-19 20:00:00,3034.7575,2409.191,2697.753,2241.721
2023-10-19 21:00:00,2939.815,2336.978333,2702.848,2171.412334
2023-10-19 22:00:00,2785.518,2130.3076659999997,2416.302,1977.759667
2023-10-19 23:00:00,2422.2400000000002,1947.516666,2106.902,1740.5456669999999
2023-10-20 00:00:00,2135.9365,1647.233667,1788.3649999999998,1423.7220000000002
2023-10-20 01:00:00,1923.0025,1435.368333,1618.393,1328.1
2023-10-20 02:00:00,1707.1345,1306.456333,1435.204,1170.011
2023-10-20 03:00:00,1612.968,1246.053333,1325.068,1099.049
2023-10-20 04:00:00,1544.034,1221.873,1282.7713330000001,1099.5350000000003
2023-10-20 05:00:00,1588.047,1240.889667,1295.4266670000002,1146.143
2023-10-20 06:00:00,1799.078167,1394.458666,1476.9576670000001,1226.929
2023-10-20 07:00:00,1975.8894999999998,1582.502,1713.104333,1440.8899999999999
2023-10-20 08:00:00,2175.308167,1725.0406659999999,1802.972333,1533.179
2023-10-20 09:00:00,2296.0840000000003,1811.026,1888.7813330000001,1595.795
2023-10-20 10:00:00,2359.2844999999998,1877.528333,1977.8183330000002,1633.284
2023-10-20 11:00:00,2376.4808329999996,1856.6839999999997,1941.777667,1684.63
2023-10-20 12:00:00,2487.5315,1890.003667,2042.735001,1711.595
2023-10-20 13:00:00,2505.8745,1928.585,2082.569001,1719.895
2023-10-20 14:00:00,2434.05,1886.4189999999999,2123.670333,1760.511334
2023-10-20 15:00:00,2406.8149999999996,1920.9696669999998,2090.0696669999998,1752.664
2023-10-20 16:00:00,2445.4970000000003,1921.1,2133.0860000000002,1805.917667
2023-10-20 17:00:00,2591.428167,2009.435,2225.8019999999997,1834.571
2023-10-20 18:00:00,2781.387167,2148.980667,2320.132,1973.374
2023-10-20 19:00:00,2928.557,2354.523333,2420.118,2044.7849999999999
2023-10-20 20:00:00,2927.0294999999996,2346.133,2405.781,2058.275
2023-10-20 21:00:00,2812.1635,2209.224333,2398.176,1991.502667
2023-10-20 22:00:00,2666.503833,2034.203666,2230.429,1927.0296669999998
2023-10-20 23:00:00,2530.851167,1939.371333,2078.684,1726.201
2023-10-21 00:00:00,2216.237333,1704.545,1881.464,1535.126
2023-10-21 01:00:00,2001.9855,1498.081,1654.705,1386.595
2023-10-21 02:00:00,1791.4945000000002,1376.505666,1468.5483330000002,1256.264001
2023-10-21 03:00:00,1704.6605,1269.183,1342.999,1146.000999
2023-10-21 04:00:00,1652.602,1239.294667,1302.556,1086.873
2023-10-21 05:00:00,1625.3995,1246.213,1293.941,1078.2849999999999
2023-10-21 06:00:00,1681.541,1307.346,1352.043,1138.7580000000003
2023-10-21 07:00:00,1817.363,1380.4859999999999,1502.77,1245.536667
2023-10-21 08:00:00,2057.5115,1582.4409999999998,1681.337,1405.9036660000002
2023-10-21 09:00:00,2376.5735,1869.8360010000001,2006.74,1670.339667
2023-10-21 10:00:00,2601.2415,2063.188333,2247.483,1849.716
2023-10-21 11:00:00,2787.464,2120.207333,2385.5466659999997,1916.2703339999998
2023-10-21 12:00:00,2778.784,2256.748333,2505.249666,1945.534001
2023-10-21 13:00:00,2782.0225,2240.229333,2499.848667,1985.755334
2023-10-21 14:00:00,2829.9155,2246.037667,2472.3399999999997,1942.732
2023-10-21 15:00:00,2812.773,2241.365001,2416.084,1987.487
2023-10-21 16:00:00,2736.8514999999998,2208.805667,2395.11,1994.1480000000001
2023-10-21 17:00:00,2887.945,2299.525,2495.1713330000002,1997.171
2023-10-21 18:00:00,2909.2755,2380.281,2639.654,2153.239333
2023-10-21 19:00:00,3021.5919999999996,2465.2256669999997,2567.477,2242.706333
2023-10-21 20:00:00,2978.1855,2427.2983329999997,2494.741,2183.059334
2023-10-21 21:00:00,2881.372,2237.518,2385.4359999999997,2092.9670000000006
2023-10-21 22:00:00,2749.7256669999997,2135.603,2293.834667,1943.2689999999998
2023-10-21 23:00:00,2476.0708329999998,1936.014333,2140.610334,1766.619667
2023-10-22 00:00:00,2170.9721659999996,1739.742333,1931.326333,1591.1609999999998
2023-10-22 01:00:00,2003.784,1566.5240000000001,1670.0643330000003,1422.105
2023-10-22 02:00:00,1791.2815,1379.8489999999997,1470.290334,1279.056
2023-10-22 03:00:00,1678.089,1284.317,1335.943667,1168.085
2023-10-22 04:00:00,1625.6080000000002,1255.988,1271.180333,1112.971
2023-10-22 05:00:00,1571.2355,1227.601667,1288.774333,1120.9270000000001
2023-10-22 06:00:00,1598.7025,1289.436666,1316.9756670000002,1163.601
2023-10-22 07:00:00,1693.556,1358.24,1404.627,1229.797
2023-10-22 08:00:00,2004.934,1560.798,1634.543333,1414.383
2023-10-22 09:00:00,2353.858,1903.728,1916.1926669999998,1725.5900000000001
2023-10-22 10:00:00,2637.3175,2162.100667,2213.1076669999998,1876.8103339999998
2023-10-22 11:00:00,2873.647,2393.446,2470.0433329999996,2067.820334
2023-10-22 12:00:00,2980.6454999999996,2432.705333,2559.184,2095.431
2023-10-22 13:00:00,2952.906,2484.527,2631.3109999999997,2150.313
2023-10-22 14:00:00,2828.612,2446.334333,2501.542001,2189.5870000000004
2023-10-22 15:00:00,2814.865,2456.2983329999997,2538.687666,2185.422
2023-10-22 16:00:00,2927.061501,2387.2110000000002,2500.733334,2097.1659999999997
2023-10-22 17:00:00,2997.6621670000004,2425.3143330000003,2561.831334,2156.757
2023-10-22 18:00:00,3111.4036669999996,2499.815,2725.6769990000003,2298.4849999999997
2023-10-22 19:00:00,3288.462,2721.081,2784.527999,2439.0770009999997
2023-10-22 20:00:00,3288.2915000000003,2702.8779999999997,2911.336333,2476.355999
2023-10-22 21:00:00,3121.7479999999996,2643.395,2717.944,2378.4010000000003
2023-10-22 22:00:00,2888.491,2395.726667,2505.4256670000004,2196.7560000000003
2023-10-22 23:00:00,2555.0029999999997,2064.9700000000003,2205.605667,1874.562
2023-10-23 00:00:00,2261.84,1815.898667,1929.929333,1641.4936670000002
2023-10-23 01:00:00,2026.252,1554.067667,1638.672333,1436.393666
2023-10-23 02:00:00,1824.318,1419.226,1494.042666,1276.251667
2023-10-23 03:00:00,1727.1895,1361.1940000000002,1398.0746669999999,1210.4156670000002
2023-10-23 04:00:00,1673.142,1334.241333,1378.594333,1177.069
2023-10-23 05:00:00,1709.48,1375.694334,1416.6153330000002,1195.967666
2023-10-23 06:00:00,1938.4825,1544.554333,1607.4986669999998,1377.99
2023-10-23 07:00:00,2128.24,1722.902,1865.084667,1623.489
2023-10-23 08:00:00,2345.8399999999997,1863.1586670000002,1969.612333,1711.529
2023-10-23 09:00:00,2518.696,1927.811667,2027.354333,1725.638
2023-10-23 10:00:00,2453.4685,1957.3686659999998,2041.975667,1845.2259999999999
2023-10-23 11:00:00,2509.437,1997.8690000000001,2061.178333,1832.5713329999999
2023-10-23 12:00:00,2591.7259999999997,1999.7269999999999,2174.0256660000005,1840.416333
2023-10-23 13:00:00,2565.7905,2050.06,2229.0553339999997,1870.089
2023-10-23 14:00:00,2545.029,2024.1000000000001,2160.905667,1886.5120000000002
2023-10-23 15:00:00,2605.7105,2020.3439999999998,2123.299333,1856.1620010000001
2023-10-23 16:00:00,2662.335834,2116.879334,2260.3053330000002,1966.445
2023-10-23 17:00:00,2986.281333,2307.8889999999997,2482.1893330000003,2146.642333
2023-10-23 18:00:00,3281.281,2563.075,2807.402333,2363.133001
2023-10-23 19:00:00,3503.652,2754.6939999999995,2912.979333,2470.3509999999997
2023-10-23 20:00:00,3491.1875,2778.789,2976.199667,2496.5969999999998
2023-10-23 21:00:00,3318.0855,2609.2169999999996,2827.065667,2432.424333
2023-10-23 22:00:00,3025.5895,2336.268,2607.855333,2148.3869999999997
2023-10-23 23:00:00,2592.761333,2036.969,2209.696333,1884.067667
2023-10-24 00:00:00,2307.262167,1788.8020000000001,1892.5743329999998,1624.819
2023-10-24 01:00:00,2059.1993329999996,1570.493332,1730.3503329999999,1442.69
2023-10-24 02:00:00,1868.2468330000002,1424.058666,1527.390333,1305.798
2023-10-24 03:00:00,1811.748167,1390.649,1471.6366670000002,1227.7309999999998
2023-10-24 04:00:00,1758.0793330000001,1382.788667,1449.425,1241.521
2023-10-24 05:00:00,1848.284,1467.5353340000001,1533.693667,1281.491
2023-10-24 06:00:00,2065.769,1663.285001,1685.019667,1421.273333
2023-10-24 07:00:00,2349.8356670000003,1858.8006669999997,1989.5320000000002,1668.636334
2023-10-24 08:00:00,2530.715,2024.606667,2145.671667,1826.993332
2023-10-24 09:00:00,2613.943,1992.792667,2130.227667,1827.979335
2023-10-24 10:00:00,2695.957,2012.9816680000001,2158.527333,1849.5520000000001
2023-10-24 11:00:00,2727.284,2108.6626670000005,2224.915,1898.2830000000001
2023-10-24 12:00:00,2763.638,2170.952001,2322.027668,1947.789667
2023-10-24 13:00:00,2799.83,2228.928,2475.673334,2030.9403340000001
2023-10-24 14:00:00,2793.1679999999997,2247.597334,2455.5063330000003,2099.3759999999997
2023-10-24 15:00:00,2875.4049999999997,2281.141667,2491.7380000000003,2139.239
2023-10-24 16:00:00,3037.8050000000003,2458.041999,2595.8246670000003,2284.282333
2023-10-24 17:00:00,3457.284,2711.8013330000003,2861.468,2510.589
2023-10-24 18:00:00,3725.491,2900.525666,3143.3503339999997,2646.514
2023-10-24 19:00:00,3901.4570000000003,3081.5303329999997,3282.773,2798.813
2023-10-24 20:00:00,3879.8740000000003,3056.584666,3238.5950000000003,2730.733
2023-10-24 21:00:00,3757.92,2907.232,3082.899,2631.991
2023-10-24 22:00:00,3430.448,2665.844999,2863.1259999999997,2439.6899999999996
2023-10-24 23:00:00,3012.283,2338.751333,2471.251,2141.82
2023-10-25 00:00:00,2666.267,2020.1726669999998,2110.562,1859.517
2023-10-25 01:00:00,2364.093,1799.4180000000001,1852.3179999999998,1608.741
2023-10-25 02:00:00,2155.0253329999996,1653.333333,1725.395,1483.687
2023-10-25 03:00:00,2090.7933329999996,1583.184,1677.612,1402.222
2023-10-25 04:00:00,2047.899,1585.9389999999999,1618.428333,1379.809
2023-10-25 05:00:00,2123.220667,1646.338667,1698.2450000000001,1415.999
2023-10-25 06:00:00,2363.4300000000003,1871.1419999999998,1896.015,1625.4109999999998
2023-10-25 07:00:00,2623.118,2052.799,2164.395,1805.255
2023-10-25 08:00:00,2902.0370000000003,2293.4570000000003,2376.710334,2041.9640000000002
2023-10-25 09:00:00,3061.964,2357.8900000000003,2453.438333,2179.057
2023-10-25 10:00:00,3068.05,2322.1369999999997,2486.625,2163.249
2023-10-25 11:00:00,3023.738,2359.6620000000003,2472.619334,2154.969
2023-10-25 12:00:00,3042.698667,2398.221,2618.535,2202.172
2023-10-25 13:00:00,3124.275667,2444.3109999999997,2657.13,2247.675
2023-10-25 14:00:00,3147.3900000000003,2438.743,2652.5550000000003,2193.4759999999997
2023-10-25 15:00:00,3126.411,2433.687,2661.065,2243.3109999999997
2023-10-25 16:00:00,3218.888,2505.016,2753.3949999999995,2360.6459999999997
2023-10-25 17:00:00,3581.603,2771.9460000000004,3030.2309999999998,2516.8876659999996
2023-10-25 18:00:00,4017.8010000000004,3098.688,3308.413333,2766.6383330000003
2023-10-25 19:00:00,4249.07,3170.089,3610.487332,3013.585333
2023-10-25 20:00:00,4251.519,3205.522,3601.531667,2978.649667
2023-10-25 21:00:00,3986.982,3046.9610000000002,3444.438,2764.661333
2023-10-25 22:00:00,3774.6769999999997,2802.2830000000004,3096.0029999999997,2549.813
2023-10-25 23:00:00,3351.517,2519.508,2798.601667,2282.7659999999996
2023-10-26 00:00:00,2965.738,2224.4579999999996,2445.319,1990.7890000000002
2023-10-26 01:00:00,2614.75,1932.038,2188.612667,1763.4683329999998
2023-10-26 02:00:00,2383.687,1807.4299999999998,1953.135,1610.8396659999999
2023-10-26 03:00:00,2299.2110000000002,1738.594,1880.9560000000001,1520.713666
2023-10-26 04:00:00,2277.447,1719.329,1796.8336669999999,1493.230333
2023-10-26 05:00:00,2332.502,1758.5440000000003,1874.719,1567.881333
2023-10-26 06:00:00,2529.0960000000005,1971.285334,2085.664,1739.328
2023-10-26 07:00:00,2786.031,2182.361,2367.506,1962.146
2023-10-26 08:00:00,3024.6310000000003,2367.876,2515.49,2177.539
2023-10-26 09:00:00,3108.592,2403.6630000000005,2472.171,2205.9213339999997
2023-10-26 10:00:00,3094.7329999999997,2313.469,2519.4260000000004,2191.078333
2023-10-26 11:00:00,3079.705,2372.5559999999996,2633.102,2227.356667
2023-10-26 12:00:00,3127.4610000000002,2400.333333,2639.7879999999996,2256.8269999999998
2023-10-26 13:00:00,3128.117,2377.119333,2657.2690000000002,2359.709
2023-10-26 14:00:00,3057.8410000000003,2352.602,2601.5379999999996,2210.205
2023-10-26 15:00:00,2930.9660000000003,2262.355333,2508.33,2126.622
2023-10-26 16:00:00,2985.5899999999997,2324.956,2567.544,2259.7639999999997
2023-10-26 17:00:00,3372.841,2703.399,2901.39,2394.839
2023-10-26 18:00:00,3673.1459999999997,2870.758,3178.933333,2544.0550000000003
2023-10-26 19:00:00,4034.834667,3137.273333,3400.106667,2772.292
2023-10-26 20:00:00,4183.119666,3185.761,3521.776667,2840.943
2023-10-26 21:00:00,4020.314333,3113.643,3379.852,2759.0190000000002
2023-10-26 22:00:00,3817.415,2912.183,3146.665,2597.5280000000002
2023-10-26 23:00:00,3472.3109999999997,2690.569,2774.132,2347.2290000000003
2023-10-27 00:00:00,3118.9669999999996,2305.5060000000003,2485.1670000000004,2091.293
2023-10-27 01:00:00,2836.246,2086.0919999999996,2232.4930000000004,1900.0
2023-10-27 02:00:00,2679.833,1935.2316660000001,2022.6789989999997,1741.351333
2023-10-27 03:00:00,2552.432,1857.102667,1992.990334,1678.848334
2023-10-27 04:00:00,2455.576,1877.872,1931.591,1647.720333
2023-10-27 05:00:00,2546.523,1954.452667,1991.485333,1659.09
2023-10-27 06:00:00,2708.071,2165.825333,2231.846333,1849.857667
2023-10-27 07:00:00,2978.5690000000004,2409.3689999999997,2501.7166660000003,2062.219
2023-10-27 08:00:00,3319.3729999999996,2575.443333,2733.5576659999997,2257.878
2023-10-27 09:00:00,3451.733,2694.566333,2796.709,2344.275
2023-10-27 10:00:00,3370.291,2686.823,2887.269333,2348.949
2023-10-27 11:00:00,3341.576999,2586.6180000000004,2828.012,2350.625
2023-10-27 12:00:00,3232.0243330000003,2517.138,2790.0833329999996,2325.475
2023-10-27 13:00:00,3155.9620000000004,2474.227,2770.571,2308.366
2023-10-27 14:00:00,3088.195,2362.446666,2634.6186669999997,2256.0879999999997
2023-10-27 15:00:00,3067.4610000000002,2299.110667,2602.554,2221.421
2023-10-27 16:00:00,3096.6376659999996,2351.392667,2615.302333,2308.5
2023-10-27 17:00:00,3274.910666,2509.620334,2818.6663320000002,2366.5290000000005
2023-10-27 18:00:00,3647.8680000000004,2699.766666,3094.729334,2617.057
2023-10-27 19:00:00,3936.477,2955.975333,3318.842667,2763.782
2023-10-27 20:00:00,3991.0159999999996,3021.279334,3303.1896669999996,2839.191
2023-10-27 21:00:00,3897.206,3050.269666,3297.510333,2752.2760000000003
2023-10-27 22:00:00,3825.379333,2878.681999,3157.9556679999996,2587.395
2023-10-27 23:00:00,3634.7893329999997,2698.174,2902.2920000000004,2411.874
2023-10-28 00:00:00,3323.4336670000002,2476.666335,2669.6716669999996,2202.042
2023-10-28 01:00:00,3154.785,2287.3103330000004,2419.157,1986.453334
2023-10-28 02:00:00,2991.8639999999996,2170.911667,2260.3830000000003,1918.807002
2023-10-28 03:00:00,2888.484,2128.4790000000003,2196.143,1869.6190000000001
2023-10-28 04:00:00,2852.064,2099.2880000000005,2179.712,1806.465
2023-10-28 05:00:00,2863.3740000000003,2153.567667,2227.362,1850.585
2023-10-28 06:00:00,3005.6850000000004,2286.0563330000004,2313.0860000000002,1934.201
2023-10-28 07:00:00,3259.0059999999994,2458.302669,2511.011,2114.2160000000003
2023-10-28 08:00:00,3627.265,2647.394332,2727.402,2321.312
2023-10-28 09:00:00,4060.278,2918.917,3099.468,2668.342
2023-10-28 10:00:00,4286.278,3156.037333,3386.895,2886.371333
2023-10-28 11:00:00,4225.379,3231.762,3469.0249999999996,2816.173
2023-10-28 12:00:00,4195.098,3090.7439999999997,3425.736,2779.969
2023-10-28 13:00:00,3907.3480000000004,3036.466667,3257.032,2730.820334
2023-10-28 14:00:00,3768.88,2926.354667,3070.0786670000007,2716.027999
2023-10-28 15:00:00,3715.33,2823.932,2999.6346670000003,2596.175
2023-10-28 16:00:00,3688.653667,2917.625,2923.949,2544.008
2023-10-28 17:00:00,3671.820334,2880.692,3034.7129999999997,2578.31
2023-10-28 18:00:00,3924.659667,3038.629,3241.986,2710.8549999999996
2023-10-28 19:00:00,4134.973,3152.284,3399.7949999999996,2856.1719999999996
2023-10-28 20:00:00,4126.6539999999995,3101.4089999999997,3337.142,2865.719
2023-10-28 21:00:00,3982.349,3073.326,3264.6440000000002,2811.5229999999997
2023-10-28 22:00:00,3944.816333,2986.1180000000004,3118.0370000000003,2692.232
2023-10-28 23:00:00,3732.386668,2773.2670000000003,2941.0609999999997,2564.7663330000005
2023-10-29 00:00:00,3455.872666,2540.9790000000003,2683.3480000000004,2353.169667
2023-10-29 01:00:00,3226.146,2352.285,2500.2250000000004,2175.019667
2023-10-29 02:00:00,2983.4179999999997,2200.3266670000003,2343.459,1964.3889999999997
2023-10-29 03:00:00,2897.3579999999997,2110.202,2272.033,1885.735333
2023-10-29 04:00:00,2793.996,2120.901,2207.8550000000005,1848.809
2023-10-29 05:00:00,2793.362,2147.969,2210.29,1865.7400000000002
2023-10-29 06:00:00,2888.8949999999995,2217.605,2261.7,1922.3719999999998
2023-10-29 07:00:00,3106.0919999999996,2313.235,2442.848,2046.382
2023-10-29 08:00:00,3519.2470000000003,2635.4620000000004,2694.5829999999996,2308.317
2023-10-29 09:00:00,3855.617,2992.3540000000003,3084.737,2635.925
2023-10-29 10:00:00,4074.156667,3256.554667,3317.9790000000003,2831.9880000000003
2023-10-29 11:00:00,4208.518,3219.031333,3353.501,2881.854001
2023-10-29 12:00:00,4192.842000000001,3211.9359999999997,3487.017,2916.094
2023-10-29 13:00:00,4056.7506660000004,3175.020333,3344.166,2836.158
2023-10-29 14:00:00,3929.842,3085.5463330000002,3153.199,2798.166
2023-10-29 15:00:00,3750.9773330000003,3027.756,3100.7019999999998,2690.474
2023-10-29 16:00:00,3775.2543339999997,2927.459666,3120.0649999999996,2631.411
2023-10-29 17:00:00,3765.983666,3006.5273340000003,3219.0950000000003,2719.8586670000004
2023-10-29 18:00:00,4049.0663329999998,3253.378667,3458.495,2852.811667
2023-10-29 19:00:00,4352.6140000000005,3423.952667,3633.782,3119.7850000000003
2023-10-29 20:00:00,4484.905999999999,3375.141,3729.859,3226.1043329999998
2023-10-29 21:00:00,4308.368333,3280.375,3607.924,2983.652333
2023-10-29 22:00:00,4060.33,3154.616,3386.119,2762.392
2023-10-29 23:00:00,3661.367333,2753.9399999999996,3067.3199999999997,2465.1766669999997
2023-10-30 00:00:00,3288.883334,2421.99,2689.246666,2196.5923329999996
2023-10-30 01:00:00,2953.4666669999997,2235.619333,2371.017333,1975.832332
2023-10-30 02:00:00,2740.0170000000003,2095.813,2174.809667,1838.095333
2023-10-30 03:00:00,2664.612,2024.523334,2058.478666,1770.9193340000002
2023-10-30 04:00:00,2682.630333,2061.150333,2078.0026669999997,1764.367
2023-10-30 05:00:00,2788.787667,2159.545,2188.851667,1810.525
2023-10-30 06:00:00,3103.831333,2399.996,2445.928,1991.0099999999998
2023-10-30 07:00:00,3447.633666,2659.413,2790.407333,2277.721
2023-10-30 08:00:00,3697.575,2861.303,2968.96,2496.782
2023-10-30 09:00:00,3833.9170000000004,2904.162667,2924.623333,2589.183
2023-10-30 10:00:00,3682.425,2774.162,2944.1800000000003,2525.403667
2023-10-30 11:00:00,3571.695001,2783.5930000000003,2977.940333,2483.835666
2023-10-30 12:00:00,3550.248333,2682.831,2895.1459999999997,2477.334333
2023-10-30 13:00:00,3551.484999,2671.383668,2829.967,2414.2633330000003
2023-10-30 14:00:00,3348.923667,2504.9700000000003,2718.843334,2354.08
2023-10-30 15:00:00,3224.122999,2444.7030000000004,2615.5556669999996,2299.065667
2023-10-30 16:00:00,3266.142,2479.3940000000002,2741.178,2294.549
2023-10-30 17:00:00,3511.965,2686.356,3013.823,2468.356667
2023-10-30 18:00:00,3973.879,2996.194,3417.958,2799.714333
2023-10-30 19:00:00,4258.651667,3196.33,3651.702,2978.851667
2023-10-30 20:00:00,4332.131665999999,3174.884,3715.3999999999996,3017.1360000000004
2023-10-30 21:00:00,4153.495667,3212.16,3491.9809999999998,2951.6459999999997
2023-10-30 22:00:00,3937.875668,2981.223,3268.138,2661.08
2023-10-30 23:00:00,3584.1893330000003,2711.672333,2861.088,2288.505
2023-10-31 00:00:00,3155.423334,2297.705,2590.325,2066.5886659999996
2023-10-31 01:00:00,2902.853333,2123.741333,2315.224,1890.94
2023-10-31 02:00:00,2715.5873330000004,2027.990667,2125.982,1736.319667
2023-10-31 03:00:00,2644.6716659999997,1932.7286669999999,2083.552,1668.679667
2023-10-31 04:00:00,2626.8630009999997,1942.061334,1990.945,1638.857999
2023-10-31 05:00:00,2744.9613339999996,2021.079,2103.6539999999995,1722.2440000000001
2023-10-31 06:00:00,3031.879333,2273.757,2358.336,1938.784333
2023-10-31 07:00:00,3333.4573339999997,2582.59,2651.176,2246.2723340000002
2023-10-31 08:00:00,3572.8143330000003,2699.548,2786.622,2419.570334
2023-10-31 09:00:00,3658.866333,2740.1720000000005,2850.794,2440.642667
2023-10-31 10:00:00,3585.892333,2616.432,2909.35,2446.1839999999997
2023-10-31 11:00:00,3548.02,2621.011,2832.062333,2489.006667
2023-10-31 12:00:00,3449.941667,2586.2880000000005,2868.9220000000005,2449.155666
2023-10-31 13:00:00,3273.753,2489.941,2774.8869999999997,2326.3083340000003
2023-10-31 14:00:00,3034.522,2373.7623329999997,2732.3630000000003,2180.752
2023-10-31 15:00:00,2975.355334,2320.523,2609.355,2157.542
2023-10-31 16:00:00,3080.989333,2344.079667,2653.504,2185.703
2023-10-31 17:00:00,3305.362999,2561.321333,2801.275,2311.8689999999997
2023-10-31 18:00:00,3557.907,2728.891,3004.3289999999997,2485.6189999999997
2023-10-31 19:00:00,3593.899,2724.622,2984.072,2581.199667
2023-10-31 20:00:00,3553.366667,2676.8419999999996,3038.7940000000003,2578.189333
2023-10-31 21:00:00,3566.164666,2662.6629999999996,3090.513,2546.990334
2023-10-31 22:00:00,3493.600001,2642.487667,2940.587,2479.415
2023-10-31 23:00:00,3167.412667,2336.373,2651.206,2260.8230000000003
2023-11-01 00:00:00,2822.918667,2080.031,2278.642,1929.113
2023-11-01 01:00:00,2616.272,1872.6713329999998,2126.34,1714.813
2023-11-01 02:00:00,2486.737,1759.662333,1893.7269999999999,1591.2869999999998
2023-11-01 03:00:00,2387.069,1701.561,1820.144,1523.695001
2023-11-01 04:00:00,2362.6670000000004,1726.652,1793.7930000000001,1479.8013329999999
2023-11-01 05:00:00,2406.124,1779.2330000000002,1912.5720000000001,1531.528
2023-11-01 06:00:00,2600.965,1986.084,2035.991,1672.8020000000001
2023-11-01 07:00:00,2845.542,2116.734,2246.793,1937.509
2023-11-01 08:00:00,3062.029,2324.751,2377.119,2034.476
2023-11-01 09:00:00,3195.284,2501.137,2517.42,2222.642
2023-11-01 10:00:00,3196.178,2470.897,2566.945,2189.9300000000003
2023-11-01 11:00:00,3146.3470000000007,2391.861,2583.219,2179.239
2023-11-01 12:00:00,3183.538,2467.124,2591.5379999999996,2178.04
2023-11-01 13:00:00,3207.098,2483.312,2657.599,2271.34
2023-11-01 14:00:00,3222.8790000000004,2495.667,2728.3219999999997,2242.258
2023-11-01 15:00:00,3203.132333,2489.304,2717.194,2252.7929999999997
2023-11-01 16:00:00,3379.693,2618.3210000000004,2866.071,2466.299
2023-11-01 17:00:00,3691.3599999999997,2860.809,3284.567,2635.227
2023-11-01 18:00:00,4119.839,3165.554,3586.844,2804.4900000000002
2023-11-01 19:00:00,4300.652,3346.1040000000003,3647.581,2978.4579999999996
2023-11-01 20:00:00,4163.869,3275.023,3626.1,2973.733
2023-11-01 21:00:00,4033.921,3043.7250000000004,3367.3050000000003,2837.967
2023-11-01 22:00:00,3653.647,2793.478,3147.428,2597.2743330000003
2023-11-01 23:00:00,3357.622,2517.084,2752.107,2333.6200000000003
2023-11-02 00:00:00,2935.817,2164.467,2355.8379999999997,2032.968
2023-11-02 01:00:00,2651.6450000000004,1895.208334,2111.353,1763.540333
2023-11-02 02:00:00,2396.953,1788.6673340000002,1937.83,1602.933666
2023-11-02 03:00:00,2293.894333,1718.5230000000001,1828.873,1516.530666
2023-11-02 04:00:00,2220.057667,1701.549667,1813.504,1493.1490000000001
2023-11-02 05:00:00,2272.145667,1780.547,1853.741,1533.7350000000001
2023-11-02 06:00:00,2508.161,1899.2640000000001,2015.6039999999998,1709.262
2023-11-02 07:00:00,2730.5560000000005,2164.5713330000003,2267.687,1929.8329999999999
2023-11-02 08:00:00,2915.577,2278.786,2413.602333,2065.2039999999997
2023-11-02 09:00:00,2960.218,2216.277,2418.4849990000002,2076.647
2023-11-02 10:00:00,2895.908,2242.663,2446.4973330000003,2028.0130000000001
2023-11-02 11:00:00,2882.547,2242.3986670000004,2380.8109999999997,2085.409
2023-11-02 12:00:00,2847.643,2186.4069999999997,2342.6980000000003,2039.6439999999998
2023-11-02 13:00:00,2761.852667,2080.840333,2336.214,1963.5149999999999
2023-11-02 14:00:00,2724.892001,2023.463667,2278.644,1931.23
2023-11-02 15:00:00,2663.089,1945.9520000000002,2178.208,1946.796
2023-11-02 16:00:00,2849.9753330000003,2036.475667,2300.3399999999997,1958.973
2023-11-02 17:00:00,3073.3720000000003,2247.632333,2462.487,2097.596
2023-11-02 18:00:00,3301.416,2442.839333,2686.735,2299.7349999999997
2023-11-02 19:00:00,3489.5719999999997,2554.44,2857.8326669999997,2506.005
2023-11-02 20:00:00,3498.424,2531.196,2867.781333,2491.824
2023-11-02 21:00:00,3272.87,2500.209667,2749.060334,2292.809
2023-11-02 22:00:00,3032.867,2397.987,2608.9920009999996,2189.965
2023-11-02 23:00:00,2781.732,2130.798,2279.924,1893.321
2023-11-03 00:00:00,2460.7430000000004,1826.355334,1988.298667,1666.67
2023-11-03 01:00:00,2193.5029999999997,1646.1939980000002,1747.445,1527.211
2023-11-03 02:00:00,2044.2869999999998,1484.2019999999998,1619.3809999999999,1381.047
2023-11-03 03:00:00,1977.7769999999998,1425.9626669999998,1533.083333,1331.154
2023-11-03 04:00:00,2018.095,1449.060332,1504.906,1294.299
2023-11-03 05:00:00,2096.2259999999997,1548.660334,1578.923667,1361.299
2023-11-03 06:00:00,2336.6629999999996,1784.731,1762.261334,1529.214
2023-11-03 07:00:00,2662.112,2041.9403340000001,2074.311333,1776.257334
2023-11-03 08:00:00,2885.545,2239.8783329999997,2257.05,1936.269
2023-11-03 09:00:00,3000.063,2324.128667,2397.479668,2019.605
2023-11-03 10:00:00,2961.706333,2308.511,2385.055667,2085.052
2023-11-03 11:00:00,2924.1006660000003,2242.904334,2401.3540000000003,2123.7889999999998
2023-11-03 12:00:00,2916.637,2210.9849999999997,2383.628,2029.088
2023-11-03 13:00:00,2835.464,2137.6780000000003,2284.168666,2006.183
2023-11-03 14:00:00,2709.364667,2063.451333,2334.924,1945.5790000000002
2023-11-03 15:00:00,2731.120333,2057.741,2337.790667,1912.4270000000001
2023-11-03 16:00:00,2746.981667,2063.504,2329.287,2010.076
2023-11-03 17:00:00,3060.951,2212.677,2548.911667,2199.424667
2023-11-03 18:00:00,3280.193667,2514.0879999999997,2822.797,2336.2016670000003
2023-11-03 19:00:00,3328.1050000000005,2709.505,2856.194333,2354.456
2023-11-03 20:00:00,3238.09,2636.4269999999997,2805.758334,2366.285
2023-11-03 21:00:00,3125.563,2477.706,2641.6856669999997,2252.34
2023-11-03 22:00:00,2980.8996669999997,2289.9900000000002,2511.8153329999996,2152.855
2023-11-03 23:00:00,2711.721,2085.1310000000003,2286.883,1925.286
2023-11-04 00:00:00,2476.493,1837.562,2106.288334,1734.5120000000002
2023-11-04 01:00:00,2230.543,1659.55,1853.023333,1516.6970000000001
2023-11-04 02:00:00,2034.2599999999998,1507.789667,1643.444332,1406.0659999999998
2023-11-04 03:00:00,1924.116,1411.8763330000002,1564.361,1313.5819999999999
2023-11-04 04:00:00,1852.9250000000002,1348.6383329999999,1463.471,1233.7640000000001
2023-11-04 05:00:00,1812.657,1359.8020000000001,1430.574,1251.064
2023-11-04 06:00:00,1886.6680000000001,1385.345,1451.426,1292.864333
2023-11-04 07:00:00,1980.125,1486.558333,1633.509,1362.3963330000001
2023-11-04 08:00:00,2215.6180000000004,1655.926333,1817.398667,1526.0913329999998
2023-11-04 09:00:00,2501.6009999999997,2017.4403340000001,2120.522,1734.876
2023-11-04 10:00:00,2830.577,2142.96,2364.255333,1988.734
2023-11-04 11:00:00,2968.399,2307.4220000000005,2452.790667,2076.2610000000004
2023-11-04 12:00:00,3128.151,2396.243,2629.8256669999996,2091.6800000000003
2023-11-04 13:00:00,3217.575,2386.915,2595.937,2200.9829999999997
2023-11-04 14:00:00,3176.279,2384.906,2575.5100010000006,2152.1549999999997
2023-11-04 15:00:00,3036.3,2361.651,2541.351001,2123.093
2023-11-04 16:00:00,2946.682,2439.457,2587.259999,2133.6580000000004
2023-11-04 17:00:00,2963.857,2397.4030000000002,2654.928,2157.0820000000003
2023-11-04 18:00:00,3028.491,2521.324333,2712.394666,2184.886
2023-11-04 19:00:00,3223.989,2616.166333,2807.525333,2303.9849999999997
2023-11-04 20:00:00,3196.389,2462.781333,2738.128999,2304.788667
2023-11-04 21:00:00,3127.026,2365.599,2576.1279999999997,2242.597
2023-11-04 22:00:00,2994.783,2242.5110000000004,2453.7740000000003,2139.607
2023-11-04 23:00:00,2725.971,2120.945,2281.616,1945.2853330000003
2023-11-05 00:00:00,2479.082,1939.2150000000001,2054.2476669999996,1711.2743329999998
2023-11-05 01:00:00,2229.3861664999995,1698.859167,1816.2236665,1531.5185000000001
2023-11-05 02:00:00,1979.690333,1458.503334,1578.199666,1351.762667
2023-11-05 03:00:00,1898.7730000000001,1418.322333,1529.702333,1267.314
2023-11-05 04:00:00,1887.0006670000002,1425.6659999999997,1468.867333,1255.8739999999998
2023-11-05 05:00:00,1923.174667,1449.5966670000003,1502.418,1276.847
2023-11-05 06:00:00,2025.2640000000001,1557.812,1622.523666,1341.01
2023-11-05 07:00:00,2300.907667,1757.123998,1873.3556669999998,1516.675
2023-11-05 08:00:00,2785.398,2132.0966660000004,2170.131667,1878.5529999999999
2023-11-05 09:00:00,3134.49,2416.334332,2515.1926670000003,2173.043
2023-11-05 10:00:00,3349.965,2533.267333,2718.044,2314.3559999999998
2023-11-05 11:00:00,3383.1240000000003,2615.84,2866.280667,2402.5
2023-11-05 12:00:00,3365.924,2603.154,2807.178,2296.549333
2023-11-05 13:00:00,3273.2619999999997,2538.945,2763.334999,2315.4010000000003
2023-11-05 14:00:00,3180.567,2519.764,2636.803334,2283.745
2023-11-05 15:00:00,3079.933,2517.675,2763.183666,2307.956
2023-11-05 16:00:00,3315.25,2640.041666,2921.3549999999996,2323.944
2023-11-05 17:00:00,3644.456,2840.6796670000003,3123.287,2554.432667
2023-11-05 18:00:00,3687.825,2992.1490000000003,3172.807667,2588.2529999999997
2023-11-05 19:00:00,3673.771,2898.305,3101.014334,2628.362
2023-11-05 20:00:00,3515.187,2813.964,3049.834666,2490.504
2023-11-05 21:00:00,3419.685,2665.932,2912.076666,2329.023
2023-11-05 22:00:00,3143.468,2399.136,2627.4813329999997,2145.514334
2023-11-05 23:00:00,2770.879,2151.469,2357.982,1932.7183340000001
2023-11-06 00:00:00,2427.5190000000002,1828.656,2021.1139999999998,1668.020333
2023-11-06 01:00:00,2203.0396659999997,1601.4940000000001,1816.113667,1501.950667
2023-11-06 02:00:00,1995.442,1483.1219999999998,1643.357,1362.225
2023-11-06 03:00:00,1929.988334,1477.6209999999999,1572.969333,1283.612
2023-11-06 04:00:00,1910.7179999999998,1468.9170000000001,1580.7803330000002,1253.729
2023-11-06 05:00:00,2040.4006680000002,1557.195,1667.9209999999998,1345.554
2023-11-06 06:00:00,2291.204334,1748.772,1863.3376669999998,1492.2040000000002
2023-11-06 07:00:00,2596.389333,2016.2849999999999,2084.765667,1783.962
2023-11-06 08:00:00,2882.397333,2188.545,2289.7073330000003,1978.805
2023-11-06 09:00:00,2883.702668,2197.652,2309.585667,1999.212
2023-11-06 10:00:00,2781.298,2202.8819999999996,2254.448,2039.617
2023-11-06 11:00:00,2851.801,2197.2799999999997,2295.986,2081.280667
2023-11-06 12:00:00,2960.0769999999998,2207.728,2408.138,2025.75
2023-11-06 13:00:00,2940.153,2402.1849999999995,2519.09,2086.7400000000002
2023-11-06 14:00:00,3033.3689999999997,2352.681,2516.5913330000003,2165.1766669999997
2023-11-06 15:00:00,2995.4970000000003,2374.167,2547.263333,2210.0373329999998
2023-11-06 16:00:00,3249.622,2502.189,2771.3100000000004,2325.4666669999997
2023-11-06 17:00:00,3634.568,2804.2470000000003,3017.5379999999996,2510.6823329999997
2023-11-06 18:00:00,3934.4489999999996,3084.303,3269.928,2766.610333
2023-11-06 19:00:00,3979.835,3097.045,3327.384,2745.1493330000003
2023-11-06 20:00:00,3826.004,2905.611,3281.4000000000005,2646.8590000000004
2023-11-06 21:00:00,3708.375,2796.653,3082.688,2560.584
2023-11-06 22:00:00,3401.141,2560.4750000000004,2807.218,2399.376
2023-11-06 23:00:00,3054.997,2285.928,2499.7459999999996,2077.008
2023-11-07 00:00:00,2737.0960000000005,1987.324,2177.474333,1769.275333
2023-11-07 01:00:00,2412.143,1738.5720000000001,1926.721667,1566.308666
2023-11-07 02:00:00,2244.92,1648.6,1793.706667,1446.941333
2023-11-07 03:00:00,2172.406,1600.8000000000002,1695.7756669999999,1423.268
2023-11-07 04:00:00,2100.389,1605.385,1696.6860000000001,1407.99
2023-11-07 05:00:00,2278.8489999999997,1662.609,1797.7910000000002,1484.1999999999998
2023-11-07 06:00:00,2449.2619999999997,1875.608,1984.6423329999998,1631.506667
2023-11-07 07:00:00,2819.3849999999998,2185.5110000000004,2278.144667,1873.544
2023-11-07 08:00:00,3074.983,2342.3269999999998,2401.2200000000003,2058.7493329999998
2023-11-07 09:00:00,3067.129,2310.608,2377.304,2079.286001
2023-11-07 10:00:00,3007.5609999999997,2273.3970000000004,2335.2309999999998,2051.91
2023-11-07 11:00:00,2952.551,2226.826,2424.299,2037.149
2023-11-07 12:00:00,2920.0930000000003,2220.174,2459.172,2031.7153329999999
2023-11-07 13:00:00,2896.8289999999997,2249.945,2486.5539999999996,2068.702
2023-11-07 14:00:00,2844.942,2190.5830000000005,2419.8179999999998,1976.8490000000002
2023-11-07 15:00:00,2820.541,2204.203,2412.982,1989.484
2023-11-07 16:00:00,3001.875,2314.475,2504.6630000000005,2157.732
2023-11-07 17:00:00,3497.8050000000003,2638.5139999999997,2850.822333,2421.624
2023-11-07 18:00:00,3967.771,3025.9669999999996,3229.012,2699.5119999999997
2023-11-07 19:00:00,3991.96,3073.54,3378.891,2742.212
2023-11-07 20:00:00,3877.9739999999997,2915.601,3276.508667,2764.168
2023-11-07 21:00:00,3628.66,2881.4449999999997,3060.532,2571.516
2023-11-07 22:00:00,3414.661,2644.428,2837.057,2377.026
2023-11-07 23:00:00,3061.313,2377.233,2539.9840000000004,2110.471
2023-11-08 00:00:00,2810.364,2067.889,2247.7309999999998,1889.139667
2023-11-08 01:00:00,2510.169667,1831.9660000000001,1930.9560000000001,1664.004
2023-11-08 02:00:00,2350.731333,1711.9,1802.575,1525.7853329999998
2023-11-08 03:00:00,2306.0870000000004,1676.167,1778.971,1492.688333
2023-11-08 04:00:00,2298.905667,1725.656,1828.5079999999998,1506.872666
2023-11-08 05:00:00,2479.181333,1845.5259999999998,1945.6636680000001,1607.188
2023-11-08 06:00:00,2700.276333,2063.0933330000003,2194.763666,1804.848666
2023-11-08 07:00:00,2993.5503329999997,2334.123,2464.2569999999996,2016.4099999999999
2023-11-08 08:00:00,3325.6373329999997,2535.854667,2668.828,2226.439
2023-11-08 09:00:00,3433.159333,2585.861667,2698.9030000000002,2315.333
2023-11-08 10:00:00,3298.246333,2539.706,2627.5510000000004,2385.117
2023-11-08 11:00:00,3171.9159999999997,2518.664,2611.1766669999997,2254.7309999999998
2023-11-08 12:00:00,3091.365667,2411.757,2564.409334,2152.0646669999996
2023-11-08 13:00:00,2997.281,2326.4759999999997,2465.415333,2158.609667
2023-11-08 14:00:00,2979.8940000000002,2293.365,2447.42,2080.578333
2023-11-08 15:00:00,2859.607,2238.009,2418.455333,2113.2346669999997
2023-11-08 16:00:00,3054.625,2409.184667,2636.869,2235.939667
2023-11-08 17:00:00,3556.236,2731.622,2982.6616670000003,2505.013
2023-11-08 18:00:00,3969.1459999999997,3127.668,3280.976333,2756.7346660000003
2023-11-08 19:00:00,4246.799,3217.067,3479.733,2883.945668
2023-11-08 20:00:00,4076.3456669999996,3129.167,3326.2870000000003,2974.8776669999997
2023-11-08 21:00:00,4042.0176659999997,3065.561,3264.6059999999998,2852.974
2023-11-08 22:00:00,3840.848,2915.208,3123.371999,2646.155333
2023-11-08 23:00:00,3510.7709999999997,2653.134,2847.786999,2386.371
2023-11-09 00:00:00,3198.177333,2380.2380000000003,2544.371333,2165.655667
2023-11-09 01:00:00,2994.3329999999996,2197.4686669999996,2281.075333,2001.501334
2023-11-09 02:00:00,2897.718,2110.917,2220.097334,1880.7903340000003
2023-11-09 03:00:00,2814.821,2103.8873329999997,2177.960999,1807.5339999999999
2023-11-09 04:00:00,2846.075,2201.107,2244.5033329999997,1861.531
2023-11-09 05:00:00,3050.009,2337.454,2361.734668,1914.864
2023-11-09 06:00:00,3336.768,2551.089667,2577.3473329999997,2100.764
2023-11-09 07:00:00,3710.0339999999997,2856.864333,2824.334334,2340.954
2023-11-09 08:00:00,3935.675,2930.597333,3103.0856670000003,2577.161
2023-11-09 09:00:00,3938.9719999999998,2977.663,3099.019666,2605.414
2023-11-09 10:00:00,3866.194,2953.281,3129.424999,2571.705
2023-11-09 11:00:00,3742.074,2847.069,3052.601333,2569.8223340000004
2023-11-09 12:00:00,3631.0429999999997,2766.8433330000003,3015.443,2467.7366660000002
2023-11-09 13:00:00,3587.872,2715.0,2959.970667,2452.3766670000005
2023-11-09 14:00:00,3548.043,2694.066,2886.2110009999997,2451.026
2023-11-09 15:00:00,3546.387,2680.166,2945.6326670000003,2468.9359999999997
2023-11-09 16:00:00,3734.465,2808.388,3155.045999,2607.885
2023-11-09 17:00:00,4142.957,3079.805,3423.5016670000005,2770.825
2023-11-09 18:00:00,4415.101000000001,3278.7830000000004,3729.8366659999997,2948.257
2023-11-09 19:00:00,4478.173,3298.985,3662.809999,2964.1899999999996
2023-11-09 20:00:00,4282.789,3175.652,3517.298333,2928.541
2023-11-09 21:00:00,4108.816,3037.958,3342.362668,2768.0679999999998
2023-11-09 22:00:00,3760.352,2855.2470000000003,3119.248,2550.376
2023-11-09 23:00:00,3453.7929999999997,2494.6589999999997,2818.678333,2331.163
2023-11-10 00:00:00,3161.467667,2194.506668,2483.712667,2056.55
2023-11-10 01:00:00,2840.7686670000003,2049.038666,2196.013999,1873.981
2023-11-10 02:00:00,2678.1366669999998,1870.076999,2038.0333340000002,1731.962
2023-11-10 03:00:00,2520.501001,1826.3070010000001,1897.6066660000001,1628.8919999999998
2023-11-10 04:00:00,2454.392001,1805.657668,1918.8476679999999,1618.103
2023-11-10 05:00:00,2554.619,1867.6036680000002,1928.177667,1647.899
2023-11-10 06:00:00,2729.2653330000003,2023.454667,2073.470667,1757.71
2023-11-10 07:00:00,2926.350667,2178.091332,2279.973667,1947.7269999999999
2023-11-10 08:00:00,3179.945666,2379.6626669999996,2473.210333,2108.693
2023-11-10 09:00:00,3404.745666,2538.098668,2712.7096659999997,2294.898
2023-11-10 10:00:00,3437.924,2556.776667,2745.8136680000002,2367.16
2023-11-10 11:00:00,3499.799,2579.717334,2864.003002,2395.2380000000003
2023-11-10 12:00:00,3448.840667,2556.767668,2907.2606669999996,2416.138667
2023-11-10 13:00:00,3429.900332,2566.655666,2829.4173330000003,2355.648
2023-11-10 14:00:00,3359.659334,2468.799332,2764.098667,2289.175333
2023-11-10 15:00:00,3302.7343339999998,2502.559333,2800.7273330000003,2306.856666
2023-11-10 16:00:00,3383.958667,2633.042001,2919.563333,2398.6
2023-11-10 17:00:00,3687.6419990000004,2778.470335,3137.0566670000003,2565.006
2023-11-10 18:00:00,3909.285,3059.4996659999997,3321.146,2675.621
2023-11-10 19:00:00,3894.749667,3019.4196650000004,3263.008667,2628.416
2023-11-10 20:00:00,3744.6856669999997,2859.056334,3161.6719999999996,2610.532
2023-11-10 21:00:00,3571.617,2740.907666,2970.793667,2474.54
2023-11-10 22:00:00,3392.179332,2662.551333,2745.378001,2395.3379999999997
2023-11-10 23:00:00,3079.181333,2449.532668,2553.758667,2195.259
2023-11-11 00:00:00,2832.665667,2168.066668,2343.022,2005.078
2023-11-11 01:00:00,2613.071667,1981.697666,2103.5126659999996,1800.8609999999999
2023-11-11 02:00:00,2429.217667,1842.916332,1895.3960009999998,1646.5210000000002
2023-11-11 03:00:00,2314.709001,1746.279334,1823.968668,1538.281
2023-11-11 04:00:00,2230.365001,1694.481668,1777.1780009999998,1497.888
2023-11-11 05:00:00,2282.252,1712.331668,1735.378666,1519.499
2023-11-11 06:00:00,2362.6963330000003,1764.8066669999998,1826.938332,1568.272
2023-11-11 07:00:00,2552.458667,1951.436999,1974.031,1681.488
2023-11-11 08:00:00,2906.338334,2234.1173340000005,2285.0753320000003,1947.237
2023-11-11 09:00:00,3332.890999,2576.6340010000004,2615.9686659999998,2256.184334
2023-11-11 10:00:00,3513.537333,2787.5069999999996,2943.472667,2433.535333
2023-11-11 11:00:00,3585.43,2818.872001,3159.474,2527.335333
2023-11-11 12:00:00,3624.476334,2850.060335,3279.2870000000003,2480.9269999999997
2023-11-11 13:00:00,3677.6676660000003,2877.7689990000003,3105.702,2487.7110000000002
2023-11-11 14:00:00,3597.345334,2763.518665,3063.682334,2429.194
2023-11-11 15:00:00,3426.3866669999998,2728.0690000000004,3084.827,2424.615
2023-11-11 16:00:00,3550.4266669999997,2778.630001,3131.9263330000003,2495.3360000000002
2023-11-11 17:00:00,3706.517666,2964.091335,3233.669667,2580.1233329999995
2023-11-11 18:00:00,3801.116333,3111.706668,3255.405,2734.600333
2023-11-11 19:00:00,3832.419,2957.869668,3178.3080010000003,2689.3849999999998
2023-11-11 20:00:00,3679.116,2808.031668,3130.540333,2654.2260000000006
2023-11-11 21:00:00,3564.674,2651.665668,2958.219667,2537.987
2023-11-11 22:00:00,3419.996,2522.557668,2775.098001,2368.575
2023-11-11 23:00:00,3194.8050000000003,2393.579668,2603.2296669999996,2243.2569999999996
2023-11-12 00:00:00,2915.688,2145.9186680000003,2366.937333,1989.728
2023-11-12 01:00:00,2681.5829999999996,1999.237668,2117.156,1809.241
2023-11-12 02:00:00,2464.193,1869.621668,1966.699,1635.9450000000002
2023-11-12 03:00:00,2340.0,1775.638668,1873.5459999999998,1587.625
2023-11-12 04:00:00,2272.296,1759.262001,1881.347,1522.136333
2023-11-12 05:00:00,2289.157,1819.871001,1858.1890010000002,1547.639667
2023-11-12 06:00:00,2336.816,1848.4236680000001,1849.415,1641.6819999999998
2023-11-12 07:00:00,2528.57,1931.244668,1977.0990000000002,1697.079
2023-11-12 08:00:00,2873.73,2256.852668,2278.5113330000004,2012.289
2023-11-12 09:00:00,3215.39,2571.926668,2691.937334,2273.3723330000003
2023-11-12 10:00:00,3530.4539999999997,2811.005668,2938.808666,2484.124334
2023-11-12 11:00:00,3665.373334,2873.407668,3112.1710000000003,2506.58
2023-11-12 12:00:00,3768.349,2909.1106680000003,3163.401,2553.217
2023-11-12 13:00:00,3634.472667,2828.891668,3095.632667,2548.782
2023-11-12 14:00:00,3524.379,2736.0126680000003,3021.5280000000002,2548.754
2023-11-12 15:00:00,3438.371,2772.826668,2955.4086669999997,2484.0789999999997
2023-11-12 16:00:00,3474.4750000000004,2827.940668,2979.9013330000002,2490.831
2023-11-12 17:00:00,3815.235,2979.595668,3171.3540000000003,2704.008
2023-11-12 18:00:00,4086.6359999999995,3234.324668,3347.8410000000003,2901.355
2023-11-12 19:00:00,4026.0996669999995,3222.4296679999998,3432.21,2883.808
2023-11-12 20:00:00,3914.374334,3124.1816679999997,3326.5096670000003,2797.013
2023-11-12 21:00:00,3798.468333,2914.042668,3282.3506660000003,2628.4230000000002
2023-11-12 22:00:00,3536.302,2670.032668,2960.444668,2420.264
2023-11-12 23:00:00,3185.458,2403.3166680000004,2620.503334,2169.4353330000004
2023-11-13 00:00:00,2730.116,2053.239668,2234.054,1866.595333
2023-11-13 01:00:00,2453.8360000000002,1799.193668,1972.201,1643.972
2023-11-13 02:00:00,2281.965,1625.2796680000001,1831.3400000000001,1478.934
2023-11-13 03:00:00,2152.0699999999997,1547.864668,1708.9879999999998,1412.2910000000002
2023-11-13 04:00:00,2140.083,1551.707668,1692.2579999999998,1388.978
2023-11-13 05:00:00,2257.513,1621.0853350000002,1788.0990000000002,1448.312333
2023-11-13 06:00:00,2462.966,1863.325668,1970.9483329999998,1605.335333
2023-11-13 07:00:00,2858.1349999999998,2161.096668,2276.876,1868.0676669999998
2023-11-13 08:00:00,3046.532,2333.703668,2493.776,2109.2720000000004
2023-11-13 09:00:00,3083.397,2382.0626680000005,2396.582333,2131.0370000000003
2023-11-13 10:00:00,3105.695,2292.4766680000002,2435.1293330000003,2147.963
2023-11-13 11:00:00,3085.971,2387.8666679999997,2498.902001,2114.239
2023-11-13 12:00:00,2998.0029999999997,2332.697668,2470.018,2081.853
2023-11-13 13:00:00,3047.06,2376.445668,2465.798,2135.558667
2023-11-13 14:00:00,3063.946,2309.879668,2446.469667,2134.830667
2023-11-13 15:00:00,2949.794,2276.575001,2440.477667,2174.5029999999997
2023-11-13 16:00:00,3137.8990000000003,2362.525001,2631.589,2245.555
2023-11-13 17:00:00,3554.733,2703.717001,2946.356667,2561.438
2023-11-13 18:00:00,4090.158,3117.2680010000004,3334.4049999999997,2862.505
2023-11-13 19:00:00,4235.745,3307.935001,3480.453333,2956.786333
2023-11-13 20:00:00,4135.104,3221.2573350000002,3445.6499999999996,2941.187334
2023-11-13 21:00:00,4059.1279999999997,3210.203668,3364.5550000000003,2814.73
2023-11-13 22:00:00,3758.083,2895.5343350000003,3041.042,2576.269
2023-11-13 23:00:00,3406.987,2593.885001,2803.3630000000003,2280.4159999999997
2023-11-14 00:00:00,3123.933666,2267.266668,2505.013,1982.72
2023-11-14 01:00:00,2904.199,2083.663668,2268.486,1862.987
2023-11-14 02:00:00,2768.384,1977.872668,2119.021667,1732.361
2023-11-14 03:00:00,2613.071,1942.269668,2043.449333,1687.5330000000001
2023-11-14 04:00:00,2588.108,1972.5306679999999,2028.992667,1667.247
2023-11-14 05:00:00,2780.739,2070.834668,2152.293,1766.807
2023-11-14 06:00:00,3103.941,2264.950668,2347.8996669999997,1955.354
2023-11-14 07:00:00,3440.658,2546.129668,2701.883667,2234.701
2023-11-14 08:00:00,3707.6,2778.352668,2861.5916669999997,2501.612
2023-11-14 09:00:00,3755.156,2736.774668,2833.5953339999996,2483.1949999999997
2023-11-14 10:00:00,3468.388,2649.3406680000003,2698.630334,2364.6530000000002
2023-11-14 11:00:00,3419.8070000000002,2519.467668,2681.487333,2308.612
2023-11-14 12:00:00,3334.4089999999997,2383.6246680000004,2653.534333,2251.885
2023-11-14 13:00:00,3203.781,2375.321668,2657.272333,2216.24
2023-11-14 14:00:00,3149.509,2348.900668,2575.189999,2176.543
2023-11-14 15:00:00,3110.855,2354.2316680000004,2641.827667,2189.555
2023-11-14 16:00:00,3315.448333,2496.032668,2818.237,2320.3990000000003
2023-11-14 17:00:00,3878.431,2806.634668,3149.5910000000003,2571.1890009999997
2023-11-14 18:00:00,4231.307,3237.6216679999998,3513.6926670000003,2924.4053329999997
2023-11-14 19:00:00,4371.7480000000005,3206.6796679999998,3577.266667,3063.88
2023-11-14 20:00:00,4233.079,3176.458668,3461.769667,2986.804
2023-11-14 21:00:00,4046.181,3087.614668,3328.9030000000002,2838.186
2023-11-14 22:00:00,3780.9030000000002,2810.122668,3195.956,2629.9109989999997
2023-11-14 23:00:00,3322.375,2419.503668,2745.48,2325.212333
2023-11-15 00:00:00,2976.036,2156.4516679999997,2380.3999999999996,1996.406333
2023-11-15 01:00:00,2704.665,1920.834668,2122.393,1783.668
2023-11-15 02:00:00,2472.106,1754.2216680000001,1972.356,1664.198999
2023-11-15 03:00:00,2385.8199999999997,1721.0766680000002,1902.7289999999998,1567.431999
2023-11-15 04:00:00,2356.6679999999997,1726.586668,1868.500332,1521.438666
2023-11-15 05:00:00,2432.616,1797.702668,1954.739333,1560.072333
2023-11-15 06:00:00,2656.7889999999998,1963.579668,2212.7156670000004,1738.442333
2023-11-15 07:00:00,2891.9840000000004,2193.458668,2413.0570000000002,1956.463
2023-11-15 08:00:00,3218.251,2397.0366679999997,2557.616,2195.362
2023-11-15 09:00:00,3342.602,2489.395668,2618.319,2395.646
2023-11-15 10:00:00,3344.967,2488.490668,2627.731,2348.491
2023-11-15 11:00:00,3281.629,2468.8926679999995,2734.033,2313.227
2023-11-15 12:00:00,3354.726,2506.819668,2744.918,2336.2290000000003
2023-11-15 13:00:00,3269.615,2452.172668,2715.8630000000003,2308.442
2023-11-15 14:00:00,3244.277,2487.010668,2654.731,2262.862
2023-11-15 15:00:00,3319.107,2483.711668,2716.0976659999997,2317.813
2023-11-15 16:00:00,3531.499,2621.2606680000004,2861.2560000000003,2451.817
2023-11-15 17:00:00,3831.4849999999997,2883.821668,3037.08,2630.605
2023-11-15 18:00:00,4080.0309999999995,3138.169668,3396.786,2855.114
2023-11-15 19:00:00,4204.498,3230.301668,3422.8909999999996,2931.063
2023-11-15 20:00:00,4100.287,3134.806668,3407.428,2837.0789999999997
2023-11-15 21:00:00,3909.127,2933.113668,3360.1706660000004,2697.087
2023-11-15 22:00:00,3692.824,2792.913668,3199.658,2606.4480000000003
2023-11-15 23:00:00,3423.5989999999997,2516.516668,2888.375,2325.3219999999997
2023-11-16 00:00:00,3064.6200000000003,2199.518333,2544.085,2025.466
2023-11-16 01:00:00,2731.218,1981.8023329999999,2220.187,1823.2079999999999
2023-11-16 02:00:00,2568.73,1861.3090000000002,2037.734,1714.001
2023-11-16 03:00:00,2500.1270000000004,1814.621,1949.708,1631.317
2023-11-16 04:00:00,2466.145,1862.479,1993.3270000000002,1590.5449999999998
2023-11-16 05:00:00,2582.6006669999997,1924.416,2088.8059999999996,1651.87
2023-11-16 06:00:00,2870.021667,2156.272,2258.13,1851.241
2023-11-16 07:00:00,3191.351333,2414.705,2561.1829999999995,2107.167
2023-11-16 08:00:00,3402.492334,2652.351,2750.294,2349.883
2023-11-16 09:00:00,3490.9759999999997,2621.443,2767.118,2342.443
2023-11-16 10:00:00,3357.3669999999997,2530.214,2643.053,2351.859
2023-11-16 11:00:00,3384.2690000000002,2450.808,2627.339,2296.159
2023-11-16 12:00:00,3299.202,2421.854,2702.9179999999997,2205.143
2023-11-16 13:00:00,3299.712,2390.638,2771.5586670000002,2238.674
2023-11-16 14:00:00,3169.725,2428.562,2734.373999,2262.564
2023-11-16 15:00:00,3137.8329999999996,2375.972667,2639.527,2218.748
2023-11-16 16:00:00,3285.583333,2465.1179999999995,2785.833,2333.0243339999997
2023-11-16 17:00:00,3748.793333,2913.5550000000003,3217.526,2628.724667
2023-11-16 18:00:00,4223.168,3248.184,3557.379,2988.405667
2023-11-16 19:00:00,4436.103666999999,3352.6139999999996,3670.406667,3151.9410000000003
2023-11-16 20:00:00,4410.027667,3437.7870000000003,3578.667001,3126.983
2023-11-16 21:00:00,4293.709333,3323.6620000000003,3519.973666,2994.516
2023-11-16 22:00:00,4028.4449999999997,3054.642,3324.474,2715.5579999999995
2023-11-16 23:00:00,3661.278333,2739.554,2957.2740000000003,2485.572
2023-11-17 00:00:00,2571.603,2049.4410000000003,1876.221,1751.4180000000001
2023-11-17 01:00:00,0.0,0.0,0.0,0.0
2023-11-17 02:00:00,0.0,0.0,0.0,0.0
2023-11-17 03:00:00,0.0,0.0,0.0,0.0
2023-11-17 04:00:00,0.0,0.0,0.0,0.0
2023-11-17 05:00:00,0.0,0.0,0.0,0.0
2023-11-17 06:00:00,0.0,0.0,0.0,0.0
2023-11-17 07:00:00,0.0,0.0,0.0,0.0
2023-11-17 08:00:00,0.0,0.0,0.0,0.0
2023-11-17 09:00:00,0.0,0.0,0.0,0.0
2023-11-17 10:00:00,0.0,0.0,0.0,0.0
2023-11-17 11:00:00,0.0,0.0,0.0,0.0
2023-11-17 12:00:00,0.0,0.0,0.0,0.0
2023-11-17 13:00:00,0.0,0.0,0.0,0.0
2023-11-17 14:00:00,0.0,0.0,0.0,0.0
2023-11-17 15:00:00,0.0,0.0,0.0,0.0
2023-11-17 16:00:00,0.0,0.0,0.0,0.0
2023-11-17 17:00:00,0.0,0.0,0.0,0.0
2023-11-17 18:00:00,0.0,0.0,0.0,0.0
2023-11-17 19:00:00,0.0,0.0,0.0,0.0
2023-11-17 20:00:00,0.0,0.0,0.0,0.0
2023-11-17 21:00:00,0.0,0.0,0.0,0.0
2023-11-17 22:00:00,0.0,0.0,0.0,0.0
2023-11-17 23:00:00,0.0,0.0,0.0,0.0
2023-11-18 00:00:00,0.0,0.0,0.0,0.0
2023-11-18 01:00:00,0.0,0.0,0.0,0.0
2023-11-18 02:00:00,0.0,0.0,0.0,0.0
2023-11-18 03:00:00,0.0,0.0,0.0,0.0
2023-11-18 04:00:00,0.0,0.0,0.0,0.0
2023-11-18 05:00:00,0.0,0.0,0.0,0.0
2023-11-18 06:00:00,0.0,0.0,0.0,0.0
2023-11-18 07:00:00,0.0,0.0,0.0,0.0
2023-11-18 08:00:00,0.0,0.0,0.0,0.0
2023-11-18 09:00:00,0.0,0.0,0.0,0.0
2023-11-18 10:00:00,0.0,0.0,0.0,0.0
2023-11-18 11:00:00,0.0,0.0,0.0,0.0
2023-11-18 12:00:00,0.0,0.0,0.0,0.0
2023-11-18 13:00:00,0.0,0.0,0.0,0.0
2023-11-18 14:00:00,0.0,0.0,0.0,0.0
2023-11-18 15:00:00,0.0,0.0,0.0,0.0
2023-11-18 16:00:00,0.0,0.0,0.0,0.0
2023-11-18 17:00:00,0.0,0.0,0.0,0.0
2023-11-18 18:00:00,0.0,0.0,0.0,0.0
2023-11-18 19:00:00,0.0,0.0,0.0,0.0
2023-11-18 20:00:00,0.0,0.0,0.0,0.0
2023-11-18 21:00:00,0.0,0.0,0.0,0.0
2023-11-18 22:00:00,0.0,0.0,0.0,0.0
2023-11-18 23:00:00,0.0,0.0,0.0,0.0
2023-11-19 00:00:00,0.0,0.0,0.0,0.0
2023-11-19 01:00:00,0.0,0.0,0.0,0.0
2023-11-19 02:00:00,0.0,0.0,0.0,0.0
2023-11-19 03:00:00,0.0,0.0,0.0,0.0
2023-11-19 04:00:00,0.0,0.0,0.0,0.0
2023-11-19 05:00:00,0.0,0.0,0.0,0.0
2023-11-19 06:00:00,0.0,0.0,0.0,0.0
2023-11-19 07:00:00,0.0,0.0,0.0,0.0
2023-11-19 08:00:00,0.0,0.0,0.0,0.0
2023-11-19 09:00:00,0.0,0.0,0.0,0.0
2023-11-19 10:00:00,0.0,0.0,0.0,0.0
2023-11-19 11:00:00,0.0,0.0,0.0,0.0
2023-11-19 12:00:00,0.0,0.0,0.0,0.0
2023-11-19 13:00:00,0.0,0.0,0.0,0.0
2023-11-19 14:00:00,0.0,0.0,0.0,0.0
2023-11-19 15:00:00,0.0,0.0,0.0,0.0
2023-11-19 16:00:00,0.0,0.0,0.0,0.0
2023-11-19 17:00:00,0.0,0.0,0.0,0.0
2023-11-19 18:00:00,0.0,0.0,0.0,0.0
2023-11-19 19:00:00,0.0,0.0,0.0,0.0
2023-11-19 20:00:00,0.0,0.0,0.0,0.0
2023-11-19 21:00:00,0.0,0.0,0.0,0.0
2023-11-19 22:00:00,0.0,0.0,0.0,0.0
2023-11-19 23:00:00,0.0,0.0,0.0,0.0
2023-11-20 00:00:00,0.0,0.0,0.0,0.0
2023-11-20 01:00:00,0.0,0.0,0.0,0.0
2023-11-20 02:00:00,0.0,0.0,0.0,0.0
2023-11-20 03:00:00,0.0,0.0,0.0,0.0
2023-11-20 04:00:00,0.0,0.0,0.0,0.0
2023-11-20 05:00:00,0.0,0.0,0.0,0.0
2023-11-20 06:00:00,0.0,0.0,0.0,0.0
2023-11-20 07:00:00,0.0,0.0,0.0,0.0
2023-11-20 08:00:00,0.0,0.0,0.0,0.0
2023-11-20 09:00:00,0.0,0.0,0.0,0.0
2023-11-20 10:00:00,0.0,0.0,0.0,0.0
2023-11-20 11:00:00,0.0,0.0,0.0,0.0
2023-11-20 12:00:00,0.0,0.0,0.0,0.0
2023-11-20 13:00:00,0.0,0.0,0.0,0.0
2023-11-20 14:00:00,0.0,0.0,0.0,0.0
2023-11-20 15:00:00,0.0,0.0,0.0,0.0
2023-11-20 16:00:00,0.0,0.0,0.0,0.0
2023-11-20 17:00:00,0.0,0.0,0.0,0.0
2023-11-20 18:00:00,0.0,0.0,0.0,0.0
2023-11-20 19:00:00,0.0,0.0,0.0,0.0
2023-11-20 20:00:00,0.0,0.0,0.0,0.0
2023-11-20 21:00:00,0.0,0.0,0.0,0.0
2023-11-20 22:00:00,0.0,0.0,0.0,0.0
2023-11-20 23:00:00,0.0,0.0,0.0,0.0
2023-11-21 00:00:00,0.0,0.0,0.0,0.0
2023-11-21 01:00:00,0.0,0.0,0.0,0.0
2023-11-21 02:00:00,0.0,0.0,0.0,0.0
2023-11-21 03:00:00,0.0,0.0,0.0,0.0
2023-11-21 04:00:00,0.0,0.0,0.0,0.0
2023-11-21 05:00:00,0.0,0.0,0.0,0.0
2023-11-21 06:00:00,0.0,0.0,0.0,0.0
2023-11-21 07:00:00,0.0,0.0,0.0,0.0
2023-11-21 08:00:00,0.0,0.0,0.0,0.0
2023-11-21 09:00:00,0.0,0.0,0.0,0.0
2023-11-21 10:00:00,0.0,0.0,0.0,0.0
2023-11-21 11:00:00,0.0,0.0,0.0,0.0
2023-11-21 12:00:00,0.0,0.0,0.0,0.0
2023-11-21 13:00:00,0.0,0.0,0.0,0.0
2023-11-21 14:00:00,0.0,0.0,0.0,0.0
2023-11-21 15:00:00,0.0,0.0,0.0,0.0
2023-11-21 16:00:00,0.0,0.0,0.0,0.0
2023-11-21 17:00:00,0.0,0.0,0.0,0.0
2023-11-21 18:00:00,0.0,0.0,0.0,0.0
2023-11-21 19:00:00,0.0,0.0,0.0,0.0
2023-11-21 20:00:00,0.0,0.0,0.0,0.0
2023-11-21 21:00:00,0.0,0.0,0.0,0.0
2023-11-21 22:00:00,0.0,0.0,0.0,0.0
2023-11-21 23:00:00,0.0,0.0,0.0,0.0
2023-11-22 00:00:00,0.0,0.0,0.0,0.0
2023-11-22 01:00:00,0.0,0.0,0.0,0.0
2023-11-22 02:00:00,0.0,0.0,0.0,0.0
2023-11-22 03:00:00,0.0,0.0,0.0,0.0
2023-11-22 04:00:00,0.0,0.0,0.0,0.0
2023-11-22 05:00:00,0.0,0.0,0.0,0.0
2023-11-22 06:00:00,0.0,0.0,0.0,0.0
2023-11-22 07:00:00,0.0,0.0,0.0,0.0
2023-11-22 08:00:00,0.0,0.0,0.0,0.0
2023-11-22 09:00:00,0.0,0.0,0.0,0.0
2023-11-22 10:00:00,0.0,0.0,0.0,0.0
2023-11-22 11:00:00,0.0,0.0,0.0,0.0
2023-11-22 12:00:00,0.0,0.0,0.0,0.0
2023-11-22 13:00:00,0.0,0.0,0.0,0.0
2023-11-22 14:00:00,0.0,0.0,0.0,0.0
2023-11-22 15:00:00,0.0,0.0,0.0,0.0
2023-11-22 16:00:00,0.0,0.0,0.0,0.0
2023-11-22 17:00:00,0.0,0.0,0.0,0.0
2023-11-22 18:00:00,0.0,0.0,0.0,0.0
2023-11-22 19:00:00,0.0,0.0,0.0,0.0
2023-11-22 20:00:00,0.0,0.0,0.0,0.0
2023-11-22 21:00:00,0.0,0.0,0.0,0.0
2023-11-22 22:00:00,0.0,0.0,0.0,0.0
2023-11-22 23:00:00,0.0,0.0,0.0,0.0
2023-11-23 00:00:00,0.0,0.0,0.0,0.0
2023-11-23 01:00:00,0.0,0.0,0.0,0.0
2023-11-23 02:00:00,0.0,0.0,0.0,0.0
2023-11-23 03:00:00,0.0,0.0,0.0,0.0
2023-11-23 04:00:00,0.0,0.0,0.0,0.0
2023-11-23 05:00:00,0.0,0.0,0.0,0.0
2023-11-23 06:00:00,0.0,0.0,0.0,0.0
2023-11-23 07:00:00,0.0,0.0,0.0,0.0
2023-11-23 08:00:00,0.0,0.0,0.0,0.0
2023-11-23 09:00:00,0.0,0.0,0.0,0.0
2023-11-23 10:00:00,0.0,0.0,0.0,0.0
2023-11-23 11:00:00,0.0,0.0,0.0,0.0
2023-11-23 12:00:00,0.0,0.0,0.0,0.0
2023-11-23 13:00:00,0.0,0.0,0.0,0.0
2023-11-23 14:00:00,0.0,0.0,0.0,0.0
2023-11-23 15:00:00,0.0,0.0,0.0,0.0
2023-11-23 16:00:00,0.0,0.0,0.0,0.0
2023-11-23 17:00:00,0.0,0.0,0.0,0.0
2023-11-23 18:00:00,0.0,0.0,0.0,0.0
2023-11-23 19:00:00,0.0,0.0,0.0,0.0
2023-11-23 20:00:00,0.0,0.0,0.0,0.0
2023-11-23 21:00:00,0.0,0.0,0.0,0.0
2023-11-23 22:00:00,0.0,0.0,0.0,0.0
2023-11-23 23:00:00,0.0,0.0,0.0,0.0
2023-11-24 00:00:00,0.0,0.0,0.0,0.0
2023-11-24 01:00:00,0.0,0.0,0.0,0.0
2023-11-24 02:00:00,0.0,0.0,0.0,0.0
2023-11-24 03:00:00,0.0,0.0,0.0,0.0
2023-11-24 04:00:00,0.0,0.0,0.0,0.0
2023-11-24 05:00:00,0.0,0.0,0.0,0.0
2023-11-24 06:00:00,0.0,0.0,0.0,0.0
2023-11-24 07:00:00,0.0,0.0,0.0,0.0
2023-11-24 08:00:00,0.0,0.0,0.0,0.0
2023-11-24 09:00:00,0.0,0.0,0.0,0.0
2023-11-24 10:00:00,0.0,0.0,0.0,0.0
2023-11-24 11:00:00,0.0,0.0,0.0,0.0
2023-11-24 12:00:00,0.0,0.0,0.0,0.0
2023-11-24 13:00:00,0.0,0.0,0.0,0.0
2023-11-24 14:00:00,0.0,0.0,0.0,0.0
2023-11-24 15:00:00,0.0,0.0,0.0,0.0
2023-11-24 16:00:00,0.0,0.0,0.0,0.0
2023-11-24 17:00:00,0.0,0.0,0.0,0.0
2023-11-24 18:00:00,0.0,0.0,0.0,0.0
2023-11-24 19:00:00,0.0,0.0,0.0,0.0
2023-11-24 20:00:00,0.0,0.0,0.0,0.0
2023-11-24 21:00:00,0.0,0.0,0.0,0.0
2023-11-24 22:00:00,0.0,0.0,0.0,0.0
2023-11-24 23:00:00,0.0,0.0,0.0,0.0
2023-11-25 00:00:00,0.0,0.0,0.0,0.0
2023-11-25 01:00:00,0.0,0.0,0.0,0.0
2023-11-25 02:00:00,0.0,0.0,0.0,0.0
2023-11-25 03:00:00,0.0,0.0,0.0,0.0
2023-11-25 04:00:00,0.0,0.0,0.0,0.0
2023-11-25 05:00:00,0.0,0.0,0.0,0.0
2023-11-25 06:00:00,0.0,0.0,0.0,0.0
2023-11-25 07:00:00,0.0,0.0,0.0,0.0
2023-11-25 08:00:00,0.0,0.0,0.0,0.0
2023-11-25 09:00:00,0.0,0.0,0.0,0.0
2023-11-25 10:00:00,0.0,0.0,0.0,0.0
2023-11-25 11:00:00,0.0,0.0,0.0,0.0
2023-11-25 12:00:00,0.0,0.0,0.0,0.0
2023-11-25 13:00:00,0.0,0.0,0.0,0.0
2023-11-25 14:00:00,0.0,0.0,0.0,0.0
2023-11-25 15:00:00,0.0,0.0,0.0,0.0
2023-11-25 16:00:00,0.0,0.0,0.0,0.0
2023-11-25 17:00:00,0.0,0.0,0.0,0.0
2023-11-25 18:00:00,0.0,0.0,0.0,0.0
2023-11-25 19:00:00,0.0,0.0,0.0,0.0
2023-11-25 20:00:00,0.0,0.0,0.0,0.0
2023-11-25 21:00:00,0.0,0.0,0.0,0.0
2023-11-25 22:00:00,0.0,0.0,0.0,0.0
2023-11-25 23:00:00,0.0,0.0,0.0,0.0
2023-11-26 00:00:00,0.0,0.0,0.0,0.0
2023-11-26 01:00:00,0.0,0.0,0.0,0.0
2023-11-26 02:00:00,0.0,0.0,0.0,0.0
2023-11-26 03:00:00,0.0,0.0,0.0,0.0
2023-11-26 04:00:00,0.0,0.0,0.0,0.0
2023-11-26 05:00:00,0.0,0.0,0.0,0.0
2023-11-26 06:00:00,0.0,0.0,0.0,0.0
2023-11-26 07:00:00,0.0,0.0,0.0,0.0
2023-11-26 08:00:00,0.0,0.0,0.0,0.0
2023-11-26 09:00:00,0.0,0.0,0.0,0.0
2023-11-26 10:00:00,0.0,0.0,0.0,0.0
2023-11-26 11:00:00,0.0,0.0,0.0,0.0
2023-11-26 12:00:00,0.0,0.0,0.0,0.0
2023-11-26 13:00:00,0.0,0.0,0.0,0.0
2023-11-26 14:00:00,0.0,0.0,0.0,0.0
2023-11-26 15:00:00,0.0,0.0,0.0,0.0
2023-11-26 16:00:00,0.0,0.0,0.0,0.0
2023-11-26 17:00:00,0.0,0.0,0.0,0.0
2023-11-26 18:00:00,0.0,0.0,0.0,0.0
2023-11-26 19:00:00,0.0,0.0,0.0,0.0
2023-11-26 20:00:00,0.0,0.0,0.0,0.0
2023-11-26 21:00:00,0.0,0.0,0.0,0.0
2023-11-26 22:00:00,0.0,0.0,0.0,0.0
2023-11-26 23:00:00,0.0,0.0,0.0,0.0
2023-11-27 00:00:00,0.0,0.0,0.0,0.0
2023-11-27 01:00:00,0.0,0.0,0.0,0.0
2023-11-27 02:00:00,0.0,0.0,0.0,0.0
2023-11-27 03:00:00,0.0,0.0,0.0,0.0
2023-11-27 04:00:00,0.0,0.0,0.0,0.0
2023-11-27 05:00:00,0.0,0.0,0.0,0.0
2023-11-27 06:00:00,0.0,0.0,0.0,0.0
2023-11-27 07:00:00,0.0,0.0,0.0,0.0
2023-11-27 08:00:00,0.0,0.0,0.0,0.0
2023-11-27 09:00:00,0.0,0.0,0.0,0.0
2023-11-27 10:00:00,0.0,0.0,0.0,0.0
2023-11-27 11:00:00,0.0,0.0,0.0,0.0
2023-11-27 12:00:00,0.0,0.0,0.0,0.0
2023-11-27 13:00:00,0.0,0.0,0.0,0.0
2023-11-27 14:00:00,0.0,0.0,0.0,0.0
2023-11-27 15:00:00,0.0,0.0,0.0,0.0
2023-11-27 16:00:00,0.0,0.0,0.0,0.0
2023-11-27 17:00:00,0.0,0.0,0.0,0.0
2023-11-27 18:00:00,0.0,0.0,0.0,0.0
2023-11-27 19:00:00,0.0,0.0,0.0,0.0
2023-11-27 20:00:00,0.0,0.0,0.0,0.0
2023-11-27 21:00:00,0.0,0.0,0.0,0.0
2023-11-27 22:00:00,0.0,0.0,0.0,0.0
2023-11-27 23:00:00,0.0,0.0,0.0,0.0
2023-11-28 00:00:00,0.0,0.0,0.0,0.0
2023-11-28 01:00:00,0.0,0.0,0.0,0.0
2023-11-28 02:00:00,0.0,0.0,0.0,0.0
2023-11-28 03:00:00,0.0,0.0,0.0,0.0
2023-11-28 04:00:00,0.0,0.0,0.0,0.0
2023-11-28 05:00:00,0.0,0.0,0.0,0.0
2023-11-28 06:00:00,0.0,0.0,0.0,0.0
2023-11-28 07:00:00,0.0,0.0,0.0,0.0
2023-11-28 08:00:00,0.0,0.0,0.0,0.0
2023-11-28 09:00:00,0.0,0.0,0.0,0.0
2023-11-28 10:00:00,0.0,0.0,0.0,0.0
2023-11-28 11:00:00,0.0,0.0,0.0,0.0
2023-11-28 12:00:00,0.0,0.0,0.0,0.0
2023-11-28 13:00:00,0.0,0.0,0.0,0.0
2023-11-28 14:00:00,0.0,0.0,0.0,0.0
2023-11-28 15:00:00,0.0,0.0,0.0,0.0
2023-11-28 16:00:00,0.0,0.0,0.0,0.0
2023-11-28 17:00:00,0.0,0.0,0.0,0.0
2023-11-28 18:00:00,0.0,0.0,0.0,0.0
2023-11-28 19:00:00,0.0,0.0,0.0,0.0
2023-11-28 20:00:00,0.0,0.0,0.0,0.0
2023-11-28 21:00:00,0.0,0.0,0.0,0.0
2023-11-28 22:00:00,0.0,0.0,0.0,0.0
2023-11-28 23:00:00,0.0,0.0,0.0,0.0
2023-11-29 00:00:00,0.0,0.0,0.0,0.0
2023-11-29 01:00:00,0.0,0.0,0.0,0.0
2023-11-29 02:00:00,0.0,0.0,0.0,0.0
2023-11-29 03:00:00,0.0,0.0,0.0,0.0
2023-11-29 04:00:00,0.0,0.0,0.0,0.0
2023-11-29 05:00:00,0.0,0.0,0.0,0.0
2023-11-29 06:00:00,0.0,0.0,0.0,0.0
2023-11-29 07:00:00,0.0,0.0,0.0,0.0
2023-11-29 08:00:00,0.0,0.0,0.0,0.0
2023-11-29 09:00:00,0.0,0.0,0.0,0.0
2023-11-29 10:00:00,0.0,0.0,0.0,0.0
2023-11-29 11:00:00,0.0,0.0,0.0,0.0
2023-11-29 12:00:00,0.0,0.0,0.0,0.0
2023-11-29 13:00:00,0.0,0.0,0.0,0.0
2023-11-29 14:00:00,0.0,0.0,0.0,0.0
2023-11-29 15:00:00,0.0,0.0,0.0,0.0
2023-11-29 16:00:00,0.0,0.0,0.0,0.0
2023-11-29 17:00:00,0.0,0.0,0.0,0.0
2023-11-29 18:00:00,0.0,0.0,0.0,0.0
2023-11-29 19:00:00,0.0,0.0,0.0,0.0
2023-11-29 20:00:00,0.0,0.0,0.0,0.0
2023-11-29 21:00:00,0.0,0.0,0.0,0.0
2023-11-29 22:00:00,0.0,0.0,0.0,0.0
2023-11-29 23:00:00,0.0,0.0,0.0,0.0
2023-11-30 00:00:00,0.0,0.0,0.0,0.0
2023-11-30 01:00:00,0.0,0.0,0.0,0.0
2023-11-30 02:00:00,0.0,0.0,0.0,0.0
2023-11-30 03:00:00,0.0,0.0,0.0,0.0
2023-11-30 04:00:00,0.0,0.0,0.0,0.0
2023-11-30 05:00:00,0.0,0.0,0.0,0.0
2023-11-30 06:00:00,0.0,0.0,0.0,0.0
2023-11-30 07:00:00,0.0,0.0,0.0,0.0
2023-11-30 08:00:00,0.0,0.0,0.0,0.0
2023-11-30 09:00:00,0.0,0.0,0.0,0.0
2023-11-30 10:00:00,0.0,0.0,0.0,0.0
2023-11-30 11:00:00,0.0,0.0,0.0,0.0
2023-11-30 12:00:00,0.0,0.0,0.0,0.0
2023-11-30 13:00:00,0.0,0.0,0.0,0.0
2023-11-30 14:00:00,0.0,0.0,0.0,0.0
2023-11-30 15:00:00,0.0,0.0,0.0,0.0
2023-11-30 16:00:00,0.0,0.0,0.0,0.0
2023-11-30 17:00:00,0.0,0.0,0.0,0.0
2023-11-30 18:00:00,0.0,0.0,0.0,0.0
2023-11-30 19:00:00,0.0,0.0,0.0,0.0
2023-11-30 20:00:00,0.0,0.0,0.0,0.0
2023-11-30 21:00:00,0.0,0.0,0.0,0.0
2023-11-30 22:00:00,0.0,0.0,0.0,0.0
2023-11-30 23:00:00,0.0,0.0,0.0,0.0
2023-12-01 00:00:00,0.0,0.0,0.0,0.0
2023-12-01 01:00:00,0.0,0.0,0.0,0.0
2023-12-01 02:00:00,0.0,0.0,0.0,0.0
2023-12-01 03:00:00,0.0,0.0,0.0,0.0
2023-12-01 04:00:00,0.0,0.0,0.0,0.0
2023-12-01 05:00:00,0.0,0.0,0.0,0.0
2023-12-01 06:00:00,0.0,0.0,0.0,0.0
2023-12-01 07:00:00,0.0,0.0,0.0,0.0
2023-12-01 08:00:00,0.0,0.0,0.0,0.0
2023-12-01 09:00:00,0.0,0.0,0.0,0.0
2023-12-01 10:00:00,0.0,0.0,0.0,0.0
2023-12-01 11:00:00,0.0,0.0,0.0,0.0
2023-12-01 12:00:00,0.0,0.0,0.0,0.0
2023-12-01 13:00:00,0.0,0.0,0.0,0.0
2023-12-01 14:00:00,0.0,0.0,0.0,0.0
2023-12-01 15:00:00,0.0,0.0,0.0,0.0
2023-12-01 16:00:00,0.0,0.0,0.0,0.0
2023-12-01 17:00:00,0.0,0.0,0.0,0.0
2023-12-01 18:00:00,0.0,0.0,0.0,0.0
2023-12-01 19:00:00,0.0,0.0,0.0,0.0
2023-12-01 20:00:00,0.0,0.0,0.0,0.0
2023-12-01 21:00:00,0.0,0.0,0.0,0.0
2023-12-01 22:00:00,0.0,0.0,0.0,0.0
2023-12-01 23:00:00,0.0,0.0,0.0,0.0
2023-12-02 00:00:00,0.0,0.0,0.0,0.0
2023-12-02 01:00:00,0.0,0.0,0.0,0.0
2023-12-02 02:00:00,0.0,0.0,0.0,0.0
2023-12-02 03:00:00,0.0,0.0,0.0,0.0
2023-12-02 04:00:00,0.0,0.0,0.0,0.0
2023-12-02 05:00:00,0.0,0.0,0.0,0.0
2023-12-02 06:00:00,0.0,0.0,0.0,0.0
2023-12-02 07:00:00,0.0,0.0,0.0,0.0
2023-12-02 08:00:00,0.0,0.0,0.0,0.0
2023-12-02 09:00:00,0.0,0.0,0.0,0.0
2023-12-02 10:00:00,0.0,0.0,0.0,0.0
2023-12-02 11:00:00,0.0,0.0,0.0,0.0
2023-12-02 12:00:00,0.0,0.0,0.0,0.0
2023-12-02 13:00:00,0.0,0.0,0.0,0.0
2023-12-02 14:00:00,0.0,0.0,0.0,0.0
2023-12-02 15:00:00,0.0,0.0,0.0,0.0
2023-12-02 16:00:00,0.0,0.0,0.0,0.0
2023-12-02 17:00:00,0.0,0.0,0.0,0.0
2023-12-02 18:00:00,0.0,0.0,0.0,0.0
2023-12-02 19:00:00,0.0,0.0,0.0,0.0
2023-12-02 20:00:00,0.0,0.0,0.0,0.0
2023-12-02 21:00:00,0.0,0.0,0.0,0.0
2023-12-02 22:00:00,0.0,0.0,0.0,0.0
2023-12-02 23:00:00,0.0,0.0,0.0,0.0
2023-12-03 00:00:00,0.0,0.0,0.0,0.0
2023-12-03 01:00:00,0.0,0.0,0.0,0.0
2023-12-03 02:00:00,0.0,0.0,0.0,0.0
2023-12-03 03:00:00,0.0,0.0,0.0,0.0
2023-12-03 04:00:00,0.0,0.0,0.0,0.0
2023-12-03 05:00:00,0.0,0.0,0.0,0.0
2023-12-03 06:00:00,0.0,0.0,0.0,0.0
2023-12-03 07:00:00,0.0,0.0,0.0,0.0
2023-12-03 08:00:00,0.0,0.0,0.0,0.0
2023-12-03 09:00:00,0.0,0.0,0.0,0.0
2023-12-03 10:00:00,0.0,0.0,0.0,0.0
2023-12-03 11:00:00,0.0,0.0,0.0,0.0
2023-12-03 12:00:00,0.0,0.0,0.0,0.0
2023-12-03 13:00:00,0.0,0.0,0.0,0.0
2023-12-03 14:00:00,0.0,0.0,0.0,0.0
2023-12-03 15:00:00,0.0,0.0,0.0,0.0
2023-12-03 16:00:00,0.0,0.0,0.0,0.0
2023-12-03 17:00:00,0.0,0.0,0.0,0.0
2023-12-03 18:00:00,0.0,0.0,0.0,0.0
2023-12-03 19:00:00,0.0,0.0,0.0,0.0
2023-12-03 20:00:00,0.0,0.0,0.0,0.0
2023-12-03 21:00:00,0.0,0.0,0.0,0.0
2023-12-03 22:00:00,0.0,0.0,0.0,0.0
2023-12-03 23:00:00,0.0,0.0,0.0,0.0
2023-12-04 00:00:00,0.0,0.0,0.0,0.0
2023-12-04 01:00:00,0.0,0.0,0.0,0.0
2023-12-04 02:00:00,0.0,0.0,0.0,0.0
2023-12-04 03:00:00,0.0,0.0,0.0,0.0
2023-12-04 04:00:00,0.0,0.0,0.0,0.0
2023-12-04 05:00:00,0.0,0.0,0.0,0.0
2023-12-04 06:00:00,0.0,0.0,0.0,0.0
2023-12-04 07:00:00,0.0,0.0,0.0,0.0
2023-12-04 08:00:00,0.0,0.0,0.0,0.0
2023-12-04 09:00:00,0.0,0.0,0.0,0.0
2023-12-04 10:00:00,0.0,0.0,0.0,0.0
2023-12-04 11:00:00,0.0,0.0,0.0,0.0
2023-12-04 12:00:00,0.0,0.0,0.0,0.0
2023-12-04 13:00:00,0.0,0.0,0.0,0.0
2023-12-04 14:00:00,0.0,0.0,0.0,0.0
2023-12-04 15:00:00,0.0,0.0,0.0,0.0
2023-12-04 16:00:00,0.0,0.0,0.0,0.0
2023-12-04 17:00:00,0.0,0.0,0.0,0.0
2023-12-04 18:00:00,0.0,0.0,0.0,0.0
2023-12-04 19:00:00,0.0,0.0,0.0,0.0
2023-12-04 20:00:00,0.0,0.0,0.0,0.0
2023-12-04 21:00:00,0.0,0.0,0.0,0.0
2023-12-04 22:00:00,0.0,0.0,0.0,0.0
2023-12-04 23:00:00,0.0,0.0,0.0,0.0
2023-12-05 00:00:00,0.0,0.0,0.0,0.0
2023-12-05 01:00:00,0.0,0.0,0.0,0.0
2023-12-05 02:00:00,0.0,0.0,0.0,0.0
2023-12-05 03:00:00,0.0,0.0,0.0,0.0
2023-12-05 04:00:00,0.0,0.0,0.0,0.0
2023-12-05 05:00:00,0.0,0.0,0.0,0.0
2023-12-05 06:00:00,0.0,0.0,0.0,0.0
2023-12-05 07:00:00,0.0,0.0,0.0,0.0
2023-12-05 08:00:00,0.0,0.0,0.0,0.0
2023-12-05 09:00:00,0.0,0.0,0.0,0.0
2023-12-05 10:00:00,0.0,0.0,0.0,0.0
2023-12-05 11:00:00,0.0,0.0,0.0,0.0
2023-12-05 12:00:00,0.0,0.0,0.0,0.0
2023-12-05 13:00:00,0.0,0.0,0.0,0.0
2023-12-05 14:00:00,0.0,0.0,0.0,0.0
2023-12-05 15:00:00,0.0,0.0,0.0,0.0
2023-12-05 16:00:00,0.0,0.0,0.0,0.0
2023-12-05 17:00:00,0.0,0.0,0.0,0.0
2023-12-05 18:00:00,0.0,0.0,0.0,0.0
2023-12-05 19:00:00,0.0,0.0,0.0,0.0
2023-12-05 20:00:00,0.0,0.0,0.0,0.0
2023-12-05 21:00:00,0.0,0.0,0.0,0.0
2023-12-05 22:00:00,0.0,0.0,0.0,0.0
2023-12-05 23:00:00,0.0,0.0,0.0,0.0
2023-12-06 00:00:00,0.0,0.0,0.0,0.0
2023-12-06 01:00:00,0.0,0.0,0.0,0.0
2023-12-06 02:00:00,0.0,0.0,0.0,0.0
2023-12-06 03:00:00,0.0,0.0,0.0,0.0
2023-12-06 04:00:00,0.0,0.0,0.0,0.0
2023-12-06 05:00:00,0.0,0.0,0.0,0.0
2023-12-06 06:00:00,0.0,0.0,0.0,0.0
2023-12-06 07:00:00,0.0,0.0,0.0,0.0
2023-12-06 08:00:00,0.0,0.0,0.0,0.0
2023-12-06 09:00:00,0.0,0.0,0.0,0.0
2023-12-06 10:00:00,0.0,0.0,0.0,0.0
2023-12-06 11:00:00,0.0,0.0,0.0,0.0
2023-12-06 12:00:00,0.0,0.0,0.0,0.0
2023-12-06 13:00:00,0.0,0.0,0.0,0.0
2023-12-06 14:00:00,0.0,0.0,0.0,0.0
2023-12-06 15:00:00,0.0,0.0,0.0,0.0
2023-12-06 16:00:00,0.0,0.0,0.0,0.0
2023-12-06 17:00:00,0.0,0.0,0.0,0.0
2023-12-06 18:00:00,0.0,0.0,0.0,0.0
2023-12-06 19:00:00,0.0,0.0,0.0,0.0
2023-12-06 20:00:00,0.0,0.0,0.0,0.0
2023-12-06 21:00:00,0.0,0.0,0.0,0.0
2023-12-06 22:00:00,0.0,0.0,0.0,0.0
2023-12-06 23:00:00,0.0,0.0,0.0,0.0
2023-12-07 00:00:00,0.0,0.0,0.0,0.0
2023-12-07 01:00:00,0.0,0.0,0.0,0.0
2023-12-07 02:00:00,0.0,0.0,0.0,0.0
2023-12-07 03:00:00,0.0,0.0,0.0,0.0
2023-12-07 04:00:00,0.0,0.0,0.0,0.0
2023-12-07 05:00:00,0.0,0.0,0.0,0.0
2023-12-07 06:00:00,0.0,0.0,0.0,0.0
2023-12-07 07:00:00,0.0,0.0,0.0,0.0
2023-12-07 08:00:00,0.0,0.0,0.0,0.0
2023-12-07 09:00:00,0.0,0.0,0.0,0.0
2023-12-07 10:00:00,0.0,0.0,0.0,0.0
2023-12-07 11:00:00,0.0,0.0,0.0,0.0
2023-12-07 12:00:00,0.0,0.0,0.0,0.0
2023-12-07 13:00:00,0.0,0.0,0.0,0.0
2023-12-07 14:00:00,0.0,0.0,0.0,0.0
2023-12-07 15:00:00,0.0,0.0,0.0,0.0
2023-12-07 16:00:00,0.0,0.0,0.0,0.0
2023-12-07 17:00:00,0.0,0.0,0.0,0.0
2023-12-07 18:00:00,0.0,0.0,0.0,0.0
2023-12-07 19:00:00,0.0,0.0,0.0,0.0
2023-12-07 20:00:00,0.0,0.0,0.0,0.0
2023-12-07 21:00:00,0.0,0.0,0.0,0.0
2023-12-07 22:00:00,0.0,0.0,0.0,0.0
2023-12-07 23:00:00,0.0,0.0,0.0,0.0
2023-12-08 00:00:00,0.0,0.0,0.0,0.0
2023-12-08 01:00:00,0.0,0.0,0.0,0.0
2023-12-08 02:00:00,0.0,0.0,0.0,0.0
2023-12-08 03:00:00,0.0,0.0,0.0,0.0
2023-12-08 04:00:00,0.0,0.0,0.0,0.0
2023-12-08 05:00:00,0.0,0.0,0.0,0.0
2023-12-08 06:00:00,0.0,0.0,0.0,0.0
2023-12-08 07:00:00,0.0,0.0,0.0,0.0
2023-12-08 08:00:00,0.0,0.0,0.0,0.0
2023-12-08 09:00:00,0.0,0.0,0.0,0.0
2023-12-08 10:00:00,0.0,0.0,0.0,0.0
2023-12-08 11:00:00,0.0,0.0,0.0,0.0
2023-12-08 12:00:00,0.0,0.0,0.0,0.0
2023-12-08 13:00:00,0.0,0.0,0.0,0.0
2023-12-08 14:00:00,0.0,0.0,0.0,0.0
2023-12-08 15:00:00,0.0,0.0,0.0,0.0
2023-12-08 16:00:00,0.0,0.0,0.0,0.0
2023-12-08 17:00:00,0.0,0.0,0.0,0.0
2023-12-08 18:00:00,0.0,0.0,0.0,0.0
2023-12-08 19:00:00,0.0,0.0,0.0,0.0
2023-12-08 20:00:00,0.0,0.0,0.0,0.0
2023-12-08 21:00:00,0.0,0.0,0.0,0.0
2023-12-08 22:00:00,0.0,0.0,0.0,0.0
2023-12-08 23:00:00,0.0,0.0,0.0,0.0
2023-12-09 00:00:00,0.0,0.0,0.0,0.0
2023-12-09 01:00:00,0.0,0.0,0.0,0.0
2023-12-09 02:00:00,0.0,0.0,0.0,0.0
2023-12-09 03:00:00,0.0,0.0,0.0,0.0
2023-12-09 04:00:00,0.0,0.0,0.0,0.0
2023-12-09 05:00:00,0.0,0.0,0.0,0.0
2023-12-09 06:00:00,0.0,0.0,0.0,0.0
2023-12-09 07:00:00,0.0,0.0,0.0,0.0
2023-12-09 08:00:00,0.0,0.0,0.0,0.0
2023-12-09 09:00:00,0.0,0.0,0.0,0.0
2023-12-09 10:00:00,0.0,0.0,0.0,0.0
2023-12-09 11:00:00,0.0,0.0,0.0,0.0
2023-12-09 12:00:00,0.0,0.0,0.0,0.0
2023-12-09 13:00:00,0.0,0.0,0.0,0.0
2023-12-09 14:00:00,0.0,0.0,0.0,0.0
2023-12-09 15:00:00,0.0,0.0,0.0,0.0
2023-12-09 16:00:00,0.0,0.0,0.0,0.0
2023-12-09 17:00:00,0.0,0.0,0.0,0.0
2023-12-09 18:00:00,0.0,0.0,0.0,0.0
2023-12-09 19:00:00,0.0,0.0,0.0,0.0
2023-12-09 20:00:00,0.0,0.0,0.0,0.0
2023-12-09 21:00:00,0.0,0.0,0.0,0.0
2023-12-09 22:00:00,0.0,0.0,0.0,0.0
2023-12-09 23:00:00,0.0,0.0,0.0,0.0
2023-12-10 00:00:00,0.0,0.0,0.0,0.0
2023-12-10 01:00:00,0.0,0.0,0.0,0.0
2023-12-10 02:00:00,0.0,0.0,0.0,0.0
2023-12-10 03:00:00,0.0,0.0,0.0,0.0
2023-12-10 04:00:00,0.0,0.0,0.0,0.0
2023-12-10 05:00:00,0.0,0.0,0.0,0.0
2023-12-10 06:00:00,0.0,0.0,0.0,0.0
2023-12-10 07:00:00,0.0,0.0,0.0,0.0
2023-12-10 08:00:00,0.0,0.0,0.0,0.0
2023-12-10 09:00:00,0.0,0.0,0.0,0.0
2023-12-10 10:00:00,0.0,0.0,0.0,0.0
2023-12-10 11:00:00,0.0,0.0,0.0,0.0
2023-12-10 12:00:00,0.0,0.0,0.0,0.0
2023-12-10 13:00:00,0.0,0.0,0.0,0.0
2023-12-10 14:00:00,0.0,0.0,0.0,0.0
2023-12-10 15:00:00,0.0,0.0,0.0,0.0
2023-12-10 16:00:00,0.0,0.0,0.0,0.0
2023-12-10 17:00:00,0.0,0.0,0.0,0.0
2023-12-10 18:00:00,0.0,0.0,0.0,0.0
2023-12-10 19:00:00,0.0,0.0,0.0,0.0
2023-12-10 20:00:00,0.0,0.0,0.0,0.0
2023-12-10 21:00:00,0.0,0.0,0.0,0.0
2023-12-10 22:00:00,0.0,0.0,0.0,0.0
2023-12-10 23:00:00,0.0,0.0,0.0,0.0
2023-12-11 00:00:00,0.0,0.0,0.0,0.0
2023-12-11 01:00:00,0.0,0.0,0.0,0.0
2023-12-11 02:00:00,0.0,0.0,0.0,0.0
2023-12-11 03:00:00,0.0,0.0,0.0,0.0
2023-12-11 04:00:00,0.0,0.0,0.0,0.0
2023-12-11 05:00:00,0.0,0.0,0.0,0.0
2023-12-11 06:00:00,0.0,0.0,0.0,0.0
2023-12-11 07:00:00,0.0,0.0,0.0,0.0
2023-12-11 08:00:00,0.0,0.0,0.0,0.0
2023-12-11 09:00:00,0.0,0.0,0.0,0.0
2023-12-11 10:00:00,0.0,0.0,0.0,0.0
2023-12-11 11:00:00,0.0,0.0,0.0,0.0
2023-12-11 12:00:00,0.0,0.0,0.0,0.0
2023-12-11 13:00:00,0.0,0.0,0.0,0.0
2023-12-11 14:00:00,0.0,0.0,0.0,0.0
2023-12-11 15:00:00,0.0,0.0,0.0,0.0
2023-12-11 16:00:00,0.0,0.0,0.0,0.0
2023-12-11 17:00:00,0.0,0.0,0.0,0.0
2023-12-11 18:00:00,0.0,0.0,0.0,0.0
2023-12-11 19:00:00,0.0,0.0,0.0,0.0
2023-12-11 20:00:00,0.0,0.0,0.0,0.0
2023-12-11 21:00:00,0.0,0.0,0.0,0.0
2023-12-11 22:00:00,0.0,0.0,0.0,0.0
2023-12-11 23:00:00,0.0,0.0,0.0,0.0
2023-12-12 00:00:00,0.0,0.0,0.0,0.0
2023-12-12 01:00:00,0.0,0.0,0.0,0.0
2023-12-12 02:00:00,0.0,0.0,0.0,0.0
2023-12-12 03:00:00,0.0,0.0,0.0,0.0
2023-12-12 04:00:00,0.0,0.0,0.0,0.0
2023-12-12 05:00:00,0.0,0.0,0.0,0.0
2023-12-12 06:00:00,0.0,0.0,0.0,0.0
2023-12-12 07:00:00,0.0,0.0,0.0,0.0
2023-12-12 08:00:00,0.0,0.0,0.0,0.0
2023-12-12 09:00:00,0.0,0.0,0.0,0.0
2023-12-12 10:00:00,0.0,0.0,0.0,0.0
2023-12-12 11:00:00,0.0,0.0,0.0,0.0
2023-12-12 12:00:00,0.0,0.0,0.0,0.0
2023-12-12 13:00:00,0.0,0.0,0.0,0.0
2023-12-12 14:00:00,0.0,0.0,0.0,0.0
2023-12-12 15:00:00,0.0,0.0,0.0,0.0
2023-12-12 16:00:00,0.0,0.0,0.0,0.0
2023-12-12 17:00:00,0.0,0.0,0.0,0.0
2023-12-12 18:00:00,0.0,0.0,0.0,0.0
2023-12-12 19:00:00,0.0,0.0,0.0,0.0
2023-12-12 20:00:00,0.0,0.0,0.0,0.0
2023-12-12 21:00:00,0.0,0.0,0.0,0.0
2023-12-12 22:00:00,0.0,0.0,0.0,0.0
2023-12-12 23:00:00,0.0,0.0,0.0,0.0
2023-12-13 00:00:00,0.0,0.0,0.0,0.0
2023-12-13 01:00:00,0.0,0.0,0.0,0.0
2023-12-13 02:00:00,0.0,0.0,0.0,0.0
2023-12-13 03:00:00,0.0,0.0,0.0,0.0
2023-12-13 04:00:00,0.0,0.0,0.0,0.0
2023-12-13 05:00:00,0.0,0.0,0.0,0.0
2023-12-13 06:00:00,0.0,0.0,0.0,0.0
2023-12-13 07:00:00,0.0,0.0,0.0,0.0
2023-12-13 08:00:00,0.0,0.0,0.0,0.0
2023-12-13 09:00:00,0.0,0.0,0.0,0.0
2023-12-13 10:00:00,0.0,0.0,0.0,0.0
2023-12-13 11:00:00,0.0,0.0,0.0,0.0
2023-12-13 12:00:00,0.0,0.0,0.0,0.0
2023-12-13 13:00:00,0.0,0.0,0.0,0.0
2023-12-13 14:00:00,0.0,0.0,0.0,0.0
2023-12-13 15:00:00,0.0,0.0,0.0,0.0
2023-12-13 16:00:00,0.0,0.0,0.0,0.0
2023-12-13 17:00:00,0.0,0.0,0.0,0.0
2023-12-13 18:00:00,0.0,0.0,0.0,0.0
2023-12-13 19:00:00,0.0,0.0,0.0,0.0
2023-12-13 20:00:00,0.0,0.0,0.0,0.0
2023-12-13 21:00:00,0.0,0.0,0.0,0.0
2023-12-13 22:00:00,0.0,0.0,0.0,0.0
2023-12-13 23:00:00,0.0,0.0,0.0,0.0
2023-12-14 00:00:00,0.0,0.0,0.0,0.0
2023-12-14 01:00:00,0.0,0.0,0.0,0.0
2023-12-14 02:00:00,0.0,0.0,0.0,0.0
2023-12-14 03:00:00,0.0,0.0,0.0,0.0
2023-12-14 04:00:00,0.0,0.0,0.0,0.0
2023-12-14 05:00:00,0.0,0.0,0.0,0.0
2023-12-14 06:00:00,0.0,0.0,0.0,0.0
2023-12-14 07:00:00,0.0,0.0,0.0,0.0
2023-12-14 08:00:00,0.0,0.0,0.0,0.0
2023-12-14 09:00:00,0.0,0.0,0.0,0.0
2023-12-14 10:00:00,0.0,0.0,0.0,0.0
2023-12-14 11:00:00,0.0,0.0,0.0,0.0
2023-12-14 12:00:00,0.0,0.0,0.0,0.0
2023-12-14 13:00:00,0.0,0.0,0.0,0.0
2023-12-14 14:00:00,0.0,0.0,0.0,0.0
2023-12-14 15:00:00,0.0,0.0,0.0,0.0
2023-12-14 16:00:00,0.0,0.0,0.0,0.0
2023-12-14 17:00:00,0.0,0.0,0.0,0.0
2023-12-14 18:00:00,0.0,0.0,0.0,0.0
2023-12-14 19:00:00,0.0,0.0,0.0,0.0
2023-12-14 20:00:00,0.0,0.0,0.0,0.0
2023-12-14 21:00:00,0.0,0.0,0.0,0.0
2023-12-14 22:00:00,0.0,0.0,0.0,0.0
2023-12-14 23:00:00,0.0,0.0,0.0,0.0
2023-12-15 00:00:00,0.0,0.0,0.0,0.0
2023-12-15 01:00:00,0.0,0.0,0.0,0.0
2023-12-15 02:00:00,0.0,0.0,0.0,0.0
2023-12-15 03:00:00,0.0,0.0,0.0,0.0
2023-12-15 04:00:00,0.0,0.0,0.0,0.0
2023-12-15 05:00:00,0.0,0.0,0.0,0.0
2023-12-15 06:00:00,0.0,0.0,0.0,0.0
2023-12-15 07:00:00,0.0,0.0,0.0,0.0
2023-12-15 08:00:00,0.0,0.0,0.0,0.0
2023-12-15 09:00:00,0.0,0.0,0.0,0.0
2023-12-15 10:00:00,0.0,0.0,0.0,0.0
2023-12-15 11:00:00,0.0,0.0,0.0,0.0
2023-12-15 12:00:00,0.0,0.0,0.0,0.0
2023-12-15 13:00:00,0.0,0.0,0.0,0.0
2023-12-15 14:00:00,0.0,0.0,0.0,0.0
2023-12-15 15:00:00,0.0,0.0,0.0,0.0
2023-12-15 16:00:00,0.0,0.0,0.0,0.0
2023-12-15 17:00:00,0.0,0.0,0.0,0.0
2023-12-15 18:00:00,0.0,0.0,0.0,0.0
2023-12-15 19:00:00,0.0,0.0,0.0,0.0
2023-12-15 20:00:00,0.0,0.0,0.0,0.0
2023-12-15 21:00:00,0.0,0.0,0.0,0.0
2023-12-15 22:00:00,0.0,0.0,0.0,0.0
2023-12-15 23:00:00,0.0,0.0,0.0,0.0
2023-12-16 00:00:00,0.0,0.0,0.0,0.0
2023-12-16 01:00:00,0.0,0.0,0.0,0.0
2023-12-16 02:00:00,0.0,0.0,0.0,0.0
2023-12-16 03:00:00,0.0,0.0,0.0,0.0
2023-12-16 04:00:00,0.0,0.0,0.0,0.0
2023-12-16 05:00:00,0.0,0.0,0.0,0.0
2023-12-16 06:00:00,0.0,0.0,0.0,0.0
2023-12-16 07:00:00,0.0,0.0,0.0,0.0
2023-12-16 08:00:00,0.0,0.0,0.0,0.0
2023-12-16 09:00:00,0.0,0.0,0.0,0.0
2023-12-16 10:00:00,0.0,0.0,0.0,0.0
2023-12-16 11:00:00,0.0,0.0,0.0,0.0
2023-12-16 12:00:00,0.0,0.0,0.0,0.0
2023-12-16 13:00:00,0.0,0.0,0.0,0.0
2023-12-16 14:00:00,0.0,0.0,0.0,0.0
2023-12-16 15:00:00,0.0,0.0,0.0,0.0
2023-12-16 16:00:00,0.0,0.0,0.0,0.0
2023-12-16 17:00:00,0.0,0.0,0.0,0.0
2023-12-16 18:00:00,0.0,0.0,0.0,0.0
2023-12-16 19:00:00,0.0,0.0,0.0,0.0
2023-12-16 20:00:00,0.0,0.0,0.0,0.0
2023-12-16 21:00:00,0.0,0.0,0.0,0.0
2023-12-16 22:00:00,0.0,0.0,0.0,0.0
2023-12-16 23:00:00,0.0,0.0,0.0,0.0
2023-12-17 00:00:00,0.0,0.0,0.0,0.0
2023-12-17 01:00:00,0.0,0.0,0.0,0.0
2023-12-17 02:00:00,0.0,0.0,0.0,0.0
2023-12-17 03:00:00,0.0,0.0,0.0,0.0
2023-12-17 04:00:00,0.0,0.0,0.0,0.0
2023-12-17 05:00:00,0.0,0.0,0.0,0.0
2023-12-17 06:00:00,0.0,0.0,0.0,0.0
2023-12-17 07:00:00,0.0,0.0,0.0,0.0
2023-12-17 08:00:00,0.0,0.0,0.0,0.0
2023-12-17 09:00:00,0.0,0.0,0.0,0.0
2023-12-17 10:00:00,0.0,0.0,0.0,0.0
2023-12-17 11:00:00,0.0,0.0,0.0,0.0
2023-12-17 12:00:00,0.0,0.0,0.0,0.0
2023-12-17 13:00:00,0.0,0.0,0.0,0.0
2023-12-17 14:00:00,0.0,0.0,0.0,0.0
2023-12-17 15:00:00,0.0,0.0,0.0,0.0
2023-12-17 16:00:00,0.0,0.0,0.0,0.0
2023-12-17 17:00:00,0.0,0.0,0.0,0.0
2023-12-17 18:00:00,0.0,0.0,0.0,0.0
2023-12-17 19:00:00,0.0,0.0,0.0,0.0
2023-12-17 20:00:00,0.0,0.0,0.0,0.0
2023-12-17 21:00:00,0.0,0.0,0.0,0.0
2023-12-17 22:00:00,0.0,0.0,0.0,0.0
2023-12-17 23:00:00,0.0,0.0,0.0,0.0
2023-12-18 00:00:00,0.0,0.0,0.0,0.0
2023-12-18 01:00:00,0.0,0.0,0.0,0.0
2023-12-18 02:00:00,0.0,0.0,0.0,0.0
2023-12-18 03:00:00,0.0,0.0,0.0,0.0
2023-12-18 04:00:00,0.0,0.0,0.0,0.0
2023-12-18 05:00:00,0.0,0.0,0.0,0.0
2023-12-18 06:00:00,0.0,0.0,0.0,0.0
2023-12-18 07:00:00,0.0,0.0,0.0,0.0
2023-12-18 08:00:00,0.0,0.0,0.0,0.0
2023-12-18 09:00:00,0.0,0.0,0.0,0.0
2023-12-18 10:00:00,0.0,0.0,0.0,0.0
2023-12-18 11:00:00,0.0,0.0,0.0,0.0
2023-12-18 12:00:00,0.0,0.0,0.0,0.0
2023-12-18 13:00:00,0.0,0.0,0.0,0.0
2023-12-18 14:00:00,0.0,0.0,0.0,0.0
2023-12-18 15:00:00,0.0,0.0,0.0,0.0
2023-12-18 16:00:00,0.0,0.0,0.0,0.0
2023-12-18 17:00:00,0.0,0.0,0.0,0.0
2023-12-18 18:00:00,0.0,0.0,0.0,0.0
2023-12-18 19:00:00,0.0,0.0,0.0,0.0
2023-12-18 20:00:00,0.0,0.0,0.0,0.0
2023-12-18 21:00:00,0.0,0.0,0.0,0.0
2023-12-18 22:00:00,0.0,0.0,0.0,0.0
2023-12-18 23:00:00,0.0,0.0,0.0,0.0
2023-12-19 00:00:00,0.0,0.0,0.0,0.0
2023-12-19 01:00:00,0.0,0.0,0.0,0.0
2023-12-19 02:00:00,0.0,0.0,0.0,0.0
2023-12-19 03:00:00,0.0,0.0,0.0,0.0
2023-12-19 04:00:00,0.0,0.0,0.0,0.0
2023-12-19 05:00:00,0.0,0.0,0.0,0.0
2023-12-19 06:00:00,0.0,0.0,0.0,0.0
2023-12-19 07:00:00,0.0,0.0,0.0,0.0
2023-12-19 08:00:00,0.0,0.0,0.0,0.0
2023-12-19 09:00:00,0.0,0.0,0.0,0.0
2023-12-19 10:00:00,0.0,0.0,0.0,0.0
2023-12-19 11:00:00,0.0,0.0,0.0,0.0
2023-12-19 12:00:00,0.0,0.0,0.0,0.0
2023-12-19 13:00:00,0.0,0.0,0.0,0.0
2023-12-19 14:00:00,0.0,0.0,0.0,0.0
2023-12-19 15:00:00,0.0,0.0,0.0,0.0
2023-12-19 16:00:00,0.0,0.0,0.0,0.0
2023-12-19 17:00:00,0.0,0.0,0.0,0.0
2023-12-19 18:00:00,0.0,0.0,0.0,0.0
2023-12-19 19:00:00,0.0,0.0,0.0,0.0
2023-12-19 20:00:00,0.0,0.0,0.0,0.0
2023-12-19 21:00:00,0.0,0.0,0.0,0.0
2023-12-19 22:00:00,0.0,0.0,0.0,0.0
2023-12-19 23:00:00,0.0,0.0,0.0,0.0
2023-12-20 00:00:00,0.0,0.0,0.0,0.0
2023-12-20 01:00:00,0.0,0.0,0.0,0.0
2023-12-20 02:00:00,0.0,0.0,0.0,0.0
2023-12-20 03:00:00,0.0,0.0,0.0,0.0
2023-12-20 04:00:00,0.0,0.0,0.0,0.0
2023-12-20 05:00:00,0.0,0.0,0.0,0.0
2023-12-20 06:00:00,0.0,0.0,0.0,0.0
2023-12-20 07:00:00,0.0,0.0,0.0,0.0
2023-12-20 08:00:00,0.0,0.0,0.0,0.0
2023-12-20 09:00:00,0.0,0.0,0.0,0.0
2023-12-20 10:00:00,0.0,0.0,0.0,0.0
2023-12-20 11:00:00,0.0,0.0,0.0,0.0
2023-12-20 12:00:00,0.0,0.0,0.0,0.0
2023-12-20 13:00:00,0.0,0.0,0.0,0.0
2023-12-20 14:00:00,0.0,0.0,0.0,0.0
2023-12-20 15:00:00,0.0,0.0,0.0,0.0
2023-12-20 16:00:00,0.0,0.0,0.0,0.0
2023-12-20 17:00:00,0.0,0.0,0.0,0.0
2023-12-20 18:00:00,0.0,0.0,0.0,0.0
2023-12-20 19:00:00,0.0,0.0,0.0,0.0
2023-12-20 20:00:00,0.0,0.0,0.0,0.0
2023-12-20 21:00:00,0.0,0.0,0.0,0.0
2023-12-20 22:00:00,0.0,0.0,0.0,0.0
2023-12-20 23:00:00,0.0,0.0,0.0,0.0
2023-12-21 00:00:00,0.0,0.0,0.0,0.0
2023-12-21 01:00:00,0.0,0.0,0.0,0.0
2023-12-21 02:00:00,0.0,0.0,0.0,0.0
2023-12-21 03:00:00,0.0,0.0,0.0,0.0
2023-12-21 04:00:00,0.0,0.0,0.0,0.0
2023-12-21 05:00:00,0.0,0.0,0.0,0.0
2023-12-21 06:00:00,0.0,0.0,0.0,0.0
2023-12-21 07:00:00,0.0,0.0,0.0,0.0
2023-12-21 08:00:00,0.0,0.0,0.0,0.0
2023-12-21 09:00:00,0.0,0.0,0.0,0.0
2023-12-21 10:00:00,0.0,0.0,0.0,0.0
2023-12-21 11:00:00,0.0,0.0,0.0,0.0
2023-12-21 12:00:00,0.0,0.0,0.0,0.0
2023-12-21 13:00:00,0.0,0.0,0.0,0.0
2023-12-21 14:00:00,0.0,0.0,0.0,0.0
2023-12-21 15:00:00,0.0,0.0,0.0,0.0
2023-12-21 16:00:00,0.0,0.0,0.0,0.0
2023-12-21 17:00:00,0.0,0.0,0.0,0.0
2023-12-21 18:00:00,0.0,0.0,0.0,0.0
2023-12-21 19:00:00,0.0,0.0,0.0,0.0
2023-12-21 20:00:00,0.0,0.0,0.0,0.0
2023-12-21 21:00:00,0.0,0.0,0.0,0.0
2023-12-21 22:00:00,0.0,0.0,0.0,0.0
2023-12-21 23:00:00,0.0,0.0,0.0,0.0
2023-12-22 00:00:00,0.0,0.0,0.0,0.0
2023-12-22 01:00:00,0.0,0.0,0.0,0.0
2023-12-22 02:00:00,0.0,0.0,0.0,0.0
2023-12-22 03:00:00,0.0,0.0,0.0,0.0
2023-12-22 04:00:00,0.0,0.0,0.0,0.0
2023-12-22 05:00:00,0.0,0.0,0.0,0.0
2023-12-22 06:00:00,0.0,0.0,0.0,0.0
2023-12-22 07:00:00,0.0,0.0,0.0,0.0
2023-12-22 08:00:00,0.0,0.0,0.0,0.0
2023-12-22 09:00:00,0.0,0.0,0.0,0.0
2023-12-22 10:00:00,0.0,0.0,0.0,0.0
2023-12-22 11:00:00,0.0,0.0,0.0,0.0
2023-12-22 12:00:00,0.0,0.0,0.0,0.0
2023-12-22 13:00:00,0.0,0.0,0.0,0.0
2023-12-22 14:00:00,0.0,0.0,0.0,0.0
2023-12-22 15:00:00,0.0,0.0,0.0,0.0
2023-12-22 16:00:00,0.0,0.0,0.0,0.0
2023-12-22 17:00:00,0.0,0.0,0.0,0.0
2023-12-22 18:00:00,0.0,0.0,0.0,0.0
2023-12-22 19:00:00,0.0,0.0,0.0,0.0
2023-12-22 20:00:00,0.0,0.0,0.0,0.0
2023-12-22 21:00:00,0.0,0.0,0.0,0.0
2023-12-22 22:00:00,0.0,0.0,0.0,0.0
2023-12-22 23:00:00,0.0,0.0,0.0,0.0
2023-12-23 00:00:00,0.0,0.0,0.0,0.0
2023-12-23 01:00:00,0.0,0.0,0.0,0.0
2023-12-23 02:00:00,0.0,0.0,0.0,0.0
2023-12-23 03:00:00,0.0,0.0,0.0,0.0
2023-12-23 04:00:00,0.0,0.0,0.0,0.0
2023-12-23 05:00:00,0.0,0.0,0.0,0.0
2023-12-23 06:00:00,0.0,0.0,0.0,0.0
2023-12-23 07:00:00,0.0,0.0,0.0,0.0
2023-12-23 08:00:00,0.0,0.0,0.0,0.0
2023-12-23 09:00:00,0.0,0.0,0.0,0.0
2023-12-23 10:00:00,0.0,0.0,0.0,0.0
2023-12-23 11:00:00,0.0,0.0,0.0,0.0
2023-12-23 12:00:00,0.0,0.0,0.0,0.0
2023-12-23 13:00:00,0.0,0.0,0.0,0.0
2023-12-23 14:00:00,0.0,0.0,0.0,0.0
2023-12-23 15:00:00,0.0,0.0,0.0,0.0
2023-12-23 16:00:00,0.0,0.0,0.0,0.0
2023-12-23 17:00:00,0.0,0.0,0.0,0.0
2023-12-23 18:00:00,0.0,0.0,0.0,0.0
2023-12-23 19:00:00,0.0,0.0,0.0,0.0
2023-12-23 20:00:00,0.0,0.0,0.0,0.0
2023-12-23 21:00:00,0.0,0.0,0.0,0.0
2023-12-23 22:00:00,0.0,0.0,0.0,0.0
2023-12-23 23:00:00,0.0,0.0,0.0,0.0
2023-12-24 00:00:00,0.0,0.0,0.0,0.0
2023-12-24 01:00:00,0.0,0.0,0.0,0.0
2023-12-24 02:00:00,0.0,0.0,0.0,0.0
2023-12-24 03:00:00,0.0,0.0,0.0,0.0
2023-12-24 04:00:00,0.0,0.0,0.0,0.0
2023-12-24 05:00:00,0.0,0.0,0.0,0.0
2023-12-24 06:00:00,0.0,0.0,0.0,0.0
2023-12-24 07:00:00,0.0,0.0,0.0,0.0
2023-12-24 08:00:00,0.0,0.0,0.0,0.0
2023-12-24 09:00:00,0.0,0.0,0.0,0.0
2023-12-24 10:00:00,0.0,0.0,0.0,0.0
2023-12-24 11:00:00,0.0,0.0,0.0,0.0
2023-12-24 12:00:00,0.0,0.0,0.0,0.0
2023-12-24 13:00:00,0.0,0.0,0.0,0.0
2023-12-24 14:00:00,0.0,0.0,0.0,0.0
2023-12-24 15:00:00,0.0,0.0,0.0,0.0
2023-12-24 16:00:00,0.0,0.0,0.0,0.0
2023-12-24 17:00:00,0.0,0.0,0.0,0.0
2023-12-24 18:00:00,0.0,0.0,0.0,0.0
2023-12-24 19:00:00,0.0,0.0,0.0,0.0
2023-12-24 20:00:00,0.0,0.0,0.0,0.0
2023-12-24 21:00:00,0.0,0.0,0.0,0.0
2023-12-24 22:00:00,0.0,0.0,0.0,0.0
2023-12-24 23:00:00,0.0,0.0,0.0,0.0
2023-12-25 00:00:00,0.0,0.0,0.0,0.0
2023-12-25 01:00:00,0.0,0.0,0.0,0.0
2023-12-25 02:00:00,0.0,0.0,0.0,0.0
2023-12-25 03:00:00,0.0,0.0,0.0,0.0
2023-12-25 04:00:00,0.0,0.0,0.0,0.0
2023-12-25 05:00:00,0.0,0.0,0.0,0.0
2023-12-25 06:00:00,0.0,0.0,0.0,0.0
2023-12-25 07:00:00,0.0,0.0,0.0,0.0
2023-12-25 08:00:00,0.0,0.0,0.0,0.0
2023-12-25 09:00:00,0.0,0.0,0.0,0.0
2023-12-25 10:00:00,0.0,0.0,0.0,0.0
2023-12-25 11:00:00,0.0,0.0,0.0,0.0
2023-12-25 12:00:00,0.0,0.0,0.0,0.0
2023-12-25 13:00:00,0.0,0.0,0.0,0.0
2023-12-25 14:00:00,0.0,0.0,0.0,0.0
2023-12-25 15:00:00,0.0,0.0,0.0,0.0
2023-12-25 16:00:00,0.0,0.0,0.0,0.0
2023-12-25 17:00:00,0.0,0.0,0.0,0.0
2023-12-25 18:00:00,0.0,0.0,0.0,0.0
2023-12-25 19:00:00,0.0,0.0,0.0,0.0
2023-12-25 20:00:00,0.0,0.0,0.0,0.0
2023-12-25 21:00:00,0.0,0.0,0.0,0.0
2023-12-25 22:00:00,0.0,0.0,0.0,0.0
2023-12-25 23:00:00,0.0,0.0,0.0,0.0
2023-12-26 00:00:00,0.0,0.0,0.0,0.0
2023-12-26 01:00:00,0.0,0.0,0.0,0.0
2023-12-26 02:00:00,0.0,0.0,0.0,0.0
2023-12-26 03:00:00,0.0,0.0,0.0,0.0
2023-12-26 04:00:00,0.0,0.0,0.0,0.0
2023-12-26 05:00:00,0.0,0.0,0.0,0.0
2023-12-26 06:00:00,0.0,0.0,0.0,0.0
2023-12-26 07:00:00,0.0,0.0,0.0,0.0
2023-12-26 08:00:00,0.0,0.0,0.0,0.0
2023-12-26 09:00:00,0.0,0.0,0.0,0.0
2023-12-26 10:00:00,0.0,0.0,0.0,0.0
2023-12-26 11:00:00,0.0,0.0,0.0,0.0
2023-12-26 12:00:00,0.0,0.0,0.0,0.0
2023-12-26 13:00:00,0.0,0.0,0.0,0.0
2023-12-26 14:00:00,0.0,0.0,0.0,0.0
2023-12-26 15:00:00,0.0,0.0,0.0,0.0
2023-12-26 16:00:00,0.0,0.0,0.0,0.0
2023-12-26 17:00:00,0.0,0.0,0.0,0.0
2023-12-26 18:00:00,0.0,0.0,0.0,0.0
2023-12-26 19:00:00,0.0,0.0,0.0,0.0
2023-12-26 20:00:00,0.0,0.0,0.0,0.0
2023-12-26 21:00:00,0.0,0.0,0.0,0.0
2023-12-26 22:00:00,0.0,0.0,0.0,0.0
2023-12-26 23:00:00,0.0,0.0,0.0,0.0
2023-12-27 00:00:00,0.0,0.0,0.0,0.0
2023-12-27 01:00:00,0.0,0.0,0.0,0.0
2023-12-27 02:00:00,0.0,0.0,0.0,0.0
2023-12-27 03:00:00,0.0,0.0,0.0,0.0
2023-12-27 04:00:00,0.0,0.0,0.0,0.0
2023-12-27 05:00:00,0.0,0.0,0.0,0.0
2023-12-27 06:00:00,0.0,0.0,0.0,0.0
2023-12-27 07:00:00,0.0,0.0,0.0,0.0
2023-12-27 08:00:00,0.0,0.0,0.0,0.0
2023-12-27 09:00:00,0.0,0.0,0.0,0.0
2023-12-27 10:00:00,0.0,0.0,0.0,0.0
2023-12-27 11:00:00,0.0,0.0,0.0,0.0
2023-12-27 12:00:00,0.0,0.0,0.0,0.0
2023-12-27 13:00:00,0.0,0.0,0.0,0.0
2023-12-27 14:00:00,0.0,0.0,0.0,0.0
2023-12-27 15:00:00,0.0,0.0,0.0,0.0
2023-12-27 16:00:00,0.0,0.0,0.0,0.0
2023-12-27 17:00:00,0.0,0.0,0.0,0.0
2023-12-27 18:00:00,0.0,0.0,0.0,0.0
2023-12-27 19:00:00,0.0,0.0,0.0,0.0
2023-12-27 20:00:00,0.0,0.0,0.0,0.0
2023-12-27 21:00:00,0.0,0.0,0.0,0.0
2023-12-27 22:00:00,0.0,0.0,0.0,0.0
2023-12-27 23:00:00,0.0,0.0,0.0,0.0
2023-12-28 00:00:00,0.0,0.0,0.0,0.0
2023-12-28 01:00:00,0.0,0.0,0.0,0.0
2023-12-28 02:00:00,0.0,0.0,0.0,0.0
2023-12-28 03:00:00,0.0,0.0,0.0,0.0
2023-12-28 04:00:00,0.0,0.0,0.0,0.0
2023-12-28 05:00:00,0.0,0.0,0.0,0.0
2023-12-28 06:00:00,0.0,0.0,0.0,0.0
2023-12-28 07:00:00,0.0,0.0,0.0,0.0
2023-12-28 08:00:00,0.0,0.0,0.0,0.0
2023-12-28 09:00:00,0.0,0.0,0.0,0.0
2023-12-28 10:00:00,0.0,0.0,0.0,0.0
2023-12-28 11:00:00,0.0,0.0,0.0,0.0
2023-12-28 12:00:00,0.0,0.0,0.0,0.0
2023-12-28 13:00:00,0.0,0.0,0.0,0.0
2023-12-28 14:00:00,0.0,0.0,0.0,0.0
2023-12-28 15:00:00,0.0,0.0,0.0,0.0
2023-12-28 16:00:00,0.0,0.0,0.0,0.0
2023-12-28 17:00:00,0.0,0.0,0.0,0.0
2023-12-28 18:00:00,0.0,0.0,0.0,0.0
2023-12-28 19:00:00,0.0,0.0,0.0,0.0
2023-12-28 20:00:00,0.0,0.0,0.0,0.0
2023-12-28 21:00:00,0.0,0.0,0.0,0.0
2023-12-28 22:00:00,0.0,0.0,0.0,0.0
2023-12-28 23:00:00,0.0,0.0,0.0,0.0
2023-12-29 00:00:00,0.0,0.0,0.0,0.0
2023-12-29 01:00:00,0.0,0.0,0.0,0.0
2023-12-29 02:00:00,0.0,0.0,0.0,0.0
2023-12-29 03:00:00,0.0,0.0,0.0,0.0
2023-12-29 04:00:00,0.0,0.0,0.0,0.0
2023-12-29 05:00:00,0.0,0.0,0.0,0.0
2023-12-29 06:00:00,0.0,0.0,0.0,0.0
2023-12-29 07:00:00,0.0,0.0,0.0,0.0
2023-12-29 08:00:00,0.0,0.0,0.0,0.0
2023-12-29 09:00:00,0.0,0.0,0.0,0.0
2023-12-29 10:00:00,0.0,0.0,0.0,0.0
2023-12-29 11:00:00,0.0,0.0,0.0,0.0
2023-12-29 12:00:00,0.0,0.0,0.0,0.0
2023-12-29 13:00:00,0.0,0.0,0.0,0.0
2023-12-29 14:00:00,0.0,0.0,0.0,0.0
2023-12-29 15:00:00,0.0,0.0,0.0,0.0
2023-12-29 16:00:00,0.0,0.0,0.0,0.0
2023-12-29 17:00:00,0.0,0.0,0.0,0.0
2023-12-29 18:00:00,0.0,0.0,0.0,0.0
2023-12-29 19:00:00,0.0,0.0,0.0,0.0
2023-12-29 20:00:00,0.0,0.0,0.0,0.0
2023-12-29 21:00:00,0.0,0.0,0.0,0.0
2023-12-29 22:00:00,0.0,0.0,0.0,0.0
2023-12-29 23:00:00,0.0,0.0,0.0,0.0
2023-12-30 00:00:00,0.0,0.0,0.0,0.0
2023-12-30 01:00:00,0.0,0.0,0.0,0.0
2023-12-30 02:00:00,0.0,0.0,0.0,0.0
2023-12-30 03:00:00,0.0,0.0,0.0,0.0
2023-12-30 04:00:00,0.0,0.0,0.0,0.0
2023-12-30 05:00:00,0.0,0.0,0.0,0.0
2023-12-30 06:00:00,0.0,0.0,0.0,0.0
2023-12-30 07:00:00,0.0,0.0,0.0,0.0
2023-12-30 08:00:00,0.0,0.0,0.0,0.0
2023-12-30 09:00:00,0.0,0.0,0.0,0.0
2023-12-30 10:00:00,0.0,0.0,0.0,0.0
2023-12-30 11:00:00,0.0,0.0,0.0,0.0
2023-12-30 12:00:00,0.0,0.0,0.0,0.0
2023-12-30 13:00:00,0.0,0.0,0.0,0.0
2023-12-30 14:00:00,0.0,0.0,0.0,0.0
2023-12-30 15:00:00,0.0,0.0,0.0,0.0
2023-12-30 16:00:00,0.0,0.0,0.0,0.0
2023-12-30 17:00:00,0.0,0.0,0.0,0.0
2023-12-30 18:00:00,0.0,0.0,0.0,0.0
2023-12-30 19:00:00,0.0,0.0,0.0,0.0
2023-12-30 20:00:00,0.0,0.0,0.0,0.0
2023-12-30 21:00:00,0.0,0.0,0.0,0.0
2023-12-30 22:00:00,0.0,0.0,0.0,0.0
2023-12-30 23:00:00,0.0,0.0,0.0,0.0
2023-12-31 00:00:00,0.0,0.0,0.0,0.0
2023-12-31 01:00:00,0.0,0.0,0.0,0.0
2023-12-31 02:00:00,0.0,0.0,0.0,0.0
2023-12-31 03:00:00,0.0,0.0,0.0,0.0
2023-12-31 04:00:00,0.0,0.0,0.0,0.0
2023-12-31 05:00:00,0.0,0.0,0.0,0.0
2023-12-31 06:00:00,0.0,0.0,0.0,0.0
2023-12-31 07:00:00,0.0,0.0,0.0,0.0
2023-12-31 08:00:00,0.0,0.0,0.0,0.0
2023-12-31 09:00:00,0.0,0.0,0.0,0.0
2023-12-31 10:00:00,0.0,0.0,0.0,0.0
2023-12-31 11:00:00,0.0,0.0,0.0,0.0
2023-12-31 12:00:00,0.0,0.0,0.0,0.0
2023-12-31 13:00:00,0.0,0.0,0.0,0.0
2023-12-31 14:00:00,0.0,0.0,0.0,0.0
2023-12-31 15:00:00,0.0,0.0,0.0,0.0
2023-12-31 16:00:00,0.0,0.0,0.0,0.0
2023-12-31 17:00:00,0.0,0.0,0.0,0.0
2023-12-31 18:00:00,0.0,0.0,0.0,0.0
2023-12-31 19:00:00,0.0,0.0,0.0,0.0
2023-12-31 20:00:00,0.0,0.0,0.0,0.0
2023-12-31 21:00:00,0.0,0.0,0.0,0.0
2023-12-31 22:00:00,0.0,0.0,0.0,0.0
2023-12-31 23:00:00,0.0,0.0,0.0,0.0
