Datetime,KELLY BUTTE-FAIRLAWN (n=1135),KELLY BUTTE-MCGREW (n=2833),KELLY BUTTE-MALL 205 (n=2344),KELLY BUTTE-BINNSMEAD (n=2840)
2023-01-01 00:00:00,1206.989001,3464.3149999999996,2855.367001,2998.531
2023-01-01 01:00:00,1121.728333,3248.008,2625.303001,2787.6850000000004
2023-01-01 02:00:00,1067.681,3165.815,2527.483666,2701.605667
2023-01-01 03:00:00,1017.5596660000001,3070.545,2416.939168,2594.764
2023-01-01 04:00:00,975.237332,2960.2349999999997,2326.117667,2511.578334
2023-01-01 05:00:00,991.8099990000001,2931.354,2320.141332,2501.837667
2023-01-01 06:00:00,1006.8096660000001,2978.9359999999997,2345.728664,2538.9569999999994
2023-01-01 07:00:00,1042.8593329999999,3132.599,2457.9629999999997,2697.759
2023-01-01 08:00:00,1170.559334,3400.1279999999997,2690.4953350000005,2910.644333
2023-01-01 09:00:00,1276.8196659999999,3717.184,3050.594001,3263.882334
2023-01-01 10:00:00,1345.161001,4091.219,3387.7740000000003,3568.881333
2023-01-01 11:00:00,1525.1680000000001,4237.117,3563.120333,3742.55
2023-01-01 12:00:00,1614.654,4380.178,3648.374333,3801.597334
2023-01-01 13:00:00,1647.054,4480.846,3660.242,3729.518333
2023-01-01 14:00:00,1568.871,4317.057000000001,3532.189,3675.821
2023-01-01 15:00:00,1507.921,4250.707,3398.540666,3624.2726660000003
2023-01-01 16:00:00,1514.205,4371.244333000001,3474.873667,3732.556333
2023-01-01 17:00:00,1697.6129999999998,4690.534667,3787.047999,4020.2176680000002
2023-01-01 18:00:00,1855.997,4961.4310000000005,4055.0709989999996,4398.438
2023-01-01 19:00:00,1841.858,5000.343000000001,4111.860000000001,4497.253
2023-01-01 20:00:00,1774.83,4865.964334,4099.382,4319.213334
2023-01-01 21:00:00,1719.231,4775.5830000000005,3987.205,4243.791334
2023-01-01 22:00:00,1667.867,4615.862,3799.8766670000005,3946.384
2023-01-01 23:00:00,1540.725,4263.857333,3475.494333,3602.1406660000002
2023-01-02 00:00:00,1319.169,3939.7623329999997,3092.9410000000003,3389.769667
2023-01-02 01:00:00,1158.942,3629.7386669999996,2839.750666,3067.5916669999997
2023-01-02 02:00:00,1103.449,3431.001,2659.277334,2881.4023340000003
2023-01-02 03:00:00,1086.784,3285.0589999999997,2610.179334,2769.4483330000003
2023-01-02 04:00:00,1064.7199999999998,3173.446333,2480.243001,2722.3590000000004
2023-01-02 05:00:00,1084.434,3160.484666,2561.635999,2752.1553329999997
2023-01-02 06:00:00,1139.818,3359.9939999999997,2785.886,2968.1803330000002
2023-01-02 07:00:00,1264.7559999999999,3655.5203340000003,3046.704667,3223.4793329999998
2023-01-02 08:00:00,1389.121,4096.321666,3343.8693329999996,3555.773
2023-01-02 09:00:00,1512.27,4408.351334,3694.5416670000004,3947.2880000000005
2023-01-02 10:00:00,1670.098,4811.571333,3913.3799999999997,4242.448333
2023-01-02 11:00:00,1837.078,4976.840001,4186.8829989999995,4337.395666
2023-01-02 12:00:00,1859.3940000000002,5132.048667999999,4249.850667000001,4533.898999999999
2023-01-02 13:00:00,1864.476,5215.895667000001,4283.772,4496.158332999999
2023-01-02 14:00:00,1837.288,5273.629,4264.297667000001,4502.398
2023-01-02 15:00:00,1934.7759999999998,5338.279,4285.630999999999,4496.808
2023-01-02 16:00:00,1948.322,5453.432,4306.803333,4695.506667000001
2023-01-02 17:00:00,2059.997,5606.493,4701.780666999999,5048.559
2023-01-02 18:00:00,2209.2219999999998,5849.486000000001,4974.383,5304.234
2023-01-02 19:00:00,2169.009,5897.612,4909.252,5403.627333
2023-01-02 20:00:00,2105.0280000000002,5771.835999999999,4796.341,5229.271333000001
2023-01-02 21:00:00,1953.7320000000002,5530.874,4629.754000000001,4955.245
2023-01-02 22:00:00,1769.9209999999998,5256.152999999999,4380.334,4501.715333
2023-01-02 23:00:00,1577.838,4694.026,3811.067,4051.295
2023-01-03 00:00:00,1358.005,4136.466,3307.081,3512.191667
2023-01-03 01:00:00,1211.596333,3659.538,2943.038999,3192.8186669999996
2023-01-03 02:00:00,1137.430667,3426.556,2758.2256669999997,2935.606667
2023-01-03 03:00:00,1104.6166669999998,3342.0150000000003,2608.4583330000005,2794.460667
2023-01-03 04:00:00,1097.584333,3301.706,2639.944166,2760.994
2023-01-03 05:00:00,1124.387667,3381.341,2737.9420020000007,2793.7523330000004
2023-01-03 06:00:00,1226.891666,3678.628,3027.6895,3045.799333
2023-01-03 07:00:00,1428.206667,4112.753000000001,3372.581668,3533.388333
2023-01-03 08:00:00,1610.7256670000002,4375.882,3590.654,3891.7943330000003
2023-01-03 09:00:00,1616.6036669999999,4450.264,3620.794,3942.5893340000002
2023-01-03 10:00:00,1491.5330000000001,4240.030000000001,3588.762333,3871.8323330000003
2023-01-03 11:00:00,1553.914333,4194.556333,3553.229334,3853.792
2023-01-03 12:00:00,1505.42,4177.568333,3588.409666,3799.6233330000005
2023-01-03 13:00:00,1502.881,4231.376666,3433.436333,3807.479667
2023-01-03 14:00:00,1530.868,4135.233333,3523.2986659999997,3766.515
2023-01-03 15:00:00,1500.0170000000003,4121.212,3523.792667,3742.864
2023-01-03 16:00:00,1581.4189999999999,4398.437,3776.5225,3938.8160000000003
2023-01-03 17:00:00,1767.642,4835.0013340000005,4161.6165,4441.617333
2023-01-03 18:00:00,1936.284,5331.709000000001,4543.645,4941.789666
2023-01-03 19:00:00,1962.3719999999998,5535.745,4630.879,4964.167
2023-01-03 20:00:00,1904.958,5369.572,4422.906,4778.146000000001
2023-01-03 21:00:00,1880.366,5178.255667,4229.201,4689.347667
2023-01-03 22:00:00,1712.102,4860.103667,4081.983,4382.537667
2023-01-03 23:00:00,1492.977,4468.522,3615.816,3876.6459999999997
2023-01-04 00:00:00,1301.527,3943.773,3180.8,3381.0326670000004
2023-01-04 01:00:00,1176.345,3607.653,2897.85,3104.062667
2023-01-04 02:00:00,1095.012,3381.551,2721.8179999999998,2899.018333
2023-01-04 03:00:00,1055.41,3295.9629999999997,2690.539667,2825.5113330000004
2023-01-04 04:00:00,1081.805,3335.068,2661.985167,2812.457667
2023-01-04 05:00:00,1116.1390000000001,3451.004,2804.207,2915.169
2023-01-04 06:00:00,1206.9650000000001,3753.498,3018.7085,3168.9243330000004
2023-01-04 07:00:00,1361.143,4167.679,3372.2174999999997,3668.8949999999995
2023-01-04 08:00:00,1603.431,4499.159,3691.268167,4004.9723339999996
2023-01-04 09:00:00,1623.474,4656.902,3967.928667,4165.7536660000005
2023-01-04 10:00:00,1611.4560000000001,4630.41,3792.092,4090.922
2023-01-04 11:00:00,1672.613,4554.445,3781.006667,4140.757334
2023-01-04 12:00:00,1693.395,4576.868,3761.562833,4181.612666
2023-01-04 13:00:00,1692.987,4641.934,3750.4245,4130.001333
2023-01-04 14:00:00,1601.5390000000002,4616.61,3827.1565,4071.999
2023-01-04 15:00:00,1623.967,4727.772,3941.5134989999997,4124.884
2023-01-04 16:00:00,1710.7640000000001,5038.602,4174.872333,4386.987666999999
2023-01-04 17:00:00,1882.6850000000002,5342.892,4486.392999,4780.286333999999
2023-01-04 18:00:00,2129.1040000000003,5710.627333,4856.120335,5045.454667
2023-01-04 19:00:00,2138.694,5847.472332,4838.467665,5216.628333000001
2023-01-04 20:00:00,2044.572,5712.908001,4678.962665999999,5061.183666999999
2023-01-04 21:00:00,1975.7060000000001,5493.4003330000005,4484.249331999999,4757.5126660000005
2023-01-04 22:00:00,1771.209,5068.048000000001,4171.660334,4450.849
2023-01-04 23:00:00,1537.8160000000003,4549.623667,3734.562002,3914.1676669999997
2023-01-05 00:00:00,1295.512,4049.823,3189.107,3428.026333
2023-01-05 01:00:00,1143.136,3615.835333,2814.458333,3079.331999
2023-01-05 02:00:00,1079.822,3322.12,2623.0313340000002,2861.4236659999997
2023-01-05 03:00:00,994.9590000000001,3166.3526659999998,2498.449332,2736.6056660000004
2023-01-05 04:00:00,1001.38,3129.485334,2504.271665,2703.816001
2023-01-05 05:00:00,1038.145,3235.783999,2575.8936670000003,2662.906668
2023-01-05 06:00:00,1144.81,3485.3086670000002,2781.123,2859.090666
2023-01-05 07:00:00,1329.3129999999999,3834.9043330000004,3144.182666,3273.500333
2023-01-05 08:00:00,1510.338,4077.1369999999997,3312.202333,3609.803667
2023-01-05 09:00:00,1473.453,4002.791667,3346.327,3771.097
2023-01-05 10:00:00,1415.4080000000001,3989.114667,3281.286,3570.273333
2023-01-05 11:00:00,1387.021,3824.44,3168.5789999999997,3528.898
2023-01-05 12:00:00,1405.906,3826.813,3133.837,3468.1223339999997
2023-01-05 13:00:00,1361.1709999999998,3859.8140000000003,3130.426,3507.169334
2023-01-05 14:00:00,1353.665,3804.0209999999997,3172.054,3388.797666
2023-01-05 15:00:00,1344.467,3813.1459999999997,3139.4979999999996,3338.739
2023-01-05 16:00:00,1373.664,3964.133,3220.8873330000006,3347.9526669999996
2023-01-05 17:00:00,1480.488,4298.188,3535.2116669999996,3740.824
2023-01-05 18:00:00,1719.275,4611.42,3878.025,4203.621999999999
2023-01-05 19:00:00,1795.131,4693.23,3943.255,4174.9506679999995
2023-01-05 20:00:00,1756.37,4637.017,3812.9300000000003,4097.381668
2023-01-05 21:00:00,1669.142,4471.519,3771.8679999999995,3934.356667
2023-01-05 22:00:00,1514.2450000000001,4245.013,3489.34,3672.012333
2023-01-05 23:00:00,1300.214,3747.1229999999996,3074.414,3330.5696669999998
2023-01-06 00:00:00,1141.83,3383.33,2680.95,2928.821
2023-01-06 01:00:00,996.2239999999999,3045.923,2368.809,2591.508667
2023-01-06 02:00:00,924.837,2807.165,2203.85,2388.041999
2023-01-06 03:00:00,924.088,2757.901,2135.917,2305.679
2023-01-06 04:00:00,917.258,2804.568,2163.306,2313.1299999999997
2023-01-06 05:00:00,964.143,2918.952,2313.876,2396.6346670000003
2023-01-06 06:00:00,1060.8220000000001,3137.999,2559.3590000000004,2685.505333
2023-01-06 07:00:00,1208.783,3570.745,2880.953,3076.928
2023-01-06 08:00:00,1457.9769999999999,3871.666,3133.272,3490.8106669999997
2023-01-06 09:00:00,1436.8300000000002,3992.422,3271.427,3591.28
2023-01-06 10:00:00,1448.356,3977.877,3220.282,3567.8123330000003
2023-01-06 11:00:00,1431.044,3886.804,3173.154,3422.365333
2023-01-06 12:00:00,1408.231,3861.4629999999997,3156.282,3438.229333
2023-01-06 13:00:00,1311.857,3753.5879999999997,3095.519667,3324.015
2023-01-06 14:00:00,1282.829,3740.312,3077.257999,3191.781
2023-01-06 15:00:00,1335.65,3818.8409999999994,3197.3413330000003,3242.975
2023-01-06 16:00:00,1423.375,4026.234,3397.938,3492.9610000000002
2023-01-06 17:00:00,1549.519,4309.219999999999,3588.317,3695.103
2023-01-06 18:00:00,1595.169,4610.768,3691.5460000000003,4032.768333
2023-01-06 19:00:00,1679.674,4553.127,3706.228,4155.623
2023-01-06 20:00:00,1713.0140000000001,4403.947,3564.825,4037.929667
2023-01-06 21:00:00,1588.2169999999999,4308.986,3445.666,3814.288
2023-01-06 22:00:00,1485.52,4025.033,3252.3379999999997,3615.157333
2023-01-06 23:00:00,1330.08,3844.001,2947.446,3350.105667
2023-01-07 00:00:00,1226.699,3585.053,2679.9030000000002,2963.876
2023-01-07 01:00:00,1060.5259999999998,3175.305,2458.193,2762.284001
2023-01-07 02:00:00,976.113,2977.0,2278.4593330000002,2527.5410010000005
2023-01-07 03:00:00,899.4159999999999,2872.3109999999997,2214.880333,2361.749334
2023-01-07 04:00:00,891.002,2792.562,2154.1279999999997,2312.986334
2023-01-07 05:00:00,918.233,2835.9,2200.647666,2332.272333
2023-01-07 06:00:00,955.6120000000001,2900.5196670000005,2246.209667,2450.91
2023-01-07 07:00:00,1050.4409999999998,3010.5573329999997,2424.473,2661.951333
2023-01-07 08:00:00,1186.793,3364.5636670000004,2708.495,2978.9930000000004
2023-01-07 09:00:00,1385.199,3714.8959999999997,3102.2520000000004,3355.359
2023-01-07 10:00:00,1503.567,4049.436,3344.451,3542.302667
2023-01-07 11:00:00,1577.411,4213.772999999999,3559.1631669999997,3759.9883330000002
2023-01-07 12:00:00,1596.357,4370.810333,3606.636,3891.793667
2023-01-07 13:00:00,1572.704,4378.907,3531.42,3770.909001
2023-01-07 14:00:00,1568.517,4301.293667,3538.5159999999996,3829.8923330000002
2023-01-07 15:00:00,1538.296,4326.9403330000005,3456.897,3857.431
2023-01-07 16:00:00,1588.6009999999999,4275.769,3519.5924999999997,3885.826333
2023-01-07 17:00:00,1604.153,4553.411,3653.645,3921.13
2023-01-07 18:00:00,1742.742,4648.950999999999,3872.569334,4157.378333
2023-01-07 19:00:00,1723.167,4761.481,3867.607,4197.843666
2023-01-07 20:00:00,1641.6239999999998,4606.811,3775.827,4113.410666
2023-01-07 21:00:00,1541.225,4498.528,3620.108,3930.119667
2023-01-07 22:00:00,1474.393,4260.987,3468.7070000000003,3663.023
2023-01-07 23:00:00,1299.599,3878.55,3131.375,3415.631
2023-01-08 00:00:00,1203.0320000000002,3566.7129999999997,2779.583,3070.4930000000004
2023-01-08 01:00:00,1086.567,3271.963,2505.334,2719.935333
2023-01-08 02:00:00,955.788,3011.248,2348.298,2549.7000000000003
2023-01-08 03:00:00,914.837,2841.839,2202.764,2377.152
2023-01-08 04:00:00,874.165,2815.7429999999995,2157.5829999999996,2343.4849999999997
2023-01-08 05:00:00,881.4590000000001,2825.787,2125.777,2309.934667
2023-01-08 06:00:00,909.3040000000001,2825.295,2231.666,2394.8199999999997
2023-01-08 07:00:00,980.307,2989.4629999999997,2321.804,2572.894334
2023-01-08 08:00:00,1137.965,3331.794,2573.9970000000003,2822.400666
2023-01-08 09:00:00,1288.19,3771.785,3005.991,3250.959334
2023-01-08 10:00:00,1421.112,4133.092000000001,3400.870667,3630.9129999999996
2023-01-08 11:00:00,1566.722,4417.284,3581.306,3783.587001
2023-01-08 12:00:00,1580.58,4429.887999999999,3530.536,3859.255
2023-01-08 13:00:00,1591.739,4486.803,3580.015,3821.831333
2023-01-08 14:00:00,1630.464,4542.548,3598.322,3949.992
2023-01-08 15:00:00,1625.624,4461.46,3540.7200000000003,3921.530667
2023-01-08 16:00:00,1644.165,4499.512000000001,3703.2839999999997,4005.8999999999996
2023-01-08 17:00:00,1803.054,4639.513,3863.329,4258.932000000001
2023-01-08 18:00:00,1888.067,4914.893,3994.33,4511.497667
2023-01-08 19:00:00,1904.369,4921.782,4029.596,4494.284
2023-01-08 20:00:00,1796.3799999999999,4935.211,3914.0996670000004,4331.248334
2023-01-08 21:00:00,1726.476,4778.512000000001,3834.447,4147.532
2023-01-08 22:00:00,1542.368,4471.114,3530.351333,3875.2659999999996
2023-01-08 23:00:00,1347.078,4026.059,3100.824,3378.5620000000004
2023-01-09 00:00:00,1126.571,3442.632,2760.849,2913.1803330000002
2023-01-09 01:00:00,990.8679999999999,3108.951,2462.123,2664.17
2023-01-09 02:00:00,916.5550000000001,2916.335,2260.870333,2474.727667
2023-01-09 03:00:00,901.3330000000001,2828.4849999999997,2221.272333,2338.5746660000004
2023-01-09 04:00:00,882.6890000000001,2838.449,2218.1549999999997,2336.6313330000003
2023-01-09 05:00:00,922.521,2955.667,2303.9979999999996,2387.7110000000002
2023-01-09 06:00:00,1030.971,3180.886,2538.496,2613.2520000000004
2023-01-09 07:00:00,1270.713,3646.049,2900.1969999999997,3068.125
2023-01-09 08:00:00,1416.0549999999998,3967.383,3194.446,3434.6946660000003
2023-01-09 09:00:00,1393.402,3852.797,3180.669,3506.746333
2023-01-09 10:00:00,1315.91,3755.755,3030.6400000000003,3430.048667
2023-01-09 11:00:00,1307.534,3723.435,3070.728,3359.196
2023-01-09 12:00:00,1301.472,3701.064,2888.499,3274.7340000000004
2023-01-09 13:00:00,1312.5430000000001,3795.693333,2958.264,3424.889333
2023-01-09 14:00:00,1355.015,3740.661334,3007.013,3347.209667
2023-01-09 15:00:00,1365.1109999999999,3572.5260000000003,2937.5,3236.121333
2023-01-09 16:00:00,1341.195,3805.307,3072.987,3288.281
2023-01-09 17:00:00,1505.484,4231.432,3477.9669999999996,3644.233334
2023-01-09 18:00:00,1752.135,4612.3060000000005,3838.132,4105.338
2023-01-09 19:00:00,1801.0990000000002,4656.843,3882.663,4227.913333
2023-01-09 20:00:00,1717.549,4628.174,3740.887,4137.971667
2023-01-09 21:00:00,1665.961,4479.677667,3667.5510000000004,3908.254667
2023-01-09 22:00:00,1497.035,4208.396000000001,3354.533,3638.556
2023-01-09 23:00:00,1289.7359999999999,3766.0820000000003,2963.424,3309.8023329999996
2023-01-10 00:00:00,1094.857,3352.847667,2641.884,2824.786333
2023-01-10 01:00:00,958.6890000000001,2981.940334,2348.397,2533.477
2023-01-10 02:00:00,892.752,2816.592333,2184.11,2363.4876670000003
2023-01-10 03:00:00,861.638,2733.982,2137.083,2247.114667
2023-01-10 04:00:00,875.702,2774.712666,2174.27,2297.186
2023-01-10 05:00:00,934.1850000000001,2902.834,2293.8,2337.289666
2023-01-10 06:00:00,1037.905,3225.3463330000004,2494.828,2647.3143330000003
2023-01-10 07:00:00,1207.047,3638.371333,2883.377,3052.1059999999998
2023-01-10 08:00:00,1390.728,4016.8903330000003,3099.3379999999997,3349.6733329999997
2023-01-10 09:00:00,1346.6909999999998,3991.465667,3155.591,3543.623667
2023-01-10 10:00:00,1354.949,3964.298,3218.7740000000003,3465.962334
2023-01-10 11:00:00,1360.386,3872.924,3159.1490000000003,3431.126
2023-01-10 12:00:00,1367.914,3805.043,3147.201667,3377.978
2023-01-10 13:00:00,1344.016,3768.3540000000003,3028.9339999999997,3376.665
2023-01-10 14:00:00,1336.9859999999999,3793.017,3119.645,3299.380667
2023-01-10 15:00:00,1301.272,3671.837,3019.902333,3167.035
2023-01-10 16:00:00,1345.7269999999999,3844.456333,3162.723,3312.703332
2023-01-10 17:00:00,1529.407,4304.971668,3529.532,3718.806333
2023-01-10 18:00:00,1680.949,4732.438,4013.9990000000003,4204.942666
2023-01-10 19:00:00,1781.328,4896.864667,4043.245,4416.146667
2023-01-10 20:00:00,1793.538,4840.083667000001,3929.459,4336.708999
2023-01-10 21:00:00,1710.731,4671.915667,3786.7880000000005,4161.959
2023-01-10 22:00:00,1524.809,4402.695667,3577.49,3877.9700000000003
2023-01-10 23:00:00,1321.355,4048.3676670000004,3152.0820000000003,3360.843
2023-01-11 00:00:00,1128.823,3568.644333,2757.604,2990.098
2023-01-11 01:00:00,1011.023,3217.0643330000003,2492.105,2672.87
2023-01-11 02:00:00,925.7570000000001,2964.1713330000002,2282.094,2502.107333
2023-01-11 03:00:00,908.944,2885.366667,2204.4429999999998,2366.975666
2023-01-11 04:00:00,907.5409999999999,2841.6369999999997,2236.7690000000002,2326.9486669999997
2023-01-11 05:00:00,948.354,2920.229,2303.214,2362.891334
2023-01-11 06:00:00,1035.827,3188.802667,2472.238,2656.362
2023-01-11 07:00:00,1197.2710000000002,3510.813,2827.163,3097.642667
2023-01-11 08:00:00,1376.876,3827.657,3084.9849999999997,3492.262667
2023-01-11 09:00:00,1417.879,3934.862,3236.891,3522.986667
2023-01-11 10:00:00,1333.4859999999999,3846.51,3143.790333,3346.1526670000003
2023-01-11 11:00:00,1264.891,3705.5240000000003,2919.048667,3244.9799999999996
2023-01-11 12:00:00,1335.682,3624.032,2967.160001,3259.818333
2023-01-11 13:00:00,1336.7179999999998,3732.257,3097.0190000000002,3314.423666
2023-01-11 14:00:00,1296.194,3753.898,3170.473,3335.798334
2023-01-11 15:00:00,1348.85,3772.482,3143.96,3358.358333
2023-01-11 16:00:00,1426.2820000000002,4008.8559999999998,3371.523,3461.932001
2023-01-11 17:00:00,1557.0929999999998,4501.989,3737.8289999999997,3829.094667
2023-01-11 18:00:00,1783.076,4770.257,4031.1049999999996,4239.761
2023-01-11 19:00:00,1811.397,4899.38,4064.468,4362.566
2023-01-11 20:00:00,1727.642,4831.043,4033.0860000000002,4253.4583330000005
2023-01-11 21:00:00,1686.776,4639.694667,3864.1850000000004,4098.916667
2023-01-11 22:00:00,1570.504,4370.201333,3590.945,3855.867
2023-01-11 23:00:00,1339.303,3991.526,3177.522,3428.9880000000003
2023-01-12 00:00:00,1127.704,3456.0383330000004,2796.6639999999998,2986.026334
2023-01-12 01:00:00,1004.1220000000001,3096.955333,2486.844,2641.701333
2023-01-12 02:00:00,933.846,2874.595667,2285.044333,2443.398
2023-01-12 03:00:00,877.581,2759.4116670000003,2177.879667,2299.195
2023-01-12 04:00:00,871.8140000000001,2735.321667,2151.0973329999997,2243.046668
2023-01-12 05:00:00,901.581,2785.818667,2234.283667,2284.852334
2023-01-12 06:00:00,1000.847,2994.8650000000002,2460.976667,2493.456333
2023-01-12 07:00:00,1133.208,3380.5550000000003,2767.0203330000004,2866.403667
2023-01-12 08:00:00,1328.0,3620.448,2938.5786669999998,3266.738334
2023-01-12 09:00:00,1350.6,3656.735,3039.4139999999998,3354.8313340000004
2023-01-12 10:00:00,1258.759,3634.026,2961.672,3331.010667
2023-01-12 11:00:00,1310.001,3597.7570000000005,3020.7329999999997,3183.729666
2023-01-12 12:00:00,1286.314,3548.111,2939.4970000000003,3219.7910009999996
2023-01-12 13:00:00,1246.4879999999998,3529.224,2965.355,3204.689334
2023-01-12 14:00:00,1201.699,3541.205,2879.5820000000003,3027.281667
2023-01-12 15:00:00,1232.855,3453.138,2930.5860000000002,2987.1793319999997
2023-01-12 16:00:00,1296.223,3715.7619999999997,3099.675,3108.947333
2023-01-12 17:00:00,1396.721,4027.708666,3467.431,3578.130333
2023-01-12 18:00:00,1605.2710000000002,4396.595333,3744.437,3971.475
2023-01-12 19:00:00,1656.739,4521.025,3737.495,4041.907335
2023-01-12 20:00:00,1620.4599999999998,4434.625,3708.204,3914.9816680000004
2023-01-12 21:00:00,1483.025,4314.107,3480.3990000000003,3767.620334
2023-01-12 22:00:00,1419.184,3919.705,3247.916,3508.0246669999997
2023-01-12 23:00:00,1239.508,3538.329,2855.712,3093.139667
2023-01-13 00:00:00,1074.8990000000001,3098.938,2503.939,2671.083
2023-01-13 01:00:00,912.904,2795.183,2255.716,2353.803334
2023-01-13 02:00:00,839.76,2606.4040000000005,2001.838,2179.2483330000005
2023-01-13 03:00:00,796.0459999999999,2445.529,1912.973,2097.1620000000003
2023-01-13 04:00:00,781.465,2476.558,1877.103,2068.0116669999998
2023-01-13 05:00:00,829.313,2530.745,1961.851,2109.327
2023-01-13 06:00:00,907.295,2739.953,2146.008,2324.277667
2023-01-13 07:00:00,1068.562,3121.647,2438.346,2710.238667
2023-01-13 08:00:00,1254.22,3465.9100000000003,2722.0200000000004,3108.558333
2023-01-13 09:00:00,1264.879,3566.506,2877.593,3187.6583330000003
2023-01-13 10:00:00,1239.43,3482.794,2882.566,3090.0489989999996
2023-01-13 11:00:00,1233.429,3473.4139999999998,2924.306,3153.8833329999998
2023-01-13 12:00:00,1280.4009999999998,3565.875,2895.704,3177.492667
2023-01-13 13:00:00,1239.6409999999998,3511.433,2848.97,3114.868
2023-01-13 14:00:00,1200.3649999999998,3461.313,2847.08,3099.726666
2023-01-13 15:00:00,1162.997,3388.897,2832.497334,3059.154333
2023-01-13 16:00:00,1270.911,3605.196,2933.85,3119.361334
2023-01-13 17:00:00,1355.911,3855.761,3252.7533329999997,3358.245334
2023-01-13 18:00:00,1520.3449999999998,4050.2870000000003,3398.954334,3681.814332
2023-01-13 19:00:00,1531.6390000000001,4184.891,3468.3823330000005,3783.107667
2023-01-13 20:00:00,1503.906,4020.866,3259.072333,3608.5853340000003
2023-01-13 21:00:00,1419.3380000000002,3865.848,3090.383667,3459.9750000000004
2023-01-13 22:00:00,1372.519,3690.223,3018.971,3323.062667
2023-01-13 23:00:00,1233.506,3457.4700000000003,2696.2803329999997,3044.174667
2023-01-14 00:00:00,1056.819,3179.023,2433.821,2683.921334
2023-01-14 01:00:00,944.8230000000001,2892.934667,2196.6949999999997,2405.569001
2023-01-14 02:00:00,861.2719999999999,2667.4500000000003,2016.765,2174.418667
2023-01-14 03:00:00,792.769,2497.544,1887.661,2076.3613349999996
2023-01-14 04:00:00,795.858,2498.382,1923.853,2002.356667
2023-01-14 05:00:00,819.775,2550.327,1945.744,2032.132
2023-01-14 06:00:00,847.686,2579.6,2060.112,2181.629333
2023-01-14 07:00:00,918.8130000000001,2774.884,2219.1629999999996,2361.4559999999997
2023-01-14 08:00:00,1073.3049999999998,3128.54,2489.806,2700.059334
2023-01-14 09:00:00,1227.141,3564.9179999999997,2908.746667,3133.227
2023-01-14 10:00:00,1351.357,3863.501,3228.861333,3334.375333
2023-01-14 11:00:00,1434.586,3968.3589999999995,3332.491,3475.819
2023-01-14 12:00:00,1492.792,4133.382,3388.201,3745.326333
2023-01-14 13:00:00,1474.116,4290.061,3432.139333,3789.348666
2023-01-14 14:00:00,1488.434,4212.805,3488.820667,3700.6493339999997
2023-01-14 15:00:00,1438.7150000000001,4125.737,3418.044,3628.526
2023-01-14 16:00:00,1454.978,4098.644,3413.4390000000003,3631.562
2023-01-14 17:00:00,1480.5510000000002,4225.468999999999,3518.647,3741.4930000000004
2023-01-14 18:00:00,1609.583,4486.773,3767.913,3910.6849999999995
2023-01-14 19:00:00,1581.478,4493.683,3580.875,3973.145
2023-01-14 20:00:00,1534.5259999999998,4341.684,3492.37,3797.582667
2023-01-14 21:00:00,1443.077,4118.969000000001,3282.253,3620.712667
2023-01-14 22:00:00,1425.696,3906.881,3085.116,3346.412667
2023-01-14 23:00:00,1247.8049999999998,3598.244,2894.133,3132.772667
2023-01-15 00:00:00,1111.8290000000002,3330.338,2568.3370000000004,2802.036
2023-01-15 01:00:00,959.3340000000001,3023.4129999999996,2304.169,2530.0383330000004
2023-01-15 02:00:00,890.371,2765.1,2144.603,2268.754
2023-01-15 03:00:00,847.7,2649.21,2008.0,2152.744333
2023-01-15 04:00:00,815.8620000000001,2573.199,1983.011,2111.6223330000003
2023-01-15 05:00:00,840.8050000000001,2593.666333,1983.762,2101.724333
2023-01-15 06:00:00,863.7460000000001,2659.268,2091.7200000000003,2184.447666
2023-01-15 07:00:00,934.317,2754.853,2195.982,2390.053333
2023-01-15 08:00:00,1052.961,3147.0620000000004,2474.701,2704.0470000000005
2023-01-15 09:00:00,1269.095,3527.645,2968.431,3209.298
2023-01-15 10:00:00,1463.504,4046.863,3292.6389999999997,3438.491333
2023-01-15 11:00:00,1520.728,4355.668,3490.616,3729.411667
2023-01-15 12:00:00,1577.6390000000001,4381.025,3501.397,3825.358334
2023-01-15 13:00:00,1587.3539999999998,4451.802,3578.501,3838.341
2023-01-15 14:00:00,1573.7440000000001,4411.223,3584.8369999999995,3822.696
2023-01-15 15:00:00,1613.056,4440.661999999999,3669.9860000000003,3772.4476670000004
2023-01-15 16:00:00,1604.567,4500.959,3674.993,3920.612333
2023-01-15 17:00:00,1658.6,4699.602,3794.808,4117.751
2023-01-15 18:00:00,1763.596,4860.316000000001,3892.902,4359.916
2023-01-15 19:00:00,1717.3359999999998,4759.348,3905.389,4384.641667
2023-01-15 20:00:00,1620.721,4664.656,3735.4610000000002,4116.284667
2023-01-15 21:00:00,1595.097,4557.407999999999,3603.4929999999995,3901.790333
2023-01-15 22:00:00,1485.2540000000001,4177.120000000001,3413.966667,3626.498334
2023-01-15 23:00:00,1337.2380000000003,3947.5260000000003,3015.9610000000002,3277.619666
2023-01-16 00:00:00,1182.886,3439.741,2780.962333,2908.1200010000002
2023-01-16 01:00:00,997.002,3078.5469999999996,2442.001333,2592.3109990000003
2023-01-16 02:00:00,947.137,2844.2529999999997,2265.272,2365.975
2023-01-16 03:00:00,912.3679999999999,2720.1890000000003,2149.014,2246.3436659999998
2023-01-16 04:00:00,875.498,2743.2889999999998,2145.614,2292.4726680000003
2023-01-16 05:00:00,946.251,2817.0820000000003,2273.9700000000003,2339.137
2023-01-16 06:00:00,1001.2840000000001,3000.205,2477.858334,2568.197333
2023-01-16 07:00:00,1100.955,3302.522,2621.3986670000004,2828.665667
2023-01-16 08:00:00,1271.3429999999998,3714.117,2935.1393340000004,3116.994666
2023-01-16 09:00:00,1320.819,3932.4429999999998,3235.822999,3505.856333
2023-01-16 10:00:00,1363.0430000000001,4027.078334,3379.892333,3533.581333
2023-01-16 11:00:00,1408.7350000000001,4046.026667,3381.8076659999997,3627.332665
2023-01-16 12:00:00,1493.622,4036.378,3379.880333,3547.575334
2023-01-16 13:00:00,1484.449,3970.81,3281.583333,3470.0876660000004
2023-01-16 14:00:00,1427.008,3897.174,3145.056001,3455.732333
2023-01-16 15:00:00,1392.291,3876.734,3187.3940000000002,3433.974666
2023-01-16 16:00:00,1401.8419999999999,4017.7709999999997,3129.5786669999998,3450.7419999999997
2023-01-16 17:00:00,1490.0990000000002,4213.312,3442.561,3711.542334
2023-01-16 18:00:00,1714.578,4762.26,3889.728,4256.548667
2023-01-16 19:00:00,1797.4450000000002,4889.822,3948.1203330000003,4405.1723329999995
2023-01-16 20:00:00,1794.034,4788.445,3884.565667,4333.974333
2023-01-16 21:00:00,1673.3110000000001,4619.641,3779.1313330000003,3985.9310000000005
2023-01-16 22:00:00,1556.855,4272.292332999999,3443.779667,3723.9120009999997
2023-01-16 23:00:00,1319.429,3832.666333,3104.9883330000002,3278.944334
2023-01-17 00:00:00,1139.136,3345.057,2676.694333,2837.1769999999997
2023-01-17 01:00:00,989.827,2990.2030000000004,2417.513667,2575.783667
2023-01-17 02:00:00,902.17,2859.766,2208.523333,2425.597667
2023-01-17 03:00:00,861.634,2700.2290000000003,2085.3669999999997,2315.2740000000003
2023-01-17 04:00:00,862.642,2699.0299999999997,2099.1546670000002,2262.54
2023-01-17 05:00:00,923.866,2777.191,2221.3360000000002,2335.806666
2023-01-17 06:00:00,1004.482,2993.054,2458.277333,2572.156333
2023-01-17 07:00:00,1181.365,3394.9660000000003,2744.771333,3061.380668
2023-01-17 08:00:00,1365.085,3769.361,3003.623,3390.851667
2023-01-17 09:00:00,1313.649,3801.161,3102.653,3434.1096669999997
2023-01-17 10:00:00,1318.392,3650.626,3022.857,3321.744
2023-01-17 11:00:00,1342.556,3582.9390000000003,3036.075,3300.335001
2023-01-17 12:00:00,1294.211,3663.661,2999.115,3217.0370000000003
2023-01-17 13:00:00,1349.34,3630.485,2953.83,3268.6183340000002
2023-01-17 14:00:00,1312.196,3577.619,2890.111,3296.42
2023-01-17 15:00:00,1318.589,3650.3140000000003,2851.536,3208.9326680000004
2023-01-17 16:00:00,1352.5910000000001,3835.0919999999996,3059.009,3356.667
2023-01-17 17:00:00,1493.8149999999998,4272.786,3441.9269999999997,3804.866333
2023-01-17 18:00:00,1631.677,4659.98,3814.271001,4226.750666
2023-01-17 19:00:00,1743.529,4762.700999999999,3895.140667,4390.433333
2023-01-17 20:00:00,1682.895,4674.4713329999995,3783.076334,4281.652333
2023-01-17 21:00:00,1649.889,4524.223667,3692.2983329999997,4021.806334
2023-01-17 22:00:00,1482.059,4167.669667,3408.573,3711.349666
2023-01-17 23:00:00,1302.6989999999998,3764.166667,2982.864333,3236.512333
2023-01-18 00:00:00,1106.614,3369.1223330000003,2611.696333,2861.062334
2023-01-18 01:00:00,976.4380000000001,2969.204333,2305.203,2537.271667
2023-01-18 02:00:00,874.768,2730.0593329999997,2086.466667,2357.158334
2023-01-18 03:00:00,868.231,2613.704,2041.3963330000001,2281.4870010000004
2023-01-18 04:00:00,870.2529999999999,2644.429333,2013.825667,2220.550666
2023-01-18 05:00:00,905.0049999999999,2739.1953329999997,2135.796,2235.166666
2023-01-18 06:00:00,978.8489999999999,2988.238667,2365.831,2496.935001
2023-01-18 07:00:00,1156.7469999999998,3249.1616670000003,2620.9723329999997,2905.389
2023-01-18 08:00:00,1317.2330000000002,3578.991333,2907.473667,3266.609666
2023-01-18 09:00:00,1371.357,3753.669,2984.920333,3344.278332
2023-01-18 10:00:00,1314.181,3714.434,3004.4710000000005,3232.928
2023-01-18 11:00:00,1283.519,3728.198667,2887.8666670000002,3310.753667
2023-01-18 12:00:00,1293.101,3795.423,2980.1856669999997,3396.766001
2023-01-18 13:00:00,1353.794,3853.8089999999997,3085.495333,3419.496
2023-01-18 14:00:00,1353.3380000000002,3815.1400000000003,3105.324667,3348.701333
2023-01-18 15:00:00,1404.151,3881.053,3138.259667,3386.054
2023-01-18 16:00:00,1393.547,4097.005999999999,3337.230667,3522.686667
2023-01-18 17:00:00,1527.5430000000001,4402.914,3726.421666,3783.2929999999997
2023-01-18 18:00:00,1760.804,4981.241,4044.794666,4316.294334
2023-01-18 19:00:00,1844.1689999999999,5088.507,4086.297666,4523.6846669999995
2023-01-18 20:00:00,1803.002,4936.092000000001,4042.107667,4432.487667
2023-01-18 21:00:00,1714.6970000000001,4858.796,3951.842667,4262.229001
2023-01-18 22:00:00,1600.373,4660.454000000001,3702.629333,3915.3576669999998
2023-01-18 23:00:00,1412.094,4118.775,3294.231333,3518.286333
2023-01-19 00:00:00,1224.221,3607.408,2932.592667,3076.0519999999997
2023-01-19 01:00:00,1040.951,3240.745,2584.774,2703.658999
2023-01-19 02:00:00,958.0329999999999,3009.345,2395.6553329999997,2534.0979989999996
2023-01-19 03:00:00,939.3570000000001,2883.2433340000002,2302.6013330000005,2454.786332
2023-01-19 04:00:00,938.4459999999999,2895.959,2240.8266670000003,2412.812667
2023-01-19 05:00:00,977.2840000000001,3032.4449999999997,2401.501667,2486.116668
2023-01-19 06:00:00,1083.379,3232.286,2670.662667,2753.5730000000003
2023-01-19 07:00:00,1221.254,3611.884,2949.003667,3176.431667
2023-01-19 08:00:00,1442.5,3915.9936669999997,3242.046,3517.934334
2023-01-19 09:00:00,1455.471,3928.6720000000005,3293.8450000000003,3650.8216669999997
2023-01-19 10:00:00,1385.3780000000002,3985.617999,3289.806,3513.863334
2023-01-19 11:00:00,1362.588,4020.623,3205.3010000000004,3431.644333
2023-01-19 12:00:00,1369.7649999999999,4053.031,3226.548,3552.862667
2023-01-19 13:00:00,1412.2549999999999,4042.605,3167.843,3584.089667
2023-01-19 14:00:00,1364.016,3973.252,3198.0066669999997,3472.190667
2023-01-19 15:00:00,1389.5910000000001,3941.819,3240.5249999999996,3423.901331
2023-01-19 16:00:00,1421.79,4093.3730000000005,3334.689333,3540.154999
2023-01-19 17:00:00,1531.736,4365.387000000001,3645.385333,3822.521999
2023-01-19 18:00:00,1725.274,4749.9310000000005,4033.9643340000002,4266.144
2023-01-19 19:00:00,1827.123,5045.774,4168.738665999999,4479.874335
2023-01-19 20:00:00,1784.0520000000001,5118.121332999999,4142.812666,4399.019001000001
2023-01-19 21:00:00,1741.246,5011.629333,4093.7760009999997,4362.593
2023-01-19 22:00:00,1637.8780000000002,4765.568,3855.353333,4156.548333
2023-01-19 23:00:00,1456.0819999999999,4438.610000000001,3545.983001,3825.762334
2023-01-20 00:00:00,1292.714,4089.502,3132.923667,3324.132667
2023-01-20 01:00:00,1137.063,3629.17,2875.768,3051.197999
2023-01-20 02:00:00,1103.626,3481.7560000000003,2762.250333,2828.5876660000004
2023-01-20 03:00:00,1055.173,3329.767,2708.617666,2769.320999
2023-01-20 04:00:00,1072.786,3414.773,2661.2936660000005,2736.975001
2023-01-20 05:00:00,1098.9679999999998,3478.8349999999996,2759.270333,2809.723666
2023-01-20 06:00:00,1187.0990000000002,3719.3630000000003,3004.6859990000003,3060.179334
2023-01-20 07:00:00,1349.0390000000002,4099.002,3331.571667,3476.436666
2023-01-20 08:00:00,1548.084,4485.437,3602.4433339999996,3874.553334
2023-01-20 09:00:00,1570.301,4583.057,3751.106999,3979.352667
2023-01-20 10:00:00,1527.362,4470.568667,3630.954334,3836.317
2023-01-20 11:00:00,1547.27,4380.619333000001,3690.4503330000002,3834.202
2023-01-20 12:00:00,1499.155,4405.513000000001,3668.788,3873.547667
2023-01-20 13:00:00,1517.469,4311.229,3587.518,3812.091333
2023-01-20 14:00:00,1465.876,4295.110000000001,3631.858,3766.119001
2023-01-20 15:00:00,1380.9450000000002,4296.032999999999,3543.202333,3659.561667
2023-01-20 16:00:00,1483.149,4457.924000000001,3710.858,3746.822333
2023-01-20 17:00:00,1630.451,4797.455999999999,3997.727,4166.416001
2023-01-20 18:00:00,1739.3490000000002,5051.870000000001,4221.755,4558.741333
2023-01-20 19:00:00,1783.5749999999998,5104.093000000001,4277.928667,4609.7916669999995
2023-01-20 20:00:00,1723.074,5122.65,4126.794334,4614.272666
2023-01-20 21:00:00,1694.4629999999997,5059.237000000001,4032.993334,4464.131667000001
2023-01-20 22:00:00,1641.924,4721.805,3785.569666,4218.886001
2023-01-20 23:00:00,1498.631,4477.0470000000005,3588.955,3881.525334
2023-01-21 00:00:00,1345.973,4202.993,3245.307,3479.3720000000003
2023-01-21 01:00:00,1212.713,3817.981,2980.103,3200.656333
2023-01-21 02:00:00,1148.614,3572.947,2805.454,2924.692
2023-01-21 03:00:00,1084.501,3408.8239999999996,2736.751,2854.686
2023-01-21 04:00:00,1048.71,3400.309,2721.0856670000003,2806.333
2023-01-21 05:00:00,1066.931,3455.066,2769.662333,2826.006
2023-01-21 06:00:00,1133.0720000000001,3564.429,2905.4379999999996,2978.434667
2023-01-21 07:00:00,1241.035,3770.071,3120.507,3259.3386680000003
2023-01-21 08:00:00,1411.83,4164.359,3352.947,3620.846334
2023-01-21 09:00:00,1580.449,4623.614,3795.6299999999997,4060.508333
2023-01-21 10:00:00,1694.142,4884.501,4049.257,4304.018668
2023-01-21 11:00:00,1821.872,5086.544,4200.305,4486.035
2023-01-21 12:00:00,1836.069,5219.371999999999,4368.585,4627.7
2023-01-21 13:00:00,1827.675,5250.193,4205.9130000000005,4583.035
2023-01-21 14:00:00,1730.497,5000.17,4026.7960000000003,4375.3366670000005
2023-01-21 15:00:00,1641.619,4719.210999999999,3872.51,4115.609333
2023-01-21 16:00:00,1614.7730000000001,4642.624,3782.396,4089.3183329999997
2023-01-21 17:00:00,1643.937,4796.785667,3895.251,4318.484667000001
2023-01-21 18:00:00,1790.495333,5184.697667,4167.695,4518.182333000001
2023-01-21 19:00:00,1774.5110000000002,5124.5,4156.15,4589.461334
2023-01-21 20:00:00,1729.657,4930.327,4015.8459999999995,4432.951666999999
2023-01-21 21:00:00,1632.516,4804.664000000001,3854.435,4246.031333
2023-01-21 22:00:00,1575.845,4663.206333,3738.1760000000004,3995.188999
2023-01-21 23:00:00,1459.63,4303.920666,3460.089,3644.897334
2023-01-22 00:00:00,1280.272,3909.3913330000005,3069.401,3273.611
2023-01-22 01:00:00,1124.148,3511.7110000000002,2795.4049999999997,2957.437666
2023-01-22 02:00:00,1009.206,3270.038,2629.695,2732.580667
2023-01-22 03:00:00,945.867,3120.388,2556.543,2642.101666
2023-01-22 04:00:00,946.973,3048.42,2398.1949999999997,2555.3113329999996
2023-01-22 05:00:00,957.311,3010.9230000000002,2395.543,2578.189001
2023-01-22 06:00:00,1013.887,3145.528,2510.999,2739.717001
2023-01-22 07:00:00,1098.118,3413.059,2728.8140000000003,2979.236666
2023-01-22 08:00:00,1269.23,3849.812,3068.915,3255.231999
2023-01-22 09:00:00,1469.118,4340.951999999999,3565.966,3677.770667
2023-01-22 10:00:00,1534.124,4647.118,3822.568,3971.581667
2023-01-22 11:00:00,1647.085,4761.538,3902.9620000000004,4100.192333999999
2023-01-22 12:00:00,1666.0149999999999,4726.468000000001,3900.5139999999997,4082.095
2023-01-22 13:00:00,1622.579,4707.93,3799.523,4030.0696660000003
2023-01-22 14:00:00,1622.201,4537.536,3703.47,3822.1316659999998
2023-01-22 15:00:00,1556.623,4486.665999999999,3632.25,3828.4020000000005
2023-01-22 16:00:00,1562.922,4478.485000000001,3760.907,3861.242666
2023-01-22 17:00:00,1676.524,4582.896000000001,3850.104,4097.326333
2023-01-22 18:00:00,1877.1689999999999,4922.847,4119.732,4463.292667
2023-01-22 19:00:00,1881.121,5065.031999999999,4198.465,4541.211667
2023-01-22 20:00:00,1863.4099999999999,5001.727,4168.207,4439.359333
2023-01-22 21:00:00,1755.036,4832.432000000001,3987.855,4323.036
2023-01-22 22:00:00,1598.712,4496.2609999999995,3698.829667,4007.694334
2023-01-22 23:00:00,1388.754,4061.5119999999997,3266.496667,3501.316334
2023-01-23 00:00:00,1198.0500000000002,3718.535,2982.379333,3009.696333
2023-01-23 01:00:00,1009.578,3280.7599999999998,2598.679167,2676.16
2023-01-23 02:00:00,937.5699999999999,3032.2470000000003,2378.6275,2520.6816670000003
2023-01-23 03:00:00,902.8430000000001,2934.6220000000003,2322.002,2438.728
2023-01-23 04:00:00,934.942,2964.976,2295.978,2429.1020000000003
2023-01-23 05:00:00,970.194,3118.501,2436.7284999999997,2537.307
2023-01-23 06:00:00,1096.138,3449.2210000000005,2688.1545,2794.708667
2023-01-23 07:00:00,1285.067333,3912.599,3069.4995,3298.655
2023-01-23 08:00:00,1463.263,4219.96,3300.0600000000004,3701.251001
2023-01-23 09:00:00,1437.772,4184.592000000001,3448.4680000000003,3652.475
2023-01-23 10:00:00,1366.4810000000002,4043.148,3266.809,3599.1220000000003
2023-01-23 11:00:00,1304.5369999999998,3909.785,3178.554,3395.005
2023-01-23 12:00:00,1324.788,3854.42,3103.269,3339.237
2023-01-23 13:00:00,1290.09,3753.946,3009.62,3342.431
2023-01-23 14:00:00,1190.621,3751.827,2915.441,3322.363
2023-01-23 15:00:00,1202.5159999999998,3543.3446670000003,2889.3459999999995,3215.203333
2023-01-23 16:00:00,1304.515,3844.1153329999997,3136.374,3342.785
2023-01-23 17:00:00,1448.546,4284.421,3544.7,3714.815
2023-01-23 18:00:00,1696.638,4716.642667,3893.572,4148.035
2023-01-23 19:00:00,1782.05,4823.92,3984.342,4432.603332999999
2023-01-23 20:00:00,1769.567,4795.820667,3871.1530000000002,4241.658
2023-01-23 21:00:00,1711.06,4604.032,3750.901,4044.004
2023-01-23 22:00:00,1567.1039999999998,4351.213667,3441.3736660000004,3789.499667
2023-01-23 23:00:00,1310.252,3884.200667,3024.1960010000003,3337.2793340000003
2023-01-24 00:00:00,1118.271,3405.629,2665.679667,2846.948
2023-01-24 01:00:00,989.706,3049.6410000000005,2417.677,2605.597334
2023-01-24 02:00:00,906.98,2837.032,2258.0906670000004,2406.3910000000005
2023-01-24 03:00:00,877.725,2765.916,2190.4663339999997,2329.446667
2023-01-24 04:00:00,874.385,2778.752,2170.9440000000004,2330.29
2023-01-24 05:00:00,929.108,2915.166,2330.7340000000004,2461.896667
2023-01-24 06:00:00,1056.741,3247.8250000000003,2613.210333,2689.3513329999996
2023-01-24 07:00:00,1257.397,3696.078,2999.4663339999997,3214.4756669999997
2023-01-24 08:00:00,1437.7240000000002,4033.304,3280.300333,3554.264333
2023-01-24 09:00:00,1404.132,4041.321,3297.869,3610.7633330000003
2023-01-24 10:00:00,1336.7820000000002,3949.09,3196.756,3538.577
2023-01-24 11:00:00,1362.807,3885.4750000000004,3164.1056660000004,3401.072
2023-01-24 12:00:00,1260.5769999999998,3765.6059999999998,3072.553333,3321.851334
2023-01-24 13:00:00,1196.77,3525.254,2920.911333,3162.588667
2023-01-24 14:00:00,1151.9279999999999,3394.322,2811.961,3098.0663329999998
2023-01-24 15:00:00,1139.31,3322.8769999999995,2747.6949999999997,2959.472334
2023-01-24 16:00:00,1245.463,3582.0150000000003,2957.9890000000005,3117.654667
2023-01-24 17:00:00,1430.3509999999999,3959.643,3318.344667,3454.867333
2023-01-24 18:00:00,1605.3850000000002,4483.069,3709.968665,3984.1130000000003
2023-01-24 19:00:00,1710.742,4670.822,3870.354,4189.904
2023-01-24 20:00:00,1694.7129999999997,4693.249,3897.036999,4193.735333999999
2023-01-24 21:00:00,1653.914,4622.707,3767.562,4114.072667
2023-01-24 22:00:00,1497.1219999999998,4340.683,3546.6099999999997,3787.7110000000002
2023-01-24 23:00:00,1277.088,3844.325,3122.346666,3444.6436670000003
2023-01-25 00:00:00,1105.462,3396.9163340000005,2686.877665,3013.711667
2023-01-25 01:00:00,970.047,3031.16,2434.542667,2604.1153329999997
2023-01-25 02:00:00,908.285,2880.144,2264.753999,2454.5946670000003
2023-01-25 03:00:00,873.268,2753.468,2200.4939990000003,2338.855667
2023-01-25 04:00:00,863.4119999999999,2742.232,2152.6489979999997,2314.157001
2023-01-25 05:00:00,906.1850000000001,2816.209,2258.124333,2393.805667
2023-01-25 06:00:00,1016.3290000000001,3005.1459999999997,2482.783999,2611.097667
2023-01-25 07:00:00,1182.699,3392.42,2797.661666,3024.136667
2023-01-25 08:00:00,1351.1526669999998,3727.4710000000005,3084.025001,3406.374
2023-01-25 09:00:00,1324.798667,3804.612,3190.488332,3397.578333
2023-01-25 10:00:00,1273.804,3841.043333,3094.737666,3348.191
2023-01-25 11:00:00,1278.155,3768.1409999999996,3025.017335,3410.143
2023-01-25 12:00:00,1295.383,3759.7940000000003,3039.831333,3420.2519999999995
2023-01-25 13:00:00,1301.9350000000002,3794.0280000000002,3097.705667,3466.102334
2023-01-25 14:00:00,1309.71,3775.071,3075.899667,3455.226333
2023-01-25 15:00:00,1285.3700000000001,3800.587,3061.336335,3375.8903339999997
2023-01-25 16:00:00,1351.032,3981.372,3253.3423329999996,3382.928667
2023-01-25 17:00:00,1470.1409999999998,4343.594999999999,3511.360666,3588.572999
2023-01-25 18:00:00,1612.26,4612.42,3963.1806659999997,4192.570333
2023-01-25 19:00:00,1746.063,4720.034,3996.929001,4332.054667
2023-01-25 20:00:00,1689.7269999999999,4676.137,3843.708667,4266.626
2023-01-25 21:00:00,1643.027,4618.681,3674.030001,4162.100333
2023-01-25 22:00:00,1489.829,4255.683999999999,3347.069,3866.6913339999996
2023-01-25 23:00:00,1321.3400000000001,3854.861,3021.312332,3331.3469999999998
2023-01-26 00:00:00,1128.951,3350.491,2669.3476659999997,2878.323
2023-01-26 01:00:00,984.991,2981.707,2398.7263340000004,2529.3966659999996
2023-01-26 02:00:00,896.611,2793.5969999999998,2197.8726659999998,2375.2569989999997
2023-01-26 03:00:00,861.414,2698.654,2127.3493339999995,2303.819334
2023-01-26 04:00:00,881.547,2686.937,2080.047,2249.0870000000004
2023-01-26 05:00:00,889.387,2768.204,2175.346666,2328.6090000000004
2023-01-26 06:00:00,977.4789999999999,3000.393,2422.9466669999997,2555.2973329999995
2023-01-26 07:00:00,1161.019,3372.6189999999997,2755.883334,2995.6833340000003
2023-01-26 08:00:00,1330.164,3671.415,3066.581,3418.883667
2023-01-26 09:00:00,1337.061,3695.772,3091.145333,3409.9840000000004
2023-01-26 10:00:00,1311.3139999999999,3705.7219999999998,3023.053333,3383.616333
2023-01-26 11:00:00,1329.352,3678.1476669999997,3030.7343329999994,3290.855665
2023-01-26 12:00:00,1349.008,3808.707,3091.832333,3338.001
2023-01-26 13:00:00,1373.2509999999997,3762.874334,3090.766001,3351.111
2023-01-26 14:00:00,1339.9340000000002,3742.253,3048.264334,3252.188333
2023-01-26 15:00:00,1348.7640000000001,3710.799666,3081.076667,3345.9130000000005
2023-01-26 16:00:00,1363.368,3910.5879999999997,3187.269665,3426.229333
2023-01-26 17:00:00,1495.371,4370.568,3520.633334,3650.438
2023-01-26 18:00:00,1653.224,4657.227000000001,3847.1073340000003,4020.7703340000003
2023-01-26 19:00:00,1730.891,4702.646999999999,3917.819334,4210.93
2023-01-26 20:00:00,1678.729,4685.129,3826.601667,4172.111000000001
2023-01-26 21:00:00,1582.7359999999999,4495.213,3657.9783340000004,3941.794
2023-01-26 22:00:00,1470.137,4272.277667,3426.8979999999997,3718.667333
2023-01-26 23:00:00,1317.051,3892.6050000000005,3082.552667,3389.9616669999996
2023-01-27 00:00:00,1159.394,3530.011333,2687.825333,3001.885333
2023-01-27 01:00:00,1030.4540000000002,3161.6216670000003,2399.1713339999997,2655.315334
2023-01-27 02:00:00,936.201,2950.621,2240.245334,2476.7016670000003
2023-01-27 03:00:00,909.015,2797.064,2165.988666,2400.980334
2023-01-27 04:00:00,931.529,2820.057,2169.4943329999996,2403.075667
2023-01-27 05:00:00,949.866,2887.268,2283.594333,2457.1349999999998
2023-01-27 06:00:00,1030.984,3104.0739999999996,2466.286333,2661.281
2023-01-27 07:00:00,1166.8280000000002,3439.551,2806.4913340000003,3013.8536679999997
2023-01-27 08:00:00,1355.232,3711.425,3044.441334,3289.1076669999998
2023-01-27 09:00:00,1428.304,3932.675,3272.432,3452.5056669999994
2023-01-27 10:00:00,1445.442,3962.185,3379.9973330000003,3522.398666
2023-01-27 11:00:00,1404.429,3957.6839999999997,3332.358001,3467.655334
2023-01-27 12:00:00,1371.9189999999999,3993.157,3343.4663330000003,3509.729666
2023-01-27 13:00:00,1337.537,3855.6540000000005,3219.777,3380.1863330000006
2023-01-27 14:00:00,1357.241,3753.419,3185.395666,3241.9443330000004
2023-01-27 15:00:00,1298.495,3695.577,3125.639,3226.7529999999997
2023-01-27 16:00:00,1389.696,3894.578333,3195.016333,3413.170333
2023-01-27 17:00:00,1460.9379999999999,4204.606666,3441.4626660000004,3636.8509999999997
2023-01-27 18:00:00,1555.8819999999998,4361.700667,3559.861667,3952.8706670000006
2023-01-27 19:00:00,1625.8690000000001,4430.747333,3610.84,3968.2773340000003
2023-01-27 20:00:00,1515.5900000000001,4341.415333000001,3406.5216659999996,3900.712666
2023-01-27 21:00:00,1468.2109999999998,4156.887667,3290.065667,3704.577
2023-01-27 22:00:00,1369.999,3875.5563330000004,3143.185,3530.863
2023-01-27 23:00:00,1222.964,3621.1173329999997,2875.918334,3204.7419999999997
2023-01-28 00:00:00,1092.184,3332.044,2623.200333,2804.696666
2023-01-28 01:00:00,966.201,3040.692,2352.791333,2513.543333
2023-01-28 02:00:00,904.446,2775.0586670000002,2142.9273329999996,2337.138666
2023-01-28 03:00:00,843.8689999999999,2697.273333,2033.924667,2251.6653340000003
2023-01-28 04:00:00,844.354,2632.7216670000003,1995.393334,2234.1806669999996
2023-01-28 05:00:00,845.7360000000001,2608.973,2048.043334,2261.615667
2023-01-28 06:00:00,910.602,2722.165667,2126.465666,2360.682667
2023-01-28 07:00:00,979.9490000000001,2897.047,2332.0923329999996,2627.718001
2023-01-28 08:00:00,1170.9119999999998,3266.864667,2654.584999,2956.463334
2023-01-28 09:00:00,1286.351,3712.884,3063.041,3389.957
2023-01-28 10:00:00,1395.3909999999998,3965.3033330000003,3313.171667,3561.896334
2023-01-28 11:00:00,1482.2669999999998,4177.469666999999,3466.325667,3757.5350009999997
2023-01-28 12:00:00,1590.3450000000003,4278.041332999999,3484.1269999999995,3750.171
2023-01-28 13:00:00,1491.882,4246.020667000001,3492.405666,3804.3559999999998
2023-01-28 14:00:00,1550.248,4129.705667,3466.875334,3731.489667
2023-01-28 15:00:00,1482.567,4234.204333,3318.901,3689.147333
2023-01-28 16:00:00,1491.306,4209.887999999999,3271.71,3618.8013339999998
2023-01-28 17:00:00,1613.099,4497.272999999999,3585.055999,3911.9030000000002
2023-01-28 18:00:00,1727.2060000000001,4759.68,3919.244,4248.105334
2023-01-28 19:00:00,1728.641,4893.496,4000.161666,4418.9346669999995
2023-01-28 20:00:00,1717.23,4795.304,3908.715,4283.333667
2023-01-28 21:00:00,1589.049,4709.973,3748.121,4081.5266659999998
2023-01-28 22:00:00,1564.559,4559.853999999999,3587.173,3961.9843330000003
2023-01-28 23:00:00,1450.954,4299.579,3443.1046669999996,3666.112
2023-01-29 00:00:00,1312.2740000000001,4069.873,3137.2650000000003,3356.049667
2023-01-29 01:00:00,1157.655,3754.253,2901.219,3115.557334
2023-01-29 02:00:00,1089.594,3559.608333,2752.925,3010.016334
2023-01-29 03:00:00,1060.252,3446.064333,2715.215,2835.9889999999996
2023-01-29 04:00:00,1049.346,3471.462,2689.92,2856.8199999999997
2023-01-29 05:00:00,1078.597,3528.1530000000002,2657.304,2884.140333
2023-01-29 06:00:00,1142.6009999999999,3660.492667,2801.840334,3015.468667
2023-01-29 07:00:00,1258.3899999999999,3953.2466670000003,3132.047,3332.6890000000003
2023-01-29 08:00:00,1415.324,4423.427,3523.989,3710.3226670000004
2023-01-29 09:00:00,1624.4769999999999,4954.9493330000005,3963.487333,4202.857001
2023-01-29 10:00:00,1718.6689999999999,5199.86,4139.317666999999,4407.020334000001
2023-01-29 11:00:00,1771.208,5165.774,4364.784333,4465.683333999999
2023-01-29 12:00:00,1787.616,5196.212667,4252.239667,4545.373333
2023-01-29 13:00:00,1743.533,5228.159,4153.851000000001,4470.112666
2023-01-29 14:00:00,1701.9450000000002,5093.677,4051.3639999999996,4319.065333
2023-01-29 15:00:00,1644.9579999999999,4970.966,4011.955333,4202.195333
2023-01-29 16:00:00,1681.2889999999998,5035.183,4063.128333,4330.934332999999
2023-01-29 17:00:00,1824.042,5404.6939999999995,4257.817667,4669.975333
2023-01-29 18:00:00,2003.047,5704.904,4774.714333,5135.179
2023-01-29 19:00:00,2124.25,6004.646000000001,4913.977,5425.8569990000005
2023-01-29 20:00:00,2100.02,6079.966,4973.338,5488.111332999999
2023-01-29 21:00:00,1981.763,5843.137,4870.667667,5251.553667
2023-01-29 22:00:00,1893.88,5574.504999999999,4485.652667,4868.930667
2023-01-29 23:00:00,1651.6060000000002,5124.29,4049.490667,4362.768
2023-01-30 00:00:00,1500.5480000000002,4669.279,3659.639333,3884.0516669999997
2023-01-30 01:00:00,1323.6580000000001,4348.5779999999995,3386.9790000000003,3587.6259999999997
2023-01-30 02:00:00,1238.1399999999999,4078.362,3162.6835,3415.0190000000002
2023-01-30 03:00:00,1203.233,3977.214,3116.9260000000004,3381.083
2023-01-30 04:00:00,1200.645,4027.315,3119.071,3377.831333
2023-01-30 05:00:00,1263.73,4126.938,3277.836,3451.697
2023-01-30 06:00:00,1393.5720000000001,4368.197,3596.4130000000005,3793.8810000000003
2023-01-30 07:00:00,1574.097,4952.599,3968.158,4306.512000000001
2023-01-30 08:00:00,1819.3200000000002,5399.465,4306.210999999999,4727.532999999999
2023-01-30 09:00:00,1794.5769999999998,5389.555333,4445.118,4695.606
2023-01-30 10:00:00,1740.4479999999999,5197.883666,4230.602,4499.74
2023-01-30 11:00:00,1638.015,4997.768,4156.003000000001,4361.742
2023-01-30 12:00:00,1651.371,4930.305667,4035.072,4222.524
2023-01-30 13:00:00,1596.667,4811.035333,3963.8756670000002,4122.809
2023-01-30 14:00:00,1529.8490000000002,4591.448,3781.392,4039.3179999999998
2023-01-30 15:00:00,1491.152,4496.469333,3652.207,3937.902
2023-01-30 16:00:00,1534.2669999999998,4515.063,3838.433,3951.3540000000003
2023-01-30 17:00:00,1613.788,4980.222,4213.242,4363.6939999999995
2023-01-30 18:00:00,1894.115,5584.5869999999995,4654.390667,5018.917333
2023-01-30 19:00:00,2072.552,5887.981,4820.765667,5371.3099999999995
2023-01-30 20:00:00,2033.662,5705.475,4734.865333,5208.877667
2023-01-30 21:00:00,2001.002,5609.272,4698.749,5066.064
2023-01-30 22:00:00,1799.692,5354.026,4405.366334,4689.4130000000005
2023-01-30 23:00:00,1580.756,4912.528,3823.238666,4135.860333
2023-01-31 00:00:00,1373.2269999999999,4405.035,3435.857,3751.543333
2023-01-31 01:00:00,1219.284,3994.9089999999997,3208.7556670000004,3458.645667
2023-01-31 02:00:00,1183.567,3816.929,3054.300667,3265.388667
2023-01-31 03:00:00,1164.908,3745.25,3039.195001,3192.205
2023-01-31 04:00:00,1179.202,3793.9363329999996,3060.7483330000005,3219.547667
2023-01-31 05:00:00,1215.266,4065.876,3205.506334,3363.516
2023-01-31 06:00:00,1347.317,4319.068333,3481.8666670000002,3591.863667
2023-01-31 07:00:00,1520.336,4684.366,3792.098667,4065.466
2023-01-31 08:00:00,1742.3829999999998,5022.385,4075.974333,4457.469666
2023-01-31 09:00:00,1746.1219999999998,4953.64,4224.158334,4427.145
2023-01-31 10:00:00,1635.194,4785.773,3997.0190000000002,4290.0
2023-01-31 11:00:00,1562.366,4605.09,3838.6890000000003,4146.885
2023-01-31 12:00:00,1539.866,4519.923,3856.1369999999997,4031.5773329999997
2023-01-31 13:00:00,1592.176,4442.642,3711.474,3940.213667
2023-01-31 14:00:00,1472.761,4247.888000000001,3576.402,3810.1890000000003
2023-01-31 15:00:00,1547.725,4284.359,3518.876,3741.304334
2023-01-31 16:00:00,1497.6979999999999,4456.848,3589.225,3913.127
2023-01-31 17:00:00,1628.955,4804.646000000001,4031.245,4233.651
2023-01-31 18:00:00,1855.719,5262.714,4456.425001,4763.779
2023-01-31 19:00:00,2050.837,5492.907,4621.483667,4975.095665999999
2023-01-31 20:00:00,2007.557,5530.261,4454.866667,4896.3099999999995
2023-01-31 21:00:00,1960.737,5435.853999999999,4324.1990000000005,4795.0560000000005
2023-01-31 22:00:00,1747.149,5032.954,4068.578,4506.423
2023-01-31 23:00:00,1530.9609999999998,4532.882,3684.799667,4084.815
2023-02-01 00:00:00,1319.117,4113.608,3279.559667,3580.888
2023-02-01 01:00:00,1221.73,3882.9620000000004,2988.670333,3287.775334
2023-02-01 02:00:00,1164.366,3705.534,2892.667,3152.102334
2023-02-01 03:00:00,1145.835,3687.308,2826.545,3082.227
2023-02-01 04:00:00,1142.221,3708.929,2866.337,3114.317334
2023-02-01 05:00:00,1172.719,3820.362,3038.66,3244.1096669999997
2023-02-01 06:00:00,1311.491,4110.014,3337.134,3492.677999
2023-02-01 07:00:00,1482.843,4508.1720000000005,3745.077,3993.068
2023-02-01 08:00:00,1694.278,4822.444,3960.0803330000003,4367.096
2023-02-01 09:00:00,1671.0790000000002,4915.77,4012.788,4346.945333
2023-02-01 10:00:00,1562.1770000000001,4790.447,3819.721,4095.441999
2023-02-01 11:00:00,1523.243,4552.619000000001,3716.6500000000005,3840.455
2023-02-01 12:00:00,1470.393,4352.822,3563.941,3737.8689999999997
2023-02-01 13:00:00,1351.7669999999998,4129.862999999999,3427.697667,3582.3060000000005
2023-02-01 14:00:00,1316.421,3978.591,3195.5333339999997,3542.1369999999997
2023-02-01 15:00:00,1258.625,3822.448,3089.009333,3379.5000010000003
2023-02-01 16:00:00,1283.4750000000001,3956.455667,3120.997,3482.070334
2023-02-01 17:00:00,1494.399,4299.825333,3510.907667,3791.739
2023-02-01 18:00:00,1703.8669999999997,4938.609333,4084.349334,4420.234666
2023-02-01 19:00:00,1882.4210000000003,5114.67,4299.193665999999,4727.067666000001
2023-02-01 20:00:00,1853.126,5238.9169999999995,4335.029,4689.684334
2023-02-01 21:00:00,1824.732,5125.499,4224.218666999999,4504.530000000001
2023-02-01 22:00:00,1692.153,4991.310667,3905.688333,4329.665
2023-02-01 23:00:00,1471.887,4551.246,3533.096333,3870.7053339999998
2023-02-02 00:00:00,1301.018,4216.337,3167.392333,3511.646
2023-02-02 01:00:00,1159.3220000000001,3861.0730000000003,2949.7160000000003,3208.721
2023-02-02 02:00:00,1099.276,3687.3439999999996,2832.8630000000003,3008.962
2023-02-02 03:00:00,1083.226,3645.834,2743.308,2954.2456669999997
2023-02-02 04:00:00,1077.25,3708.281,2764.088,2997.951
2023-02-02 05:00:00,1163.6029999999998,3886.498,2942.89,3113.8500000000004
2023-02-02 06:00:00,1313.638,4173.036,3231.2843329999996,3474.987
2023-02-02 07:00:00,1512.696,4661.133,3692.848667,3976.423001
2023-02-02 08:00:00,1748.208,5060.96,3987.638,4344.363334
2023-02-02 09:00:00,1688.864,4927.888000000001,3999.091,4365.312667
2023-02-02 10:00:00,1615.4029999999998,4706.394,3859.3999999999996,4077.9143329999997
2023-02-02 11:00:00,1558.692,4393.354667,3620.4139999999998,3846.5159999999996
2023-02-02 12:00:00,1444.3580000000002,4167.464,3402.8689999999997,3621.3083340000003
2023-02-02 13:00:00,1365.955,3959.97,3184.965,3513.010334
2023-02-02 14:00:00,1357.393,3819.1530000000002,3009.601,3309.4716670000003
2023-02-02 15:00:00,1391.231,3782.310333,3072.322,3311.784
2023-02-02 16:00:00,1388.1219999999998,4055.407667,3235.251,3395.429667
2023-02-02 17:00:00,1529.196,4462.219,3528.334,3771.941667
2023-02-02 18:00:00,1685.754,4891.914666999999,4031.818,4288.575001
2023-02-02 19:00:00,1857.565,5053.903333,4108.535,4439.473334
2023-02-02 20:00:00,1846.0439999999999,4940.760333,4098.910333,4354.780334
2023-02-02 21:00:00,1683.879,4864.414667,3894.0086659999997,4244.668667
2023-02-02 22:00:00,1524.133,4635.6266669999995,3583.852,3942.6536659999997
2023-02-02 23:00:00,1384.352,4175.481333,3258.7259999999997,3530.049
2023-02-03 00:00:00,1214.39,3747.425,2888.565,3145.597667
2023-02-03 01:00:00,1077.6799999999998,3373.808,2653.415,2820.777
2023-02-03 02:00:00,1019.808,3170.535,2496.6600000000003,2642.2110000000002
2023-02-03 03:00:00,991.095,3047.1459999999997,2427.097,2562.9316659999995
2023-02-03 04:00:00,986.934,3076.2799999999997,2412.3529999999996,2528.224333
2023-02-03 05:00:00,977.5740000000001,3036.7709999999997,2502.0,2606.8199999999997
2023-02-03 06:00:00,1069.1619999999998,3335.602,2674.9,2894.787001
2023-02-03 07:00:00,1252.33,3737.373,2973.251,3285.487
2023-02-03 08:00:00,1480.108,4005.471,3314.708,3636.572
2023-02-03 09:00:00,1485.107,4137.817000000001,3476.4860000000003,3736.612
2023-02-03 10:00:00,1468.057,4204.044,3496.124,3672.743
2023-02-03 11:00:00,1490.245,4294.432000000001,3435.277,3576.779334
2023-02-03 12:00:00,1551.8580000000002,4230.700999999999,3502.2160000000003,3640.797667
2023-02-03 13:00:00,1575.2530000000002,4342.752,3511.3550000000005,3541.5379999999996
2023-02-03 14:00:00,1458.393667,4060.629,3333.615,3430.469334
2023-02-03 15:00:00,1378.2709989999998,4000.841,3275.5916660000003,3311.6390009999996
2023-02-03 16:00:00,1339.953,4072.472,3409.0249999999996,3409.7686670000003
2023-02-03 17:00:00,1406.479,4285.07,3595.797,3608.898
2023-02-03 18:00:00,1571.5439999999999,4577.593,3725.6980000000003,3932.776
2023-02-03 19:00:00,1590.555,4646.355,3752.807,4100.972667
2023-02-03 20:00:00,1578.7379999999998,4556.414,3542.8610000000003,3962.9656680000003
2023-02-03 21:00:00,1552.51,4413.629,3410.391,3859.5910000000003
2023-02-03 22:00:00,1421.214,4110.831,3225.9030000000002,3606.244334
2023-02-03 23:00:00,1292.5259999999998,3770.388,2921.063,3261.947334
2023-02-04 00:00:00,1168.437,3328.905,2645.067,2899.690334
2023-02-04 01:00:00,1011.6429999999999,2991.043,2418.8419999999996,2578.277333
2023-02-04 02:00:00,964.065,2851.204,2177.833667,2419.1099999999997
2023-02-04 03:00:00,893.809,2716.978,2096.919333,2242.815
2023-02-04 04:00:00,876.653,2634.922,2040.1813329999998,2169.099
2023-02-04 05:00:00,842.452,2654.6130000000003,2030.487,2163.2830000000004
2023-02-04 06:00:00,884.347,2722.337,2157.033,2324.539667
2023-02-04 07:00:00,990.299,2924.006,2323.611,2563.1006669999997
2023-02-04 08:00:00,1141.141,3342.4049999999997,2672.814,2922.368333
2023-02-04 09:00:00,1306.112,3843.826,3010.241667,3288.2210000000005
2023-02-04 10:00:00,1490.618,4135.956,3271.978667,3494.732
2023-02-04 11:00:00,1520.8519999999999,4229.528,3396.193667,3723.7140000000004
2023-02-04 12:00:00,1564.298,4333.811000000001,3418.026,3841.282666
2023-02-04 13:00:00,1568.919,4388.299999999999,3373.728,3700.804001
2023-02-04 14:00:00,1539.1680000000001,4204.619,3407.416,3622.920001
2023-02-04 15:00:00,1454.4389999999999,4110.69,3392.6986669999997,3595.960668
2023-02-04 16:00:00,1503.943,4286.877,3403.318,3624.144333
2023-02-04 17:00:00,1589.5510000000002,4455.1359999999995,3529.8830000000003,3780.939334
2023-02-04 18:00:00,1662.1999999999998,4644.831999999999,3687.940667,4000.0406669999998
2023-02-04 19:00:00,1651.705,4565.225,3740.8633339999997,3948.8413330000003
2023-02-04 20:00:00,1631.3319999999999,4471.154,3573.058,3853.789001
2023-02-04 21:00:00,1509.625,4348.125,3430.307,3762.487999
2023-02-04 22:00:00,1388.596,4051.974,3280.0393329999997,3595.697333
2023-02-04 23:00:00,1283.6770000000001,3734.921,3009.2573330000005,3275.5516669999997
2023-02-05 00:00:00,1164.696,3360.414,2670.56,2928.023333
2023-02-05 01:00:00,989.4950000000001,3060.434,2406.4086669999997,2575.806
2023-02-05 02:00:00,918.803,2810.77,2233.7430000000004,2385.938
2023-02-05 03:00:00,881.191,2680.1000000000004,2074.0893330000004,2249.639
2023-02-05 04:00:00,876.789,2597.916,1976.415333,2197.698333
2023-02-05 05:00:00,850.741,2624.044,2014.007,2214.423334
2023-02-05 06:00:00,933.7740000000001,2686.3689999999997,2098.325,2318.7110000000002
2023-02-05 07:00:00,1015.115,2902.0870000000004,2312.1773329999996,2522.6983339999997
2023-02-05 08:00:00,1166.364,3295.54,2644.6486670000004,2886.696
2023-02-05 09:00:00,1348.133,3702.456,3070.215333,3333.9953330000003
2023-02-05 10:00:00,1453.404,4085.804,3345.241,3570.223
2023-02-05 11:00:00,1541.602,4099.518,3452.871,3739.054333
2023-02-05 12:00:00,1553.8519999999999,4367.499,3539.933,3820.795
2023-02-05 13:00:00,1593.462,4443.243999999999,3543.967333,3970.759
2023-02-05 14:00:00,1582.201,4409.29,3530.773333,3924.795666
2023-02-05 15:00:00,1625.895,4486.557000000001,3649.582667,3913.721333
2023-02-05 16:00:00,1683.623,4488.723,3662.1553329999997,3985.315667
2023-02-05 17:00:00,1726.237,4657.892,3798.4533330000004,4211.8546670000005
2023-02-05 18:00:00,1880.934,4877.339,3982.358667,4419.148001
2023-02-05 19:00:00,1831.2200000000003,4896.281999999999,3937.980667,4447.8730000000005
2023-02-05 20:00:00,1780.018,4789.93,3928.724666,4371.158667
2023-02-05 21:00:00,1723.725,4699.072,3859.903334,4077.41
2023-02-05 22:00:00,1525.337,4400.096,3544.642667,3794.497334
2023-02-05 23:00:00,1322.3809999999999,3910.3309999999997,3014.265667,3310.929334
2023-02-06 00:00:00,1128.6070000000002,3458.362,2605.946333,2896.5516669999997
2023-02-06 01:00:00,1014.685,3092.9120000000003,2351.9300000000003,2606.228
2023-02-06 02:00:00,945.388,2861.647,2153.9375,2425.722
2023-02-06 03:00:00,887.616,2718.399,2126.4123329999998,2314.370333
2023-02-06 04:00:00,902.823,2734.199,2096.647,2336.5950000000003
2023-02-06 05:00:00,946.31,2804.897,2203.87,2356.571
2023-02-06 06:00:00,1027.0810000000001,3132.057,2462.0789999999997,2636.325333
2023-02-06 07:00:00,1233.8180000000002,3575.175,2811.219,3080.6913329999998
2023-02-06 08:00:00,1466.953,3881.075,3099.3,3465.202667
2023-02-06 09:00:00,1449.0,3975.747,3178.959,3567.0693340000003
2023-02-06 10:00:00,1358.466,3876.042,3181.4089999999997,3352.898
2023-02-06 11:00:00,1332.141,3775.3280000000004,3156.4086669999997,3326.656667
2023-02-06 12:00:00,1351.502,3776.589,3146.927667,3309.668334
2023-02-06 13:00:00,1305.523,3803.1620000000003,3054.119667,3324.096
2023-02-06 14:00:00,1316.522,3624.037,2966.072,3323.041
2023-02-06 15:00:00,1323.3339999999998,3672.2439999999997,3110.921,3232.221
2023-02-06 16:00:00,1409.675,3873.5840000000003,3145.26,3289.6403330000003
2023-02-06 17:00:00,1513.893,4192.287,3400.139,3582.6949999999997
2023-02-06 18:00:00,1695.687,4524.392,3776.554,3999.651333
2023-02-06 19:00:00,1870.2930000000001,4838.991,3978.4159999999997,4396.834667
2023-02-06 20:00:00,1775.938,4700.535,3908.3446670000003,4280.512000000001
2023-02-06 21:00:00,1626.522,4568.557,3734.435,4098.954
2023-02-06 22:00:00,1503.482,4210.914,3476.0836659999995,3738.527
2023-02-06 23:00:00,1309.4160000000002,3728.326,2991.9473340000004,3346.658
2023-02-07 00:00:00,1123.1439999999998,3245.458,2588.954,2864.5696669999998
2023-02-07 01:00:00,987.367,2874.855,2326.1576670000004,2473.498333
2023-02-07 02:00:00,908.337,2724.214,2109.474333,2287.519
2023-02-07 03:00:00,884.24,2589.957,2036.7990000000002,2235.8999999999996
2023-02-07 04:00:00,868.559,2565.348,1999.504,2192.3466670000003
2023-02-07 05:00:00,898.951,2702.73,2108.8869999999997,2284.7313329999997
2023-02-07 06:00:00,982.9470000000001,2988.0910000000003,2402.4139999999998,2478.833333
2023-02-07 07:00:00,1189.433,3338.357,2745.2439999999997,2989.176
2023-02-07 08:00:00,1388.9699999999998,3649.844,2954.8340000000003,3278.3406670000004
2023-02-07 09:00:00,1355.76,3628.885,3029.026,3357.91
2023-02-07 10:00:00,1339.1090000000002,3515.6139999999996,3051.242,3276.545
2023-02-07 11:00:00,1330.575,3687.7569999999996,2965.117,3291.8393340000002
2023-02-07 12:00:00,1323.048,3797.4979999999996,3075.433,3284.085333
2023-02-07 13:00:00,1308.6779999999999,3734.596,3075.736,3365.534
2023-02-07 14:00:00,1308.781,3668.317,2981.1009999999997,3266.404665
2023-02-07 15:00:00,1346.173,3674.463,2983.68,3278.2780000000002
2023-02-07 16:00:00,1345.904,3771.96,3009.259,3287.777666
2023-02-07 17:00:00,1464.848,4064.755,3283.154,3507.272332
2023-02-07 18:00:00,1578.8919999999998,4479.076999999999,3711.933,3990.590668
2023-02-07 19:00:00,1651.1349999999998,4710.003999999999,3858.414,4225.114667
2023-02-07 20:00:00,1672.346,4799.136333,3854.568667,4308.865667
2023-02-07 21:00:00,1665.7710000000002,4684.629333,3719.891334,4220.982333
2023-02-07 22:00:00,1536.527,4460.277,3477.425332,3874.0893340000002
2023-02-07 23:00:00,1360.453,3927.7299999999996,3137.303666,3438.357333
2023-02-08 00:00:00,1168.229,3494.512,2738.8903339999997,3031.820334
2023-02-08 01:00:00,1022.1370000000001,3124.618,2471.977666,2703.6283329999997
2023-02-08 02:00:00,962.989,2962.1180000000004,2308.150333,2523.548333
2023-02-08 03:00:00,941.9680000000001,2868.517,2173.790667,2446.7956679999998
2023-02-08 04:00:00,953.078,2915.6490000000003,2179.445333,2367.0503339999996
2023-02-08 05:00:00,995.0839999999998,3040.697,2277.668001,2476.4460010000003
2023-02-08 06:00:00,1090.7640000000001,3258.7960000000003,2567.995,2773.187334
2023-02-08 07:00:00,1232.7069999999999,3660.394,2904.998,3261.105334
2023-02-08 08:00:00,1460.758,4023.568,3229.1443320000003,3680.719666
2023-02-08 09:00:00,1469.2199999999998,4104.735,3324.995,3574.9696670000003
2023-02-08 10:00:00,1359.7019999999998,3872.479,3134.205,3327.383334
2023-02-08 11:00:00,1339.6319999999998,3748.0663329999998,2982.206,3214.369
2023-02-08 12:00:00,1279.038,3619.352,2938.3630000000003,3111.543668
2023-02-08 13:00:00,1206.712,3502.273,2853.65,3074.0
2023-02-08 14:00:00,1196.295,3438.911,2743.9089999999997,2948.79
2023-02-08 15:00:00,1187.556,3354.7110000000002,2749.877,2937.9153340000003
2023-02-08 16:00:00,1172.947,3520.2080000000005,2768.796,2944.6470010000003
2023-02-08 17:00:00,1332.835,3821.319,2957.426,3186.95
2023-02-08 18:00:00,1576.295,4344.031999999999,3457.1549999999997,3758.615668
2023-02-08 19:00:00,1727.528,4630.467,3693.303,4137.762333
2023-02-08 20:00:00,1647.4450000000002,4518.891333,3686.759667,4129.444334
2023-02-08 21:00:00,1570.329,4464.518667,3698.678,3946.943001
2023-02-08 22:00:00,1479.4859999999999,4270.093,3444.024,3762.7250000000004
2023-02-08 23:00:00,1240.516,3836.982333,3030.451,3336.6763330000003
2023-02-09 00:00:00,1101.373,3328.705667,2659.206,2832.4880009999997
2023-02-09 01:00:00,983.7549999999999,3078.407333,2375.6049999999996,2561.576666
2023-02-09 02:00:00,940.306,2902.7583329999998,2214.296666,2424.048
2023-02-09 03:00:00,904.232,2794.8773330000004,2184.457334,2351.9840000000004
2023-02-09 04:00:00,901.781,2790.847667,2138.055667,2336.583667
2023-02-09 05:00:00,944.309,2927.117,2268.715,2404.479667
2023-02-09 06:00:00,1034.429,3209.323,2556.635,2704.764
2023-02-09 07:00:00,1234.693,3641.343667,2920.358,3141.633667
2023-02-09 08:00:00,1470.714,3961.232,3305.333,3602.8103340000002
2023-02-09 09:00:00,1415.138,3837.747,3271.432,3454.088334
2023-02-09 10:00:00,1320.2420000000002,3644.545,3034.2490000000003,3139.049666
2023-02-09 11:00:00,1273.665,3527.492667,2837.7180000000003,3128.4343329999997
2023-02-09 12:00:00,1246.060333,3408.148334,2752.955,3018.690334
2023-02-09 13:00:00,1157.938333,3281.5910010000002,2676.746,2861.3143330000003
2023-02-09 14:00:00,1095.738,3093.7256669999997,2575.705,2680.704
2023-02-09 15:00:00,1048.941,2961.644667,2427.956,2632.057334
2023-02-09 16:00:00,1092.766,3046.724,2526.298,2693.038667
2023-02-09 17:00:00,1272.422,3396.3289999999997,2832.771,2983.331333
2023-02-09 18:00:00,1444.681,3979.592,3239.892,3474.766334
2023-02-09 19:00:00,1624.372,4302.575,3522.455,3871.9206670000003
2023-02-09 20:00:00,1638.821,4342.107,3450.8720000000003,3813.511335
2023-02-09 21:00:00,1519.9070000000002,4242.228,3404.223,3672.8593339999998
2023-02-09 22:00:00,1376.38,4043.817,3155.5096670000003,3426.565333
2023-02-09 23:00:00,1229.9879999999998,3593.7,2773.7723340000002,3043.946667
2023-02-10 00:00:00,1037.855,3165.5660000000003,2433.927333,2664.5496669999998
2023-02-10 01:00:00,910.829,2805.791,2190.321667,2365.927667
2023-02-10 02:00:00,827.759,2586.5159999999996,2038.177667,2179.955
2023-02-10 03:00:00,787.9669999999999,2466.234,1924.4099999999999,2091.167
2023-02-10 04:00:00,796.1509999999998,2472.982,1900.71,2056.1043339999997
2023-02-10 05:00:00,825.4499999999999,2543.948333,1958.645333,2102.8613330000003
2023-02-10 06:00:00,923.4169999999999,2776.665333,2213.066667,2323.206
2023-02-10 07:00:00,1091.3020000000001,3243.846667,2589.435667,2803.9046660000004
2023-02-10 08:00:00,1305.6439999999998,3581.255,2946.2933329999996,3187.0643339999997
2023-02-10 09:00:00,1299.5320000000002,3570.999667,3055.2743339999997,3229.526334
2023-02-10 10:00:00,1291.813,3519.433333,3052.539667,3139.028333
2023-02-10 11:00:00,1252.205,3544.496,2892.966,3058.3633330000002
2023-02-10 12:00:00,1217.5729999999999,3388.425,2765.818,2971.8550000000005
2023-02-10 13:00:00,1168.2830000000001,3337.768,2702.765,2883.094333
2023-02-10 14:00:00,1173.7730000000001,3334.967667,2690.9570000000003,2746.827001
2023-02-10 15:00:00,1148.1000000000001,3170.309,2576.821,2755.413
2023-02-10 16:00:00,1107.155,3285.2490000000003,2671.8379999999997,2746.398333
2023-02-10 17:00:00,1179.8179999999998,3532.8010000000004,2875.3149999999996,3024.6230000000005
2023-02-10 18:00:00,1410.9389999999999,3865.871,3210.88,3428.763
2023-02-10 19:00:00,1502.6970000000001,4127.691,3278.062,3695.276
2023-02-10 20:00:00,1465.1100000000001,4122.141,3280.035667,3673.932
2023-02-10 21:00:00,1403.304,3988.7920000000004,3181.729667,3524.755333
2023-02-10 22:00:00,1348.15,3783.2470000000003,3036.62,3302.640334
2023-02-10 23:00:00,1208.864,3580.315,2785.456667,3106.9826669999998
2023-02-11 00:00:00,1097.8139999999999,3278.099,2534.938667,2751.458667
2023-02-11 01:00:00,992.7179999999998,2952.127,2317.843,2523.462333
2023-02-11 02:00:00,895.446,2848.923,2197.398,2350.998666
2023-02-11 03:00:00,874.138,2755.607,2138.8419999999996,2285.432667
2023-02-11 04:00:00,875.81,2764.255,2158.4309999999996,2289.242333
2023-02-11 05:00:00,913.221,2746.091,2182.726,2352.7123330000004
2023-02-11 06:00:00,968.8639999999999,2855.206,2240.5969999999998,2511.308
2023-02-11 07:00:00,1053.857,3175.7380000000003,2435.751,2742.279332
2023-02-11 08:00:00,1249.58,3532.813,2900.681334,3153.775333
2023-02-11 09:00:00,1429.1330000000003,3930.333,3334.9486669999997,3562.8390010000003
2023-02-11 10:00:00,1520.33,4230.742,3491.1906670000003,3745.402
2023-02-11 11:00:00,1544.319,4358.102,3506.199667,3801.581
2023-02-11 12:00:00,1526.5230000000001,4370.782,3479.065,3793.215333
2023-02-11 13:00:00,1539.0120000000002,4240.725,3378.8140000000003,3707.5816670000004
2023-02-11 14:00:00,1378.7450000000001,3910.209,3139.09,3508.0589999999997
2023-02-11 15:00:00,1283.7510000000002,3680.037,3086.66,3189.972667
2023-02-11 16:00:00,1295.552,3654.7400000000002,3036.987,3211.071
2023-02-11 17:00:00,1359.7920000000001,3885.8300000000004,3150.275667,3379.8133340000004
2023-02-11 18:00:00,1510.853,4243.644,3374.1276669999997,3775.552
2023-02-11 19:00:00,1568.888,4404.246,3599.071333,4031.5023330000004
2023-02-11 20:00:00,1587.28,4433.985,3597.085,3937.2156670000004
2023-02-11 21:00:00,1540.083,4381.59,3492.534333,3800.559666
2023-02-11 22:00:00,1443.3650000000002,4166.72,3310.738,3615.501333
2023-02-11 23:00:00,1324.192,3964.389,3101.5389999999998,3412.407
2023-02-12 00:00:00,1145.6399999999999,3652.0409999999997,2854.939667,3081.366667
2023-02-12 01:00:00,1055.74,3318.224,2658.807667,2856.062334
2023-02-12 02:00:00,1014.562,3180.754,2499.281,2698.5093340000003
2023-02-12 03:00:00,980.7009999999999,3088.577,2421.054333,2613.633667
2023-02-12 04:00:00,971.559,3111.6000000000004,2398.1259999999997,2568.528333
2023-02-12 05:00:00,1012.761,3124.892,2508.5446679999995,2594.8723330000003
2023-02-12 06:00:00,1067.808,3246.327,2571.387,2718.9059989999996
2023-02-12 07:00:00,1173.5900000000001,3488.1949999999997,2768.951333,3040.9386669999994
2023-02-12 08:00:00,1366.7630000000001,3975.723,3182.973,3473.827
2023-02-12 09:00:00,1504.6550000000002,4444.355,3765.126333,3883.176
2023-02-12 10:00:00,1641.491,4737.7919999999995,4039.751,4172.936333
2023-02-12 11:00:00,1728.446,4952.042,4096.862999999999,4302.995000000001
2023-02-12 12:00:00,1681.857,4899.336,3948.9069999999997,4193.095333
2023-02-12 13:00:00,1586.67,4641.074,3685.625333,4039.045
2023-02-12 14:00:00,1553.022,4487.674,3593.032333,3865.5163329999996
2023-02-12 15:00:00,1471.808,4266.093,3441.449667,3721.8869999999997
2023-02-12 16:00:00,1411.355,4116.099999999999,3278.736333,3661.6369999999997
2023-02-12 17:00:00,1359.317,4143.094,3308.627333,3599.126
2023-02-12 18:00:00,1537.491,4415.362999999999,3615.790667,3990.437
2023-02-12 19:00:00,1758.665,4716.315,3848.1050000000005,4194.260666
2023-02-12 20:00:00,1737.1019999999999,4675.1900000000005,3887.5826669999997,4240.364667
2023-02-12 21:00:00,1725.596,4626.031000000001,3804.6096669999997,4234.552
2023-02-12 22:00:00,1560.0320000000002,4381.869,3502.1150000000002,3790.4309999999996
2023-02-12 23:00:00,1323.191,3926.544,3093.2380000000003,3314.5860000000002
2023-02-13 00:00:00,1125.859,3391.7560000000003,2715.290667,2800.434
2023-02-13 01:00:00,1006.471,2981.746,2391.453,2563.631667
2023-02-13 02:00:00,903.99,2747.511,2236.123667,2382.190667
2023-02-13 03:00:00,881.8029999999999,2703.264,2138.7523330000004,2318.0510000000004
2023-02-13 04:00:00,865.265,2686.688,2108.083667,2216.289667
2023-02-13 05:00:00,912.723,2738.907,2213.6769999999997,2317.182
2023-02-13 06:00:00,1027.499,3060.1810000000005,2522.053,2619.326
2023-02-13 07:00:00,1184.383,3559.7380000000003,2838.752,3066.852334
2023-02-13 08:00:00,1415.921,3818.893001,3088.907,3463.104666
2023-02-13 09:00:00,1450.599,3819.113667,3187.1059999999998,3513.0648340000002
2023-02-13 10:00:00,1410.154,3899.1769999999997,3175.4080000000004,3412.576499
2023-02-13 11:00:00,1376.3249999999998,3943.112,3220.266,3292.8883339999998
2023-02-13 12:00:00,1397.685,3984.860667,3262.401,3459.842667
2023-02-13 13:00:00,1369.4430000000002,3914.522,3178.507,3415.3166659999997
2023-02-13 14:00:00,1337.211,3853.0879999999997,3083.321667,3380.8179999999998
2023-02-13 15:00:00,1370.913,3895.024,3064.7709999999997,3464.662667
2023-02-13 16:00:00,1462.845,4223.244000000001,3344.202666,3586.629
2023-02-13 17:00:00,1561.336,4485.6720000000005,3721.587667,3858.638333
2023-02-13 18:00:00,1710.382,4951.252,4082.203667,4386.060332999999
2023-02-13 19:00:00,1920.433,5216.481,4243.849,4668.695667
2023-02-13 20:00:00,1862.9989999999998,5213.908,4267.802667,4594.511333
2023-02-13 21:00:00,1780.2420000000002,5100.361000000001,4174.366,4464.040667
2023-02-13 22:00:00,1677.49,4796.44,3861.124333,4188.652
2023-02-13 23:00:00,1452.063,4384.869,3482.221333,3691.072
2023-02-14 00:00:00,1277.638,3929.6310000000003,3089.335,3254.898
2023-02-14 01:00:00,1153.665,3550.489,2804.105667,3006.87
2023-02-14 02:00:00,1048.5149999999999,3345.8419999999996,2683.833333,2809.137666
2023-02-14 03:00:00,1033.8600000000001,3241.117,2625.7769999999996,2763.7276659999998
2023-02-14 04:00:00,1067.071,3264.189,2612.867,2746.199667
2023-02-14 05:00:00,1123.125,3383.875,2733.2659999999996,2822.939668
2023-02-14 06:00:00,1212.431,3611.3599999999997,2957.119666,3067.722667
2023-02-14 07:00:00,1389.3360000000002,4109.733667,3372.146666,3554.306
2023-02-14 08:00:00,1600.167,4433.128000000001,3655.059,3919.624
2023-02-14 09:00:00,1532.6659999999997,4502.492,3645.505667,3882.902334
2023-02-14 10:00:00,1492.936,4361.662,3568.8846670000003,3852.179333
2023-02-14 11:00:00,1524.4569999999999,4294.896000000001,3565.161,3795.9759999999997
2023-02-14 12:00:00,1515.779,4250.043,3553.94,3838.4803330000004
2023-02-14 13:00:00,1477.223,4244.628000000001,3473.544333,3806.144334
2023-02-14 14:00:00,1432.6860000000001,4152.219,3386.284334,3717.715
2023-02-14 15:00:00,1441.652,4097.423000000001,3372.800666,3736.383
2023-02-14 16:00:00,1498.1280000000002,4268.113,3419.852333,3788.790333
2023-02-14 17:00:00,1568.445,4679.494,3690.148667,4044.89
2023-02-14 18:00:00,1784.21,5010.533,4137.434334,4531.216667000001
2023-02-14 19:00:00,1892.308,5230.332,4242.495333,4699.179333
2023-02-14 20:00:00,1872.616,5091.695,4163.679,4435.3730000000005
2023-02-14 21:00:00,1752.705,4821.476,4048.9939990000003,4230.954667
2023-02-14 22:00:00,1609.743,4536.192,3769.387001,3991.039667
2023-02-14 23:00:00,1457.132,4233.883,3464.668334,3708.563
2023-02-15 00:00:00,1243.866,3849.326,3189.9263339999998,3362.816
2023-02-15 01:00:00,1133.327,3610.882,2926.944001,3057.7599999999998
2023-02-15 02:00:00,1082.598,3437.199,2730.264666,2911.886333
2023-02-15 03:00:00,1080.7330000000002,3427.416,2712.234999,2904.16
2023-02-15 04:00:00,1106.4,3545.078,2723.275333,2869.5679999999998
2023-02-15 05:00:00,1176.2649999999999,3662.0470000000005,2896.036333,3046.3419999999996
2023-02-15 06:00:00,1300.7849999999999,3992.2,3261.355667,3359.0313340000002
2023-02-15 07:00:00,1477.566,4489.636,3607.083667,3793.956333
2023-02-15 08:00:00,1719.1529999999998,4883.821,3973.598667,4226.773667
2023-02-15 09:00:00,1687.6039999999998,4900.2029999999995,4032.868666,4216.074333
2023-02-15 10:00:00,1555.469,4596.45,3880.2079999999996,4022.51
2023-02-15 11:00:00,1470.176,4385.782999999999,3658.6059999999998,3825.0299999999997
2023-02-15 12:00:00,1407.964,4182.862,3428.49,3556.9836670000004
2023-02-15 13:00:00,1374.244,3954.3230000000003,3310.221,3427.065667
2023-02-15 14:00:00,1326.943667,3823.935,3143.718,3305.209
2023-02-15 15:00:00,1325.317333,3676.904,3059.4753330000003,3245.762334
2023-02-15 16:00:00,1312.9370000000001,3845.234,3084.747667,3310.045
2023-02-15 17:00:00,1371.06,4112.141,3393.402,3517.6126670000003
2023-02-15 18:00:00,1606.8200000000002,4663.6759999999995,3867.137666,4078.299
2023-02-15 19:00:00,1919.0259999999998,5047.651,4181.220000000001,4459.326333
2023-02-15 20:00:00,1866.612,5073.468000000001,4205.6846669999995,4601.411334
2023-02-15 21:00:00,1835.81,5051.933,4199.710666999999,4466.2646669999995
2023-02-15 22:00:00,1697.833,4900.901,3988.074667,4253.932
2023-02-15 23:00:00,1527.811,4408.734,3589.480334,3778.0679999999998
2023-02-16 00:00:00,1319.759,4101.769,3222.7780000000002,3379.5959999999995
2023-02-16 01:00:00,1188.348,3742.453,2958.403333,3087.482667
2023-02-16 02:00:00,1115.91,3548.433,2862.119667,2989.289667
2023-02-16 03:00:00,1090.257,3511.2430000000004,2780.212,2934.7133329999997
2023-02-16 04:00:00,1107.455,3519.107,2720.307001,2914.8196669999998
2023-02-16 05:00:00,1181.156,3663.683,2855.516334,3005.421667
2023-02-16 06:00:00,1294.5439999999999,3979.215,3136.655332,3313.552
2023-02-16 07:00:00,1423.2039999999997,4418.112,3542.871,3749.537667
2023-02-16 08:00:00,1725.0880000000002,4674.173000000001,3835.6036670000003,4053.3619999999996
2023-02-16 09:00:00,1662.174,4594.9529999999995,3858.827,4042.9476669999995
2023-02-16 10:00:00,1589.596,4445.101,3610.858333,3893.2386669999996
2023-02-16 11:00:00,1526.2710000000002,4272.238,3371.2286670000003,3696.3096669999995
2023-02-16 12:00:00,1445.9270000000001,4093.656,3340.315333,3557.4656670000004
2023-02-16 13:00:00,1386.388,3972.5899999999997,3229.844,3455.482666
2023-02-16 14:00:00,1345.835,3826.393,3133.664334,3355.184
2023-02-16 15:00:00,1315.136,3766.4130000000005,3046.4903329999997,3194.3326660000002
2023-02-16 16:00:00,1390.007,3923.227,3116.037,3374.3196669999998
2023-02-16 17:00:00,1508.022,4302.581,3464.2063319999997,3742.241333
2023-02-16 18:00:00,1686.6370000000002,4633.302000000001,3850.254334,4134.952
2023-02-16 19:00:00,1791.605,4919.213,4020.173667,4312.687001
2023-02-16 20:00:00,1712.275,4917.67,3939.558,4300.313001
2023-02-16 21:00:00,1684.498,4679.5869999999995,3913.9016659999998,4199.776667
2023-02-16 22:00:00,1572.688,4511.178,3770.375,3987.844
2023-02-16 23:00:00,1390.434,4115.999,3240.969,3591.9356669999997
2023-02-17 00:00:00,1192.676,3654.4739999999997,2925.103002,3186.582
2023-02-17 01:00:00,1070.741,3337.834,2676.959333,2850.938
2023-02-17 02:00:00,1039.652,3116.764,2454.573,2630.5350000000003
2023-02-17 03:00:00,999.9950000000001,3013.192,2363.311667,2549.2749999999996
2023-02-17 04:00:00,957.69,2981.962,2338.676,2502.466
2023-02-17 05:00:00,1024.249,3061.234,2469.134,2570.493333
2023-02-17 06:00:00,1103.421,3322.284,2663.5616680000003,2854.69
2023-02-17 07:00:00,1262.844,3675.159,3015.254334,3145.1369999999997
2023-02-17 08:00:00,1446.268,3974.759,3279.729333,3498.372666
2023-02-17 09:00:00,1503.459,4094.475,3439.197,3667.389667
2023-02-17 10:00:00,1496.6,4161.151,3430.643,3640.1526670000003
2023-02-17 11:00:00,1448.9560000000001,4076.7450000000003,3445.619,3626.5370000000003
2023-02-17 12:00:00,1467.74,3992.206,3276.0333330000003,3563.4323329999997
2023-02-17 13:00:00,1403.4786669999999,3868.022,3170.746,3334.011334
2023-02-17 14:00:00,1303.264667,3763.54,3026.711,3228.572001
2023-02-17 15:00:00,1291.2243330000001,3627.608,3054.5910000000003,3067.6059999999998
2023-02-17 16:00:00,1324.261333,3747.077,3130.3689999999997,3141.472334
2023-02-17 17:00:00,1427.9609999999998,3964.9049999999997,3272.7790000000005,3317.446334
2023-02-17 18:00:00,1486.419,4301.886,3502.544,3729.776667
2023-02-17 19:00:00,1589.9279999999999,4411.0869999999995,3454.552,3915.578
2023-02-17 20:00:00,1569.252,4339.0689999999995,3488.291334,3922.817667
2023-02-17 21:00:00,1532.045,4270.968000000001,3397.857333,3798.146
2023-02-17 22:00:00,1480.039,4034.885,3210.388334,3522.0919999999996
2023-02-17 23:00:00,1325.515,3666.428,2987.3199999999997,3273.3643329999995
2023-02-18 00:00:00,1185.232,3316.959,2653.593333,2900.7076669999997
2023-02-18 01:00:00,1042.926,2993.4739999999997,2407.7653339999997,2610.23
2023-02-18 02:00:00,954.683,2797.127,2258.514334,2434.8126669999997
2023-02-18 03:00:00,903.491,2686.768,2134.360001,2303.514667
2023-02-18 04:00:00,880.38,2670.885,2081.669667,2272.6096660000003
2023-02-18 05:00:00,886.273,2710.056,2135.35,2256.396666
2023-02-18 06:00:00,936.458,2839.768,2219.779667,2435.304333
2023-02-18 07:00:00,1066.7109999999998,3089.6059999999998,2453.416333,2642.272
2023-02-18 08:00:00,1208.9050000000002,3462.633,2842.5756659999997,3096.444333
2023-02-18 09:00:00,1359.422,3876.4020000000005,3228.965333,3487.223667
2023-02-18 10:00:00,1442.837,4089.5740000000005,3405.045333,3634.017
2023-02-18 11:00:00,1485.183,4182.708,3485.117667,3674.715
2023-02-18 12:00:00,1542.009,4175.326000000001,3455.826333,3757.367333
2023-02-18 13:00:00,1493.556,4090.523,3412.478333,3697.2926669999997
2023-02-18 14:00:00,1414.987,3978.578,3298.526,3547.702667
2023-02-18 15:00:00,1393.2199999999998,3892.6969999999997,3170.392,3420.165
2023-02-18 16:00:00,1402.8220000000001,3823.549,3163.99,3401.2160000000003
2023-02-18 17:00:00,1462.714,4061.165,3237.491,3548.2239999999997
2023-02-18 18:00:00,1532.66,4317.16,3519.416,3803.4216669999996
2023-02-18 19:00:00,1644.037,4338.558,3610.466,4010.942
2023-02-18 20:00:00,1575.741,4329.849,3492.629,3902.285
2023-02-18 21:00:00,1495.12,4209.715,3388.237,3702.8886660000003
2023-02-18 22:00:00,1410.5259999999998,3947.117,3220.5730000000003,3535.223
2023-02-18 23:00:00,1330.251,3723.9610000000002,3027.708,3317.276
2023-02-19 00:00:00,1157.641,3462.585,2775.175667,2929.0119999999997
2023-02-19 01:00:00,1036.083,3145.496,2497.454667,2691.8
2023-02-19 02:00:00,944.99,2962.619667,2359.1110000000003,2514.362667
2023-02-19 03:00:00,909.585,2790.268,2202.815333,2398.0159999999996
2023-02-19 04:00:00,920.647,2703.3680000000004,2071.334333,2333.441667
2023-02-19 05:00:00,910.0719999999999,2686.8900000000003,2110.049,2311.634
2023-02-19 06:00:00,952.1120000000001,2811.996,2174.8906669999997,2438.6066659999997
2023-02-19 07:00:00,1070.643,3027.598,2420.612,2639.012334
2023-02-19 08:00:00,1227.146,3430.245,2777.3663340000003,3037.3549999999996
2023-02-19 09:00:00,1368.476,3868.7219999999998,3132.533999,3440.8653329999997
2023-02-19 10:00:00,1531.359,4063.1240000000003,3361.4830009999996,3636.53
2023-02-19 11:00:00,1581.076,4251.892,3488.335,3756.1186669999997
2023-02-19 12:00:00,1595.062,4339.451,3507.6150000000002,3857.8500000000004
2023-02-19 13:00:00,1551.83,4356.531,3457.7183330000003,3836.232
2023-02-19 14:00:00,1544.432,4263.839,3412.2889999999998,3767.343333
2023-02-19 15:00:00,1482.3020000000001,4185.978,3391.523667,3639.007667
2023-02-19 16:00:00,1530.3379999999997,4227.957,3387.42,3632.7506670000002
2023-02-19 17:00:00,1587.0770000000002,4419.274332999999,3600.855,3789.515333
2023-02-19 18:00:00,1721.919,4584.008,3767.95,4024.0940000000005
2023-02-19 19:00:00,1784.6,4650.189,3855.046,4182.901
2023-02-19 20:00:00,1686.703,4534.908667,3663.9839999999995,4001.9313329999995
2023-02-19 21:00:00,1569.314,4402.8603330000005,3637.186,3861.5429999999997
2023-02-19 22:00:00,1454.826,4124.8953329999995,3215.3506660000003,3665.872667
2023-02-19 23:00:00,1317.777,3793.054667,2968.329333,3212.033
2023-02-20 00:00:00,1114.496,3336.77,2634.492,2797.407667
2023-02-20 01:00:00,981.138,2923.675333,2359.7250000000004,2479.294
2023-02-20 02:00:00,905.958,2721.109,2131.537333,2275.732333
2023-02-20 03:00:00,872.153,2614.1569999999997,2028.125666,2186.0253329999996
2023-02-20 04:00:00,866.057,2606.7599999999998,1975.353999,2185.4570000000003
2023-02-20 05:00:00,897.2750000000001,2667.372,2120.794666,2223.911666
2023-02-20 06:00:00,956.422,2862.06,2236.4200009999995,2479.4306669999996
2023-02-20 07:00:00,1086.398,3087.991,2504.030667,2733.6536669999996
2023-02-20 08:00:00,1277.014333,3322.897333,2814.557001,3062.662001
2023-02-20 09:00:00,1330.7379999999998,3710.896999,3031.409,3333.608
2023-02-20 10:00:00,1419.038,3819.7856659999998,3119.686667,3445.695999
2023-02-20 11:00:00,1431.2399999999998,3898.2783340000005,3243.905667,3475.0243330000003
2023-02-20 12:00:00,1455.837,3823.717,3257.5643330000003,3427.325334
2023-02-20 13:00:00,1437.016,3844.7070000000003,3130.5156669999997,3343.794333
2023-02-20 14:00:00,1465.242,3812.312,3091.0553330000002,3410.5640000000003
2023-02-20 15:00:00,1478.701,3889.7520000000004,3065.671,3401.792
2023-02-20 16:00:00,1521.755,4021.1499999999996,3238.8540000000003,3529.478667
2023-02-20 17:00:00,1605.682,4232.799,3473.078334,3770.4
2023-02-20 18:00:00,1695.663,4622.262,3797.215,4100.012
2023-02-20 19:00:00,1808.2910000000002,4730.117,3787.850667,4306.504333
2023-02-20 20:00:00,1750.183,4657.7480000000005,3798.783,4273.127
2023-02-20 21:00:00,1696.1419999999998,4602.519,3703.306667,4066.472
2023-02-20 22:00:00,1520.62,4283.133,3394.840667,3750.0246669999997
2023-02-20 23:00:00,1356.9070000000002,3722.489,2883.605333,3273.643001
2023-02-21 00:00:00,1130.377,3217.6760000000004,2544.977,2836.434
2023-02-21 01:00:00,986.0989999999999,2892.5559999999996,2285.160667,2502.6176670000004
2023-02-21 02:00:00,926.3100000000001,2748.9840000000004,2117.873334,2340.786
2023-02-21 03:00:00,901.7610000000001,2642.700667,2092.6453330000004,2254.307
2023-02-21 04:00:00,891.22,2640.148,2075.556333,2247.537667
2023-02-21 05:00:00,926.048,2714.8450000000003,2202.188,2344.0460000000003
2023-02-21 06:00:00,1057.827,3011.02,2448.638333,2587.317
2023-02-21 07:00:00,1218.57,3498.155667,2854.510667,3051.639333
2023-02-21 08:00:00,1439.0230000000001,3840.256,3237.660666,3556.724
2023-02-21 09:00:00,1414.1589999999999,3853.078,3235.971667,3439.048334
2023-02-21 10:00:00,1403.1599999999999,3837.62,3118.118333,3355.89
2023-02-21 11:00:00,1401.35,3836.776333,3087.325667,3419.406667
2023-02-21 12:00:00,1375.9560000000001,3773.7070000000003,3149.373333,3360.2389999999996
2023-02-21 13:00:00,1377.595667,3831.496,3118.3146669999996,3387.2290000000003
2023-02-21 14:00:00,1363.071,3845.161,3186.730667,3382.029
2023-02-21 15:00:00,1422.74,3935.209,3192.0743330000005,3376.8070000000002
2023-02-21 16:00:00,1448.251,4195.996999999999,3370.4970000000003,3580.074667
2023-02-21 17:00:00,1558.5679999999998,4589.174,3631.6276669999997,3946.6090000000004
2023-02-21 18:00:00,1717.441,4856.521,4107.1446670000005,4421.543667
2023-02-21 19:00:00,1856.5499999999997,5167.325000000001,4277.018,4563.919667
2023-02-21 20:00:00,1814.31,5068.343,4160.208001000001,4530.553001
2023-02-21 21:00:00,1738.934,4916.134333,4076.9483330000003,4358.179667
2023-02-21 22:00:00,1612.623,4626.890667,3863.946,4095.6150000000007
2023-02-21 23:00:00,1411.1979999999999,4221.875333,3328.589,3661.726001
2023-02-22 00:00:00,1240.21,3763.6349999999998,3002.496,3191.489334
2023-02-22 01:00:00,1078.27,3427.294,2707.05,2900.7723340000002
2023-02-22 02:00:00,1029.526,3217.0199999999995,2558.954667,2749.116666
2023-02-22 03:00:00,991.992,3088.634,2518.962001,2719.67
2023-02-22 04:00:00,1005.807,3170.406667,2525.654,2654.181
2023-02-22 05:00:00,1056.0140000000001,3334.492,2639.7123329999995,2758.324
2023-02-22 06:00:00,1154.3239999999998,3602.868333,2878.9449999999997,3050.157666
2023-02-22 07:00:00,1346.824,3962.3906669999997,3266.904667,3476.007333
2023-02-22 08:00:00,1586.639,4295.316333000001,3526.6530000000002,3923.6223330000003
2023-02-22 09:00:00,1575.101,4405.624,3674.8553340000003,3967.423666
2023-02-22 10:00:00,1569.666,4480.876,3622.829,3811.044
2023-02-22 11:00:00,1554.476,4387.914,3680.437667,3835.388
2023-02-22 12:00:00,1601.181,4408.064,3677.6396670000004,3877.8160000000003
2023-02-22 13:00:00,1607.122,4638.996999999999,3749.3756670000002,3995.9813329999997
2023-02-22 14:00:00,1628.1390000000001,4657.761,3875.032333,4099.707333
2023-02-22 15:00:00,1706.4669999999999,4816.941,3932.010001,4172.057999999999
2023-02-22 16:00:00,1739.195,5171.713,4274.185667,4443.860667000001
2023-02-22 17:00:00,1942.246,5496.429,4509.828001,4727.6449999999995
2023-02-22 18:00:00,2121.462,5847.3060000000005,4953.353333999999,5242.254999999999
2023-02-22 19:00:00,2221.326,6086.814333,5148.031,5542.994000000001
2023-02-22 20:00:00,2151.0240000000003,6052.897667,5055.234334000001,5459.030000000001
2023-02-22 21:00:00,2069.0060000000003,5777.255333,4928.14,5296.387333000001
2023-02-22 22:00:00,1914.048,5529.555666,4597.815001,4982.1536670000005
2023-02-22 23:00:00,1777.3380000000002,5163.550334,4159.545,4462.366667
2023-02-23 00:00:00,1573.3799999999999,4766.972666,3836.518,4082.21
2023-02-23 01:00:00,1417.4859999999999,4377.652334,3575.376,3740.0556669999996
2023-02-23 02:00:00,1322.192,4118.363332999999,3294.0246669999997,3594.5016670000005
2023-02-23 03:00:00,1288.0839999999998,4068.567,3220.3743329999998,3450.651
2023-02-23 04:00:00,1317.174,3960.8509990000002,3195.802667,3415.106667
2023-02-23 05:00:00,1322.342,4061.2313329999997,3364.710667,3516.0009999999997
2023-02-23 06:00:00,1392.681,4265.278,3525.026333,3638.413667
2023-02-23 07:00:00,1535.4660000000001,4600.878334,3801.119667,3994.424333
2023-02-23 08:00:00,1740.273,4992.579668,4232.388667,4465.425332999999
2023-02-23 09:00:00,1913.19,5437.737333,4670.706667,4928.838000000001
2023-02-23 10:00:00,2035.618,5824.679333,4926.9346669999995,5218.0466670000005
2023-02-23 11:00:00,2157.4880000000003,5993.827665999999,5132.334333,5417.793000000001
2023-02-23 12:00:00,2212.175,6195.379333000001,5206.827667,5541.333666999999
2023-02-23 13:00:00,2210.691,6192.493,5144.383667,5415.224333
2023-02-23 14:00:00,2082.042,5821.943998999999,4929.456333,5208.174
2023-02-23 15:00:00,1947.4379999999996,5711.635334,4854.799667,5071.115666
2023-02-23 16:00:00,2076.4390000000003,5875.439667000001,5002.494333000001,5041.151667
2023-02-23 17:00:00,2084.1090000000004,6170.938666,5116.061333,5283.618334000001
2023-02-23 18:00:00,2341.711,6543.100667000001,5592.433,5718.738
2023-02-23 19:00:00,2516.4840000000004,6924.419,5799.6720000000005,6059.891
2023-02-23 20:00:00,2450.0190000000002,6738.1900000000005,5641.268333,6005.222667
2023-02-23 21:00:00,2271.648,6506.075667,5273.664666999999,5750.958999999999
2023-02-23 22:00:00,2089.864,6023.359666,4986.169333,5276.166
2023-02-23 23:00:00,1858.558,5580.828998999999,4545.350334000001,4837.076
2023-02-24 00:00:00,1698.9350000000002,5118.408332999999,4207.3845,4361.731
2023-02-24 01:00:00,1519.701,4849.753333,3880.907,4007.601334
2023-02-24 02:00:00,1459.3600000000001,4667.308333999999,3681.104,3879.887335
2023-02-24 03:00:00,1416.194,4554.199332,3657.335333,3750.362
2023-02-24 04:00:00,1397.385,4564.306667,3653.593,3720.785667
2023-02-24 05:00:00,1430.051,4599.061667,3668.84,3788.565
2023-02-24 06:00:00,1515.675,4777.411001,3794.642,4008.069
2023-02-24 07:00:00,1624.519,5118.6430009999995,4258.076999999999,4302.986333
2023-02-24 08:00:00,1816.6529999999998,5535.984,4574.489,4714.740334
2023-02-24 09:00:00,1922.63,5754.563666999999,4726.501,5045.785333
2023-02-24 10:00:00,1981.8319999999999,5905.538667000001,4868.191,5038.8316669999995
2023-02-24 11:00:00,2094.0370000000003,5917.525667,4874.08,5023.672667000001
2023-02-24 12:00:00,2014.45,5709.224,4924.572667,4981.6143329999995
2023-02-24 13:00:00,1997.5279999999998,5652.4526670000005,4793.450000000001,4917.1
2023-02-24 14:00:00,1872.9180000000001,5507.863332999999,4686.874333,4705.682999999999
2023-02-24 15:00:00,1851.672,5346.329667,4508.989668,4538.634
2023-02-24 16:00:00,1808.442,5322.873,4463.4203339999995,4473.644999
2023-02-24 17:00:00,1878.5099999999998,5591.677000000001,4590.460667,4733.916332999999
2023-02-24 18:00:00,2045.4410000000003,5917.868334000001,4984.146333000001,5254.493333
2023-02-24 19:00:00,2180.736,6163.991999000001,5122.352001,5460.6693350000005
2023-02-24 20:00:00,2162.819,6211.6996659999995,5016.851667,5345.217334
2023-02-24 21:00:00,2090.947,6024.182334,4776.824999,5209.442001
2023-02-24 22:00:00,1934.556,5578.591667000001,4387.401667,4872.139999999999
2023-02-24 23:00:00,1780.96,5237.149668,4044.4820009999994,4518.258
2023-02-25 00:00:00,1628.865,4858.577334,3820.04,4002.2116669999996
2023-02-25 01:00:00,1441.5030000000002,4549.931332,3569.3696680000003,3728.167334
2023-02-25 02:00:00,1352.1509999999998,4282.852,3422.771667,3628.314
2023-02-25 03:00:00,1312.368,4170.713666,3340.776667,3517.8256659999997
2023-02-25 04:00:00,1302.9189999999999,4111.186333000001,3359.488667,3499.763334
2023-02-25 05:00:00,1335.364,4178.853,3368.1270000000004,3541.025
2023-02-25 06:00:00,1386.745,4386.9106679999995,3524.483,3694.743667
2023-02-25 07:00:00,1506.762,4629.658668,3691.258,3920.681
2023-02-25 08:00:00,1672.536,5047.283,4117.531666000001,4327.726333
2023-02-25 09:00:00,1817.407,5447.768667,4354.041001,4679.004999999999
2023-02-25 10:00:00,1917.887,5495.375666,4371.983,4726.157000000001
2023-02-25 11:00:00,1933.194333,5445.451,4451.286,4616.409
2023-02-25 12:00:00,1862.21,5292.755332999999,4374.250333,4557.696
2023-02-25 13:00:00,1799.5259999999998,5100.538,4166.942999999999,4394.697667
2023-02-25 14:00:00,1736.769667,4907.614,4025.690333,4194.665000000001
2023-02-25 15:00:00,1614.634333,4660.287333,3891.513667,3954.044667
2023-02-25 16:00:00,1583.6170000000002,4575.004999999999,3920.665,3877.4926670000004
2023-02-25 17:00:00,1643.425,4710.597667,3921.0956670000005,3981.0583340000003
2023-02-25 18:00:00,1817.341,5100.171333,4235.994667,4468.2919999999995
2023-02-25 19:00:00,1955.101,5407.089,4542.314333,4838.141333
2023-02-25 20:00:00,1886.911,5420.910667,4464.509666,4781.004000000001
2023-02-25 21:00:00,1821.0230000000001,5246.115333,4277.980333,4612.637
2023-02-25 22:00:00,1728.124,4985.2663330000005,4079.1673330000003,4375.55
2023-02-25 23:00:00,1576.638,4685.057000999999,3752.2743330000003,3975.015667
2023-02-26 00:00:00,1380.386,4259.057001,3402.8506669999997,3646.8500000000004
2023-02-26 01:00:00,1243.8200000000002,3934.3956670000007,3130.0415000000003,3302.201333
2023-02-26 02:00:00,1180.4540000000002,3765.912666,3009.2690000000002,3180.7586659999997
2023-02-26 03:00:00,1136.901,3615.719334,2818.888667,3046.646334
2023-02-26 04:00:00,1113.681,3499.476667,2757.777333,2948.485001
2023-02-26 05:00:00,1137.283,3532.394667,2822.858,3022.410667
2023-02-26 06:00:00,1179.6570000000002,3599.108666,2933.214,3133.645
2023-02-26 07:00:00,1292.2289999999998,3815.081334,3139.9356669999997,3345.470668
2023-02-26 08:00:00,1443.62,4187.112333000001,3516.280667,3687.072
2023-02-26 09:00:00,1608.645,4666.875333,3835.632333,4159.316667
2023-02-26 10:00:00,1794.145,4945.136667000001,4166.351000000001,4423.972
2023-02-26 11:00:00,1850.8329999999999,5102.483,4293.48,4571.173000000001
2023-02-26 12:00:00,1912.629,5196.228666999999,4354.692999999999,4689.582001
2023-02-26 13:00:00,1951.904,5295.047001,4336.695333,4672.305333
2023-02-26 14:00:00,1886.701,5180.2703329999995,4355.539167,4606.156333
2023-02-26 15:00:00,1887.859,5158.195,4336.8995,4636.831
2023-02-26 16:00:00,1871.143,5117.012667,4299.149333,4567.605
2023-02-26 17:00:00,1855.9450000000002,5280.162333,4291.237999999999,4679.395333
2023-02-26 18:00:00,2002.315,5583.016334,4572.099,5073.808334
2023-02-26 19:00:00,2070.708,5734.968,4786.285,5184.172334
2023-02-26 20:00:00,1991.0249999999999,5698.692333000001,4794.521333000001,5052.049999
2023-02-26 21:00:00,1896.42,5510.593333,4585.819,4821.012667000001
2023-02-26 22:00:00,1774.908,5129.165333999999,4147.607,4395.056667
2023-02-26 23:00:00,1546.542,4531.115333,3650.9403330000005,3906.974333
2023-02-27 00:00:00,1352.1350000000002,4102.172001,3259.161,3416.938666
2023-02-27 01:00:00,1209.54,3688.975,2876.566,3085.7596670000003
2023-02-27 02:00:00,1112.5629999999999,3539.0456670000003,2722.5815000000002,2914.636
2023-02-27 03:00:00,1089.4769999999999,3459.468332,2701.524,2876.527999
2023-02-27 04:00:00,1100.799,3512.126001,2679.5083329999998,2866.312666
2023-02-27 05:00:00,1112.826,3576.572667,2828.445333,2890.1406669999997
2023-02-27 06:00:00,1224.1219999999998,3780.094333,3033.143333,3189.076999
2023-02-27 07:00:00,1385.694,4079.5146659999996,3404.244333,3592.240667
2023-02-27 08:00:00,1590.4230000000002,4456.239667,3683.241,3951.199001
2023-02-27 09:00:00,1627.77,4632.343333999999,3822.502333,4167.767001
2023-02-27 10:00:00,1687.728,4646.214334,3885.1250000000005,4164.892667
2023-02-27 11:00:00,1643.3899999999999,4427.796334,3681.708,3959.3446670000003
2023-02-27 12:00:00,1619.888,4405.895334,3603.2249999999995,3930.117999
2023-02-27 13:00:00,1619.527,4427.146667000001,3591.611,3921.626666
2023-02-27 14:00:00,1551.99,4273.898667,3502.5339999999997,3878.882666
2023-02-27 15:00:00,1514.811,4263.861,3507.052333,3744.7610000000004
2023-02-27 16:00:00,1505.1309999999999,4346.745333000001,3473.5646669999996,3823.528332
2023-02-27 17:00:00,1687.115,4722.446334,3829.1533339999996,4131.301332
2023-02-27 18:00:00,1889.297,5046.334333999999,4268.054667,4551.144334
2023-02-27 19:00:00,1985.834,5338.435332,4491.074501,4833.681999
2023-02-27 20:00:00,1948.007,5296.577,4433.060667,4706.759333
2023-02-27 21:00:00,1792.511,5248.733,4279.741667,4606.1396669999995
2023-02-27 22:00:00,1722.247,4925.408666,4007.504167,4309.460332999999
2023-02-27 23:00:00,1478.5280000000002,4421.963667,3664.970333,3833.0249999999996
2023-02-28 00:00:00,1277.666,3976.274667,3151.4714999999997,3335.302
2023-02-28 01:00:00,1155.2489999999998,3622.943667,2933.6079999999997,3030.859
2023-02-28 02:00:00,1096.569,3393.652,2707.165166,2882.538667
2023-02-28 03:00:00,1071.401,3339.817333,2671.526667,2831.681333
2023-02-28 04:00:00,1098.2759999999998,3359.438667,2712.9576669999997,2772.0906670000004
2023-02-28 05:00:00,1117.06,3417.745001,2801.21,2836.5
2023-02-28 06:00:00,1232.689,3689.392001,3057.318333,3103.0290000000005
2023-02-28 07:00:00,1408.856,4185.486333000001,3409.993667,3531.009
2023-02-28 08:00:00,1632.221,4480.731333,3688.4883330000002,3946.109667
2023-02-28 09:00:00,1615.046,4477.154333,3670.325667,4023.959334
2023-02-28 10:00:00,1588.8580000000002,4372.684001,3540.1186669999997,3881.7669990000004
2023-02-28 11:00:00,1565.31,4387.954333,3611.817667,3867.4666669999997
2023-02-28 12:00:00,1551.46,4364.310334,3616.463334,3843.3579999999997
2023-02-28 13:00:00,1576.808,4374.710333,3597.063334,3925.3859999999995
2023-02-28 14:00:00,1519.3290000000002,4319.167667,3601.469666,3861.864667
2023-02-28 15:00:00,1466.149,4306.85,3544.857002,3875.727333
2023-02-28 16:00:00,1562.441,4568.984668,3720.045333,3908.7783339999996
2023-02-28 17:00:00,1702.3020000000001,4912.3123319999995,4072.340001,4220.128000000001
2023-02-28 18:00:00,1892.725,5210.742333,4474.316334000001,4677.7519999999995
2023-02-28 19:00:00,2012.5369999999998,5491.717,4673.407333,5002.296999
2023-02-28 20:00:00,1958.672333,5567.412999,4537.808,4954.983
2023-02-28 21:00:00,1880.090667,5276.016667,4356.420332,4678.870334
2023-02-28 22:00:00,1742.087,5004.123666,4085.592001,4461.739333
2023-02-28 23:00:00,1502.5040000000001,4508.148999999999,3554.7736670000004,3992.813
2023-03-01 00:00:00,1361.444,4031.630333,3188.0186670000003,3439.499667
2023-03-01 01:00:00,1218.855,3644.669333,2915.704,3138.643999
2023-03-01 02:00:00,1134.335,3455.601666,2745.328668,2976.444333
2023-03-01 03:00:00,1089.342667,3391.392667,2742.446334,2891.7463329999996
2023-03-01 04:00:00,1107.607667,3410.1059990000003,2721.6073340000003,2817.065
2023-03-01 05:00:00,1176.606667,3485.2,2818.655667,2990.952
2023-03-01 06:00:00,1264.4933330000001,3779.600001,3051.932667,3195.8759999999997
2023-03-01 07:00:00,1439.924333,4242.728665999999,3364.378667,3660.4806670000003
2023-03-01 08:00:00,1639.752333,4502.114667,3754.391999,4067.1340009999994
2023-03-01 09:00:00,1613.593668,4582.842999,3752.296333,3963.7256660000003
2023-03-01 10:00:00,1567.3093330000002,4361.960332000001,3653.228,3917.987
2023-03-01 11:00:00,1483.636667,4160.094666,3454.5016669999995,3745.987333
2023-03-01 12:00:00,1500.514333,4136.522999999999,3297.682667,3557.8510000000006
2023-03-01 13:00:00,1375.9213329999998,4078.0730000000003,3218.4396669999996,3456.194334
2023-03-01 14:00:00,1314.7446670000002,3828.8713340000004,3125.4813329999997,3205.746667
2023-03-01 15:00:00,1268.7169999999999,3742.1409999999996,3077.912334,3180.426667
2023-03-01 16:00:00,1274.566,3914.2203339999996,3120.558333,3298.211
2023-03-01 17:00:00,1358.073333,4193.707333,3350.6836670000002,3503.139667
2023-03-01 18:00:00,1539.0203330000002,4623.327332,3760.8143330000003,3938.777
2023-03-01 19:00:00,1734.8093330000002,4965.818,4081.550334,4296.128667
2023-03-01 20:00:00,1738.296,5022.655,4036.4336670000002,4382.762335
2023-03-01 21:00:00,1684.678667,4999.422333,3982.828667,4261.696
2023-03-01 22:00:00,1562.872,4645.045666,3735.736,4042.641667
2023-03-01 23:00:00,1449.227,4237.915334,3369.996667,3572.345001
2023-03-02 00:00:00,1239.302333,3827.022666,2946.9970000000003,3146.947333
2023-03-02 01:00:00,1068.532,3378.984334,2630.577666,2849.5493340000003
2023-03-02 02:00:00,996.9300000000001,3143.012333,2504.119335,2641.0060000000003
2023-03-02 03:00:00,966.794333,3080.853,2377.593,2566.651667
2023-03-02 04:00:00,982.2953329999999,3112.224666,2390.070667,2603.7543339999997
2023-03-02 05:00:00,1025.426,3229.9120000000003,2463.638667,2694.155668
2023-03-02 06:00:00,1160.698,3528.786333,2781.712,2927.656999
2023-03-02 07:00:00,1316.979,3901.0813340000004,3197.418,3340.2846689999997
2023-03-02 08:00:00,1514.892667,4193.274001,3513.1290000000004,3766.9930010000003
2023-03-02 09:00:00,1519.8809999999999,4289.183999999999,3504.9559999999997,3801.679667
2023-03-02 10:00:00,1493.0439999999999,4237.643333,3440.277,3731.6959989999996
2023-03-02 11:00:00,1511.020667,4178.071333,3385.115,3704.0159999999996
2023-03-02 12:00:00,1515.1856670000002,4272.130666999999,3348.288,3710.4476670000004
2023-03-02 13:00:00,1476.6789999999999,4120.400333,3296.508,3657.938333
2023-03-02 14:00:00,1352.981667,3945.1123319999997,3110.278666,3432.6733329999997
2023-03-02 15:00:00,1290.845667,3787.206667,2996.788,3357.4703329999998
2023-03-02 16:00:00,1382.458333,3909.846667,3163.062666,3450.7246669999995
2023-03-02 17:00:00,1453.107667,4221.335000000001,3387.195,3670.612999
2023-03-02 18:00:00,1588.762667,4570.795667,3782.054334,4056.0323330000006
2023-03-02 19:00:00,1760.7666669999999,4985.4310000000005,4205.866667,4419.035667
2023-03-02 20:00:00,1820.856667,4965.393333,4115.345,4417.155000000001
2023-03-02 21:00:00,1803.069333,4965.844999999999,4022.239,4368.628334
2023-03-02 22:00:00,1623.812667,4629.838666,3769.0356659999998,4173.969667
2023-03-02 23:00:00,1422.543333,4247.898666,3365.418667,3736.2919999999995
2023-03-03 00:00:00,1277.645333,3894.272,2982.821333,3326.004
2023-03-03 01:00:00,1155.607667,3502.802666,2720.8995,2957.8566659999997
2023-03-03 02:00:00,1058.013667,3261.0223340000002,2556.3,2861.1223339999997
2023-03-03 03:00:00,1039.782667,3155.932999,2484.353,2720.3589999999995
2023-03-03 04:00:00,1033.878333,3166.339667,2508.337667,2748.888667
2023-03-03 05:00:00,1050.211667,3208.711334,2585.412,2776.523666
2023-03-03 06:00:00,1172.841333,3517.948334,2800.6183330000003,3078.327333
2023-03-03 07:00:00,1373.214,3914.0183339999994,3251.321,3486.9576669999997
2023-03-03 08:00:00,1542.1870000000001,4248.115333,3589.367333,3969.973333
2023-03-03 09:00:00,1557.956667,4280.769,3629.036,3996.2250000000004
2023-03-03 10:00:00,1561.822333,4214.470334,3464.671667,3813.3890010000005
2023-03-03 11:00:00,1525.38,4144.821667,3395.9213330000002,3698.422
2023-03-03 12:00:00,1490.980667,4049.812334,3391.731667,3610.287666
2023-03-03 13:00:00,1516.386333,4043.126,3385.029333,3562.422334
2023-03-03 14:00:00,1433.824333,4016.411333,3316.12,3539.241333
2023-03-03 15:00:00,1402.836334,3913.8796669999992,3266.586334,3525.705667
2023-03-03 16:00:00,1499.116,4225.801667,3448.5086669999996,3652.646335
2023-03-03 17:00:00,1616.302999,4516.379000000001,3755.46,3918.3850009999996
2023-03-03 18:00:00,1708.5683329999997,4823.637667999999,4025.610001,4205.081
2023-03-03 19:00:00,1794.343,4867.683999,4040.6606659999998,4474.276
2023-03-03 20:00:00,1783.3536669999999,4750.5353319999995,3950.607666,4362.993999
2023-03-03 21:00:00,1730.518333,4612.894001000001,3859.6766660000003,4169.535334
2023-03-03 22:00:00,1616.915333,4432.560332999999,3564.186665,3989.4463319999995
2023-03-03 23:00:00,1513.6086659999999,4195.724001,3289.310998,3742.574667
2023-03-04 00:00:00,1325.133333,3847.898333,2965.095665,3313.776667
2023-03-04 01:00:00,1140.2563329999998,3490.946333,2709.2466649999997,2978.477334
2023-03-04 02:00:00,1057.329334,3230.8129980000003,2501.068335,2780.095666
2023-03-04 03:00:00,1010.6553329999999,3055.926332,2420.134,2706.8609989999995
2023-03-04 04:00:00,994.8973330000001,2991.55,2379.937666,2617.719333
2023-03-04 05:00:00,991.946,3038.9026670000003,2422.4936660000003,2639.063333
2023-03-04 06:00:00,1040.321334,3144.101001,2514.0030009999996,2828.197999
2023-03-04 07:00:00,1162.530666,3385.083001,2737.3493320000002,3011.4256670000004
2023-03-04 08:00:00,1365.4,3796.513,3129.229334,3315.328333
2023-03-04 09:00:00,1498.841,4206.209,3479.958,3789.403666
2023-03-04 10:00:00,1649.904,4457.928666,3640.184,4037.8016660000003
2023-03-04 11:00:00,1696.942333,4468.213666,3841.789666,4076.0333339999997
2023-03-04 12:00:00,1685.027,4674.638334,3830.393333,4141.547334000001
2023-03-04 13:00:00,1737.682667,4647.044,3718.7039999999997,4070.6623329999998
2023-03-04 14:00:00,1672.562667,4550.020667,3678.3973340000002,4007.376001
2023-03-04 15:00:00,1630.978333,4399.197,3547.9210000000003,3849.173
2023-03-04 16:00:00,1612.184667,4424.505333000001,3562.661,3778.6613319999997
2023-03-04 17:00:00,1596.53,4504.018333,3662.964332,3851.0750009999997
2023-03-04 18:00:00,1688.066667,4624.878000000001,3830.908665,4139.080666
2023-03-04 19:00:00,1844.314665,4822.885,3956.489001,4296.8303319999995
2023-03-04 20:00:00,1756.158999,4746.359667000001,4050.5108330000003,4242.611
2023-03-04 21:00:00,1661.349666,4652.838666,3818.524834,4139.671
2023-03-04 22:00:00,1558.429666,4434.956999,3545.3445010000005,3902.9250009999996
2023-03-04 23:00:00,1426.7426659999999,4184.126667,3356.188333,3674.2323319999996
2023-03-05 00:00:00,1310.037667,3877.586335,3063.145833,3270.677002
2023-03-05 01:00:00,1187.3736669999998,3545.2146669999997,2870.869665,3006.557333
2023-03-05 02:00:00,1103.488999,3340.7646670000004,2607.3410000000003,2831.129333
2023-03-05 03:00:00,1073.587333,3235.094667,2588.943999,2729.804
2023-03-05 04:00:00,1068.679666,3250.0570000000002,2566.3016660000003,2736.4523339999996
2023-03-05 05:00:00,1083.757333,3239.699667,2534.653665,2783.0640009999997
2023-03-05 06:00:00,1109.636333,3364.368666,2672.972335,2933.7543320000004
2023-03-05 07:00:00,1241.219,3638.1313339999997,2914.1800000000003,3193.498667
2023-03-05 08:00:00,1416.2706660000001,4072.629333,3294.6340010000004,3569.192334
2023-03-05 09:00:00,1571.859665,4462.806333,3693.096667,4032.388668
2023-03-05 10:00:00,1669.589,4789.433667,3974.154334,4116.397667
2023-03-05 11:00:00,1776.666666,4847.169667,4087.436666,4297.458334000001
2023-03-05 12:00:00,1754.6779999999999,4789.818334,4011.011,4299.684665999999
2023-03-05 13:00:00,1738.413,4678.703001000001,3839.108334,4246.061001
2023-03-05 14:00:00,1749.612333,4506.010332999999,3765.924669,4139.688667
2023-03-05 15:00:00,1681.621,4516.996,3632.8739989999995,3972.186
2023-03-05 16:00:00,1646.883667,4518.6576669999995,3778.8810000000003,4027.389667
2023-03-05 17:00:00,1767.7440000000001,4718.193998999999,3915.023665,4289.406333
2023-03-05 18:00:00,1860.1186670000002,5022.803001,4137.0713319999995,4560.9710000000005
2023-03-05 19:00:00,1952.057667,5314.362333,4353.482335000001,4788.851001
2023-03-05 20:00:00,1911.418,5257.321332,4309.818668,4780.245666
2023-03-05 21:00:00,1888.808,5196.678999,4234.942999999999,4593.829667
2023-03-05 22:00:00,1664.066666,4930.921334000001,3948.961335,4250.654333
2023-03-05 23:00:00,1494.331001,4496.502332,3535.331668,3793.426666
2023-03-06 00:00:00,1343.1416670000003,3962.581001,3100.989669,3332.690001
2023-03-06 01:00:00,1164.354333,3554.673667,2775.442003,2944.108333
2023-03-06 02:00:00,1061.9360000000001,3281.758334,2543.3293320000002,2755.053
2023-03-06 03:00:00,1034.093001,3148.381332,2458.359668,2674.859
2023-03-06 04:00:00,1047.618667,3154.864001,2483.7025,2658.773333
2023-03-06 05:00:00,1097.728333,3283.3816669999997,2570.451333,2743.261333
2023-03-06 06:00:00,1179.413,3593.958333,2813.129667,2963.4930000000004
2023-03-06 07:00:00,1378.8216670000002,3995.253666,3271.3293329999997,3530.206335
2023-03-06 08:00:00,1574.966,4326.889667,3604.9759999999997,3946.175333
2023-03-06 09:00:00,1554.453667,4313.078334,3627.342666,3888.3256669999996
2023-03-06 10:00:00,1520.9843329999999,4160.806334000001,3569.534,3768.820333
2023-03-06 11:00:00,1480.0916670000001,4030.0213339999996,3404.296667,3655.508667
2023-03-06 12:00:00,1491.523333,4026.2753340000004,3448.7963330000002,3666.4286669999997
2023-03-06 13:00:00,1469.8886670000002,3935.916667,3335.731667,3603.8693329999996
2023-03-06 14:00:00,1428.5456669999999,3903.6046669999996,3220.4446669999998,3416.6406669999997
2023-03-06 15:00:00,1377.2636670000002,3895.906,3196.3206659999996,3427.797
2023-03-06 16:00:00,1393.5230000000001,3968.911333,3308.3643330000004,3486.274
2023-03-06 17:00:00,1522.483,4349.1083340000005,3595.957833,3774.360333
2023-03-06 18:00:00,1692.8536669999999,4729.114334,3867.0510000000004,4150.156333
2023-03-06 19:00:00,1846.121333,5085.517331999999,4076.527,4508.229332999999
2023-03-06 20:00:00,1859.432667,5080.238,4137.518,4483.7880000000005
2023-03-06 21:00:00,1850.1673329999999,4986.144,4062.7090000000003,4292.188333
2023-03-06 22:00:00,1682.8583330000001,4690.915666,3742.323333,4006.6730000000002
2023-03-06 23:00:00,1464.377333,4101.477666999999,3360.3956660000003,3493.614667
2023-03-07 00:00:00,1276.404667,3584.0466669999996,2938.0813319999997,3157.603
2023-03-07 01:00:00,1114.355333,3266.3896670000004,2650.063002,2825.621
2023-03-07 02:00:00,1023.5550000000001,3122.566,2501.864667,2599.2163339999997
2023-03-07 03:00:00,984.0296669999999,2987.155333,2414.049667,2558.196333
2023-03-07 04:00:00,994.5226670000001,3099.119667,2415.156667,2536.302667
2023-03-07 05:00:00,1048.406,3173.377001,2525.7430000000004,2686.4393330000003
2023-03-07 06:00:00,1162.246333,3512.2540010000002,2835.764,2968.718333
2023-03-07 07:00:00,1312.858667,4021.6133330000002,3292.599,3524.3046670000003
2023-03-07 08:00:00,1577.2359999999999,4293.389333,3523.069666,3875.54
2023-03-07 09:00:00,1485.953,4132.663666,3408.629666,3806.037667
2023-03-07 10:00:00,1447.942333,4070.423001,3247.595332,3594.776
2023-03-07 11:00:00,1409.479333,3957.857333,3131.853667,3549.2343339999998
2023-03-07 12:00:00,1376.572667,3848.985,3008.753667,3477.396666
2023-03-07 13:00:00,1411.106333,3663.002333,2987.176,3358.583667
2023-03-07 14:00:00,1342.689667,3589.1523330000005,2856.0789999999997,3118.8813330000003
2023-03-07 15:00:00,1291.3486670000002,3611.520334,2866.9610000000002,3208.8856670000005
2023-03-07 16:00:00,1341.329333,3775.329001,2932.096,3267.982667
2023-03-07 17:00:00,1495.746333,4153.113666,3363.087,3605.4880000000003
2023-03-07 18:00:00,1592.7350000000001,4528.888,3750.102,3970.508334
2023-03-07 19:00:00,1769.900667,4917.5036660000005,4006.0779999999995,4398.131332999999
2023-03-07 20:00:00,1858.380333,4934.131998999999,4068.468,4500.360000000001
2023-03-07 21:00:00,1829.982667,4884.802667,4062.527667,4364.576666999999
2023-03-07 22:00:00,1640.203333,4700.2756660000005,3843.896667,4110.01
2023-03-07 23:00:00,1420.0123330000001,4251.205,3404.468334,3706.559667
2023-03-08 00:00:00,1240.2763329999998,3772.1313330000003,3089.9069990000003,3216.143666
2023-03-08 01:00:00,1134.107667,3434.539333,2854.066334,2939.7569999999996
2023-03-08 02:00:00,1065.2266670000001,3259.3106660000003,2664.387333,2802.0640000000003
2023-03-08 03:00:00,1056.384333,3282.0780000000004,2601.4853319999997,2717.5153330000003
2023-03-08 04:00:00,1074.558667,3266.256999,2596.4059979999997,2746.776
2023-03-08 05:00:00,1122.871334,3374.88,2679.311667,2837.363
2023-03-08 06:00:00,1213.577333,3622.0936679999995,2923.648667,3091.4030000000002
2023-03-08 07:00:00,1434.4470000000001,4085.696333,3251.249334,3563.798334
2023-03-08 08:00:00,1678.404667,4406.179,3666.106,3949.691
2023-03-08 09:00:00,1646.132,4438.3466659999995,3679.229002,3895.3059999999996
2023-03-08 10:00:00,1580.949,4383.716332,3603.059332,3844.699333
2023-03-08 11:00:00,1584.444667,4292.153666,3623.430334,3773.292333
2023-03-08 12:00:00,1588.322333,4251.715667,3562.378667,3857.714
2023-03-08 13:00:00,1535.679333,4195.314,3501.559667,3766.0963330000004
2023-03-08 14:00:00,1466.6426669999998,4009.5593340000005,3240.3653329999997,3545.547
2023-03-08 15:00:00,1380.37,3857.239,3139.4636659999996,3407.274
2023-03-08 16:00:00,1416.28,4003.382334,3306.970666,3495.4440000000004
2023-03-08 17:00:00,1444.9933330000001,4269.840333,3547.008667,3721.1903329999996
2023-03-08 18:00:00,1713.980333,4613.528332,3807.554333,4191.060667
2023-03-08 19:00:00,1809.756333,4996.661,4052.6780000000003,4521.9306670000005
2023-03-08 20:00:00,1841.8129999999999,4911.82,4246.384333,4591.951
2023-03-08 21:00:00,1778.944667,4886.724333,4062.341,4390.405667
2023-03-08 22:00:00,1648.723,4622.606666,3766.377,4043.343
2023-03-08 23:00:00,1466.67,4183.271001000001,3378.5895,3654.012334
2023-03-09 00:00:00,1259.654333,3613.985333,3008.9753330000003,3226.8070000000002
2023-03-09 01:00:00,1139.9319999999998,3299.861001,2660.948,2869.3846670000003
2023-03-09 02:00:00,1049.3980000000001,3068.232,2482.913667,2665.3756670000002
2023-03-09 03:00:00,1006.383333,2969.646667,2375.0780000000004,2546.139667
2023-03-09 04:00:00,989.712333,2979.120999,2378.942,2527.371
2023-03-09 05:00:00,1049.513,3118.751333,2461.0163330000005,2630.114667
2023-03-09 06:00:00,1174.4470000000001,3400.7256660000003,2768.422333,2922.182667
2023-03-09 07:00:00,1310.386,3815.775334,3192.248333,3372.467667
2023-03-09 08:00:00,1532.532667,4145.9560010000005,3446.533,3782.459
2023-03-09 09:00:00,1520.7690000000002,4121.959,3458.220333,3758.593333
2023-03-09 10:00:00,1503.3090000000002,4000.996333,3410.624667,3657.901
2023-03-09 11:00:00,1520.336667,3974.889333,3318.891666,3660.395
2023-03-09 12:00:00,1501.0786669999998,4124.059667,3378.723,3724.552334
2023-03-09 13:00:00,1544.924,4152.811333,3456.5119999999997,3747.7580000000003
2023-03-09 14:00:00,1530.731667,4014.979332,3390.456333,3648.513333
2023-03-09 15:00:00,1530.773667,4068.837334,3431.4606670000003,3651.160334
2023-03-09 16:00:00,1602.727333,4285.494667,3602.6803330000002,3826.174667
2023-03-09 17:00:00,1756.972667,4744.950333000001,3980.1366669999998,4092.935
2023-03-09 18:00:00,1815.1586670000002,5093.919667,4315.279667,4459.924
2023-03-09 19:00:00,1930.417667,5341.936333,4562.810667,4709.542334
2023-03-09 20:00:00,1897.7796669999998,5302.161333,4346.755333000001,4716.928667
2023-03-09 21:00:00,1838.712333,5089.705667,4198.864667,4580.8
2023-03-09 22:00:00,1766.5186669999998,4799.218666,3895.257,4211.305
2023-03-09 23:00:00,1473.7433330000001,4346.389666,3458.35,3784.674
2023-03-10 00:00:00,1293.7653329999998,3795.5550000000003,3019.4719999999998,3317.371333
2023-03-10 01:00:00,1178.3416670000001,3411.3596660000003,2653.924333,2931.162333
2023-03-10 02:00:00,1109.1416669999999,3196.668334,2498.7003330000002,2761.5090010000004
2023-03-10 03:00:00,1039.499667,3046.7749989999998,2433.917,2637.276
2023-03-10 04:00:00,1015.5483330000001,3081.446667,2416.867667,2607.147666
2023-03-10 05:00:00,1076.7656670000001,3138.107334,2538.9796669999996,2712.5159999999996
2023-03-10 06:00:00,1148.361333,3394.1583339999997,2738.423334,2986.433
2023-03-10 07:00:00,1348.0410000000002,3828.2913339999996,3098.803,3441.0613329999996
2023-03-10 08:00:00,1557.844,4174.332666,3486.746666,3761.609
2023-03-10 09:00:00,1545.7396669999998,4255.748333,3500.793667,3810.5116660000003
2023-03-10 10:00:00,1472.149333,4111.9833340000005,3405.9603340000003,3705.030334
2023-03-10 11:00:00,1504.341,4068.918667,3303.399666,3598.367666
2023-03-10 12:00:00,1479.584667,4027.6666670000004,3347.419667,3617.773666
2023-03-10 13:00:00,1372.5593330000002,3929.1226669999996,3238.812,3456.9983329999995
2023-03-10 14:00:00,1329.641333,3772.4903329999997,3122.2980000000002,3230.7143330000004
2023-03-10 15:00:00,1305.496667,3585.667667,2948.091,3116.434334
2023-03-10 16:00:00,1339.780333,3788.4060000000004,3161.8279999999995,3280.492333
2023-03-10 17:00:00,1437.7559999999999,4220.596,3491.2263329999996,3547.390667
2023-03-10 18:00:00,1565.194333,4407.416334,3674.043667,3796.265
2023-03-10 19:00:00,1619.1996669999999,4531.611999000001,3764.712667,4143.272666999999
2023-03-10 20:00:00,1688.102667,4528.379666,3782.312333,4112.448668000001
2023-03-10 21:00:00,1589.975333,4499.496999999999,3654.780334,3897.734332
2023-03-10 22:00:00,1525.406333,4323.306667,3505.049667,3748.228333
2023-03-10 23:00:00,1350.592333,3975.1170010000005,3197.115,3418.2380000000003
2023-03-11 00:00:00,1174.2623330000001,3655.412667,2833.402,3054.277333
2023-03-11 01:00:00,1071.604,3350.5716650000004,2551.814667,2757.850668
2023-03-11 02:00:00,955.428667,3060.487666,2361.385666,2557.335001
2023-03-11 03:00:00,939.345333,2939.096332,2287.165001,2462.2403329999997
2023-03-11 04:00:00,905.093333,2934.973666,2260.6263339999996,2430.449001
2023-03-11 05:00:00,916.58,2887.060333,2273.8713340000004,2419.487001
2023-03-11 06:00:00,987.009667,3070.980667,2354.8750010000003,2640.556
2023-03-11 07:00:00,1096.444333,3402.289335,2617.449001,2919.237333
2023-03-11 08:00:00,1289.1636669999998,3780.047,3001.227,3375.954334
2023-03-11 09:00:00,1416.0153329999998,4140.289667,3373.506999,3646.348334
2023-03-11 10:00:00,1559.9699999999998,4260.390332,3586.647,3826.3559999999998
2023-03-11 11:00:00,1520.3033329999998,4157.720667,3506.817334,3717.728001
2023-03-11 12:00:00,1532.9809999999998,4070.031,3355.7746669999997,3669.6136669999996
2023-03-11 13:00:00,1484.2946670000001,3868.690333,3290.201332,3452.803332
2023-03-11 14:00:00,1406.606667,3769.907333,3203.281666,3293.413332
2023-03-11 15:00:00,1315.797333,3590.951666,3052.003666,3115.227999
2023-03-11 16:00:00,1301.717667,3628.353666,3015.7116669999996,3112.590667
2023-03-11 17:00:00,1319.7930000000001,3663.150333,2966.6639990000003,3279.269334
2023-03-11 18:00:00,1456.4956670000001,3825.512,3171.6340010000004,3497.431998
2023-03-11 19:00:00,1538.017333,4206.931333,3452.5566660000004,3720.6569990000003
2023-03-11 20:00:00,1597.132333,4396.241334,3468.0183340000003,3890.793334
2023-03-11 21:00:00,1529.578333,4384.802667,3409.824667,3725.9926649999998
2023-03-11 22:00:00,1429.607333,4164.715332,3255.881667,3573.434668
2023-03-11 23:00:00,1327.005333,3964.1576670000004,2967.270667,3289.406999
2023-03-12 00:00:00,1184.7933329999998,3567.5656679999997,2805.358,3010.631002
2023-03-12 01:00:00,1076.2543329999999,3281.34,2523.271333,2729.314667
2023-03-12 02:00:00,1028.103333,3193.9378335,2479.684833,2638.0653334999997
2023-03-12 03:00:00,979.952333,3106.535667,2436.0983330000004,2546.8160000000003
2023-03-12 04:00:00,942.537,2981.6383339999998,2333.3913329999996,2486.9266669999997
2023-03-12 05:00:00,987.147667,3009.455,2375.572,2479.8700010000002
2023-03-12 06:00:00,1027.659334,3099.930666,2440.258667,2573.653333
2023-03-12 07:00:00,1062.207333,3203.054334,2541.797668,2734.2659999999996
2023-03-12 08:00:00,1166.549,3533.742333,2863.361,3035.9973339999997
2023-03-12 09:00:00,1347.95,3916.053,3177.3,3405.989667
2023-03-12 10:00:00,1482.2273329999998,4225.0286670000005,3565.333667,3640.478
2023-03-12 11:00:00,1559.5973330000002,4518.805,3735.886333,3912.5026669999997
2023-03-12 12:00:00,1695.543667,4609.880667,3873.220333,4040.5829999999996
2023-03-12 13:00:00,1669.772,4739.789001,3894.171,4027.623
2023-03-12 14:00:00,1729.715333,4680.427333,3830.971,3991.6463340000005
2023-03-12 15:00:00,1800.0839999999998,4616.814,3788.187333,3941.9669999999996
2023-03-12 16:00:00,1674.077667,4546.243667,3824.6589999999997,3926.7636669999997
2023-03-12 17:00:00,1701.436,4666.076333,3725.322,3998.7906669999998
2023-03-12 18:00:00,1735.768667,4742.527334,3825.736,4058.384667
2023-03-12 19:00:00,1801.032667,4895.790000000001,4083.6710000000003,4215.129332
2023-03-12 20:00:00,1836.106,4934.327333,4090.243,4339.307666999999
2023-03-12 21:00:00,1773.328667,4908.968333,4067.223,4254.758
2023-03-12 22:00:00,1643.524333,4679.738334,3853.022667,3982.889
2023-03-12 23:00:00,1401.686667,4192.381332999999,3322.3816669999997,3571.544667
2023-03-13 00:00:00,1191.142333,3634.8325,2796.5293329999995,2998.0676670000003
2023-03-13 01:00:00,1025.375333,3105.9065,2445.7555,2603.687334
2023-03-13 02:00:00,936.6479999999999,2856.165,2227.3630000000003,2396.998666
2023-03-13 03:00:00,866.2476670000001,2720.4455,2119.16,2234.361334
2023-03-13 04:00:00,861.807667,2685.7175,2060.892,2200.493334
2023-03-13 05:00:00,882.856333,2750.6765000000005,2151.88,2209.3806669999994
2023-03-13 06:00:00,970.372,2903.79,2397.8280000000004,2414.756
2023-03-13 07:00:00,1092.883667,3267.2935,2696.5510000000004,2896.659666
2023-03-13 08:00:00,1328.8,3547.8805,2876.4809999999998,3234.624667
2023-03-13 09:00:00,1349.7396670000003,3549.9865,3024.1980000000003,3360.208
2023-03-13 10:00:00,1371.878333,3634.4025,3136.756001,3296.266666
2023-03-13 11:00:00,1403.307667,3736.094834,3187.2370010000004,3327.563666
2023-03-13 12:00:00,1460.906333,3926.8188330000003,3352.129332,3497.7843329999996
2023-03-13 13:00:00,1460.714667,4044.3255,3404.927001,3583.562
2023-03-13 14:00:00,1475.9476670000001,4030.5344999999998,3387.689667,3553.881
2023-03-13 15:00:00,1492.5606669999997,4003.9575000000004,3413.473667,3517.7569999999996
2023-03-13 16:00:00,1495.027,4247.710499999999,3497.111,3591.894666
2023-03-13 17:00:00,1622.92,4448.612499999999,3757.392333,3911.790333
2023-03-13 18:00:00,1713.1006670000002,4790.807499999999,3903.3445,4061.015
2023-03-13 19:00:00,1773.089333,4972.0135,4043.3655000000003,4363.116667
2023-03-13 20:00:00,1847.8146669999999,5048.327499999999,4139.519,4600.67
2023-03-13 21:00:00,1806.2903330000001,5008.209,4122.1050000000005,4440.156334
2023-03-13 22:00:00,1661.576333,4716.6759999999995,3868.549667,4161.390667
2023-03-13 23:00:00,1448.423333,4264.996,3379.174,3649.3226670000004
2023-03-14 00:00:00,1270.947667,3738.758167,2970.179167,3129.906333
2023-03-14 01:00:00,1063.230333,3245.7926669999997,2613.988,2819.9
2023-03-14 02:00:00,969.4879999999999,3039.291,2444.3059999999996,2596.384667
2023-03-14 03:00:00,950.029667,2892.480333,2305.067999,2519.693333
2023-03-14 04:00:00,944.970667,2966.538667,2300.741999,2494.517333
2023-03-14 05:00:00,975.26,3058.369001,2452.081001,2559.172
2023-03-14 06:00:00,1079.8113329999999,3303.553001,2709.475999,2744.9233329999997
2023-03-14 07:00:00,1262.047667,3776.348333,3100.019665,3294.597667
2023-03-14 08:00:00,1457.9479999999999,4136.744333,3348.326999,3746.678666
2023-03-14 09:00:00,1431.517,4135.426666,3431.101667,3705.536
2023-03-14 10:00:00,1356.066333,3863.444001,3190.3766670000005,3363.915
2023-03-14 11:00:00,1313.3343329999998,3647.987333,3005.986,3253.966001
2023-03-14 12:00:00,1254.8616670000001,3521.2633339999998,2839.689333,3173.781667
2023-03-14 13:00:00,1248.7133330000001,3446.0173330000002,2734.308333,3070.502
2023-03-14 14:00:00,1237.831667,3250.348333,2666.2200000000003,2898.7566670000006
2023-03-14 15:00:00,1208.068667,3196.272667,2570.108,2733.528
2023-03-14 16:00:00,1126.562333,3152.4123339999996,2588.872,2789.571
2023-03-14 17:00:00,1222.755333,3353.649999,2886.557,2990.514
2023-03-14 18:00:00,1338.194,3694.9083330000003,3084.2870000000003,3301.136
2023-03-14 19:00:00,1453.153667,3827.9443330000004,3248.044,3619.3639999999996
2023-03-14 20:00:00,1592.931333,4180.453666,3484.157,3820.968
2023-03-14 21:00:00,1671.5766669999998,4326.963001,3555.533,3806.594
2023-03-14 22:00:00,1521.340333,4190.557667,3429.6586670000006,3690.478334
2023-03-14 23:00:00,1322.721333,3835.621,3084.1366659999994,3327.065667
2023-03-15 00:00:00,1082.0413330000001,3430.3743329999998,2638.763333,2939.047
2023-03-15 01:00:00,1022.070667,3025.928333,2317.319334,2526.111
2023-03-15 02:00:00,945.9966669999999,2771.713666,2212.059999,2341.169667
2023-03-15 03:00:00,890.479333,2722.004667,2138.081,2258.137
2023-03-15 04:00:00,914.627667,2698.374999,2137.336333,2233.6360000000004
2023-03-15 05:00:00,930.839667,2789.9030000000002,2247.7889999999998,2351.490667
2023-03-15 06:00:00,1034.815333,3065.1950009999996,2512.708,2587.0503340000005
2023-03-15 07:00:00,1194.8700000000001,3361.792666,2782.2889999999998,3030.8523339999997
2023-03-15 08:00:00,1368.791667,3722.174667,3102.7340000000004,3417.371
2023-03-15 09:00:00,1363.24,3823.307999,3273.6279999999997,3480.517667
2023-03-15 10:00:00,1335.381,3688.8963320000003,3169.233,3284.071333
2023-03-15 11:00:00,1344.4246669999998,3537.961666,2858.2223329999997,3050.943
2023-03-15 12:00:00,1332.538333,3517.9809999999998,2860.2473330000003,3172.918667
2023-03-15 13:00:00,1294.891333,3482.859,2795.857333,3134.8726669999996
2023-03-15 14:00:00,1201.951667,3350.289334,2793.4076669999995,2924.752
2023-03-15 15:00:00,1170.587,3226.498,2663.190667,2855.305334
2023-03-15 16:00:00,1199.981,3346.1123340000004,2785.4236659999997,3002.6706670000003
2023-03-15 17:00:00,1299.842333,3619.8073329999997,2943.7439999999997,3264.733
2023-03-15 18:00:00,1422.335333,3988.228333,3224.571667,3502.7560000000003
2023-03-15 19:00:00,1545.312333,4139.486666000001,3382.79,3714.053667
2023-03-15 20:00:00,1583.876,4412.951999999999,3633.942,3899.2693339999996
2023-03-15 21:00:00,1634.678667,4392.1131669999995,3664.423667,3905.131334
2023-03-15 22:00:00,1471.2240000000002,4352.5005,3503.2889999999998,3707.359001
2023-03-15 23:00:00,1346.5810000000001,3913.8824999999997,3082.8140000000003,3400.242333
2023-03-16 00:00:00,1157.1083330000001,3478.7375,2700.5980010000003,2960.6436670000003
2023-03-16 01:00:00,1028.192,3133.0643330000003,2449.151001,2695.955
2023-03-16 02:00:00,989.469,2948.424667,2372.9723329999997,2483.8176670000003
2023-03-16 03:00:00,940.4663329999998,2944.842667,2344.3630000000003,2475.746333
2023-03-16 04:00:00,968.947333,3001.699833,2380.377334,2476.411
2023-03-16 05:00:00,1024.7009999999998,3152.9694999999997,2515.347667,2566.141333
2023-03-16 06:00:00,1125.836,3438.4015,2851.4849999999997,2919.392667
2023-03-16 07:00:00,1287.1689999999999,3909.0769999999998,3203.952332,3379.509
2023-03-16 08:00:00,1522.751667,4234.5905,3575.746333,3757.681333
2023-03-16 09:00:00,1493.981,4076.9904999999994,3595.2256669999997,3753.615667
2023-03-16 10:00:00,1395.694,3816.6485000000002,3243.385667,3464.111667
2023-03-16 11:00:00,1381.917667,3670.982,3111.4143329999997,3325.83
2023-03-16 12:00:00,1330.4336669999998,3522.5185,2960.2259999999997,3137.8126669999997
2023-03-16 13:00:00,1270.038,3462.826,2825.05,2953.4506659999997
2023-03-16 14:00:00,1166.043667,3245.12,2748.694,2825.905333
2023-03-16 15:00:00,1106.559667,3141.5950000000003,2536.450333,2723.324
2023-03-16 16:00:00,1084.4503329999998,3114.3115,2537.6166670000002,2655.641668
2023-03-16 17:00:00,1151.553,3295.3010000000004,2631.8785,2844.2616669999998
2023-03-16 18:00:00,1246.117334,3529.937,2884.478,3145.0246669999997
2023-03-16 19:00:00,1420.560334,3739.0150000000003,3159.439,3379.2223329999997
2023-03-16 20:00:00,1556.917,4095.8014999999996,3381.9049999999997,3742.4006670000003
2023-03-16 21:00:00,1587.816666,4153.1085,3448.1929999999998,3673.3666670000002
2023-03-16 22:00:00,1474.9850000000001,4051.594,3238.061,3498.713
2023-03-16 23:00:00,1198.824666,3720.5305,2956.6395,3186.127667
2023-03-17 00:00:00,1090.157,3198.5695,2551.885,2693.698667
2023-03-17 01:00:00,943.617,2832.3075,2223.577,2434.46
2023-03-17 02:00:00,885.422667,2645.7465,2080.98,2248.358
2023-03-17 03:00:00,838.997667,2582.6940000000004,2013.251667,2174.0946670000003
2023-03-17 04:00:00,819.9183330000001,2582.686,2023.0863329999997,2159.287
2023-03-17 05:00:00,870.235667,2633.3845,2113.1346670000003,2231.449334
2023-03-17 06:00:00,959.650333,2874.9425,2344.440667,2481.007
2023-03-17 07:00:00,1100.062,3266.0845,2694.4426670000003,2894.549
2023-03-17 08:00:00,1310.163,3575.2015,3034.9486669999997,3298.7583329999998
2023-03-17 09:00:00,1319.332667,3608.3485,3080.9233329999997,3339.8559999999998
2023-03-17 10:00:00,1257.644333,3566.3869999999997,2957.912667,3184.995334
2023-03-17 11:00:00,1227.113,3482.1085,2954.0333330000003,2997.3773340000002
2023-03-17 12:00:00,1142.480667,3364.501,2816.933,2900.4300000000003
2023-03-17 13:00:00,1204.297333,3195.3445,2631.610334,2750.0856670000003
2023-03-17 14:00:00,1143.068333,3004.2335,2562.2490000000003,2603.203
2023-03-17 15:00:00,1077.849667,2904.7535,2442.352667,2440.791
2023-03-17 16:00:00,1056.407333,2880.354,2377.456,2470.2466670000003
2023-03-17 17:00:00,1100.3029999999999,3025.237,2564.255333,2646.327
2023-03-17 18:00:00,1206.227333,3308.376,2837.891667,2846.693333
2023-03-17 19:00:00,1316.7086669999999,3479.577,2973.607,3028.375667
2023-03-17 20:00:00,1349.320667,3679.2889999999998,2964.9979999999996,3158.681
2023-03-17 21:00:00,1342.898333,3554.4145,2922.5339999999997,3089.253
2023-03-17 22:00:00,1266.6783329999998,3415.2295,2634.217,2957.559667
2023-03-17 23:00:00,1129.661333,3248.9990000000003,2482.459,2678.209334
2023-03-18 00:00:00,1008.9443329999999,2945.892,2225.018,2415.610333
2023-03-18 01:00:00,947.6279999999999,2642.8095,2030.5229999999997,2165.1216670000003
2023-03-18 02:00:00,811.108667,2415.9545,1881.133,2042.1640000000002
2023-03-18 03:00:00,793.2643330000001,2296.523,1812.701,1954.537667
2023-03-18 04:00:00,759.6773330000001,2299.1809999999996,1745.537,1943.982
2023-03-18 05:00:00,778.274,2378.4269999999997,1797.368,1975.658667
2023-03-18 06:00:00,843.988667,2487.3554999999997,1970.572,2084.181
2023-03-18 07:00:00,971.422333,2746.6165,2205.828,2373.992
2023-03-18 08:00:00,1170.878667,3192.7995,2554.2110000000002,2767.340333
2023-03-18 09:00:00,1300.205333,3604.8804999999998,2963.536666,3121.031667
2023-03-18 10:00:00,1360.525,3751.6285,2978.9993350000004,3165.7479999999996
2023-03-18 11:00:00,1290.6965,3624.6994999999997,2925.154667,3122.098667
2023-03-18 12:00:00,1247.9985000000001,3550.3725,2917.887667,3060.2393329999995
2023-03-18 13:00:00,1193.726667,3387.7785,2751.138333,2899.491666
2023-03-18 14:00:00,1139.9225,3228.4665000000005,2553.294667,2781.110667
2023-03-18 15:00:00,1060.132,2987.3424999999997,2426.0,2593.426666
2023-03-18 16:00:00,1030.897667,2916.4235,2342.883,2540.029667
2023-03-18 17:00:00,1073.737,2970.419,2377.558,2534.802333
2023-03-18 18:00:00,1170.327667,3079.4004999999997,2510.549,2721.541666
2023-03-18 19:00:00,1236.565333,3193.1065,2600.62,2898.7500010000003
2023-03-18 20:00:00,1251.674333,3332.5909999999994,2735.339,3053.528667
2023-03-18 21:00:00,1253.440333,3407.8385,2854.5119999999997,2987.078
2023-03-18 22:00:00,1172.720333,3257.0885,2648.063,2879.553
2023-03-18 23:00:00,1018.7153330000001,2960.6470000000004,2364.937667,2579.957333
2023-03-19 00:00:00,911.085333,2627.7595,2105.54,2304.8626670000003
2023-03-19 01:00:00,783.441333,2372.942,1861.2206669999998,1994.6529999999998
2023-03-19 02:00:00,731.7843330000001,2095.625,1722.556001,1830.037667
2023-03-19 03:00:00,698.473,2007.7815,1618.277334,1719.666
2023-03-19 04:00:00,668.434333,1998.5275000000001,1575.531,1656.152
2023-03-19 05:00:00,679.124,1981.105,1572.361334,1671.242667
2023-03-19 06:00:00,717.625667,2106.0024999999996,1687.339,1780.156
2023-03-19 07:00:00,829.1229999999999,2276.491,1878.9289989999997,2043.740333
2023-03-19 08:00:00,970.3503330000001,2619.8205,2269.141,2350.5389999999998
2023-03-19 09:00:00,1139.7890000000002,3020.304,2670.7799999999997,2721.331999
2023-03-19 10:00:00,1278.060333,3326.327,2971.678,2971.651333
2023-03-19 11:00:00,1407.0739999999998,3453.206,2969.1059999999998,3151.998667
2023-03-19 12:00:00,1343.2610000000002,3470.55,3080.3726669999996,3203.294333
2023-03-19 13:00:00,1335.569,3581.879,3060.91,3269.551333
2023-03-19 14:00:00,1356.032333,3630.407,3120.088,3268.3360000000002
2023-03-19 15:00:00,1385.9450000000002,3658.685,3036.529333,3263.255333
2023-03-19 16:00:00,1383.1786670000001,3604.532,2951.845333,3276.606334
2023-03-19 17:00:00,1432.357,3744.4390000000003,3109.015333,3458.803333
2023-03-19 18:00:00,1558.4046669999998,3978.8975,3354.690667,3608.872
2023-03-19 19:00:00,1647.778667,4033.7475000000004,3499.890667,3802.467667
2023-03-19 20:00:00,1637.861,4051.917,3477.617667,3825.9559999999997
2023-03-19 21:00:00,1577.269667,4064.4694999999997,3423.643,3709.0480000000002
2023-03-19 22:00:00,1467.5053329999998,3886.2169999999996,3144.571667,3398.6043329999998
2023-03-19 23:00:00,1238.800667,3434.3705,2816.660667,3028.874
2023-03-20 00:00:00,1021.9573330000001,2952.569,2399.350333,2495.849
2023-03-20 01:00:00,846.1814999999999,2572.446,2044.3135,2169.299333
2023-03-20 02:00:00,781.2695000000001,2324.8149999999996,1882.586,1976.084333
2023-03-20 03:00:00,756.9404999999999,2193.5830000000005,1835.3319999999999,1859.83
2023-03-20 04:00:00,748.55,2178.626,1787.5839999999998,1855.564667
2023-03-20 05:00:00,769.572,2257.201,1833.3654999999999,1904.81
2023-03-20 06:00:00,854.7255,2540.288,2063.25,2180.018
2023-03-20 07:00:00,1025.024,2950.2309999999998,2449.995,2638.171
2023-03-20 08:00:00,1260.0755,3302.573,2822.741,3037.8586669999995
2023-03-20 09:00:00,1283.4625,3379.403,2820.7700000000004,3105.0599999999995
2023-03-20 10:00:00,1246.4915,3352.359,2817.503667,3079.334667
2023-03-20 11:00:00,1262.9395,3307.496,2797.172667,2987.065
2023-03-20 12:00:00,1254.5024999999998,3287.494,2675.797667,3003.973333
2023-03-20 13:00:00,1255.4095000000002,3320.575,2677.6186669999997,3046.858667
2023-03-20 14:00:00,1259.5705,3410.3149999999996,2693.7868320000002,2955.331
2023-03-20 15:00:00,1267.4389999999999,3445.592,2740.848667,3034.974667
2023-03-20 16:00:00,1269.806,3505.6409999999996,2815.7700000000004,3170.960333
2023-03-20 17:00:00,1347.362,3698.648,2908.9610000000002,3381.692
2023-03-20 18:00:00,1493.5214999999998,4055.8860000000004,3356.344,3626.534
2023-03-20 19:00:00,1623.0010000000002,4164.001,3597.3113329999996,3855.3050000000003
2023-03-20 20:00:00,1732.8355000000001,4307.641,3579.889,4065.882666
2023-03-20 21:00:00,1687.495,4351.752667,3639.2309999999998,3934.935
2023-03-20 22:00:00,1496.2315,4056.321667,3320.014,3624.127
2023-03-20 23:00:00,1268.7320000000002,3558.853,2856.720667,3177.066
2023-03-21 00:00:00,1101.382,3161.039,2471.1900000000005,2729.698333
2023-03-21 01:00:00,916.0193330000001,2769.9359999999997,2220.932167,2426.986
2023-03-21 02:00:00,866.057,2540.7915,2042.7479999999998,2231.658
2023-03-21 03:00:00,820.614667,2430.6359999999995,1981.0413330000001,2127.0766670000003
2023-03-21 04:00:00,833.840667,2436.834,1958.177499,2096.768
2023-03-21 05:00:00,833.362,2524.2295000000004,2054.330501,2168.1856669999997
2023-03-21 06:00:00,950.5423329999999,2800.2515000000003,2308.207167,2426.146333
2023-03-21 07:00:00,1137.556667,3213.8179999999998,2724.954166,2944.746
2023-03-21 08:00:00,1362.0059999999999,3528.4815,3034.0563319999997,3364.9846669999997
2023-03-21 09:00:00,1334.8519999999999,3624.7705,3087.033333,3421.017
2023-03-21 10:00:00,1309.243333,3576.5445,3012.159166,3259.718334
2023-03-21 11:00:00,1272.6963329999999,3406.1364999999996,2866.750167,3080.4696670000003
2023-03-21 12:00:00,1193.691667,3246.6270000000004,2752.531,2968.4219999999996
2023-03-21 13:00:00,1148.767333,3111.8305,2556.7925,2790.24
2023-03-21 14:00:00,1073.472667,2924.6075,2368.5696669999998,2558.325667
2023-03-21 15:00:00,1011.717667,2747.2235,2262.694333,2409.774667
2023-03-21 16:00:00,1031.449333,2848.3415000000005,2289.4116670000003,2371.127
2023-03-21 17:00:00,1067.567333,3016.5564999999997,2462.634333,2628.835
2023-03-21 18:00:00,1137.686,3270.5185,2667.995333,2756.073667
2023-03-21 19:00:00,1282.967667,3572.1785,2873.4266660000003,3127.483667
2023-03-21 20:00:00,1365.895333,3639.299,3041.512666,3269.59
2023-03-21 21:00:00,1434.568667,3853.9624999999996,3140.824333,3366.661333
2023-03-21 22:00:00,1333.3383330000001,3653.6355000000003,2933.349667,3101.661
2023-03-21 23:00:00,1128.547333,3267.0075,2615.634,2812.2916670000004
2023-03-22 00:00:00,989.822333,2826.3695,2264.936,2421.9103330000003
2023-03-22 01:00:00,840.635667,2525.496,1976.681,2165.877
2023-03-22 02:00:00,817.2736669999999,2340.3745,1877.908667,2001.148667
2023-03-22 03:00:00,748.728333,2258.8825,1842.153667,1968.842667
2023-03-22 04:00:00,772.156667,2343.4145000000003,1861.900167,1946.719667
2023-03-22 05:00:00,820.364667,2438.315,1986.7231669999999,2038.495334
2023-03-22 06:00:00,935.028333,2761.5205,2262.2793330000004,2330.545667
2023-03-22 07:00:00,1117.766,3150.135,2609.6186669999997,2828.432
2023-03-22 08:00:00,1291.124667,3598.433,3047.1938339999997,3202.373
2023-03-22 09:00:00,1264.4524999999999,3710.458,3092.142667,3188.587334
2023-03-22 10:00:00,1207.871,3494.2340000000004,2862.663667,2907.3286660000003
2023-03-22 11:00:00,1136.6145000000001,3186.4245,2691.6046669999996,2744.927
2023-03-22 12:00:00,1080.834,3092.1915,2471.8109999999997,2649.482
2023-03-22 13:00:00,1050.2215,2964.5045,2381.2019999999998,2509.5299999999997
2023-03-22 14:00:00,997.2260000000001,2845.222,2277.384,2419.300333
2023-03-22 15:00:00,924.047,2695.1189999999997,2135.879,2301.576667
2023-03-22 16:00:00,948.8545,2736.1884999999997,2198.58,2287.092667
2023-03-22 17:00:00,1070.9465,2884.712,2365.8419999999996,2524.962
2023-03-22 18:00:00,1181.1295,3206.7304999999997,2656.562,2842.4906659999997
2023-03-22 19:00:00,1352.1609999999998,3375.217,2835.1,3033.523666
2023-03-22 20:00:00,1404.6625,3609.311,2884.196,3318.716334
2023-03-22 21:00:00,1346.4745,3604.504,3003.974,3325.0019999999995
2023-03-22 22:00:00,1294.0149999999999,3423.421,2791.913,3021.853334
2023-03-22 23:00:00,1124.117,3072.152,2508.668,2662.197334
2023-03-23 00:00:00,973.2805000000001,2653.9179999999997,2170.5969999999998,2259.1926670000003
2023-03-23 01:00:00,815.21,2342.291,1875.1750000000002,1997.668667
2023-03-23 02:00:00,726.4775,2160.647,1701.1599999999999,1859.244
2023-03-23 03:00:00,702.856,2085.797,1683.107667,1812.727333
2023-03-23 04:00:00,718.3535,2134.749,1674.0770000000002,1778.9610000000002
2023-03-23 05:00:00,768.0840000000001,2212.293,1818.017667,1891.9150000000002
2023-03-23 06:00:00,889.731,2547.1820000000002,2083.6279999999997,2179.071667
2023-03-23 07:00:00,1028.1525000000001,2866.504,2437.9219999999996,2651.362
2023-03-23 08:00:00,1203.3874999999998,3179.4760000000006,2735.218,2997.3176670000003
2023-03-23 09:00:00,1246.1735,3311.1400000000003,2795.6705,3107.3540000000003
2023-03-23 10:00:00,1278.4430000000002,3419.268,2808.9310000000005,3030.054
2023-03-23 11:00:00,1315.4035,3382.893,2734.35,2976.2619999999997
2023-03-23 12:00:00,1269.716,3437.363,2781.289,3034.1316669999997
2023-03-23 13:00:00,1337.068,3576.3450000000003,2925.3280000000004,3139.791
2023-03-23 14:00:00,1287.2665,3545.594,2851.063,3053.786667
2023-03-23 15:00:00,1264.5349999999999,3581.5829999999996,2963.6980000000003,3092.276667
2023-03-23 16:00:00,1351.31,3816.257,3042.0809999999997,3285.647
2023-03-23 17:00:00,1461.5845,4038.524,3243.035,3528.439667
2023-03-23 18:00:00,1538.472,4306.468000000001,3485.1000000000004,3872.516
2023-03-23 19:00:00,1645.433,4449.155,3704.681,3990.697334
2023-03-23 20:00:00,1616.3229999999999,4662.317999999999,3885.857,4053.4849999999997
2023-03-23 21:00:00,1652.3155000000002,4615.3279999999995,3790.659334,3976.368667
2023-03-23 22:00:00,1519.573,4403.734,3521.7039999999997,3835.365334
2023-03-23 23:00:00,1303.719,3949.44,3180.0663329999998,3405.986334
2023-03-24 00:00:00,1152.4895000000001,3541.399,2799.020334,2972.046999
2023-03-24 01:00:00,994.6005,3152.111,2515.900667,2644.903667
2023-03-24 02:00:00,966.4085,2899.779,2353.043,2496.193
2023-03-24 03:00:00,931.175,2845.1130000000003,2295.996,2430.7560010000007
2023-03-24 04:00:00,939.961,2858.806,2264.5159999999996,2412.005333
2023-03-24 05:00:00,975.8035,2955.398,2423.004,2491.136
2023-03-24 06:00:00,1069.345,3232.793,2634.782833,2770.938333
2023-03-24 07:00:00,1240.0535,3604.5550000000003,2945.2705,3086.031333
2023-03-24 08:00:00,1356.3185,3952.173,3299.072,3587.9269999999997
2023-03-24 09:00:00,1444.2669999999998,4169.45,3524.152,3745.326333
2023-03-24 10:00:00,1483.7085000000002,4224.003,3538.354333,3824.301
2023-03-24 11:00:00,1562.8335,4280.066,3572.0931659999997,3792.764333
2023-03-24 12:00:00,1532.6154999999999,4249.891,3569.7825,3763.909667
2023-03-24 13:00:00,1470.205,4224.040999999999,3488.4719999999998,3732.536
2023-03-24 14:00:00,1340.5565,3980.6420000000003,3306.8585,3414.965667
2023-03-24 15:00:00,1335.866,3957.0660000000003,3235.427168,3375.340333
2023-03-24 16:00:00,1303.7640000000001,3988.013,3199.1025,3465.969
2023-03-24 17:00:00,1422.87,4240.412,3324.8665,3646.584667
2023-03-24 18:00:00,1531.036,4424.491,3717.5615,3855.8509999999997
2023-03-24 19:00:00,1588.5040000000001,4613.137000000001,3729.3005000000003,3983.0640000000003
2023-03-24 20:00:00,1600.6335,4508.862,3702.082667,4080.193333
2023-03-24 21:00:00,1623.6970000000001,4475.361,3706.3073329999997,3986.580667
2023-03-24 22:00:00,1513.9085,4279.3195,3487.8199999999997,3839.1676660000003
2023-03-24 23:00:00,1347.633,3946.054,3126.003334,3586.5223340000002
2023-03-25 00:00:00,1230.5245,3660.681,2901.844666,3184.020333
2023-03-25 01:00:00,1073.0505,3301.3900000000003,2586.900667,2793.190667
2023-03-25 02:00:00,1000.697,3113.2290000000003,2450.940666,2576.097667
2023-03-25 03:00:00,964.3715,2905.895,2353.044667,2487.259333
2023-03-25 04:00:00,956.5965000000001,2948.212,2326.5113330000004,2420.985333
2023-03-25 05:00:00,963.2805,2980.924,2374.539332,2519.437667
2023-03-25 06:00:00,1025.925,3120.471,2500.006833,2635.636334
2023-03-25 07:00:00,1083.961,3339.79,2686.545,2860.352
2023-03-25 08:00:00,1316.442,3814.3889999999997,3026.9841669999996,3282.937333
2023-03-25 09:00:00,1432.7595000000001,4169.338,3533.5673340000003,3694.6373329999997
2023-03-25 10:00:00,1590.1779999999999,4489.001,3773.147,3927.210667
2023-03-25 11:00:00,1628.701,4649.146000000001,3873.2639999999997,4036.7976669999994
2023-03-25 12:00:00,1610.355,4586.724,3723.375,3965.910667
2023-03-25 13:00:00,1488.873,4265.057,3583.918666,3769.523
2023-03-25 14:00:00,1419.465,4136.031,3368.807667,3523.487667
2023-03-25 15:00:00,1400.409,3999.551,3146.825667,3438.5460000000003
2023-03-25 16:00:00,1339.8815,3844.273,3036.640333,3254.042
2023-03-25 17:00:00,1361.4515000000001,3849.099,3112.5820000000003,3336.1220000000003
2023-03-25 18:00:00,1385.5304999999998,3812.166,3066.085167,3403.935
2023-03-25 19:00:00,1499.4345,4089.068,3321.9545,3638.295
2023-03-25 20:00:00,1583.6425,4198.983,3478.712167,3811.345667
2023-03-25 21:00:00,1578.1585,4197.384,3470.3729999999996,3748.1093339999998
2023-03-25 22:00:00,1454.4740000000002,4106.222,3297.0845,3572.288333
2023-03-25 23:00:00,1318.4295000000002,3820.515,3126.620166,3305.8379999999997
2023-03-26 00:00:00,1204.5865,3544.025,2903.744667,2997.021667
2023-03-26 01:00:00,1039.0520000000001,3148.68,2586.263,2705.4959999999996
2023-03-26 02:00:00,950.8285,2901.0690000000004,2379.324666,2494.529
2023-03-26 03:00:00,892.822,2806.3330000000005,2244.288,2418.182
2023-03-26 04:00:00,918.914,2813.4539999999997,2240.173,2351.562
2023-03-26 05:00:00,916.4885,2782.331,2250.065,2402.767333
2023-03-26 06:00:00,948.0840000000001,2929.184,2344.41,2472.953667
2023-03-26 07:00:00,1059.469,3086.837,2544.932,2749.638
2023-03-26 08:00:00,1227.354,3536.594,2883.62,3125.286667
2023-03-26 09:00:00,1389.4270000000001,4029.45,3296.4030000000002,3489.278667
2023-03-26 10:00:00,1518.863,4316.8330000000005,3664.383,3682.595
2023-03-26 11:00:00,1601.7334999999998,4295.575999999999,3690.46,3796.446334
2023-03-26 12:00:00,1508.002,4263.988,3517.79,3704.689
2023-03-26 13:00:00,1499.1925,4205.035,3353.182,3571.7743330000003
2023-03-26 14:00:00,1417.743,4137.726000000001,3253.0570000000002,3502.553667
2023-03-26 15:00:00,1385.618,3982.1420000000003,3109.042,3292.300667
2023-03-26 16:00:00,1456.1305000000002,4041.052,3223.9120000000003,3544.013
2023-03-26 17:00:00,1519.1529999999998,4096.134,3301.720333,3640.7160000000003
2023-03-26 18:00:00,1647.297,4202.763999999999,3436.853333,3923.214
2023-03-26 19:00:00,1718.8315000000002,4488.388999999999,3780.912999,4157.301667
2023-03-26 20:00:00,1733.309,4604.915000000001,3747.925,4103.905
2023-03-26 21:00:00,1654.897,4596.61,3715.9193330000003,3938.812
2023-03-26 22:00:00,1536.682,4418.401,3534.677667,3787.8810000000003
2023-03-26 23:00:00,1341.8685,3946.07,3187.612001,3433.673
2023-03-27 00:00:00,1152.6945,3573.2926669999997,2857.566666,3023.4296669999994
2023-03-27 01:00:00,1013.5989999999999,3213.264,2500.0424999999996,2728.8010000000004
2023-03-27 02:00:00,963.819,3006.764,2365.576333,2549.88
2023-03-27 03:00:00,939.815,2945.9629999999997,2329.423667,2454.319667
2023-03-27 04:00:00,970.675,3077.178,2333.720333,2491.250666
2023-03-27 05:00:00,996.5820000000001,3159.339,2546.462334,2580.244334
2023-03-27 06:00:00,1082.426,3410.0739999999996,2688.052001,2781.965667
2023-03-27 07:00:00,1221.95,3665.19,2983.1183330000003,3211.621666
2023-03-27 08:00:00,1412.455,4045.539,3295.8236660000002,3473.404334
2023-03-27 09:00:00,1414.447,4151.692,3459.611,3644.615001
2023-03-27 10:00:00,1381.2400000000002,4175.763,3381.97,3638.371667
2023-03-27 11:00:00,1397.299,3979.862,3264.3135,3460.454
2023-03-27 12:00:00,1351.4789999999998,3822.7870000000003,3166.0105,3405.885667
2023-03-27 13:00:00,1339.657,3739.118,2973.675,3198.890335
2023-03-27 14:00:00,1293.542,3503.4669999999996,2771.8275000000003,3093.3953330000004
2023-03-27 15:00:00,1260.851,3423.806,2791.5209999999997,3008.572
2023-03-27 16:00:00,1291.5769999999998,3583.349333,2846.6440000000002,3117.3289999999997
2023-03-27 17:00:00,1357.412,3819.397,3064.283,3379.5599999999995
2023-03-27 18:00:00,1443.292,4100.338667,3345.6099999999997,3642.390333
2023-03-27 19:00:00,1580.088,4211.683667,3594.323,3859.615
2023-03-27 20:00:00,1648.6729999999998,4334.968999999999,3602.5759999999996,3828.38
2023-03-27 21:00:00,1556.6770000000001,4215.917667,3493.911333,3680.955
2023-03-27 22:00:00,1415.7269999999999,3988.023,3260.528333,3455.089667
2023-03-27 23:00:00,1227.217,3544.766333,2899.126,3116.3320000000003
2023-03-28 00:00:00,1073.942,3172.117,2548.533,2735.758667
2023-03-28 01:00:00,915.5615,2855.453,2257.4754999999996,2383.251
2023-03-28 02:00:00,866.893,2629.567,2090.139,2244.110667
2023-03-28 03:00:00,818.481,2571.344,1968.4969999999998,2107.167
2023-03-28 04:00:00,832.7335,2536.3855829999998,1957.4455,2069.120333
2023-03-28 05:00:00,868.1185,2674.139,2105.9345,2196.741
2023-03-28 06:00:00,976.4884999999999,2914.347,2352.6515,2461.9393330000003
2023-03-28 07:00:00,1100.529,3228.134,2577.4945,2807.538667
2023-03-28 08:00:00,1246.6899999999998,3504.4049999999997,2872.444,3108.824
2023-03-28 09:00:00,1362.5615,3765.715,3057.6416670000003,3334.18
2023-03-28 10:00:00,1358.3575,3848.003,3183.194166,3440.5419999999995
2023-03-28 11:00:00,1431.8325,3931.517,3213.5184999999997,3518.715
2023-03-28 12:00:00,1449.723,4094.2780000000002,3365.684,3568.5779989999996
2023-03-28 13:00:00,1494.6555,4074.4230000000002,3298.6375,3470.564
2023-03-28 14:00:00,1453.5155,3952.266,3212.071,3377.822
2023-03-28 15:00:00,1356.7445,3905.2810000000004,3129.6360000000004,3358.310334
2023-03-28 16:00:00,1335.8670000000002,3981.7129999999997,3226.2566669999997,3402.252
2023-03-28 17:00:00,1456.622,4225.594,3477.7313329999997,3573.6986669999997
2023-03-28 18:00:00,1605.2955000000002,4572.755000000001,3660.0,3961.5119999999997
2023-03-28 19:00:00,1742.909,4624.175,3807.436334,4196.285667
2023-03-28 20:00:00,1732.62,4676.093,3821.851,4205.731666
2023-03-28 21:00:00,1620.6805,4591.794,3805.687,4045.58
2023-03-28 22:00:00,1482.03,4372.757,3588.4083330000003,3811.4356669999997
2023-03-28 23:00:00,1372.94,3938.3550000000005,3150.663,3411.925333
2023-03-29 00:00:00,1204.5705,3531.609,2807.542334,2965.7309999999998
2023-03-29 01:00:00,1065.2915,3144.6099999999997,2551.575332,2699.789667
2023-03-29 02:00:00,975.4780000000001,2962.034,2388.700335,2570.9486669999997
2023-03-29 03:00:00,928.6295,2897.49,2346.488333,2421.665
2023-03-29 04:00:00,942.549,2923.6679999999997,2293.006666,2453.9309999999996
2023-03-29 05:00:00,969.192,3009.367,2456.099999,2558.769333
2023-03-29 06:00:00,1064.1084999999998,3285.376333,2657.902999,2752.002
2023-03-29 07:00:00,1156.376,3564.005,2835.1476680000005,3074.0503340000005
2023-03-29 08:00:00,1332.7734999999998,3848.58,3168.298333,3404.2873329999998
2023-03-29 09:00:00,1361.498,3971.3320000000003,3321.5249999999996,3551.588667
2023-03-29 10:00:00,1355.006,3915.9570000000003,3287.955,3567.849
2023-03-29 11:00:00,1377.299,3980.431,3239.544,3474.121
2023-03-29 12:00:00,1327.355,3845.663,3060.61,3307.811
2023-03-29 13:00:00,1339.9189999999999,3635.7830000000004,2969.9269999999997,3213.902
2023-03-29 14:00:00,1248.5120000000002,3434.986,2731.566,2952.511
2023-03-29 15:00:00,1149.319,3306.5209999999997,2555.0510000000004,2821.718334
2023-03-29 16:00:00,1104.992,3271.084,2528.6769999999997,2726.071667
2023-03-29 17:00:00,1124.615,3253.042,2562.544,2787.0609999999997
2023-03-29 18:00:00,1204.233,3442.9440000000004,2780.8529999999996,2939.457667
2023-03-29 19:00:00,1330.111,3611.79,2949.716,3207.914666
2023-03-29 20:00:00,1416.446,3825.241,3117.8089999999997,3288.950667
2023-03-29 21:00:00,1483.118,3933.741,3158.112,3466.288334
2023-03-29 22:00:00,1350.164,3848.99,3017.263,3265.0420000000004
2023-03-29 23:00:00,1192.843,3465.972,2771.5969999999998,2938.4970009999997
2023-03-30 00:00:00,1015.0610000000001,3056.811333,2393.0460000000003,2559.446334
2023-03-30 01:00:00,887.948,2666.3856670000005,2131.88,2248.587
2023-03-30 02:00:00,819.6030000000001,2415.726667,1934.339,2110.157667
2023-03-30 03:00:00,773.613,2345.214333,1860.7369999999999,1986.122333
2023-03-30 04:00:00,779.2740000000001,2343.4539999999997,1876.155,1981.1496670000001
2023-03-30 05:00:00,804.876,2430.124,1974.362,2001.6293329999999
2023-03-30 06:00:00,901.206,2681.9996659999997,2198.5429999999997,2189.480334
2023-03-30 07:00:00,1005.696,2966.346333,2421.698,2564.497
2023-03-30 08:00:00,1188.789,3284.4400000000005,2731.698,2842.432
2023-03-30 09:00:00,1253.655,3461.3770000000004,2859.134,3091.096667
2023-03-30 10:00:00,1233.134,3462.335,2822.459,3164.198667
2023-03-30 11:00:00,1221.3380000000002,3508.817,2857.98,3079.601
2023-03-30 12:00:00,1232.523,3616.951,2889.2169999999996,3127.834667
2023-03-30 13:00:00,1198.988,3534.7619999999997,2761.8269999999998,3000.383
2023-03-30 14:00:00,1130.7179999999998,3410.931,2699.6490000000003,2907.098333
2023-03-30 15:00:00,1094.2820000000002,3190.75,2571.749,2799.272
2023-03-30 16:00:00,1137.14,3331.505,2575.187,2763.726334
2023-03-30 17:00:00,1250.016,3704.644,2830.137,3144.209667
2023-03-30 18:00:00,1315.7359999999999,3880.179,3056.084333,3320.586
2023-03-30 19:00:00,1438.121,3949.6009999999997,3256.884666,3492.282667
2023-03-30 20:00:00,1515.459,4047.919,3330.012999,3582.692
2023-03-30 21:00:00,1478.162,3984.522,3331.0969999999998,3448.219
2023-03-30 22:00:00,1355.8960000000002,3918.852,3183.376,3350.232
2023-03-30 23:00:00,1235.702,3569.535,2880.513,3025.7196670000003
2023-03-31 00:00:00,1053.974,3152.8500000000004,2472.391,2651.313333
2023-03-31 01:00:00,915.318,2793.889,2231.432,2331.559
2023-03-31 02:00:00,836.451,2599.91,2092.768,2194.385
2023-03-31 03:00:00,783.623,2456.928,2040.8940000000002,2081.1630000000005
2023-03-31 04:00:00,800.608,2450.423,1987.136,2019.5660000000003
2023-03-31 05:00:00,865.137,2517.162,2089.13,2140.938
2023-03-31 06:00:00,934.342,2715.487,2264.3075,2316.134
2023-03-31 07:00:00,1051.499,3010.941,2493.0505000000003,2584.1313330000003
2023-03-31 08:00:00,1186.986,3286.384,2735.643,2963.026
2023-03-31 09:00:00,1270.805,3530.022,3000.0560000000005,3162.7419999999997
2023-03-31 10:00:00,1305.912,3649.371,3053.263,3251.787333
2023-03-31 11:00:00,1299.701,3758.495,3085.701,3201.6803330000002
2023-03-31 12:00:00,1355.471,3774.719,3127.503,3286.7816669999997
2023-03-31 13:00:00,1354.4989999999998,3784.945,3077.023,3297.065333
2023-03-31 14:00:00,1347.626,3677.029,3081.0150000000003,3232.684
2023-03-31 15:00:00,1323.299,3708.375,3068.6440000000002,3237.6730000000002
2023-03-31 16:00:00,1377.6589999999999,3783.494,3125.6369999999997,3268.192
2023-03-31 17:00:00,1447.033,4044.1639999999998,3289.4280000000003,3446.3363339999996
2023-03-31 18:00:00,1529.28,4285.366333,3588.0,3645.5280000000002
2023-03-31 19:00:00,1571.5369999999998,4326.886,3663.724,3803.4656670000004
2023-03-31 20:00:00,1583.5,4313.436,3632.316,3827.729
2023-03-31 21:00:00,1548.462,4165.439,3432.38,3667.606334
2023-03-31 22:00:00,1416.313,4019.459,3241.187,3540.792
2023-03-31 23:00:00,1296.96,3684.495667,2990.9539999999997,3258.7200000000003
2023-04-01 00:00:00,1164.116,3426.901,2635.881,2959.066
2023-04-01 01:00:00,1004.513,3039.6936669999996,2393.539667,2572.312
2023-04-01 02:00:00,946.978,2789.809,2210.815333,2357.7443329999996
2023-04-01 03:00:00,867.175,2677.289,2096.211334,2244.043333
2023-04-01 04:00:00,837.289,2620.772,2031.05,2152.367667
2023-04-01 05:00:00,860.759,2634.448,2092.9159999999997,2229.143
2023-04-01 06:00:00,900.337,2728.6319999999996,2183.687,2353.490667
2023-04-01 07:00:00,1017.442,2885.0829999999996,2346.797667,2544.9983330000005
2023-04-01 08:00:00,1170.953,3286.218,2725.8729999999996,2937.001
2023-04-01 09:00:00,1325.018,3689.579,3083.786,3288.008
2023-04-01 10:00:00,1444.223,4021.732,3309.759,3676.754334
2023-04-01 11:00:00,1446.0990000000002,4114.128000000001,3313.63,3646.6436670000003
2023-04-01 12:00:00,1547.8870000000002,4142.484,3377.701,3592.5069999999996
2023-04-01 13:00:00,1481.691,3985.949,3320.339,3582.039667
2023-04-01 14:00:00,1470.7630000000001,4150.630999999999,3428.766,3624.157
2023-04-01 15:00:00,1465.406,4003.066,3327.112,3482.165333
2023-04-01 16:00:00,1364.926,3938.496,3244.2529999999997,3330.1256670000002
2023-04-01 17:00:00,1391.6480000000001,4041.347,3216.042,3472.645668
2023-04-01 18:00:00,1449.4930000000002,3906.568,3149.333,3468.755667
2023-04-01 19:00:00,1531.914,3954.4480000000003,3358.554,3576.806
2023-04-01 20:00:00,1553.817,4103.404333,3561.403,3751.049
2023-04-01 21:00:00,1555.4450000000002,4249.836,3573.1720000000005,3793.5413340000005
2023-04-01 22:00:00,1421.8760000000002,4120.854,3319.815,3625.710333
2023-04-01 23:00:00,1280.568,3861.119,3080.065,3390.893
2023-04-02 00:00:00,1153.565,3447.7309999999998,2807.633,2965.751334
2023-04-02 01:00:00,1025.779,3160.7780000000002,2495.896334,2718.056667
2023-04-02 02:00:00,941.2539999999999,2934.194,2296.943,2449.105001
2023-04-02 03:00:00,915.935,2814.901,2219.0956659999997,2306.558668
2023-04-02 04:00:00,883.545,2726.0280000000002,2176.181667,2274.0516669999997
2023-04-02 05:00:00,881.803,2761.7650000000003,2188.078333,2304.4116670000003
2023-04-02 06:00:00,926.002,2822.143,2278.0869999999995,2414.3396669999997
2023-04-02 07:00:00,1027.609,3036.937,2474.2690000000002,2664.276333
2023-04-02 08:00:00,1148.397,3458.4349999999995,2792.351333,3027.170667
2023-04-02 09:00:00,1332.4879999999998,3867.2869999999994,3140.8059999999996,3434.2913340000005
2023-04-02 10:00:00,1451.529,4065.3779999999997,3427.828,3557.9916670000002
2023-04-02 11:00:00,1548.277,4181.021000000001,3532.2090000000003,3753.208333
2023-04-02 12:00:00,1597.9250000000002,4361.373,3727.799333,3910.225667
2023-04-02 13:00:00,1642.763,4413.907,3794.23,4045.5843339999997
2023-04-02 14:00:00,1653.9940000000001,4435.351,3735.822,3938.537333
2023-04-02 15:00:00,1572.005,4351.639,3517.0950000000003,3830.7273330000003
2023-04-02 16:00:00,1609.9340000000002,4481.146,3708.7695000000003,4028.018
2023-04-02 17:00:00,1618.2,4351.947,3744.062,4047.8363340000005
2023-04-02 18:00:00,1693.494,4696.837,3885.026,4230.293332
2023-04-02 19:00:00,1777.583,4742.043,3981.917667,4252.817666999999
2023-04-02 20:00:00,1805.6059999999998,4836.745000000001,4135.692666999999,4298.486334
2023-04-02 21:00:00,1783.349,4880.1013330000005,4070.632,4278.018
2023-04-02 22:00:00,1656.519,4637.285,3960.243334,4010.8423330000005
2023-04-02 23:00:00,1472.21,4248.593000000001,3512.1110000000003,3612.611667
2023-04-03 00:00:00,1229.7130000000002,3681.521,2982.8325,3085.646001
2023-04-03 01:00:00,1074.671,3274.5110000000004,2650.752833,2730.770666
2023-04-03 02:00:00,980.924,3052.4440000000004,2509.0330010000002,2544.039667
2023-04-03 03:00:00,951.949,2999.825,2405.178333,2443.668
2023-04-03 04:00:00,939.342,3008.6400000000003,2377.407667,2466.9439999999995
2023-04-03 05:00:00,1003.5139999999999,3096.495,2511.366,2558.756667
2023-04-03 06:00:00,1101.4630000000002,3399.4080000000004,2747.692,2783.4629999999997
2023-04-03 07:00:00,1290.561,3775.624,3171.5379999999996,3275.279667
2023-04-03 08:00:00,1525.254,4135.869,3441.126001,3685.244667
2023-04-03 09:00:00,1482.558,4124.157,3430.6409999999996,3715.1973340000004
2023-04-03 10:00:00,1462.827,4004.5,3403.6040000000003,3637.998667
2023-04-03 11:00:00,1397.807,3921.5519999999997,3277.8464999999997,3485.9930000000004
2023-04-03 12:00:00,1457.077,3890.2839999999997,3308.1995,3541.423001
2023-04-03 13:00:00,1444.4489999999998,4006.843,3194.5380000000005,3468.718
2023-04-03 14:00:00,1313.027,3776.7830000000004,3030.5455,3314.4123339999996
2023-04-03 15:00:00,1244.3339999999998,3535.017,2873.6900000000005,3073.5106669999996
2023-04-03 16:00:00,1239.5069999999998,3620.193,2867.853333,3111.660334
2023-04-03 17:00:00,1317.95,3863.0969999999998,3157.573667,3331.7969999999996
2023-04-03 18:00:00,1464.167,4270.862,3539.146334,3721.918
2023-04-03 19:00:00,1569.8029999999999,4373.279,3698.1256670000002,3953.3130000000006
2023-04-03 20:00:00,1641.3329999999999,4445.66,3764.1923340000003,4165.117
2023-04-03 21:00:00,1654.529,4585.0869999999995,3805.1446669999996,4164.731667
2023-04-03 22:00:00,1493.81,4387.7789999999995,3574.996,3834.453
2023-04-03 23:00:00,1329.967,3990.827,3227.905667,3442.499
2023-04-04 00:00:00,1145.677,3509.317,2787.559333,3016.029666
2023-04-04 01:00:00,989.429,3102.678,2465.415167,2647.215333
2023-04-04 02:00:00,921.171,2893.089,2373.7003330000002,2460.912333
2023-04-04 03:00:00,876.8979999999999,2817.06,2262.208001,2426.771666
2023-04-04 04:00:00,910.255,2827.7650000000003,2317.015166,2396.7210000000005
2023-04-04 05:00:00,956.5219999999999,2976.6009999999997,2440.646167,2463.532334
2023-04-04 06:00:00,1090.603,3236.364,2707.1965,2729.434334
2023-04-04 07:00:00,1238.3,3688.441,2980.0355,3171.661334
2023-04-04 08:00:00,1462.549,3996.501,3334.755333,3617.2703340000003
2023-04-04 09:00:00,1444.846333,4034.76,3396.455,3652.6823329999997
2023-04-04 10:00:00,1408.485,3988.6349999999998,3251.1904999999997,3532.1306670000004
2023-04-04 11:00:00,1402.9070000000002,3929.228,3178.7075,3394.133667
2023-04-04 12:00:00,1331.1019999999999,3774.823,3115.612,3286.3563329999997
2023-04-04 13:00:00,1272.93,3518.347,2976.2385,3171.199
2023-04-04 14:00:00,1220.9879999999998,3384.8559999999998,2851.552,2987.711333
2023-04-04 15:00:00,1101.688,3265.212,2666.404,2901.861
2023-04-04 16:00:00,1129.298,3272.1189999999997,2685.0186670000003,2878.996333
2023-04-04 17:00:00,1193.125,3584.889,2847.334333,2993.2430000000004
2023-04-04 18:00:00,1421.8360000000002,4047.3986670000004,3386.958,3633.2699999999995
2023-04-04 19:00:00,1610.188,4357.207,3690.121,4078.794
2023-04-04 20:00:00,1629.989,4334.382,3727.3740000000003,4051.169333
2023-04-04 21:00:00,1573.1129999999998,4394.450000000001,3819.949666,3959.0036659999996
2023-04-04 22:00:00,1482.83,4192.014999999999,3570.4296670000003,3731.4970009999997
2023-04-04 23:00:00,1321.4350000000002,3729.4610000000002,3151.1839999999997,3367.414
2023-04-05 00:00:00,1145.829,3372.221,2782.900333,2934.913
2023-04-05 01:00:00,1028.589,3025.964,2437.456666,2633.981334
2023-04-05 02:00:00,935.0790000000001,2778.9919999999997,2308.273332,2461.945667
2023-04-05 03:00:00,920.26,2716.713,2213.1846669999995,2321.825334
2023-04-05 04:00:00,930.0400000000001,2726.865,2196.4763329999996,2324.1283329999997
2023-04-05 05:00:00,957.1659999999999,2819.047,2311.374,2399.9130000000005
2023-04-05 06:00:00,1048.104,3139.695,2556.190334,2669.861001
2023-04-05 07:00:00,1267.487,3525.895,2959.309334,3154.892667
2023-04-05 08:00:00,1416.973,3895.412,3333.839333,3591.684667
2023-04-05 09:00:00,1392.1979999999999,3851.154,3330.899333,3500.244667
2023-04-05 10:00:00,1289.0819999999999,3707.0209999999997,3037.9640010000003,3278.315333
2023-04-05 11:00:00,1251.372,3511.797,2858.672,3159.220333
2023-04-05 12:00:00,1218.3020000000001,3382.836,2786.775999,3035.407668
2023-04-05 13:00:00,1220.763,3290.361,2726.9143329999997,3033.160667
2023-04-05 14:00:00,1148.924,3217.798,2691.069,2853.830333
2023-04-05 15:00:00,1127.644,3144.9049999999997,2665.61,2810.651333
2023-04-05 16:00:00,1114.0389999999998,3315.6320000000005,2773.477,2906.199999
2023-04-05 17:00:00,1245.71,3672.81,2981.9573339999997,3218.5883329999997
2023-04-05 18:00:00,1354.122,3828.425,3201.600333,3448.683333
2023-04-05 19:00:00,1484.953,4094.9349999999995,3408.852333,3656.995667
2023-04-05 20:00:00,1524.386,4248.591,3520.483333,3739.844667
2023-04-05 21:00:00,1524.7130000000002,4193.5599999999995,3485.808667,3712.9049999999997
2023-04-05 22:00:00,1426.596,4020.538,3306.8653329999997,3510.952667
2023-04-05 23:00:00,1264.6190000000001,3637.681,2959.671,3099.244667
2023-04-06 00:00:00,1061.274,3196.223,2573.3630000000003,2691.2133329999997
2023-04-06 01:00:00,932.7719999999999,2787.804666,2287.141334,2357.626
2023-04-06 02:00:00,845.972,2616.2170000000006,2049.958667,2175.431333
2023-04-06 03:00:00,820.941,2498.3599999999997,1973.8216659999998,2110.529334
2023-04-06 04:00:00,804.823,2477.803,1980.6820000000002,2077.9936669999997
2023-04-06 05:00:00,845.289,2584.407,2065.937,2158.4036670000005
2023-04-06 06:00:00,925.774,2843.013,2292.325,2413.565667
2023-04-06 07:00:00,1071.471,3148.1549999999997,2601.942,2787.083999
2023-04-06 08:00:00,1261.425,3425.6040000000003,2973.5119999999997,3219.7113320000003
2023-04-06 09:00:00,1292.405,3466.273,2974.7879999999996,3250.720666
2023-04-06 10:00:00,1249.185,3410.1459999999997,2846.51,3100.785667
2023-04-06 11:00:00,1246.676,3419.185,2798.5550000000003,3030.7239999999997
2023-04-06 12:00:00,1259.102,3399.262,2737.467,3009.4610000000002
2023-04-06 13:00:00,1211.06,3336.244,2742.695,2992.794667
2023-04-06 14:00:00,1192.0040000000001,3267.308,2736.4809999999998,2965.243
2023-04-06 15:00:00,1173.98,3280.5240000000003,2655.941,2911.590666
2023-04-06 16:00:00,1240.0320000000002,3461.366,2898.898,3013.423
2023-04-06 17:00:00,1370.4920000000002,3870.13,3215.078,3275.599
2023-04-06 18:00:00,1494.927,4134.924,3400.79,3509.772332
2023-04-06 19:00:00,1611.934,4234.168000000001,3463.169,3739.5876670000002
2023-04-06 20:00:00,1589.001,4163.464,3455.442,3815.396334
2023-04-06 21:00:00,1597.3159999999998,4109.451,3363.92,3693.432333
2023-04-06 22:00:00,1419.149,3828.08,3120.4359999999997,3471.265666
2023-04-06 23:00:00,1208.464,3514.2030000000004,2791.363,3062.01
2023-04-07 00:00:00,1041.92,3025.104,2460.7690000000002,2610.308
2023-04-07 01:00:00,920.6840000000001,2642.644,2152.6813329999995,2267.382667
2023-04-07 02:00:00,820.231,2424.2970000000005,1946.735,2058.468
2023-04-07 03:00:00,774.046,2325.161,1881.732999,2014.6506669999999
2023-04-07 04:00:00,773.733,2275.3419999999996,1834.038333,1990.3846660000002
2023-04-07 05:00:00,800.7280000000001,2308.674,1908.144,2024.674
2023-04-07 06:00:00,873.5640000000001,2576.36,2095.598,2244.169
2023-04-07 07:00:00,1028.408,2888.584,2423.611,2570.04
2023-04-07 08:00:00,1252.891,3266.0969999999998,2741.715,2978.0190000000002
2023-04-07 09:00:00,1278.2780000000002,3325.0919999999996,2755.242,3062.7273330000003
2023-04-07 10:00:00,1258.963,3380.193,2644.3010000000004,2914.736001
2023-04-07 11:00:00,1174.392,3329.837,2611.835,2846.108334
2023-04-07 12:00:00,1141.1299999999999,3255.068,2646.335,2846.778666
2023-04-07 13:00:00,1151.782,3294.436,2752.0339999999997,2871.0953329999998
2023-04-07 14:00:00,1164.473,3182.7920000000004,2789.818333,2836.3676670000004
2023-04-07 15:00:00,1192.467,3216.93,2645.308,2758.198667
2023-04-07 16:00:00,1141.9109999999998,3218.486,2702.9660000000003,2767.148666
2023-04-07 17:00:00,1282.4209999999998,3457.627,2848.156666,3091.3743329999998
2023-04-07 18:00:00,1271.129,3680.626,2945.851,3157.6373329999997
2023-04-07 19:00:00,1378.772,3681.99,3083.7349999999997,3290.132667
2023-04-07 20:00:00,1344.9279999999999,3717.2470000000003,3118.9286669999997,3345.547001
2023-04-07 21:00:00,1436.495,3761.1049999999996,3188.395,3349.4663339999997
2023-04-07 22:00:00,1336.586,3660.852,2974.747,3206.876333
2023-04-07 23:00:00,1211.9950000000001,3457.1899999999996,2786.75,3017.697333
2023-04-08 00:00:00,1096.9740000000002,3131.4480000000003,2482.442,2727.131333
2023-04-08 01:00:00,952.755,2809.916,2194.844,2472.2713329999997
2023-04-08 02:00:00,863.955,2572.842,2040.7253329999999,2176.3100000000004
2023-04-08 03:00:00,834.3870000000001,2443.099,1965.5933340000001,2088.313
2023-04-08 04:00:00,810.7370000000001,2398.509,1866.9309990000002,2020.153667
2023-04-08 05:00:00,793.018,2426.0229999999997,1928.034001,2042.060334
2023-04-08 06:00:00,852.1890000000001,2539.192,2044.716667,2150.851667
2023-04-08 07:00:00,925.3109999999999,2696.9500000000003,2225.534334,2399.745333
2023-04-08 08:00:00,1126.0140000000001,3181.8140000000003,2558.593667,2767.891667
2023-04-08 09:00:00,1252.895,3567.1679999999997,2828.7760000000003,3146.9046660000004
2023-04-08 10:00:00,1325.049,3694.7870000000003,3040.358,3292.12
2023-04-08 11:00:00,1371.962,3768.482,3098.7450010000002,3319.896001
2023-04-08 12:00:00,1316.221,3657.837,3081.296333,3211.37
2023-04-08 13:00:00,1305.708,3595.909,3043.1939999999995,3215.339334
2023-04-08 14:00:00,1262.873,3475.9849999999997,3000.527,3012.103333
2023-04-08 15:00:00,1280.237,3367.424,2901.772,2994.520001
2023-04-08 16:00:00,1300.424,3381.2889999999998,2917.7710000000006,3015.066667
2023-04-08 17:00:00,1343.253,3520.771,2914.9126669999996,3158.053333
2023-04-08 18:00:00,1323.308,3606.595,3016.345333,3336.96
2023-04-08 19:00:00,1423.0230000000001,3740.449,3124.203,3342.934333
2023-04-08 20:00:00,1461.882,3820.063,3141.303001,3376.213
2023-04-08 21:00:00,1415.493,3714.27,3110.824667,3319.65
2023-04-08 22:00:00,1297.356,3572.11,2929.9820010000003,3122.8140000000003
2023-04-08 23:00:00,1199.533,3336.832,2632.989,2793.920666
2023-04-09 00:00:00,1056.504,2959.761,2370.157,2549.235334
2023-04-09 01:00:00,912.181,2645.24,2172.1496669999997,2262.8810000000003
2023-04-09 02:00:00,798.721,2395.3689999999997,1924.661333,2033.724334
2023-04-09 03:00:00,768.4680000000001,2228.6220000000003,1830.2690000000002,1907.8480009999998
2023-04-09 04:00:00,731.587,2212.111,1722.3646669999998,1860.1390000000001
2023-04-09 05:00:00,731.549,2222.039,1754.297,1829.483333
2023-04-09 06:00:00,812.9019999999999,2313.013,1812.9569999999999,1963.140668
2023-04-09 07:00:00,886.047,2432.28,2019.688,2202.679
2023-04-09 08:00:00,1077.221,2836.136,2356.544,2536.840334
2023-04-09 09:00:00,1233.1860000000001,3315.5910000000003,2716.774667,2921.2826670000004
2023-04-09 10:00:00,1349.308,3632.955,2987.505333,3279.181333
2023-04-09 11:00:00,1393.586,3763.928,3210.4303330000002,3428.371333
2023-04-09 12:00:00,1494.261,3892.177,3189.715999,3370.1886670000004
2023-04-09 13:00:00,1439.499,3920.8019999999997,3206.588,3475.872668
2023-04-09 14:00:00,1433.827,3841.669,3160.8740000000003,3454.103
2023-04-09 15:00:00,1399.138,3842.027,3191.1589999999997,3397.913333
2023-04-09 16:00:00,1391.542,3829.523,3064.875833,3278.390333
2023-04-09 17:00:00,1435.859,3780.54,3088.0116669999998,3437.2903349999997
2023-04-09 18:00:00,1528.063,3845.823,3258.8925,3488.3416669999997
2023-04-09 19:00:00,1533.0520000000001,3875.9670000000006,3265.151,3496.5826669999997
2023-04-09 20:00:00,1507.9360000000001,3909.7690000000002,3232.7416670000002,3600.346333
2023-04-09 21:00:00,1483.2330000000002,3903.712,3275.2749999999996,3474.9110010000004
2023-04-09 22:00:00,1359.6586670000002,3732.8590000000004,3006.907333,3278.9200010000004
2023-04-09 23:00:00,1163.518666,3340.437,2683.2599999999998,2904.492667
2023-04-10 00:00:00,1006.508333,2876.916,2230.392,2419.872667
2023-04-10 01:00:00,888.43,2463.803,1936.202666,2071.06
2023-04-10 02:00:00,800.256,2233.0299999999997,1790.3463339999998,1878.706333
2023-04-10 03:00:00,763.613,2098.8199999999997,1710.646333,1821.23
2023-04-10 04:00:00,724.412,2108.521,1683.338667,1787.052667
2023-04-10 05:00:00,769.666,2205.331,1814.29,1841.933333
2023-04-10 06:00:00,842.177,2396.3096670000004,2028.718667,2058.446
2023-04-10 07:00:00,999.0799999999999,2774.0596670000004,2378.1859999999997,2474.374334
2023-04-10 08:00:00,1139.7040000000002,3081.147333,2636.647,2828.02
2023-04-10 09:00:00,1211.8380000000002,3231.652667,2674.406,2946.3413339999997
2023-04-10 10:00:00,1227.435,3241.657,2771.108667,2979.3406670000004
2023-04-10 11:00:00,1263.2649999999999,3276.666667,2823.6473330000003,3032.900334
2023-04-10 12:00:00,1280.751,3353.1639999999998,2806.108666,3094.1160010000003
2023-04-10 13:00:00,1253.585,3306.048,2750.589,3112.897
2023-04-10 14:00:00,1213.1399999999999,3336.555,2729.752,3083.5470000000005
2023-04-10 15:00:00,1260.8600000000001,3372.976,2739.279667,2993.0463340000006
2023-04-10 16:00:00,1276.761,3470.9130000000005,2824.4833329999997,3094.5870000000004
2023-04-10 17:00:00,1364.136,3886.867,3081.142,3310.9220000000005
2023-04-10 18:00:00,1518.7469999999998,4165.003000000001,3416.291,3701.4516670000003
2023-04-10 19:00:00,1600.477,4359.534,3653.651,3908.919334
2023-04-10 20:00:00,1577.9119999999998,4370.446,3598.767333,3936.8806670000004
2023-04-10 21:00:00,1579.0800000000002,4320.887000000001,3571.23,3846.183334
2023-04-10 22:00:00,1475.812,4013.42,3357.763,3620.709
2023-04-10 23:00:00,1243.248,3696.166,2941.62,3147.347667
2023-04-11 00:00:00,1066.291,3203.012,2541.508,2747.057
2023-04-11 01:00:00,931.26,2822.663,2247.030167,2407.072333
2023-04-11 02:00:00,867.917,2597.6059999999998,2143.772666,2191.974333
2023-04-11 03:00:00,819.182,2481.3959999999997,2020.988667,2139.7103339999994
2023-04-11 04:00:00,839.9950000000001,2500.305,2013.142166,2129.164667
2023-04-11 05:00:00,889.847,2618.091,2121.6485000000002,2241.202334
2023-04-11 06:00:00,967.2940000000001,2899.001,2333.9275,2438.587334
2023-04-11 07:00:00,1169.31,3343.974,2810.4835,2999.252
2023-04-11 08:00:00,1351.582,3708.437,3072.87,3364.194334
2023-04-11 09:00:00,1306.964,3695.5193329999997,3142.1890000000003,3314.634999
2023-04-11 10:00:00,1267.5770000000002,3548.975,2941.0094999999997,3164.757667
2023-04-11 11:00:00,1225.218,3523.6539999999995,2939.7585,3104.001334
2023-04-11 12:00:00,1163.313,3490.499667,2831.125,2998.375
2023-04-11 13:00:00,1187.6779999999999,3335.8630000000003,2718.5654999999997,2971.312
2023-04-11 14:00:00,1125.23,3274.924,2609.2110000000002,2852.389333
2023-04-11 15:00:00,1111.853,3135.315,2519.548,2694.569667
2023-04-11 16:00:00,1053.929,3077.614333,2476.882,2735.2073330000003
2023-04-11 17:00:00,1149.206,3244.6433340000003,2572.4680000000003,2813.2490000000003
2023-04-11 18:00:00,1251.124,3558.234,2836.621166,3117.508667
2023-04-11 19:00:00,1397.74,3768.7670000000003,2946.733,3439.7893329999997
2023-04-11 20:00:00,1492.426,3893.417,3304.3973340000002,3643.88
2023-04-11 21:00:00,1536.5459999999998,4086.603,3460.159667,3672.568666
2023-04-11 22:00:00,1429.825,3975.83,3216.727,3487.140334
2023-04-11 23:00:00,1250.1239999999998,3623.7259999999997,2923.849667,3055.734333
2023-04-12 00:00:00,1070.6689999999999,3218.838,2554.003334,2664.0676670000003
2023-04-12 01:00:00,936.015,2781.913,2249.615667,2360.5026669999997
2023-04-12 02:00:00,833.759,2607.3959999999997,2125.6109990000004,2197.817
2023-04-12 03:00:00,832.348,2612.397,2025.084334,2135.565
2023-04-12 04:00:00,836.348,2604.898,2058.431,2118.271
2023-04-12 05:00:00,873.686,2696.036,2218.223,2272.2566669999997
2023-04-12 06:00:00,988.394,2944.0170000000003,2476.163,2518.0663329999998
2023-04-12 07:00:00,1191.1770000000001,3377.491,2866.4350000000004,3091.975667
2023-04-12 08:00:00,1375.181,3772.7026669999996,3165.87,3466.168667
2023-04-12 09:00:00,1344.5030000000002,3867.937333,3334.682334,3469.0950009999997
2023-04-12 10:00:00,1314.3849999999998,3884.6369999999997,3237.719,3373.1279999999997
2023-04-12 11:00:00,1295.646,3798.414,3058.192332,3302.0576659999997
2023-04-12 12:00:00,1318.0749999999998,3741.601334,3021.7926669999997,3232.061001
2023-04-12 13:00:00,1312.0259999999998,3651.181667,2967.466,3141.383
2023-04-12 14:00:00,1171.151,3563.0643330000003,2920.6,2993.5243330000003
2023-04-12 15:00:00,1166.539,3449.6549999999997,2869.5950000000003,2889.412333
2023-04-12 16:00:00,1196.511,3432.3830000000003,2858.657,2942.331333
2023-04-12 17:00:00,1241.897,3593.353,2904.3266670000003,3137.001333
2023-04-12 18:00:00,1340.052,3908.2403329999997,3067.2936659999996,3299.6463329999997
2023-04-12 19:00:00,1426.623,3960.393,3295.862333,3531.8376670000002
2023-04-12 20:00:00,1479.898,4100.409333,3312.888,3847.545
2023-04-12 21:00:00,1537.0259999999998,4261.973667,3431.5519999999997,3772.813
2023-04-12 22:00:00,1441.859,4029.17,3264.897,3701.694668
2023-04-12 23:00:00,1237.2069999999999,3617.284667,2910.701,3278.289334
2023-04-13 00:00:00,1090.297,3201.045,2568.515,2812.3093339999996
2023-04-13 01:00:00,933.4,2903.741333,2319.293667,2532.9713330000004
2023-04-13 02:00:00,887.943,2762.9359999999997,2181.041001,2341.965667
2023-04-13 03:00:00,832.781,2725.547,2108.224666,2285.290333
2023-04-13 04:00:00,867.54,2717.6200000000003,2120.385666,2335.8040010000004
2023-04-13 05:00:00,928.506,2786.112333,2242.897,2387.795667
2023-04-13 06:00:00,1054.708,3101.335,2482.477334,2645.070667
2023-04-13 07:00:00,1192.683,3508.1839999999997,2811.116666,3131.036
2023-04-13 08:00:00,1384.427,3785.685,3018.1496660000003,3528.118333
2023-04-13 09:00:00,1324.6170000000002,3734.151,3133.966665,3436.738666
2023-04-13 10:00:00,1278.888,3621.2309999999998,2957.1106659999996,3145.1653340000003
2023-04-13 11:00:00,1293.946,3500.575,2812.539667,3058.556333
2023-04-13 12:00:00,1231.469,3386.3940000000002,2726.3286669999998,2947.8146669999996
2023-04-13 13:00:00,1181.467,3316.843333,2679.2799999999997,2887.8669999999997
2023-04-13 14:00:00,1143.3220000000001,3221.442,2596.572,2754.955333
2023-04-13 15:00:00,1049.461,3137.054667,2506.6229999999996,2610.2106670000003
2023-04-13 16:00:00,1091.501,3118.4133330000004,2508.181,2600.1073340000003
2023-04-13 17:00:00,1124.9650000000001,3204.4746670000004,2598.3469999999998,2729.6096669999997
2023-04-13 18:00:00,1216.469,3388.909667,2763.704,3043.5106669999996
2023-04-13 19:00:00,1288.313,3569.455,2989.867,3330.715001
2023-04-13 20:00:00,1398.5549999999998,3801.720667,3134.637,3502.098333
2023-04-13 21:00:00,1441.75,3934.7870000000003,3282.032,3512.6186669999997
2023-04-13 22:00:00,1298.6599999999999,3806.9930000000004,3167.7309999999998,3350.4750000000004
2023-04-13 23:00:00,1166.79,3427.681,2792.1536670000005,3032.486001
2023-04-14 00:00:00,1014.337,3115.335,2420.843334,2538.8996669999997
2023-04-14 01:00:00,888.16,2708.736,2195.2186659999998,2264.504334
2023-04-14 02:00:00,818.0529999999999,2522.634,2024.2436669999997,2157.990667
2023-04-14 03:00:00,812.4639999999999,2440.697,1973.520667,2092.3813339999997
2023-04-14 04:00:00,802.203,2486.951,1972.7036679999999,2059.351001
2023-04-14 05:00:00,860.9159999999999,2634.501,2112.254,2159.320667
2023-04-14 06:00:00,939.6659999999999,2890.253,2362.1853330000004,2491.170667
2023-04-14 07:00:00,1117.644,3367.3830000000003,2783.408333,2927.067666
2023-04-14 08:00:00,1323.21,3656.612,3076.5066669999997,3332.658333
2023-04-14 09:00:00,1258.1440000000002,3551.249,3066.630666,3265.121666
2023-04-14 10:00:00,1237.629,3413.1040000000003,2801.233333,3003.671
2023-04-14 11:00:00,1199.771,3240.426,2651.6823329999997,2832.168667
2023-04-14 12:00:00,1088.182,3097.6269999999995,2623.804,2709.5039990000005
2023-04-14 13:00:00,1073.9409999999998,2984.792,2555.9089999999997,2635.406668
2023-04-14 14:00:00,1009.5259999999998,2861.79,2442.834,2491.183333
2023-04-14 15:00:00,963.538,2759.482,2334.4669999999996,2430.511668
2023-04-14 16:00:00,996.591,2709.712,2334.995,2337.463667
2023-04-14 17:00:00,1023.102,2962.821,2414.926,2515.5213329999997
2023-04-14 18:00:00,1097.3629999999998,3108.053,2546.707,2660.9896660000004
2023-04-14 19:00:00,1180.057,3235.149,2643.615334,2798.4936669999997
2023-04-14 20:00:00,1218.014,3361.204,2706.471332,2863.723667
2023-04-14 21:00:00,1293.663,3441.344,2784.726999,2929.450334
2023-04-14 22:00:00,1245.458,3356.994,2665.327999,2913.7036660000003
2023-04-14 23:00:00,1087.493,3122.0,2494.3070000000002,2658.730333
2023-04-15 00:00:00,957.307,2835.509,2200.1533339999996,2386.638
2023-04-15 01:00:00,865.779,2573.8109999999997,1977.3406670000002,2174.2173330000005
2023-04-15 02:00:00,810.885,2368.92,1851.6723339999999,1987.4266670000002
2023-04-15 03:00:00,759.387,2270.7129999999997,1805.3886670000002,1963.002
2023-04-15 04:00:00,756.857,2271.621,1831.047667,1922.7393339999999
2023-04-15 05:00:00,806.588,2350.966,1868.9940000000001,1968.968667
2023-04-15 06:00:00,830.134,2477.072,1981.335,2125.731667
2023-04-15 07:00:00,938.111,2821.547,2195.1310000000003,2431.116333
2023-04-15 08:00:00,1126.909,3199.594,2575.3329999999996,2785.9153340000003
2023-04-15 09:00:00,1198.8270000000002,3459.938,2866.601,3123.879333
2023-04-15 10:00:00,1246.182,3622.928,2975.393,3093.799333
2023-04-15 11:00:00,1341.689,3613.967,3060.352334,3148.177667
2023-04-15 12:00:00,1318.446,3574.242,3016.7263329999996,3149.366333
2023-04-15 13:00:00,1291.027,3607.8419999999996,2871.262,3076.7200000000003
2023-04-15 14:00:00,1232.442,3340.734,2669.793,3020.967334
2023-04-15 15:00:00,1118.7419999999997,3304.945,2572.1349999999998,2836.9036669999996
2023-04-15 16:00:00,1188.344,3145.534,2576.7889999999998,2777.166
2023-04-15 17:00:00,1098.6440000000002,3111.141,2582.972667,2810.212333
2023-04-15 18:00:00,1184.5370000000003,3240.447,2629.009999,2923.4849999999997
2023-04-15 19:00:00,1309.7600000000002,3317.4970000000003,2711.3459999999995,3045.254666
2023-04-15 20:00:00,1315.955,3387.218,2818.737666,3130.5159999999996
2023-04-15 21:00:00,1260.931,3501.486,2788.031,3088.969
2023-04-15 22:00:00,1237.7759999999998,3413.147,2705.469666,2994.628333
2023-04-15 23:00:00,1076.393,3090.4480000000003,2527.142,2752.5253329999996
2023-04-16 00:00:00,936.473,2786.427,2247.487333,2370.4293340000004
2023-04-16 01:00:00,826.329,2489.849,1960.534,2101.1913329999998
2023-04-16 02:00:00,745.127,2291.7610000000004,1819.29,1920.581334
2023-04-16 03:00:00,732.745,2207.04,1738.7089999999998,1815.713667
2023-04-16 04:00:00,701.591,2154.9790000000003,1676.962333,1757.510667
2023-04-16 05:00:00,705.558,2171.116,1683.262,1779.5973330000002
2023-04-16 06:00:00,738.223,2269.4220000000005,1735.648333,1867.743334
2023-04-16 07:00:00,830.006,2458.245,1898.212,2090.1459999999997
2023-04-16 08:00:00,959.838,2900.554,2256.048,2458.502668
2023-04-16 09:00:00,1137.2730000000001,3287.9390000000003,2678.5190000000002,2861.5806669999997
2023-04-16 10:00:00,1295.8020000000001,3542.361,2942.775,3112.2563330000003
2023-04-16 11:00:00,1368.147,3821.4139999999998,3085.3450000000003,3350.914999
2023-04-16 12:00:00,1444.7779999999998,3977.444,3155.0110000000004,3391.912667
2023-04-16 13:00:00,1444.7240000000002,4016.152,3196.881,3434.789334
2023-04-16 14:00:00,1405.027,3798.428,3236.111,3385.850667
2023-04-16 15:00:00,1406.086,3809.648,3175.652,3415.328333
2023-04-16 16:00:00,1440.781,3815.4030000000002,3137.999,3424.3100000000004
2023-04-16 17:00:00,1399.527,3875.199,3180.366,3524.793334
2023-04-16 18:00:00,1452.902,4048.4880000000003,3239.552,3650.013333
2023-04-16 19:00:00,1531.232,4032.013,3313.285,3740.897666
2023-04-16 20:00:00,1565.4,4154.581,3470.499,3781.666333
2023-04-16 21:00:00,1611.766,4246.101,3559.4259999999995,3795.922334
2023-04-16 22:00:00,1464.736,4086.0299999999997,3373.15,3608.8260010000004
2023-04-16 23:00:00,1260.757,3687.7419999999997,2923.924333,3163.142667
2023-04-17 00:00:00,1052.6779999999999,3194.067,2508.392666,2710.776001
2023-04-17 01:00:00,908.49,2790.084,2179.870333,2365.862
2023-04-17 02:00:00,826.0889999999999,2538.897,2038.7456679999998,2121.846333
2023-04-17 03:00:00,792.5050000000001,2497.88,1970.918333,2021.371333
2023-04-17 04:00:00,793.542,2498.2080000000005,1941.353,2068.888667
2023-04-17 05:00:00,843.251,2574.7110000000002,2043.524334,2144.776333
2023-04-17 06:00:00,954.049,2862.772,2265.462333,2394.913333
2023-04-17 07:00:00,1150.4409999999998,3283.0389999999998,2677.503667,2828.639334
2023-04-17 08:00:00,1302.2800000000002,3578.582,2917.298667,3131.705
2023-04-17 09:00:00,1242.195,3490.5020000000004,2912.344,3099.465
2023-04-17 10:00:00,1137.88,3286.541,2760.1490000000003,2975.573667
2023-04-17 11:00:00,1236.078,3260.0779999999995,2733.426,2875.32
2023-04-17 12:00:00,1276.9119999999998,3437.8059999999996,2772.4489999999996,3040.861334
2023-04-17 13:00:00,1273.903,3577.5860000000002,2804.577333,3112.857667
2023-04-17 14:00:00,1267.3899999999999,3573.594,2808.496,3171.302
2023-04-17 15:00:00,1240.404,3448.1240000000003,2686.447,3054.7196670000003
2023-04-17 16:00:00,1173.301,3448.273,2731.825,2977.150001
2023-04-17 17:00:00,1295.0659999999998,3610.196,2930.094,3237.473333
2023-04-17 18:00:00,1456.0240000000001,4078.37,3192.3050000000003,3647.0190000000002
2023-04-17 19:00:00,1594.269,4345.886,3536.46,3906.129
2023-04-17 20:00:00,1567.79,4327.031999999999,3572.430333,3971.400334
2023-04-17 21:00:00,1648.433,4399.399667,3613.209667,3904.8613339999997
2023-04-17 22:00:00,1503.324,4341.215333,3385.2893329999997,3703.133
2023-04-17 23:00:00,1267.7649999999999,3802.938,3002.5116669999998,3383.2146669999997
2023-04-18 00:00:00,1114.595,3308.361,2612.633667,2894.709666
2023-04-18 01:00:00,1000.886,2993.714,2403.402666,2561.4300000000003
2023-04-18 02:00:00,918.651,2828.857,2296.526,2403.5786669999998
2023-04-18 03:00:00,883.344,2729.933,2171.079667,2297.547334
2023-04-18 04:00:00,873.846,2737.1940000000004,2163.544,2275.914999
2023-04-18 05:00:00,919.704,2853.7210000000005,2264.378,2346.132334
2023-04-18 06:00:00,1036.9250000000002,3090.541,2554.004667,2614.592334
2023-04-18 07:00:00,1217.8999999999999,3477.139,2996.1926670000003,3152.5843330000002
2023-04-18 08:00:00,1401.115,3838.618,3262.300333,3538.470667
2023-04-18 09:00:00,1376.888,3826.402,3216.218333,3497.811333
2023-04-18 10:00:00,1329.013,3666.7740000000003,2976.867,3225.2186679999995
2023-04-18 11:00:00,1286.085,3522.388666,2946.799,3220.2150009999996
2023-04-18 12:00:00,1239.91,3540.152666,2931.2209999999995,3105.1949999999997
2023-04-18 13:00:00,1239.609,3488.403,2778.6310000000003,3024.679667
2023-04-18 14:00:00,1214.047,3357.222,2708.047,2903.259666
2023-04-18 15:00:00,1188.776,3338.695,2748.3990000000003,3052.486
2023-04-18 16:00:00,1182.768,3526.4310000000005,2822.752098,3121.4496670000003
2023-04-18 17:00:00,1344.094,3697.292,3044.234466,3349.251334
2023-04-18 18:00:00,1487.867,4071.583,3355.8895970000003,3679.652333
2023-04-18 19:00:00,1567.018,4250.831,3486.600066,3859.388333
2023-04-18 20:00:00,1630.741,4333.195,3692.1060319999997,4030.0473330000004
2023-04-18 21:00:00,1620.319,4434.581,3688.1094650000005,3946.100333
2023-04-18 22:00:00,1423.4700000000003,4139.892,3393.1138309999997,3695.977667
2023-04-18 23:00:00,1228.193,3683.478,3004.512599,3287.691667
2023-04-19 00:00:00,1081.501,3272.438667,2615.405801,2789.695334
2023-04-19 01:00:00,966.6460000000001,2972.233666,2287.8080959999998,2520.6710000000003
2023-04-19 02:00:00,898.347,2741.8900000000003,2159.601797,2338.079
2023-04-19 03:00:00,841.9929999999999,2623.4970000000003,2060.086166,2249.780667
2023-04-19 04:00:00,852.096,2599.1589999999997,2077.879499,2231.658334
2023-04-19 05:00:00,872.8140000000001,2714.5820000000003,2238.1495990000003,2284.691
2023-04-19 06:00:00,979.348,2957.8900000000003,2472.4390989999997,2581.718
2023-04-19 07:00:00,1155.259,3339.7780000000002,2763.198697,3128.499
2023-04-19 08:00:00,1346.463,3671.2700000000004,3039.290798,3458.368001
2023-04-19 09:00:00,1367.253,3821.389333,3194.414799,3450.835
2023-04-19 10:00:00,1290.824,3754.8276669999996,3121.667899,3261.7063329999996
2023-04-19 11:00:00,1310.5010000000002,3687.075667,3044.004399,3228.396666
2023-04-19 12:00:00,1299.12,3626.6333329999998,2944.856798,3188.212667
2023-04-19 13:00:00,1254.761,3535.128667,2938.672566,3112.131
2023-04-19 14:00:00,1267.259,3401.311,2812.9528309999996,3091.442666
2023-04-19 15:00:00,1194.4320000000002,3396.316667,2690.8346659999997,2931.404
2023-04-19 16:00:00,1266.0320000000002,3474.9219999999996,2780.865331,3108.7573329999996
2023-04-19 17:00:00,1300.1350000000002,3680.251333,2924.858599,3135.7349999999997
2023-04-19 18:00:00,1383.44,3903.638333,3050.863498,3335.930333
2023-04-19 19:00:00,1501.5710000000001,4087.452,3247.5405969999997,3616.447335
2023-04-19 20:00:00,1496.962,4246.660333,3386.236728,3724.2239999999997
2023-04-19 21:00:00,1531.478,4263.205666999999,3494.3448989999997,3774.388667
2023-04-19 22:00:00,1463.2630000000001,4176.348333,3435.0392309999997,3674.263
2023-04-19 23:00:00,1291.758,3796.657,3075.397795,3334.9243340000003
2023-04-20 00:00:00,1122.9569999999999,3341.107999,2698.9742960000003,2823.1589999999997
2023-04-20 01:00:00,979.7470000000001,2945.733333,2388.148362,2570.251333
2023-04-20 02:00:00,921.679,2847.99,2273.267033,2447.702
2023-04-20 03:00:00,904.418,2810.865,2193.0141649999996,2366.951001
2023-04-20 04:00:00,919.225,2848.337,2234.313165,2433.840334
2023-04-20 05:00:00,954.44,2978.901,2374.5783659999997,2548.3453339999996
2023-04-20 06:00:00,1065.924,3255.9300000000003,2585.686497,2825.979666
2023-04-20 07:00:00,1248.3359999999998,3676.9139999999998,3039.875998,3201.323333
2023-04-20 08:00:00,1422.1309999999999,3899.8219999999997,3316.368798,3614.529667
2023-04-20 09:00:00,1435.9989999999998,3882.122667,3339.282799,3567.7706660000003
2023-04-20 10:00:00,1353.3029999999999,3848.528,3162.616498,3401.2079999999996
2023-04-20 11:00:00,1340.7269999999999,3788.8060000000005,3140.259099,3259.662333
2023-04-20 12:00:00,1324.5320000000002,3730.239667,3085.701999,3250.1036670000003
2023-04-20 13:00:00,1362.481,3694.973,3068.6745309999997,3301.466667
2023-04-20 14:00:00,1330.4989999999998,3694.77,2988.058997,3287.806333
2023-04-20 15:00:00,1299.723,3608.276,2968.236298,3270.991333
2023-04-20 16:00:00,1329.319,3782.655,3162.268733,3374.585666
2023-04-20 17:00:00,1482.675,4108.322,3404.352296,3652.084667
2023-04-20 18:00:00,1538.461,4329.4130000000005,3652.252231,3846.545999
2023-04-20 19:00:00,1559.956,4465.277,3780.526666,3976.747334
2023-04-20 20:00:00,1594.005,4465.441,3752.119698,4017.321
2023-04-20 21:00:00,1601.1820000000002,4377.951,3762.932097,3989.277666
2023-04-20 22:00:00,1463.608,4222.688,3448.0190979999998,3730.564667
2023-04-20 23:00:00,1283.136,3685.787,3003.189297,3290.2349999999997
2023-04-21 00:00:00,1098.1660000000002,3226.703,2620.1706990000002,2878.2873339999996
2023-04-21 01:00:00,979.582,2899.4750000000004,2234.503498,2543.6790009999995
2023-04-21 02:00:00,900.6139999999999,2649.248,2074.6148989999997,2327.245
2023-04-21 03:00:00,849.177,2522.446,1994.757998,2222.987334
2023-04-21 04:00:00,846.668,2516.632,1983.40803,2120.7616669999998
2023-04-21 05:00:00,862.047,2535.8689999999997,2045.213729,2169.0786669999998
2023-04-21 06:00:00,974.4580000000001,2748.473,2244.686197,2420.025667
2023-04-21 07:00:00,1153.2469999999998,3164.859,2623.163667,2832.278666
2023-04-21 08:00:00,1293.723,3472.157,2895.7974649999996,3191.9619999999995
2023-04-21 09:00:00,1280.309,3455.3190000000004,2954.9405990000005,3226.885333
2023-04-21 10:00:00,1202.843,3380.629,2793.20883,2971.966668
2023-04-21 11:00:00,1177.353,3255.685,2705.3533319999997,2863.309667
2023-04-21 12:00:00,1167.52,3190.831,2637.833099,2882.747
2023-04-21 13:00:00,1049.121,3056.224,2602.226797,2718.421
2023-04-21 14:00:00,1100.2600000000002,2938.6899999999996,2553.056899,2666.8059999999996
2023-04-21 15:00:00,1111.784,2947.2490000000003,2553.255898,2670.846334
2023-04-21 16:00:00,1100.713,3079.0200000000004,2595.4063,2712.43
2023-04-21 17:00:00,1212.599,3225.5203330000004,2791.502197,2849.4146659999997
2023-04-21 18:00:00,1261.488,3438.701,2929.87673,3033.784666
2023-04-21 19:00:00,1265.6409999999998,3428.879,3009.670532,3111.541333
2023-04-21 20:00:00,1295.489,3549.3766669999995,2923.1622310000002,3141.500667
2023-04-21 21:00:00,1289.6940000000002,3545.706667,3014.040631,3164.7003339999997
2023-04-21 22:00:00,1232.851,3417.878333,2867.0765330000004,3025.1056659999995
2023-04-21 23:00:00,1142.8470000000002,3186.213,2591.647365,2845.909333
2023-04-22 00:00:00,1010.238,2883.977,2267.901799,2500.667334
2023-04-22 01:00:00,899.176,2571.724,2005.4516320000002,2178.314
2023-04-22 02:00:00,783.005,2319.688,1810.302798,1984.1830000000002
2023-04-22 03:00:00,737.62,2209.026,1706.228764,1879.1840000000002
2023-04-22 04:00:00,724.929,2182.1220000000003,1690.1398960000001,1791.554667
2023-04-22 05:00:00,736.697,2131.563,1716.990266,1798.715667
2023-04-22 06:00:00,784.953,2256.687,1788.5892000000001,1916.879
2023-04-22 07:00:00,868.878,2433.838,1967.937999,2150.855667
2023-04-22 08:00:00,996.674,2813.522,2355.007366,2474.6930009999996
2023-04-22 09:00:00,1128.1570000000002,3150.157,2687.936364,2791.803667
2023-04-22 10:00:00,1212.276,3433.6490000000003,2869.770334,3062.087
2023-04-22 11:00:00,1231.738,3489.0860000000002,2860.915065,3159.453334
2023-04-22 12:00:00,1266.335,3379.2789999999995,2748.526267,3008.951333
2023-04-22 13:00:00,1246.037,3225.411,2591.147999,2885.768333
2023-04-22 14:00:00,1132.453,3018.152,2504.1957,2726.161166
2023-04-22 15:00:00,1065.497,2941.056,2380.226899,2542.8644999999997
2023-04-22 16:00:00,1021.1540000000001,2857.393,2310.748599,2554.021167
2023-04-22 17:00:00,1062.598,2903.36,2396.084199,2641.6185
2023-04-22 18:00:00,1152.621,2941.4220000000005,2500.558563,2758.181
2023-04-22 19:00:00,1235.28,3088.889,2555.036363,2812.375167
2023-04-22 20:00:00,1199.0569999999998,3047.545,2582.9764320000004,2825.2495
2023-04-22 21:00:00,1209.394,3175.942,2590.0584,2769.545834
2023-04-22 22:00:00,1139.16,3005.8360000000002,2432.0381979999997,2750.6539999999995
2023-04-22 23:00:00,1020.186,2797.866,2267.644366,2449.3491670000003
2023-04-23 00:00:00,885.047,2542.156,2008.770931,2154.694167
2023-04-23 01:00:00,777.575,2160.518,1786.6965969999999,1852.401001
2023-04-23 02:00:00,708.337,1911.975,1562.816796,1665.936667
2023-04-23 03:00:00,647.37,1799.9029999999998,1449.398599,1596.064667
2023-04-23 04:00:00,632.0609999999999,1776.4,1389.1444979999999,1522.8985
2023-04-23 05:00:00,620.788,1743.9630000000002,1411.2542979999998,1505.105334
2023-04-23 06:00:00,651.51,1808.9700000000003,1449.956799,1585.827
2023-04-23 07:00:00,734.113,1964.118,1620.3452980000002,1766.2694999999999
2023-04-23 08:00:00,888.3489999999999,2318.4539999999997,1896.2371990000001,2108.031167
2023-04-23 09:00:00,1062.499,2748.931,2323.55253,2453.335
2023-04-23 10:00:00,1164.7220000000002,3167.772,2626.622031,2826.1814999999997
2023-04-23 11:00:00,1249.514,3418.469,2806.718364,3065.7335
2023-04-23 12:00:00,1327.7839999999999,3531.595,2953.996398,3143.125
2023-04-23 13:00:00,1331.314,3548.197,2951.984298,3224.339
2023-04-23 14:00:00,1351.562,3439.1240000000003,2884.781797,3209.2616669999998
2023-04-23 15:00:00,1291.4119999999998,3487.899,2847.2927999999997,3117.6216679999998
2023-04-23 16:00:00,1311.245,3469.107,2890.084297,3098.5045
2023-04-23 17:00:00,1308.4470000000001,3555.61,2994.2950979999996,3190.9519999999998
2023-04-23 18:00:00,1473.6640000000002,3789.65,3138.836997,3496.3025
2023-04-23 19:00:00,1543.941,3885.651,3240.981099,3563.611
2023-04-23 20:00:00,1516.144,3899.793,3299.4584969999996,3658.439667
2023-04-23 21:00:00,1549.632,3884.941,3243.3239980000003,3623.624667
2023-04-23 22:00:00,1404.482,3659.1490000000003,3122.198698,3341.3761670000004
2023-04-23 23:00:00,1206.314,3330.9660000000003,2714.602498,2906.4756669999997
2023-04-24 00:00:00,994.254,2840.086,2311.1741970000003,2474.061667
2023-04-24 01:00:00,895.519,2541.943,2067.108499,2169.814
2023-04-24 02:00:00,794.979,2281.4750000000004,1831.938232,1955.5684999999999
2023-04-24 03:00:00,744.825,2175.416,1718.2703310000002,1830.6218330000002
2023-04-24 04:00:00,754.148,2161.685,1699.505099,1807.045166
2023-04-24 05:00:00,795.93,2229.016,1824.059398,1891.7286669999999
2023-04-24 06:00:00,880.4490000000001,2435.155,2032.071797,2147.2625
2023-04-24 07:00:00,1094.263,2855.427,2396.111,2616.155667
2023-04-24 08:00:00,1221.666,3199.6059999999998,2652.388296,2958.626
2023-04-24 09:00:00,1208.7060000000001,3224.232,2653.718499,2897.387666
2023-04-24 10:00:00,1103.817,3114.926,2501.296732,2828.3469999999998
2023-04-24 11:00:00,1122.644,3086.082,2506.0021979999997,2654.196167
2023-04-24 12:00:00,1122.162,3081.973,2584.872597,2720.861001
2023-04-24 13:00:00,1030.284,3029.9779999999996,2517.1772979999996,2582.653833
2023-04-24 14:00:00,1006.7790000000001,2834.246,2378.9871970000004,2521.123667
2023-04-24 15:00:00,997.406,2777.785,2344.7798980000002,2534.227833
2023-04-24 16:00:00,1033.603,2920.321,2463.666299,2561.409
2023-04-24 17:00:00,1090.768333,3184.7349999999997,2584.157297,2721.6935000000003
2023-04-24 18:00:00,1225.58,3534.983,2749.2397,3008.5505
2023-04-24 19:00:00,1362.293333,3579.295,2946.773498,3281.963166
2023-04-24 20:00:00,1403.775,3609.275,2966.1140969999997,3355.6226669999996
2023-04-24 21:00:00,1450.5010000000002,3715.058,3071.935198,3382.3048329999997
2023-04-24 22:00:00,1341.900333,3580.812,2895.947298,3135.934167
2023-04-24 23:00:00,1120.443333,3075.523,2546.268497,2778.904667
2023-04-25 00:00:00,916.0566670000001,2756.466,2228.9944990000004,2368.5778330000003
2023-04-25 01:00:00,827.0846670000001,2436.808,1915.361098,2043.0209999999997
2023-04-25 02:00:00,789.697666,2195.7969999999996,1806.790064,1883.3584999999998
2023-04-25 03:00:00,753.305667,2216.505,1745.737498,1821.8480009999998
2023-04-25 04:00:00,744.2603330000001,2250.498,1718.9620989999999,1799.7060020000001
2023-04-25 05:00:00,791.7553330000001,2344.166666,1889.1912310000002,1884.8355000000001
2023-04-25 06:00:00,900.780667,2563.221667,2101.144632,2176.9804999999997
2023-04-25 07:00:00,1134.036333,2979.556666,2552.923164,2622.783332
2023-04-25 08:00:00,1236.906,3241.3860000000004,2763.603232,2931.905333
2023-04-25 09:00:00,1158.4940000000001,3212.238,2645.9496950000002,2886.325
2023-04-25 10:00:00,1109.6260000000002,3060.780667,2416.419167,2697.932666
2023-04-25 11:00:00,1063.644,2903.553,2293.2487650000003,2546.4601660000003
2023-04-25 12:00:00,1014.5870000000001,2749.4610000000002,2261.3392639999997,2434.726999
2023-04-25 13:00:00,981.998,2673.941,2224.035531,2408.767334
2023-04-25 14:00:00,918.659,2581.884,2080.12143,2225.6240000000003
2023-04-25 15:00:00,898.1379999999999,2545.4269999999997,1939.2553990000001,2113.918334
2023-04-25 16:00:00,899.3100000000001,2567.273,2098.1445969999995,2208.957667
2023-04-25 17:00:00,1001.315,2710.8100000000004,2210.126264,2333.3705
2023-04-25 18:00:00,1099.605,2841.873,2376.401266,2451.869001
2023-04-25 19:00:00,1153.467,3022.398,2549.1360640000003,2684.125666
2023-04-25 20:00:00,1246.7160000000001,3209.499,2631.237931,2916.3060000000005
2023-04-25 21:00:00,1288.009,3259.423,2797.820933,3003.942167
2023-04-25 22:00:00,1243.243,3268.024,2724.8914649999997,2888.0821670000005
2023-04-25 23:00:00,1065.4830000000002,2849.3,2293.7463979999998,2506.176
2023-04-26 00:00:00,869.288,2377.2650000000003,1981.545798,2102.9836670000004
2023-04-26 01:00:00,738.206,2104.45,1691.7805329999999,1831.4595
2023-04-26 02:00:00,693.6800000000001,1942.35,1552.573298,1662.798335
2023-04-26 03:00:00,680.3589999999999,1859.283,1485.171998,1557.588833
2023-04-26 04:00:00,669.998,1882.2930000000001,1490.521399,1552.301
2023-04-26 05:00:00,714.144,1975.5079999999998,1583.684898,1635.775001
2023-04-26 06:00:00,819.3489999999999,2215.08,1827.6707650000003,1871.0029989999998
2023-04-26 07:00:00,981.913,2585.828,2149.66633,2300.270334
2023-04-26 08:00:00,1066.9279999999999,2891.114,2453.200996,2659.298501
2023-04-26 09:00:00,1062.967,2877.654,2408.020699,2625.166501
2023-04-26 10:00:00,997.806,2785.4539999999997,2264.745463,2461.089833
2023-04-26 11:00:00,946.1400000000001,2677.524,2218.900331,2362.802
2023-04-26 12:00:00,930.192,2474.236,2102.726698,2241.1711670000004
2023-04-26 13:00:00,906.2049999999999,2423.821,1978.649163,2215.469167
2023-04-26 14:00:00,893.749,2328.1499999999996,1961.3299670000001,2070.282
2023-04-26 15:00:00,834.6469999999999,2292.352,2001.633898,1990.215167
2023-04-26 16:00:00,904.618,2387.433,2026.345297,2078.96
2023-04-26 17:00:00,1000.394,2506.474,2121.309365,2292.538667
2023-04-26 18:00:00,1064.8890000000001,2710.5170000000003,2298.8217299999997,2474.8878330000002
2023-04-26 19:00:00,1147.07,2930.074,2503.0546640000002,2679.0240000000003
2023-04-26 20:00:00,1232.3470000000002,3048.017,2553.001864,2860.249999
2023-04-26 21:00:00,1235.209,3153.894,2626.302565,2851.419001
2023-04-26 22:00:00,1230.921,3026.782,2607.439131,2742.7331670000003
2023-04-26 23:00:00,1021.0730000000001,2696.79,2295.0628640000004,2414.4195
2023-04-27 00:00:00,843.2710000000001,2248.9440000000004,1853.465366,1965.906167
2023-04-27 01:00:00,704.377,1846.041667,1567.990532,1671.652499
2023-04-27 02:00:00,639.892,1635.8980000000001,1386.0988619999998,1500.354667
2023-04-27 03:00:00,605.0113329999999,1566.278333,1292.27613,1440.064167
2023-04-27 04:00:00,578.010333,1572.7346670000002,1281.153132,1376.055667
2023-04-27 05:00:00,593.257333,1609.124667,1343.257964,1435.2640000000001
2023-04-27 06:00:00,674.964667,1832.364333,1495.8299980000002,1630.011833
2023-04-27 07:00:00,823.6476670000001,2221.425333,1845.813595,2005.4881679999999
2023-04-27 08:00:00,994.5973329999999,2454.338667,2092.684131,2392.1369999999997
2023-04-27 09:00:00,981.22,2505.5299999999997,2042.743232,2328.249668
2023-04-27 10:00:00,913.081333,2467.111,1998.656864,2229.7309999999998
2023-04-27 11:00:00,903.9250000000001,2351.621,1949.285031,2170.317834
2023-04-27 12:00:00,905.689,2344.156,1952.119096,2137.8903339999997
2023-04-27 13:00:00,895.359,2318.326,1889.7198979999998,2109.146833
2023-04-27 14:00:00,856.520667,2295.583,1925.291866,2127.224333
2023-04-27 15:00:00,863.269,2340.1953329999997,1906.8750639999998,2029.673333
2023-04-27 16:00:00,862.443,2383.171667,2069.089497,2096.977833
2023-04-27 17:00:00,949.231,2639.531,2236.058131,2353.959667
2023-04-27 18:00:00,1093.3179999999998,2844.4053329999997,2460.5939639999997,2621.257
2023-04-27 19:00:00,1158.779,3053.725333,2636.7617649999997,2716.3725
2023-04-27 20:00:00,1257.938,3090.6603330000003,2718.625665,2788.173
2023-04-27 21:00:00,1305.995,3138.6036670000003,2852.84,2919.099333
2023-04-27 22:00:00,1203.7359999999999,3113.193333,2688.6788640000004,2769.860834
2023-04-27 23:00:00,1035.125,2727.267,2277.985498,2435.4343339999996
2023-04-28 00:00:00,861.229,2249.1553339999996,1899.7061979999999,2054.113167
2023-04-28 01:00:00,720.428,1916.623,1576.079097,1711.725
2023-04-28 02:00:00,644.0250000000001,1650.7,1401.054331,1550.2028340000002
2023-04-28 03:00:00,584.7629999999999,1524.804,1318.525864,1422.473833
2023-04-28 04:00:00,568.277,1531.2306670000003,1259.156163,1370.815
2023-04-28 05:00:00,576.3130000000001,1530.5720000000001,1304.921799,1396.976834
2023-04-28 06:00:00,648.12,1674.736333,1399.428931,1544.1725
2023-04-28 07:00:00,782.1189999999999,2006.1023330000003,1691.2559310000001,1806.554
2023-04-28 08:00:00,924.9730000000001,2312.874667,1911.212533,2162.730667
2023-04-28 09:00:00,963.7260000000001,2362.030333,1918.560632,2240.491833
2023-04-28 10:00:00,907.226,2378.659,2023.227632,2226.438168
2023-04-28 11:00:00,929.8050000000001,2353.467667,2003.786865,2253.4658329999997
2023-04-28 12:00:00,928.0450000000001,2428.6403330000003,2023.4357300000001,2268.5875
2023-04-28 13:00:00,946.7570000000001,2559.621,2105.389696,2240.0615
2023-04-28 14:00:00,987.3689999999999,2585.242333,2198.983265,2312.2704999999996
2023-04-28 15:00:00,997.2539999999999,2723.186333,2331.502098,2347.043001
2023-04-28 16:00:00,1077.958,2858.2169999999996,2502.099467,2522.747667
2023-04-28 17:00:00,1201.859,3155.570667,2787.164197,2745.246
2023-04-28 18:00:00,1307.816,3400.429333,2958.6694310000003,2951.7219999999998
2023-04-28 19:00:00,1291.8039999999999,3491.739667,3023.385864,3106.072
2023-04-28 20:00:00,1272.5810000000001,3438.8596669999997,2957.421199,3061.0246669999997
2023-04-28 21:00:00,1306.3239999999998,3333.053333,2877.79853,3025.375
2023-04-28 22:00:00,1282.4279999999999,3236.2709999999997,2723.796932,2890.984
2023-04-28 23:00:00,1130.7330000000002,2850.914,2386.917964,2636.093667
2023-04-29 00:00:00,968.1329999999999,2517.2566669999997,2077.144165,2253.4520009999997
2023-04-29 01:00:00,832.0799999999999,2129.3436669999996,1734.878398,1862.673167
2023-04-29 02:00:00,723.542,1883.326,1511.866332,1655.0336670000002
2023-04-29 03:00:00,639.8609999999999,1686.599667,1392.2232649999999,1507.530001
2023-04-29 04:00:00,605.779,1618.591,1307.284597,1412.998667
2023-04-29 05:00:00,594.116,1559.42,1258.093232,1372.003834
2023-04-29 06:00:00,595.613,1586.266667,1275.110532,1419.7403329999997
2023-04-29 07:00:00,718.1949999999999,1722.46,1416.8700330000001,1591.223
2023-04-29 08:00:00,864.248,2107.107333,1727.964663,1938.854
2023-04-29 09:00:00,978.5379999999999,2428.702667,2022.632333,2304.8176670000003
2023-04-29 10:00:00,1011.066,2743.249,2124.4917649999998,2398.427001
2023-04-29 11:00:00,1082.979,2809.2926669999997,2227.933099,2425.556334
2023-04-29 12:00:00,1115.516,2830.761667,2355.733464,2575.9596659999997
2023-04-29 13:00:00,1101.7350000000001,2947.4026670000003,2428.275231,2619.565
2023-04-29 14:00:00,1157.146,3001.705667,2555.917731,2680.585
2023-04-29 15:00:00,1223.679,3101.058,2635.936498,2771.770001
2023-04-29 16:00:00,1246.6570000000002,3162.909,2759.388965,2794.745667
2023-04-29 17:00:00,1326.816,3285.5083329999998,2838.847331,2907.5780000000004
2023-04-29 18:00:00,1396.9969999999998,3407.762333,2972.6007950000003,3087.253667
2023-04-29 19:00:00,1386.292,3400.549333,2983.5636649999997,3085.751334
2023-04-29 20:00:00,1346.494,3289.253334,2874.4654330000003,2975.487
2023-04-29 21:00:00,1319.6280000000002,3267.180667,2924.7041630000003,2949.14
2023-04-29 22:00:00,1242.521334,3117.817333,2774.0181979999998,2896.877
2023-04-29 23:00:00,1078.733,2883.874,2439.878395,2581.055667
2023-04-30 00:00:00,941.8763329999999,2399.050667,2044.1540650000002,2160.978
2023-04-30 01:00:00,790.708,2063.722666,1699.8412990000002,1807.8686670000002
2023-04-30 02:00:00,683.49,1799.014666,1449.051798,1599.745667
2023-04-30 03:00:00,627.691,1601.449,1323.463464,1480.449
2023-04-30 04:00:00,587.265,1515.392334,1235.152131,1401.0339999999999
2023-04-30 05:00:00,583.6949999999999,1508.432,1229.000966,1367.783333
2023-04-30 06:00:00,577.3810000000001,1545.215333,1219.822099,1399.616
2023-04-30 07:00:00,646.583,1671.499667,1324.5631309999999,1543.7183329999998
2023-04-30 08:00:00,738.461,2014.352333,1573.144933,1820.8486670000002
2023-04-30 09:00:00,890.799,2452.439667,1968.453398,2146.02
2023-04-30 10:00:00,1035.182,2772.3406670000004,2252.650331,2446.832334
2023-04-30 11:00:00,1136.218,2836.596667,2287.0645640000002,2566.5366670000003
2023-04-30 12:00:00,1092.495,2961.7749999999996,2357.7988960000002,2643.2309999999998
2023-04-30 13:00:00,1106.181,2970.1899999999996,2411.4698980000003,2548.974
2023-04-30 14:00:00,1069.313,2887.408333,2368.017965,2603.929333
2023-04-30 15:00:00,1076.894,2862.027,2342.631832,2641.6526670000003
2023-04-30 16:00:00,1080.163,2865.053333,2397.787264,2552.190667
2023-04-30 17:00:00,1154.703,2947.3019999999997,2484.148165,2699.008
2023-04-30 18:00:00,1177.8529999999998,3031.444667,2589.262631,2852.9933330000003
2023-04-30 19:00:00,1264.924,3165.525333,2643.390265,2895.3513329999996
2023-04-30 20:00:00,1220.274,3216.2799999999997,2691.748033,2976.276
2023-04-30 21:00:00,1264.48,3309.8630000000003,2837.4016659999998,3021.2903340000003
2023-04-30 22:00:00,1248.047,3198.8773330000004,2701.925029,2900.9760000000006
2023-04-30 23:00:00,1053.9720000000002,2683.577,2307.484698,2463.179
2023-05-01 00:00:00,863.83,2261.260666,1889.432664,2011.862
2023-05-01 01:00:00,712.174,1957.513,1582.108596,1719.744667
2023-05-01 02:00:00,645.295,1733.565667,1379.825498,1517.250333
2023-05-01 03:00:00,599.386,1597.3509999999999,1294.773729,1406.526667
2023-05-01 04:00:00,590.738,1616.852667,1267.498998,1372.4210000000003
2023-05-01 05:00:00,596.239,1681.5610000000001,1336.091931,1437.217
2023-05-01 06:00:00,679.5409999999999,1853.854,1552.2762309999998,1598.7890000000002
2023-05-01 07:00:00,814.168,2178.387667,1885.964665,1973.566
2023-05-01 08:00:00,965.226,2467.030333,2120.833466,2352.126
2023-05-01 09:00:00,936.2719999999999,2565.643667,2136.72513,2373.874
2023-05-01 10:00:00,932.6800000000001,2568.1163330000004,2170.2601999999997,2305.945
2023-05-01 11:00:00,948.4290000000001,2530.8936670000003,2156.731133,2344.159999
2023-05-01 12:00:00,969.346,2594.062,2160.297265,2347.245333
2023-05-01 13:00:00,956.086,2579.015667,2171.003933,2303.0969999999998
2023-05-01 14:00:00,922.423,2532.009667,2130.3077300000004,2304.939333
2023-05-01 15:00:00,921.674,2525.6499999999996,2149.654898,2201.7203329999998
2023-05-01 16:00:00,964.8230000000001,2589.03,2286.403097,2278.544
2023-05-01 17:00:00,1121.8380000000002,2890.754,2428.78363,2529.1273340000002
2023-05-01 18:00:00,1190.204,3153.361667,2621.914499,2830.392
2023-05-01 19:00:00,1354.21,3332.228,2770.5924969999996,3075.066
2023-05-01 20:00:00,1277.297,3356.49,2801.571828,3116.166667
2023-05-01 21:00:00,1250.7559999999999,3335.886333,2749.5719,3064.4990000000003
2023-05-01 22:00:00,1197.871,3159.538,2616.41133,2905.999
2023-05-01 23:00:00,1006.9570000000001,2775.5116669999998,2204.0523970000004,2520.005334
2023-05-02 00:00:00,850.551,2339.6806670000005,1898.5560970000001,2103.6576670000004
2023-05-02 01:00:00,696.0419999999999,2043.8756670000002,1634.470965,1841.963334
2023-05-02 02:00:00,642.1129999999999,1828.9913339999998,1463.670165,1595.570666
2023-05-02 03:00:00,619.8050000000001,1737.727667,1384.32663,1518.538666
2023-05-02 04:00:00,597.1320000000001,1723.056667,1360.013697,1453.9286670000001
2023-05-02 05:00:00,641.265,1808.4180000000001,1450.462599,1513.229333
2023-05-02 06:00:00,728.1179999999999,1966.0366669999999,1608.01303,1716.987
2023-05-02 07:00:00,853.476,2315.702,1954.899833,2083.534334
2023-05-02 08:00:00,987.8399999999999,2585.8019999999997,2229.792395,2449.955667
2023-05-02 09:00:00,998.9090000000001,2633.815334,2162.113566,2392.4790009999997
2023-05-02 10:00:00,962.058,2537.3266670000003,2163.5336639999996,2281.9809999999998
2023-05-02 11:00:00,941.722,2531.477667,2157.9239639999996,2248.820001
2023-05-02 12:00:00,926.0819999999999,2481.916667,2088.611664,2257.633334
2023-05-02 13:00:00,919.851,2477.9263339999998,1995.651766,2167.757001
2023-05-02 14:00:00,867.105,2356.662334,2026.474196,2120.775334
2023-05-02 15:00:00,849.025,2290.5249999999996,1894.895097,2030.4493340000001
2023-05-02 16:00:00,907.201,2368.701333,2053.810465,2079.798
2023-05-02 17:00:00,971.954,2578.5513330000003,2230.811765,2298.396
2023-05-02 18:00:00,1063.443,2882.3999999999996,2378.623066,2457.954667
2023-05-02 19:00:00,1171.096,2945.036,2541.191466,2761.041
2023-05-02 20:00:00,1204.593,2929.3113329999996,2571.3466319999998,2800.043
2023-05-02 21:00:00,1257.321,3098.306,2632.15793,2877.072001
2023-05-02 22:00:00,1150.7060000000001,3034.503667,2537.332332,2765.516667
2023-05-02 23:00:00,946.6709999999999,2742.4966670000003,2209.7645009999997,2422.317333
2023-05-03 00:00:00,785.432,2270.637333,1833.433332,2033.479667
2023-05-03 01:00:00,689.5840000000001,1901.021333,1583.678399,1644.434
2023-05-03 02:00:00,625.769,1757.294333,1383.7192650000002,1498.0216679999999
2023-05-03 03:00:00,587.32,1662.574666,1316.2106979999999,1401.162667
2023-05-03 04:00:00,582.545,1683.56,1304.384466,1410.144334
2023-05-03 05:00:00,614.041,1708.680667,1396.5170320000002,1457.342999
2023-05-03 06:00:00,674.7850000000001,1942.450333,1573.383863,1653.6440010000001
2023-05-03 07:00:00,859.0649999999999,2259.9080000000004,1902.172998,2062.646001
2023-05-03 08:00:00,989.8499999999999,2535.153333,2142.064464,2403.928334
2023-05-03 09:00:00,983.338,2564.109333,2225.9800969999997,2376.397667
2023-05-03 10:00:00,948.5450000000001,2481.432,2047.863198,2191.1000000000004
2023-05-03 11:00:00,842.745,2407.4939999999997,1968.821797,2113.907666
2023-05-03 12:00:00,847.247,2364.961333,1937.183331,2081.796334
2023-05-03 13:00:00,858.7529999999999,2329.848667,1907.008363,2073.669
2023-05-03 14:00:00,834.4559999999999,2322.7673330000002,1915.1505660000003,2107.8950000000004
2023-05-03 15:00:00,850.55,2312.852667,1913.226999,2089.184
2023-05-03 16:00:00,899.3180000000001,2476.363667,2029.2823659999997,2126.7200000000003
2023-05-03 17:00:00,982.8820000000001,2585.4626670000002,2177.793663,2281.0673340000003
2023-05-03 18:00:00,1055.304,2897.6983330000003,2407.0467289999997,2450.727333
2023-05-03 19:00:00,1170.411,3063.7306670000003,2566.218465,2751.7683340000003
2023-05-03 20:00:00,1217.1929999999998,3156.745,2582.980564,2854.3860000000004
2023-05-03 21:00:00,1201.5389999999998,3134.112333,2602.551664,2827.101
2023-05-03 22:00:00,1156.7289999999998,2966.227,2479.799031,2589.8686669999997
2023-05-03 23:00:00,976.0070000000001,2624.990667,2121.8305,2288.100333
2023-05-04 00:00:00,804.401,2116.231333,1796.017732,1924.8206670000002
2023-05-04 01:00:00,705.905,1791.546667,1520.171532,1672.717333
2023-05-04 02:00:00,629.3910000000001,1663.9850000000001,1353.428898,1490.204999
2023-05-04 03:00:00,601.573,1603.715667,1236.832298,1355.8280009999999
2023-05-04 04:00:00,582.079,1587.900334,1232.0631979999998,1337.312
2023-05-04 05:00:00,621.97,1658.627667,1326.075632,1395.8013329999999
2023-05-04 06:00:00,667.645,1838.1779999999999,1521.957363,1588.228001
2023-05-04 07:00:00,850.207,2142.281333,1774.875097,1974.188334
2023-05-04 08:00:00,976.147,2518.718,2093.763764,2312.67
2023-05-04 09:00:00,1008.5630000000001,2517.514666,2172.1001640000004,2303.853
2023-05-04 10:00:00,938.993,2542.612667,2148.846597,2295.286
2023-05-04 11:00:00,999.34,2651.7799999999997,2263.782397,2390.286667
2023-05-04 12:00:00,999.788,2749.419,2290.522797,2446.5080000000003
2023-05-04 13:00:00,1025.818,2876.654,2361.276398,2475.880334
2023-05-04 14:00:00,1062.366,2824.618667,2351.671297,2549.8540000000003
2023-05-04 15:00:00,1029.999,2847.7846660000005,2302.549098,2484.317
2023-05-04 16:00:00,1039.937,2860.221667,2422.686663,2498.357
2023-05-04 17:00:00,1156.275,3167.331667,2537.570533,2678.279001
2023-05-04 18:00:00,1254.687,3361.397,2801.041599,2901.851001
2023-05-04 19:00:00,1273.318,3408.6620000000003,2987.4569979999997,3095.934333
2023-05-04 20:00:00,1328.857,3415.650333,2841.350364,3062.836667
2023-05-04 21:00:00,1255.7289999999998,3485.615667,2910.675899,3013.5340000000006
2023-05-04 22:00:00,1149.13,3302.453333,2747.007367,2845.8846670000003
2023-05-04 23:00:00,1039.424,2911.782,2416.953432,2527.6259999999997
2023-05-05 00:00:00,876.232,2555.239667,2026.454497,2211.48
2023-05-05 01:00:00,782.607,2196.2073330000003,1774.9618639999999,1900.769667
2023-05-05 02:00:00,734.554,2039.753,1606.858632,1742.420001
2023-05-05 03:00:00,704.423,1883.5983339999998,1550.58333,1663.563666
2023-05-05 04:00:00,667.9100000000001,1902.039667,1507.253565,1591.29
2023-05-05 05:00:00,694.063,1929.776333,1571.548266,1634.749
2023-05-05 06:00:00,763.844,2135.1186660000003,1719.657998,1900.4330009999999
2023-05-05 07:00:00,938.044,2491.151,2081.874332,2243.351667
2023-05-05 08:00:00,1054.156,2784.5433340000004,2318.2132309999997,2599.428
2023-05-05 09:00:00,1093.29,2933.595333,2372.7830000000004,2576.429
2023-05-05 10:00:00,1029.1019999999999,2897.737333,2413.106299,2599.302334
2023-05-05 11:00:00,1059.797,2890.1240000000003,2430.937799,2627.1279999999997
2023-05-05 12:00:00,986.668,2845.015999,2436.939797,2552.379667
2023-05-05 13:00:00,1027.533,2845.917334,2388.098899,2497.5033329999997
2023-05-05 14:00:00,987.367,2729.986666,2349.363499,2445.8869999999997
2023-05-05 15:00:00,952.3309999999999,2715.102333,2318.5393990000002,2360.896334
2023-05-05 16:00:00,1019.156,2760.4073329999997,2417.060866,2391.931666
2023-05-05 17:00:00,1057.4340000000002,2932.856334,2463.4357999999997,2519.333333
2023-05-05 18:00:00,1146.339,3016.715666,2683.24913,2686.111667
2023-05-05 19:00:00,1197.315,3183.083667,2729.324632,2762.992999
2023-05-05 20:00:00,1194.46,3189.8626670000003,2727.7472989999997,2798.164667
2023-05-05 21:00:00,1181.879,3208.0573329999997,2756.498567,2774.0829999999996
2023-05-05 22:00:00,1152.725,3015.184,2560.2445660000003,2710.298667
2023-05-05 23:00:00,1014.1410000000001,2886.098,2304.527264,2460.7309999999998
2023-05-06 00:00:00,874.1689999999999,2499.397667,2049.663399,2189.699667
2023-05-06 01:00:00,769.843,2191.307334,1832.2265969999999,1893.317
2023-05-06 02:00:00,696.998,2027.2849999999999,1666.742597,1722.6056670000003
2023-05-06 03:00:00,685.865,1878.865667,1543.974928,1619.194001
2023-05-06 04:00:00,651.338,1812.1149999999998,1455.445965,1538.402
2023-05-06 05:00:00,666.543,1835.757,1476.378167,1575.946334
2023-05-06 06:00:00,691.8,1945.990667,1562.3651960000002,1688.972
2023-05-06 07:00:00,770.077,2104.169,1750.6911989999999,1892.1339999999998
2023-05-06 08:00:00,886.7570000000001,2470.912333,2044.163597,2148.83
2023-05-06 09:00:00,1022.027,2799.045667,2290.547197,2415.2929999999997
2023-05-06 10:00:00,1097.6680000000001,2969.401,2393.462698,2559.209
2023-05-06 11:00:00,1060.978,2878.811667,2452.478999,2590.9916670000002
2023-05-06 12:00:00,1066.4160000000002,2924.088667,2449.3227639999996,2542.215333
2023-05-06 13:00:00,1077.603,3008.348667,2518.076697,2596.7970000000005
2023-05-06 14:00:00,1000.716,2896.439667,2487.764932,2558.6276669999997
2023-05-06 15:00:00,1052.078,2742.505,2425.168299,2501.660667
2023-05-06 16:00:00,1037.993,2757.5119999999997,2291.4869989999997,2535.477
2023-05-06 17:00:00,1020.9609999999999,2808.1423330000002,2391.5117,2495.48
2023-05-06 18:00:00,1093.098,2981.348666,2416.640899,2642.423
2023-05-06 19:00:00,1221.397,2986.854333,2520.234098,2677.642
2023-05-06 20:00:00,1150.5009999999997,2988.5893340000002,2528.563497,2665.16
2023-05-06 21:00:00,1193.853,3050.483667,2518.6725969999998,2718.2889999999998
2023-05-06 22:00:00,1126.989,3014.259333,2434.975997,2581.517
2023-05-06 23:00:00,989.731,2803.032,2220.773398,2417.501
2023-05-07 00:00:00,887.715,2451.856667,1996.271799,2080.465
2023-05-07 01:00:00,769.944,2147.312666,1773.244498,1834.270333
2023-05-07 02:00:00,686.042,1984.432999,1615.7742640000001,1619.161334
2023-05-07 03:00:00,649.302,1833.705,1531.846664,1540.139333
2023-05-07 04:00:00,620.361,1812.195667,1493.5355650000001,1510.5420000000001
2023-05-07 05:00:00,624.4110000000001,1815.7726670000002,1473.032165,1519.583
2023-05-07 06:00:00,659.479,1887.427333,1540.684364,1600.022667
2023-05-07 07:00:00,759.9780000000001,2059.146667,1693.569564,1818.297667
2023-05-07 08:00:00,926.9069999999999,2415.816333,2039.6248300000002,2077.7780000000002
2023-05-07 09:00:00,1020.9870000000001,2727.431667,2328.868168,2413.868
2023-05-07 10:00:00,1070.001,2932.688667,2578.108799,2658.7430010000003
2023-05-07 11:00:00,1205.23,3047.833667,2562.252496,2711.982667
2023-05-07 12:00:00,1144.163,3116.915,2612.381563,2731.0119999999997
2023-05-07 13:00:00,1155.533,3036.369,2536.446631,2735.513334
2023-05-07 14:00:00,1097.095,2990.5006670000002,2455.7828289999998,2646.517333
2023-05-07 15:00:00,1081.509,2838.9233329999997,2386.5534310000003,2549.059667
2023-05-07 16:00:00,1087.712,2810.01,2414.133699,2468.7043329999997
2023-05-07 17:00:00,1056.2669999999998,2913.442,2395.778031,2469.139
2023-05-07 18:00:00,1173.177,2975.637667,2507.868399,2699.1426659999997
2023-05-07 19:00:00,1255.682,3173.690333,2564.785097,2949.178666
2023-05-07 20:00:00,1302.709,3246.4269999999997,2776.347733,2987.504666
2023-05-07 21:00:00,1333.2350000000001,3401.143,2903.737532,2998.837333
2023-05-07 22:00:00,1241.7939999999999,3327.403333,2796.911666,2913.107
2023-05-07 23:00:00,1078.561,2955.571334,2395.537298,2462.898
2023-05-08 00:00:00,871.726,2480.362999,1937.7010300000002,2026.403667
2023-05-08 01:00:00,731.931,2061.640666,1640.667434,1761.666
2023-05-08 02:00:00,670.5550000000001,1797.582667,1510.49343,1615.322666
2023-05-08 03:00:00,635.027,1754.807999,1436.221464,1519.908667
2023-05-08 04:00:00,646.908,1765.753334,1433.213966,1532.567
2023-05-08 05:00:00,686.1899999999999,1871.661,1539.778431,1563.912334
2023-05-08 06:00:00,781.306,2087.626667,1755.4812299999999,1820.6519990000002
2023-05-08 07:00:00,982.482,2515.6186669999997,2120.452797,2250.0996670000004
2023-05-08 08:00:00,1066.5566669999998,2790.611333,2309.674733,2529.7889999999998
2023-05-08 09:00:00,1074.4283329999998,2735.050334,2390.464599,2542.027667
2023-05-08 10:00:00,1009.118,2748.151333,2283.174665,2481.3830000000003
2023-05-08 11:00:00,972.0146669999999,2662.215,2232.8291320000003,2376.655667
2023-05-08 12:00:00,939.235,2547.5699999999997,2124.5390660000003,2255.7619999999997
2023-05-08 13:00:00,898.516,2555.2656669999997,2026.2149630000001,2211.587
2023-05-08 14:00:00,933.2470000000001,2442.96,2006.3199,2178.8500000000004
2023-05-08 15:00:00,909.462,2453.1009999999997,2011.6735979999999,2092.467667
2023-05-08 16:00:00,937.934,2607.042,2127.7054980000003,2240.741
2023-05-08 17:00:00,1120.4140000000002,3035.150333,2541.715598,2602.701
2023-05-08 18:00:00,1290.599,3437.117667,2868.829666,2969.121
2023-05-08 19:00:00,1403.5520000000001,3478.6820000000002,3052.806664,3212.5003340000003
2023-05-08 20:00:00,1331.556,3441.954,2870.2941979999996,3198.2
2023-05-08 21:00:00,1320.358,3318.1463329999997,2797.482263,3032.768
2023-05-08 22:00:00,1188.327,3207.33,2653.4921640000002,2852.781
2023-05-08 23:00:00,1008.533,2798.749667,2384.991231,2487.889334
2023-05-09 00:00:00,862.821,2378.130667,2002.917731,2121.434667
2023-05-09 01:00:00,738.188,2033.574334,1723.1492640000001,1831.6696670000001
2023-05-09 02:00:00,672.119,1853.646667,1536.3984639999999,1640.809666
2023-05-09 03:00:00,642.9929999999999,1777.809667,1488.3828979999998,1593.048333
2023-05-09 04:00:00,669.776,1812.287667,1467.253197,1539.895333
2023-05-09 05:00:00,717.741,1925.503333,1586.2910969999998,1616.003666
2023-05-09 06:00:00,779.501,2227.288667,1807.569264,1867.305
2023-05-09 07:00:00,949.907,2574.5,2217.100297,2301.292668
2023-05-09 08:00:00,1041.2720000000002,2851.851333,2404.2162639999997,2615.639334
2023-05-09 09:00:00,1047.132,2886.4823340000003,2339.061366,2525.263
2023-05-09 10:00:00,1006.861,2705.450667,2230.110033,2490.844
2023-05-09 11:00:00,998.0699999999999,2715.931667,2250.092863,2510.431334
2023-05-09 12:00:00,947.174,2786.239667,2185.626797,2366.25
2023-05-09 13:00:00,934.145,2615.856334,2033.8036310000002,2300.366
2023-05-09 14:00:00,863.113,2486.187334,2062.14863,2218.2120010000003
2023-05-09 15:00:00,861.23,2432.1800000000003,1952.617497,2186.5600000000004
2023-05-09 16:00:00,860.437,2449.4593330000002,2026.3075640000002,2178.499
2023-05-09 17:00:00,941.57,2669.315,2235.0374979999997,2259.708667
2023-05-09 18:00:00,1046.133,2933.023333,2383.763734,2472.087334
2023-05-09 19:00:00,1148.103,2992.899667,2489.5375300000005,2673.557667
2023-05-09 20:00:00,1155.357,3051.582333,2486.392499,2737.252667
2023-05-09 21:00:00,1195.475,3147.987,2611.0254649999997,2880.2969999999996
2023-05-09 22:00:00,1221.172,3128.525667,2555.650567,2806.655333
2023-05-09 23:00:00,1019.327,2811.929667,2290.323733,2466.9573330000003
2023-05-10 00:00:00,825.5659999999999,2322.152,1890.405699,2060.0299999999997
2023-05-10 01:00:00,687.925,2004.930666,1665.409529,1699.840667
2023-05-10 02:00:00,640.221,1786.52,1469.3508649999999,1566.659001
2023-05-10 03:00:00,589.372,1718.651667,1379.211364,1456.086333
2023-05-10 04:00:00,585.701,1707.367,1396.837264,1448.0643329999998
2023-05-10 05:00:00,613.445,1811.5146670000001,1484.875632,1530.945999
2023-05-10 06:00:00,705.788,2037.159333,1701.947231,1819.514334
2023-05-10 07:00:00,888.9599999999999,2367.057,2000.0879989999999,2155.748
2023-05-10 08:00:00,1051.431,2604.896333,2157.552399,2435.780667
2023-05-10 09:00:00,987.4100000000001,2631.280333,2215.939131,2366.952667
2023-05-10 10:00:00,933.561,2484.791,2035.6677640000003,2203.8153330000005
2023-05-10 11:00:00,859.4960000000001,2358.872,1999.885464,2116.024999
2023-05-10 12:00:00,820.04,2359.464333,1985.6528329999999,2147.813333
2023-05-10 13:00:00,840.343,2350.132667,1963.6732299999999,2078.536666
2023-05-10 14:00:00,855.399,2281.925333,1885.648899,2031.02
2023-05-10 15:00:00,874.0790000000001,2280.876667,1872.9259960000002,2028.023334
2023-05-10 16:00:00,922.2829999999999,2447.891667,2019.1744310000001,2104.16
2023-05-10 17:00:00,1026.6889999999999,2648.866667,2246.7861300000004,2254.472001
2023-05-10 18:00:00,1084.521,2906.955333,2397.432998,2413.312667
2023-05-10 19:00:00,1168.583,3015.8666670000002,2571.912499,2633.860334
2023-05-10 20:00:00,1222.679,3060.2380000000003,2633.0658980000003,2774.292333
2023-05-10 21:00:00,1227.542,3049.868333,2671.0606639999996,2793.909333
2023-05-10 22:00:00,1174.367,2929.884,2542.629898,2655.897667
2023-05-10 23:00:00,1001.037,2602.543667,2241.690635,2386.6040000000003
2023-05-11 00:00:00,853.7150000000001,2198.8509999999997,1845.898666,1986.5173330000002
2023-05-11 01:00:00,728.826,1822.273667,1509.8620299999998,1666.488333
2023-05-11 02:00:00,640.72,1584.9389999999999,1357.021631,1417.038667
2023-05-11 03:00:00,571.185,1503.874666,1266.9041320000001,1342.267667
2023-05-11 04:00:00,552.447,1484.620334,1264.665532,1312.8396670000002
2023-05-11 05:00:00,589.077,1563.4113340000001,1328.727667,1358.317667
2023-05-11 06:00:00,668.8910000000001,1797.069333,1450.716398,1582.9513339999999
2023-05-11 07:00:00,828.798,2161.863,1780.1527659999997,1901.287
2023-05-11 08:00:00,945.918,2410.650667,2040.1676630000002,2207.477667
2023-05-11 09:00:00,910.594,2404.202333,2050.1143309999998,2256.2660000000005
2023-05-11 10:00:00,838.2,2319.2513339999996,1963.8151990000001,2131.194334
2023-05-11 11:00:00,875.03,2259.712002,1944.821998,2074.940667
2023-05-11 12:00:00,853.6389999999999,2255.820667,1884.2449969999998,2037.127
2023-05-11 13:00:00,885.1659999999999,2368.139,1888.578096,2134.574
2023-05-11 14:00:00,897.565,2365.338667,1885.2765319999999,2100.056
2023-05-11 15:00:00,914.4100000000001,2361.688,2000.5612640000002,2119.458334
2023-05-11 16:00:00,921.8779999999999,2518.3953330000004,2092.6908,2188.6346670000003
2023-05-11 17:00:00,1062.407,2797.1226669999996,2333.317331,2412.222334
2023-05-11 18:00:00,1171.4479999999999,3113.320999,2523.693099,2587.367333
2023-05-11 19:00:00,1194.905,3202.4289989999997,2725.436366,2778.5739999999996
2023-05-11 20:00:00,1248.651,3171.315666,2731.823532,2875.7746669999997
2023-05-11 21:00:00,1275.547,3246.159667,2741.4421660000003,2962.562667
2023-05-11 22:00:00,1287.0439999999999,3142.1333329999998,2700.9892979999995,2870.5420000000004
2023-05-11 23:00:00,1082.277,2780.7290000000003,2284.616733,2513.77
2023-05-12 00:00:00,900.6139999999999,2293.852667,1951.610397,2077.561667
2023-05-12 01:00:00,738.2560000000001,1900.853333,1604.789333,1758.0539990000002
2023-05-12 02:00:00,671.3510000000001,1667.0900000000001,1383.421831,1536.7046679999999
2023-05-12 03:00:00,627.374,1520.993,1291.7554989999999,1417.137666
2023-05-12 04:00:00,601.829,1482.836667,1256.9351,1354.42
2023-05-12 05:00:00,607.231,1512.258,1317.6394970000001,1350.6380000000001
2023-05-12 06:00:00,670.71,1742.572333,1436.444864,1519.02
2023-05-12 07:00:00,804.796,2032.8223329999998,1737.8783990000002,1880.5099999999998
2023-05-12 08:00:00,973.675,2317.0946670000003,1955.540797,2126.290667
2023-05-12 09:00:00,955.3199999999999,2433.099333,2016.503264,2219.62
2023-05-12 10:00:00,908.0060000000001,2364.448667,1969.109566,2172.064667
2023-05-12 11:00:00,908.2339999999999,2383.621666,2022.1104300000002,2146.8413330000003
2023-05-12 12:00:00,890.7750000000001,2460.698999,2131.060598,2247.768333
2023-05-12 13:00:00,954.9169999999999,2615.575,2232.1184300000004,2358.7160000000003
2023-05-12 14:00:00,1037.759,2712.971333,2304.376366,2445.169
2023-05-12 15:00:00,1148.5990000000002,2830.7873329999998,2451.257899,2558.1036670000003
2023-05-12 16:00:00,1235.362,3162.098,2723.838098,2714.839
2023-05-12 17:00:00,1359.739,3432.904001,3011.3781299999996,2963.306
2023-05-12 18:00:00,1460.369,3653.350332,3193.352498,3219.706
2023-05-12 19:00:00,1457.471,3782.447334,3316.945864,3334.608
2023-05-12 20:00:00,1442.6329999999998,3700.554667,3292.035362,3248.006
2023-05-12 21:00:00,1451.4650000000001,3532.728333,3139.814432,3221.971667
2023-05-12 22:00:00,1343.4450000000002,3384.2569999999996,2930.4869,3094.623
2023-05-12 23:00:00,1227.032,2959.318,2532.9156300000004,2843.3549999999996
2023-05-13 00:00:00,1022.383,2484.902667,2151.127462,2368.722
2023-05-13 01:00:00,838.186,2135.3896670000004,1807.919131,2007.123001
2023-05-13 02:00:00,709.429,1844.1729999999998,1534.9492320000002,1705.798
2023-05-13 03:00:00,667.3620000000001,1697.805667,1393.802234,1566.068001
2023-05-13 04:00:00,623.788,1626.2690000000002,1286.1644649999998,1451.422333
2023-05-13 05:00:00,601.874,1551.755,1244.824798,1419.97
2023-05-13 06:00:00,632.9469999999999,1633.447001,1286.57043,1445.6730000000002
2023-05-13 07:00:00,731.088,1813.512667,1430.465199,1631.9279999999999
2023-05-13 08:00:00,888.3900000000001,2158.0033329999997,1706.5151620000001,2029.56
2023-05-13 09:00:00,957.897,2521.1,2023.50143,2309.191
2023-05-13 10:00:00,1058.007,2675.6346670000003,2247.7336649999997,2486.7436669999997
2023-05-13 11:00:00,1123.18,2910.242,2358.697665,2689.4746670000004
2023-05-13 12:00:00,1180.811,3084.5116669999998,2553.820099,2895.148666
2023-05-13 13:00:00,1261.362,3330.0266680000004,2762.524,3058.607
2023-05-13 14:00:00,1355.439,3550.730332,3016.6206970000003,3204.3503330000003
2023-05-13 15:00:00,1434.8960000000002,3776.581667,3201.974865,3402.025667
2023-05-13 16:00:00,1513.3229999999999,3914.5609999999997,3339.828231,3525.4783340000004
2023-05-13 17:00:00,1640.659,4081.2649999999994,3534.486197,3613.6153329999997
2023-05-13 18:00:00,1774.154,4176.035,3637.307262,3778.739
2023-05-13 19:00:00,1756.07,4199.827,3683.2300649999997,3854.550333
2023-05-13 20:00:00,1733.767,4100.932667,3643.7341979999997,3727.431
2023-05-13 21:00:00,1651.5320000000002,3977.7733340000004,3524.083498,3611.488667
2023-05-13 22:00:00,1583.621,3789.724999,3388.775366,3418.7866670000003
2023-05-13 23:00:00,1379.228,3326.857,2965.657564,3175.0499999999997
2023-05-14 00:00:00,1111.254,2860.079,2522.6780639999997,2671.889333
2023-05-14 01:00:00,949.162,2461.374999,2065.092098,2181.2893329999997
2023-05-14 02:00:00,818.782,2134.956666,1757.434429,1847.982
2023-05-14 03:00:00,724.046,1903.8933339999999,1537.4755320000002,1717.233666
2023-05-14 04:00:00,672.8679999999999,1771.203001,1418.342597,1588.479
2023-05-14 05:00:00,642.001,1697.273334,1371.011032,1513.488667
2023-05-14 06:00:00,653.561,1771.944666,1341.685664,1571.681
2023-05-14 07:00:00,735.108,1929.429667,1507.846766,1759.833
2023-05-14 08:00:00,921.021,2290.765333,1859.8442639999998,2105.4696670000003
2023-05-14 09:00:00,1049.819,2715.7920000000004,2281.5194650000003,2492.994
2023-05-14 10:00:00,1160.565333,3054.645667,2618.483432,2897.4030000000002
2023-05-14 11:00:00,1263.1550000000002,3308.4393339999997,2896.983599,3181.6989999999996
2023-05-14 12:00:00,1350.226,3583.4006659999995,3012.369164,3377.468667
2023-05-14 13:00:00,1422.075,3866.691333,3220.0590300000003,3494.0
2023-05-14 14:00:00,1508.789,4056.831333,3351.637232,3617.943334
2023-05-14 15:00:00,1683.105,4275.866333,3488.151598,3792.343334
2023-05-14 16:00:00,1759.424,4322.493,3680.679231,3913.284334
2023-05-14 17:00:00,1828.393,4603.781999999999,3911.671965,4065.733
2023-05-14 18:00:00,1897.116,4700.661667,4060.5690619999996,4221.688
2023-05-14 19:00:00,1919.7310000000002,4702.915332999999,4135.944431,4318.817
2023-05-14 20:00:00,1946.129,4723.842,4060.815497,4318.969332999999
2023-05-14 21:00:00,1871.378,4532.814,4029.532497,4287.434333
2023-05-14 22:00:00,1747.669,4324.607332,3778.297099,4026.2189999999996
2023-05-14 23:00:00,1523.5900000000001,3775.074334,3275.9658,3513.3756670000002
2023-05-15 00:00:00,1192.3429999999998,3089.312,2658.6208970000002,2845.719333
2023-05-15 01:00:00,1007.5169999999999,2585.779,2198.201965,2407.0136679999996
2023-05-15 02:00:00,870.805,2224.5913330000003,1872.928998,2069.742
2023-05-15 03:00:00,784.172,2010.1893329999998,1679.198162,1874.2640000000001
2023-05-15 04:00:00,722.4200000000001,1899.260667,1584.337932,1758.600333
2023-05-15 05:00:00,731.654,1870.414667,1592.9988309999999,1697.099667
2023-05-15 06:00:00,783.324,1996.6749999999997,1655.726631,1814.7693330000002
2023-05-15 07:00:00,927.9480000000001,2293.3356670000003,1890.8650300000002,2079.2343339999998
2023-05-15 08:00:00,1006.1679999999999,2589.3833329999998,2125.567432,2387.41
2023-05-15 09:00:00,1035.216,2634.057667,2157.725034,2411.8610009999998
2023-05-15 10:00:00,1066.51,2703.2763330000002,2268.696464,2574.5699999999997
2023-05-15 11:00:00,1168.444,3000.080334,2482.101667,2857.401
2023-05-15 12:00:00,1300.825,3261.413,2758.900799,3148.128
2023-05-15 13:00:00,1415.461,3621.776667,3063.5466300000003,3370.682333
2023-05-15 14:00:00,1554.2859999999998,3949.216667,3361.468699,3594.230667
2023-05-15 15:00:00,1646.7579999999998,4185.222000000001,3628.5088989999995,3819.173
2023-05-15 16:00:00,1758.306,4490.237,3934.926767,4055.8579999999997
2023-05-15 17:00:00,1892.801,4665.915332999999,4165.366765,4345.950334000001
2023-05-15 18:00:00,1946.584,4806.317666999999,4200.114198,4460.044000000001
2023-05-15 19:00:00,1908.728,4677.502,4005.595163,4258.173333
2023-05-15 20:00:00,1784.579,4355.950999999999,3757.809064,3991.475667
2023-05-15 21:00:00,1710.281,4085.146666,3473.811198,3777.7063339999995
2023-05-15 22:00:00,1551.8780000000002,3819.188,3254.11883,3469.411667
2023-05-15 23:00:00,1303.28,3259.6253340000003,2764.0486659999997,3031.3689999999997
2023-05-16 00:00:00,1087.157,2687.5829999999996,2238.2234,2500.580333
2023-05-16 01:00:00,894.9689999999999,2249.9723329999997,1866.4648,2064.325334
2023-05-16 02:00:00,776.644,2017.95,1613.425033,1807.619999
2023-05-16 03:00:00,712.176,1855.108001,1498.554998,1675.493
2023-05-16 04:00:00,678.183,1757.439668,1431.0770630000002,1572.9296669999999
2023-05-16 05:00:00,684.847,1804.331666,1450.649798,1558.366667
2023-05-16 06:00:00,736.9770000000001,1939.985666,1561.6515650000001,1695.318667
2023-05-16 07:00:00,858.758,2219.186,1795.139165,1983.487334
2023-05-16 08:00:00,983.287,2404.593333,1930.9730289999998,2253.328333
2023-05-16 09:00:00,972.694,2479.7213329999995,2021.036931,2239.989666
2023-05-16 10:00:00,942.263,2476.070667,2095.647766,2287.163334
2023-05-16 11:00:00,1010.5610000000001,2609.592,2087.20443,2378.6910009999997
2023-05-16 12:00:00,1079.1329999999998,2808.25,2226.0668290000003,2503.491
2023-05-16 13:00:00,1178.12,3022.535667,2426.487833,2615.261667
2023-05-16 14:00:00,1313.3790000000001,3240.9026670000003,2606.588598,2805.9743340000005
2023-05-16 15:00:00,1350.625,3475.528333,2808.711832,3007.165334
2023-05-16 16:00:00,1390.7150000000001,3709.039333,2994.092364,3229.590333
2023-05-16 17:00:00,1524.336,3928.8650000000002,3259.103298,3433.6099999999997
2023-05-16 18:00:00,1652.5950000000003,4117.209333,3519.4087,3578.693
2023-05-16 19:00:00,1723.06,4147.261667,3707.159565,3721.883333
2023-05-16 20:00:00,1764.5890000000002,4129.477333,3683.707934,3676.16
2023-05-16 21:00:00,1657.9199999999998,4151.978999999999,3609.000862,3639.586667
2023-05-16 22:00:00,1626.3590000000002,3986.218667,3356.5582640000002,3577.382333
2023-05-16 23:00:00,1345.9460000000001,3508.5606669999997,2906.8100010000003,3148.914667
2023-05-17 00:00:00,1075.827,2867.084333,2377.467632,2600.046667
2023-05-17 01:00:00,918.9580000000001,2319.676333,1982.90383,2107.813
2023-05-17 02:00:00,792.295,2058.28,1680.164432,1840.402167
2023-05-17 03:00:00,726.088,1912.5316670000002,1548.139998,1668.979
2023-05-17 04:00:00,682.578,1808.3310000000001,1455.74143,1562.1509999999998
2023-05-17 05:00:00,689.106,1764.8756670000002,1467.499133,1547.825667
2023-05-17 06:00:00,721.2660000000001,1938.276666,1573.320498,1663.3996670000001
2023-05-17 07:00:00,875.858,2137.238332,1789.377565,1948.970333
2023-05-17 08:00:00,1011.61,2443.966666,1974.4214670000001,2272.981667
2023-05-17 09:00:00,1013.275,2544.419666,2083.411567,2318.403666
2023-05-17 10:00:00,969.4970000000001,2544.893,2089.539198,2297.112333
2023-05-17 11:00:00,1020.857,2654.704667,2250.3082,2334.685334
2023-05-17 12:00:00,1062.791,2886.032333,2384.3902319999997,2594.58
2023-05-17 13:00:00,1221.673,3167.2290000000003,2625.5756269999997,2840.1420000000003
2023-05-17 14:00:00,1311.2559999999999,3439.410333,2915.286566,3011.9190000000003
2023-05-17 15:00:00,1462.2430000000002,3733.486,3161.3520980000003,3272.500001
2023-05-17 16:00:00,1610.7219999999998,4165.591667,3462.9792660000003,3537.788667
2023-05-17 17:00:00,1781.561,4457.578667,3811.5402970000005,3895.8136670000004
2023-05-17 18:00:00,1940.8429999999998,4803.4673330000005,4136.3093659999995,4231.699666
2023-05-17 19:00:00,2031.38,4929.875667,4213.954566,4349.750333
2023-05-17 20:00:00,2024.52,4778.5830000000005,4181.687565,4319.562
2023-05-17 21:00:00,1918.1219999999998,4636.832332999999,3981.578732,4147.013999999999
2023-05-17 22:00:00,1847.0700000000002,4456.65,3787.786931,3973.735334
2023-05-17 23:00:00,1594.9879999999998,3916.1816670000003,3273.225435,3478.126333
2023-05-18 00:00:00,1335.7160000000001,3240.1890000000003,2695.665167,2842.769
2023-05-18 01:00:00,1078.926,2627.0606669999997,2222.267264,2391.368
2023-05-18 02:00:00,939.7620000000001,2344.567,1945.1433659999998,2115.6745
2023-05-18 03:00:00,829.3910000000001,2096.379333,1730.982498,1868.359667
2023-05-18 04:00:00,774.5620000000001,1967.3886669999997,1595.3151309999998,1748.3156669999998
2023-05-18 05:00:00,737.749,1941.142667,1573.358934,1682.459667
2023-05-18 06:00:00,779.033,2039.0130000000001,1600.507398,1770.733001
2023-05-18 07:00:00,898.932,2313.818333,1860.639067,2035.709667
2023-05-18 08:00:00,1035.742,2526.16,2057.262063,2340.500333
2023-05-18 09:00:00,992.7450000000001,2584.504333,2091.927132,2331.768666
2023-05-18 10:00:00,976.807,2588.718333,2055.5079960000003,2360.1083340000005
2023-05-18 11:00:00,1050.031,2677.249,2192.447397,2389.723333
2023-05-18 12:00:00,1097.588,2829.508667,2447.155133,2616.308333
2023-05-18 13:00:00,1168.27,2994.8253339999997,2578.772997,2743.7
2023-05-18 14:00:00,1284.417,3196.287332,2771.6895649999997,2925.1269999999995
2023-05-18 15:00:00,1388.1170000000002,3442.367333,3013.4268309999998,3136.734
2023-05-18 16:00:00,1545.795,3819.576333,3379.349198,3398.438
2023-05-18 17:00:00,1706.603,4245.520999,3791.5556,3723.200667
2023-05-18 18:00:00,1888.378,4456.376333,3968.474832,3985.094
2023-05-18 19:00:00,1831.419,4563.711665999999,3991.884763,4070.6486670000004
2023-05-18 20:00:00,1798.288,4332.989667,3792.339098,3902.116
2023-05-18 21:00:00,1730.617,4145.647001,3560.9304309999998,3652.177
2023-05-18 22:00:00,1622.139,3951.028333,3274.9514660000004,3439.7529999999997
2023-05-18 23:00:00,1388.2749999999999,3340.232666,2740.721797,2967.399334
2023-05-19 00:00:00,1086.942,2721.264333,2272.708864,2441.5370000000003
2023-05-19 01:00:00,905.9839999999999,2284.593,1883.9098979999999,2041.859333
2023-05-19 02:00:00,789.8989999999999,1918.058,1602.135964,1758.0136670000002
2023-05-19 03:00:00,700.6690000000001,1766.584,1449.0871630000001,1603.3020000000001
2023-05-19 04:00:00,658.5799999999999,1681.0040000000001,1351.1245990000002,1496.002
2023-05-19 05:00:00,653.47,1692.611,1398.682999,1474.571333
2023-05-19 06:00:00,699.6590000000001,1804.85,1489.869032,1610.238667
2023-05-19 07:00:00,823.644,2037.8339999999998,1744.8860320000001,1858.225
2023-05-19 08:00:00,960.047,2266.335,1971.986531,2158.713666
2023-05-19 09:00:00,957.805,2330.117,1987.026996,2124.669666
2023-05-19 10:00:00,924.62,2317.276,1891.2154,2135.555
2023-05-19 11:00:00,896.289,2323.498999,1983.3032980000003,2089.6240000000003
2023-05-19 12:00:00,935.066,2413.791,2055.111565,2200.452
2023-05-19 13:00:00,991.6580000000001,2598.627333,2193.7102640000003,2333.1490009999998
2023-05-19 14:00:00,1072.9489999999998,2701.628,2294.40283,2357.560667
2023-05-19 15:00:00,1107.5949999999998,2936.335,2568.075531,2506.1089999999995
2023-05-19 16:00:00,1264.741,3270.6580000000004,2859.2143960000003,2733.711
2023-05-19 17:00:00,1432.6319999999998,3648.469,3204.0296989999997,3051.349333
2023-05-19 18:00:00,1528.7309999999998,4003.096,3440.3997,3354.064667
2023-05-19 19:00:00,1608.9470000000001,4046.7639999999997,3553.795932,3501.545667
2023-05-19 20:00:00,1571.976,3937.4300000000003,3371.3052959999995,3462.830333
2023-05-19 21:00:00,1517.204,3804.807,3265.598665,3309.278667
2023-05-19 22:00:00,1485.2240000000002,3666.89,3125.5970970000003,3138.713333
2023-05-19 23:00:00,1304.0990000000002,3305.424,2783.931697,2891.785
2023-05-20 00:00:00,1074.838,2843.0299999999997,2331.100165,2497.231667
2023-05-20 01:00:00,932.938,2403.917,1928.8716319999999,2081.8999999999996
2023-05-20 02:00:00,808.576,2058.3019999999997,1657.6676320000001,1800.4865
2023-05-20 03:00:00,717.3389999999999,1860.1979999999999,1446.681998,1614.6545
2023-05-20 04:00:00,688.436,1724.9033330000002,1348.7074320000002,1535.6750000000002
2023-05-20 05:00:00,646.624,1671.6996669999999,1286.303132,1469.378
2023-05-20 06:00:00,653.491,1702.264667,1326.328197,1503.404
2023-05-20 07:00:00,733.587,1852.8036670000001,1463.52233,1670.9
2023-05-20 08:00:00,841.61,2097.574333,1693.1062969999998,1937.305
2023-05-20 09:00:00,949.583,2488.885333,1970.6819340000002,2218.221667
2023-05-20 10:00:00,1000.194,2603.3379999999997,2159.4034650000003,2349.154
2023-05-20 11:00:00,1019.0160000000001,2771.7196670000003,2287.6060989999996,2495.15
2023-05-20 12:00:00,1123.351,2869.8163329999998,2408.731597,2509.228
2023-05-20 13:00:00,1152.469,2961.2290000000003,2445.9479619999997,2568.2476669999996
2023-05-20 14:00:00,1164.009,3075.3160000000003,2565.296564,2608.330667
2023-05-20 15:00:00,1213.9650000000001,3314.538667,2718.2766999999994,2740.2446670000004
2023-05-20 16:00:00,1287.163,3562.782667,2967.455231,2932.764667
2023-05-20 17:00:00,1404.0479999999998,3790.193667,3189.137699,3150.914
2023-05-20 18:00:00,1498.757,3855.15,3360.567064,3326.615
2023-05-20 19:00:00,1546.642,3869.275667,3342.542798,3373.656333
2023-05-20 20:00:00,1483.889,3705.385333,3170.5401,3239.866
2023-05-20 21:00:00,1471.348,3542.138667,3005.422198,3165.7999999999997
2023-05-20 22:00:00,1360.894,3460.851334,2809.095999,2946.556
2023-05-20 23:00:00,1215.08,3050.193999,2507.4855319999997,2656.0426669999997
2023-05-21 00:00:00,1023.8890000000001,2560.2036660000003,2146.073932,2234.3603329999996
2023-05-21 01:00:00,832.763,2103.28,1789.535931,1906.236667
2023-05-21 02:00:00,731.627,1888.009,1564.449664,1650.8175
2023-05-21 03:00:00,679.971,1723.990667,1383.039733,1506.3539999999998
2023-05-21 04:00:00,630.404,1632.5190010000001,1268.429629,1414.3236670000001
2023-05-21 05:00:00,607.3820000000001,1592.205334,1225.114699,1367.446
2023-05-21 06:00:00,617.9340000000001,1603.503666,1265.497799,1380.1443330000002
2023-05-21 07:00:00,665.4739999999999,1688.710333,1370.235731,1525.956
2023-05-21 08:00:00,787.642,1920.739,1607.956097,1719.4740000000002
2023-05-21 09:00:00,905.653,2306.918,1947.2909969999998,2017.4100010000002
2023-05-21 10:00:00,973.954,2542.209,2111.951431,2236.471
2023-05-21 11:00:00,1028.6309999999999,2696.199,2225.831599,2322.9076670000004
2023-05-21 12:00:00,1070.298,2741.4356669999997,2279.341665,2466.562333
2023-05-21 13:00:00,1082.205,2803.635,2269.16983,2462.233
2023-05-21 14:00:00,1065.675,2798.6493330000003,2375.203997,2414.467
2023-05-21 15:00:00,1058.33,2754.5699999999997,2304.6452649999997,2446.474333
2023-05-21 16:00:00,1035.503,2800.2619990000003,2297.722798,2455.7200000000003
2023-05-21 17:00:00,1100.3939999999998,2826.360333,2475.6278629999997,2486.873334
2023-05-21 18:00:00,1161.924,2978.73,2631.62843,2720.291333
2023-05-21 19:00:00,1260.156,3194.747,2638.084064,2877.094667
2023-05-21 20:00:00,1246.257,2995.745,2599.387764,2813.2073330000003
2023-05-21 21:00:00,1223.52,3068.973,2623.924431,2786.6139999999996
2023-05-21 22:00:00,1201.205,2995.642,2564.252332,2714.914667
2023-05-21 23:00:00,1033.878,2700.1220000000003,2235.650134,2328.0420000000004
2023-05-22 00:00:00,800.239,2179.444,1781.2212319999999,1966.181
2023-05-22 01:00:00,656.453,1864.005,1495.1304960000002,1606.9786680000002
2023-05-22 02:00:00,615.895,1657.264,1343.786398,1416.014667
2023-05-22 03:00:00,577.8520000000001,1548.794,1254.672831,1345.623
2023-05-22 04:00:00,559.943,1525.714,1232.1006,1306.854
2023-05-22 05:00:00,577.625,1544.137,1294.085799,1321.169333
2023-05-22 06:00:00,643.5456670000001,1748.1046669999998,1428.129629,1496.582
2023-05-22 07:00:00,772.4846670000001,2059.010333,1715.528398,1846.874
2023-05-22 08:00:00,921.087667,2272.2160000000003,1916.4893980000002,2098.254333
2023-05-22 09:00:00,953.3183329999999,2290.596,1927.251464,2099.107667
2023-05-22 10:00:00,913.6253320000001,2296.138,1945.6174299999998,2093.373667
2023-05-22 11:00:00,890.884,2388.987,2022.599899,2093.094667
2023-05-22 12:00:00,906.556,2318.191,2009.216666,2087.715
2023-05-22 13:00:00,891.376,2374.066,2049.975133,2117.847
2023-05-22 14:00:00,872.101,2370.797,2070.713096,2069.5240000000003
2023-05-22 15:00:00,863.317,2337.696333,2053.71173,2115.127
2023-05-22 16:00:00,867.427,2444.079666,2069.864799,2173.127
2023-05-22 17:00:00,936.866,2662.1710000000003,2230.974898,2295.2013340000003
2023-05-22 18:00:00,1093.007,2981.0519999999997,2378.9259970000003,2484.708
2023-05-22 19:00:00,1156.6290000000001,3039.9210000000003,2446.779733,2612.313667
2023-05-22 20:00:00,1128.196,3007.627,2501.210697,2676.843
2023-05-22 21:00:00,1172.7820000000002,2985.364,2532.0335649999997,2695.931667
2023-05-22 22:00:00,1134.2469999999998,2942.295,2566.05813,2665.258334
2023-05-22 23:00:00,986.4080000000001,2597.1310000000003,2277.295133,2353.8900000000003
2023-05-23 00:00:00,811.45,2172.011334,1876.9219640000001,1912.6589999999999
2023-05-23 01:00:00,677.644,1827.099667,1595.172667,1627.8990000000001
2023-05-23 02:00:00,604.028,1666.023334,1402.213596,1481.0675
2023-05-23 03:00:00,587.037,1590.2636659999998,1344.231398,1388.015332
2023-05-23 04:00:00,561.399,1579.687,1334.0306640000001,1385.792333
2023-05-23 05:00:00,582.293,1639.929,1386.361296,1451.1779999999999
2023-05-23 06:00:00,668.0920000000001,1880.106,1514.777063,1575.299
2023-05-23 07:00:00,816.244,2209.3126669999997,1842.191532,1949.425001
2023-05-23 08:00:00,927.5910000000001,2435.6710000000003,2056.1201,2217.402
2023-05-23 09:00:00,882.843,2398.129333,2081.667831,2185.221
2023-05-23 10:00:00,839.438,2346.7516670000005,1940.082398,2089.181667
2023-05-23 11:00:00,853.854,2410.763333,1954.784997,2119.5560000000005
2023-05-23 12:00:00,846.0880000000001,2465.791333,1988.031128,2188.415333
2023-05-23 13:00:00,843.8,2489.918333,1990.419997,2119.96
2023-05-23 14:00:00,845.994,2336.007333,1905.0076640000002,2089.581
2023-05-23 15:00:00,874.9769999999999,2289.139,1871.069297,2045.759
2023-05-23 16:00:00,863.137,2380.5069999999996,1949.545096,2042.541
2023-05-23 17:00:00,904.589,2552.692,2169.934,2210.523667
2023-05-23 18:00:00,999.202,2787.093667,2318.7792980000004,2459.389333
2023-05-23 19:00:00,1047.2730000000001,2868.318,2420.1531969999996,2595.332332
2023-05-23 20:00:00,1175.654,2921.294,2441.474565,2620.546666
2023-05-23 21:00:00,1118.3960000000002,2927.742333,2501.153631,2684.272667
2023-05-23 22:00:00,1108.78,2885.776667,2433.613734,2632.477333
2023-05-23 23:00:00,968.9569999999999,2627.3559999999998,2204.539798,2303.5730000000003
2023-05-24 00:00:00,798.453,2238.567333,1838.5827330000002,1919.337
2023-05-24 01:00:00,676.1120000000001,1900.894332,1560.7851660000001,1649.871
2023-05-24 02:00:00,612.038,1706.884667,1393.866496,1461.495666
2023-05-24 03:00:00,564.109,1612.116001,1299.043197,1382.997001
2023-05-24 04:00:00,579.7909999999999,1582.333333,1290.208965,1331.5653340000001
2023-05-24 05:00:00,613.1120000000001,1648.2096669999999,1388.649032,1399.995
2023-05-24 06:00:00,678.351,1882.063,1521.943397,1596.571667
2023-05-24 07:00:00,809.104,2170.8416669999997,1785.897798,1905.127333
2023-05-24 08:00:00,940.963,2373.553334,1971.896332,2205.480667
2023-05-24 09:00:00,930.513,2448.5803330000003,2142.764197,2211.597333
2023-05-24 10:00:00,840.776,2386.176332,2012.9992989999998,2114.1023339999997
2023-05-24 11:00:00,818.659,2369.0090010000004,1975.837396,2033.218
2023-05-24 12:00:00,825.017,2347.900001,1928.514498,2040.675667
2023-05-24 13:00:00,814.1870000000001,2286.1693330000003,1943.977731,1994.424
2023-05-24 14:00:00,831.547,2254.1189999999997,1905.630168,1988.8983329999999
2023-05-24 15:00:00,803.51,2203.09,1892.135732,1955.367
2023-05-24 16:00:00,810.587,2348.9790000000003,2007.571299,2039.038
2023-05-24 17:00:00,948.804,2569.441,2245.119697,2268.2780000000002
2023-05-24 18:00:00,1072.437,2886.066,2412.765698,2478.66
2023-05-24 19:00:00,1140.449,3020.4790000000003,2541.101498,2709.081333
2023-05-24 20:00:00,1134.096,3021.9040000000005,2555.520798,2757.938
2023-05-24 21:00:00,1156.938,3044.563,2635.776897,2705.838667
2023-05-24 22:00:00,1205.723,3085.5533330000003,2598.647299,2679.531
2023-05-24 23:00:00,1040.7060000000001,2683.8179999999998,2246.3606959999997,2338.2400000000002
2023-05-25 00:00:00,810.915,2163.1549999999997,1839.118433,1975.897
2023-05-25 01:00:00,696.931,1872.1,1469.1449969999999,1619.848
2023-05-25 02:00:00,628.815,1631.288,1315.088668,1426.736334
2023-05-25 03:00:00,571.936,1506.38,1249.956396,1350.737333
2023-05-25 04:00:00,564.396,1523.2510000000002,1201.789531,1312.826
2023-05-25 05:00:00,579.7869999999999,1571.275,1284.8652299999999,1346.546667
2023-05-25 06:00:00,668.4159999999999,1798.95,1404.2919,1504.734
2023-05-25 07:00:00,802.833,2104.245,1706.563299,1808.628
2023-05-25 08:00:00,934.295,2285.817,1969.628499,2156.548334
2023-05-25 09:00:00,890.95,2353.843,1961.039198,2090.6583330000003
2023-05-25 10:00:00,843.5369999999999,2330.969,1844.302464,2027.9560000000001
2023-05-25 11:00:00,853.133,2232.961,1844.9413989999998,2032.7223330000002
2023-05-25 12:00:00,904.71,2270.446,1981.6628959999998,2064.5083329999998
2023-05-25 13:00:00,918.0,2371.126,1954.7142979999999,2107.252
2023-05-25 14:00:00,943.7139999999999,2416.661,2001.430464,2136.8289999999997
2023-05-25 15:00:00,930.1270000000001,2569.746,2124.9742640000004,2253.758
2023-05-25 16:00:00,1048.769,2772.09,2370.530997,2398.008
2023-05-25 17:00:00,1143.127,3182.887,2647.246131,2695.9363329999996
2023-05-25 18:00:00,1314.7420000000002,3505.353,2859.902897,2905.621001
2023-05-25 19:00:00,1366.664,3639.848,3027.9402309999996,3114.495
2023-05-25 20:00:00,1425.5750000000003,3621.737666,3055.176398,3067.2129999999997
2023-05-25 21:00:00,1374.076,3573.501,3034.0433679999996,3091.837
2023-05-25 22:00:00,1364.28,3439.2490000000003,2848.227462,2995.384333
2023-05-25 23:00:00,1197.9829999999997,3055.1890000000003,2540.475631,2643.348667
2023-05-26 00:00:00,1004.393,2557.6459999999997,2100.526668,2201.104333
2023-05-26 01:00:00,813.696,2159.673,1754.421296,1774.727333
2023-05-26 02:00:00,700.003,1854.123,1492.9934640000001,1582.050667
2023-05-26 03:00:00,639.0799999999999,1659.773333,1328.756832,1464.362
2023-05-26 04:00:00,593.0920000000001,1602.989,1253.9391990000001,1356.29
2023-05-26 05:00:00,596.566,1623.879,1280.4357,1377.9569999999999
2023-05-26 06:00:00,651.825,1765.748,1389.027164,1491.733
2023-05-26 07:00:00,787.4069999999999,2030.304,1622.663933,1718.3723340000001
2023-05-26 08:00:00,877.208,2242.394,1879.6692309999999,2030.106
2023-05-26 09:00:00,922.421,2342.209,1928.7955310000002,2121.659667
2023-05-26 10:00:00,927.8929999999999,2371.345,1970.2374650000002,2106.361
2023-05-26 11:00:00,927.693,2490.0860000000002,2070.354733,2240.629
2023-05-26 12:00:00,1013.4960000000001,2537.714,2182.432997,2399.132
2023-05-26 13:00:00,1091.334,2812.446,2350.854366,2549.3546669999996
2023-05-26 14:00:00,1152.592,3050.701,2612.530098,2659.5786669999998
2023-05-26 15:00:00,1244.5749999999998,3332.307334,2793.865931,2840.922
2023-05-26 16:00:00,1350.778,3644.303333,3051.198599,3131.3913330000005
2023-05-26 17:00:00,1477.011,3915.783,3413.969832,3361.579667
2023-05-26 18:00:00,1552.202,4087.7529999999997,3526.565734,3558.6456670000002
2023-05-26 19:00:00,1552.6619999999998,4075.514,3530.3392000000003,3601.37
2023-05-26 20:00:00,1522.411,3876.0830000000005,3385.2849969999997,3480.3639999999996
2023-05-26 21:00:00,1447.855,3691.297,3207.780998,3259.334334
2023-05-26 22:00:00,1415.27,3451.6899999999996,2927.183363,3029.459
2023-05-26 23:00:00,1228.7900000000002,3100.1290000000004,2560.941129,2726.462
2023-05-27 00:00:00,1017.261,2653.4570000000003,2167.7737989999996,2288.4840000000004
2023-05-27 01:00:00,852.155,2216.3729999999996,1770.287433,1907.2996670000002
2023-05-27 02:00:00,731.456,1916.051667,1548.881099,1628.927335
2023-05-27 03:00:00,670.922,1745.3536669999999,1388.398829,1469.7890000000002
2023-05-27 04:00:00,619.022,1658.741,1307.244263,1401.618667
2023-05-27 05:00:00,591.053,1602.1550000000002,1274.690031,1364.278
2023-05-27 06:00:00,617.6320000000001,1635.768,1260.7059629999999,1390.893
2023-05-27 07:00:00,683.671,1751.186,1374.876463,1523.026
2023-05-27 08:00:00,776.099,1967.8799999999999,1619.013132,1784.4270000000001
2023-05-27 09:00:00,906.1289999999999,2318.177,1898.898198,2104.771667
2023-05-27 10:00:00,985.4259999999999,2515.9320000000002,2092.135698,2185.109
2023-05-27 11:00:00,1001.151,2646.652,2211.3181000000004,2230.429333
2023-05-27 12:00:00,1046.7690000000002,2639.732,2179.68033,2332.1259999999997
2023-05-27 13:00:00,1056.141,2721.435,2223.2562310000003,2388.264001
2023-05-27 14:00:00,1047.091,2806.069,2276.1466979999996,2444.772666
2023-05-27 15:00:00,1081.949,2867.4986670000003,2351.4036969999997,2398.888667
2023-05-27 16:00:00,1118.0059999999999,3058.3076659999997,2510.217265,2497.8540000000003
2023-05-27 17:00:00,1190.8110000000001,3077.295667,2665.1684330000003,2602.3106669999997
2023-05-27 18:00:00,1229.1190000000001,3253.1320000000005,2815.1726989999997,2740.7973340000003
2023-05-27 19:00:00,1283.951,3257.774,2779.004566,2755.265
2023-05-27 20:00:00,1195.425,3149.501,2716.479531,2808.958
2023-05-27 21:00:00,1201.212,3018.1710000000003,2604.202932,2710.623
2023-05-27 22:00:00,1177.5030000000002,2968.4170000000004,2552.6121329999996,2543.187
2023-05-27 23:00:00,1033.463,2681.3819999999996,2236.6619330000003,2289.7780000000002
2023-05-28 00:00:00,897.0050000000001,2280.0380000000005,1951.126099,2000.290666
2023-05-28 01:00:00,742.662,1989.4796669999998,1636.203996,1699.6139999999998
2023-05-28 02:00:00,683.6580000000001,1760.0496660000001,1410.4143319999998,1473.1226649999999
2023-05-28 03:00:00,605.969,1634.973333,1289.824497,1343.802668
2023-05-28 04:00:00,586.068,1544.211,1219.0553650000002,1296.907666
2023-05-28 05:00:00,551.413,1517.946,1196.137197,1325.1290000000001
2023-05-28 06:00:00,582.6379999999999,1599.014667,1211.1681979999998,1344.806
2023-05-28 07:00:00,673.913,1726.112667,1375.14893,1514.773667
2023-05-28 08:00:00,783.342,2030.992667,1593.8357310000001,1708.2596669999998
2023-05-28 09:00:00,892.778,2275.7906669999998,1936.978664,1968.174001
2023-05-28 10:00:00,959.7379999999999,2568.129333,2104.232663,2146.815
2023-05-28 11:00:00,974.21,2632.384,2160.843298,2280.4076670000004
2023-05-28 12:00:00,1000.1160000000001,2662.6223330000003,2267.194165,2344.0136669999997
2023-05-28 13:00:00,1022.575,2662.5950000000003,2228.6802639999996,2387.575333
2023-05-28 14:00:00,985.791,2679.516333,2286.481331,2353.938667
2023-05-28 15:00:00,1013.31,2640.139,2218.681798,2306.517333
2023-05-28 16:00:00,1017.7950000000001,2668.9853329999996,2239.516399,2332.594
2023-05-28 17:00:00,1055.075,2767.673,2333.622164,2346.6096669999997
2023-05-28 18:00:00,1136.019,2843.2039999999997,2492.7811979999997,2551.358
2023-05-28 19:00:00,1182.1979999999999,2932.452,2563.141899,2713.9116670000003
2023-05-28 20:00:00,1218.38,2956.738,2508.134597,2637.233
2023-05-28 21:00:00,1153.789,2947.3,2489.738331,2532.3379999999997
2023-05-28 22:00:00,1139.631,2883.0930000000003,2436.215697,2506.809
2023-05-28 23:00:00,1053.554,2729.296,2224.257497,2420.129001
2023-05-29 00:00:00,888.285667,2380.241416,1861.763497,2006.625667
2023-05-29 01:00:00,719.348,2015.297999,1583.116997,1727.592666
2023-05-29 02:00:00,635.010666,1718.906,1348.052999,1478.3723340000001
2023-05-29 03:00:00,577.528,1572.179,1252.767698,1347.3959989999998
2023-05-29 04:00:00,553.364,1503.626333,1197.787731,1310.712
2023-05-29 05:00:00,539.221,1524.192333,1188.709565,1263.157
2023-05-29 06:00:00,570.018,1615.227667,1216.544765,1330.295334
2023-05-29 07:00:00,632.289,1717.316333,1337.528499,1504.5030000000002
2023-05-29 08:00:00,706.009,1947.084667,1558.058333,1667.064001
2023-05-29 09:00:00,832.4939999999999,2247.191667,1850.066398,1891.431667
2023-05-29 10:00:00,937.7760000000001,2447.934,2156.403897,2158.330333
2023-05-29 11:00:00,1051.732,2643.759,2314.439031,2385.175
2023-05-29 12:00:00,1084.848,2684.177333,2415.852398,2438.706334
2023-05-29 13:00:00,1089.416,2831.245667,2488.1322979999995,2424.7129999999997
2023-05-29 14:00:00,1071.183,2777.0869999999995,2357.397997,2457.205
2023-05-29 15:00:00,1150.797,2807.374,2440.283665,2513.5363340000004
2023-05-29 16:00:00,1126.173,3007.506333,2525.5992319999996,2654.4600010000004
2023-05-29 17:00:00,1249.442,3214.896,2683.5445330000002,2733.0676670000003
2023-05-29 18:00:00,1323.33,3324.5026669999997,2864.7780319999997,2995.7540000000004
2023-05-29 19:00:00,1407.9769999999999,3481.1466659999996,2879.526831,3040.3619999999996
2023-05-29 20:00:00,1400.588,3448.729667,2876.330665,3103.063333
2023-05-29 21:00:00,1368.211,3382.338,2952.7022990000005,3084.987001
2023-05-29 22:00:00,1319.6799999999998,3391.767,2801.537998,3022.157334
2023-05-29 23:00:00,1116.754,2926.404,2375.447997,2546.779667
2023-05-30 00:00:00,904.608,2351.8563329999997,1957.567796,2019.0846660000002
2023-05-30 01:00:00,718.969,1938.452,1634.163666,1668.389001
2023-05-30 02:00:00,652.061,1729.1243330000002,1395.969597,1441.596
2023-05-30 03:00:00,592.8453340000001,1569.687334,1269.4285639999998,1339.0749990000002
2023-05-30 04:00:00,569.765333,1523.032,1238.2633660000001,1273.190334
2023-05-30 05:00:00,577.8230000000001,1573.907,1315.31313,1326.543334
2023-05-30 06:00:00,666.2449999999999,1774.044,1425.4155660000001,1525.222667
2023-05-30 07:00:00,791.9670000000001,2046.927,1674.8487,1813.511332
2023-05-30 08:00:00,925.465,2305.7520000000004,1876.8076310000001,2125.563334
2023-05-30 09:00:00,870.606,2254.6630000000005,1936.5208309999998,2104.027
2023-05-30 10:00:00,831.517,2285.8819999999996,1884.517499,2108.4570000000003
2023-05-30 11:00:00,865.513,2318.54,1939.4092979999998,2093.727667
2023-05-30 12:00:00,902.9960000000001,2286.441,1934.241599,2149.583
2023-05-30 13:00:00,935.5039999999999,2383.1589999999997,1980.678231,2127.2573329999996
2023-05-30 14:00:00,867.238,2318.8559999999998,1926.588299,2127.572
2023-05-30 15:00:00,847.1320000000001,2222.1006669999997,1923.24263,2023.076
2023-05-30 16:00:00,896.2280000000001,2396.4034169999995,2026.008465,2062.391667
2023-05-30 17:00:00,940.489,2585.209,2131.18423,2280.630333
2023-05-30 18:00:00,1036.783,2822.732,2331.811064,2478.218
2023-05-30 19:00:00,1170.013,3015.812,2514.8565980000003,2601.1000000000004
2023-05-30 20:00:00,1200.578,2967.8680000000004,2568.6741970000003,2676.047333
2023-05-30 21:00:00,1158.742,3073.006,2541.895498,2685.627
2023-05-30 22:00:00,1096.4470000000001,2976.663,2412.152,2645.304667
2023-05-30 23:00:00,974.837,2648.92,2180.722299,2303.6800000000003
2023-05-31 00:00:00,803.858333,2297.4983329999995,1741.3624300000001,1913.632
2023-05-31 01:00:00,666.8836660000001,1883.996667,1499.868297,1579.18
2023-05-31 02:00:00,609.601,1687.946,1324.157897,1458.470665
2023-05-31 03:00:00,561.4929999999999,1579.385667,1258.378567,1360.952668
2023-05-31 04:00:00,553.175,1573.989,1203.173265,1303.930333
2023-05-31 05:00:00,573.763,1587.743,1296.1079639999998,1380.348
2023-05-31 06:00:00,640.979,1782.807,1413.9876669999999,1562.659334
2023-05-31 07:00:00,771.759,2024.2559999999999,1696.736433,1890.634333
2023-05-31 08:00:00,940.884,2274.8469999999998,1919.299798,2171.5573329999997
2023-05-31 09:00:00,932.9950000000001,2405.284,2009.2250319999998,2180.602
2023-05-31 10:00:00,867.787,2330.4449999999997,1946.745532,2103.851
2023-05-31 11:00:00,863.4659999999999,2301.343,1905.652199,2067.055
2023-05-31 12:00:00,845.697,2295.051,1909.806099,2075.570333
2023-05-31 13:00:00,844.348667,2303.733,1918.750998,2036.001
2023-05-31 14:00:00,861.143,2221.073,1841.374265,2030.9720000000002
2023-05-31 15:00:00,849.639333,2271.7160000000003,1838.803199,1983.0500000000002
2023-05-31 16:00:00,871.489,2378.016999,1993.158266,2010.0079999999998
2023-05-31 17:00:00,924.864,2601.108667,2162.261198,2162.483667
2023-05-31 18:00:00,1063.4450000000002,2747.1349999999998,2312.1064969999998,2378.834667
2023-05-31 19:00:00,1070.855,2903.516,2393.861498,2618.435
2023-05-31 20:00:00,1122.4830000000002,2910.966,2380.7588,2647.088667
2023-05-31 21:00:00,1148.062,2902.641,2386.192099,2679.423667
2023-05-31 22:00:00,1158.534,2995.211667,2390.916932,2629.591667
2023-05-31 23:00:00,989.912,2610.492667,2118.0852999999997,2321.4750000000004
2023-06-01 00:00:00,805.793,2236.974,1779.400265,1960.6999999999998
2023-06-01 01:00:00,671.979,1900.014667,1462.392065,1634.546333
2023-06-01 02:00:00,623.3233319999999,1670.040666,1317.3164310000002,1453.3586679999999
2023-06-01 03:00:00,587.793,1607.23,1269.8437959999999,1357.78
2023-06-01 04:00:00,583.205,1589.38,1243.256264,1316.513334
2023-06-01 05:00:00,580.8789999999999,1667.912,1335.732731,1401.193999
2023-06-01 06:00:00,670.217,1917.723,1488.562597,1589.802333
2023-06-01 07:00:00,807.9859999999999,2183.964,1775.1009960000001,1858.377
2023-06-01 08:00:00,916.711,2419.155333,2002.0258629999998,2200.223666
2023-06-01 09:00:00,910.0740000000001,2327.079,2095.376464,2193.6333329999998
2023-06-01 10:00:00,872.873,2346.0739999999996,2044.0811289999997,2119.715001
2023-06-01 11:00:00,879.596,2358.4359999999997,1957.4174319999997,2052.225667
2023-06-01 12:00:00,883.879,2286.073,1948.207097,2019.261666
2023-06-01 13:00:00,829.0039999999999,2283.967,1875.826599,1956.487
2023-06-01 14:00:00,827.8820000000001,2211.2400000000002,1867.96093,1920.136
2023-06-01 15:00:00,813.226,2273.3959999999997,1823.7390650000002,1881.769334
2023-06-01 16:00:00,858.349,2377.022,1903.745197,2005.948334
2023-06-01 17:00:00,936.683,2537.221,2146.817798,2200.448333
2023-06-01 18:00:00,1045.904,2784.9429999999998,2308.748598,2373.3463330000004
2023-06-01 19:00:00,1122.385,2915.532,2429.353098,2481.9796669999996
2023-06-01 20:00:00,1175.722,2913.6530000000002,2435.6261299999996,2546.710333
2023-06-01 21:00:00,1116.0430000000001,3033.9530000000004,2467.7931980000003,2613.099
2023-06-01 22:00:00,1124.3799999999999,2951.368,2452.493832,2595.1623329999998
2023-06-01 23:00:00,1029.609,2671.482,2134.6189320000003,2278.61
2023-06-02 00:00:00,832.297,2261.389,1772.7320659999998,1915.1986670000001
2023-06-02 01:00:00,680.771,1885.151334,1459.949831,1609.625667
2023-06-02 02:00:00,596.948666,1669.261,1318.19463,1453.9803339999999
2023-06-02 03:00:00,557.216666,1526.984666,1215.821966,1351.1643330000002
2023-06-02 04:00:00,552.2070000000001,1507.5140000000001,1196.575433,1292.636667
2023-06-02 05:00:00,561.201,1571.009,1261.908631,1349.5236670000002
2023-06-02 06:00:00,632.27,1776.018,1389.1876,1516.423
2023-06-02 07:00:00,772.437,2031.874,1715.7522330000002,1819.158001
2023-06-02 08:00:00,873.162,2259.673,1888.143199,2105.6146670000003
2023-06-02 09:00:00,926.297,2292.0650000000005,1874.7799649999997,2160.987333
2023-06-02 10:00:00,830.8510000000001,2288.341,1894.8543659999998,2047.016001
2023-06-02 11:00:00,849.1899999999999,2293.335,1889.8245,2095.859
2023-06-02 12:00:00,858.1980000000001,2263.37,1887.196996,2143.133666
2023-06-02 13:00:00,889.4159999999999,2260.732,1906.571097,2061.5919999999996
2023-06-02 14:00:00,897.098,2257.4849999999997,2035.9183990000001,2000.7669999999998
2023-06-02 15:00:00,914.066,2406.4610000000002,2056.6780989999997,2026.963667
2023-06-02 16:00:00,964.4899999999999,2557.509666,2233.758965,2118.8723330000003
2023-06-02 17:00:00,1052.709,2808.832,2423.640199,2327.816667
2023-06-02 18:00:00,1130.569,3013.286,2627.7742980000003,2535.7889999999998
2023-06-02 19:00:00,1177.198,3077.264,2705.303632,2669.785667
2023-06-02 20:00:00,1164.613,3006.332,2658.4819989999996,2560.767667
2023-06-02 21:00:00,1180.938,3013.137,2502.0384970000005,2571.718001
2023-06-02 22:00:00,1123.423,2930.73,2428.081597,2547.675333
2023-06-02 23:00:00,1014.485,2638.4610000000002,2176.460398,2341.9390000000003
2023-06-03 00:00:00,864.836,2314.667,1846.628065,2013.951
2023-06-03 01:00:00,738.8306670000001,1953.252333,1487.9848339999999,1723.138334
2023-06-03 02:00:00,641.355,1713.052667,1329.3493640000002,1481.619334
2023-06-03 03:00:00,588.6880000000001,1568.0366669999999,1272.520331,1415.889333
2023-06-03 04:00:00,551.202,1535.6309999999999,1197.3162969999998,1357.6813339999999
2023-06-03 05:00:00,545.0219999999999,1521.1909999999998,1204.69353,1326.833
2023-06-03 06:00:00,578.0419999999999,1620.4700000000003,1229.1284660000001,1394.984
2023-06-03 07:00:00,660.242,1729.689,1392.4703319999999,1513.409667
2023-06-03 08:00:00,784.431,2033.9989999999998,1619.019799,1863.693
2023-06-03 09:00:00,942.245,2278.1589999999997,1874.015131,2135.013
2023-06-03 10:00:00,994.75,2470.654,1998.212231,2200.8906669999997
2023-06-03 11:00:00,1021.81,2576.224,2228.180263,2351.837667
2023-06-03 12:00:00,982.519,2725.4710000000005,2215.365965,2404.291
2023-06-03 13:00:00,1050.914,2684.763,2224.013399,2411.556334
2023-06-03 14:00:00,1074.757,2761.634,2286.1228640000004,2325.608667
2023-06-03 15:00:00,1065.586,2764.562334,2403.635331,2331.080334
2023-06-03 16:00:00,1125.8793329999999,2998.049333,2508.279465,2465.388333
2023-06-03 17:00:00,1204.7620000000002,3099.7163330000003,2590.371365,2546.249001
2023-06-03 18:00:00,1250.085,3151.293668,2683.85303,2659.393333
2023-06-03 19:00:00,1297.4740000000002,3241.401667,2742.860999,2781.0179989999997
2023-06-03 20:00:00,1233.152,3207.422,2703.066198,2796.806668
2023-06-03 21:00:00,1212.008,3078.718,2641.9812,2764.4883330000002
2023-06-03 22:00:00,1170.99,2997.757,2552.128632,2681.202334
2023-06-03 23:00:00,1078.527,2744.788,2210.659063,2428.4759999999997
2023-06-04 00:00:00,901.337,2351.118,1944.777999,2028.344666
2023-06-04 01:00:00,758.499,1986.608333,1665.098097,1738.668666
2023-06-04 02:00:00,643.684334,1754.154333,1393.771198,1510.361665
2023-06-04 03:00:00,583.463667,1608.094333,1250.069298,1365.156001
2023-06-04 04:00:00,550.9760000000001,1543.399,1192.0541980000003,1296.899333
2023-06-04 05:00:00,545.704,1504.1480000000001,1177.240531,1299.8120000000001
2023-06-04 06:00:00,565.6809999999999,1563.176,1209.2545989999999,1367.771667
2023-06-04 07:00:00,645.972,1747.398,1348.5613980000003,1496.3323340000002
2023-06-04 08:00:00,773.271,2007.037,1616.609497,1772.9180000000001
2023-06-04 09:00:00,856.405,2314.778,1951.037731,2087.215667
2023-06-04 10:00:00,984.5640000000001,2549.651,2101.936697,2257.8950000000004
2023-06-04 11:00:00,1014.545,2681.922,2196.447298,2347.2626659999996
2023-06-04 12:00:00,1026.989,2758.365,2305.153797,2415.617334
2023-06-04 13:00:00,1004.324,2848.6449999999995,2383.5551299999997,2504.919
2023-06-04 14:00:00,1059.653333,2810.777,2360.414633,2484.6443329999997
2023-06-04 15:00:00,1106.213666,2766.216,2368.079566,2582.559333
2023-06-04 16:00:00,1110.781334,2934.446,2459.4000969999997,2577.418667
2023-06-04 17:00:00,1162.213667,3093.8869999999997,2643.426997,2730.292667
2023-06-04 18:00:00,1281.458333,3270.657,2756.421497,2794.33
2023-06-04 19:00:00,1349.605333,3342.571,2857.168164,2987.5919999999996
2023-06-04 20:00:00,1300.635333,3384.9809999999998,2800.53503,2968.759
2023-06-04 21:00:00,1276.2126670000002,3261.428,2805.2084990000003,2881.125
2023-06-04 22:00:00,1215.102667,3315.107,2706.2412299999996,2800.301333
2023-06-04 23:00:00,1056.2633329999999,2937.1929999999998,2351.218732,2494.289334
2023-06-05 00:00:00,859.9083330000001,2424.682,1857.2356300000001,1969.154333
2023-06-05 01:00:00,697.6683330000001,1934.071,1524.459266,1664.9379990000002
2023-06-05 02:00:00,618.703333,1741.156668,1334.0171,1442.322334
2023-06-05 03:00:00,565.775667,1594.4606660000002,1232.714665,1325.9573340000002
2023-06-05 04:00:00,565.847667,1509.733666,1193.526898,1286.885001
2023-06-05 05:00:00,579.707,1551.9560000000001,1256.781963,1314.06
2023-06-05 06:00:00,642.947,1702.34,1391.7967990000002,1495.192667
2023-06-05 07:00:00,788.8249999999999,1952.356,1667.9917329999998,1814.5696670000002
2023-06-05 08:00:00,915.557,2199.7149999999997,1799.218734,2056.964667
2023-06-05 09:00:00,918.6730000000001,2243.188,1853.415365,2094.232333
2023-06-05 10:00:00,868.265,2193.111,1862.3092980000001,2002.9539999999997
2023-06-05 11:00:00,881.808,2244.66,1936.123066,2010.971667
2023-06-05 12:00:00,890.984,2304.0170000000003,1960.982931,2083.43
2023-06-05 13:00:00,929.56,2370.696,2004.2343649999998,2200.833333
2023-06-05 14:00:00,956.7689999999999,2484.2619999999997,2124.6456319999998,2222.4449999999997
2023-06-05 15:00:00,968.6700000000001,2688.531,2256.795132,2284.055333
2023-06-05 16:00:00,1053.304,2901.741,2434.8720980000003,2438.695667
2023-06-05 17:00:00,1187.656,3210.1059999999998,2773.592864,2743.247
2023-06-05 18:00:00,1317.145,3341.415,3013.018999,2944.982667
2023-06-05 19:00:00,1419.403,3603.9350000000004,3136.265797,3125.755
2023-06-05 20:00:00,1435.732,3438.7490000000003,3007.3300310000004,3073.96
2023-06-05 21:00:00,1371.327,3470.2529999999997,2950.874468,3028.348667
2023-06-05 22:00:00,1281.0280000000002,3242.2329999999997,2745.695998,2920.815
2023-06-05 23:00:00,1102.9270000000001,2843.0299999999997,2400.742865,2529.7153339999995
2023-06-06 00:00:00,927.0350000000001,2332.08,1908.956597,2106.002666
2023-06-06 01:00:00,748.52,1990.107667,1565.7126630000002,1780.784001
2023-06-06 02:00:00,650.086,1735.509333,1387.610132,1546.399
2023-06-06 03:00:00,591.3499999999999,1576.052334,1276.2304330000002,1423.5249990000002
2023-06-06 04:00:00,571.971,1518.587,1269.8320979999999,1340.7503339999998
2023-06-06 05:00:00,568.4119999999999,1509.0240000000001,1310.6303990000001,1338.557
2023-06-06 06:00:00,664.175,1693.866,1414.1393990000001,1499.03
2023-06-06 07:00:00,784.892,1988.16,1656.219231,1779.4009999999998
2023-06-06 08:00:00,911.6750000000001,2132.537,1850.607366,2047.5320000000002
2023-06-06 09:00:00,886.570001,2228.371,1759.574599,2022.574
2023-06-06 10:00:00,848.434,2259.289,1786.733796,2008.5290000000002
2023-06-06 11:00:00,874.1610000000001,2268.141,1837.9191300000002,2070.629667
2023-06-06 12:00:00,917.529,2404.6730000000002,1986.797099,2202.509
2023-06-06 13:00:00,950.070999,2647.1459999999997,2129.997398,2298.9440000000004
2023-06-06 14:00:00,1003.904,2785.501,2318.115065,2449.5060000000003
2023-06-06 15:00:00,1162.284667,3048.203,2572.390799,2688.929
2023-06-06 16:00:00,1312.0929999999998,3491.14,2957.433196,3053.3459999999995
2023-06-06 17:00:00,1513.0610000000001,3977.055,3418.0029320000003,3507.614333
2023-06-06 18:00:00,1701.5030000000002,4326.25,3873.993132,3841.6396670000004
2023-06-06 19:00:00,1812.032,4582.807999999999,3980.610431,3995.1006670000006
2023-06-06 20:00:00,1821.59,4500.6539999999995,3892.5831989999997,4034.851001
2023-06-06 21:00:00,1789.858,4433.929,3687.7306989999997,3898.922667
2023-06-06 22:00:00,1681.855,4155.3369999999995,3577.8871959999997,3737.612333
2023-06-06 23:00:00,1441.5339999999999,3623.71,3131.208965,3296.5460000000003
2023-06-07 00:00:00,1185.518,3035.831,2559.619863,2721.892334
2023-06-07 01:00:00,998.796,2541.909,2033.3092649999999,2257.0963330000004
2023-06-07 02:00:00,851.5169999999999,2115.564,1751.834166,1916.184999
2023-06-07 03:00:00,778.402,1936.090667,1530.554965,1672.628333
2023-06-07 04:00:00,719.993,1786.128001,1419.4020990000001,1546.1509999999998
2023-06-07 05:00:00,684.458,1790.601333,1424.444998,1514.1680000000001
2023-06-07 06:00:00,731.346,1890.8300000000002,1503.43563,1591.0266669999999
2023-06-07 07:00:00,836.071,2087.2143340000002,1694.8409980000001,1898.9353330000001
2023-06-07 08:00:00,936.425,2302.703334,1857.575531,2131.96
2023-06-07 09:00:00,921.4269999999999,2409.601,1963.953363,2101.6566669999997
2023-06-07 10:00:00,902.691,2332.403333,1932.345998,2080.426
2023-06-07 11:00:00,889.0160000000001,2374.785667,1914.65443,2140.7743330000003
2023-06-07 12:00:00,955.662,2441.8433330000003,2001.692864,2248.356
2023-06-07 13:00:00,997.588,2608.893334,2149.336533,2292.017
2023-06-07 14:00:00,1053.051,2666.669,2234.541064,2317.213667
2023-06-07 15:00:00,1137.1950000000002,2854.530667,2329.274431,2472.121
2023-06-07 16:00:00,1261.438,3199.207,2713.541197,2823.577
2023-06-07 17:00:00,1447.9589999999998,3603.801333,3137.698834,3145.9030000000002
2023-06-07 18:00:00,1579.336,3959.377333,3534.513366,3534.865333
2023-06-07 19:00:00,1656.001,4077.1380000000004,3610.1713990000003,3674.119334
2023-06-07 20:00:00,1648.891,4076.537666,3517.3324650000004,3752.864668
2023-06-07 21:00:00,1657.237,3974.047,3489.163066,3600.789667
2023-06-07 22:00:00,1574.8809999999999,3884.449667,3312.04033,3414.8250000000003
2023-06-07 23:00:00,1356.643,3399.4210000000003,2837.867163,3003.981667
2023-06-08 00:00:00,1130.801,2812.2973330000004,2317.650331,2540.812
2023-06-08 01:00:00,943.685,2321.984667,1887.2713979999999,2080.3360000000002
2023-06-08 02:00:00,782.325,2007.097999,1626.2652309999999,1737.321334
2023-06-08 03:00:00,703.0989999999999,1825.835,1466.560263,1565.1866679999998
2023-06-08 04:00:00,659.635,1715.191667,1373.114662,1455.574999
2023-06-08 05:00:00,651.432,1704.084667,1396.270165,1438.914
2023-06-08 06:00:00,696.6179999999999,1852.519667,1466.703366,1552.341334
2023-06-08 07:00:00,778.366,2089.8019999999997,1688.470166,1820.323667
2023-06-08 08:00:00,924.428,2269.0833329999996,1877.037731,2018.7039999999997
2023-06-08 09:00:00,928.31,2267.324334,1898.155633,2045.0536670000001
2023-06-08 10:00:00,878.4960000000001,2234.7433330000003,1899.205097,2016.9663340000002
2023-06-08 11:00:00,837.9189999999999,2279.744,1900.824231,2003.1399999999999
2023-06-08 12:00:00,882.268,2291.025667,1896.79553,2104.175
2023-06-08 13:00:00,937.2950000000001,2448.673334,1989.6176990000001,2136.3693329999996
2023-06-08 14:00:00,942.8969999999999,2468.947333,2030.439797,2174.322667
2023-06-08 15:00:00,895.529,2450.099667,2080.9463,2241.086667
2023-06-08 16:00:00,1000.193,2630.809,2213.539264,2280.1853330000004
2023-06-08 17:00:00,1079.9740000000002,2800.104334,2406.7156330000003,2413.567
2023-06-08 18:00:00,1179.426,2966.428667,2541.4722300000003,2621.347667
2023-06-08 19:00:00,1257.9470000000001,3026.527333,2564.302763,2741.639
2023-06-08 20:00:00,1233.601,3068.030333,2641.235332,2820.2823340000004
2023-06-08 21:00:00,1283.714,3128.044667,2653.048062,2830.7039999999997
2023-06-08 22:00:00,1237.3580000000002,3012.7566669999997,2585.0163649999995,2795.902
2023-06-08 23:00:00,1104.435,2729.012334,2358.3994000000002,2482.428
2023-06-09 00:00:00,926.153,2337.153333,1969.5932309999998,2006.374667
2023-06-09 01:00:00,741.827,1973.11,1625.3605670000002,1723.412
2023-06-09 02:00:00,693.541,1741.0910000000001,1455.671865,1509.100333
2023-06-09 03:00:00,630.831,1584.092334,1307.327432,1389.489333
2023-06-09 04:00:00,600.81,1555.26,1249.12193,1323.75
2023-06-09 05:00:00,586.221,1557.472333,1282.525231,1339.0463340000001
2023-06-09 06:00:00,639.078,1690.406,1366.681799,1449.690333
2023-06-09 07:00:00,761.067,1877.7633329999999,1560.0207340000002,1731.931667
2023-06-09 08:00:00,875.116,2136.129666,1827.718866,1981.15
2023-06-09 09:00:00,901.011,2188.162667,1885.7027629999998,2064.034333
2023-06-09 10:00:00,860.018,2264.869333,1952.038133,2022.413
2023-06-09 11:00:00,870.511,2267.574333,1972.2011009999999,2032.1860000000001
2023-06-09 12:00:00,922.482,2335.869666,2041.358765,2137.592
2023-06-09 13:00:00,905.5189999999999,2432.202666,2094.089398,2103.0699999999997
2023-06-09 14:00:00,891.117,2420.009333,2092.639765,2025.257
2023-06-09 15:00:00,848.5840000000001,2389.4710000000005,2049.7818310000002,2037.892
2023-06-09 16:00:00,921.6030000000001,2482.446,2100.349731,2094.607333
2023-06-09 17:00:00,890.5930000000001,2591.306333,2234.590699,2266.6179999999995
2023-06-09 18:00:00,1014.3690000000001,2769.681917,2414.433798,2384.7646670000004
2023-06-09 19:00:00,1016.596,2767.8436659999998,2386.423063,2419.507
2023-06-09 20:00:00,1037.9270000000001,2723.964,2352.877497,2411.94
2023-06-09 21:00:00,1003.7359999999999,2728.996,2347.9494299999997,2407.142
2023-06-09 22:00:00,1042.712,2699.785,2182.6906689999996,2356.497
2023-06-09 23:00:00,952.7040000000001,2506.2188340000002,2052.824267,2192.6503330000005
2023-06-10 00:00:00,821.976,2223.9269999999997,1772.008465,1929.025
2023-06-10 01:00:00,710.684,1923.645,1486.1743649999999,1639.246667
2023-06-10 02:00:00,621.3,1674.938667,1353.12043,1416.997667
2023-06-10 03:00:00,581.679,1565.647,1243.167761,1322.030333
2023-06-10 04:00:00,561.672,1512.3883329999999,1180.003099,1262.8890000000001
2023-06-10 05:00:00,541.8589999999999,1493.868333,1185.604295,1262.136
2023-06-10 06:00:00,575.6010000000001,1591.382,1250.8427299999998,1368.785333
2023-06-10 07:00:00,633.1279999999999,1774.086333,1364.972463,1541.921
2023-06-10 08:00:00,738.412,2049.782333,1616.491465,1803.285
2023-06-10 09:00:00,885.895,2350.014334,1900.77353,2059.293666
2023-06-10 10:00:00,976.8340000000001,2574.849,2075.898262,2260.54
2023-06-10 11:00:00,975.508,2615.807334,2152.937265,2329.529
2023-06-10 12:00:00,1020.259,2672.044999,2125.391665,2387.7529999999997
2023-06-10 13:00:00,1021.943,2739.490666,2208.3694960000003,2310.614
2023-06-10 14:00:00,1000.0709999999999,2723.88,2261.4992650000004,2274.892
2023-06-10 15:00:00,969.729,2760.860667,2243.5765309999997,2328.498333
2023-06-10 16:00:00,1031.497,2771.674,2371.9763980000002,2324.3573340000003
2023-06-10 17:00:00,1072.261,2907.823333,2406.819998,2377.802
2023-06-10 18:00:00,1195.905,3055.075333,2524.3261970000003,2584.928334
2023-06-10 19:00:00,1273.894,3104.6983330000003,2571.1651,2597.7740000000003
2023-06-10 20:00:00,1188.7759999999998,2963.742667,2479.1209,2571.054
2023-06-10 21:00:00,1176.673,2896.162667,2447.621933,2553.951
2023-06-10 22:00:00,1139.402,2881.835666,2455.731266,2556.842
2023-06-10 23:00:00,1022.6750000000002,2670.889667,2177.768696,2407.316
2023-06-11 00:00:00,878.319,2305.114333,1863.721732,2027.8353339999999
2023-06-11 01:00:00,781.7059999999999,1962.404,1610.826498,1746.4156659999999
2023-06-11 02:00:00,672.544,1690.130667,1372.057331,1504.088999
2023-06-11 03:00:00,613.3040000000001,1556.719666,1276.4076650000002,1370.603001
2023-06-11 04:00:00,576.518,1519.2820000000002,1211.094065,1297.214
2023-06-11 05:00:00,563.369,1478.7939999999999,1189.207997,1293.289
2023-06-11 06:00:00,552.971,1538.021667,1221.134932,1321.033334
2023-06-11 07:00:00,638.577,1656.858666,1326.527866,1457.353333
2023-06-11 08:00:00,733.194,1960.891667,1543.771328,1683.806667
2023-06-11 09:00:00,839.122,2194.1316669999997,1897.272396,1968.5820010000002
2023-06-11 10:00:00,953.0989999999999,2479.8329999999996,2067.888795,2227.4233329999997
2023-06-11 11:00:00,986.575,2666.9883330000002,2271.9134990000002,2355.2893329999997
2023-06-11 12:00:00,1091.72,2767.526,2354.962098,2518.518
2023-06-11 13:00:00,1083.507,2923.896334,2468.258166,2535.369667
2023-06-11 14:00:00,1136.8310000000001,3015.8486669999998,2519.9760960000003,2630.315667
2023-06-11 15:00:00,1159.5970000000002,3095.8233330000003,2638.617297,2691.7749999999996
2023-06-11 16:00:00,1265.0949999999998,3271.728334,2748.6990969999997,2771.7309999999998
2023-06-11 17:00:00,1344.978,3484.576,2914.728599,2919.4939999999997
2023-06-11 18:00:00,1421.375,3656.957667,3003.6410960000003,3107.759333
2023-06-11 19:00:00,1494.73,3669.547667,3143.896498,3185.6499999999996
2023-06-11 20:00:00,1498.347,3729.721666,3121.7120320000004,3209.538334
2023-06-11 21:00:00,1438.5320000000002,3588.463667,3022.4184999999998,3186.544333
2023-06-11 22:00:00,1421.693,3469.7670000000003,2899.118166,3086.807334
2023-06-11 23:00:00,1227.135,3075.557,2604.321666,2639.8140009999997
2023-06-12 00:00:00,1015.686,2616.251667,2174.7907,2178.8630000000003
2023-06-12 01:00:00,825.23,2147.862667,1727.048633,1834.171666
2023-06-12 02:00:00,707.8439999999999,1848.247667,1450.732431,1601.963334
2023-06-12 03:00:00,644.806,1709.377,1336.0187649999998,1444.820667
2023-06-12 04:00:00,611.106,1602.23,1270.60543,1372.673667
2023-06-12 05:00:00,624.2470000000001,1581.249667,1292.508231,1349.301
2023-06-12 06:00:00,657.145,1733.7849999999999,1412.678966,1475.134
2023-06-12 07:00:00,775.633,1999.759667,1631.134629,1784.426
2023-06-12 08:00:00,880.532,2234.492,1805.041464,2012.922
2023-06-12 09:00:00,940.464,2290.227667,1946.362697,2083.3393330000004
2023-06-12 10:00:00,908.155,2312.168667,1980.958763,2181.293667
2023-06-12 11:00:00,960.746,2483.898,2119.262834,2232.8909999999996
2023-06-12 12:00:00,1044.025,2692.899667,2254.660565,2380.667333
2023-06-12 13:00:00,1136.623,2932.2909999999997,2436.159898,2679.299
2023-06-12 14:00:00,1221.141,3294.741333,2660.624796,2815.808
2023-06-12 15:00:00,1326.0810000000001,3468.191,2975.54783,3076.5243330000003
2023-06-12 16:00:00,1481.714,3887.5,3267.146131,3391.616001
2023-06-12 17:00:00,1658.176,4330.678,3657.160764,3795.316
2023-06-12 18:00:00,1862.868,4669.752333,4033.033067,4094.2
2023-06-12 19:00:00,1991.712,4769.989,4153.3932,4260.057666000001
2023-06-12 20:00:00,2015.0460000000003,4700.931333,4033.4098980000003,4275.069667
2023-06-12 21:00:00,1855.5480000000002,4490.275,3878.512534,4093.8060000000005
2023-06-12 22:00:00,1763.7110000000002,4245.016334,3618.970067,3898.427667
2023-06-12 23:00:00,1504.874,3739.5750000000003,3165.8085980000005,3322.539
2023-06-13 00:00:00,1208.3029999999999,3135.1409999999996,2539.455731,2727.362333
2023-06-13 01:00:00,966.8,2581.46,2009.939065,2235.840668
2023-06-13 02:00:00,863.5029999999999,2190.465,1747.435065,1930.6906669999998
2023-06-13 03:00:00,761.254,1936.2493329999998,1560.737598,1702.875332
2023-06-13 04:00:00,697.77,1805.862666,1429.877831,1562.574334
2023-06-13 05:00:00,681.393,1777.540667,1437.556764,1489.905334
2023-06-13 06:00:00,740.2840000000001,1855.101333,1501.006431,1599.591333
2023-06-13 07:00:00,856.363,2067.712333,1728.5379000000003,1870.152333
2023-06-13 08:00:00,961.3969999999999,2284.400666,1830.701097,2136.8636669999996
2023-06-13 09:00:00,917.193,2378.717667,1964.380966,2144.5516669999997
2023-06-13 10:00:00,875.222,2308.209,1920.482732,2079.004667
2023-06-13 11:00:00,921.432,2365.699667,1918.599165,2079.076667
2023-06-13 12:00:00,951.886,2435.416001,1986.930264,2169.249667
2023-06-13 13:00:00,982.829,2570.974333,2085.358532,2226.622667
2023-06-13 14:00:00,1032.372,2622.6826659999997,2136.266831,2306.5456670000003
2023-06-13 15:00:00,1054.1060000000002,2801.1890000000003,2221.8227639999996,2389.421001
2023-06-13 16:00:00,1151.9540000000002,2961.458334,2430.6616639999997,2534.121667
2023-06-13 17:00:00,1276.649,3271.7349999999997,2711.4477320000005,2761.5603330000004
2023-06-13 18:00:00,1374.0900000000001,3490.4710000000005,2964.527298,2954.351667
2023-06-13 19:00:00,1383.835,3537.9300000000003,3064.096265,3093.355334
2023-06-13 20:00:00,1341.73,3391.6193329999996,2874.687797,2997.205
2023-06-13 21:00:00,1295.027,3232.0983340000002,2731.740765,2975.9923329999997
2023-06-13 22:00:00,1238.666,3142.675,2654.4235,2792.073667
2023-06-13 23:00:00,1060.932,2742.803667,2279.7018980000003,2454.071667
2023-06-14 00:00:00,866.064,2333.5023330000004,1869.655333,1972.6583339999997
2023-06-14 01:00:00,732.1110000000001,1912.1913330000002,1585.479531,1694.359333
2023-06-14 02:00:00,642.056,1686.293,1375.930932,1476.098
2023-06-14 03:00:00,574.721,1578.914333,1239.9139639999999,1361.096
2023-06-14 04:00:00,572.773,1514.3049999999998,1198.9000299999998,1330.123
2023-06-14 05:00:00,590.835,1521.7150000000001,1256.519498,1279.393666
2023-06-14 06:00:00,637.106,1724.8290000000002,1403.307497,1437.503667
2023-06-14 07:00:00,727.086,1943.023666,1621.110898,1738.59
2023-06-14 08:00:00,871.597,2110.303334,1759.7869660000001,1991.86
2023-06-14 09:00:00,861.9350000000001,2250.709,1898.522098,1970.3770000000002
2023-06-14 10:00:00,826.424,2163.5380000000005,1834.698498,1904.795333
2023-06-14 11:00:00,837.437,2189.9766670000004,1819.885331,1976.159
2023-06-14 12:00:00,812.7280000000001,2246.831333,1916.3577639999999,2017.287667
2023-06-14 13:00:00,861.97,2316.3053339999997,1891.959401,1986.3503339999997
2023-06-14 14:00:00,841.792,2291.887,1849.7024979999999,1908.9773340000002
2023-06-14 15:00:00,831.741,2307.4396669999996,1823.938097,1878.346
2023-06-14 16:00:00,838.576,2438.2659999999996,1936.180264,2021.7839999999999
2023-06-14 17:00:00,898.38,2589.3683329999994,2079.800765,2188.804
2023-06-14 18:00:00,1019.315,2774.572,2308.5908980000004,2393.886
2023-06-14 19:00:00,1091.161,2890.3089999999997,2411.6811319999997,2543.238667
2023-06-14 20:00:00,1101.284,2847.641666,2357.9685630000004,2517.4460010000003
2023-06-14 21:00:00,1098.843,2900.8720000000003,2337.49203,2554.445667
2023-06-14 22:00:00,1105.902,2841.324667,2371.530162,2548.678333
2023-06-14 23:00:00,1014.8330000000001,2654.968,2137.225931,2267.4543329999997
2023-06-15 00:00:00,830.107,2172.455333,1739.332033,1913.956666
2023-06-15 01:00:00,723.6220000000001,1860.354667,1453.646098,1591.802334
2023-06-15 02:00:00,634.929,1639.690333,1311.770666,1437.919333
2023-06-15 03:00:00,577.124,1523.958,1261.240599,1331.59
2023-06-15 04:00:00,562.2740000000001,1509.7706670000002,1211.459897,1308.091667
2023-06-15 05:00:00,575.998,1536.8246669999999,1290.986865,1335.774334
2023-06-15 06:00:00,652.253,1717.848667,1436.478697,1495.6706669999999
2023-06-15 07:00:00,730.04,1959.076,1635.858296,1725.788
2023-06-15 08:00:00,830.308,2148.4053329999997,1831.38593,1910.470667
2023-06-15 09:00:00,863.998,2237.5053339999995,1895.9565659999998,2032.388667
2023-06-15 10:00:00,863.477,2228.326333,1833.0391300000001,2052.810001
2023-06-15 11:00:00,862.9970000000001,2231.928,1842.244999,1996.262667
2023-06-15 12:00:00,864.943,2241.586667,1879.5094639999998,2039.428
2023-06-15 13:00:00,885.343,2357.8083340000003,1882.0701319999998,2035.968
2023-06-15 14:00:00,865.125,2269.4973330000003,1842.4986,2055.0213329999997
2023-06-15 15:00:00,879.2929999999999,2302.0586670000002,1875.041565,2010.164
2023-06-15 16:00:00,896.8789999999999,2434.5126659999996,1977.257698,2061.631
2023-06-15 17:00:00,961.179,2653.587334,2181.878232,2259.187334
2023-06-15 18:00:00,1128.525,2943.2796670000002,2503.3419989999998,2482.532001
2023-06-15 19:00:00,1224.922,3063.681333,2594.015829,2613.602
2023-06-15 20:00:00,1228.333,3082.751333,2548.258932,2724.4476670000004
2023-06-15 21:00:00,1185.6190000000001,3080.498667,2591.5154979999998,2753.1783330000003
2023-06-15 22:00:00,1208.7710000000002,3064.794667,2553.7448329999997,2604.829667
2023-06-15 23:00:00,1043.057,2738.106334,2311.708633,2345.722667
2023-06-16 00:00:00,851.745,2289.016333,1900.619833,1997.279667
2023-06-16 01:00:00,726.1279999999999,1945.0069999999998,1577.4918659999998,1678.708333
2023-06-16 02:00:00,639.4300000000001,1699.008,1377.6316649999999,1457.0549999999998
2023-06-16 03:00:00,588.1859999999999,1539.255,1253.9452649999998,1341.080001
2023-06-16 04:00:00,560.7719999999999,1501.0230000000001,1192.57483,1265.454667
2023-06-16 05:00:00,555.159,1522.5193330000002,1241.8468320000002,1242.268
2023-06-16 06:00:00,603.195,1667.143,1357.5214299999998,1392.2930000000001
2023-06-16 07:00:00,724.488333,1883.8020000000001,1549.000963,1630.711667
2023-06-16 08:00:00,801.003333,2110.913333,1795.864998,1901.324668
2023-06-16 09:00:00,867.070667,2213.134,1873.695832,1957.556333
2023-06-16 10:00:00,884.929,2255.361333,1917.144198,2053.431
2023-06-16 11:00:00,867.415,2364.419333,1981.979632,2111.025333
2023-06-16 12:00:00,958.22,2461.152666,2016.5199969999999,2207.4293330000005
2023-06-16 13:00:00,1013.9449999999999,2586.3596660000003,2119.096132,2277.562667
2023-06-16 14:00:00,1025.511,2730.217333,2257.796699,2284.2746669999997
2023-06-16 15:00:00,1123.4850000000001,2914.2740000000003,2347.635865,2401.068001
2023-06-16 16:00:00,1153.79,3060.7980000000002,2491.294229,2516.651
2023-06-16 17:00:00,1217.986,3243.577333,2624.7215969999997,2734.830333
2023-06-16 18:00:00,1308.7890000000002,3395.002,2781.450799,2879.861667
2023-06-16 19:00:00,1300.213,3344.899666,2856.043165,2899.632666
2023-06-16 20:00:00,1268.6879999999999,3238.638,2708.777532,2723.184667
2023-06-16 21:00:00,1194.201,3193.026,2590.1590969999997,2623.924
2023-06-16 22:00:00,1197.269,2994.031,2440.419899,2628.248
2023-06-16 23:00:00,1084.513,2705.3716670000003,2228.763564,2419.928
2023-06-17 00:00:00,916.441,2402.156,1946.229699,2127.534
2023-06-17 01:00:00,773.947,2123.785,1659.4110309999999,1821.338
2023-06-17 02:00:00,698.8879999999999,1812.8383330000001,1457.4834649999998,1573.006
2023-06-17 03:00:00,630.565,1673.688,1317.893398,1443.2269999999999
2023-06-17 04:00:00,598.51,1584.0063329999998,1255.283198,1364.998667
2023-06-17 05:00:00,588.4929999999999,1571.788333,1228.203564,1314.993333
2023-06-17 06:00:00,600.116,1584.163,1251.690964,1341.518
2023-06-17 07:00:00,665.915,1679.556666,1325.2684640000002,1444.795
2023-06-17 08:00:00,739.538,1958.192666,1606.657932,1704.05
2023-06-17 09:00:00,846.254,2275.517334,1887.101832,1990.2110000000002
2023-06-17 10:00:00,968.569,2382.569,2043.2936330000002,2224.352
2023-06-17 11:00:00,1029.487,2568.153667,2119.125831,2218.495
2023-06-17 12:00:00,1030.614,2653.794333,2208.356431,2230.9036670000005
2023-06-17 13:00:00,1018.8280000000001,2644.355,2133.1531299999997,2337.373667
2023-06-17 14:00:00,991.982,2614.9970000000003,2143.512399,2254.748334
2023-06-17 15:00:00,938.581,2587.180667,2114.386464,2211.875333
2023-06-17 16:00:00,945.288,2587.115,2145.18793,2166.5570000000002
2023-06-17 17:00:00,1004.761,2730.203333,2187.620066,2234.594
2023-06-17 18:00:00,1008.4860000000001,2749.443333,2249.129664,2343.666
2023-06-17 19:00:00,1037.6439999999998,2764.199333,2306.301998,2398.525
2023-06-17 20:00:00,1035.396,2775.626667,2272.9219970000004,2379.808
2023-06-17 21:00:00,1029.022,2678.097334,2235.875166,2346.549
2023-06-17 22:00:00,1015.8589999999999,2683.551333,2212.447499,2340.185333
2023-06-17 23:00:00,958.7829999999999,2462.702667,2100.847897,2186.964333
2023-06-18 00:00:00,849.6859999999999,2201.8593330000003,1815.361164,1903.937334
2023-06-18 01:00:00,709.161,1887.673,1544.719631,1648.368001
2023-06-18 02:00:00,621.0930000000001,1662.966667,1352.637666,1420.2363329999998
2023-06-18 03:00:00,596.0340000000001,1557.7966660000002,1240.9226640000002,1330.709667
2023-06-18 04:00:00,556.6210000000001,1498.8890000000001,1169.754696,1276.2346670000002
2023-06-18 05:00:00,540.662,1481.712,1179.1331329999998,1277.9806669999998
2023-06-18 06:00:00,567.909,1548.523667,1227.619865,1320.993334
2023-06-18 07:00:00,638.2850000000001,1666.992666,1365.2302949999998,1459.477667
2023-06-18 08:00:00,722.567,1959.7636670000002,1626.461462,1700.812
2023-06-18 09:00:00,883.273,2269.948667,1915.064098,2053.632334
2023-06-18 10:00:00,920.329,2512.0009999999997,2124.6359629999997,2224.526667
2023-06-18 11:00:00,970.808,2630.828,2207.9534329999997,2332.0370000000003
2023-06-18 12:00:00,1048.9859999999999,2847.3886669999997,2294.653031,2425.1130000000003
2023-06-18 13:00:00,1060.556,2780.541334,2339.4602320000004,2423.649333
2023-06-18 14:00:00,998.19,2826.0503340000005,2352.114164,2431.544
2023-06-18 15:00:00,1035.606,2799.552666,2306.306097,2520.181667
2023-06-18 16:00:00,1041.3809999999999,2794.896001,2319.993764,2469.3959999999997
2023-06-18 17:00:00,1099.3020000000001,2864.9809999999998,2457.867995,2595.8563329999997
2023-06-18 18:00:00,1097.018,2971.8010000000004,2462.7653619999996,2629.169333
2023-06-18 19:00:00,1126.775,2918.378667,2383.904066,2716.02
2023-06-18 20:00:00,1143.8449999999998,2833.796999,2411.218798,2671.754667
2023-06-18 21:00:00,1143.3089999999997,2950.6276669999997,2423.0338970000003,2615.446333
2023-06-18 22:00:00,1125.617,2917.2129999999997,2416.2500010000003,2498.610667
2023-06-18 23:00:00,962.9740000000002,2695.123333,2213.725665,2256.6703340000004
2023-06-19 00:00:00,836.101,2275.650667,1877.0897650000002,1949.842666
2023-06-19 01:00:00,703.212,1991.575667,1606.2190959999998,1641.433
2023-06-19 02:00:00,608.8673329999999,1836.866,1482.996863,1514.740667
2023-06-19 03:00:00,588.4143329999999,1701.048,1365.0735960000002,1408.032667
2023-06-19 04:00:00,569.452667,1651.629,1314.5886650000002,1380.69
2023-06-19 05:00:00,587.985333,1683.047667,1388.794267,1420.7179999999998
2023-06-19 06:00:00,619.075333,1848.295,1539.863364,1514.808
2023-06-19 07:00:00,729.8133339999999,2032.2383340000001,1669.047764,1739.104667
2023-06-19 08:00:00,849.8600000000001,2225.041333,1807.913532,1954.0446670000001
2023-06-19 09:00:00,887.270667,2338.896667,2033.543065,2138.7560000000003
2023-06-19 10:00:00,916.057,2443.8250000000003,2110.8199319999994,2214.996
2023-06-19 11:00:00,943.724332,2589.1949999999997,2179.064032,2241.459667
2023-06-19 12:00:00,930.134,2586.940667,2225.909867,2403.6180000000004
2023-06-19 13:00:00,986.9760000000001,2689.2889999999998,2294.903463,2538.735334
2023-06-19 14:00:00,1007.7040000000001,2773.402666,2312.719296,2486.229
2023-06-19 15:00:00,966.6990000000001,2610.947,2164.500729,2356.594
2023-06-19 16:00:00,951.053,2664.338667,2219.014365,2379.0586670000002
2023-06-19 17:00:00,1035.316,2827.4566670000004,2405.8858609999997,2480.291333
2023-06-19 18:00:00,1187.538,3131.400666,2641.122265,2775.675
2023-06-19 19:00:00,1250.415,3195.4296670000003,2667.4713279999996,2896.187333
2023-06-19 20:00:00,1163.532,3160.976333,2571.523631,2759.877
2023-06-19 21:00:00,1186.291,3096.126667,2584.138031,2666.4266669999997
2023-06-19 22:00:00,1092.0539999999999,3018.5313340000002,2492.2538320000003,2672.402334
2023-06-19 23:00:00,980.7510000000001,2697.674,2217.818865,2387.916
2023-06-20 00:00:00,818.0899999999999,2321.571,1828.336534,2063.517333
2023-06-20 01:00:00,698.98,1970.911,1567.077131,1698.2
2023-06-20 02:00:00,613.2549999999999,1773.0629999999999,1432.3608000000002,1476.8239990000002
2023-06-20 03:00:00,589.175,1618.795,1303.99713,1380.7423330000001
2023-06-20 04:00:00,563.7139999999999,1558.505666,1266.622664,1343.596
2023-06-20 05:00:00,594.393,1616.043667,1376.6488650000001,1369.569333
2023-06-20 06:00:00,632.15,1849.941333,1480.415563,1543.985667
2023-06-20 07:00:00,741.402,2055.065333,1684.856432,1816.3596670000002
2023-06-20 08:00:00,842.11,2222.5266659999998,1879.666999,2062.417333
2023-06-20 09:00:00,917.385,2393.575667,1940.87403,2162.418333
2023-06-20 10:00:00,908.8240000000001,2390.587,1972.7817650000002,2140.413333
2023-06-20 11:00:00,901.35,2406.994667,2031.281399,2134.3320000000003
2023-06-20 12:00:00,912.7080000000001,2416.588334,2043.187263,2260.6360010000003
2023-06-20 13:00:00,924.444,2403.832333,2044.709464,2247.593
2023-06-20 14:00:00,903.495,2439.686666,2064.1631319999997,2137.325666
2023-06-20 15:00:00,890.704,2411.8009999999995,2044.3127639999998,2113.039334
2023-06-20 16:00:00,894.558,2490.567334,2067.0861649999997,2114.814334
2023-06-20 17:00:00,981.625,2640.0829999999996,2226.075633,2203.963667
2023-06-20 18:00:00,1082.606,2917.6800000000003,2362.665898,2401.6726670000003
2023-06-20 19:00:00,1183.804,2896.343,2470.711499,2529.535
2023-06-20 20:00:00,1135.826,2856.2533329999997,2481.609665,2564.682
2023-06-20 21:00:00,1120.094,2922.338334,2433.551332,2559.688
2023-06-20 22:00:00,1116.5990000000002,2849.9620000000004,2409.4222,2554.1613340000004
2023-06-20 23:00:00,983.3029999999999,2633.434667,2120.430597,2314.125
2023-06-21 00:00:00,801.885,2260.7133329999997,1815.3507,1928.3216670000002
2023-06-21 01:00:00,694.85,1954.460333,1552.183632,1639.153666
2023-06-21 02:00:00,603.8430000000001,1709.016,1392.722796,1478.481001
2023-06-21 03:00:00,564.455,1606.612333,1293.422802,1374.58
2023-06-21 04:00:00,560.9860000000001,1580.2,1242.5382319999999,1330.531667
2023-06-21 05:00:00,567.9459999999999,1623.9950000000001,1319.386132,1345.549999
2023-06-21 06:00:00,633.567,1779.493,1479.290732,1474.594333
2023-06-21 07:00:00,729.161,2005.511333,1664.708364,1715.829335
2023-06-21 08:00:00,847.6279999999999,2153.958334,1794.588463,1927.239999
2023-06-21 09:00:00,880.994,2236.003,1900.624633,2046.002333
2023-06-21 10:00:00,853.053,2263.8163329999998,1926.621401,1968.2633329999999
2023-06-21 11:00:00,867.425,2254.215999,1894.007532,1994.7493330000002
2023-06-21 12:00:00,871.3670000000001,2397.891332,1958.8004629999998,2131.615
2023-06-21 13:00:00,874.402,2371.4063340000002,2003.669666,2112.251667
2023-06-21 14:00:00,919.053,2446.197,2003.183463,2073.427667
2023-06-21 15:00:00,936.908,2445.105667,2040.3547320000002,2056.3
2023-06-21 16:00:00,994.34,2616.6989999999996,2177.958364,2216.098666
2023-06-21 17:00:00,1086.7910000000002,2826.383333,2390.164799,2367.3959999999997
2023-06-21 18:00:00,1229.9470000000001,3133.492333,2621.119732,2591.088667
2023-06-21 19:00:00,1292.9630000000002,3201.688,2806.8842649999997,2724.602
2023-06-21 20:00:00,1265.424,3137.763666,2779.885565,2772.316334
2023-06-21 21:00:00,1269.005,3190.906,2747.882931,2727.165666
2023-06-21 22:00:00,1247.555,3213.472667,2626.719895,2764.3836659999997
2023-06-21 23:00:00,1138.875,2892.2110000000002,2354.950596,2496.504666
2023-06-22 00:00:00,909.4549999999999,2434.0243330000003,1985.3333320000002,2129.5839990000004
2023-06-22 01:00:00,773.358333,2000.3846669999998,1661.041667,1753.851333
2023-06-22 02:00:00,653.749,1733.161333,1366.539898,1537.6526669999998
2023-06-22 03:00:00,595.3906670000001,1608.497,1238.0152970000001,1383.924334
2023-06-22 04:00:00,582.598,1540.4596669999999,1189.220265,1283.6896660000002
2023-06-22 05:00:00,579.662,1540.375667,1231.550434,1293.814667
2023-06-22 06:00:00,639.661,1707.966667,1381.938532,1413.575334
2023-06-22 07:00:00,719.204,1881.245,1590.171698,1664.623333
2023-06-22 08:00:00,832.582,2082.320333,1734.77433,1888.386668
2023-06-22 09:00:00,899.361,2171.619334,1850.239267,1987.7360000000003
2023-06-22 10:00:00,860.49,2287.522333,1956.652963,2017.9196670000001
2023-06-22 11:00:00,875.794,2330.2960000000003,2038.145464,2114.935334
2023-06-22 12:00:00,955.9069999999999,2483.6656669999998,2160.810063,2257.089333
2023-06-22 13:00:00,1034.4660000000001,2671.2463340000004,2221.83793,2443.922333
2023-06-22 14:00:00,1132.193,2918.431333,2456.0973679999997,2558.717
2023-06-22 15:00:00,1206.3020000000001,3101.689667,2658.726698,2688.5763330000004
2023-06-22 16:00:00,1342.433,3338.4049999999997,2871.739865,2982.8813330000003
2023-06-22 17:00:00,1478.213,3685.853668,3171.9431620000005,3109.468667
2023-06-22 18:00:00,1636.283,4001.244335,3445.6848659999996,3419.992667
2023-06-22 19:00:00,1744.728,4121.5779999999995,3544.8002319999996,3546.8903330000003
2023-06-22 20:00:00,1704.146,4075.8943329999997,3533.372567,3530.624667
2023-06-22 21:00:00,1616.246,3909.133667,3357.025864,3441.552667
2023-06-22 22:00:00,1541.2640000000001,3714.520667,3222.218531,3301.427666
2023-06-22 23:00:00,1325.2600000000002,3356.148334,2841.125498,2953.139667
2023-06-23 00:00:00,1119.284,2800.490333,2362.796998,2454.059667
2023-06-23 01:00:00,937.130666,2353.781,1933.1378650000001,2042.9393329999998
2023-06-23 02:00:00,784.849667,2023.237,1695.217799,1834.299334
2023-06-23 03:00:00,706.607,1810.4940000000001,1501.3051300000002,1634.059667
2023-06-23 04:00:00,670.466,1726.442,1368.0118969999999,1503.2346670000002
2023-06-23 05:00:00,630.9179999999999,1669.871333,1375.880498,1455.0410000000002
2023-06-23 06:00:00,666.068,1742.138,1447.872397,1562.5369999999998
2023-06-23 07:00:00,758.599,1957.545,1561.9380640000002,1714.887
2023-06-23 08:00:00,852.3990000000001,2125.338333,1767.458865,1984.2913330000001
2023-06-23 09:00:00,925.6869999999999,2339.271667,1939.518466,2131.967
2023-06-23 10:00:00,941.98,2447.629333,2060.0906320000004,2226.070334
2023-06-23 11:00:00,1052.444,2640.3213330000003,2205.538297,2374.475001
2023-06-23 12:00:00,1132.6200000000001,2844.121666,2416.9565300000004,2600.148
2023-06-23 13:00:00,1184.216,3075.706666,2616.974933,2718.276333
2023-06-23 14:00:00,1273.018,3279.999333,2835.713398,2800.072
2023-06-23 15:00:00,1325.498,3456.1449999999995,3033.729263,2974.542
2023-06-23 16:00:00,1461.341,3768.719,3272.3470310000002,3209.742
2023-06-23 17:00:00,1559.864,3977.7849990000004,3502.0636990000003,3380.315667
2023-06-23 18:00:00,1525.5339999999999,3999.406,3540.3759990000003,3376.261667
2023-06-23 19:00:00,1515.2179999999998,3905.359666,3462.969731,3302.7110000000002
2023-06-23 20:00:00,1451.509,3707.031,3255.909732,3183.4773339999997
2023-06-23 21:00:00,1353.281,3493.2690000000002,3135.479499,2970.2160000000003
2023-06-23 22:00:00,1295.6399999999999,3241.142,2769.604865,2838.638334
2023-06-23 23:00:00,1136.0230000000001,2947.8530010000004,2429.229997,2581.329333
2023-06-24 00:00:00,926.106,2561.514334,2045.3574980000003,2174.844
2023-06-24 01:00:00,789.252667,2170.558,1678.4525979999999,1841.854333
2023-06-24 02:00:00,688.259333,1829.463667,1514.648629,1602.079999
2023-06-24 03:00:00,618.6603319999999,1660.7869999999998,1346.071231,1474.3043340000002
2023-06-24 04:00:00,596.659,1595.110333,1240.9893659999998,1348.747
2023-06-24 05:00:00,559.343,1559.036333,1236.407065,1310.7946659999998
2023-06-24 06:00:00,580.134,1618.9859999999999,1258.968097,1342.647667
2023-06-24 07:00:00,643.0329999999999,1741.655666,1396.6922639999998,1471.457666
2023-06-24 08:00:00,745.656,1992.300666,1612.7300650000002,1717.509333
2023-06-24 09:00:00,855.6400000000001,2262.479334,1884.649597,1988.646666
2023-06-24 10:00:00,929.3720000000001,2488.349,2008.277032,2218.3596669999997
2023-06-24 11:00:00,976.209,2608.2916670000004,2201.239496,2348.209667
2023-06-24 12:00:00,1014.322,2642.224333,2285.564198,2343.584334
2023-06-24 13:00:00,1005.49,2785.2619999999997,2444.7379659999997,2384.021667
2023-06-24 14:00:00,1061.906,2940.8050000000003,2436.764964,2455.7070009999998
2023-06-24 15:00:00,1096.8990000000001,2988.275667,2561.047199,2531.250333
2023-06-24 16:00:00,1164.0610000000001,3141.8900000000003,2765.2514650000003,2610.756667
2023-06-24 17:00:00,1248.71,3403.654333,2904.978364,2804.767
2023-06-24 18:00:00,1353.79,3588.278333,3039.2782640000005,3053.829667
2023-06-24 19:00:00,1408.403,3598.6863329999996,3076.184999,3021.5463330000002
2023-06-24 20:00:00,1368.8200000000002,3460.745667,2976.0112,3052.716667
2023-06-24 21:00:00,1335.838,3326.858667,2899.7983670000003,2925.181333
2023-06-24 22:00:00,1270.21,3222.257666,2740.746496,2786.1426659999997
2023-06-24 23:00:00,1138.857,3043.576667,2443.822597,2606.7706670000002
2023-06-25 00:00:00,999.6199999999999,2614.978333,2166.371266,2259.158667
2023-06-25 01:00:00,823.327,2238.532,1824.236233,1917.042667
2023-06-25 02:00:00,729.711666,1879.090667,1510.9479319999998,1651.078
2023-06-25 03:00:00,634.958666,1717.289999,1347.585799,1482.109667
2023-06-25 04:00:00,599.484334,1615.729333,1275.3966329999998,1368.351667
2023-06-25 05:00:00,579.438,1575.859001,1236.6212320000002,1314.545334
2023-06-25 06:00:00,587.0730000000001,1622.586667,1275.842065,1334.206333
2023-06-25 07:00:00,640.627,1710.8726659999998,1383.326032,1458.800333
2023-06-25 08:00:00,743.893,1990.610667,1636.81823,1715.529667
2023-06-25 09:00:00,899.594,2277.548667,1883.259998,2021.740667
2023-06-25 10:00:00,980.8009999999999,2537.0280000000002,2080.150166,2255.245667
2023-06-25 11:00:00,1048.021,2697.344333,2251.375232,2370.1059999999998
2023-06-25 12:00:00,1082.769,2782.54,2339.022133,2560.809
2023-06-25 13:00:00,1125.9180000000001,3034.228334,2480.2353310000003,2596.962
2023-06-25 14:00:00,1194.4099999999999,3208.024667,2693.401299,2786.3653320000003
2023-06-25 15:00:00,1300.437,3307.638333,2857.323399,2904.201
2023-06-25 16:00:00,1326.4479999999999,3524.8223340000004,3053.2987989999997,3075.989
2023-06-25 17:00:00,1481.26,3783.755667,3287.246632,3337.485001
2023-06-25 18:00:00,1579.568,3983.5246670000006,3503.9523659999995,3560.461333
2023-06-25 19:00:00,1627.7040000000002,4085.193333,3485.21073,3647.0636670000004
2023-06-25 20:00:00,1640.645,4042.3410000000003,3455.591399,3569.1933339999996
2023-06-25 21:00:00,1583.786,3781.800667,3344.034165,3456.116333
2023-06-25 22:00:00,1430.6799999999998,3664.929,3077.185132,3260.115666
2023-06-25 23:00:00,1276.328,3271.3729999999996,2694.719964,2921.166333
2023-06-26 00:00:00,1039.863,2733.222667,2181.900264,2440.1673339999998
2023-06-26 01:00:00,846.0406660000001,2231.6735,1794.0862980000002,1990.923333
2023-06-26 02:00:00,732.894,1933.1785,1540.372764,1707.982667
2023-06-26 03:00:00,659.2616660000001,1730.6965,1368.330665,1499.141
2023-06-26 04:00:00,601.671,1659.5425,1302.908797,1427.241
2023-06-26 05:00:00,598.011,1662.906,1332.1484649999998,1428.8400000000001
2023-06-26 06:00:00,620.99,1744.8584999999998,1369.9919300000001,1477.744333
2023-06-26 07:00:00,713.01,1888.8250000000003,1559.9056959999998,1638.355333
2023-06-26 08:00:00,771.117,2020.913,1741.417099,1845.828
2023-06-26 09:00:00,833.981,2162.0604999999996,1865.283332,1940.421333
2023-06-26 10:00:00,897.771,2278.879,1859.361163,2039.933
2023-06-26 11:00:00,900.947,2360.601333,1951.763664,2134.6553329999997
2023-06-26 12:00:00,929.8710000000001,2516.412167,2096.4152329999997,2235.468333
2023-06-26 13:00:00,1012.899,2664.6404999999995,2215.88433,2300.805667
2023-06-26 14:00:00,1047.406,2797.510667,2318.727833,2401.642334
2023-06-26 15:00:00,1127.964,2922.902999,2429.060165,2509.855334
2023-06-26 16:00:00,1192.491,3111.451,2657.183966,2714.549667
2023-06-26 17:00:00,1356.2310000000002,3484.6525,2987.3652979999997,3053.400333
2023-06-26 18:00:00,1557.3960000000002,3794.8265,3197.134164,3310.763333
2023-06-26 19:00:00,1594.1480000000001,3931.040833,3349.614997,3421.578001
2023-06-26 20:00:00,1515.1209999999999,3827.8426670000003,3199.548732,3335.6380010000003
2023-06-26 21:00:00,1454.113,3648.9493329999996,3011.461896,3144.625
2023-06-26 22:00:00,1355.6660000000002,3465.9405,2874.598665,3019.861667
2023-06-26 23:00:00,1169.669,3109.1175,2570.2729980000004,2650.978
2023-06-27 00:00:00,1016.901,2607.4815,2030.044563,2220.563666
2023-06-27 01:00:00,812.480333,2149.834,1711.6456640000001,1862.857
2023-06-27 02:00:00,700.5363339999999,1880.306,1457.4999990000001,1605.620333
2023-06-27 03:00:00,649.7426660000001,1705.0453329999998,1370.578066,1441.944333
2023-06-27 04:00:00,591.861,1590.811666,1257.0302980000001,1386.455334
2023-06-27 05:00:00,597.54,1619.416667,1313.612097,1374.0176660000002
2023-06-27 06:00:00,646.751,1739.3493330000001,1395.0015979999998,1470.234667
2023-06-27 07:00:00,728.4359999999999,1950.520333,1577.646264,1687.4753329999999
2023-06-27 08:00:00,804.5963330000001,2130.6976649999997,1728.381965,1870.6873329999999
2023-06-27 09:00:00,829.114,2162.4383339999995,1828.7216970000002,1984.4523330000002
2023-06-27 10:00:00,829.566333,2192.3253330000002,1833.9778640000002,1970.241
2023-06-27 11:00:00,848.5643329999999,2268.804,1896.6141969999999,2027.160334
2023-06-27 12:00:00,947.544,2408.200667,1963.546465,2067.491
2023-06-27 13:00:00,974.076667,2501.665667,2122.197966,2281.0869999999995
2023-06-27 14:00:00,1012.193667,2624.7376649999997,2253.667097,2313.070333
2023-06-27 15:00:00,1097.632333,2888.243333,2428.282763,2468.956333
2023-06-27 16:00:00,1186.592667,3063.089667,2631.935965,2643.113334
2023-06-27 17:00:00,1293.993,3480.784666,2954.034132,2928.993333
2023-06-27 18:00:00,1477.4940000000001,3718.040333,3257.2050960000006,3183.907334
2023-06-27 19:00:00,1590.9650000000001,3912.197,3326.855729,3364.424333
2023-06-27 20:00:00,1541.168333,3855.720333,3235.9496659999995,3330.343334
2023-06-27 21:00:00,1514.222667,3803.9333340000003,3115.50263,3291.972001
2023-06-27 22:00:00,1421.839,3615.4076670000004,2954.222798,3117.389667
2023-06-27 23:00:00,1229.163,3201.729667,2700.953899,2850.1769999999997
2023-06-28 00:00:00,1009.1643339999999,2704.157667,2164.040696,2434.165667
2023-06-28 01:00:00,833.675,2238.777333,1754.03853,2040.467333
2023-06-28 02:00:00,705.686333,1948.236001,1527.811095,1695.746667
2023-06-28 03:00:00,623.392666,1800.871001,1354.3290000000002,1574.5023339999998
2023-06-28 04:00:00,583.644667,1672.816667,1303.8538629999998,1453.124665
2023-06-28 05:00:00,579.586,1664.5063329999998,1325.6446299999998,1423.802001
2023-06-28 06:00:00,628.4596670000001,1769.429334,1408.18373,1529.8236669999997
2023-06-28 07:00:00,727.758333,1949.849666,1577.1353629999999,1718.576333
2023-06-28 08:00:00,789.3689999999999,2102.7686679999997,1732.304331,1904.690334
2023-06-28 09:00:00,841.803667,2219.629332,1846.583697,1992.0746680000002
2023-06-28 10:00:00,839.5176670000001,2300.398834,1878.7888010000001,2026.334334
2023-06-28 11:00:00,949.017333,2410.186667,2040.584466,2143.3436659999998
2023-06-28 12:00:00,993.537333,2540.935333,2206.717764,2281.8196669999998
2023-06-28 13:00:00,1025.296333,2846.1965010000004,2410.2712,2430.1096660000003
2023-06-28 14:00:00,1147.6636669999998,3118.063333,2630.264699,2586.167583
2023-06-28 15:00:00,1238.3286670000002,3354.7635,2811.445964,2798.9296670000003
2023-06-28 16:00:00,1373.481333,3644.321,3063.157666,3066.925333
2023-06-28 17:00:00,1519.3020000000001,3948.3845,3463.972065,3393.322333
2023-06-28 18:00:00,1693.093333,4254.2405,3750.6011989999997,3720.9034170000004
2023-06-28 19:00:00,1786.592667,4370.099,3823.1709650000003,3865.3587500000003
2023-06-28 20:00:00,1706.906,4273.234,3696.2553980000002,3779.173001
2023-06-28 21:00:00,1651.8809999999999,4161.937,3495.174865,3636.9063340000002
2023-06-28 22:00:00,1543.309667,3930.4455,3340.695429,3498.471666
2023-06-28 23:00:00,1363.3470000000002,3529.821,2922.482099,3145.591333
2023-06-29 00:00:00,1086.114333,3000.7780000000002,2382.0451630000002,2575.5624989999997
2023-06-29 01:00:00,919.442667,2450.8684999999996,1952.8005640000001,2123.470999
2023-06-29 02:00:00,778.66,2105.7059999999997,1668.542896,1824.468834
2023-06-29 03:00:00,693.566,1887.605,1477.1659300000001,1650.7153349999999
2023-06-29 04:00:00,643.572333,1758.8754999999999,1371.7557969999998,1532.6406660000002
2023-06-29 05:00:00,625.135333,1727.182,1397.6809640000001,1475.248666
2023-06-29 06:00:00,642.837,1831.6605,1459.615265,1577.997167
2023-06-29 07:00:00,736.706333,2011.0,1635.1782640000001,1746.421667
2023-06-29 08:00:00,864.932,2220.2815,1823.345865,2065.494334
2023-06-29 09:00:00,919.2363330000001,2284.3145,1984.248297,2189.162666
2023-06-29 10:00:00,925.952667,2464.0665,2044.7090979999998,2232.2223329999997
2023-06-29 11:00:00,977.5609999999999,2623.269,2206.55193,2353.005001
2023-06-29 12:00:00,1087.6619999999998,2786.4578330000004,2403.689097,2606.2540000000004
2023-06-29 13:00:00,1208.9943329999999,3135.9045,2638.6476,2733.770499
2023-06-29 14:00:00,1314.4086670000002,3349.0649999999996,2862.512397,2935.806582
2023-06-29 15:00:00,1398.931333,3652.1245,3137.721165,3204.709333
2023-06-29 16:00:00,1545.4319999999998,3894.634333,3388.7711959999997,3414.654333
2023-06-29 17:00:00,1680.871667,4247.125,3727.4945639999996,3772.42
2023-06-29 18:00:00,1844.758333,4579.0445,3995.6258659999994,3920.200667
2023-06-29 19:00:00,1888.331,4614.839,4090.1059320000004,4166.291333
2023-06-29 20:00:00,1874.326,4587.602333000001,3963.6122319999995,4107.526000000001
2023-06-29 21:00:00,1785.752,4360.5835,3774.871064,3915.271667
2023-06-29 22:00:00,1668.199333,4075.6735,3530.201366,3657.510333
2023-06-29 23:00:00,1435.1100000000001,3683.2655,3131.059031,3239.823667
2023-06-30 00:00:00,1168.324333,3074.8305,2585.9710649999997,2804.81
2023-06-30 01:00:00,953.0713330000001,2571.1665,2110.865366,2301.387999
2023-06-30 02:00:00,843.443667,2212.098,1810.8106659999999,1991.7926659999998
2023-06-30 03:00:00,739.8320000000001,2018.5695,1607.600865,1771.2713319999998
2023-06-30 04:00:00,686.2660000000001,1899.1825,1513.7362,1645.855334
2023-06-30 05:00:00,657.953333,1827.476,1484.5522660000001,1590.179333
2023-06-30 06:00:00,667.228333,1889.7325,1521.009763,1643.3200000000002
2023-06-30 07:00:00,750.753667,2017.3205,1673.577395,1801.061333
2023-06-30 08:00:00,837.2389999999999,2189.6335,1812.0599310000002,1988.106667
2023-06-30 09:00:00,870.54,2317.127,1924.3531309999998,2111.066
2023-06-30 10:00:00,914.292,2500.2215,2076.508831,2168.530667
2023-06-30 11:00:00,997.384667,2663.5384999999997,2237.473695,2317.1586669999997
2023-06-30 12:00:00,1080.3663330000002,2885.3875,2479.353798,2457.019667
2023-06-30 13:00:00,1167.3446669999998,3178.9745000000003,2701.144633,2761.882333
2023-06-30 14:00:00,1316.286333,3412.840166,2973.895297,2883.593
2023-06-30 15:00:00,1375.810333,3654.723666,3118.652698,3111.0083329999998
2023-06-30 16:00:00,1499.781,3872.617833,3401.2926319999997,3296.1279999999997
2023-06-30 17:00:00,1613.255,4178.7815,3596.163932,3572.806334
2023-06-30 18:00:00,1772.647333,4324.6155,3772.8057289999997,3747.7416670000002
2023-06-30 19:00:00,1774.938667,4377.8994999999995,3858.2929990000002,3793.731666
2023-06-30 20:00:00,1699.770333,4198.076000000001,3761.3587310000003,3640.743
2023-06-30 21:00:00,1583.704667,4002.029,3515.270199,3425.3446670000003
2023-06-30 22:00:00,1404.278667,3725.0690000000004,3209.213499,3340.835
2023-06-30 23:00:00,1298.039333,3402.719,2784.025298,2950.1110000000003
2023-07-01 00:00:00,1051.931333,2861.762,2346.7174319999995,2501.01
2023-07-01 01:00:00,887.020334,2393.970833,1949.778299,2103.9086660000003
2023-07-01 02:00:00,755.6,2039.6806670000003,1668.8261309999998,1755.517334
2023-07-01 03:00:00,687.395332,1835.155999,1491.649797,1569.517999
2023-07-01 04:00:00,620.457333,1712.603,1388.4400349999999,1489.108001
2023-07-01 05:00:00,602.266333,1625.4524999999999,1300.7606,1393.925332
2023-07-01 06:00:00,590.1669999999999,1664.7730000000001,1293.404365,1416.5970000000002
2023-07-01 07:00:00,649.092667,1806.1005,1429.613332,1547.8290000000002
2023-07-01 08:00:00,777.366667,1980.1105,1625.7137980000002,1814.0819999999999
2023-07-01 09:00:00,872.5039999999999,2290.232,1911.970331,1988.8503329999999
2023-07-01 10:00:00,929.0996670000001,2502.754,2109.7937329999995,2189.9260000000004
2023-07-01 11:00:00,987.7669999999999,2621.6270000000004,2170.843864,2358.6006669999997
2023-07-01 12:00:00,1050.729667,2777.924,2281.56613,2514.806
2023-07-01 13:00:00,1095.337333,2914.505,2396.942498,2565.171334
2023-07-01 14:00:00,1177.153,3131.717,2580.941163,2665.5530009999998
2023-07-01 15:00:00,1179.1723330000002,3331.1504999999997,2792.508233,2873.5460000000003
2023-07-01 16:00:00,1299.139667,3523.9815,2870.088896,3066.402
2023-07-01 17:00:00,1442.960333,3787.852,3043.581929,3227.476667
2023-07-01 18:00:00,1499.49,3958.686,3236.9131310000002,3385.5056670000004
2023-07-01 19:00:00,1599.905667,4001.5035000000003,3361.583767,3438.699
2023-07-01 20:00:00,1554.102667,3897.9215,3259.048198,3304.3061669999997
2023-07-01 21:00:00,1430.816,3648.5379999999996,3117.424798,3136.666582
2023-07-01 22:00:00,1333.1803329999998,3449.6234999999997,2870.4575649999997,3033.250249
2023-07-01 23:00:00,1167.715333,3153.956,2635.879899,2730.361667
2023-07-02 00:00:00,1039.401667,2727.025,2245.4428319999997,2362.48
2023-07-02 01:00:00,879.667333,2330.602,1881.354496,1971.528167
2023-07-02 02:00:00,741.9159989999999,1998.2855,1602.1981970000002,1739.687833
2023-07-02 03:00:00,655.840333,1782.4995,1423.8842319999999,1541.999334
2023-07-02 04:00:00,595.368333,1699.4665,1348.805431,1473.938
2023-07-02 05:00:00,583.947333,1627.8435,1287.025663,1412.2649999999999
2023-07-02 06:00:00,592.638333,1673.6284999999998,1270.132429,1409.133666
2023-07-02 07:00:00,657.6220000000001,1729.754,1347.678765,1540.110666
2023-07-02 08:00:00,752.2650000000001,1971.7324999999998,1582.662865,1752.521334
2023-07-02 09:00:00,822.026333,2241.997,1850.493833,2010.948
2023-07-02 10:00:00,962.749667,2463.1825,2070.983697,2246.126001
2023-07-02 11:00:00,1017.587667,2744.302,2270.786963,2326.615333
2023-07-02 12:00:00,1135.366333,2859.0775,2430.6991289999996,2513.879333
2023-07-02 13:00:00,1181.670333,3175.9849999999997,2604.3663640000004,2762.9869999999996
2023-07-02 14:00:00,1245.234,3470.6994999999997,2857.243434,2929.277
2023-07-02 15:00:00,1317.418667,3659.355,2989.7309649999997,3122.254333
2023-07-02 16:00:00,1492.348,3869.1969999999997,3210.5700319999996,3268.154
2023-07-02 17:00:00,1564.5049999999997,4068.67,3396.955199,3441.634667
2023-07-02 18:00:00,1665.6786670000001,4270.5265,3609.1182980000003,3677.161
2023-07-02 19:00:00,1770.911,4346.7235,3704.95543,3791.546334
2023-07-02 20:00:00,1674.133,4198.0375,3606.5800980000004,3675.502334
2023-07-02 21:00:00,1557.763333,4063.0040000000004,3395.797866,3482.6459999999997
2023-07-02 22:00:00,1422.935333,3818.7169999999996,3223.1289990000005,3319.018333
2023-07-02 23:00:00,1311.094,3453.816,2813.9539640000003,2886.571333
2023-07-03 00:00:00,1086.828667,2968.5355,2332.8891320000002,2493.5423339999998
2023-07-03 01:00:00,905.091332,2472.6499999999996,1922.1868640000002,2095.922
2023-07-03 02:00:00,733.451333,2116.225,1654.603497,1782.703001
2023-07-03 03:00:00,660.734999,1888.600333,1511.102434,1586.404
2023-07-03 04:00:00,614.674,1761.341,1415.1613320000001,1496.477667
2023-07-03 05:00:00,614.905333,1695.371,1374.006265,1433.3580000000002
2023-07-03 06:00:00,646.0433329999998,1765.568667,1397.2368310000002,1479.7733329999999
2023-07-03 07:00:00,722.661667,1881.1619999999998,1506.664532,1630.83
2023-07-03 08:00:00,801.732,2064.606667,1720.008097,1831.797333
2023-07-03 09:00:00,876.826,2324.612,1889.85193,2070.279667
2023-07-03 10:00:00,940.751,2484.730667,2093.387664,2233.891667
2023-07-03 11:00:00,1017.4096669999999,2626.879,2228.487398,2369.111999
2023-07-03 12:00:00,1078.025,2861.225,2392.139496,2565.404
2023-07-03 13:00:00,1153.700333,3142.322,2598.4784640000003,2745.7339999999995
2023-07-03 14:00:00,1276.829,3446.8070000000002,2813.9067,2952.908332
2023-07-03 15:00:00,1409.014667,3718.646,3089.497665,3172.306001
2023-07-03 16:00:00,1554.533,4072.013,3402.2855659999996,3389.0596669999995
2023-07-03 17:00:00,1644.371333,4385.642,3662.933799,3643.014
2023-07-03 18:00:00,1760.011,4566.643,3896.3280670000004,3898.639
2023-07-03 19:00:00,1822.9759999999999,4616.119000000001,3990.124466,4001.815
2023-07-03 20:00:00,1785.317333,4491.365000000001,3794.8111640000006,3873.756
2023-07-03 21:00:00,1638.908,4254.445,3585.9203319999997,3561.4033329999997
2023-07-03 22:00:00,1505.274,3951.3190000000004,3360.925631,3427.2496680000004
2023-07-03 23:00:00,1389.036333,3655.9260000000004,3045.927564,3111.118333
2023-07-04 00:00:00,1175.130667,3180.9629999999997,2504.238062,2679.7993340000003
2023-07-04 01:00:00,996.9023339999999,2663.0583340000003,2112.5218319999994,2291.502667
2023-07-04 02:00:00,850.133333,2283.708334,1809.678732,1982.5959990000001
2023-07-04 03:00:00,753.532,2075.8873329999997,1610.8458679999999,1764.319667
2023-07-04 04:00:00,692.908,1915.411667,1509.5325990000001,1629.4606669999998
2023-07-04 05:00:00,649.895667,1812.502333,1436.617834,1497.660333
2023-07-04 06:00:00,637.9156670000001,1800.923334,1414.620266,1513.7386690000003
2023-07-04 07:00:00,683.401667,1858.549666,1453.778198,1582.955334
2023-07-04 08:00:00,767.6453329999999,2057.645333,1666.7210289999998,1821.520667
2023-07-04 09:00:00,954.798,2456.931667,1958.223198,2123.1539999999995
2023-07-04 10:00:00,1067.823667,2823.0776670000005,2248.108497,2420.524999
2023-07-04 11:00:00,1197.1553330000002,3166.7126660000004,2582.4763970000004,2663.952666
2023-07-04 12:00:00,1367.8986670000002,3536.358666,2935.5768660000003,3067.2983329999997
2023-07-04 13:00:00,1543.787,3904.5866669999996,3276.144663,3405.519334
2023-07-04 14:00:00,1740.958333,4306.8550000000005,3614.873331,3751.105001
2023-07-04 15:00:00,1874.8176669999998,4636.832667,3940.016864,4007.647333
2023-07-04 16:00:00,1919.9143329999997,4825.055333,4203.499399,4234.454666
2023-07-04 17:00:00,2005.227334,5000.768,4395.584199,4366.428334
2023-07-04 18:00:00,2086.593666,5080.046333,4449.221899,4485.246
2023-07-04 19:00:00,2000.6446660000001,5107.8696660000005,4426.850464,4447.421333
2023-07-04 20:00:00,1975.627333,4883.994333,4225.224765999999,4345.863333
2023-07-04 21:00:00,1862.6766670000002,4669.8193329999995,4049.163164,4190.722334
2023-07-04 22:00:00,1718.350667,4325.957,3814.845964,3890.4446679999996
2023-07-04 23:00:00,1556.521,3919.4573339999997,3413.24543,3491.3173340000003
2023-07-05 00:00:00,1419.328667,3488.6449999999995,3030.493932,3162.373
2023-07-05 01:00:00,1219.689333,3096.964,2560.37763,2702.3121659999997
2023-07-05 02:00:00,1005.730333,2590.035,2160.9593649999997,2269.3478330000003
2023-07-05 03:00:00,863.961333,2343.2365,1894.3034320000002,2000.174
2023-07-05 04:00:00,779.030667,2129.3999999999996,1703.465063,1843.127666
2023-07-05 05:00:00,739.9949999999999,1997.042,1632.3186649999998,1730.2176670000001
2023-07-05 06:00:00,739.1986670000001,2002.1995000000002,1632.963897,1710.505
2023-07-05 07:00:00,807.664333,2116.74,1737.381099,1881.127
2023-07-05 08:00:00,895.829,2333.513,1857.933199,2121.039667
2023-07-05 09:00:00,974.868667,2499.509,2121.694197,2339.5589999999997
2023-07-05 10:00:00,1060.942667,2792.772,2326.834201,2465.121499
2023-07-05 11:00:00,1168.1953330000001,3123.5690000000004,2532.1888980000003,2746.497834
2023-07-05 12:00:00,1320.359333,3533.6530000000002,2867.249429,3135.5318340000003
2023-07-05 13:00:00,1550.066333,3970.476667,3310.0143,3509.9753330000003
2023-07-05 14:00:00,1717.351667,4393.924333,3666.793133,3811.964333
2023-07-05 15:00:00,1876.7256669999997,4689.079667,4052.4740970000003,4111.502999999999
2023-07-05 16:00:00,2029.9863329999998,4953.744667000001,4279.341333,4426.743666
2023-07-05 17:00:00,2110.915,5185.473333,4491.847699,4585.303
2023-07-05 18:00:00,2231.188333,5508.584667,4774.7418959999995,4816.8226669999995
2023-07-05 19:00:00,2302.791667,5534.8423330000005,4870.496099,4970.343667
2023-07-05 20:00:00,2242.177,5507.069667,4759.819196,4863.957667000001
2023-07-05 21:00:00,2175.904,5201.9259999999995,4553.882997000001,4672.321
2023-07-05 22:00:00,2021.4846670000002,4979.51,4292.114931,4453.099667
2023-07-05 23:00:00,1776.7939999999999,4436.129,3849.563199,4005.153666
2023-07-06 00:00:00,1463.813333,3730.874,3213.58973,3398.5233329999996
2023-07-06 01:00:00,1220.529667,3170.194,2638.601965,2814.708999
2023-07-06 02:00:00,1028.808,2703.219,2267.268663,2366.337334
2023-07-06 03:00:00,908.042667,2412.7799999999997,1973.278699,2082.406667
2023-07-06 04:00:00,817.1313329999999,2227.324,1808.912432,1894.407
2023-07-06 05:00:00,759.5053330000001,2106.188,1730.9499309999999,1826.917
2023-07-06 06:00:00,778.558667,2121.407,1687.325497,1824.944
2023-07-06 07:00:00,828.842333,2232.876,1780.5989639999998,1956.5306659999999
2023-07-06 08:00:00,922.8499999999999,2411.559,1985.3603670000002,2176.655667
2023-07-06 09:00:00,972.6933329999999,2582.2439999999997,2129.8433290000003,2367.3103330000004
2023-07-06 10:00:00,1044.682667,2810.45,2317.569664,2506.699916
2023-07-06 11:00:00,1119.737,2968.49,2502.6731990000003,2705.947001
2023-07-06 12:00:00,1254.2810000000002,3269.8153330000005,2696.33763,2986.458083
2023-07-06 13:00:00,1415.813333,3651.687,3022.034065,3259.0704159999996
2023-07-06 14:00:00,1529.1496670000001,3963.467334,3298.684631,3428.860667
2023-07-06 15:00:00,1641.870333,4238.547333,3647.223897,3711.1506660000005
2023-07-06 16:00:00,1769.833,4574.738332999999,3967.9650309999997,3949.591667
2023-07-06 17:00:00,1910.460667,4915.417334,4248.955331,4219.206334
2023-07-06 18:00:00,2013.454333,5229.770334,4490.470768,4448.006667000001
2023-07-06 19:00:00,2092.84,5234.568667,4531.474597,4531.349
2023-07-06 20:00:00,1989.6840000000002,5030.716666,4289.940698,4344.696333
2023-07-06 21:00:00,1821.405,4725.408334,3992.458932,4082.386667
2023-07-06 22:00:00,1678.813333,4296.735333,3708.376299,3816.740333
2023-07-06 23:00:00,1468.695,3784.962333,3205.910632,3322.458
2023-07-07 00:00:00,1218.175333,3273.093,2641.216632,2739.141
2023-07-07 01:00:00,1014.5129999999999,2741.199333,2140.870632,2282.500333
2023-07-07 02:00:00,853.595,2328.5613329999996,1855.281363,1927.718332
2023-07-07 03:00:00,744.5603330000001,2081.895333,1648.601929,1739.230666
2023-07-07 04:00:00,688.804,1948.255667,1502.143563,1640.6813339999999
2023-07-07 05:00:00,665.256333,1876.947,1479.179466,1559.1096670000002
2023-07-07 06:00:00,674.8393329999999,1920.375,1472.98263,1647.889667
2023-07-07 07:00:00,769.0366670000001,2024.428666,1589.931563,1773.054333
2023-07-07 08:00:00,797.7159999999999,2177.3630000000003,1782.8886969999999,1951.1480000000001
2023-07-07 09:00:00,824.808,2242.1003330000003,1886.565231,2050.691
2023-07-07 10:00:00,861.857,2351.165,1990.3619629999998,2078.696
2023-07-07 11:00:00,923.191667,2363.865333,2051.26533,2041.3790000000001
2023-07-07 12:00:00,914.066333,2421.3053330000002,2080.279498,2155.103
2023-07-07 13:00:00,971.3326669999999,2562.793333,2167.0820329999997,2204.5553330000002
2023-07-07 14:00:00,946.302333,2726.0,2216.742496,2262.264334
2023-07-07 15:00:00,983.6363329999999,2886.8393340000002,2488.111398,2385.951333
2023-07-07 16:00:00,1125.279,3092.736667,2597.903897,2566.892
2023-07-07 17:00:00,1251.9649999999997,3382.541333,2957.697298,2792.439667
2023-07-07 18:00:00,1422.2333330000001,3698.9080000000004,3199.048531,2946.8062499999996
2023-07-07 19:00:00,1436.922667,3785.4519999999998,3311.8295310000003,3071.2845830000006
2023-07-07 20:00:00,1383.131333,3743.3680000000004,3160.819831,3068.919667
2023-07-07 21:00:00,1304.8976670000002,3559.344,2958.590996,2916.6770009999996
2023-07-07 22:00:00,1236.255667,3319.781,2763.677196,2817.199668
2023-07-07 23:00:00,1133.3303329999999,3002.6980000000003,2428.5058289999997,2562.369
2023-07-08 00:00:00,977.828333,2654.306,2091.6355320000002,2153.368
2023-07-08 01:00:00,816.752667,2229.327,1822.5643300000002,1864.103666
2023-07-08 02:00:00,701.097667,1869.098,1575.010399,1621.919
2023-07-08 03:00:00,632.253333,1763.143,1416.596398,1464.335999
2023-07-08 04:00:00,594.1733330000001,1681.0410000000002,1360.361395,1379.9593340000001
2023-07-08 05:00:00,581.423333,1615.8780000000002,1296.177731,1368.162333
2023-07-08 06:00:00,593.654,1645.714,1297.620466,1394.165
2023-07-08 07:00:00,633.305667,1702.776,1358.459297,1481.809668
2023-07-08 08:00:00,705.500667,1891.374,1507.071465,1697.095668
2023-07-08 09:00:00,815.201,2178.29,1734.4585969999998,1886.4306669999999
2023-07-08 10:00:00,917.1336670000001,2299.241,1926.618233,2042.9830000000002
2023-07-08 11:00:00,958.942,2450.078,2069.11963,2123.566
2023-07-08 12:00:00,988.2166669999999,2519.023,2152.577032,2169.2686670000003
2023-07-08 13:00:00,963.6853329999999,2602.196,2156.365562,2226.280167
2023-07-08 14:00:00,1019.679,2634.7340000000004,2237.005463,2325.1104179999998
2023-07-08 15:00:00,1025.393333,2791.344,2273.789263,2344.920916
2023-07-08 16:00:00,1071.893667,2952.0069999999996,2354.1040319999997,2384.790667
2023-07-08 17:00:00,1115.407333,3107.611,2607.6528989999997,2554.735334
2023-07-08 18:00:00,1242.4270000000001,3290.1040000000003,2775.135163,2711.709667
2023-07-08 19:00:00,1318.959667,3387.054,2911.445164,2918.9809999999998
2023-07-08 20:00:00,1332.0716670000002,3373.423,2863.355565,2857.9666669999997
2023-07-08 21:00:00,1306.209,3349.4610000000002,2744.743667,2813.113667
2023-07-08 22:00:00,1258.5643329999998,3267.5109999999995,2649.919264,2695.425333
2023-07-08 23:00:00,1034.712333,3014.9979999999996,2468.848063,2534.564667
2023-07-09 00:00:00,943.33,2672.264,2125.516297,2238.9970000000003
2023-07-09 01:00:00,811.022667,2254.339,1786.9127640000002,1896.662
2023-07-09 02:00:00,699.889333,1953.668,1559.8082630000001,1666.434667
2023-07-09 03:00:00,620.543333,1760.236333,1392.7803979999999,1481.5963339999998
2023-07-09 04:00:00,571.346333,1670.9143319999998,1293.5496660000001,1391.625667
2023-07-09 05:00:00,559.192333,1591.267999,1248.708465,1350.8526669999999
2023-07-09 06:00:00,565.6883330000001,1620.6399999999999,1245.9659649999999,1353.943333
2023-07-09 07:00:00,623.21,1651.144,1323.594165,1471.005
2023-07-09 08:00:00,701.752,1913.9650000000001,1539.690331,1656.5566669999998
2023-07-09 09:00:00,840.9143329999999,2169.325,1822.683165,1914.272334
2023-07-09 10:00:00,941.793667,2429.733,1991.600065,2175.306667
2023-07-09 11:00:00,992.991667,2659.155,2147.3741980000004,2326.549667
2023-07-09 12:00:00,1128.682333,2803.437,2296.087366,2458.2709999999997
2023-07-09 13:00:00,1178.571333,3045.875,2548.243199,2627.510333
2023-07-09 14:00:00,1224.0030000000002,3273.8520000000003,2757.057132,2736.907666
2023-07-09 15:00:00,1299.1926669999998,3550.429333,2906.8195960000003,2945.44725
2023-07-09 16:00:00,1448.449,3771.3346659999997,3172.246564,3147.6313339999997
2023-07-09 17:00:00,1590.3899999999999,3998.021333,3382.638598,3370.0293349999997
2023-07-09 18:00:00,1725.081667,4283.628666,3652.603233,3634.049
2023-07-09 19:00:00,1786.994,4350.357,3800.251531,3863.958667
2023-07-09 20:00:00,1782.1950000000002,4329.953,3784.15833,3791.074667
2023-07-09 21:00:00,1681.5353329999998,4195.3769999999995,3535.358233,3542.4036670000005
2023-07-09 22:00:00,1544.975333,3893.9390000000003,3350.7661630000002,3398.997
2023-07-09 23:00:00,1293.8609999999999,3448.7200000000003,2934.249696,2942.2353329999996
2023-07-10 00:00:00,1080.910667,2900.4393339999997,2318.1170300000003,2424.012667
2023-07-10 01:00:00,892.881333,2381.115334,1911.2465320000001,1971.7240000000002
2023-07-10 02:00:00,763.638333,2027.0026659999999,1641.020364,1696.288333
2023-07-10 03:00:00,662.0993329999999,1844.679667,1458.841767,1569.884
2023-07-10 04:00:00,622.075,1742.4736669999998,1390.4333980000001,1454.661
2023-07-10 05:00:00,625.525333,1734.9543330000001,1397.135331,1443.3185
2023-07-10 06:00:00,643.493333,1819.0773330000002,1441.692197,1490.1221679999999
2023-07-10 07:00:00,724.873667,1943.46,1586.0394649999998,1669.00275
2023-07-10 08:00:00,772.107,2045.757667,1705.6557320000002,1823.0790000000002
2023-07-10 09:00:00,826.183,2155.250333,1796.9746989999999,1969.7766660000002
2023-07-10 10:00:00,818.289,2167.473,1867.758633,1973.678333
2023-07-10 11:00:00,886.3696669999999,2257.1400009999998,1956.9398640000002,2038.487665
2023-07-10 12:00:00,920.424,2347.952333,1950.844464,2040.3473330000002
2023-07-10 13:00:00,931.535333,2415.381,2043.9109310000001,2131.7343339999998
2023-07-10 14:00:00,931.43,2395.0600000000004,2052.796597,2135.459
2023-07-10 15:00:00,960.790667,2492.61,2024.6535310000002,2192.58
2023-07-10 16:00:00,977.819,2582.444799,2135.3105649999998,2185.287667
2023-07-10 17:00:00,1089.8653330000002,2792.707797,2229.9509630000002,2311.455333
2023-07-10 18:00:00,1161.374,3013.031299,2479.1064300000003,2567.964
2023-07-10 19:00:00,1255.272,3116.1591,2710.790164,2717.776667
2023-07-10 20:00:00,1209.8513329999998,3119.935399,2601.814133,2695.1800000000003
2023-07-10 21:00:00,1220.5900000000001,3155.096197,2616.880866,2769.831667
2023-07-10 22:00:00,1173.5140000000001,3018.3591969999998,2523.436699,2730.234667
2023-07-10 23:00:00,1017.0033329999999,2750.884499,2302.1265970000004,2438.1440000000002
2023-07-11 00:00:00,835.8383329999999,2346.256529,1956.586197,2044.1476659999998
2023-07-11 01:00:00,726.708333,2035.433899,1650.6788,1738.9323329999997
2023-07-11 02:00:00,644.21,1818.469431,1467.776633,1519.948
2023-07-11 03:00:00,581.786667,1677.818031,1334.813731,1449.006667
2023-07-11 04:00:00,571.625333,1612.495598,1294.382698,1352.9879999999998
2023-07-11 05:00:00,580.470333,1599.8542310000003,1339.325131,1346.797
2023-07-11 06:00:00,606.0550000000001,1718.699698,1400.850331,1412.239
2023-07-11 07:00:00,708.691667,1896.222665,1536.927732,1622.98
2023-07-11 08:00:00,785.022667,2025.900831,1708.604899,1856.4590000000003
2023-07-11 09:00:00,812.439333,2164.2934990000003,1805.604629,1949.051
2023-07-11 10:00:00,855.699333,2290.0694000000003,1874.236733,2012.2993330000002
2023-07-11 11:00:00,929.6499999999999,2451.215064,1975.8685649999998,2155.8036669999997
2023-07-11 12:00:00,983.273667,2561.1015310000003,2149.081961,2310.487666
2023-07-11 13:00:00,1024.731667,2793.076765,2321.3799989999998,2401.749
2023-07-11 14:00:00,1150.6656669999998,3070.822299,2546.174532,2513.4413329999998
2023-07-11 15:00:00,1199.293333,3265.0043299999998,2716.354265,2724.575333
2023-07-11 16:00:00,1302.122667,3509.5564289999998,2972.984931,2996.437667
2023-07-11 17:00:00,1455.9140000000002,3813.4007979999997,3258.569131,3249.589
2023-07-11 18:00:00,1647.942,4059.676032,3628.287498,3527.4086669999997
2023-07-11 19:00:00,1722.7849999999999,4223.287866000001,3694.719298,3679.046666
2023-07-11 20:00:00,1660.640333,4178.6413,3641.283665,3672.032333
2023-07-11 21:00:00,1589.5496670000002,3998.8788990000003,3433.954531,3504.220667
2023-07-11 22:00:00,1491.829,3874.613032,3266.595365,3390.248334
2023-07-11 23:00:00,1300.2359999999999,3421.500167,2885.428534,3029.7889999999998
2023-07-12 00:00:00,1091.647667,2881.452832,2336.707865,2518.390667
2023-07-12 01:00:00,903.275333,2434.9058640000003,1957.416264,2085.132667
2023-07-12 02:00:00,762.672333,2092.900399,1668.834365,1782.0246670000001
2023-07-12 03:00:00,673.4169999999999,1916.38843,1506.5714630000002,1611.804333
2023-07-12 04:00:00,635.470667,1801.512898,1421.898698,1493.838
2023-07-12 05:00:00,651.438,1801.778331,1449.899966,1467.207001
2023-07-12 06:00:00,681.097667,1835.670364,1492.212899,1540.0013330000002
2023-07-12 07:00:00,753.698333,1997.3649639999999,1594.8746310000001,1744.3469999999998
2023-07-12 08:00:00,808.633,2113.4453000000003,1799.1564979999998,1887.1256670000002
2023-07-12 09:00:00,862.209667,2230.245932,1866.846329,1987.424
2023-07-12 10:00:00,842.0716669999999,2312.9935990000004,1948.287298,2017.248999
2023-07-12 11:00:00,922.903333,2460.1531,2021.665031,2142.681334
2023-07-12 12:00:00,1004.440333,2649.6301320000002,2201.0689629999997,2347.123001
2023-07-12 13:00:00,1098.047333,2979.648032,2473.7477620000004,2587.66
2023-07-12 14:00:00,1220.434667,3349.2941990000004,2650.679565,2797.91
2023-07-12 15:00:00,1331.026667,3543.8869649999997,2932.623697,2987.3770010000003
2023-07-12 16:00:00,1475.788333,3871.695497,3276.2941659999997,3228.9849999999997
2023-07-12 17:00:00,1607.482,4200.976364,3576.7166310000002,3422.649667
2023-07-12 18:00:00,1764.0803329999999,4491.742096999999,3831.869666,3774.7970000000005
2023-07-12 19:00:00,1831.8446669999998,4548.1604640000005,3922.731028,3976.598667
2023-07-12 20:00:00,1770.641,4417.278098999999,3918.539563,3845.062
2023-07-12 21:00:00,1712.277,4211.253763000001,3683.542163,3626.7833330000003
2023-07-12 22:00:00,1573.7636670000002,4037.771097,3426.888164,3445.564667
2023-07-12 23:00:00,1370.105,3583.911765,3008.94383,3031.518
2023-07-13 00:00:00,1109.7433330000001,2992.642266,2424.824063,2553.1059999999998
2023-07-13 01:00:00,927.339667,2516.9590670000002,2005.379231,2130.3356670000003
2023-07-13 02:00:00,787.425,2166.271366,1755.348797,1860.186667
2023-07-13 03:00:00,703.375333,1970.628231,1554.0031989999998,1658.547667
2023-07-13 04:00:00,633.051333,1808.491031,1465.511266,1529.301
2023-07-13 05:00:00,638.448333,1786.5563980000002,1486.562631,1505.258333
2023-07-13 06:00:00,664.625,1844.450798,1488.600932,1551.130334
2023-07-13 07:00:00,732.081333,1985.6723980000002,1648.8885639999999,1730.419333
2023-07-13 08:00:00,830.368,2170.849698,1821.3691330000001,1996.4550000000002
2023-07-13 09:00:00,880.104333,2307.7403649999997,1979.284167,2110.333
2023-07-13 10:00:00,899.127667,2455.5662629999997,2022.9856989999998,2194.109583
2023-07-13 11:00:00,1019.2150000000001,2567.740099,2175.788632,2288.9040830000004
2023-07-13 12:00:00,1071.695,2809.794462,2381.6558619999996,2501.3010000000004
2023-07-13 13:00:00,1159.5503330000001,3092.552399,2646.1187339999997,2726.3663340000003
2023-07-13 14:00:00,1288.1966670000002,3411.617997,2876.85903,2928.111
2023-07-13 15:00:00,1391.452333,3665.1979630000005,3139.224964,3120.7599999999998
2023-07-13 16:00:00,1502.988,3921.579165,3396.3779950000003,3424.4876670000003
2023-07-13 17:00:00,1696.750667,4264.767900000001,3715.280833,3783.807
2023-07-13 18:00:00,1831.739333,4543.775098,3980.6636639999997,3993.943
2023-07-13 19:00:00,1915.7939999999999,4660.959098000001,4115.187834,4087.227167
2023-07-13 20:00:00,1852.089,4656.334097,4030.512664,4029.158
2023-07-13 21:00:00,1745.542,4378.324564999999,3800.610632,3786.115
2023-07-13 22:00:00,1619.4733330000001,4223.305297999999,3621.2989970000003,3661.087334
2023-07-13 23:00:00,1404.067,3783.283899,3166.871633,3319.6
2023-07-14 00:00:00,1202.893333,3189.7501970000003,2653.272301,2784.816667
2023-07-14 01:00:00,1010.1510000000001,2681.673698,2237.753029,2342.142
2023-07-14 02:00:00,871.079,2332.9100980000003,1887.229298,2032.4123319999999
2023-07-14 03:00:00,773.465333,2087.34713,1668.113265,1792.7579990000002
2023-07-14 04:00:00,710.6690000000001,1956.2798300000002,1560.3489319999999,1674.4773340000002
2023-07-14 05:00:00,686.058333,1910.628066,1545.3401010000002,1600.616333
2023-07-14 06:00:00,691.953333,1912.72673,1565.366063,1633.3216670000002
2023-07-14 07:00:00,778.711667,2056.543898,1660.8302629999998,1835.130667
2023-07-14 08:00:00,881.902,2287.1323979999997,1899.312862,2093.089667
2023-07-14 09:00:00,930.938,2452.586666,2131.380866,2277.198667
2023-07-14 10:00:00,1020.508,2708.216198,2271.2916990000003,2441.765666
2023-07-14 11:00:00,1140.983667,2927.46993,2471.8776310000003,2677.224333
2023-07-14 12:00:00,1232.7113329999997,3278.729999,2757.7924319999997,2899.694334
2023-07-14 13:00:00,1400.924667,3648.954866,3101.8448989999997,3184.2985
2023-07-14 14:00:00,1556.592333,4001.933698,3371.8011639999995,3503.9249999999997
2023-07-14 15:00:00,1659.4573329999998,4241.4844969999995,3681.123365,3764.752334
2023-07-14 16:00:00,1785.926,4562.088498,4007.424865,4015.111584
2023-07-14 17:00:00,1939.6510000000003,4857.214499,4298.005695,4238.758917
2023-07-14 18:00:00,2011.1093329999999,5045.532599,4502.6332330000005,4397.903
2023-07-14 19:00:00,2040.106667,5158.4474979999995,4659.247529,4497.505
2023-07-14 20:00:00,2012.199333,5061.7738,4534.595997,4448.856667
2023-07-14 21:00:00,1928.9323339999999,4888.440631,4330.7118310000005,4262.567667
2023-07-14 22:00:00,1805.361334,4594.946931,4083.752664,4159.085333999999
2023-07-14 23:00:00,1613.348333,4235.9732970000005,3632.160265,3818.904834
2023-07-15 00:00:00,1406.655333,3705.189598,3129.2883979999997,3326.215
2023-07-15 01:00:00,1155.7006669999998,3132.1831979999997,2605.050365,2792.2756670000003
2023-07-15 02:00:00,1046.796667,2708.0343980000002,2253.094598,2440.053666
2023-07-15 03:00:00,904.394333,2404.997698,2007.977731,2119.129999
2023-07-15 04:00:00,790.253333,2175.350499,1792.526897,1922.3576670000002
2023-07-15 05:00:00,732.2553330000001,2036.225098,1666.8954319999998,1781.067333
2023-07-15 06:00:00,716.346,1982.849098,1612.788865,1751.479
2023-07-15 07:00:00,779.051667,1983.476897,1671.5865010000002,1828.649
2023-07-15 08:00:00,873.699667,2321.280197,1877.655996,2139.632
2023-07-15 09:00:00,1035.142,2655.156898,2209.901065,2541.116
2023-07-15 10:00:00,1213.3186670000002,2950.2952640000003,2536.324896,2804.844333
2023-07-15 11:00:00,1333.994,3409.665366,2845.404463,3094.1316669999997
2023-07-15 12:00:00,1510.637667,3919.34303,3163.20683,3437.473
2023-07-15 13:00:00,1670.404333,4206.26123,3547.729364,3811.392334
2023-07-15 14:00:00,1852.3780000000002,4537.136098,3951.933865,4016.9476669999995
2023-07-15 15:00:00,1934.3013329999999,4855.801829999999,4283.250131000001,4354.597
2023-07-15 16:00:00,2056.8236669999997,5050.363863,4484.718499,4570.530333000001
2023-07-15 17:00:00,2159.660333,5231.833531,4669.345731,4686.096334
2023-07-15 18:00:00,2237.132,5357.34363,4766.429898,4856.259333
2023-07-15 19:00:00,2234.285667,5348.092566,4698.567798,4808.612
2023-07-15 20:00:00,2167.217667,5229.088198,4578.326696,4601.273999
2023-07-15 21:00:00,1999.797,5030.053698,4351.937397,4398.454999
2023-07-15 22:00:00,1847.927333,4761.377698,4148.770667,4131.002334
2023-07-15 23:00:00,1660.143333,4320.145598,3742.955664,3737.594333
2023-07-16 00:00:00,1407.742,3750.549199,3188.0584639999997,3176.890333
2023-07-16 01:00:00,1169.3736670000003,3196.523198,2671.386398,2685.761666
2023-07-16 02:00:00,1015.153333,2730.6080979999997,2271.531298,2345.2920000000004
2023-07-16 03:00:00,874.311333,2389.415299,1978.905597,2079.8190000000004
2023-07-16 04:00:00,796.618333,2198.4348979999995,1777.623731,1882.836667
2023-07-16 05:00:00,721.166333,2046.1001959999999,1680.618798,1760.3563330000002
2023-07-16 06:00:00,710.218333,2012.603697,1582.262831,1734.863333
2023-07-16 07:00:00,749.1469999999999,2089.4822969999996,1661.2723290000001,1841.626001
2023-07-16 08:00:00,861.4870000000001,2303.262997,1840.725764,2111.41
2023-07-16 09:00:00,989.765333,2667.580098,2186.78063,2434.8196669999998
2023-07-16 10:00:00,1101.474667,2986.5073970000003,2506.9610979999998,2681.742
2023-07-16 11:00:00,1308.579667,3293.846598,2719.4146680000003,2932.0283339999996
2023-07-16 12:00:00,1433.740333,3660.052197,2989.9092650000002,3206.405667
2023-07-16 13:00:00,1577.511333,4026.4600980000005,3391.280099,3518.19
2023-07-16 14:00:00,1687.882,4358.8084,3704.138764,3862.932666
2023-07-16 15:00:00,1852.622667,4627.042998999999,4066.266999,4179.9986659999995
2023-07-16 16:00:00,2024.784,5022.609831,4381.166267,4477.767334
2023-07-16 17:00:00,2148.254,5261.662997,4679.992663,4768.170667
2023-07-16 18:00:00,2265.053334,5449.935464,4916.548899,4924.216667000001
2023-07-16 19:00:00,2232.386,5545.923798,4891.583297,4892.505
2023-07-16 20:00:00,2125.42,5304.869197,4707.5316299999995,4715.128
2023-07-16 21:00:00,1933.349,4863.528796999999,4300.113366,4357.7966670000005
2023-07-16 22:00:00,1763.839,4490.399899,3839.8643620000003,4045.284667
2023-07-16 23:00:00,1488.933,3926.301999,3314.940332,3467.799
2023-07-17 00:00:00,1227.242667,3387.269799,2672.98933,2870.000583
2023-07-17 01:00:00,1032.507333,2805.9894990000003,2201.079165,2407.347417
2023-07-17 02:00:00,880.618333,2349.742699,1867.4426290000001,2045.6186659999998
2023-07-17 03:00:00,792.759333,2125.063496,1686.913833,1871.0256669999999
2023-07-17 04:00:00,721.1899999999999,1990.296797,1560.471865,1685.0860010000001
2023-07-17 05:00:00,701.999333,1917.895798,1566.99793,1642.880001
2023-07-17 06:00:00,715.955333,1988.384898,1588.5725320000001,1671.779
2023-07-17 07:00:00,784.552667,2137.9204980000004,1705.437299,1850.646001
2023-07-17 08:00:00,876.9060000000001,2324.6260979999997,1823.058398,2065.945
2023-07-17 09:00:00,935.8389999999999,2380.413498,1977.4251980000001,2189.2960000000003
2023-07-17 10:00:00,983.867,2481.8125979999995,2081.761331,2204.481
2023-07-17 11:00:00,983.289667,2563.875397,2140.599496,2280.083
2023-07-17 12:00:00,1043.827,2689.795497,2168.917965,2370.625
2023-07-17 13:00:00,1071.8493330000001,2866.7603980000004,2244.611895,2499.9696670000003
2023-07-17 14:00:00,1105.423,3032.764199,2409.743431,2586.812666
2023-07-17 15:00:00,1167.034667,3176.049899,2509.656632,2663.379
2023-07-17 16:00:00,1247.184,3312.8060969999997,2707.307933,2753.0370000000003
2023-07-17 17:00:00,1382.093333,3524.739898,2945.379866,3020.707665
2023-07-17 18:00:00,1548.3890000000001,3920.9206969999996,3214.976765,3386.499667
2023-07-17 19:00:00,1630.9759999999999,4034.375697,3460.891065,3494.2538329999998
2023-07-17 20:00:00,1528.537333,3986.6152970000003,3409.648466,3400.930166
2023-07-17 21:00:00,1453.4340000000002,3786.4512969999996,3228.089598,3164.431334
2023-07-17 22:00:00,1345.2330000000002,3610.2409,3035.933499,3082.4975830000003
2023-07-17 23:00:00,1221.636333,3168.707797,2660.6114319999997,2702.500916
2023-07-18 00:00:00,1022.2243330000001,2692.226098,2200.424765,2251.681334
2023-07-18 01:00:00,815.062333,2255.3360970000003,1843.870533,1912.650666
2023-07-18 02:00:00,699.172,1985.2485980000001,1622.726664,1679.839334
2023-07-18 03:00:00,649.704,1815.6550980000002,1480.591331,1545.458333
2023-07-18 04:00:00,620.3183329999999,1677.602132,1403.062598,1427.5136670000002
2023-07-18 05:00:00,619.832,1641.249598,1397.740232,1396.02
2023-07-18 06:00:00,645.935667,1743.552399,1423.9389310000001,1485.4146680000001
2023-07-18 07:00:00,745.782,1911.3854990000002,1596.1899649999998,1694.6783340000002
2023-07-18 08:00:00,827.518,2094.8643979999997,1730.267731,1921.967333
2023-07-18 09:00:00,860.942,2286.4508990000004,1856.018865,2041.807333
2023-07-18 10:00:00,891.6255,2338.612031,1952.3767970000001,2048.427667
2023-07-18 11:00:00,948.768,2394.1735639999997,2050.240631,2208.44
2023-07-18 12:00:00,1004.5445000000001,2597.151998,2210.3698649999997,2352.9213330000002
2023-07-18 13:00:00,1147.71,2875.9698639999997,2384.975765,2600.574666
2023-07-18 14:00:00,1250.9985,3168.748931,2633.275665,2744.978333
2023-07-18 15:00:00,1370.959,3443.991697,2922.9327330000006,2964.632
2023-07-18 16:00:00,1552.1605,3822.610498,3192.5828659999997,3249.279
2023-07-18 17:00:00,1688.53,4122.093298,3608.3735639999995,3574.623
2023-07-18 18:00:00,1806.2755000000002,4559.124898,3882.443865,3888.02
2023-07-18 19:00:00,1913.9350000000002,4669.7109980000005,4021.511264,4098.0960000000005
2023-07-18 20:00:00,1833.539,4557.5803319999995,3984.550667,3934.775
2023-07-18 21:00:00,1703.1085,4329.581033,3742.565632,3724.2375
2023-07-18 22:00:00,1617.992,4058.415864,3536.718964,3536.318
2023-07-18 23:00:00,1439.9585000000002,3626.353364,3070.5130639999998,3193.599
2023-07-19 00:00:00,1141.743334,3049.122064,2580.033128,2677.861666
2023-07-19 01:00:00,986.1168319999999,2535.740466,2147.4341959999997,2247.759083
2023-07-19 02:00:00,842.8240000000001,2254.5813980000003,1864.9713629999999,1961.0584170000002
2023-07-19 03:00:00,739.391668,2077.643664,1648.112331,1740.459
2023-07-19 04:00:00,691.471833,1933.90813,1551.851431,1633.816002
2023-07-19 05:00:00,661.250002,1844.2812629999999,1571.4982989999999,1618.2036669999998
2023-07-19 06:00:00,680.635,1923.542932,1560.9363979999998,1613.4750020000001
2023-07-19 07:00:00,767.590166,2063.585364,1687.396031,1831.2579999999998
2023-07-19 08:00:00,875.502668,2242.630565,1858.5663650000001,2116.4333349999997
2023-07-19 09:00:00,918.7043330000001,2360.894667,2005.569398,2214.404332
2023-07-19 10:00:00,984.720499,2559.202264,2199.864997,2330.2656690000003
2023-07-19 11:00:00,1101.3229999999999,2805.436032,2356.569934,2518.5183349999998
2023-07-19 12:00:00,1250.2356659999998,3182.622398,2630.975797,2887.7306670000003
2023-07-19 13:00:00,1350.1740009999999,3581.5901949999998,2975.174696,3218.7636679999996
2023-07-19 14:00:00,1566.675667,4050.927131,3335.611864,3619.786334
2023-07-19 15:00:00,1747.4435,4352.022065,3740.714365,3893.6986669999997
2023-07-19 16:00:00,1894.1335,4696.784761,4106.911763,4182.873334
2023-07-19 17:00:00,2083.0289999999995,5069.885833,4413.483034000001,4507.4619999999995
2023-07-19 18:00:00,2181.3728330000004,5343.026166,4684.2696,4809.654001999999
2023-07-19 19:00:00,2265.8535,5499.7026989999995,4848.354095000001,4929.625667
2023-07-19 20:00:00,2217.3973340000002,5439.055764000001,4752.322364,4939.712
2023-07-19 21:00:00,2132.679667,5231.22003,4553.616894999999,4795.746668
2023-07-19 22:00:00,2043.735667,5032.062134,4283.51633,4553.208668
2023-07-19 23:00:00,1790.0964989999998,4429.436398,3748.8584960000003,4006.3843320000005
2023-07-20 00:00:00,1452.7403339999998,3737.723099,3125.075696,3328.885334
2023-07-20 01:00:00,1224.5839999999998,3171.577497,2633.666865,2769.313
2023-07-20 02:00:00,1046.087,2741.471732,2207.0594969999997,2404.154
2023-07-20 03:00:00,906.2145,2431.267299,1961.5877329999998,2139.25
2023-07-20 04:00:00,826.3595,2212.848198,1776.006397,1959.9140000000002
2023-07-20 05:00:00,772.322,2145.456764,1726.9849629999999,1847.831333
2023-07-20 06:00:00,764.1715000000002,2118.355633,1710.3576990000001,1842.228666
2023-07-20 07:00:00,848.522,2186.7118309999996,1820.08243,1994.893
2023-07-20 08:00:00,915.518,2379.179896,1939.4037979999998,2231.331
2023-07-20 09:00:00,999.7139999999999,2524.6994969999996,2086.3886650000004,2388.967
2023-07-20 10:00:00,1037.8955,2681.702798,2173.417164,2442.0240000000003
2023-07-20 11:00:00,1114.063,2899.4229969999997,2408.934196,2517.473
2023-07-20 12:00:00,1222.6779999999999,3227.995198,2521.889298,2719.572334
2023-07-20 13:00:00,1340.3795,3471.000097,2763.75553,3051.2619999999997
2023-07-20 14:00:00,1467.4075,3754.812696,3075.2246320000004,3194.7453330000003
2023-07-20 15:00:00,1616.8655,4002.849098,3385.736463,3430.832
2023-07-20 16:00:00,1742.0790000000002,4310.972231,3712.1781979999996,3711.836
2023-07-20 17:00:00,1878.476,4661.661864,4071.2325309999997,4045.217666
2023-07-20 18:00:00,2080.398,4945.181497,4307.413329,4317.572333
2023-07-20 19:00:00,2100.3315000000002,5031.105997,4478.0608649999995,4512.286667
2023-07-20 20:00:00,2036.345,4998.411697,4393.2761310000005,4420.3033350000005
2023-07-20 21:00:00,1932.4615,4826.7656990000005,4183.441498,4270.7303329999995
2023-07-20 22:00:00,1795.8275,4577.779498,3853.816863,4061.648666
2023-07-20 23:00:00,1577.7855,3940.073899,3445.4295680000005,3540.665
2023-07-21 00:00:00,1311.7179999999998,3333.8518980000003,2789.836397,2932.5066669999997
2023-07-21 01:00:00,1068.9555,2819.981198,2316.800131,2451.130666
2023-07-21 02:00:00,908.068,2462.7228989999994,1970.37713,2125.732333
2023-07-21 03:00:00,795.7175,2201.287198,1751.3585640000001,1905.0390000000002
2023-07-21 04:00:00,730.7774999999999,2058.1552,1636.092499,1766.3046669999999
2023-07-21 05:00:00,711.3195000000001,1987.5275980000001,1594.0372619999998,1685.813001
2023-07-21 06:00:00,718.1099999999999,2014.755098,1600.3089300000001,1738.862333
2023-07-21 07:00:00,785.893,2078.479199,1720.71073,1871.607
2023-07-21 08:00:00,854.5145,2180.7940980000003,1832.2081309999999,2077.722667
2023-07-21 09:00:00,927.164,2300.670099,2008.708032,2210.105
2023-07-21 10:00:00,969.9855,2484.8499979999997,2076.842831,2230.6279999999997
2023-07-21 11:00:00,1040.5245,2673.849999,2212.9983650000004,2443.764
2023-07-21 12:00:00,1128.1574999999998,2971.760298,2491.811297,2635.925001
2023-07-21 13:00:00,1248.0555,3289.125397,2743.2226339999997,2889.5616659999996
2023-07-21 14:00:00,1376.06,3627.6892980000002,2998.237298,3091.99
2023-07-21 15:00:00,1518.308,3938.480899,3306.924797,3349.548334
2023-07-21 16:00:00,1640.3535000000002,4246.3876980000005,3552.0225309999996,3606.731667
2023-07-21 17:00:00,1766.592,4501.187398,3977.457563,3898.5246669999997
2023-07-21 18:00:00,1905.0925,4763.825299,4187.734365,4113.661666
2023-07-21 19:00:00,1947.665,4840.1214979999995,4301.310432,4170.976000000001
2023-07-21 20:00:00,1848.4229999999998,4647.089799,4135.493963000001,4072.273333
2023-07-21 21:00:00,1778.2635,4473.2031,3917.450632,3870.603001
2023-07-21 22:00:00,1664.711,4232.918398,3654.9157649999997,3712.192667
2023-07-21 23:00:00,1486.0695,3865.5203979999997,3275.7238310000002,3434.9143329999997
2023-07-22 00:00:00,1294.9560000000001,3355.014698,2743.8010649999997,2854.415001
2023-07-22 01:00:00,1089.1545,2844.4045990000004,2286.814432,2456.220334
2023-07-22 02:00:00,944.6495,2438.92763,2011.054666,2163.3336659999995
2023-07-22 03:00:00,841.9965,2190.355798,1793.183164,1877.343333
2023-07-22 04:00:00,745.6345,2008.788099,1645.987431,1736.300667
2023-07-22 05:00:00,698.3530000000001,1946.002096,1570.5276629999998,1638.660667
2023-07-22 06:00:00,684.3015,1895.0200969999999,1528.569132,1620.208666
2023-07-22 07:00:00,744.45,1977.5425989999999,1583.063567,1676.731334
2023-07-22 08:00:00,844.246,2226.0692980000003,1786.862099,1998.229333
2023-07-22 09:00:00,999.0709999999999,2605.2064980000005,2117.508533,2283.237999
2023-07-22 10:00:00,1129.2220000000002,2920.903997,2340.4509960000005,2579.562
2023-07-22 11:00:00,1261.488,3183.110697,2561.730628,2756.261
2023-07-22 12:00:00,1327.2295,3423.2340000000004,2842.085731,3092.246
2023-07-22 13:00:00,1454.2939999999999,3749.209599,3135.36543,3373.7670000000003
2023-07-22 14:00:00,1611.443,4145.745699,3421.1096319999997,3584.663333
2023-07-22 15:00:00,1738.3960000000002,4363.036998,3676.9209659999997,3772.299667
2023-07-22 16:00:00,1850.415,4545.390098,3928.24193,4010.1646659999997
2023-07-22 17:00:00,1977.384,4738.903798,4167.615565,4211.734
2023-07-22 18:00:00,2048.0335,4903.9705,4330.795665000001,4399.003000000001
2023-07-22 19:00:00,2039.2160000000001,5050.6018,4388.988697999999,4467.844333
2023-07-22 20:00:00,1978.7804999999998,4808.604398,4281.322098000001,4246.857917
2023-07-22 21:00:00,1809.2885,4613.654598,4004.568729,4002.545333
2023-07-22 22:00:00,1693.1374999999998,4317.664299,3719.098663,3741.471334
2023-07-22 23:00:00,1499.129,3931.1885970000003,3223.670297,3339.063
2023-07-23 00:00:00,1275.7985,3405.8259989999997,2758.1064640000004,2886.4926669999995
2023-07-23 01:00:00,1094.2534999999998,2944.352866,2304.790665,2480.056
2023-07-23 02:00:00,924.9445,2541.491331,2003.710131,2152.3653329999997
2023-07-23 03:00:00,837.1790000000001,2259.595564,1826.5227,1944.871333
2023-07-23 04:00:00,762.7285,2109.925499,1646.734664,1801.761
2023-07-23 05:00:00,698.361,2000.256199,1580.602934,1683.2266650000001
2023-07-23 06:00:00,684.2845,1943.413399,1549.7221960000002,1644.107667
2023-07-23 07:00:00,730.9994999999999,1971.800599,1580.243234,1727.854335
2023-07-23 08:00:00,823.0450000000001,2229.1041990000003,1746.852462,1928.704666
2023-07-23 09:00:00,981.692,2528.6482340000002,2010.889997,2274.468667
2023-07-23 10:00:00,1100.987,2845.600231,2349.7095630000003,2549.534667
2023-07-23 11:00:00,1190.4995,3177.780097,2629.833732,2775.6510000000003
2023-07-23 12:00:00,1289.347,3531.814797,2871.3769620000003,3024.6360000000004
2023-07-23 13:00:00,1438.2505,3814.934597,3210.8289640000003,3343.64
2023-07-23 14:00:00,1592.667,4158.705398,3483.179732,3557.843
2023-07-23 15:00:00,1761.527,4416.0389000000005,3652.6341300000004,3782.3593330000003
2023-07-23 16:00:00,1872.288,4665.1544969999995,3923.8833640000003,3945.4363329999996
2023-07-23 17:00:00,2032.9434999999999,4883.794197000001,4144.429365,4207.740001
2023-07-23 18:00:00,2066.3845,5072.8773980000005,4356.552232,4480.515334
2023-07-23 19:00:00,2108.074667,5094.877598,4489.6935300000005,4527.8866689999995
2023-07-23 20:00:00,2037.1565,4982.503495999999,4249.451764,4385.5979959999995
2023-07-23 21:00:00,1874.136833,4652.264597,3993.391866,4045.6729889999997
2023-07-23 22:00:00,1734.129334,4369.202397999999,3639.71013,3563.5606500000004
2023-07-23 23:00:00,1484.876166,3848.833299,3056.1259309999996,2434.454663
2023-07-24 00:00:00,1218.726667,3218.310098,2582.694198,1290.9632490000001
2023-07-24 01:00:00,996.267,2684.071065,2059.3661279999997,2252.4317520000004
2023-07-24 02:00:00,860.4825000000001,2286.86213,1793.9990309999998,1953.423335
2023-07-24 03:00:00,760.803,2061.375697,1614.9531309999998,1738.357665
2023-07-24 04:00:00,701.001,1929.6614,1497.7351320000002,1585.607334
2023-07-24 05:00:00,669.7375,1882.2119969999999,1488.3181,1499.9229960000002
2023-07-24 06:00:00,684.221,1869.6525980000001,1513.007529,1466.467167
2023-07-24 07:00:00,769.1655,1982.724397,1640.355665,1749.7235
2023-07-24 08:00:00,847.719,2221.127598,1791.818665,1985.175666
2023-07-24 09:00:00,899.317,2287.803498,1867.774365,2079.129333
2023-07-24 10:00:00,947.165,2373.651898,1972.648631,2096.537666
2023-07-24 11:00:00,945.8125,2484.0374979999997,2027.648366,2138.639669
2023-07-24 12:00:00,976.306,2545.260597,2132.391596,2204.544001
2023-07-24 13:00:00,1029.0394999999999,2698.71,2172.477932,2331.922667
2023-07-24 14:00:00,1032.395,2802.883898,2271.32953,2340.7156670000004
2023-07-24 15:00:00,1060.0500000000002,2837.136998,2364.3466,2395.587999
2023-07-24 16:00:00,1104.8305,2928.385796,2438.230298,2549.9186680000003
2023-07-24 17:00:00,1152.077,3216.616498,2579.5383970000003,2660.073334
2023-07-24 18:00:00,1272.88,3463.7167980000004,2727.571297,2852.7870000000003
2023-07-24 19:00:00,1411.7334999999998,3504.2591970000003,2988.33363,3061.044
2023-07-24 20:00:00,1433.4389999999999,3621.132098,2972.283498,3081.220333
2023-07-24 21:00:00,1372.7995,3544.48463,2869.692097,3148.242333
2023-07-24 22:00:00,1329.502,3469.2165969999996,2901.718997,3011.2403329999997
2023-07-24 23:00:00,1196.065,3111.7970640000003,2629.293099,2779.626668
2023-07-25 00:00:00,1014.1955,2673.968996,2215.5535980000004,2359.500333
2023-07-25 01:00:00,839.936,2290.246129,1906.1274990000002,2038.653835
2023-07-25 02:00:00,760.726,2048.087132,1665.120098,1796.845334
2023-07-25 03:00:00,713.6334999999999,1897.734764,1536.5769650000002,1653.6617500000002
2023-07-25 04:00:00,673.1855,1823.393865,1473.954264,1591.1996669999999
2023-07-25 05:00:00,665.611,1804.187532,1462.708698,1549.4995840000001
2023-07-25 06:00:00,675.5191669999999,1881.209797,1485.614967,1591.458083
2023-07-25 07:00:00,726.394,2007.9646630000002,1618.807964,1723.017166
2023-07-25 08:00:00,821.452,2139.6981989999995,1686.415565,1923.911333
2023-07-25 09:00:00,848.417833,2225.5952979999997,1811.39703,1999.365668
2023-07-25 10:00:00,882.355333,2302.32423,1870.235498,2057.014334
2023-07-25 11:00:00,897.637667,2404.098996,1946.855964,2076.245
2023-07-25 12:00:00,936.961333,2493.9284000000002,2021.875597,2180.0359989999997
2023-07-25 13:00:00,1002.415,2666.094798,2138.396198,2338.850667
2023-07-25 14:00:00,1066.8123329999999,2823.0713,2302.813298,2514.8776669999997
2023-07-25 15:00:00,1154.673667,3055.04623,2535.746097,2585.227334
2023-07-25 16:00:00,1219.246,3271.806998,2771.1967990000003,2826.700333
2023-07-25 17:00:00,1397.0973330000002,3634.2507,3078.732531,3070.0443330000003
2023-07-25 18:00:00,1576.902,3941.6519,3367.420697,3332.200666
2023-07-25 19:00:00,1621.4940000000001,4050.714299,3499.141197,3445.498916
2023-07-25 20:00:00,1522.680333,3877.1308989999998,3422.095263,3418.9974999999995
2023-07-25 21:00:00,1456.8576670000002,3753.5374979999997,3199.946965,3220.8
2023-07-25 22:00:00,1316.674667,3531.7197979999996,2992.824231,3065.214333
2023-07-25 23:00:00,1189.7473329999998,3144.682497,2642.145233,2737.540667
2023-07-26 00:00:00,998.8903329999999,2684.359297,2142.393065,2315.103667
2023-07-26 01:00:00,817.568,2270.5456650000006,1817.809632,1907.590666
2023-07-26 02:00:00,714.229333,1992.9037979999998,1613.4825,1654.222001
2023-07-26 03:00:00,650.646667,1822.4895999999999,1475.4272999999998,1496.6899999999998
2023-07-26 04:00:00,627.374,1721.568498,1390.381265,1415.708668
2023-07-26 05:00:00,617.623333,1706.5802979999999,1362.725797,1407.714667
2023-07-26 06:00:00,647.503,1787.247198,1413.973731,1463.4139999999998
2023-07-26 07:00:00,712.6869999999999,1909.204698,1594.78503,1670.243999
2023-07-26 08:00:00,821.886,2100.8737309999997,1694.0029989999998,1917.6986670000001
2023-07-26 09:00:00,835.895,2209.373197,1799.539997,2047.1870010000002
2023-07-26 10:00:00,832.473667,2286.117596,1873.3042,2051.645332
2023-07-26 11:00:00,943.8153330000001,2448.4004990000003,2018.9289640000002,2145.0696660000003
2023-07-26 12:00:00,1002.526333,2601.053899,2128.9452330000004,2247.1793340000004
2023-07-26 13:00:00,1086.5463330000002,2788.646697,2346.6559319999997,2431.7876659999997
2023-07-26 14:00:00,1117.2930000000001,2986.072198,2486.3827969999998,2543.7250000000004
2023-07-26 15:00:00,1192.103,3143.7794,2664.666599,2747.397333
2023-07-26 16:00:00,1340.427333,3391.687998,2868.7757629999996,2942.435668
2023-07-26 17:00:00,1476.689,3808.0367979999996,3178.906698,3220.898333
2023-07-26 18:00:00,1651.060667,3995.203198,3474.205165,3491.1713339999997
2023-07-26 19:00:00,1700.230333,4008.520297,3571.969498,3663.4359999999997
2023-07-26 20:00:00,1574.7163329999998,3901.599197,3468.3919990000004,3499.346334
2023-07-26 21:00:00,1476.345333,3812.9397989999998,3299.863198,3308.5606660000003
2023-07-26 22:00:00,1424.367667,3610.9296990000003,3130.671099,3167.285
2023-07-26 23:00:00,1252.649,3245.722197,2771.627164,2874.727
2023-07-27 00:00:00,1020.258,2794.343499,2331.5070619999997,2481.046334
2023-07-27 01:00:00,847.616,2358.797431,1937.600032,2108.655666
2023-07-27 02:00:00,741.039667,2000.291363,1671.9792989999999,1775.701667
2023-07-27 03:00:00,656.628,1835.850398,1510.951364,1599.880332
2023-07-27 04:00:00,625.0029999999999,1734.252297,1438.779898,1509.465334
2023-07-27 05:00:00,621.9076670000001,1715.7790650000002,1415.655798,1487.3643339999999
2023-07-27 06:00:00,629.032667,1782.776899,1435.9946329999998,1523.364666
2023-07-27 07:00:00,712.612333,1898.920199,1550.207597,1707.346
2023-07-27 08:00:00,831.694667,2116.643499,1709.313365,1905.7093330000002
2023-07-27 09:00:00,877.448333,2216.3265969999998,1875.156931,2071.157666
2023-07-27 10:00:00,911.361667,2341.431498,1928.6899639999997,2124.8500000000004
2023-07-27 11:00:00,991.9650000000001,2438.949397,2037.8098649999997,2207.809666
2023-07-27 12:00:00,1053.312333,2596.668198,2156.7717979999998,2365.7596670000003
2023-07-27 13:00:00,1115.047667,2850.330097,2347.7813969999997,2535.262667
2023-07-27 14:00:00,1231.299,3123.203697,2566.760465,2695.222667
2023-07-27 15:00:00,1314.899666,3376.532197,2782.087998,2935.956333
2023-07-27 16:00:00,1432.040667,3612.7870970000004,2975.015433,3181.576333
2023-07-27 17:00:00,1563.6146669999998,3943.321298,3294.646097,3367.0236670000004
2023-07-27 18:00:00,1722.386666,4212.499997999999,3539.708764,3631.723666
2023-07-27 19:00:00,1761.4956659999998,4232.127898,3706.1253319999996,3651.549334
2023-07-27 20:00:00,1681.1263330000002,4124.466999,3556.691698,3585.1166670000002
2023-07-27 21:00:00,1560.443667,3994.0090979999995,3374.886364,3433.086334
2023-07-27 22:00:00,1462.2073330000003,3765.443897,3111.916565,3303.304333
2023-07-27 23:00:00,1303.278667,3355.097998,2692.655232,2923.032333
2023-07-28 00:00:00,1040.9876669999999,2810.975898,2305.282699,2430.352667
2023-07-28 01:00:00,876.342333,2427.1885970000003,1932.326664,2076.0586670000002
2023-07-28 02:00:00,781.121333,2104.737463,1665.166397,1773.859665
2023-07-28 03:00:00,696.877333,1899.696266,1512.633532,1626.0983339999998
2023-07-28 04:00:00,647.391333,1793.9922299999998,1421.817864,1516.868333
2023-07-28 05:00:00,649.688,1762.357898,1421.590465,1463.681334
2023-07-28 06:00:00,653.2553330000001,1828.366899,1413.65713,1516.426666
2023-07-28 07:00:00,742.763667,1935.581798,1556.840565,1699.1553330000002
2023-07-28 08:00:00,807.958,2094.1227980000003,1721.577397,1931.848333
2023-07-28 09:00:00,869.830333,2183.595998,1836.108597,2051.022666
2023-07-28 10:00:00,887.452667,2340.228198,1918.291696,2068.627666
2023-07-28 11:00:00,944.628667,2445.3992,2013.8364980000001,2159.4776659999998
2023-07-28 12:00:00,952.398,2576.2976980000003,2189.109865,2266.014667
2023-07-28 13:00:00,1081.0533329999998,2792.434697,2357.336566,2427.843
2023-07-28 14:00:00,1123.485333,3049.787999,2496.560965,2598.649668
2023-07-28 15:00:00,1237.879333,3256.701698,2780.120929,2769.245667
2023-07-28 16:00:00,1340.250667,3473.5834299999997,2979.0338659999998,3004.940333
2023-07-28 17:00:00,1458.848667,3754.576099,3270.023864,3246.440333
2023-07-28 18:00:00,1600.251,4054.434897,3513.810066,3466.3653329999997
2023-07-28 19:00:00,1594.5030000000002,4151.766498,3541.993899,3549.283
2023-07-28 20:00:00,1509.88,4047.367698,3447.0543959999995,3356.5063330000003
2023-07-28 21:00:00,1417.1953330000001,3846.4698989999997,3258.22233,3192.1859990000003
2023-07-28 22:00:00,1363.171667,3606.170298,2972.713997,3107.885333
2023-07-28 23:00:00,1261.597333,3326.6667960000004,2641.058965,2830.536666
2023-07-29 00:00:00,1072.050667,2872.4665999999997,2247.163531,2403.376333
2023-07-29 01:00:00,900.209,2438.455799,1935.429831,2053.564999
2023-07-29 02:00:00,795.903,2104.00403,1669.024399,1787.2636659999998
2023-07-29 03:00:00,689.509,1912.851231,1507.1505310000002,1607.458334
2023-07-29 04:00:00,638.2086670000001,1793.0836989999998,1400.331699,1487.092334
2023-07-29 05:00:00,604.802,1713.9621980000002,1371.972632,1437.629
2023-07-29 06:00:00,618.565,1730.974499,1333.521064,1452.9726660000001
2023-07-29 07:00:00,648.336333,1790.9145979999998,1407.535099,1507.7486669999998
2023-07-29 08:00:00,787.1949999999999,2043.504097,1611.0178959999998,1767.101667
2023-07-29 09:00:00,881.4946669999999,2283.493097,1821.459433,2070.9663330000003
2023-07-29 10:00:00,971.47,2513.1850990000003,2054.174298,2285.7063319999997
2023-07-29 11:00:00,1049.9896670000003,2639.9345970000004,2192.863497,2430.2993340000003
2023-07-29 12:00:00,1063.2730000000001,2789.856997,2347.420999,2571.4273329999996
2023-07-29 13:00:00,1136.046667,3011.4650979999997,2522.9218969999997,2681.1586660000003
2023-07-29 14:00:00,1218.828333,3274.0281969999996,2727.67693,2790.988334
2023-07-29 15:00:00,1374.4180000000001,3490.390898,2896.286697,2928.589333
2023-07-29 16:00:00,1432.54,3698.822499,3133.163697,3068.3206680000003
2023-07-29 17:00:00,1531.784333,3902.439097,3267.7336969999997,3263.8720000000003
2023-07-29 18:00:00,1644.706333,4139.2491979999995,3457.634498,3370.2780000000002
2023-07-29 19:00:00,1650.057667,4091.5081980000004,3435.032797,3455.952668
2023-07-29 20:00:00,1513.103667,3808.595998,3165.901565,3131.1683319999997
2023-07-29 21:00:00,1396.7086669999999,3558.0171960000002,3037.6841619999996,2953.1053330000004
2023-07-29 22:00:00,1290.266667,3335.786398,2782.612833,2780.7653339999997
2023-07-29 23:00:00,1100.155667,3003.282098,2462.378631,2566.3766670000005
2023-07-30 00:00:00,969.132,2647.1898979999996,2150.799965,2293.902
2023-07-30 01:00:00,821.6393330000001,2312.7427310000003,1847.9864969999999,1984.5513329999999
2023-07-30 02:00:00,731.377,2033.805331,1588.1964990000001,1695.267335
2023-07-30 03:00:00,643.808667,1842.332198,1441.4679979999999,1566.4320010000001
2023-07-30 04:00:00,603.692667,1721.093297,1358.9603650000001,1459.9686669999999
2023-07-30 05:00:00,585.665333,1713.629599,1318.3220999999999,1410.141999
2023-07-30 06:00:00,582.737667,1715.508498,1308.388898,1372.8990000000001
2023-07-30 07:00:00,631.904667,1741.168499,1350.7061640000002,1475.672
2023-07-30 08:00:00,744.5236669999999,1984.394899,1582.820997,1675.751667
2023-07-30 09:00:00,838.845,2299.445399,1860.524167,1985.805
2023-07-30 10:00:00,949.459333,2502.944098,2071.8863650000003,2232.068999
2023-07-30 11:00:00,1016.669667,2699.585997,2180.553865,2360.403334
2023-07-30 12:00:00,1088.241333,2887.233199,2353.033996,2524.567
2023-07-30 13:00:00,1154.122333,3051.8984969999997,2492.499797,2688.874667
2023-07-30 14:00:00,1244.1006670000002,3314.0723989999997,2666.971497,2828.4586659999995
2023-07-30 15:00:00,1302.153,3529.838398,2856.094097,2925.767
2023-07-30 16:00:00,1437.3343329999998,3694.399399,3097.5464979999997,3113.265332
2023-07-30 17:00:00,1458.3423329999998,3939.5464979999997,3312.813097,3344.052334
2023-07-30 18:00:00,1605.134667,4123.788399,3450.139199,3582.7853330000003
2023-07-30 19:00:00,1710.6236669999998,4181.847898,3548.639999,3632.252334
2023-07-30 20:00:00,1612.356,4069.756199,3434.887998,3566.942335
2023-07-30 21:00:00,1506.492667,3968.397232,3318.843499,3372.1593329999996
2023-07-30 22:00:00,1406.216667,3717.8548960000003,3050.031199,3244.049333
2023-07-30 23:00:00,1241.0500000000002,3201.494297,2673.505498,2824.5073330000005
2023-07-31 00:00:00,991.627,2721.393199,2277.796332,2413.218333
2023-07-31 01:00:00,840.9073329999999,2325.4707639999997,1904.7377649999999,1984.807334
2023-07-31 02:00:00,731.839333,2024.9819330000003,1637.144197,1713.036
2023-07-31 03:00:00,672.653333,1847.952499,1506.882898,1536.318667
2023-07-31 04:00:00,630.432667,1747.3780969999998,1396.3140990000002,1430.319667
2023-07-31 05:00:00,610.849667,1686.1980979999998,1387.977831,1404.480667
2023-07-31 06:00:00,641.3223330000001,1776.8388,1418.4743330000001,1486.3010009999998
2023-07-31 07:00:00,701.7829999999999,1920.457499,1535.838399,1665.2273329999998
2023-07-31 08:00:00,790.1976669999999,2138.753364,1706.4577980000001,1867.989
2023-07-31 09:00:00,868.721667,2222.699197,1791.08133,2011.743999
2023-07-31 10:00:00,897.921667,2318.948165,1891.72973,2131.468
2023-07-31 11:00:00,912.334333,2524.577999,1989.5823659999999,2218.768002
2023-07-31 12:00:00,1040.7489999999998,2695.229999,2201.6952979999996,2323.469001
2023-07-31 13:00:00,1152.7640000000001,2949.4923,2394.970831,2519.9036670000005
2023-07-31 14:00:00,1238.019667,3141.892699,2585.653763,2678.6576670000004
2023-07-31 15:00:00,1314.542333,3374.5501970000005,2789.6937629999998,2814.795999
2023-07-31 16:00:00,1456.536334,3695.494698,3041.8949000000002,3076.6706670000003
2023-07-31 17:00:00,1552.027334,4030.072498,3393.912098,3381.804334
2023-07-31 18:00:00,1707.346,4333.564297000001,3783.670864,3615.216
2023-07-31 19:00:00,1740.908333,4384.6235990000005,3805.3343640000003,3793.465666
2023-07-31 20:00:00,1685.885333,4196.877299,3707.134896,3649.188333
2023-07-31 21:00:00,1579.436333,3962.394397,3465.068132,3514.4213330000002
2023-07-31 22:00:00,1470.911,3883.570298,3168.679697,3303.379333
2023-07-31 23:00:00,1286.873667,3369.051697,2728.4635659999994,2898.151335
2023-08-01 00:00:00,1067.836333,2839.7981980000004,2234.278566,2446.256334
2023-08-01 01:00:00,900.297333,2429.667965,1916.2410989999998,2044.831333
2023-08-01 02:00:00,795.0433330000001,2082.702565,1662.1328979999998,1797.082999
2023-08-01 03:00:00,699.457667,1900.9061660000002,1509.7522319999998,1636.4573329999998
2023-08-01 04:00:00,659.984667,1767.235998,1421.509199,1519.5733340000002
2023-08-01 05:00:00,664.721,1724.9008970000002,1396.741597,1481.064
2023-08-01 06:00:00,675.9476669999999,1816.226698,1431.4563309999999,1529.616333
2023-08-01 07:00:00,738.208,1932.713099,1550.7361650000003,1711.710333
2023-08-01 08:00:00,802.701,2132.444765,1678.2290990000001,1930.661999
2023-08-01 09:00:00,872.274333,2285.063397,1861.671132,2059.9273350000003
2023-08-01 10:00:00,913.231333,2385.1295,1935.167364,2151.9913340000003
2023-08-01 11:00:00,963.700667,2548.421363,2039.415599,2202.500332
2023-08-01 12:00:00,1057.6313329999998,2727.642531,2206.232498,2360.284999
2023-08-01 13:00:00,1154.603,3019.052198,2396.081766,2616.65
2023-08-01 14:00:00,1250.8973330000001,3266.264797,2718.115597,2813.489334
2023-08-01 15:00:00,1412.8706670000001,3562.9776,3014.873998,3122.253667
2023-08-01 16:00:00,1606.1999999999998,3920.485197,3321.368965,3395.3233330000003
2023-08-01 17:00:00,1760.924333,4288.910198,3659.7392630000004,3705.822666
2023-08-01 18:00:00,1894.9650000000001,4553.750998,3893.202531,3926.7866660000004
2023-08-01 19:00:00,1931.5570000000002,4641.749698,4076.203399,4140.987333
2023-08-01 20:00:00,1855.465333,4572.541698999999,3893.166631,4003.0440000000003
2023-08-01 21:00:00,1720.740667,4375.401097,3785.798664,3759.052
2023-08-01 22:00:00,1653.796667,4163.556798,3499.55353,3595.064333
2023-08-01 23:00:00,1425.460333,3655.6897989999998,3046.1446969999997,3165.296335
2023-08-02 00:00:00,1156.8183330000002,3066.966798,2499.024698,2661.212333
2023-08-02 01:00:00,945.804,2619.045396,2122.712598,2235.590666
2023-08-02 02:00:00,827.134333,2285.1464990000004,1793.2838659999998,1951.284
2023-08-02 03:00:00,727.760667,2078.722899,1614.136466,1723.884332
2023-08-02 04:00:00,667.318,1895.004698,1496.810231,1616.799002
2023-08-02 05:00:00,659.075333,1864.224497,1462.2640649999998,1553.150333
2023-08-02 06:00:00,679.102,1891.580097,1450.460597,1587.639333
2023-08-02 07:00:00,755.26,1953.0981969999998,1581.192332,1747.397666
2023-08-02 08:00:00,856.563,2151.051997,1720.662998,1998.565
2023-08-02 09:00:00,911.914,2299.0986980000002,1905.683267,2120.5753350000005
2023-08-02 10:00:00,955.616667,2413.196697,2007.330864,2214.512332
2023-08-02 11:00:00,1013.4773329999999,2603.0202990000003,2150.380665,2375.338333
2023-08-02 12:00:00,1179.020333,2857.121497,2391.293329,2557.018001
2023-08-02 13:00:00,1245.7253329999999,3224.762098,2717.656163,2892.049666
2023-08-02 14:00:00,1367.2889999999998,3563.1195989999997,2991.333665,3155.087
2023-08-02 15:00:00,1504.297,3888.4018619999997,3337.9707989999997,3388.3863330000004
2023-08-02 16:00:00,1705.609333,4190.838898999999,3668.1521330000005,3686.7053339999998
2023-08-02 17:00:00,1850.0810000000001,4493.0789970000005,3969.031633,3968.857666
2023-08-02 18:00:00,1969.384667,4818.231299,4230.5058659999995,4218.995333999999
2023-08-02 19:00:00,1990.692333,4812.3224979999995,4268.1386,4392.574
2023-08-02 20:00:00,1917.824333,4645.822198,4039.70813,4183.882002
2023-08-02 21:00:00,1766.393333,4440.846598,3852.149733,3988.374666
2023-08-02 22:00:00,1585.326667,4072.0977970000004,3555.096897,3671.345667
2023-08-02 23:00:00,1379.281,3562.6305,3062.704862,3228.0460000000003
2023-08-03 00:00:00,1142.4360000000001,3066.919099,2523.4348310000005,2729.333334
2023-08-03 01:00:00,956.181,2592.876297,2109.650799,2335.0169990000004
2023-08-03 02:00:00,828.4776669999999,2288.990299,1825.6422969999999,1975.2481679999999
2023-08-03 03:00:00,748.16,2096.3614989999996,1619.769197,1770.802497
2023-08-03 04:00:00,709.899,1963.7346980000002,1519.022998,1668.623001
2023-08-03 05:00:00,683.4586669999999,1916.903899,1517.483531,1611.113334
2023-08-03 06:00:00,696.824667,1929.7324979999999,1483.4572309999999,1668.1219999999998
2023-08-03 07:00:00,764.198333,2081.4340979999997,1600.843997,1787.251335
2023-08-03 08:00:00,834.559667,2200.504798,1742.116563,1983.6373330000001
2023-08-03 09:00:00,914.215333,2241.285331,1876.814565,2103.442666
2023-08-03 10:00:00,942.0746669999999,2457.939667,1966.6945,2197.973667
2023-08-03 11:00:00,1007.3910000000001,2603.074397,2113.068632,2339.3683330000003
2023-08-03 12:00:00,1100.114333,2870.448798,2331.235264,2536.538334
2023-08-03 13:00:00,1205.3866669999998,3136.6624970000003,2614.2769319999998,2730.911334
2023-08-03 14:00:00,1339.01,3466.1862,2946.6119989999997,3005.360334
2023-08-03 15:00:00,1483.1953330000001,3834.8863,3238.46853,3190.0426660000003
2023-08-03 16:00:00,1648.996,4101.6834,3484.0578649999998,3607.896
2023-08-03 17:00:00,1789.479,4502.018998,3897.589767,3918.602666
2023-08-03 18:00:00,1978.270333,4846.097198,4171.724164,4183.798999
2023-08-03 19:00:00,2007.869333,4881.878298,4322.074898999999,4323.386
2023-08-03 20:00:00,1931.2633329999999,4794.718397000001,4162.974865,4170.002
2023-08-03 21:00:00,1782.7956669999999,4595.8638,3951.532164,4038.5556669999996
2023-08-03 22:00:00,1677.721333,4261.177599000001,3614.715832,3822.3389989999996
2023-08-03 23:00:00,1475.304667,3789.714797,3187.296634,3344.6606659999998
2023-08-04 00:00:00,1220.410667,3183.833298,2627.841099,2832.6216670000003
2023-08-04 01:00:00,1002.6593330000001,2720.954798,2160.262596,2374.190333
2023-08-04 02:00:00,881.9283330000001,2406.628997,1871.1645330000001,2014.662668
2023-08-04 03:00:00,785.560333,2205.603498,1703.437566,1855.003502
2023-08-04 04:00:00,722.978333,2074.250998,1561.2102639999998,1716.4786669999999
2023-08-04 05:00:00,701.74,1997.507399,1543.28733,1633.3936670000003
2023-08-04 06:00:00,700.487333,2018.8841979999997,1525.627098,1658.892999
2023-08-04 07:00:00,778.9026670000001,2092.866399,1600.483631,1806.101667
2023-08-04 08:00:00,857.5559999999999,2237.6894979999997,1766.806399,2053.561334
2023-08-04 09:00:00,902.022333,2316.860097,1934.114232,2167.905333
2023-08-04 10:00:00,927.262667,2430.390898,2022.709397,2262.6273330000004
2023-08-04 11:00:00,994.4026670000001,2541.8165980000003,2100.480431,2222.5350000000003
2023-08-04 12:00:00,1076.24,2785.110497,2257.582665,2375.264333
2023-08-04 13:00:00,1158.183333,2961.5773980000004,2499.024032,2588.129333
2023-08-04 14:00:00,1271.494333,3249.2889990000003,2701.772666,2869.360668
2023-08-04 15:00:00,1314.380333,3428.373699,2871.7217650000002,2988.5063339999997
2023-08-04 16:00:00,1374.680667,3517.5932980000002,2970.7200000000003,3173.991
2023-08-04 17:00:00,1471.176667,3681.444697,3161.690964,3283.3999999999996
2023-08-04 18:00:00,1530.714,3970.283397,3423.443864,3465.940333
2023-08-04 19:00:00,1629.069,4068.048398,3580.7155979999998,3657.519
2023-08-04 20:00:00,1597.78,4093.635797,3512.991099,3600.293333
2023-08-04 21:00:00,1547.237333,4041.1935969999995,3364.364497,3492.134999
2023-08-04 22:00:00,1478.9826669999998,3816.8298989999994,3100.713831,3277.3466660000004
2023-08-04 23:00:00,1276.480333,3536.596697,2803.760198,2995.587666
2023-08-05 00:00:00,1118.2946670000001,3094.692698,2452.8334999999997,2618.973334
2023-08-05 01:00:00,975.1109999999999,2723.9655000000002,2129.8422,2282.9926659999996
2023-08-05 02:00:00,875.837,2424.231997,1944.102132,2044.3678340000001
2023-08-05 03:00:00,801.942,2216.7135,1742.839266,1830.3778340000001
2023-08-05 04:00:00,760.5336669999999,2068.982798,1611.932197,1747.9623339999998
2023-08-05 05:00:00,705.931,2021.909799,1545.052596,1688.3063339999999
2023-08-05 06:00:00,707.832,2022.700299,1497.409164,1647.643666
2023-08-05 07:00:00,747.954333,2027.5873969999998,1566.7109679999999,1724.894667
2023-08-05 08:00:00,841.3399999999999,2245.398897,1705.357931,1987.7706680000001
2023-08-05 09:00:00,912.6866669999999,2485.214297,1886.5153990000001,2160.105333
2023-08-05 10:00:00,1010.046,2612.2886989999997,2075.322397,2362.333665
2023-08-05 11:00:00,1062.569667,2726.0270979999996,2208.759332,2412.910667
2023-08-05 12:00:00,1115.15,2853.135299,2285.466065,2512.834333
2023-08-05 13:00:00,1166.126667,2937.523099,2393.387165,2626.7436660000003
2023-08-05 14:00:00,1181.2943329999998,3018.714967,2497.965129,2742.694334
2023-08-05 15:00:00,1194.433,3123.6930629999997,2594.398998,2780.960666
2023-08-05 16:00:00,1283.592,3341.526567,2775.407131,2951.2450010000002
2023-08-05 17:00:00,1449.015333,3576.366798,2901.610599,3109.166
2023-08-05 18:00:00,1487.697333,3690.197499,3096.014431,3250.6323329999996
2023-08-05 19:00:00,1490.732667,3692.572997,3105.095631,3288.458668
2023-08-05 20:00:00,1422.560667,3658.000297,3022.323996,3207.0246660000003
2023-08-05 21:00:00,1389.649667,3623.6064979999996,2909.164464,3049.6186669999997
2023-08-05 22:00:00,1286.5366669999999,3416.9468,2860.96713,2998.554
2023-08-05 23:00:00,1168.291667,3173.3679970000003,2600.701665,2787.246
2023-08-06 00:00:00,1059.6889999999999,2893.526998,2284.1640639999996,2430.6440000000002
2023-08-06 01:00:00,928.890333,2510.44373,1984.042298,2134.328333
2023-08-06 02:00:00,830.1629999999999,2274.309563,1775.098064,1871.651001
2023-08-06 03:00:00,740.359667,2082.779999,1623.081128,1708.063831
2023-08-06 04:00:00,687.434667,1942.828199,1494.3759989999999,1595.1330010000001
2023-08-06 05:00:00,657.474333,1877.597798,1408.694433,1545.940333
2023-08-06 06:00:00,653.046667,1903.6539,1418.705366,1535.821667
2023-08-06 07:00:00,689.7786669999999,1934.328098,1456.381132,1599.3020000000001
2023-08-06 08:00:00,780.932667,2110.107597,1623.465496,1853.895
2023-08-06 09:00:00,883.6020000000001,2363.844596,1908.0451990000001,2115.260333
2023-08-06 10:00:00,1035.611333,2612.885897,2127.970797,2328.687666
2023-08-06 11:00:00,1054.7486669999998,2808.551096,2313.559499,2487.048334
2023-08-06 12:00:00,1104.431333,2842.7340990000002,2413.3444959999997,2531.179
2023-08-06 13:00:00,1194.201333,3033.2533989999997,2587.96033,2732.880334
2023-08-06 14:00:00,1293.768667,3169.66083,2730.4506979999996,2813.781666
2023-08-06 15:00:00,1343.277,3372.686432,2855.904197,3116.2169999999996
2023-08-06 16:00:00,1475.597333,3662.593031,3175.4980649999998,3313.5756659999997
2023-08-06 17:00:00,1607.0283330000002,3974.1425959999997,3516.336864,3566.675
2023-08-06 18:00:00,1692.343667,4218.473597,3686.237465,3801.262333
2023-08-06 19:00:00,1735.242667,4254.396397,3733.374199,3854.606001
2023-08-06 20:00:00,1683.8139999999999,4194.709999000001,3622.189765,3760.554335
2023-08-06 21:00:00,1606.849667,4099.375497999999,3449.452331,3608.842667
2023-08-06 22:00:00,1510.799667,3785.716697,3244.555733,3399.2313329999997
2023-08-06 23:00:00,1325.576,3364.083399,2726.355665,2976.711666
2023-08-07 00:00:00,1092.109,2908.1435,2300.870932,2525.936333
2023-08-07 01:00:00,945.572333,2547.247798,1954.1866639999998,2135.7253339999997
2023-08-07 02:00:00,813.984333,2208.015299,1739.9402,1846.608667
2023-08-07 03:00:00,726.997333,2029.2336970000001,1578.344032,1702.441666
2023-08-07 04:00:00,679.286667,1957.996298,1490.562367,1617.076
2023-08-07 05:00:00,694.5256670000001,1905.150499,1507.9213989999998,1586.963333
2023-08-07 06:00:00,706.7993329999999,1952.845933,1506.253966,1619.327667
2023-08-07 07:00:00,782.953,2044.7483330000002,1656.3346000000001,1831.018
2023-08-07 08:00:00,846.9870000000001,2186.793397,1840.9008330000001,2046.9153329999997
2023-08-07 09:00:00,905.227667,2279.979797,1904.144765,2190.18
2023-08-07 10:00:00,971.557667,2347.6180990000003,2004.094632,2189.132001
2023-08-07 11:00:00,993.325333,2398.0044989999997,2097.230497,2201.688335
2023-08-07 12:00:00,1031.824,2566.5846960000003,2158.028629,2359.988334
2023-08-07 13:00:00,1139.7359999999999,2860.3850329999996,2403.3101,2575.661333
2023-08-07 14:00:00,1217.285667,3128.8549660000003,2640.8499659999998,2743.8886669999997
2023-08-07 15:00:00,1365.0913329999998,3427.932831,2949.075231,2978.5976659999997
2023-08-07 16:00:00,1520.2736670000002,3771.346798,3255.5473979999997,3312.468667
2023-08-07 17:00:00,1688.606334,4138.322099,3617.255299,3600.340334
2023-08-07 18:00:00,1842.127,4469.882198,3895.110665,3857.737
2023-08-07 19:00:00,1868.902,4512.676331000001,3885.7834969999994,3998.287666
2023-08-07 20:00:00,1837.211333,4384.262165,3748.1382970000004,3881.017666
2023-08-07 21:00:00,1730.5993330000001,4201.6705999999995,3568.189096,3759.205333
2023-08-07 22:00:00,1584.975,3908.0172970000003,3289.701832,3526.325
2023-08-07 23:00:00,1322.7476669999999,3443.559498,2859.534932,3067.472668
2023-08-08 00:00:00,1093.223333,2937.855998,2379.435133,2580.775
2023-08-08 01:00:00,906.521333,2509.133397,2052.025599,2191.535831
2023-08-08 02:00:00,800.0303329999999,2199.8304980000003,1764.817499,1893.709001
2023-08-08 03:00:00,715.6196669999999,2020.596097,1550.5434650000002,1700.3146669999999
2023-08-08 04:00:00,662.972667,1895.5210969999998,1442.5721010000002,1587.7983330000002
2023-08-08 05:00:00,676.146,1877.231198,1439.5264000000002,1557.167
2023-08-08 06:00:00,687.5264999999999,1951.520898,1474.207962,1594.2086669999999
2023-08-08 07:00:00,773.5875,2034.582331,1599.453365,1762.9041670000001
2023-08-08 08:00:00,846.904,2121.073832,1751.514732,1950.760833
2023-08-08 09:00:00,868.4784999999999,2246.980599,1829.9172310000001,1995.9615
2023-08-08 10:00:00,867.3900000000001,2290.739697,1817.9358,2009.420167
2023-08-08 11:00:00,947.4355,2433.275597,1955.6292,2092.5895
2023-08-08 12:00:00,979.9905,2647.2905,2131.0396659999997,2333.376667
2023-08-08 13:00:00,1066.429,2897.3704000000002,2371.6681639999997,2557.246
2023-08-08 14:00:00,1192.7425,3187.472199,2650.248331,2787.968
2023-08-08 15:00:00,1318.626,3451.927797,2875.885832,3059.4939999999997
2023-08-08 16:00:00,1510.112,3818.475399,3187.969999,3330.098
2023-08-08 17:00:00,1714.4560000000001,4251.420397,3558.922196,3669.167
2023-08-08 18:00:00,1834.8095,4459.905397,3899.238867,3943.9325
2023-08-08 19:00:00,1906.4305,4606.271399,4059.422265,4125.125
2023-08-08 20:00:00,1878.205,4541.440097999999,3943.4655679999996,4007.193333
2023-08-08 21:00:00,1719.4485,4422.610397,3715.172066,3799.1059999999998
2023-08-08 22:00:00,1629.9899999999998,4124.430797,3425.843397,3626.142
2023-08-08 23:00:00,1431.9589999999998,3631.635797,2949.517898,3168.2355
2023-08-09 00:00:00,1125.1295,3103.5511989999995,2458.2729980000004,2637.7285
2023-08-09 01:00:00,935.8520000000001,2617.749898,2053.644165,2232.255001
2023-08-09 02:00:00,829.088333,2289.9199989999997,1791.1413960000002,1918.974999
2023-08-09 03:00:00,746.333667,2094.113297,1618.303965,1742.701999
2023-08-09 04:00:00,703.366,1966.2274969999999,1529.161528,1629.785668
2023-08-09 05:00:00,678.8993330000001,1906.718698,1507.332099,1583.7400010000001
2023-08-09 06:00:00,700.264,1987.1326980000001,1509.370097,1634.543667
2023-08-09 07:00:00,768.326,2108.519399,1633.3569639999998,1804.7060000000001
2023-08-09 08:00:00,869.134,2221.216732,1758.4380299999998,1982.146667
2023-08-09 09:00:00,919.139,2367.7774980000004,1882.617465,2160.635334
2023-08-09 10:00:00,973.472667,2484.3575979999996,1993.644798,2264.596999
2023-08-09 11:00:00,1038.341333,2727.077698,2238.064598,2336.840666
2023-08-09 12:00:00,1143.920333,2950.915699,2435.687366,2581.1200010000002
2023-08-09 13:00:00,1232.970333,3184.225496,2646.3020619999998,2822.498666
2023-08-09 14:00:00,1317.529,3334.354199,2912.886399,2921.477333
2023-08-09 15:00:00,1421.1490000000001,3463.798899,3100.593164,3101.451666
2023-08-09 16:00:00,1492.085333,3640.6725960000003,3251.952831,3279.9610009999997
2023-08-09 17:00:00,1622.888,3942.312998,3495.489497,3540.643
2023-08-09 18:00:00,1759.760667,4137.251198,3723.024398,3764.309001
2023-08-09 19:00:00,1817.528333,4193.531798,3846.770899,3933.2699999999995
2023-08-09 20:00:00,1701.777333,4108.188298,3679.393398,3754.1106689999997
2023-08-09 21:00:00,1607.7403330000002,4050.905198,3486.375231,3605.1363330000004
2023-08-09 22:00:00,1478.023667,3769.372798,3225.962999,3343.531668
2023-08-09 23:00:00,1289.4769999999999,3417.2717979999998,2788.3100320000003,2930.572
2023-08-10 00:00:00,1069.5860000000002,2884.594799,2324.801297,2457.292333
2023-08-10 01:00:00,894.0699999999999,2439.9617980000003,1976.1997649999998,2116.497667
2023-08-10 02:00:00,802.6876669999999,2173.274298,1742.965832,1835.256501
2023-08-10 03:00:00,709.873,2028.8709990000002,1569.6266329999999,1701.706165
2023-08-10 04:00:00,682.7719999999999,1926.232299,1468.924966,1614.0426670000002
2023-08-10 05:00:00,683.9606670000001,1876.9291,1487.828598,1570.5113339999998
2023-08-10 06:00:00,695.343667,1906.358699,1514.9808309999999,1635.3016659999998
2023-08-10 07:00:00,791.462333,2064.192999,1657.6060659999998,1794.276334
2023-08-10 08:00:00,853.860667,2166.535499,1828.238365,1937.572999
2023-08-10 09:00:00,893.3113329999999,2250.117096,1909.972534,2079.7923330000003
2023-08-10 10:00:00,888.2486670000001,2355.4138000000003,1962.930297,2131.560334
2023-08-10 11:00:00,980.463,2505.944098,2072.831832,2228.302666
2023-08-10 12:00:00,1040.0283330000002,2734.599398,2232.409564,2392.675668
2023-08-10 13:00:00,1097.5446670000001,2915.140797,2405.556565,2629.268
2023-08-10 14:00:00,1191.402,3098.3165639999997,2598.469134,2735.8503330000003
2023-08-10 15:00:00,1300.613333,3289.3629659999997,2800.867198,2848.880333
2023-08-10 16:00:00,1391.789,3511.7040000000006,3054.272631,3051.821334
2023-08-10 17:00:00,1485.4229999999998,3759.984798,3287.368298,3271.080333
2023-08-10 18:00:00,1617.956333,3968.659498,3471.0903310000003,3460.880333
2023-08-10 19:00:00,1607.317333,4003.637299,3583.2523309999997,3469.874
2023-08-10 20:00:00,1547.7113329999997,3926.0242960000005,3372.584265,3326.586667
2023-08-10 21:00:00,1500.106667,3788.057597,3227.83583,3234.9333340000003
2023-08-10 22:00:00,1380.7073329999998,3568.4577979999995,2987.150164,3140.902666
2023-08-10 23:00:00,1233.773667,3309.720598,2593.301801,2784.058666
2023-08-11 00:00:00,1020.434667,2765.907897,2150.59863,2348.443333
2023-08-11 01:00:00,865.051333,2317.1686980000004,1820.3511640000002,2003.145167
2023-08-11 02:00:00,763.737333,2104.4411,1602.843863,1761.6613350000002
2023-08-11 03:00:00,694.6373329999999,1938.9234979999999,1480.772997,1607.1908349999999
2023-08-11 04:00:00,641.5333330000001,1821.021999,1400.952197,1517.236665
2023-08-11 05:00:00,625.349,1778.2687970000002,1367.5848290000001,1470.016
2023-08-11 06:00:00,661.877333,1830.743299,1394.033466,1534.0769990000001
2023-08-11 07:00:00,733.194667,1927.569797,1538.323865,1707.8149990000002
2023-08-11 08:00:00,821.1690000000001,2095.116599,1743.192099,1880.500334
2023-08-11 09:00:00,879.226333,2235.9460959999997,1932.291095,2051.409333
2023-08-11 10:00:00,933.405667,2387.843497,2058.215962,2160.661333
2023-08-11 11:00:00,1019.092667,2591.211699,2177.092199,2316.6620000000003
2023-08-11 12:00:00,1076.3690000000001,2812.659497,2362.1985320000003,2548.772334
2023-08-11 13:00:00,1193.011333,3056.294497,2606.8635320000003,2791.718
2023-08-11 14:00:00,1277.7363329999998,3324.449998,2863.7027639999997,2968.9803349999997
2023-08-11 15:00:00,1416.656333,3546.028698,3147.384897,3165.4303330000002
2023-08-11 16:00:00,1538.4196670000001,3858.284898,3379.429298,3422.6043329999998
2023-08-11 17:00:00,1742.7886669999998,4175.337398000001,3728.6733990000002,3723.275666
2023-08-11 18:00:00,1830.822,4366.037198,3937.767497,3890.9543329999997
2023-08-11 19:00:00,1805.299,4400.213098,3944.795766,3918.924666
2023-08-11 20:00:00,1697.4990000000003,4251.530597,3766.575199,3731.959333
2023-08-11 21:00:00,1622.556333,4098.764098,3555.0572,3540.9986659999995
2023-08-11 22:00:00,1524.221667,3871.462498,3245.049897,3350.870666
2023-08-11 23:00:00,1335.3023329999999,3487.8472979999997,2851.420097,2961.717666
2023-08-12 00:00:00,1128.949667,3020.073699,2392.910997,2568.3393340000002
2023-08-12 01:00:00,979.696,2621.127697,2064.759296,2194.127665
2023-08-12 02:00:00,847.879,2303.146897,1785.905665,1928.990166
2023-08-12 03:00:00,742.3969999999999,2062.563899,1624.8594309999999,1746.563835
2023-08-12 04:00:00,687.137667,1944.314399,1498.460032,1593.019333
2023-08-12 05:00:00,661.094,1856.460799,1432.874798,1528.406668
2023-08-12 06:00:00,674.731,1833.209296,1390.1910659999999,1511.142666
2023-08-12 07:00:00,708.289333,1922.335898,1473.8400649999999,1590.663
2023-08-12 08:00:00,788.417,2119.249898,1708.629298,1862.2763329999998
2023-08-12 09:00:00,959.6236670000001,2513.3253990000003,1979.925533,2194.434332
2023-08-12 10:00:00,1054.453,2716.140798,2243.3737650000003,2456.2383330000002
2023-08-12 11:00:00,1111.5916670000001,2984.9521990000003,2500.774466,2638.645
2023-08-12 12:00:00,1230.719,3206.209498,2631.217866,2872.1596659999996
2023-08-12 13:00:00,1352.4596669999999,3530.5141970000004,2989.108432,3171.529666
2023-08-12 14:00:00,1466.0103330000002,3819.410997,3251.702996,3298.588001
2023-08-12 15:00:00,1613.8799999999999,4086.627699,3517.6120659999997,3509.8869999999997
2023-08-12 16:00:00,1721.791,4330.72,3872.090034,3885.7140010000003
2023-08-12 17:00:00,1872.771333,4627.078498,4128.050731,4078.0736669999997
2023-08-12 18:00:00,1975.324333,4790.793497000001,4291.6778300000005,4156.280000000001
2023-08-12 19:00:00,1940.6926669999998,4713.869198,4192.263899,4194.180335000001
2023-08-12 20:00:00,1881.817667,4572.406398,4027.6330980000002,4005.6346670000003
2023-08-12 21:00:00,1802.9196670000001,4428.553699,3887.600229,3875.0223340000002
2023-08-12 22:00:00,1710.5256669999999,4223.613899,3589.929231,3658.611667
2023-08-12 23:00:00,1505.501667,3860.3243319999997,3264.1829319999997,3323.6983339999997
2023-08-13 00:00:00,1282.529,3369.771431,2783.401696,2953.375
2023-08-13 01:00:00,1099.412333,2932.177664,2363.572863,2581.819333
2023-08-13 02:00:00,969.985,2566.835129,2034.2106319999998,2235.642667
2023-08-13 03:00:00,848.8546670000001,2340.606331,1803.260897,1974.013998
2023-08-13 04:00:00,772.379667,2125.681599,1667.7929319999998,1842.1799999999998
2023-08-13 05:00:00,737.336333,2041.9475980000002,1572.08393,1759.4706660000002
2023-08-13 06:00:00,712.330667,1990.351997,1510.37193,1720.9403340000001
2023-08-13 07:00:00,754.355667,2021.6509,1580.4677980000001,1812.401666
2023-08-13 08:00:00,864.554667,2239.092498,1882.974232,2079.692
2023-08-13 09:00:00,1035.3959999999997,2617.936097,2191.392866,2458.340333
2023-08-13 10:00:00,1198.306333,3076.648099,2577.381598,2853.377666
2023-08-13 11:00:00,1381.416667,3499.075898,2866.642166,3280.0646669999996
2023-08-13 12:00:00,1562.720333,4025.8837000000003,3350.0590979999997,3714.304333
2023-08-13 13:00:00,1795.464333,4559.040798,3843.193899,4128.837334
2023-08-13 14:00:00,2063.313667,5116.904498,4356.407,4611.768
2023-08-13 15:00:00,2259.267,5386.857298,4713.908597,4952.360333
2023-08-13 16:00:00,2332.2153329999996,5598.540133,4921.802897,5150.4896659999995
2023-08-13 17:00:00,2461.7313329999997,5839.110697,5154.840898,5406.172667
2023-08-13 18:00:00,2487.884667,5881.2577,5221.639397000001,5423.531666000001
2023-08-13 19:00:00,2526.9426670000003,5937.980199,5309.187797,5519.564
2023-08-13 20:00:00,2471.279,5929.5270980000005,5226.337265,5438.976335
2023-08-13 21:00:00,2440.690667,5873.963196,5150.059965,5333.915000000001
2023-08-13 22:00:00,2327.233667,5650.891299999999,4835.157064,5165.195333
2023-08-13 23:00:00,2048.026,5049.284000000001,4239.946831,4538.628666
2023-08-14 00:00:00,1716.49,4412.5202979999995,3605.237665,3903.5489989999996
2023-08-14 01:00:00,1470.119333,3800.528499,3092.0640970000004,3388.27
2023-08-14 02:00:00,1258.179333,3322.283998,2717.5768630000002,2971.8398319999997
2023-08-14 03:00:00,1126.615333,3014.461598,2386.702164,2663.7729980000004
2023-08-14 04:00:00,1011.329667,2759.129297,2156.520533,2465.2428330000002
2023-08-14 05:00:00,974.537667,2620.143498,2074.1061979999995,2331.0060000000003
2023-08-14 06:00:00,969.0523330000001,2604.7953960000004,1988.3180969999999,2298.718167
2023-08-14 07:00:00,1036.7,2653.026699,2095.6693649999997,2409.8345
2023-08-14 08:00:00,1144.914,2849.781497,2322.77613,2685.246834
2023-08-14 09:00:00,1287.528667,3156.270798,2623.978031,3016.879334
2023-08-14 10:00:00,1453.059667,3491.049798,2940.4409969999997,3341.6881670000002
2023-08-14 11:00:00,1600.622333,3931.8976979999998,3361.193799,3724.3329999999996
2023-08-14 12:00:00,1828.528,4452.6633,3799.9249999999997,4174.935667
2023-08-14 13:00:00,2027.122,4982.129499000001,4337.151562999999,4690.333833000001
2023-08-14 14:00:00,2223.868667,5483.526,4764.0634660000005,5107.8724999999995
2023-08-14 15:00:00,2389.567333,5828.424899,5079.378564000001,5377.460666
2023-08-14 16:00:00,2539.862667,6067.135697,5360.745165999999,5613.563
2023-08-14 17:00:00,2649.144667,6283.433631,5586.657999,5769.318667
2023-08-14 18:00:00,2659.564,6373.874331999999,5533.564797,5833.070167
2023-08-14 19:00:00,2734.7343329999994,6439.998498,5690.188628,5982.193834
2023-08-14 20:00:00,2626.599333,6335.849098000001,5516.3301630000005,5850.88
2023-08-14 21:00:00,2615.383333,6313.939098000001,5478.015033,5826.159833
2023-08-14 22:00:00,2477.291,5999.999599,5246.224663999999,5530.307833
2023-08-14 23:00:00,2276.166667,5515.684497,4716.959999,5065.423666999999
2023-08-15 00:00:00,2015.0643329999998,4936.509899000001,4152.786066,4450.684333
2023-08-15 01:00:00,1744.9173329999999,4329.799199,3626.559966,3918.7031660000002
2023-08-15 02:00:00,1501.0923329999998,3861.306998,3184.310831,3481.779
2023-08-15 03:00:00,1356.563667,3497.5233989999997,2871.9613010000003,3177.776666
2023-08-15 04:00:00,1215.988667,3193.170198,2642.122765,2933.7696670000005
2023-08-15 05:00:00,1134.931,3022.95473,2492.049199,2724.0440000000003
2023-08-15 06:00:00,1114.7885,2970.120999,2364.954629,2626.7219999999998
2023-08-15 07:00:00,1146.4315,2993.2439649999997,2463.2104329999997,2751.7078330000004
2023-08-15 08:00:00,1246.464,3119.419798,2560.4686,2932.8025000000002
2023-08-15 09:00:00,1368.0314999999998,3400.2243980000003,2858.043199,3259.4914989999997
2023-08-15 10:00:00,1505.6770000000001,3784.2856970000003,3183.0483000000004,3561.0775000000003
2023-08-15 11:00:00,1685.7145,4213.000797999999,3495.143462,3908.454166
2023-08-15 12:00:00,1873.9025000000001,4631.148397999999,3986.561565,4278.2176660000005
2023-08-15 13:00:00,2064.624,5083.232799,4354.389064000001,4703.166667
2023-08-15 14:00:00,2216.5434999999998,5382.926396999999,4664.0738329999995,4963.075999000001
2023-08-15 15:00:00,2311.4260000000004,5626.917898999999,4916.532831,5177.549333999999
2023-08-15 16:00:00,2454.772,5904.6808980000005,5174.679996999999,5404.205334
2023-08-15 17:00:00,2465.345,6094.3336,5283.079833,5499.605666
2023-08-15 18:00:00,2562.0074999999997,6339.3186,5508.920330999999,5795.431500000001
2023-08-15 19:00:00,2632.7095,6379.521697,5578.060631,5817.908001
2023-08-15 20:00:00,2608.717,6303.889099,5548.5306630000005,5737.3736659999995
2023-08-15 21:00:00,2521.4845,6171.4131990000005,5347.209166000001,5617.271333
2023-08-15 22:00:00,2445.0969999999998,5972.507296,5071.548966,5408.026333
2023-08-15 23:00:00,2206.5789999999997,5436.913966,4602.720266,5020.403167
2023-08-16 00:00:00,1948.6115,4825.756098,4067.757133,4413.179334
2023-08-16 01:00:00,1645.2110000000002,4309.9594990000005,3559.2974320000003,3834.637334
2023-08-16 02:00:00,1440.487,3831.0459,3198.922431,3423.336999
2023-08-16 03:00:00,1316.549,3446.2074979999998,2883.6254989999998,3093.161834
2023-08-16 04:00:00,1195.9485,3211.216598,2609.768133,2847.472167
2023-08-16 05:00:00,1113.4325,3082.090498,2467.5752970000003,2689.887166
2023-08-16 06:00:00,1097.88,3011.3444980000004,2373.337464,2635.2396659999995
2023-08-16 07:00:00,1136.6425,3075.6621,2450.395995,2728.2331679999998
2023-08-16 08:00:00,1239.7359999999999,3177.6432989999994,2600.500465,2908.436
2023-08-16 09:00:00,1319.3165000000001,3410.780099,2840.233198,3261.469833
2023-08-16 10:00:00,1507.467,3750.734397,3194.164564,3518.986167
2023-08-16 11:00:00,1665.3975,4131.342397,3544.7486310000004,3882.698499
2023-08-16 12:00:00,1821.467,4631.877399000001,3930.4541980000004,4281.139167
2023-08-16 13:00:00,2020.19,4978.5381990000005,4332.426466000001,4677.699168
2023-08-16 14:00:00,2173.1135,5390.197697,4727.103266,4931.384166
2023-08-16 15:00:00,2327.0295,5689.793697,4986.953499,5208.663333
2023-08-16 16:00:00,2454.6040000000003,5952.498898,5250.198697,5393.511
2023-08-16 17:00:00,2582.4835000000003,6199.300798,5448.772562,5602.4685
2023-08-16 18:00:00,2627.7705,6458.745799,5615.252264999999,5777.917332999999
2023-08-16 19:00:00,2650.2129999999997,6525.520296000001,5689.047999,5902.901000000001
2023-08-16 20:00:00,2630.5029999999997,6341.659899,5561.1008999999995,5776.905834
2023-08-16 21:00:00,2569.7805,6193.984499,5434.790332,5683.2111669999995
2023-08-16 22:00:00,2438.2225,5882.007797,5164.413065999999,5521.103499999999
2023-08-16 23:00:00,2154.8255,5352.460598,4545.3637659999995,4893.5045
2023-08-17 00:00:00,1900.454,4750.8116,3957.6508649999996,4268.450999999999
2023-08-17 01:00:00,1635.433,4128.7329,3404.640297,3679.678333
2023-08-17 02:00:00,1441.8890000000001,3718.7767,3039.708831,3290.913
2023-08-17 03:00:00,1323.853,3390.8839970000004,2738.6775300000004,2999.771834
2023-08-17 04:00:00,1218.4135,3180.287096,2571.3746300000003,2800.899499
2023-08-17 05:00:00,1127.17,2993.039398,2473.414632,2614.370333
2023-08-17 06:00:00,1085.7485000000001,2946.6255,2339.391998,2578.622834
2023-08-17 07:00:00,1097.755,2979.2323969999998,2377.919764,2635.0516669999997
2023-08-17 08:00:00,1127.2205,3067.813599,2478.559297,2756.946
2023-08-17 09:00:00,1189.7025,3216.2213970000003,2694.1248,2850.234001
2023-08-17 10:00:00,1306.5955,3418.2019980000005,2866.024929,3088.4738340000004
2023-08-17 11:00:00,1376.5535,3593.114898,2982.842834,3208.8136670000004
2023-08-17 12:00:00,1438.71,3747.632098,3103.447096,3341.300668
2023-08-17 13:00:00,1539.576,3989.756697,3336.238199,3560.631334
2023-08-17 14:00:00,1696.56,4293.2914980000005,3605.174664,3803.2206670000005
2023-08-17 15:00:00,1785.8985,4490.2774979999995,3839.6167640000003,3968.265667
2023-08-17 16:00:00,1907.147,4760.353798,4129.07473,4204.873165999999
2023-08-17 17:00:00,2022.8795,5018.567099,4337.344067,4441.354833
2023-08-17 18:00:00,2059.554,5123.4186979999995,4481.432197,4651.805667
2023-08-17 19:00:00,2124.1245,5263.262597000001,4589.855197,4720.579833
2023-08-17 20:00:00,2104.486,5210.493997,4563.380698,4628.164833000001
2023-08-17 21:00:00,1960.221,5041.437398,4350.652998,4434.206166
2023-08-17 22:00:00,1784.6655,4683.949698,3923.965397,4135.159
2023-08-17 23:00:00,1539.7595000000001,4148.742799,3402.820698,3595.2251669999996
2023-08-18 00:00:00,1292.8590000000002,3469.421498,2825.097599,3011.735167
2023-08-18 01:00:00,1114.976,2943.931898,2385.1983969999997,2586.964333
2023-08-18 02:00:00,972.4475,2593.407698,2064.614796,2196.4928330000002
2023-08-18 03:00:00,849.652,2336.7369980000003,1856.850098,1974.4816680000001
2023-08-18 04:00:00,785.2315000000001,2181.427599,1722.236698,1846.156332
2023-08-18 05:00:00,748.5464999999999,2113.5954,1691.955598,1744.4876669999999
2023-08-18 06:00:00,758.8335000000001,2114.065498,1669.3437330000002,1753.053833
2023-08-18 07:00:00,841.0409999999999,2196.535598,1802.3907330000002,1923.4049999999997
2023-08-18 08:00:00,912.5575,2340.0797979999998,1929.240664,2130.524166
2023-08-18 09:00:00,956.1700000000001,2481.368696,2044.719733,2210.1953329999997
2023-08-18 10:00:00,1018.7584999999999,2612.229499,2192.1573980000003,2383.046667
2023-08-18 11:00:00,1072.1665,2817.039296,2307.64133,2470.3541670000004
2023-08-18 12:00:00,1135.078833,2995.277897,2474.4776300000003,2594.682667
2023-08-18 13:00:00,1179.9969999999998,3191.223697,2675.867496,2765.665667
2023-08-18 14:00:00,1254.988,3341.181898,2912.214999,2899.9893330000004
2023-08-18 15:00:00,1381.6585,3573.6964980000002,3139.164131,3065.679333
2023-08-18 16:00:00,1489.613,3763.7891959999997,3276.055598,3266.704834
2023-08-18 17:00:00,1592.1305,3950.5817990000005,3531.493997,3478.771833
2023-08-18 18:00:00,1641.5679999999998,4081.5960990000003,3687.005298,3569.165
2023-08-18 19:00:00,1645.568,4068.553497,3592.305031,3543.664333
2023-08-18 20:00:00,1528.4585,3886.246797,3377.375396,3315.6955000000003
2023-08-18 21:00:00,1391.775,3629.746499,3100.978497,3108.446334
2023-08-18 22:00:00,1235.532,3372.5550000000003,2849.2894969999998,2922.544833
2023-08-18 23:00:00,1095.4135,2936.4613959999997,2454.095497,2652.8415
2023-08-19 00:00:00,938.0115,2578.2555979999997,2063.9684989999996,2260.1965
2023-08-19 01:00:00,821.3345,2209.989398,1762.876798,1926.154334
2023-08-19 02:00:00,706.6005,2011.217298,1569.0327000000002,1694.722999
2023-08-19 03:00:00,631.464,1854.908698,1419.777197,1547.365667
2023-08-19 04:00:00,598.8965000000001,1751.623298,1345.556097,1446.825
2023-08-19 05:00:00,592.744,1692.221399,1285.9375989999999,1405.022334
2023-08-19 06:00:00,591.795,1721.492597,1273.2900989999998,1422.411167
2023-08-19 07:00:00,659.9835,1770.012199,1384.389197,1500.022833
2023-08-19 08:00:00,772.9235000000001,1981.1974989999999,1603.3123649999998,1781.872333
2023-08-19 09:00:00,869.3495,2267.885599,1866.9361000000001,1998.202166
2023-08-19 10:00:00,961.352,2416.8103,2026.5893970000002,2181.003834
2023-08-19 11:00:00,1043.3245,2563.779498,2178.260398,2285.101333
2023-08-19 12:00:00,1100.875,2725.330497,2261.007297,2339.2283329999996
2023-08-19 13:00:00,1129.3400000000001,2921.348098,2380.0991299999996,2588.746
2023-08-19 14:00:00,1199.547,3125.709799,2562.7355310000003,2738.372167
2023-08-19 15:00:00,1335.33,3328.945499,2832.435166,2870.263167
2023-08-19 16:00:00,1421.725,3594.9990989999997,3130.7682999999997,3138.389333
2023-08-19 17:00:00,1599.8505,3843.554498,3384.4199959999996,3391.623
2023-08-19 18:00:00,1670.1895,4033.3412980000003,3539.2423980000003,3507.973501
2023-08-19 19:00:00,1693.1264999999999,4076.2151979999994,3567.8656650000003,3559.503667
2023-08-19 20:00:00,1575.9265,3955.8730969999997,3419.841965,3441.069
2023-08-19 21:00:00,1522.384,3822.111498,3259.625798,3297.250167
2023-08-19 22:00:00,1413.0275,3585.6429980000003,3055.025066,3170.106667
2023-08-19 23:00:00,1266.4715,3301.8860999999997,2687.511032,2784.1631669999997
2023-08-20 00:00:00,1091.231,2852.180899,2325.58713,2457.05
2023-08-20 01:00:00,940.982,2507.6551959999997,1991.268665,2132.826667
2023-08-20 02:00:00,817.53,2223.218066,1722.268599,1858.367
2023-08-20 03:00:00,741.0665,2034.705365,1538.504663,1696.8033329999998
2023-08-20 04:00:00,656.808,1906.617931,1427.22743,1574.200167
2023-08-20 05:00:00,637.8775,1811.5147650000001,1378.2284630000001,1476.081833
2023-08-20 06:00:00,612.2139999999999,1767.1475,1311.949664,1477.853667
2023-08-20 07:00:00,660.8685,1760.2113989999998,1404.858898,1556.3390000000002
2023-08-20 08:00:00,751.423,1997.328899,1599.0854989999998,1762.9595
2023-08-20 09:00:00,878.6375,2283.8144979999997,1850.483832,2012.649667
2023-08-20 10:00:00,985.7325000000001,2468.2888970000004,2073.068697,2236.7889999999998
2023-08-20 11:00:00,1033.124,2717.5208000000002,2182.831165,2463.666333
2023-08-20 12:00:00,1075.145,2876.452299,2384.750864,2572.558
2023-08-20 13:00:00,1223.826,3078.9106659999998,2622.6062979999997,2854.644666
2023-08-20 14:00:00,1282.3675,3373.7405310000004,2851.012431,3127.699334
2023-08-20 15:00:00,1403.216,3569.3814,3004.4840990000002,3271.035832
2023-08-20 16:00:00,1503.533,3835.636297,3264.516596,3564.112667
2023-08-20 17:00:00,1613.3029999999999,4069.2885989999995,3542.222665,3708.5665
2023-08-20 18:00:00,1675.758,4188.059198000001,3686.7771970000003,3856.2303329999995
2023-08-20 19:00:00,1788.5994999999998,4285.124798999999,3752.1096,4012.9729989999996
2023-08-20 20:00:00,1704.4920000000002,4147.084499,3734.11343,3910.848334
2023-08-20 21:00:00,1639.1460000000002,4118.895498,3598.278798,3718.0689999999995
2023-08-20 22:00:00,1509.0800000000002,3844.983998,3341.000597,3411.191667
2023-08-20 23:00:00,1283.569,3381.682796,2849.0266970000002,2955.2690000000002
2023-08-21 00:00:00,1103.9685,2922.047597,2376.644032,2485.779667
2023-08-21 01:00:00,930.7965,2498.062099,1964.378063,2125.905001
2023-08-21 02:00:00,805.4449999999999,2181.396898,1702.277964,1878.554999
2023-08-21 03:00:00,719.806,1969.266698,1542.925531,1701.6099989999998
2023-08-21 04:00:00,676.96,1873.669932,1437.049399,1589.105333
2023-08-21 05:00:00,659.876,1792.173298,1416.286897,1514.295666
2023-08-21 06:00:00,682.3240000000001,1868.307699,1469.0858990000002,1555.224334
2023-08-21 07:00:00,774.826,1991.1777319999999,1570.5314979999998,1744.339
2023-08-21 08:00:00,817.5065,2123.392565,1695.2390970000001,1885.6786670000001
2023-08-21 09:00:00,858.032,2181.520631,1820.729699,1991.574334
2023-08-21 10:00:00,894.461,2267.265797,1858.5657,2038.646
2023-08-21 11:00:00,920.837,2368.795097,1965.173366,2119.951
2023-08-21 12:00:00,949.899,2489.690799,2143.8476979999996,2266.518
2023-08-21 13:00:00,1021.742,2657.468298,2189.164831,2360.8759999999997
2023-08-21 14:00:00,1121.98,2850.972796,2344.694498,2462.645
2023-08-21 15:00:00,1192.8494999999998,3127.0293300000003,2497.105197,2667.064666
2023-08-21 16:00:00,1326.7894999999999,3361.706268,2799.602532,2901.087
2023-08-21 17:00:00,1458.813,3579.085867,3009.610331,3160.892667
2023-08-21 18:00:00,1582.633,3849.989399,3270.7810959999997,3353.9816669999996
2023-08-21 19:00:00,1653.5825,3848.3878990000003,3348.310532,3450.189667
2023-08-21 20:00:00,1513.461,3785.0793969999995,3261.2545659999996,3341.655667
2023-08-21 21:00:00,1491.82,3634.620098,3144.611,3241.754667
2023-08-21 22:00:00,1310.9875,3398.018798,2853.8543660000005,3013.669334
2023-08-21 23:00:00,1149.362,2991.2705969999997,2497.471498,2659.029667
2023-08-22 00:00:00,957.8154999999999,2488.9847990000003,2002.267732,2175.688667
2023-08-22 01:00:00,816.951,2166.345298,1704.770395,1846.1166669999998
2023-08-22 02:00:00,710.018,1908.756598,1493.962896,1610.532666
2023-08-22 03:00:00,647.0135,1763.9089979999999,1367.695731,1472.689664
2023-08-22 04:00:00,630.1395,1730.5584979999999,1329.420566,1417.059666
2023-08-22 05:00:00,651.231,1732.757798,1326.5774299999998,1396.2623330000001
2023-08-22 06:00:00,673.6099999999999,1793.8560989999999,1386.809096,1503.4323330000002
2023-08-22 07:00:00,747.621,1927.003898,1518.9746340000002,1661.481333
2023-08-22 08:00:00,805.567,2081.617098,1677.815431,1858.568
2023-08-22 09:00:00,843.1020000000001,2156.512198,1789.327931,1948.622999
2023-08-22 10:00:00,853.6099999999999,2205.939331,1768.828466,1996.721333
2023-08-22 11:00:00,887.467,2343.253264,1873.284799,2044.88
2023-08-22 12:00:00,901.222,2424.9896980000003,1971.1418629999998,2141.695
2023-08-22 13:00:00,998.942,2602.6682,2130.4715960000003,2268.489
2023-08-22 14:00:00,981.36,2761.319997,2257.967032,2232.987999
2023-08-22 15:00:00,1021.776,2778.112898,2311.369697,2287.8903330000003
2023-08-22 16:00:00,1085.967,2882.116497,2453.4968980000003,2415.2263350000003
2023-08-22 17:00:00,1167.5149999999999,3106.580399,2603.340666,2584.3053330000002
2023-08-22 18:00:00,1286.403,3357.745799,2814.236998,2758.8010000000004
2023-08-22 19:00:00,1355.238,3442.570799,2884.4393990000003,2909.7246669999995
2023-08-22 20:00:00,1353.5099999999998,3316.542599,2813.512964,2919.526333
2023-08-22 21:00:00,1320.2,3356.5950970000004,2862.122297,2876.172
2023-08-22 22:00:00,1222.45,3182.453398,2662.0004,2618.2013340000003
2023-08-22 23:00:00,1052.304,2790.328297,2308.7902999999997,2342.633667
2023-08-23 00:00:00,889.136,2360.301399,1983.225797,1989.228
2023-08-23 01:00:00,751.375667,2046.8974990000002,1692.690767,1737.094999
2023-08-23 02:00:00,672.916667,1807.1682309999999,1483.1839639999998,1532.114166
2023-08-23 03:00:00,630.348,1671.382431,1359.0215990000002,1430.734833
2023-08-23 04:00:00,604.478667,1627.9295969999998,1294.899697,1363.794001
2023-08-23 05:00:00,595.375,1633.361797,1318.061499,1355.381333
2023-08-23 06:00:00,625.3399999999999,1738.498196,1380.551465,1425.6986670000001
2023-08-23 07:00:00,711.299,1873.294735,1511.5725630000002,1622.5156670000001
2023-08-23 08:00:00,754.0419999999999,1983.263368,1650.234532,1838.956334
2023-08-23 09:00:00,816.385667,2035.890696,1788.307233,1949.5520000000001
2023-08-23 10:00:00,838.997333,2158.1996,1836.864099,1950.3933349999998
2023-08-23 11:00:00,861.828,2276.714864,1863.781933,2054.853999
2023-08-23 12:00:00,912.333,2418.919229,2031.0608980000002,2090.399999
2023-08-23 13:00:00,952.597,2544.302163,2153.557599,2224.038334
2023-08-23 14:00:00,1013.7570000000001,2626.522132,2254.134764,2317.9273329999996
2023-08-23 15:00:00,1094.5430000000001,2847.256597,2416.959664,2469.464999
2023-08-23 16:00:00,1193.05,3052.7581309999996,2581.195066,2621.8663340000003
2023-08-23 17:00:00,1324.897,3327.7424629999996,2805.4079970000003,2819.6516659999998
2023-08-23 18:00:00,1419.116,3522.198567,3001.2026990000004,3039.474333
2023-08-23 19:00:00,1430.2350000000001,3524.413998,3044.413198,3126.9013320000004
2023-08-23 20:00:00,1386.867,3417.545998,2969.612731,2980.913001
2023-08-23 21:00:00,1343.871,3338.915496,2908.8963970000004,2985.984666
2023-08-23 22:00:00,1266.899,3168.5842979999998,2700.7541309999997,2864.3039989999997
2023-08-23 23:00:00,1121.382,2863.719099,2354.7245629999998,2425.7596670000003
2023-08-24 00:00:00,913.362,2434.0866989999995,1998.3994630000002,2083.890332
2023-08-24 01:00:00,811.052,2121.528498,1682.73973,1805.766333
2023-08-24 02:00:00,712.587,1899.389299,1519.326431,1593.9586669999999
2023-08-24 03:00:00,646.8530000000001,1743.340398,1394.504731,1483.571833
2023-08-24 04:00:00,610.8589999999999,1671.3828310000001,1305.936233,1397.884333
2023-08-24 05:00:00,619.389,1669.7123649999999,1345.8316650000002,1349.672333
2023-08-24 06:00:00,640.461,1752.41493,1364.17443,1441.2076670000001
2023-08-24 07:00:00,727.7819999999999,1852.2843320000002,1500.4850299999998,1650.6
2023-08-24 08:00:00,803.1490000000001,2057.083796,1660.267298,1867.809334
2023-08-24 09:00:00,837.3050000000001,2141.650099,1775.303397,1971.5949999999998
2023-08-24 10:00:00,881.8530000000001,2239.0064310000002,1854.6801649999998,2016.496999
2023-08-24 11:00:00,915.768333,2298.257297,1923.1947,2086.498667
2023-08-24 12:00:00,969.3886669999999,2452.288799,2022.810167,2260.043331
2023-08-24 13:00:00,1049.7633329999999,2699.542499,2170.358865,2475.595667
2023-08-24 14:00:00,1139.208,3021.780498,2414.683231,2882.239994
2023-08-24 15:00:00,1323.8656649999998,3371.939697,2820.4679640000004,3069.8540139999996
2023-08-24 16:00:00,1483.624333,3723.3941640000003,3163.780866,445.150677
2023-08-24 17:00:00,1687.1970000000001,4115.287,3517.426864,1100.6
2023-08-24 18:00:00,1818.984,4402.101599,3816.161599,4173.330001
2023-08-24 19:00:00,1909.112,4466.1078290000005,3960.612432,4036.353334
2023-08-24 20:00:00,1868.373,4384.150165,3884.5647989999998,3986.723667
2023-08-24 21:00:00,1772.225,4260.609995000001,3807.3830319999997,3902.312333
2023-08-24 22:00:00,1672.0010000000002,4058.631765,3552.1094980000003,3681.496
2023-08-24 23:00:00,1471.551,3719.3658320000004,3128.7198289999997,3356.633667
2023-08-25 00:00:00,1292.4830000000002,3287.755564,2698.6495330000002,2955.779334
2023-08-25 01:00:00,1094.352,2915.4056630000005,2311.022797,2564.005333
2023-08-25 02:00:00,1014.308,2629.693865,2073.036365,2299.165667
2023-08-25 03:00:00,923.144,2393.7339,1903.736731,2078.1176669999995
2023-08-25 04:00:00,852.079,2244.464731,1767.777431,1909.946
2023-08-25 05:00:00,804.9300000000001,2187.005733,1742.3011979999999,1827.528667
2023-08-25 06:00:00,808.958,2210.4857660000002,1699.25293,1831.509333
2023-08-25 07:00:00,868.403,2289.006397,1805.588866,1968.2523330000001
2023-08-25 08:00:00,914.273,2444.717366,1946.4533310000002,2152.617
2023-08-25 09:00:00,1016.0039999999999,2611.787432,2164.5710320000003,2447.2416670000002
2023-08-25 10:00:00,1153.8029999999999,2822.702131,2348.429231,2682.854333
2023-08-25 11:00:00,1291.487,3188.670963,2731.851066,2952.773667
2023-08-25 12:00:00,1459.558,3574.27063,3107.8220309999997,3333.6679999999997
2023-08-25 13:00:00,1622.2329999999997,4005.444631,3509.255067,3702.054
2023-08-25 14:00:00,1786.644,4422.344666000001,3830.172531,4002.0389999999998
2023-08-25 15:00:00,1876.676,4668.3089310000005,4114.442834,4231.926
2023-08-25 16:00:00,2031.442,4957.832764999999,4424.0430639999995,4450.51
2023-08-25 17:00:00,2163.517,5195.145533000001,4577.92263,4656.714334
2023-08-25 18:00:00,2201.1369999999997,5385.420233999999,4735.675066,4763.755332999999
2023-08-25 19:00:00,2176.464,5379.149829,4699.884999,4820.796333
2023-08-25 20:00:00,2133.046,5202.7920619999995,4511.638497,4663.233
2023-08-25 21:00:00,2059.474,5055.1767629999995,4356.105496,4443.493332999999
2023-08-25 22:00:00,1867.908,4629.972865,3931.262396,4059.5136669999997
2023-08-25 23:00:00,1664.5260000000003,4125.748197000001,3458.706699,3646.896
2023-08-26 00:00:00,1395.1589999999999,3617.277766,3031.733966,3128.511002
2023-08-26 01:00:00,1218.19,3147.507897,2593.226466,2699.1243329999998
2023-08-26 02:00:00,1058.333,2774.1213310000003,2273.7344319999997,2329.745006
2023-08-26 03:00:00,929.974333,2505.317867,2002.778999,2046.409002
2023-08-26 04:00:00,862.360333,2334.5302979999997,1823.952632,1776.332508
2023-08-26 05:00:00,832.919333,2227.897766,1746.182465,1322.267804
2023-08-26 06:00:00,770.5603330000001,2171.356797,1657.5411319999998,184.580331
2023-08-26 07:00:00,783.4200000000001,2228.602464,1669.0033320000002,1198.627
2023-08-26 08:00:00,899.9590000000001,2393.4346960000003,1821.0869659999998,2215.032666
2023-08-26 09:00:00,1012.7679999999999,2696.448499,2144.5200990000003,2346.153999
2023-08-26 10:00:00,1112.9569999999999,2931.585231,2360.206497,2578.2563330000003
2023-08-26 11:00:00,1181.886,3226.5980640000002,2573.228733,2832.1066659999997
2023-08-26 12:00:00,1300.762,3554.716365,2873.8181320000003,3232.133334
2023-08-26 13:00:00,1540.976,3967.946433,3330.172998,3560.8936679999997
2023-08-26 14:00:00,1727.723,4369.900797,3667.048396,3835.1710000000003
2023-08-26 15:00:00,1879.289,4647.4824960000005,4032.854099,4191.195
2023-08-26 16:00:00,2060.157,5027.626698,4296.677698,4488.858
2023-08-26 17:00:00,2185.0640000000003,5218.203464,4574.988532,4732.086665999999
2023-08-26 18:00:00,2257.441,5254.704196999999,4668.538998,4821.758667
2023-08-26 19:00:00,2251.2569999999996,5250.934198999999,4632.072700000001,4763.2213329999995
2023-08-26 20:00:00,2110.413,5123.437065,4507.443864,4662.895333
2023-08-26 21:00:00,2064.3630000000003,5012.332498,4290.655565,4481.841
2023-08-26 22:00:00,1883.105,4630.580032,3963.254229,4210.845667
2023-08-26 23:00:00,1723.0280000000002,4233.985165,3504.080034,3714.636668
2023-08-27 00:00:00,1487.787,3757.675297,3133.339532,3230.3839989999997
2023-08-27 01:00:00,1262.755,3295.548065,2663.7840640000004,2802.628667
2023-08-27 02:00:00,1080.7199999999998,2884.101497,2293.887567,2476.634
2023-08-27 03:00:00,939.3119999999999,2594.591165,2058.0356970000003,2197.884666
2023-08-27 04:00:00,850.102,2443.1853330000004,1864.942231,2039.8623329999998
2023-08-27 05:00:00,811.404,2276.265462,1785.668631,1902.52
2023-08-27 06:00:00,783.694,2211.5021639999995,1683.731831,1830.744334
2023-08-27 07:00:00,800.38,2221.273365,1704.151962,1890.2606660000001
2023-08-27 08:00:00,893.275,2385.444764,1860.831432,2092.7596670000003
2023-08-27 09:00:00,1011.5920000000001,2661.153067,2183.346265,2390.6256670000002
2023-08-27 10:00:00,1102.442,3010.041798,2421.322799,2725.544666
2023-08-27 11:00:00,1272.5259999999998,3264.3550640000003,2639.037997,2963.141667
2023-08-27 12:00:00,1383.518,3582.667198,2981.403799,3230.7526669999997
2023-08-27 13:00:00,1525.374,3865.526529,3194.472197,3475.145333
2023-08-27 14:00:00,1676.238,4255.018731,3562.950731,3754.9976669999996
2023-08-27 15:00:00,1760.254,4463.232597,3835.9339980000004,3964.298
2023-08-27 16:00:00,1876.889,4623.315863,4085.187665,4229.523
2023-08-27 17:00:00,2028.268,4932.38723,4323.036998,4440.670666
2023-08-27 18:00:00,2120.893,5002.811233,4404.2343980000005,4575.987333
2023-08-27 19:00:00,2110.3810000000003,5004.928431,4363.858098000001,4551.099667
2023-08-27 20:00:00,2022.437,4872.511864,4204.3293969999995,4339.243
2023-08-27 21:00:00,1920.506,4685.559665,4075.134699,4158.013000000001
2023-08-27 22:00:00,1719.993,4315.05003,3609.640299,3793.813333
2023-08-27 23:00:00,1425.7310000000002,3762.7457649999997,3108.7117980000003,3266.861
2023-08-28 00:00:00,1194.9029999999998,3177.735732,2538.155299,2697.7126670000002
2023-08-28 01:00:00,1028.181,2720.858831,2122.7661980000003,2246.740667
2023-08-28 02:00:00,870.577,2363.400998,1886.2525970000002,1976.853
2023-08-28 03:00:00,815.657,2174.9983650000004,1698.4535990000002,1799.7636659999998
2023-08-28 04:00:00,769.674,2069.748531,1617.432664,1698.397999
2023-08-28 05:00:00,749.313,2024.8033329999998,1616.539931,1678.3236670000001
2023-08-28 06:00:00,769.776,2077.2765999999997,1616.4100979999998,1736.669333
2023-08-28 07:00:00,850.543,2169.271802,1739.908431,1922.8050010000002
2023-08-28 08:00:00,893.1009999999999,2325.448305,1871.4660959999999,2077.017666
2023-08-28 09:00:00,883.6949999999999,2240.41413,1872.0378650000002,2105.9883330000002
2023-08-28 10:00:00,946.596,2335.818966,1907.975831,2135.995
2023-08-28 11:00:00,949.187,2415.0416640000003,2023.5300639999998,2135.904667
2023-08-28 12:00:00,965.2950000000001,2442.3812309999994,2095.4491980000003,2217.968001
2023-08-28 13:00:00,993.134,2534.068297,2114.878664,2285.109668
2023-08-28 14:00:00,1000.976,2543.898098,2140.1010340000003,2209.793667
2023-08-28 15:00:00,962.6780000000001,2526.024764,2116.598832,2298.645669
2023-08-28 16:00:00,1008.611,2624.618364,2198.303797,2248.1290010000002
2023-08-28 17:00:00,1118.127,2769.388966,2347.845466,2401.837667
2023-08-28 18:00:00,1204.907,3042.233632,2571.650698,2708.745667
2023-08-28 19:00:00,1237.851,3087.792832,2678.533764,2916.082666
2023-08-28 20:00:00,1235.4189999999999,3162.6596309999995,2718.9779639999997,2923.507
2023-08-28 21:00:00,1220.781,3046.950567,2653.149797,2839.405333
2023-08-28 22:00:00,1111.939,2913.0763640000005,2452.354332,2597.654
2023-08-28 23:00:00,995.183,2653.264333,2190.8395979999996,2328.291
2023-08-29 00:00:00,848.177,2330.512498,1841.566698,1922.7996670000002
2023-08-29 01:00:00,752.604,1986.1058320000002,1602.721332,1656.9820009999999
2023-08-29 02:00:00,663.7760000000001,1811.0396289999999,1490.754029,1544.715
2023-08-29 03:00:00,610.402,1705.893366,1362.022699,1450.3003330000001
2023-08-29 04:00:00,585.946,1667.9888310000001,1320.616033,1415.767667
2023-08-29 05:00:00,596.424,1642.660165,1362.224831,1384.837
2023-08-29 06:00:00,624.298,1737.614967,1436.5664969999998,1494.147334
2023-08-29 07:00:00,746.775,1916.0461649999997,1574.891298,1708.305333
2023-08-29 08:00:00,828.348,2062.8800650000003,1698.4355,1923.642668
2023-08-29 09:00:00,811.9000000000001,2119.589065,1735.637198,1932.264333
2023-08-29 10:00:00,830.524,2197.02783,1814.719498,1940.6480000000001
2023-08-29 11:00:00,849.8430000000001,2193.478264,1853.0310310000002,2021.7296669999998
2023-08-29 12:00:00,860.107,2275.006964,1949.069998,2132.226333
2023-08-29 13:00:00,913.7009999999999,2370.182697,1990.4720670000002,2100.459667
2023-08-29 14:00:00,897.829,2436.506098,2022.3853649999999,2105.109333
2023-08-29 15:00:00,907.741,2450.613533,2030.965764,2162.2219999999998
2023-08-29 16:00:00,942.51,2593.235432,2199.170532,2254.469001
2023-08-29 17:00:00,1089.7979999999998,2836.484597,2324.1953299999996,2472.3023329999996
2023-08-29 18:00:00,1223.453,3111.542499,2504.665765,2623.681333
2023-08-29 19:00:00,1295.17,3142.438298,2583.808564,2777.742667
2023-08-29 20:00:00,1258.222,3245.090596,2652.606965,2804.982
2023-08-29 21:00:00,1246.1040000000003,3229.3000970000003,2700.494699,2821.730333
2023-08-29 22:00:00,1181.905,2973.430799,2523.283032,2671.508
2023-08-29 23:00:00,1035.666,2690.552767,2261.7533999999996,2339.497667
2023-08-30 00:00:00,859.01,2319.315399,1901.5253310000003,1967.6910010000001
2023-08-30 01:00:00,744.1759999999999,2046.7015319999998,1609.931532,1682.777333
2023-08-30 02:00:00,663.765,1856.826564,1434.121566,1546.3810010000002
2023-08-30 03:00:00,615.0310000000001,1742.516866,1346.71493,1452.596666
2023-08-30 04:00:00,584.7650000000001,1662.6555979999998,1276.3562000000002,1386.9640009999998
2023-08-30 05:00:00,602.496,1665.111164,1326.334731,1373.952667
2023-08-30 06:00:00,653.2919999999999,1802.186801,1404.214931,1509.906001
2023-08-30 07:00:00,756.191,1965.0432970000002,1560.3604999999998,1767.7499990000001
2023-08-30 08:00:00,823.563,2122.8123,1675.206565,2029.738002
2023-08-30 09:00:00,818.8779999999999,2106.884266,1741.655366,1948.872668
2023-08-30 10:00:00,853.181,2172.646833,1782.642798,1939.549667
2023-08-30 11:00:00,905.389,2273.650632,1867.968898,1973.243334
2023-08-30 12:00:00,898.806,2306.392098,1908.0743320000001,2079.2309999999998
2023-08-30 13:00:00,957.577,2460.889698,2025.040298,2190.502333
2023-08-30 14:00:00,961.347,2526.336198,2134.1386979999997,2217.515
2023-08-30 15:00:00,991.97,2550.1331979999995,2191.388532,2263.8206659999996
2023-08-30 16:00:00,1038.7150000000001,2713.506732,2270.533064,2351.603667
2023-08-30 17:00:00,1138.882,2961.417632,2508.08683,2589.337334
2023-08-30 18:00:00,1280.576,3184.3821319999997,2716.0950980000002,2788.554667
2023-08-30 19:00:00,1291.249,3224.401632,2759.888797,2949.294333
2023-08-30 20:00:00,1313.258,3258.628733,2747.158499,2953.204666
2023-08-30 21:00:00,1307.348,3331.871999,2784.676535,2972.430999
2023-08-30 22:00:00,1174.274,3090.963898,2639.207397,2863.9416659999997
2023-08-30 23:00:00,1048.706,2831.412899,2276.891429,2442.307666
2023-08-31 00:00:00,897.019,2421.264266,1894.4467989999998,2125.6530000000002
2023-08-31 01:00:00,762.807,2101.7712,1672.0374659999998,1798.5123319999998
2023-08-31 02:00:00,669.538,1867.570632,1470.489099,1579.741
2023-08-31 03:00:00,634.61,1758.7809989999998,1342.231998,1469.050001
2023-08-31 04:00:00,614.8789999999999,1680.290732,1304.327434,1410.607
2023-08-31 05:00:00,610.5740000000001,1655.250297,1352.98423,1416.098334
2023-08-31 06:00:00,651.571,1786.525333,1392.437867,1525.433666
2023-08-31 07:00:00,758.304333,1956.9623980000001,1571.141765,1753.889333
2023-08-31 08:00:00,852.560001,2115.378897,1707.637631,1987.164666
2023-08-31 09:00:00,872.579,2092.5882650000003,1772.787631,1952.262667
2023-08-31 10:00:00,829.1290000000001,2125.7715630000002,1764.814832,1956.0246670000001
2023-08-31 11:00:00,822.901,2217.569664,1846.4743290000001,1990.8349999999998
2023-08-31 12:00:00,844.902,2295.7570969999997,1878.928828,2043.499667
2023-08-31 13:00:00,877.266,2346.580267,1929.809164,2038.4093329999998
2023-08-31 14:00:00,850.962,2271.284566,1917.108298,2026.6
2023-08-31 15:00:00,875.475,2270.0143660000003,1941.2511319999999,2012.869333
2023-08-31 16:00:00,907.9550000000002,2353.613366,1976.3446330000002,2088.9269999999997
2023-08-31 17:00:00,977.309,2507.872465,2127.340899,2135.303333
2023-08-31 18:00:00,1060.6689999999999,2651.2770979999996,2245.101664,2352.5563330000004
2023-08-31 19:00:00,1129.1570000000002,2814.1160330000002,2319.583231,2668.8289999999997
2023-08-31 20:00:00,1181.795,2916.806264,2460.005066,2602.692333
2023-08-31 21:00:00,1197.155,2912.994997,2501.03703,2670.951
2023-08-31 22:00:00,1035.094,2807.8400659999998,2329.177732,2520.308333
2023-08-31 23:00:00,938.997,2503.436831,2047.3327640000002,2210.769333
2023-09-01 00:00:00,786.2139999999999,2210.1330989999997,1756.640132,1871.327667
2023-09-01 01:00:00,685.258,1911.9656649999997,1522.215364,1619.708334
2023-09-01 02:00:00,627.5,1721.769464,1396.716631,1468.633667
2023-09-01 03:00:00,577.182,1633.2450989999998,1303.683331,1395.1693329999998
2023-09-01 04:00:00,557.969,1596.84033,1257.526829,1351.0473339999999
2023-09-01 05:00:00,576.258,1580.434134,1323.2737300000001,1323.410333
2023-09-01 06:00:00,609.501,1682.4678660000002,1329.569798,1434.704667
2023-09-01 07:00:00,696.672,1847.504597,1448.410566,1650.3363330000002
2023-09-01 08:00:00,837.156,2034.774665,1617.870597,1947.533
2023-09-01 09:00:00,822.834,2125.183731,1795.663564,1971.439
2023-09-01 10:00:00,877.063,2199.976732,1882.082131,1988.380333
2023-09-01 11:00:00,926.937,2266.448332,1986.5448959999999,2028.749
2023-09-01 12:00:00,980.7439999999999,2439.300165,2150.658466,2195.3326669999997
2023-09-01 13:00:00,1014.973,2590.249465,2302.861598,2277.896667
2023-09-01 14:00:00,1044.179,2666.546966,2411.8238979999996,2379.5963330000004
2023-09-01 15:00:00,1150.102,2787.751265,2542.387832,2504.625333
2023-09-01 16:00:00,1197.563,3012.615965,2722.832064,2617.371333
2023-09-01 17:00:00,1262.637,3313.691063,2919.199165,2758.063667
2023-09-01 18:00:00,1333.558,3524.3714330000003,3034.517164,2975.079667
2023-09-01 19:00:00,1363.588333,3540.320732,3037.930133,3014.23
2023-09-01 20:00:00,1336.3666669999998,3436.100965,2996.8621300000004,2935.363667
2023-09-01 21:00:00,1321.5990000000002,3437.3497639999996,2878.7588650000002,2936.6969999999997
2023-09-01 22:00:00,1219.419,3174.372163,2655.8625970000003,2730.565334
2023-09-01 23:00:00,1070.8400000000001,2898.7396989999997,2322.645564,2461.605
2023-09-02 00:00:00,936.282,2522.157266,2064.8559649999997,2149.566334
2023-09-02 01:00:00,826.347,2164.3849990000003,1739.17123,1878.035333
2023-09-02 02:00:00,730.8240000000001,1946.7115999999999,1574.0358310000001,1712.626
2023-09-02 03:00:00,677.473,1826.174266,1451.267931,1608.460667
2023-09-02 04:00:00,612.092,1723.364597,1334.1028970000002,1499.1696670000001
2023-09-02 05:00:00,608.9739999999999,1664.735264,1291.471931,1410.866333
2023-09-02 06:00:00,602.0529999999999,1701.1869980000001,1281.590166,1407.729334
2023-09-02 07:00:00,665.024,1804.9722629999999,1396.6517999999999,1507.0626670000001
2023-09-02 08:00:00,767.6869999999999,1986.074496,1558.2229980000002,1768.9026669999998
2023-09-02 09:00:00,888.851,2265.297699,1857.331467,2040.033
2023-09-02 10:00:00,1031.003,2412.73913,2047.914928,2222.437334
2023-09-02 11:00:00,1062.074,2613.5122659999997,2216.977365,2483.499666
2023-09-02 12:00:00,1216.6730000000002,2860.444464,2493.2847330000004,2691.5786660000003
2023-09-02 13:00:00,1262.313,3106.669833,2700.464732,2938.219999
2023-09-02 14:00:00,1382.344,3529.1964,2991.770899,3209.142
2023-09-02 15:00:00,1521.007,3795.295398,3289.633732,3408.233333
2023-09-02 16:00:00,1640.234,4055.3983980000003,3519.517597,3597.442999
2023-09-02 17:00:00,1746.5929999999998,4277.443064,3644.496931,3830.016333
2023-09-02 18:00:00,1817.4070000000002,4399.6295979999995,3848.717331,3963.132667
2023-09-02 19:00:00,1799.929,4375.6061979999995,3897.6322959999998,3907.781999
2023-09-02 20:00:00,1734.1909999999998,4261.440963,3748.80863,3725.534667
2023-09-02 21:00:00,1628.422,4064.419564,3616.0930980000003,3588.033
2023-09-02 22:00:00,1458.762,3717.702897,3216.712997,3319.418667
2023-09-02 23:00:00,1309.385,3367.105265,2868.549699,2998.032
2023-09-03 00:00:00,1110.589,2910.524799,2479.6403649999997,2554.9853329999996
2023-09-03 01:00:00,970.5939999999999,2561.241865,2145.8908650000003,2192.2516670000005
2023-09-03 02:00:00,833.96,2275.2565000000004,1848.236031,1944.255666
2023-09-03 03:00:00,741.5989999999999,2079.806662,1677.470031,1764.048667
2023-09-03 04:00:00,678.778,1954.562633,1525.569966,1632.347667
2023-09-03 05:00:00,668.5439999999999,1876.879764,1442.252165,1559.869332
2023-09-03 06:00:00,639.2640000000001,1839.9514629999999,1391.693763,1532.214333
2023-09-03 07:00:00,666.781,1879.8502660000001,1456.889599,1592.817333
2023-09-03 08:00:00,741.851,2059.4873660000003,1671.749699,1772.791
2023-09-03 09:00:00,816.384,2333.599565,1898.089198,2028.917667
2023-09-03 10:00:00,908.2429999999999,2534.0523000000003,2082.237365,2189.552333
2023-09-03 11:00:00,992.236,2595.816567,2240.192663,2350.5339999999997
2023-09-03 12:00:00,981.4460000000001,2641.6549990000003,2286.655299,2448.597667
2023-09-03 13:00:00,1036.1109999999999,2692.253731,2350.8460640000003,2487.8356679999997
2023-09-03 14:00:00,1065.028,2743.2933279999997,2357.310164,2481.105333
2023-09-03 15:00:00,1080.498,2721.9291999999996,2333.177399,2450.412668
2023-09-03 16:00:00,1054.468,2774.4362309999997,2321.558997,2456.0710010000003
2023-09-03 17:00:00,1050.95,2806.151633,2401.3558650000004,2498.862
2023-09-03 18:00:00,1139.75,2864.100434,2437.7108630000002,2649.664333
2023-09-03 19:00:00,1193.5459999999998,2927.5275309999997,2481.738032,2661.3900000000003
2023-09-03 20:00:00,1173.119,3067.243031,2591.4593320000004,2700.853
2023-09-03 21:00:00,1150.2649999999999,3030.407065,2589.128167,2745.8473329999997
2023-09-03 22:00:00,1072.5249999999999,2845.4934649999996,2412.8481309999997,2543.544333
2023-09-03 23:00:00,982.2589999999999,2606.0104659999997,2153.8298969999996,2288.4486669999997
2023-09-04 00:00:00,873.634,2260.629997,1873.9937290000003,1968.8116679999998
2023-09-04 01:00:00,749.971667,1994.392899,1637.9186650000001,1726.813333
2023-09-04 02:00:00,677.452333,1786.823699,1468.644264,1541.4396649999999
2023-09-04 03:00:00,613.642,1669.184031,1342.777302,1424.520666
2023-09-04 04:00:00,570.7149999999999,1577.7269959999999,1253.2418659999998,1356.5076669999999
2023-09-04 05:00:00,561.608333,1558.1191640000002,1259.896464,1336.221666
2023-09-04 06:00:00,571.653,1592.3319000000001,1261.93943,1328.354334
2023-09-04 07:00:00,598.805333,1708.313699,1304.100698,1420.915334
2023-09-04 08:00:00,668.0646669999999,1931.060899,1509.553065,1603.5560010000002
2023-09-04 09:00:00,809.1833330000001,2185.8415640000003,1729.678099,1873.183667
2023-09-04 10:00:00,895.3616669999999,2363.0047990000003,1971.359963,2187.692
2023-09-04 11:00:00,948.612333,2563.7708970000003,2131.3855320000002,2272.383
2023-09-04 12:00:00,1011.3826670000001,2720.303197,2278.424762,2339.5183340000003
2023-09-04 13:00:00,1070.021667,2753.415333,2375.723865,2431.213334
2023-09-04 14:00:00,1033.528,2743.772099,2439.529031,2427.995
2023-09-04 15:00:00,1055.7,2716.074564,2391.012898,2452.9033339999996
2023-09-04 16:00:00,1066.929333,2730.2944960000004,2369.712968,2488.494667
2023-09-04 17:00:00,1138.069333,2817.093766,2408.052965,2577.181001
2023-09-04 18:00:00,1205.259333,2913.5056640000003,2511.448031,2708.5620010000002
2023-09-04 19:00:00,1246.4940000000001,3057.418165,2612.9128650000002,2816.789335
2023-09-04 20:00:00,1210.514333,3164.6825989999998,2628.820463,2888.949999
2023-09-04 21:00:00,1176.2150000000001,3138.550497,2596.6570629999997,2831.273
2023-09-04 22:00:00,1063.721,2953.7883309999997,2347.143299,2549.408667
2023-09-04 23:00:00,978.084333,2605.128666,1997.449097,2178.931
2023-09-05 00:00:00,811.3679999999999,2206.126263,1740.045196,1827.989667
2023-09-05 01:00:00,675.708,1856.220798,1537.1130990000001,1576.732
2023-09-05 02:00:00,594.198,1673.235831,1360.883165,1443.865667
2023-09-05 03:00:00,562.659,1556.515632,1255.3551320000001,1328.218333
2023-09-05 04:00:00,538.999,1535.5603340000002,1216.6421,1301.039667
2023-09-05 05:00:00,541.856,1543.8296,1279.512597,1296.267
2023-09-05 06:00:00,590.375,1663.9501329999998,1318.306298,1444.642334
2023-09-05 07:00:00,718.3330000000001,1898.169363,1558.584465,1776.064667
2023-09-05 08:00:00,834.4939999999999,2133.3793640000004,1722.780065,2024.9466670000002
2023-09-05 09:00:00,835.472,2126.645899,1742.217599,1960.538334
2023-09-05 10:00:00,846.8149999999999,2192.0017980000002,1798.294298,1913.414
2023-09-05 11:00:00,856.831,2164.678399,1787.462364,1993.030001
2023-09-05 12:00:00,845.221,2252.913997,1837.298964,1974.757
2023-09-05 13:00:00,904.8050000000001,2271.051864,1868.119365,2007.942
2023-09-05 14:00:00,911.275,2325.431231,1959.567831,2037.9499999999998
2023-09-05 15:00:00,948.302,2369.788164,2020.3392639999997,2039.4530009999999
2023-09-05 16:00:00,969.07,2507.390933,2137.780264,2079.107668
2023-09-05 17:00:00,1063.093,2766.552232,2341.522896,2342.0230009999996
2023-09-05 18:00:00,1161.687,3003.9826669999998,2514.643567,2593.8729999999996
2023-09-05 19:00:00,1254.0569999999998,3038.028499,2648.9711640000005,2768.5003340000003
2023-09-05 20:00:00,1190.614,3084.906831,2678.671099,2802.2596679999997
2023-09-05 21:00:00,1206.554,3077.590298,2718.713001,2789.4636659999996
2023-09-05 22:00:00,1098.5040000000001,2911.3923640000003,2410.368765,2570.652
2023-09-05 23:00:00,894.773,2547.5058639999997,1990.619832,2220.145334
2023-09-06 00:00:00,781.6669999999999,2172.316299,1721.4755300000002,1841.139667
2023-09-06 01:00:00,657.943,1882.615397,1455.263964,1574.270332
2023-09-06 02:00:00,600.86,1651.63823,1291.39963,1395.387001
2023-09-06 03:00:00,551.7139999999999,1546.5115660000001,1239.739462,1286.572666
2023-09-06 04:00:00,530.1990000000001,1536.1370980000002,1175.6771939999999,1285.887001
2023-09-06 05:00:00,547.299,1555.788765,1250.60833,1287.9896669999998
2023-09-06 06:00:00,574.9849999999999,1714.2382010000001,1378.6920300000002,1417.662668
2023-09-06 07:00:00,711.422,1931.617399,1631.7620000000002,1750.630668
2023-09-06 08:00:00,829.3130000000001,2114.474498,1742.7943960000002,2017.135001
2023-09-06 09:00:00,847.51,2141.500266,1746.946296,1919.474
2023-09-06 10:00:00,773.8219999999999,2139.8346309999997,1717.543099,1951.103667
2023-09-06 11:00:00,786.663,2147.381829,1750.906396,1928.9083329999999
2023-09-06 12:00:00,827.7900000000001,2197.199197,1744.062565,1958.0076669999999
2023-09-06 13:00:00,850.1320000000001,2236.849698,1827.898465,1995.991
2023-09-06 14:00:00,880.166,2371.293998,1905.9100630000003,2052.8810000000003
2023-09-06 15:00:00,934.252,2432.032199,2003.0717630000001,2053.053333
2023-09-06 16:00:00,976.097,2685.50843,2206.674465,2216.7799999999997
2023-09-06 17:00:00,1112.657,2917.2616319999997,2418.167264,2479.854667
2023-09-06 18:00:00,1248.954,3130.670231,2615.321497,2734.05
2023-09-06 19:00:00,1302.327,3233.1942639999997,2702.151497,2878.035
2023-09-06 20:00:00,1309.777,3177.444699,2775.9700980000002,2919.973
2023-09-06 21:00:00,1281.132,3242.611366,2706.482699,2880.4449990000003
2023-09-06 22:00:00,1193.158,2987.062198,2477.020896,2693.4373339999997
2023-09-06 23:00:00,999.678,2573.296399,2165.292465,2292.043333
2023-09-07 00:00:00,836.0540000000001,2221.491366,1826.789097,1921.7689999999998
2023-09-07 01:00:00,704.9590000000001,1954.1169,1551.509299,1648.855333
2023-09-07 02:00:00,649.4639999999999,1744.741299,1396.6325980000001,1500.254334
2023-09-07 03:00:00,611.277,1610.6697680000002,1289.039496,1366.451667
2023-09-07 04:00:00,582.779,1588.997065,1260.548698,1330.0476669999998
2023-09-07 05:00:00,585.4749999999999,1604.511097,1276.5118320000001,1348.811334
2023-09-07 06:00:00,627.991,1770.6333319999999,1387.7912999999999,1457.4680010000002
2023-09-07 07:00:00,747.3689999999999,1968.5200639999998,1547.420366,1705.373668
2023-09-07 08:00:00,854.8520000000001,2109.862932,1680.7461309999999,1947.9916669999998
2023-09-07 09:00:00,836.485,2162.592297,1713.4955639999998,1871.770333
2023-09-07 10:00:00,798.211,2124.1574339999997,1736.031,1957.760334
2023-09-07 11:00:00,838.971,2101.5343310000003,1734.735298,1935.956334
2023-09-07 12:00:00,840.518,2154.4592970000003,1782.273866,1930.769
2023-09-07 13:00:00,926.194,2204.325599,1889.309432,2011.210667
2023-09-07 14:00:00,890.287,2253.548599,1900.9800649999997,2021.5060010000002
2023-09-07 15:00:00,932.4639999999999,2368.0267649999996,1964.7705310000001,2063.895334
2023-09-07 16:00:00,944.325,2528.265098,2110.537698,2194.653667
2023-09-07 17:00:00,1026.257,2748.431966,2331.056365,2410.589
2023-09-07 18:00:00,1204.098,3008.487499,2487.1165650000003,2696.384999
2023-09-07 19:00:00,1279.288,3090.2034320000002,2636.052831,2844.242001
2023-09-07 20:00:00,1276.386,3143.0178650000003,2662.661798,2841.813667
2023-09-07 21:00:00,1263.87,3181.802698,2698.148999,2785.695665
2023-09-07 22:00:00,1170.393,2942.0645649999997,2469.833564,2565.753998
2023-09-07 23:00:00,960.3050000000001,2618.63463,2145.4997319999998,2231.492334
2023-09-08 00:00:00,838.9010000000001,2199.5505649999996,1779.66203,1877.990334
2023-09-08 01:00:00,715.509,1930.9521650000002,1519.993899,1653.397667
2023-09-08 02:00:00,636.852,1688.173797,1346.333064,1452.152998
2023-09-08 03:00:00,580.674,1598.5412310000002,1241.896098,1350.3519999999999
2023-09-08 04:00:00,555.204,1533.199233,1197.5782980000001,1323.638668
2023-09-08 05:00:00,573.7260000000001,1543.764131,1229.599498,1308.308333
2023-09-08 06:00:00,603.585,1679.488199,1317.186264,1429.717666
2023-09-08 07:00:00,710.662,1922.889798,1558.049964,1689.703336
2023-09-08 08:00:00,817.175,2115.9563319999997,1679.799732,1952.67667
2023-09-08 09:00:00,839.4453330000001,2100.552931,1726.0592980000001,1917.017663
2023-09-08 10:00:00,835.609333,2108.334231,1812.612196,1977.3276680000001
2023-09-08 11:00:00,864.643,2140.789232,1881.484732,1920.989667
2023-09-08 12:00:00,865.264,2217.077365,1878.9743990000002,2034.279332
2023-09-08 13:00:00,927.915,2222.3934639999998,1913.403166,2061.4330019999998
2023-09-08 14:00:00,911.461,2368.838364,2033.0800629999999,2082.0539989999997
2023-09-08 15:00:00,955.0409999999999,2492.5753299999997,2189.673898,2186.9093329999996
2023-09-08 16:00:00,1022.038,2715.624064,2341.051265,2301.625997
2023-09-08 17:00:00,1154.297,2957.255032,2593.8857639999997,2522.748334
2023-09-08 18:00:00,1223.934,3163.276731,2680.180263,2651.394999
2023-09-08 19:00:00,1251.413,3238.939832,2757.565932,2750.854668
2023-09-08 20:00:00,1189.884,3123.125466,2759.5080319999997,2630.968667
2023-09-08 21:00:00,1125.0030000000002,3083.538765,2565.742367,2641.8630000000003
2023-09-08 22:00:00,1025.179,2822.494463,2349.172298,2463.9303330000002
2023-09-08 23:00:00,920.5210000000001,2540.394897,2032.851631,2253.076666
2023-09-09 00:00:00,809.216,2244.928367,1750.9367980000002,1952.577
2023-09-09 01:00:00,717.318,1960.505763,1538.56653,1685.482333
2023-09-09 02:00:00,641.222,1773.814365,1382.600696,1483.125667
2023-09-09 03:00:00,577.5360000000001,1660.582964,1268.658966,1383.994999
2023-09-09 04:00:00,554.627667,1599.409099,1192.986299,1334.686666
2023-09-09 05:00:00,531.334333,1540.765863,1196.9413659999998,1297.061667
2023-09-09 06:00:00,539.9200000000001,1572.853763,1195.381633,1302.8160010000001
2023-09-09 07:00:00,607.371,1684.277033,1285.673397,1411.3996670000001
2023-09-09 08:00:00,722.719,1945.5471969999999,1517.1510320000002,1707.321001
2023-09-09 09:00:00,853.290333,2219.302498,1776.242499,1990.933336
2023-09-09 10:00:00,919.886,2431.1450649999997,1955.2904629999998,2202.2779990000004
2023-09-09 11:00:00,984.94,2596.9988,2078.282565,2321.8373309999997
2023-09-09 12:00:00,1064.005,2607.321564,2165.4311,2411.728667
2023-09-09 13:00:00,1146.181666,2778.122765,2282.255797,2543.494667
2023-09-09 14:00:00,1211.783667,2969.566628,2446.9860980000003,2608.996667
2023-09-09 15:00:00,1277.771,3181.117197,2653.237363,2788.221668
2023-09-09 16:00:00,1379.048,3380.384798,2849.54553,2962.106667
2023-09-09 17:00:00,1505.4630000000002,3655.822198,3009.670163,3182.8410010000002
2023-09-09 18:00:00,1593.625,3722.362063,3205.306431,3413.697333
2023-09-09 19:00:00,1605.854,3734.941231,3235.952233,3453.703667
2023-09-09 20:00:00,1533.3049999999998,3701.371864,3144.5050629999996,3386.8543340000006
2023-09-09 21:00:00,1479.1589999999999,3680.635764,3065.619764,3199.811334
2023-09-09 22:00:00,1333.945,3378.876997,2811.266764,2929.101001
2023-09-09 23:00:00,1160.351,2957.603665,2428.487932,2600.096001
2023-09-10 00:00:00,1022.9709999999998,2610.258396,2121.591031,2284.3346680000004
2023-09-10 01:00:00,877.972,2303.735564,1793.836431,1942.762667
2023-09-10 02:00:00,743.4939999999999,1996.4339650000002,1608.7623979999998,1710.2303339999999
2023-09-10 03:00:00,657.133,1851.47233,1431.779532,1546.588
2023-09-10 04:00:00,602.677,1761.786165,1324.720964,1477.962
2023-09-10 05:00:00,595.038,1691.8388650000002,1252.303096,1428.003333
2023-09-10 06:00:00,593.634,1675.3724619999998,1231.843366,1407.9733339999998
2023-09-10 07:00:00,637.7429999999999,1742.928764,1322.4526,1501.847999
2023-09-10 08:00:00,747.873,1996.898963,1559.0229000000002,1730.936999
2023-09-10 09:00:00,853.3439999999999,2257.397667,1827.315297,2052.795333
2023-09-10 10:00:00,954.348,2564.605697,2013.8078979999998,2337.015665
2023-09-10 11:00:00,1026.1219999999998,2701.165765,2139.4308309999997,2516.4346669999995
2023-09-10 12:00:00,1094.771,2896.505898,2331.5790660000002,2656.721667
2023-09-10 13:00:00,1206.6460000000002,3123.0183300000003,2540.0044319999997,2849.344666
2023-09-10 14:00:00,1294.0320000000002,3360.9878289999997,2811.407531,2945.582
2023-09-10 15:00:00,1419.183,3519.0465990000002,3011.036997,3134.927334
2023-09-10 16:00:00,1552.062,3720.744163,3169.2802300000003,3300.181334
2023-09-10 17:00:00,1620.8400000000001,3921.937932,3346.854698,3442.840666
2023-09-10 18:00:00,1724.0479999999998,4068.5918310000006,3481.933965,3650.4946680000003
2023-09-10 19:00:00,1723.208,4098.387431,3465.4236650000003,3588.736001
2023-09-10 20:00:00,1650.505,4025.2289650000002,3404.2097639999997,3490.410334
2023-09-10 21:00:00,1609.489,3868.695965,3308.755199,3358.014
2023-09-10 22:00:00,1382.851,3543.406231,2935.315863,3093.4083309999996
2023-09-10 23:00:00,1186.203,3031.151366,2447.384698,2662.436002
2023-09-11 00:00:00,931.9300000000001,2529.69413,2022.866032,2237.194002
2023-09-11 01:00:00,762.375,2163.9672330000003,1684.972631,1851.641
2023-09-11 02:00:00,681.01,1912.370331,1509.8572319999998,1677.875
2023-09-11 03:00:00,638.8589999999999,1745.679432,1356.2257639999998,1521.594333
2023-09-11 04:00:00,612.0409999999999,1707.777699,1306.753333,1438.3123329999999
2023-09-11 05:00:00,613.0550000000001,1699.675564,1298.0410339999999,1399.245
2023-09-11 06:00:00,642.173,1823.564597,1386.775563,1517.379
2023-09-11 07:00:00,764.474,2040.693432,1561.1003979999998,1772.434334
2023-09-11 08:00:00,875.475,2196.6216320000003,1755.296765,1970.545665
2023-09-11 09:00:00,838.7570000000001,2158.2177300000003,1775.827197,1935.332999
2023-09-11 10:00:00,885.874,2181.310097,1766.319097,1958.2943320000002
2023-09-11 11:00:00,930.9680000000001,2215.763932,1879.500496,1965.940333
2023-09-11 12:00:00,934.908,2342.193765,1924.52443,2118.226667
2023-09-11 13:00:00,951.034,2406.24813,1982.33043,2240.910001
2023-09-11 14:00:00,999.767,2522.2666,2107.551731,2290.88
2023-09-11 15:00:00,1047.475,2576.988263,2219.188833,2344.2916669999995
2023-09-11 16:00:00,1088.986,2817.328132,2330.0768660000003,2442.5449989999997
2023-09-11 17:00:00,1188.108,3082.473998,2631.862999,2627.858666
2023-09-11 18:00:00,1318.343,3342.0435310000003,2717.907365,2874.552667
2023-09-11 19:00:00,1452.335,3410.871132,2939.255231,3074.708333
2023-09-11 20:00:00,1405.2090000000003,3442.902134,2907.9822969999996,3055.308666
2023-09-11 21:00:00,1366.634,3400.5381639999996,2865.979096,2999.6443340000005
2023-09-11 22:00:00,1248.174,3126.1324669999995,2606.8076,2780.616
2023-09-11 23:00:00,1066.874,2715.377431,2186.473801,2409.802667
2023-09-12 00:00:00,878.322,2338.239098,1843.671898,2039.6663330000001
2023-09-12 01:00:00,724.214,2024.521897,1555.5587639999999,1749.321333
2023-09-12 02:00:00,640.092,1795.044197,1410.8153980000002,1552.215334
2023-09-12 03:00:00,602.51,1668.632031,1294.57253,1443.980666
2023-09-12 04:00:00,583.708,1599.437365,1235.711098,1394.9630009999998
2023-09-12 05:00:00,587.72,1606.256532,1289.392932,1352.1483329999999
2023-09-12 06:00:00,614.952,1776.807466,1364.570966,1458.5780009999999
2023-09-12 07:00:00,764.0,1992.431963,1570.776065,1746.520001
2023-09-12 08:00:00,869.876,2154.0135979999995,1760.179431,1970.036334
2023-09-12 09:00:00,811.7819999999999,2155.334665,1738.152497,1959.659667
2023-09-12 10:00:00,810.611,2124.029964,1715.462597,1972.3173339999998
2023-09-12 11:00:00,885.0610000000001,2131.3026330000002,1773.282564,2011.050334
2023-09-12 12:00:00,898.691,2275.5788979999998,1875.828865,2068.6913329999998
2023-09-12 13:00:00,930.2850000000001,2436.207766,2025.0858979999998,2184.035667
2023-09-12 14:00:00,1009.94,2621.168698,2171.69303,2343.9790000000003
2023-09-12 15:00:00,1049.5720000000001,2799.0221340000003,2345.2472289999996,2426.705667
2023-09-12 16:00:00,1155.240666,2987.656833,2525.383796,2560.9943329999996
2023-09-12 17:00:00,1286.8980000000001,3285.2267970000003,2847.8243669999997,2798.5710010000003
2023-09-12 18:00:00,1404.56,3514.353897,2947.3795339999997,3014.8266670000003
2023-09-12 19:00:00,1420.065,3507.107365,3023.202866,3191.2416670000002
2023-09-12 20:00:00,1403.5919999999999,3468.69323,2931.341999,3118.0696660000003
2023-09-12 21:00:00,1324.319,3347.161865,2886.912032,3081.494667
2023-09-12 22:00:00,1231.766,3059.318898,2595.684167,2811.599001
2023-09-12 23:00:00,1046.921,2716.937166,2228.9109630000003,2411.1396669999995
2023-09-13 00:00:00,874.874,2391.868866,1849.550631,2023.5843340000001
2023-09-13 01:00:00,744.788,2050.3173300000003,1567.111564,1728.096998
2023-09-13 02:00:00,692.3539999999999,1889.0304649999998,1410.6109999999999,1525.4473340000002
2023-09-13 03:00:00,623.039,1759.8741639999998,1300.677731,1422.905333
2023-09-13 04:00:00,601.317,1716.791164,1258.182598,1379.218
2023-09-13 05:00:00,612.8109999999999,1715.0814639999999,1299.838665,1377.635667
2023-09-13 06:00:00,674.1859999999999,1849.0933,1402.060133,1486.0746669999999
2023-09-13 07:00:00,769.928,2032.872531,1610.8778980000002,1758.007001
2023-09-13 08:00:00,869.1,2174.070165,1838.846297,2003.8993340000002
2023-09-13 09:00:00,868.893,2234.767765,1909.589495,1992.0143340000002
2023-09-13 10:00:00,842.217,2139.981364,1818.59653,1967.6183340000002
2023-09-13 11:00:00,840.35,2166.653165,1815.271968,1995.554335
2023-09-13 12:00:00,840.982,2214.472032,1872.1213989999999,2010.1339990000001
2023-09-13 13:00:00,879.225,2324.7427669999997,1931.574432,2062.958665
2023-09-13 14:00:00,929.856,2459.237199,2034.1023950000001,2176.181001
2023-09-13 15:00:00,994.159,2616.410499,2267.259398,2351.422666
2023-09-13 16:00:00,1159.451,2932.963831,2495.043397,2496.7290009999997
2023-09-13 17:00:00,1276.308,3240.8958300000004,2809.515464,2824.278999
2023-09-13 18:00:00,1418.371,3490.242532,2990.7813619999997,3050.0540009999995
2023-09-13 19:00:00,1471.692,3572.544865,3088.537897,3179.108
2023-09-13 20:00:00,1466.356,3505.832397,3042.810963,3092.844999
2023-09-13 21:00:00,1409.775,3485.9868650000003,2955.2290619999994,3051.404666
2023-09-13 22:00:00,1278.1970000000001,3242.685398,2667.626566,2802.822666
2023-09-13 23:00:00,1079.767,2839.978499,2321.178366,2485.217998
2023-09-14 00:00:00,867.6569999999999,2385.267166,1869.098132,2054.6473319999996
2023-09-14 01:00:00,768.934,2029.0542679999999,1592.815034,1799.622334
2023-09-14 02:00:00,676.755,1799.425031,1437.253698,1601.160666
2023-09-14 03:00:00,623.086,1661.917467,1300.433965,1457.587333
2023-09-14 04:00:00,613.245,1590.9856009999999,1251.639833,1366.7359999999999
2023-09-14 05:00:00,592.371,1587.2193659999998,1302.84293,1338.1740020000002
2023-09-14 06:00:00,647.977,1721.5055309999998,1356.2954300000001,1456.648666
2023-09-14 07:00:00,769.204,1957.990364,1596.650631,1697.062334
2023-09-14 08:00:00,848.2719999999999,2152.937163,1762.174631,1936.950667
2023-09-14 09:00:00,852.498667,2104.449266,1750.4639319999999,1974.157666
2023-09-14 10:00:00,816.906,2152.9783989999996,1750.5456960000001,1970.405001
2023-09-14 11:00:00,851.961,2205.7373650000004,1831.5072330000003,2047.8963340000003
2023-09-14 12:00:00,895.592,2277.59313,1916.896297,2139.068668
2023-09-14 13:00:00,936.556,2425.73923,2072.645298,2268.1883329999996
2023-09-14 14:00:00,1035.061,2657.652731,2271.262499,2431.449334
2023-09-14 15:00:00,1161.7820000000002,2951.571297,2461.738962,2582.392834
2023-09-14 16:00:00,1291.4139999999998,3354.391099,2763.7043320000002,2930.311667
2023-09-14 17:00:00,1476.681,3754.197397,3215.0893960000003,3316.384
2023-09-14 18:00:00,1652.9560000000001,4096.672999,3529.557764,3534.767332
2023-09-14 19:00:00,1723.7510000000002,4149.908296,3607.151065,3606.467334
2023-09-14 20:00:00,1646.7670000000003,4150.393298,3550.966566,3539.516667
2023-09-14 21:00:00,1619.13,3983.078499,3398.286062,3441.0103320000003
2023-09-14 22:00:00,1458.757,3535.9962969999997,3039.0782310000004,3114.714665
2023-09-14 23:00:00,1215.058,3084.823098,2526.9649640000002,2691.790667
2023-09-15 00:00:00,979.231,2574.369297,2090.8029659999997,2249.587666
2023-09-15 01:00:00,818.692,2248.328697,1738.546466,1956.419666
2023-09-15 02:00:00,719.009,1961.4758980000001,1508.319031,1703.4303320000001
2023-09-15 03:00:00,648.448,1831.594797,1390.2745619999998,1554.362
2023-09-15 04:00:00,624.704,1714.3057979999999,1326.811332,1480.7833340000002
2023-09-15 05:00:00,597.03,1698.8174980000001,1354.970232,1450.9669990000002
2023-09-15 06:00:00,635.941,1769.9868979999999,1405.4285989999998,1530.0513329999999
2023-09-15 07:00:00,750.076,1973.670931,1622.0729959999999,1730.763
2023-09-15 08:00:00,842.308,2164.962831,1796.586932,2042.7520009999998
2023-09-15 09:00:00,866.05,2248.427697,1904.1134969999998,2090.297333
2023-09-15 10:00:00,862.553,2320.137197,1903.142997,2119.6676660000003
2023-09-15 11:00:00,928.0439999999999,2418.6312980000002,1988.066099,2299.411
2023-09-15 12:00:00,1017.733,2630.862898,2154.196734,2476.0999999999995
2023-09-15 13:00:00,1103.451,2846.8830980000002,2375.574465,2699.6806669999996
2023-09-15 14:00:00,1241.469,3177.010897,2696.838262,3000.763
2023-09-15 15:00:00,1414.407,3516.741597,3076.081501,3259.507333
2023-09-15 16:00:00,1593.966,3960.716497,3378.481699,3535.689333
2023-09-15 17:00:00,1780.8310000000001,4325.781497,3848.300364,3839.6793339999995
2023-09-15 18:00:00,1822.527,4514.901097,4086.4897659999997,4009.7563339999997
2023-09-15 19:00:00,1811.4299999999998,4384.445399,3990.515932,3995.093333
2023-09-15 20:00:00,1697.4540000000002,4152.119198,3734.3683300000002,3698.264667
2023-09-15 21:00:00,1581.842,3865.616998,3452.1690639999997,3461.207333
2023-09-15 22:00:00,1415.9950000000001,3557.742397,3072.094133,3218.7290000000003
2023-09-15 23:00:00,1253.87,3131.564098,2652.966466,2951.677333
2023-09-16 00:00:00,1047.295,2739.3303989999995,2254.773001,2541.134333
2023-09-16 01:00:00,897.4449999999999,2425.3512650000002,1913.246863,2177.472667
2023-09-16 02:00:00,820.136,2121.9073980000003,1702.511565,1907.819333
2023-09-16 03:00:00,719.934,1936.337299,1499.0779980000002,1754.1166660000001
2023-09-16 04:00:00,677.188,1843.9687979999999,1380.944899,1582.6723330000002
2023-09-16 05:00:00,640.219,1778.191198,1314.5159999999998,1484.9221670000002
2023-09-16 06:00:00,645.665,1758.0981980000001,1294.27913,1484.8776659999999
2023-09-16 07:00:00,699.011667,1824.390564,1383.7741330000001,1589.413001
2023-09-16 08:00:00,803.880333,2020.2798309999998,1630.4081649999998,1842.906001
2023-09-16 09:00:00,886.261,2317.4957640000002,1865.2467970000002,2131.542667
2023-09-16 10:00:00,992.422,2575.894499,2134.129129,2308.6369999999997
2023-09-16 11:00:00,1109.757,2718.9478980000004,2306.240232,2452.313999
2023-09-16 12:00:00,1189.304,2878.533198,2417.071164,2553.493333
2023-09-16 13:00:00,1211.859,3027.720098,2544.133098,2757.059333
2023-09-16 14:00:00,1317.074,3296.396997,2737.6559310000002,2994.2153339999995
2023-09-16 15:00:00,1385.931,3558.203599,2917.704731,3212.828001
2023-09-16 16:00:00,1534.769,3693.054598,3091.994165,3344.2803329999997
2023-09-16 17:00:00,1632.511,3861.529096,3292.5638639999997,3552.2916670000004
2023-09-16 18:00:00,1653.748,3902.098298,3409.7319639999996,3640.630001
2023-09-16 19:00:00,1643.323,3833.053497,3348.762699,3541.266334
2023-09-16 20:00:00,1501.854,3754.107899,3152.824498,3348.792
2023-09-16 21:00:00,1424.55,3513.7099989999997,2956.780332,3144.463167
2023-09-16 22:00:00,1275.1689999999999,3177.068099,2638.291596,2786.554501
2023-09-16 23:00:00,1115.752,2817.145299,2289.8712649999998,2535.533501
2023-09-17 00:00:00,952.451,2409.276699,1958.8641000000002,2177.361668
2023-09-17 01:00:00,799.0160000000001,2086.227798,1667.162997,1857.0551679999999
2023-09-17 02:00:00,689.21,1846.4439980000002,1471.556999,1650.074001
2023-09-17 03:00:00,625.8620000000001,1676.794097,1344.070362,1497.688667
2023-09-17 04:00:00,589.563,1593.651798,1257.9567650000001,1401.519833
2023-09-17 05:00:00,585.7280000000001,1587.111098,1215.8070320000002,1336.7645
2023-09-17 06:00:00,576.496,1580.126798,1209.4920980000002,1343.0425
2023-09-17 07:00:00,631.278,1704.707598,1300.908966,1424.836665
2023-09-17 08:00:00,720.7239999999999,1937.3126300000001,1530.630799,1649.7909989999998
2023-09-17 09:00:00,855.461,2244.614063,1836.553065,1966.3033329999998
2023-09-17 10:00:00,942.438,2512.873898,2128.36413,2217.150499
2023-09-17 11:00:00,1029.11,2560.395797,2185.468231,2302.082166
2023-09-17 12:00:00,1091.417,2700.9786969999996,2260.076098,2492.964333
2023-09-17 13:00:00,1115.907,2781.844398,2352.56183,2512.843333
2023-09-17 14:00:00,1100.257,2893.885599,2376.344466,2592.836333
2023-09-17 15:00:00,1178.145,3005.026997,2480.3941959999997,2592.627834
2023-09-17 16:00:00,1207.787,3004.8897979999997,2553.871301,2670.736167
2023-09-17 17:00:00,1245.324,3115.662598,2626.6772659999997,2777.327666
2023-09-17 18:00:00,1303.37,3176.689565,2703.902799,2868.5755
2023-09-17 19:00:00,1283.2710000000002,3232.797232,2770.1057309999997,2920.2366679999996
2023-09-17 20:00:00,1289.366,3312.418264,2790.351665,2950.842167
2023-09-17 21:00:00,1254.8960000000002,3202.780199,2757.6254989999998,2867.542834
2023-09-17 22:00:00,1145.7310000000002,2960.0249989999998,2489.930032,2670.439832
2023-09-17 23:00:00,943.296,2614.561597,2111.49913,2267.721835
2023-09-18 00:00:00,803.8910000000001,2158.6536969999997,1741.486297,1930.2333350000001
2023-09-18 01:00:00,673.8209999999999,1857.080198,1483.357133,1645.586667
2023-09-18 02:00:00,603.257,1684.534197,1346.401998,1504.3548329999999
2023-09-18 03:00:00,562.705,1614.5311000000002,1230.2910980000001,1382.964666
2023-09-18 04:00:00,568.442,1557.7167989999998,1215.521631,1329.7779990000001
2023-09-18 05:00:00,572.761,1573.7764989999998,1251.029998,1311.058
2023-09-18 06:00:00,603.921,1704.2516,1339.780399,1414.305833
2023-09-18 07:00:00,728.653,1962.4115000000002,1608.0163320000001,1716.9775
2023-09-18 08:00:00,835.212,2126.150998,1778.495228,1966.7006660000002
2023-09-18 09:00:00,819.8199999999999,2152.494799,1797.082798,1992.5603330000001
2023-09-18 10:00:00,828.264,2137.1550319999997,1813.1015969999999,1953.981332
2023-09-18 11:00:00,829.335,2141.561699,1854.7344309999999,2017.5043329999999
2023-09-18 12:00:00,856.774,2213.829097,1946.2234640000001,2041.557334
2023-09-18 13:00:00,877.2349999999999,2282.7329980000004,1924.991731,2056.306334
2023-09-18 14:00:00,893.299,2353.630197,1993.3779319999999,2097.7545
2023-09-18 15:00:00,908.845,2498.5080989999997,2045.779732,2087.4105010000003
2023-09-18 16:00:00,979.173,2608.384298,2152.6335980000003,2221.085999
2023-09-18 17:00:00,1095.9830000000002,2855.481597,2431.740864,2466.2621659999995
2023-09-18 18:00:00,1191.584,3072.7142970000004,2571.9227300000002,2674.2113339999996
2023-09-18 19:00:00,1230.853,3138.727599,2667.950931,2830.6059999999998
2023-09-18 20:00:00,1279.152,3146.738998,2684.4947979999997,2798.968499
2023-09-18 21:00:00,1233.581,3117.0133969999997,2573.1272630000003,2711.9939999999997
2023-09-18 22:00:00,1099.927,2802.727997,2273.898199,2474.017334
2023-09-18 23:00:00,906.588,2450.2459989999998,1975.4028309999999,2141.800667
2023-09-19 00:00:00,775.3879999999999,1990.572898,1636.963999,1780.745833
2023-09-19 01:00:00,654.162,1742.9611989999999,1417.31633,1528.644166
2023-09-19 02:00:00,555.5029999999999,1610.541498,1279.1168980000002,1396.410167
2023-09-19 03:00:00,542.222,1513.710998,1210.407963,1286.356834
2023-09-19 04:00:00,518.9490000000001,1500.8757970000001,1192.168697,1264.896834
2023-09-19 05:00:00,527.17,1522.827598,1251.1602659999999,1247.175833
2023-09-19 06:00:00,592.135,1663.1693970000001,1376.307965,1413.561833
2023-09-19 07:00:00,715.2570000000001,1975.675999,1663.8801649999998,1702.576833
2023-09-19 08:00:00,841.893,2208.647997,1782.117065,1963.6036669999999
2023-09-19 09:00:00,819.434,2196.294399,1768.0195979999999,1932.447999
2023-09-19 10:00:00,815.3789999999999,2093.8112309999997,1757.7195649999999,1887.9528340000002
2023-09-19 11:00:00,781.324,2149.296999,1786.277298,1891.811667
2023-09-19 12:00:00,813.553,2139.3047979999997,1791.954864,1895.5336659999998
2023-09-19 13:00:00,816.7199999999999,2148.7412999999997,1779.753665,2019.9250009999998
2023-09-19 14:00:00,822.842,2199.951497,1791.249664,2019.2289999999998
2023-09-19 15:00:00,831.212,2243.5797970000003,1843.234497,1935.9
2023-09-19 16:00:00,892.207,2376.683599,1907.866532,2023.150832
2023-09-19 17:00:00,993.608,2642.450798,2148.3662329999997,2260.2458340000003
2023-09-19 18:00:00,1129.6350000000002,2828.0313969999997,2442.624033,2478.009334
2023-09-19 19:00:00,1234.7089999999998,2911.0983990000004,2454.861632,2671.512501
2023-09-19 20:00:00,1204.757,3019.945698,2528.7193310000002,2717.965833
2023-09-19 21:00:00,1156.788,3023.623799,2456.954965,2633.951167
2023-09-19 22:00:00,1002.068,2734.195399,2214.4478310000004,2403.944
2023-09-19 23:00:00,856.185,2379.3415990000003,1917.896532,2078.449168
2023-09-20 00:00:00,693.9300000000001,2041.565099,1665.635564,1784.741666
2023-09-20 01:00:00,640.983,1764.959897,1444.101363,1542.513832
2023-09-20 02:00:00,612.336,1574.4716979999998,1285.389465,1383.252833
2023-09-20 03:00:00,564.546,1520.488599,1224.919597,1285.6425
2023-09-20 04:00:00,546.864,1537.419199,1161.764696,1225.8795
2023-09-20 05:00:00,551.482,1550.873598,1233.539066,1244.356667
2023-09-20 06:00:00,597.2729999999999,1690.306697,1314.166068,1398.756832
2023-09-20 07:00:00,721.549,1879.1188980000002,1516.704599,1744.780166
2023-09-20 08:00:00,820.671,2119.8141,1731.284166,1977.3268340000002
2023-09-20 09:00:00,818.7660000000001,2137.529232,1816.517932,1910.3433329999998
2023-09-20 10:00:00,795.474,2148.910764,1802.358065,1904.4519999999998
2023-09-20 11:00:00,788.5050000000001,2148.870296,1856.545197,1930.639333
2023-09-20 12:00:00,810.773,2170.120298,1803.91493,1922.260667
2023-09-20 13:00:00,815.6289999999999,2159.495897,1874.52103,1964.836666
2023-09-20 14:00:00,823.538,2192.5483299999996,1850.334433,1907.5803329999999
2023-09-20 15:00:00,805.8009999999999,2168.301896,1883.901232,1895.3494999999998
2023-09-20 16:00:00,850.927,2332.3127299999996,1964.668831,1975.947333
2023-09-20 17:00:00,971.278,2601.8650669999997,2173.5625980000004,2160.6326670000003
2023-09-20 18:00:00,1081.3429999999998,2696.1350970000003,2315.320797,2419.2723340000002
2023-09-20 19:00:00,1096.583,2718.036763,2364.5369660000006,2543.8819999999996
2023-09-20 20:00:00,1155.0259999999998,2885.088565,2500.16903,2577.4529999999995
2023-09-20 21:00:00,1121.051,2885.223999,2381.6846990000004,2568.456666
2023-09-20 22:00:00,998.9739999999999,2664.454964,2168.212064,2355.358166
2023-09-20 23:00:00,889.0219999999999,2344.199198,1878.025833,2069.951665
2023-09-21 00:00:00,757.14,2038.995997,1605.6227979999999,1722.8524989999999
2023-09-21 01:00:00,623.029,1815.3646970000002,1416.101764,1491.9715
2023-09-21 02:00:00,577.8009999999999,1627.041898,1273.2621629999999,1332.069
2023-09-21 03:00:00,545.803,1542.217397,1227.533397,1257.3545
2023-09-21 04:00:00,529.46,1530.183898,1186.8942000000002,1232.483
2023-09-21 05:00:00,528.1379999999999,1564.9968990000002,1274.122262,1265.1551670000001
2023-09-21 06:00:00,610.0070000000001,1733.3718000000001,1379.1320990000002,1418.933832
2023-09-21 07:00:00,748.351667,2022.475097,1655.311431,1715.926167
2023-09-21 08:00:00,906.570667,2230.5588989999997,1902.110098,2098.099333
2023-09-21 09:00:00,879.739333,2232.380799,1881.612399,2035.4748330000002
2023-09-21 10:00:00,811.104,2245.746099,1839.482098,1986.535
2023-09-21 11:00:00,813.032,2186.1173989999998,1823.3031310000001,1871.2755
2023-09-21 12:00:00,816.01,2103.0509979999997,1863.689097,1931.992334
2023-09-21 13:00:00,865.469,2121.308297,1878.774966,1879.9558339999999
2023-09-21 14:00:00,836.414,2158.2346000000002,1840.942396,1905.1645010000002
2023-09-21 15:00:00,837.594,2149.8471990000003,1853.732931,1863.524668
2023-09-21 16:00:00,876.1979999999999,2280.351631,1971.605133,1973.2656670000001
2023-09-21 17:00:00,995.9860000000001,2502.47593,2162.3816319999996,2139.030167
2023-09-21 18:00:00,1052.162,2721.2784,2312.668031,2359.3394989999997
2023-09-21 19:00:00,1103.749,2835.831397,2430.630763,2576.092834
2023-09-21 20:00:00,1149.1190000000001,2930.998299,2545.7999299999997,2655.862167
2023-09-21 21:00:00,1163.0720000000001,2925.914197,2489.28673,2587.9269990000003
2023-09-21 22:00:00,1013.275,2718.3881979999996,2256.421765,2430.461999
2023-09-21 23:00:00,871.8699999999999,2366.4013990000003,1980.768266,2070.002
2023-09-22 00:00:00,747.656,2011.5235969999999,1623.2184320000001,1778.394167
2023-09-22 01:00:00,653.576,1772.808297,1414.4793639999998,1504.902333
2023-09-22 02:00:00,592.402,1624.039099,1285.327966,1363.518999
2023-09-22 03:00:00,555.732,1526.3315969999999,1188.4552640000002,1254.663
2023-09-22 04:00:00,535.905,1482.633198,1158.0072300000002,1222.801
2023-09-22 05:00:00,545.345,1537.291198,1212.728132,1258.727666
2023-09-22 06:00:00,599.077,1667.901499,1293.711733,1357.998833
2023-09-22 07:00:00,695.275,1941.707966,1608.6669980000001,1652.404167
2023-09-22 08:00:00,862.839,2182.8401989999998,1838.9024329999997,1980.454167
2023-09-22 09:00:00,848.299,2192.933497,1877.395799,1960.7264999999998
2023-09-22 10:00:00,801.932,2213.307997,1876.243699,1965.4216660000002
2023-09-22 11:00:00,811.635,2166.441032,1829.6914980000001,1949.601666
2023-09-22 12:00:00,844.848,2205.6957970000003,1910.289167,1956.779833
2023-09-22 13:00:00,891.992,2224.5484969999998,1903.285597,1971.3118329999998
2023-09-22 14:00:00,941.806,2239.3048989999998,1950.024233,2023.025834
2023-09-22 15:00:00,903.385,2380.4145989999997,2035.975666,2082.570333
2023-09-22 16:00:00,958.942,2548.541796,2139.4180319999996,2168.776667
2023-09-22 17:00:00,1084.228,2701.368497,2420.865131,2372.147667
2023-09-22 18:00:00,1144.931,2846.854899,2547.3879640000005,2582.6026669999997
2023-09-22 19:00:00,1136.966,2927.4518980000003,2564.294996,2596.218333
2023-09-22 20:00:00,1100.028,2932.941299,2540.508663,2588.1719999999996
2023-09-22 21:00:00,1089.712,2854.9428989999997,2397.917464,2524.924333
2023-09-22 22:00:00,1005.2,2627.525098,2177.337765,2350.6628330000003
2023-09-22 23:00:00,884.0919999999999,2368.619698,1963.087965,2113.6136669999996
2023-09-23 00:00:00,774.66,2145.353798,1760.255431,1833.690167
2023-09-23 01:00:00,656.279,1863.0768659999999,1471.026762,1594.486167
2023-09-23 02:00:00,593.1610000000001,1663.905965,1347.1266640000001,1470.905166
2023-09-23 03:00:00,556.7049999999999,1556.795963,1240.265598,1378.5821660000001
2023-09-23 04:00:00,521.961,1509.453665,1178.707131,1294.6598330000002
2023-09-23 05:00:00,542.4259999999999,1525.045298,1177.951299,1248.285001
2023-09-23 06:00:00,545.913,1556.2516649999998,1198.441031,1290.161999
2023-09-23 07:00:00,622.605,1692.678566,1310.619833,1393.3128339999998
2023-09-23 08:00:00,740.9300000000001,1962.6394970000001,1555.025299,1689.498001
2023-09-23 09:00:00,858.979,2258.3117970000003,1838.5330319999998,2019.763001
2023-09-23 10:00:00,942.633,2429.010298,1964.9752310000001,2151.041
2023-09-23 11:00:00,962.537,2469.744597,2044.387101,2200.277332
2023-09-23 12:00:00,1008.885,2490.656165,2103.25173,2231.6925009999995
2023-09-23 13:00:00,1026.791,2527.497965,2140.672997,2274.302834
2023-09-23 14:00:00,1003.1970000000001,2478.712531,2106.551364,2208.061667
2023-09-23 15:00:00,943.125,2399.22933,2107.097965,2221.686334
2023-09-23 16:00:00,960.302,2500.0050659999997,2130.299164,2241.492
2023-09-23 17:00:00,994.77,2535.913867,2231.0447289999997,2358.9528339999997
2023-09-23 18:00:00,1072.567,2694.497896,2268.055698,2434.0561660000003
2023-09-23 19:00:00,1109.895,2763.378731,2343.056666,2527.032834
2023-09-23 20:00:00,1081.7510000000002,2742.3402969999997,2383.8704,2482.744667
2023-09-23 21:00:00,1044.8429999999998,2649.063296,2268.772599,2358.891667
2023-09-23 22:00:00,937.552,2566.603799,2085.505534,2215.2863340000004
2023-09-23 23:00:00,893.043,2364.257796,1857.080099,2012.745
2023-09-24 00:00:00,754.361,2018.304098,1667.774066,1797.771
2023-09-24 01:00:00,677.067,1816.8912990000001,1454.9773339999997,1545.824334
2023-09-24 02:00:00,614.386,1674.9090959999999,1328.7709630000002,1420.041334
2023-09-24 03:00:00,573.886,1565.6239,1240.047963,1316.847
2023-09-24 04:00:00,551.522,1508.539197,1176.2235340000002,1265.686
2023-09-24 05:00:00,529.1020000000001,1479.922597,1181.092999,1233.078
2023-09-24 06:00:00,535.254,1519.3431650000002,1194.013767,1280.920333
2023-09-24 07:00:00,588.216,1612.727833,1313.93793,1414.8456660000002
2023-09-24 08:00:00,694.18,1922.8332329999998,1578.870064,1673.365999
2023-09-24 09:00:00,860.143,2248.630031,1851.8516300000001,2000.1023329999998
2023-09-24 10:00:00,934.6030000000001,2605.2679980000003,2091.541699,2231.800999
2023-09-24 11:00:00,1035.9930000000002,2691.2471649999998,2248.2306630000003,2379.4480000000003
2023-09-24 12:00:00,1059.686,2752.190497,2353.437399,2480.918333
2023-09-24 13:00:00,1101.603,2796.003665,2440.8540980000002,2552.161333
2023-09-24 14:00:00,1135.2910000000002,2802.022831,2437.275033,2592.8686660000003
2023-09-24 15:00:00,1096.8929999999998,2821.0987649999997,2365.528331,2596.7073339999997
2023-09-24 16:00:00,1159.026,2863.020496,2427.274864,2594.595667
2023-09-24 17:00:00,1179.784,2998.336464,2533.4433649999996,2667.526333
2023-09-24 18:00:00,1179.364,3138.081664,2704.340999,2901.595334
2023-09-24 19:00:00,1259.8259999999998,3210.318631,2774.6922640000003,2964.862334
2023-09-24 20:00:00,1270.135,3257.239329,2793.8276640000004,2953.123667
2023-09-24 21:00:00,1171.2749999999999,3136.502998,2692.920664,2811.9566669999995
2023-09-24 22:00:00,1075.575,2801.087998,2369.837464,2513.820666
2023-09-24 23:00:00,914.0550000000001,2512.853698,2076.616833,2227.824001
2023-09-25 00:00:00,788.48,2089.939099,1763.662297,1781.284
2023-09-25 01:00:00,659.837,1830.675267,1506.104867,1551.826
2023-09-25 02:00:00,601.191,1660.6721320000001,1337.557531,1430.0756669999998
2023-09-25 03:00:00,553.9250000000001,1563.95243,1281.2820980000001,1321.7126670000002
2023-09-25 04:00:00,546.068,1554.4642979999999,1230.358431,1273.608667
2023-09-25 05:00:00,559.164,1613.1876309999998,1280.953367,1282.5720000000001
2023-09-25 06:00:00,635.143,1764.592098,1377.607397,1443.013
2023-09-25 07:00:00,730.827,2036.6340989999999,1666.900931,1734.216
2023-09-25 08:00:00,845.076,2180.9909989999996,1879.04403,2026.509
2023-09-25 09:00:00,867.0809999999999,2177.4581989999997,1927.3702329999999,2041.8600000000001
2023-09-25 10:00:00,858.535,2275.891531,1890.687131,2051.370333
2023-09-25 11:00:00,893.0079999999999,2291.637898,2003.311031,2026.0370000000003
2023-09-25 12:00:00,901.308,2437.357365,2062.411064,2097.904
2023-09-25 13:00:00,947.749,2443.2598660000003,2042.04273,2181.367
2023-09-25 14:00:00,939.075,2411.648865,2033.8928290000001,2126.47
2023-09-25 15:00:00,923.87,2444.763665,2072.362533,2127.586
2023-09-25 16:00:00,992.23,2557.624931,2226.7623649999996,2221.362
2023-09-25 17:00:00,1062.7939999999999,2782.736433,2401.236033,2422.453
2023-09-25 18:00:00,1159.889,2866.018732,2468.0975639999997,2654.1859999999997
2023-09-25 19:00:00,1269.0120000000002,2991.6188,2562.4116329999997,2758.7
2023-09-25 20:00:00,1313.544,3086.597865,2624.985831,2873.279
2023-09-25 21:00:00,1217.056,3023.169796,2540.757532,2731.862
2023-09-25 22:00:00,1050.666,2806.635629,2317.988698,2576.185
2023-09-25 23:00:00,924.569,2523.976297,1996.024365,2222.8419999999996
2023-09-26 00:00:00,753.808,2113.7965320000003,1681.891527,1852.7146659999999
2023-09-26 01:00:00,670.029,1822.297466,1435.502132,1560.26
2023-09-26 02:00:00,604.2940000000001,1673.572399,1338.462466,1412.544666
2023-09-26 03:00:00,591.7760000000001,1559.384497,1248.814366,1337.197667
2023-09-26 04:00:00,555.593,1530.073397,1213.327497,1295.6476670000002
2023-09-26 05:00:00,565.481,1579.590697,1321.6769640000002,1335.252333
2023-09-26 06:00:00,625.4549999999999,1758.203399,1454.187866,1475.533999
2023-09-26 07:00:00,735.027,2016.6,1701.5357979999999,1771.8116670000002
2023-09-26 08:00:00,917.3020000000001,2249.6881660000004,1865.915199,2116.9739990000003
2023-09-26 09:00:00,915.463,2224.063297,1878.3767639999999,2082.1613340000004
2023-09-26 10:00:00,890.712,2204.820396,1882.230731,2054.328
2023-09-26 11:00:00,867.396,2269.5664,1859.166264,2031.517667
2023-09-26 12:00:00,842.675,2205.954698,1931.217634,2028.532001
2023-09-26 13:00:00,878.4929999999999,2288.812898,1922.701065,2093.422332
2023-09-26 14:00:00,870.4180000000001,2244.7000980000003,1881.878732,2064.9889999999996
2023-09-26 15:00:00,882.057,2268.205199,1919.250463,2014.5076669999999
2023-09-26 16:00:00,863.533,2330.3673980000003,2016.039631,2090.706
2023-09-26 17:00:00,983.9770000000001,2528.407598,2170.7197319999996,2254.464
2023-09-26 18:00:00,1100.846,2702.717898,2325.2303629999997,2538.023
2023-09-26 19:00:00,1203.946,2865.799064,2524.881531,2768.8269999999998
2023-09-26 20:00:00,1236.491,3009.987497,2562.284798,2886.169
2023-09-26 21:00:00,1166.071,2960.382531,2507.697031,2674.962
2023-09-26 22:00:00,1010.4570000000001,2831.690299,2268.782067,2427.925667
2023-09-26 23:00:00,913.162,2412.067331,2002.665531,2172.03
2023-09-27 00:00:00,770.6099999999999,2120.5372310000002,1675.975933,1848.475
2023-09-27 01:00:00,634.825,1843.507263,1464.3371630000001,1582.612
2023-09-27 02:00:00,579.1783330000001,1652.725665,1328.838166,1406.8149999999998
2023-09-27 03:00:00,545.96,1582.014199,1233.0487640000001,1362.4923330000001
2023-09-27 04:00:00,538.249,1580.9342969999998,1231.082399,1336.2146659999999
2023-09-27 05:00:00,564.514,1610.385099,1300.535865,1390.24
2023-09-27 06:00:00,631.728,1759.717097,1418.7183,1499.139666
2023-09-27 07:00:00,750.592,1991.219198,1662.586999,1837.011
2023-09-27 08:00:00,887.5129999999999,2303.5609990000003,1909.2826989999999,2051.236
2023-09-27 09:00:00,851.8230000000001,2301.1709979999996,1948.04223,2065.3849999999998
2023-09-27 10:00:00,850.521,2293.3598,1935.5051640000001,1990.0819999999999
2023-09-27 11:00:00,841.0360000000001,2272.093898,1904.2207310000001,2003.3629999999998
2023-09-27 12:00:00,820.009,2295.602666,1948.940731,2017.041334
2023-09-27 13:00:00,822.271,2299.642597,1952.664631,2003.784001
2023-09-27 14:00:00,832.5600000000001,2279.8181649999997,1954.286031,2090.188333
2023-09-27 15:00:00,857.8829999999999,2226.565398,1999.958931,2016.684
2023-09-27 16:00:00,901.748,2448.675064,2064.886833,2128.103333
2023-09-27 17:00:00,984.783333,2631.545164,2202.777265,2308.575333
2023-09-27 18:00:00,1056.670336,2786.913193,2381.864034,2559.767336
2023-09-27 19:00:00,1174.166001,2934.090735,2480.0046760000005,2699.2733399999997
2023-09-27 20:00:00,1258.8186660000001,3075.5449980000003,2601.617194,2765.380335
2023-09-27 21:00:00,1234.6940009999998,2955.3741,2607.538635,2653.024664
2023-09-27 22:00:00,1061.3120000000001,2814.535332,2317.745701,2441.0199999999995
2023-09-27 23:00:00,897.634,2454.353064,2003.5979969999999,2173.469
2023-09-28 00:00:00,758.203,2077.96853,1728.295531,1818.5330000000001
2023-09-28 01:00:00,640.636,1784.6156999999998,1461.240766,1593.058
2023-09-28 02:00:00,590.4580000000001,1651.2653990000001,1346.6697319999998,1433.402
2023-09-28 03:00:00,557.7139999999999,1566.104831,1275.2027640000001,1352.433
2023-09-28 04:00:00,551.2739999999999,1532.229467,1271.098133,1359.365
2023-09-28 05:00:00,559.8520000000001,1579.6718970000002,1315.319397,1341.2946670000001
2023-09-28 06:00:00,621.033,1799.889998,1435.617301,1488.529667
2023-09-28 07:00:00,763.919,2044.144399,1733.458497,1804.966
2023-09-28 08:00:00,854.588,2243.876899,1911.665496,2125.3266670000003
2023-09-28 09:00:00,879.043,2277.138298,1952.844632,2113.688
2023-09-28 10:00:00,894.219,2279.572463,1953.310697,2136.394
2023-09-28 11:00:00,894.134,2266.1171649999997,1946.0301990000003,2045.940666
2023-09-28 12:00:00,868.6700000000001,2267.281399,1915.263998,2015.7336669999997
2023-09-28 13:00:00,835.04,2239.330999,1933.5866990000002,2029.3303339999998
2023-09-28 14:00:00,794.943,2194.6293990000004,1866.304698,1994.274
2023-09-28 15:00:00,837.7339999999999,2214.580997,1861.0174310000002,1969.835
2023-09-28 16:00:00,860.126,2363.603297,1976.8969,1963.789
2023-09-28 17:00:00,977.048,2576.5076,2194.294699,2270.2870000000003
2023-09-28 18:00:00,1089.4859999999999,2788.608097,2382.22063,2495.733
2023-09-28 19:00:00,1165.593,2929.999498,2512.30113,2662.419
2023-09-28 20:00:00,1187.144,2953.709999,2573.130431,2665.9550000000004
2023-09-28 21:00:00,1116.192,2961.647,2490.649764,2575.653
2023-09-28 22:00:00,1023.3969999999999,2718.886996,2259.9148320000004,2462.8900000000003
2023-09-28 23:00:00,896.992,2333.381797,1946.6565289999999,2098.1040000000003
2023-09-29 00:00:00,758.537,2052.6332979999997,1724.9980329999999,1764.83
2023-09-29 01:00:00,654.848,1829.856299,1447.491932,1511.3156669999998
2023-09-29 02:00:00,586.1270000000001,1646.1458969999999,1318.399963,1371.257334
2023-09-29 03:00:00,558.7470000000001,1574.173531,1228.140697,1322.767999
2023-09-29 04:00:00,536.11,1553.927099,1225.964531,1295.4813330000002
2023-09-29 05:00:00,535.2460000000001,1589.881597,1311.845096,1324.025999
2023-09-29 06:00:00,606.249,1736.2199979999998,1394.0078669999998,1450.569001
2023-09-29 07:00:00,746.4000000000001,1986.3718979999999,1711.963863,1762.891666
2023-09-29 08:00:00,872.742,2287.9386970000005,1869.466764,2123.400667
2023-09-29 09:00:00,885.369,2288.248596,1954.513198,2138.5426669999997
2023-09-29 10:00:00,874.029,2323.9814989999995,1972.898932,2123.806333
2023-09-29 11:00:00,890.5749999999999,2289.504798,1961.974899,2104.280333
2023-09-29 12:00:00,898.583,2285.824497,1997.980533,2093.629667
2023-09-29 13:00:00,936.499,2354.368397,2069.696932,2115.0666680000004
2023-09-29 14:00:00,925.135,2372.1443980000004,2068.967065,2112.81
2023-09-29 15:00:00,881.676,2341.018431,2054.9268,2151.888666
2023-09-29 16:00:00,903.7719999999999,2406.4586999999997,2125.045231,2180.544666
2023-09-29 17:00:00,957.351,2564.871763,2255.8197659999996,2346.311666
2023-09-29 18:00:00,1072.857,2863.036696,2374.4067320000004,2537.1820020000005
2023-09-29 19:00:00,1092.201,2925.813999,2589.136398,2613.5633340000004
2023-09-29 20:00:00,1161.6109999999999,2892.828966,2452.2275959999997,2558.0326670000004
2023-09-29 21:00:00,1071.995,2816.7048640000003,2394.0122659999997,2458.616334
2023-09-29 22:00:00,1000.605,2640.51043,2121.646063,2395.21
2023-09-29 23:00:00,885.825,2388.126131,2029.209665,2186.205
2023-09-30 00:00:00,775.202,2178.597998,1756.569332,1928.5223330000001
2023-09-30 01:00:00,660.41,1936.515165,1548.62543,1650.061001
2023-09-30 02:00:00,626.702,1788.5575979999999,1420.046665,1503.562
2023-09-30 03:00:00,590.9179999999999,1682.100033,1350.9890970000001,1374.815333
2023-09-30 04:00:00,560.617,1654.8329979999999,1290.4293969999999,1371.1109999999999
2023-09-30 05:00:00,575.734,1674.080598,1308.099499,1383.375
2023-09-30 06:00:00,593.0,1717.887464,1353.577864,1436.037667
2023-09-30 07:00:00,673.5310000000001,1870.408431,1504.7868640000002,1636.435334
2023-09-30 08:00:00,819.7959999999999,2225.84593,1816.46883,1998.7456659999998
2023-09-30 09:00:00,944.3,2533.224265,2148.328166,2251.642333
2023-09-30 10:00:00,1018.9099999999999,2728.143599,2239.6602300000004,2371.9033329999997
2023-09-30 11:00:00,1021.385,2785.0087320000002,2295.16723,2395.792667
2023-09-30 12:00:00,1073.1219999999998,2724.259698,2345.632932,2371.200667
2023-09-30 13:00:00,1021.9110000000001,2663.020032,2286.345031,2329.235665
2023-09-30 14:00:00,987.673,2653.872666,2187.602097,2312.954
2023-09-30 15:00:00,983.365,2552.968199,2177.595598,2237.854
2023-09-30 16:00:00,990.386,2560.6292,2252.707198,2244.779
2023-09-30 17:00:00,994.384,2590.559298,2278.457362,2303.0463330000002
2023-09-30 18:00:00,1071.824,2684.4225969999998,2360.4377969999996,2461.6676669999997
2023-09-30 19:00:00,1133.6979999999999,2703.8873000000003,2282.275932,2528.200667
2023-09-30 20:00:00,1154.4070000000002,2744.387498,2395.740433,2532.498667
2023-09-30 21:00:00,1099.4650000000001,2750.173298,2390.077765,2458.878667
2023-09-30 22:00:00,962.778,2625.536996,2213.810598,2281.285
2023-09-30 23:00:00,900.455,2450.2359989999995,2022.03413,2074.692
2023-10-01 00:00:00,818.1700000000001,2183.421365,1823.1259330000003,1855.0900000000001
2023-10-01 01:00:00,714.196,1977.799799,1607.197033,1655.6909999999998
2023-10-01 02:00:00,614.619,1779.207098,1517.627998,1497.143
2023-10-01 03:00:00,570.9259999999999,1679.213699,1402.316629,1399.038
2023-10-01 04:00:00,563.883,1661.6644970000002,1374.203432,1369.400666
2023-10-01 05:00:00,577.3689999999999,1685.627199,1380.122632,1365.017667
2023-10-01 06:00:00,606.722,1780.936897,1420.792031,1450.269333
2023-10-01 07:00:00,675.736,1955.949097,1582.8219980000001,1678.6929999999998
2023-10-01 08:00:00,809.5690000000001,2289.373997,1891.841833,1968.121
2023-10-01 09:00:00,958.6419999999999,2584.158997,2231.559196,2255.0826669999997
2023-10-01 10:00:00,1034.624,2825.937097,2349.560965,2450.158
2023-10-01 11:00:00,1065.598,2821.9306640000004,2420.082664,2501.092
2023-10-01 12:00:00,1072.0710000000001,2851.8146,2395.191197,2474.363
2023-10-01 13:00:00,1026.8,2770.800664,2317.3437989999998,2467.344
2023-10-01 14:00:00,1023.2239999999999,2776.64343,2274.974732,2450.599
2023-10-01 15:00:00,988.0029999999999,2729.514397,2248.9828289999996,2419.0699999999997
2023-10-01 16:00:00,1016.586,2726.8811969999997,2333.590533,2400.4809999999998
2023-10-01 17:00:00,1053.497,2820.707097,2433.402133,2519.2300000000005
2023-10-01 18:00:00,1187.259,2904.985898,2425.475201,2721.9009990000004
2023-10-01 19:00:00,1245.29,3001.964197,2620.363765,2874.7330009999996
2023-10-01 20:00:00,1326.437,3247.162098,2771.8018620000003,2912.3233330000003
2023-10-01 21:00:00,1135.422,3069.202297,2610.751733,2782.635
2023-10-01 22:00:00,1068.771,2883.0054969999997,2370.379329,2565.062
2023-10-01 23:00:00,937.941,2512.192896,2062.677666,2200.161334
2023-10-02 00:00:00,773.2950000000001,2142.8245669999997,1753.855666,1847.4460000000001
2023-10-02 01:00:00,670.512,1873.0897989999999,1541.414163,1623.8473330000002
2023-10-02 02:00:00,593.085,1692.6961959999999,1409.818599,1420.239
2023-10-02 03:00:00,556.7130000000001,1629.638564,1290.476596,1362.188667
2023-10-02 04:00:00,550.1510000000001,1575.713832,1290.2929659999998,1352.37
2023-10-02 05:00:00,548.954,1662.996966,1353.046065,1335.606334
2023-10-02 06:00:00,638.398,1802.883898,1447.1661629999999,1537.9826659999999
2023-10-02 07:00:00,789.277,2127.1900969999997,1749.9301289999999,1927.065
2023-10-02 08:00:00,925.5250000000001,2396.4773990000003,1985.283566,2188.170666
2023-10-02 09:00:00,903.481,2404.054898,2002.200963,2166.224333
2023-10-02 10:00:00,942.544,2393.5594309999997,2022.185998,2160.1493330000003
2023-10-02 11:00:00,903.762,2402.691332,2064.688497,2213.695334
2023-10-02 12:00:00,921.287,2406.425865,2106.9051950000003,2233.063668
2023-10-02 13:00:00,957.573,2548.913463,2189.067266,2243.1006660000003
2023-10-02 14:00:00,945.5500000000001,2478.542966,2131.15523,2262.041
2023-10-02 15:00:00,960.059,2475.1326639999997,2230.912832,2208.16
2023-10-02 16:00:00,1023.4440000000001,2582.169331,2248.967665,2272.471999
2023-10-02 17:00:00,1134.9989999999998,2913.037531,2513.206732,2491.6823329999997
2023-10-02 18:00:00,1241.9,3229.362731,2688.684166,2910.600333
2023-10-02 19:00:00,1378.893,3323.4841640000004,2853.9138629999998,3058.596
2023-10-02 20:00:00,1311.908,3224.2634660000003,2833.079665,3063.635
2023-10-02 21:00:00,1196.587,3081.1583980000005,2626.6638660000003,2823.084666
2023-10-02 22:00:00,1079.7199999999998,2951.0618320000003,2311.995632,2550.541333
2023-10-02 23:00:00,947.128,2572.466799,2037.2545340000001,2227.002
2023-10-03 00:00:00,770.2620000000001,2173.689131,1740.172298,1902.492
2023-10-03 01:00:00,665.633,1906.8420660000002,1532.792929,1632.927
2023-10-03 02:00:00,613.842,1723.152599,1370.3525980000002,1482.469
2023-10-03 03:00:00,575.7660000000001,1638.180131,1305.884831,1389.896
2023-10-03 04:00:00,564.0740000000001,1606.1324319999999,1253.7530310000002,1340.131666
2023-10-03 05:00:00,581.9639999999999,1647.906497,1358.606063,1370.2540020000001
2023-10-03 06:00:00,629.5440000000001,1780.329797,1502.7593980000001,1528.011667
2023-10-03 07:00:00,784.3499999999999,2037.9932959999999,1745.072165,1840.466
2023-10-03 08:00:00,921.742,2245.707998,1946.920865,2122.496
2023-10-03 09:00:00,906.94,2229.708898,1925.794364,2129.75
2023-10-03 10:00:00,932.7819999999999,2293.828197,1875.404297,2042.869
2023-10-03 11:00:00,915.405,2280.557098,1874.79973,2056.563333
2023-10-03 12:00:00,881.51,2260.9421,1900.8926649999999,2042.5383339999998
2023-10-03 13:00:00,894.471,2313.809797,1990.3434969999998,2084.719999
2023-10-03 14:00:00,889.2610000000001,2283.558332,1947.9277650000001,2022.9499990000002
2023-10-03 15:00:00,842.447,2264.495765,1852.273796,1958.623667
2023-10-03 16:00:00,872.537,2355.020031,1939.7237649999997,2031.9229989999997
2023-10-03 17:00:00,985.4489999999998,2566.930866,2095.600899,2192.2456660000003
2023-10-03 18:00:00,1134.507,2804.548032,2271.7553989999997,2507.785
2023-10-03 19:00:00,1217.5790000000002,2963.267597,2512.3587319999997,2677.998
2023-10-03 20:00:00,1266.778,3002.337296,2587.317502,2755.1279999999997
2023-10-03 21:00:00,1156.623,3067.297498,2562.969297,2676.495
2023-10-03 22:00:00,1078.813,2742.7967980000003,2320.5269319999998,2459.914
2023-10-03 23:00:00,965.201,2447.332399,2053.979932,2139.663
2023-10-04 00:00:00,771.8319999999999,2116.1242979999997,1725.725764,1832.438
2023-10-04 01:00:00,662.5360000000001,1856.321665,1496.636799,1591.4586669999999
2023-10-04 02:00:00,620.393,1678.476967,1371.226429,1446.6116660000002
2023-10-04 03:00:00,587.962,1607.5393639999998,1286.116997,1376.1899990000002
2023-10-04 04:00:00,561.606,1585.0816989999998,1283.066764,1355.9526660000001
2023-10-04 05:00:00,601.276,1656.9206319999998,1385.296499,1378.645333
2023-10-04 06:00:00,660.976,1847.316065,1506.07393,1544.2016669999998
2023-10-04 07:00:00,781.0600000000001,2091.892566,1734.024231,1910.044334
2023-10-04 08:00:00,905.104,2370.4097970000003,1994.460966,2175.605
2023-10-04 09:00:00,930.887,2361.828332,2058.3148979999996,2205.35
2023-10-04 10:00:00,914.8389999999999,2357.8548659999997,2023.05863,2245.559
2023-10-04 11:00:00,921.558,2330.703197,1999.3806330000002,2203.146
2023-10-04 12:00:00,884.502,2331.099198,2071.837498,2144.326
2023-10-04 13:00:00,910.299,2348.272731,2029.500164,2179.391
2023-10-04 14:00:00,900.8090000000001,2309.584398,1916.127599,2112.152
2023-10-04 15:00:00,850.669,2301.642799,1899.4138619999999,1982.895
2023-10-04 16:00:00,883.113,2373.789399,2009.8939990000001,2073.8460000000005
2023-10-04 17:00:00,965.2059999999999,2590.69513,2159.4259979999997,2214.469333
2023-10-04 18:00:00,1073.5320000000002,2808.9300319999998,2343.6373959999996,2455.182
2023-10-04 19:00:00,1157.6709999999998,2920.929766,2472.43953,2668.152334
2023-10-04 20:00:00,1201.011,2996.993598,2514.6292000000003,2812.5620010000002
2023-10-04 21:00:00,1150.461,2947.5807670000004,2539.3437679999997,2685.259333
2023-10-04 22:00:00,1072.454,2829.97033,2304.5720309999997,2520.373666
2023-10-04 23:00:00,913.4649999999999,2457.254065,1982.429897,2103.277333
2023-10-05 00:00:00,738.681,2157.0512660000004,1738.6774329999998,1838.041
2023-10-05 01:00:00,685.5260000000001,1927.078898,1541.2259000000001,1609.718667
2023-10-05 02:00:00,600.354,1727.7874980000001,1387.868868,1472.9540000000002
2023-10-05 03:00:00,569.19,1689.1168980000002,1304.3469,1381.2983330000002
2023-10-05 04:00:00,569.512,1643.604498,1287.9028309999999,1327.702
2023-10-05 05:00:00,596.5229999999999,1703.252798,1398.8070300000002,1361.8739999999998
2023-10-05 06:00:00,647.599,1882.630299,1509.412297,1520.857
2023-10-05 07:00:00,771.852,2117.7029979999998,1736.173365,1893.188
2023-10-05 08:00:00,892.1610000000001,2321.557167,1976.069997,2148.359
2023-10-05 09:00:00,896.537,2334.2929980000004,2008.3602300000002,2134.5736660000002
2023-10-05 10:00:00,882.366,2345.270232,1953.635965,2111.0826660000002
2023-10-05 11:00:00,864.182,2281.9422999999997,1899.774032,2064.928
2023-10-05 12:00:00,872.175,2231.616165,1923.9263319999998,2035.6386670000002
2023-10-05 13:00:00,853.043,2237.504398,1921.799267,2059.534999
2023-10-05 14:00:00,868.001,2264.033597,1933.63063,1935.900334
2023-10-05 15:00:00,886.127,2193.534963,1878.558931,1938.312
2023-10-05 16:00:00,908.505,2300.777897,1951.8900669999998,2028.7440000000001
2023-10-05 17:00:00,1009.3230000000001,2589.630732,2257.222432,2230.192
2023-10-05 18:00:00,1110.1419999999998,2819.627067,2484.215531,2522.236
2023-10-05 19:00:00,1236.855,2992.259898,2584.7901979999997,2668.1400000000003
2023-10-05 20:00:00,1249.741,3084.250698,2639.286898,2770.724667
2023-10-05 21:00:00,1185.613,2984.123499,2565.081966,2669.3050000000003
2023-10-05 22:00:00,1086.944,2761.3392969999995,2360.910564,2452.721
2023-10-05 23:00:00,911.265,2503.4603989999996,2084.5833650000004,2091.145
2023-10-06 00:00:00,779.539,2100.780598,1815.273732,1844.5030000000002
2023-10-06 01:00:00,683.968,1783.1465970000002,1509.184031,1588.1399999999999
2023-10-06 02:00:00,626.682,1617.409299,1366.2478649999998,1436.578
2023-10-06 03:00:00,591.5830000000001,1529.4315960000001,1255.358866,1338.7939999999999
2023-10-06 04:00:00,540.991,1497.306598,1235.284599,1280.209
2023-10-06 05:00:00,554.363,1543.524199,1277.183431,1280.6219999999998
2023-10-06 06:00:00,615.7940000000001,1707.996397,1334.6714650000001,1379.9030000000002
2023-10-06 07:00:00,751.229,1905.7558639999997,1537.147697,1651.263001
2023-10-06 08:00:00,811.065,2120.4525300000005,1709.5455980000002,1974.3496679999998
2023-10-06 09:00:00,840.434,2165.208699,1842.532166,2062.533
2023-10-06 10:00:00,846.268,2213.001965,1855.903565,2012.143333
2023-10-06 11:00:00,880.1580000000001,2266.921999,1942.8703320000002,2046.590333
2023-10-06 12:00:00,959.595,2362.8637980000003,2041.2556630000001,2092.5596670000004
2023-10-06 13:00:00,1002.165,2459.650965,2135.801164,2135.709
2023-10-06 14:00:00,1025.852,2572.789164,2185.5356300000003,2195.543
2023-10-06 15:00:00,1026.56,2699.033531,2331.9375990000003,2355.568
2023-10-06 16:00:00,1100.0259999999998,2852.805798,2498.4110309999996,2444.728
2023-10-06 17:00:00,1184.176,3074.885399,2649.633499,2641.169
2023-10-06 18:00:00,1273.9460000000001,3147.631264,2760.74223,2723.691
2023-10-06 19:00:00,1284.717,3136.674597,2730.255632,2788.828
2023-10-06 20:00:00,1277.753,3137.314664,2679.235665,2782.58
2023-10-06 21:00:00,1214.841,2987.892566,2512.964865,2705.195
2023-10-06 22:00:00,1080.925,2777.797332,2324.818365,2516.21
2023-10-06 23:00:00,970.893,2522.18423,2062.1825980000003,2259.995
2023-10-07 00:00:00,843.524,2241.389299,1858.040165,2082.19
2023-10-07 01:00:00,724.409,1989.716065,1633.7631310000002,1722.1309999999999
2023-10-07 02:00:00,658.175,1822.344197,1498.2038309999998,1603.616667
2023-10-07 03:00:00,603.988,1670.266529,1389.583033,1451.802
2023-10-07 04:00:00,566.905,1610.7988639999999,1275.561099,1366.962333
2023-10-07 05:00:00,557.6510000000001,1564.9142299999999,1270.742131,1346.207
2023-10-07 06:00:00,564.385,1623.7510659999998,1267.9860640000002,1354.936667
2023-10-07 07:00:00,655.462,1676.692431,1361.823463,1448.994
2023-10-07 08:00:00,760.74,1978.7641979999999,1620.020998,1764.1589999999999
2023-10-07 09:00:00,900.168,2250.885498,1905.9862309999999,2092.286
2023-10-07 10:00:00,1036.512,2424.312465,2106.70403,2236.734
2023-10-07 11:00:00,1035.105,2622.865799,2270.6850969999996,2434.9550000000004
2023-10-07 12:00:00,1093.3590000000002,2765.9518319999997,2363.888265,2543.272
2023-10-07 13:00:00,1182.5950000000003,2903.930564,2441.750799,2645.746
2023-10-07 14:00:00,1267.149,3080.8648670000002,2522.230732,2725.219
2023-10-07 15:00:00,1343.105,3124.1763979999996,2656.486366,2800.728
2023-10-07 16:00:00,1352.782,3274.0551960000003,2804.257898,2910.08
2023-10-07 17:00:00,1395.459,3373.4370980000003,2938.589196,3025.657
2023-10-07 18:00:00,1412.9499999999998,3467.740898,2894.635597,3046.384
2023-10-07 19:00:00,1429.9279999999999,3387.8803989999997,2907.09353,3117.673
2023-10-07 20:00:00,1364.469,3310.211397,2839.678664,3100.4840000000004
2023-10-07 21:00:00,1213.97,3142.693596,2674.5488960000002,2885.5033329999997
2023-10-07 22:00:00,1107.6329999999998,2935.241398,2432.317864,2626.162668
2023-10-07 23:00:00,1001.671,2617.495199,2163.293032,2359.197333
2023-10-08 00:00:00,871.341,2330.461699,1881.956699,2038.287
2023-10-08 01:00:00,777.392,1996.2771970000001,1630.701698,1732.625
2023-10-08 02:00:00,672.716,1816.075565,1421.793432,1586.974667
2023-10-08 03:00:00,603.6579999999999,1688.8501649999998,1328.955064,1435.1003329999999
2023-10-08 04:00:00,561.851,1617.649132,1222.68873,1373.1
2023-10-08 05:00:00,543.739,1549.462898,1186.682865,1322.005667
2023-10-08 06:00:00,562.003,1565.239099,1213.317163,1337.869667
2023-10-08 07:00:00,604.448,1659.721131,1322.82303,1446.045333
2023-10-08 08:00:00,703.402,1908.259298,1598.682034,1692.597
2023-10-08 09:00:00,882.386,2222.620597,1921.438668,2011.384
2023-10-08 10:00:00,947.305,2430.499663,2107.767331,2218.9536669999998
2023-10-08 11:00:00,1092.35,2641.697932,2229.425064,2303.54
2023-10-08 12:00:00,1121.886,2740.5890659999995,2315.953032,2464.6539999999995
2023-10-08 13:00:00,1115.24,2800.613101,2361.6441649999997,2507.496
2023-10-08 14:00:00,1144.471,2889.754065,2465.730198,2605.988
2023-10-08 15:00:00,1190.583,3004.865365,2577.6757319999997,2692.7380000000003
2023-10-08 16:00:00,1274.478,3086.526898,2695.9801639999996,2851.456
2023-10-08 17:00:00,1308.765,3283.4472320000004,2813.826132,2994.528
2023-10-08 18:00:00,1411.28,3387.900497,2933.113234,3163.053
2023-10-08 19:00:00,1441.908,3437.118064,3014.610933,3238.7560000000003
2023-10-08 20:00:00,1473.929,3460.0365340000003,3000.1404979999998,3191.6090000000004
2023-10-08 21:00:00,1302.066,3267.7982979999997,2760.2989639999996,2964.264
2023-10-08 22:00:00,1227.8470000000002,2897.0260639999997,2503.2865979999997,2654.7039999999997
2023-10-08 23:00:00,1018.0840000000001,2526.182901,2129.1954320000004,2280.163
2023-10-09 00:00:00,834.536,2159.333397,1761.7036979999998,1966.8400000000001
2023-10-09 01:00:00,742.49,1884.5715650000002,1552.8872650000003,1643.96
2023-10-09 02:00:00,657.7860000000001,1632.769632,1371.6239970000001,1485.402
2023-10-09 03:00:00,589.595,1531.234797,1257.516798,1390.0490000000002
2023-10-09 04:00:00,557.559,1459.201731,1213.7548299999999,1311.719
2023-10-09 05:00:00,550.948,1512.9229300000002,1261.1375629999998,1292.019
2023-10-09 06:00:00,590.4770000000001,1671.130799,1362.7405310000001,1429.0660000000003
2023-10-09 07:00:00,705.2839999999999,1888.354397,1534.5338649999999,1708.559
2023-10-09 08:00:00,837.181,2096.124198,1761.965931,1989.781
2023-10-09 09:00:00,837.173,2124.6912979999997,1864.307965,2017.0339999999999
2023-10-09 10:00:00,850.674,2220.024799,1838.901064,1993.118333
2023-10-09 11:00:00,832.6310000000001,2216.810498,1858.671199,2011.335
2023-10-09 12:00:00,932.31,2258.858099,1962.6435969999998,2054.6279999999997
2023-10-09 13:00:00,953.302,2338.568497,1925.945596,2154.437
2023-10-09 14:00:00,971.6550000000001,2385.121897,1997.4497,2133.648667
2023-10-09 15:00:00,920.305,2309.991498,1984.6866989999999,2150.1406660000002
2023-10-09 16:00:00,965.7170000000001,2484.684297,2048.527897,2181.745333
2023-10-09 17:00:00,1028.6729999999998,2843.101796,2339.287531,2420.8240000000005
2023-10-09 18:00:00,1165.857,2926.849898,2501.347399,2637.1629999999996
2023-10-09 19:00:00,1295.54,3002.444197,2597.7692979999997,2830.1240000000003
2023-10-09 20:00:00,1280.461,3144.409799,2615.636797,2820.2250000000004
2023-10-09 21:00:00,1156.667,2977.9044329999997,2474.380497,2667.987
2023-10-09 22:00:00,1025.95,2692.755198,2272.035498,2370.4669999999996
2023-10-09 23:00:00,902.316,2392.0366299999996,1939.890196,2098.0910000000003
2023-10-10 00:00:00,748.786,2082.4803,1672.0784990000002,1811.757
2023-10-10 01:00:00,654.643,1767.996765,1448.403699,1538.0320000000002
2023-10-10 02:00:00,588.397,1647.948397,1366.459265,1408.547
2023-10-10 03:00:00,541.1790000000001,1548.930131,1236.653397,1332.257
2023-10-10 04:00:00,554.3489999999999,1496.420631,1229.110197,1295.6296670000002
2023-10-10 05:00:00,567.453,1590.3798310000002,1327.4076960000002,1324.5043329999999
2023-10-10 06:00:00,606.529,1707.012332,1433.491964,1473.472
2023-10-10 07:00:00,742.669,2038.931497,1689.483997,1814.514
2023-10-10 08:00:00,923.768,2258.306898,1893.2489990000001,2093.34
2023-10-10 09:00:00,918.566,2297.119765,1897.2652659999999,2086.076
2023-10-10 10:00:00,878.539,2305.353964,1871.8129000000001,2055.757
2023-10-10 11:00:00,885.424,2334.99963,1921.9451320000003,2146.766
2023-10-10 12:00:00,874.1289999999999,2325.401598,1959.784132,2132.0733330000003
2023-10-10 13:00:00,875.7539999999999,2352.6670990000002,1996.8917660000002,2184.303666
2023-10-10 14:00:00,898.7549999999999,2355.4538000000002,1958.396467,2156.562666
2023-10-10 15:00:00,874.2760000000001,2242.1444979999997,1967.3148309999997,2106.964
2023-10-10 16:00:00,921.802,2336.3528,2078.0644620000003,2131.638332
2023-10-10 17:00:00,984.4309999999999,2656.610099,2247.136534,2390.545333
2023-10-10 18:00:00,1190.719,2931.354598,2485.036231,2632.300666
2023-10-10 19:00:00,1276.834,3170.6879989999998,2703.434497,2847.578666
2023-10-10 20:00:00,1229.596,3174.255498,2760.753766,2887.741332
2023-10-10 21:00:00,1143.608,3117.481997,2653.571531,2706.7096659999997
2023-10-10 22:00:00,1051.1779999999999,2845.358599,2329.878366,2477.716332
2023-10-10 23:00:00,916.956,2501.351498,2082.153566,2188.931667
2023-10-11 00:00:00,780.2370000000001,2185.428898,1828.400365,1900.635667
2023-10-11 01:00:00,692.485,1937.1494969999999,1610.794633,1645.871667
2023-10-11 02:00:00,646.2149999999999,1773.970797,1419.0926650000001,1524.312668
2023-10-11 03:00:00,585.55,1698.123099,1362.9775650000001,1415.507334
2023-10-11 04:00:00,584.934,1666.571598,1325.156798,1391.6716660000002
2023-10-11 05:00:00,610.1320000000001,1701.5871319999999,1402.8446979999999,1448.455668
2023-10-11 06:00:00,662.818,1874.10813,1525.59803,1597.1623330000002
2023-10-11 07:00:00,815.346,2131.652965,1771.918764,1891.121333
2023-10-11 08:00:00,894.04,2392.5750660000003,1988.480132,2257.208667
2023-10-11 09:00:00,951.081,2459.058165,2134.5954979999997,2249.142
2023-10-11 10:00:00,952.566,2461.084797,2131.993863,2237.0123320000002
2023-10-11 11:00:00,965.186,2415.66673,2116.8581329999997,2271.621
2023-10-11 12:00:00,945.046,2392.8172329999998,2113.544633,2228.883001
2023-10-11 13:00:00,953.7280000000001,2399.743997,2062.579965,2193.748666
2023-10-11 14:00:00,923.124,2389.196898,2043.057232,2188.187667
2023-10-11 15:00:00,918.082,2370.1577650000004,1985.5715989999999,2088.715667
2023-10-11 16:00:00,906.77,2468.8718980000003,2145.0915640000003,2221.044667
2023-10-11 17:00:00,974.1600000000001,2722.228199,2332.9598319999996,2411.965666
2023-10-11 18:00:00,1098.3790000000001,2926.104499,2531.0078620000004,2605.236667
2023-10-11 19:00:00,1189.036,2970.104499,2671.414565,2804.1616679999997
2023-10-11 20:00:00,1258.615,3102.201698,2703.284131,2867.781668
2023-10-11 21:00:00,1191.9279999999999,3059.386864,2599.403898,2677.525333
2023-10-11 22:00:00,1060.135,2829.759029,2335.5752979999997,2534.662666
2023-10-11 23:00:00,924.7139999999999,2528.239532,2078.718267,2227.630333
2023-10-12 00:00:00,785.441,2138.1801299999997,1784.9877979999999,1895.8883340000002
2023-10-12 01:00:00,650.137,1926.2053999999998,1570.067166,1633.262
2023-10-12 02:00:00,593.619,1748.2984310000002,1401.40723,1485.742333
2023-10-12 03:00:00,576.0219999999999,1679.886665,1333.4474650000002,1438.047
2023-10-12 04:00:00,563.777,1667.771199,1281.3518310000002,1408.205334
2023-10-12 05:00:00,613.9200000000001,1675.218098,1381.9269630000001,1399.532333
2023-10-12 06:00:00,647.517,1853.766165,1525.700962,1607.884333
2023-10-12 07:00:00,767.125,2126.8553330000004,1762.087298,1909.325333
2023-10-12 08:00:00,912.89,2291.480831,2003.9125290000002,2207.175
2023-10-12 09:00:00,932.75,2363.7397339999998,1999.1372629999998,2247.304001
2023-10-12 10:00:00,887.2180000000001,2368.0212,1978.6885980000002,2202.643
2023-10-12 11:00:00,881.547,2276.9206649999996,1953.7323310000002,2063.667
2023-10-12 12:00:00,902.7239999999999,2297.738632,1974.579363,2056.107
2023-10-12 13:00:00,876.38,2202.202699,1918.2609969999999,2039.703
2023-10-12 14:00:00,822.6890000000001,2116.482566,1920.5216970000001,1982.776667
2023-10-12 15:00:00,816.767,2118.738098,1818.6122639999999,1910.679333
2023-10-12 16:00:00,843.9110000000001,2295.2139979999997,1908.6688,1994.1690010000002
2023-10-12 17:00:00,923.201,2493.978164,2063.956132,2155.928
2023-10-12 18:00:00,1097.735,2684.6373649999996,2304.476064,2398.732
2023-10-12 19:00:00,1174.712,2926.048598,2486.257699,2638.464
2023-10-12 20:00:00,1224.8090000000002,2943.320797,2558.6171969999996,2716.629667
2023-10-12 21:00:00,1115.6586670000002,2915.048098,2552.337598,2535.424
2023-10-12 22:00:00,1014.8520000000001,2706.618829,2369.111699,2396.633333
2023-10-12 23:00:00,926.9300000000001,2483.15963,1984.997833,2167.6310000000003
2023-10-13 00:00:00,781.6080000000001,2144.317998,1700.252999,1908.107
2023-10-13 01:00:00,658.6220000000001,1902.246767,1508.698698,1620.247
2023-10-13 02:00:00,578.0619999999999,1716.952165,1414.3412309999999,1408.3796670000002
2023-10-13 03:00:00,536.7460000000001,1637.3222660000001,1314.1732650000001,1364.6963340000002
2023-10-13 04:00:00,540.993,1587.326099,1352.356198,1304.465667
2023-10-13 05:00:00,558.922,1629.990729,1366.1395000000002,1338.975
2023-10-13 06:00:00,596.733,1775.5736980000001,1400.685531,1433.355333
2023-10-13 07:00:00,709.2840000000001,1978.6370970000003,1643.45563,1727.690333
2023-10-13 08:00:00,806.1220000000001,2207.4873319999997,1821.8034320000002,1958.378333
2023-10-13 09:00:00,856.728,2373.6563979999996,2003.766197,2094.093667
2023-10-13 10:00:00,906.5070000000001,2475.878466,2006.662566,2151.982333
2023-10-13 11:00:00,925.135,2473.214298,2005.6878319999998,2173.0693330000004
2023-10-13 12:00:00,898.71,2422.544198,2028.0946649999998,2186.9826669999998
2023-10-13 13:00:00,887.957,2397.4103640000003,2045.50663,2164.925666
2023-10-13 14:00:00,916.824,2347.393965,2003.5815000000002,2117.045666
2023-10-13 15:00:00,878.811,2345.8540299999995,2041.923463,2154.197
2023-10-13 16:00:00,900.283,2522.72423,2155.098299,2194.384333
2023-10-13 17:00:00,963.2180000000001,2701.9525320000002,2281.908198,2323.053333
2023-10-13 18:00:00,1073.451,2807.648964,2442.277631,2485.217667
2023-10-13 19:00:00,1109.9699999999998,2848.8687979999995,2533.443464,2558.068332
2023-10-13 20:00:00,1127.175,2824.638599,2497.161563,2586.6946660000003
2023-10-13 21:00:00,1072.812,2730.319199,2349.236962,2500.025666
2023-10-13 22:00:00,1022.509,2607.543597,2186.8528289999995,2287.2290009999997
2023-10-13 23:00:00,895.524,2335.929599,1904.287667,2083.432
2023-10-14 00:00:00,769.521,2148.468564,1735.239898,1853.596666
2023-10-14 01:00:00,671.415,1905.8233650000002,1568.598666,1614.993667
2023-10-14 02:00:00,607.136,1699.637365,1429.242166,1460.7003330000002
2023-10-14 03:00:00,555.0709999999999,1610.115064,1325.324798,1381.1490000000001
2023-10-14 04:00:00,531.639,1580.4357320000001,1283.651098,1345.265667
2023-10-14 05:00:00,532.1600000000001,1577.418931,1300.0751970000001,1336.136
2023-10-14 06:00:00,559.28,1654.241732,1319.792429,1403.1399999999999
2023-10-14 07:00:00,627.879,1783.968032,1437.583498,1542.339
2023-10-14 08:00:00,740.6949999999999,2062.98543,1663.2052669999998,1860.693667
2023-10-14 09:00:00,895.567,2395.3286310000003,2034.6293649999998,2142.386333
2023-10-14 10:00:00,1005.3829999999999,2625.287232,2179.5391640000003,2316.3283330000004
2023-10-14 11:00:00,963.233,2683.506599,2249.128366,2460.55
2023-10-14 12:00:00,1056.575,2646.6432320000004,2314.577198,2392.8683330000003
2023-10-14 13:00:00,1061.575,2660.7042979999997,2295.4566649999997,2475.306667
2023-10-14 14:00:00,1089.469,2626.599466,2260.724397,2374.6676669999997
2023-10-14 15:00:00,999.371,2630.953864,2259.540532,2383.256
2023-10-14 16:00:00,993.2049999999999,2661.126599,2248.9615329999997,2336.294667
2023-10-14 17:00:00,1091.199,2834.543865,2327.439096,2360.499
2023-10-14 18:00:00,1114.441,2838.2364639999996,2387.546698,2582.644333
2023-10-14 19:00:00,1166.9540000000002,2951.851366,2435.291931,2679.416
2023-10-14 20:00:00,1176.07,2972.709065,2487.9958319999996,2604.1006669999997
2023-10-14 21:00:00,1071.813,2822.956063,2374.1618639999997,2514.597333
2023-10-14 22:00:00,979.6179999999999,2646.336064,2182.265663,2391.498667
2023-10-14 23:00:00,888.954,2365.233999,2007.206197,2167.702333
2023-10-15 00:00:00,823.25,2197.140898,1793.910432,1906.698333
2023-10-15 01:00:00,689.951,1939.323199,1531.6556970000001,1656.633667
2023-10-15 02:00:00,619.793,1708.1564970000002,1426.911701,1498.4240009999999
2023-10-15 03:00:00,569.4850000000001,1554.882065,1318.606098,1387.4573329999998
2023-10-15 04:00:00,551.1279999999999,1550.4832300000003,1295.1457,1335.108334
2023-10-15 05:00:00,542.401,1567.354898,1275.622596,1337.4836679999999
2023-10-15 06:00:00,562.829,1659.930498,1294.3846310000001,1365.511333
2023-10-15 07:00:00,624.605,1777.300731,1398.1171319999999,1539.214333
2023-10-15 08:00:00,784.034,2039.377598,1685.5805,1813.685
2023-10-15 09:00:00,918.134,2373.462664,2008.688897,2167.862666
2023-10-15 10:00:00,1012.585,2741.226633,2201.942099,2415.447667
2023-10-15 11:00:00,1100.8410000000001,2869.678331,2334.498364,2500.357332
2023-10-15 12:00:00,1130.5430000000001,2897.631231,2456.253764,2582.496
2023-10-15 13:00:00,1104.051,2802.585765,2382.096832,2533.754332
2023-10-15 14:00:00,1058.415,2752.290432,2307.452366,2553.212
2023-10-15 15:00:00,1061.621,2646.510065,2269.889463,2475.43
2023-10-15 16:00:00,1073.0,2715.674631,2314.596265,2449.649667
2023-10-15 17:00:00,1101.1950000000002,2817.408065,2421.699364,2543.0553330000002
2023-10-15 18:00:00,1195.093,2981.756633,2623.14983,2770.476999
2023-10-15 19:00:00,1306.422,3077.005999,2788.956199,3004.094333
2023-10-15 20:00:00,1314.535,3163.833998,2772.5224980000003,2938.928667
2023-10-15 21:00:00,1180.16,3069.3045970000003,2694.314233,2725.016001
2023-10-15 22:00:00,1059.65,2851.220297,2419.646263,2567.634334
2023-10-15 23:00:00,929.04,2523.752796,2078.2624990000004,2219.159001
2023-10-16 00:00:00,743.491,2160.403099,1757.491998,1898.067
2023-10-16 01:00:00,650.0029999999999,1849.582797,1499.030964,1626.063667
2023-10-16 02:00:00,583.393,1641.866097,1375.0525969999999,1429.584667
2023-10-16 03:00:00,548.1680000000001,1568.972099,1299.653298,1377.456
2023-10-16 04:00:00,538.0530000000001,1538.3428290000002,1226.047564,1340.742666
2023-10-16 05:00:00,569.067,1570.736799,1315.142564,1333.003001
2023-10-16 06:00:00,643.51,1744.677065,1410.277298,1457.286
2023-10-16 07:00:00,750.044,1946.602661,1708.189132,1787.147
2023-10-16 08:00:00,896.746,2170.241462,1916.3432990000001,2118.869333
2023-10-16 09:00:00,875.9050000000001,2277.232166,1966.368697,2182.705
2023-10-16 10:00:00,903.646,2398.202032,1942.808999,2191.2250000000004
2023-10-16 11:00:00,935.348,2379.9974650000004,2001.4609990000001,2145.743001
2023-10-16 12:00:00,953.0790000000001,2423.252231,2062.403932,2236.3450000000003
2023-10-16 13:00:00,973.78,2474.201131,2002.302632,2188.1159989999996
2023-10-16 14:00:00,888.1030000000001,2424.8317960000004,1963.019799,2155.406667
2023-10-16 15:00:00,909.471,2376.840198,1940.870299,2163.093333
2023-10-16 16:00:00,916.547,2556.476831,2088.9333289999995,2188.720333
2023-10-16 17:00:00,1078.4789999999998,2868.00003,2382.4518319999997,2446.309
2023-10-16 18:00:00,1188.2849999999999,2983.224497,2481.226198,2684.586332
2023-10-16 19:00:00,1276.6599999999999,3139.015698,2661.676796,2965.948667
2023-10-16 20:00:00,1274.296,3141.9439970000003,2689.900232,2972.443333
2023-10-16 21:00:00,1196.797,3067.003599,2536.8419669999994,2760.4159999999997
2023-10-16 22:00:00,1091.211,2784.496998,2343.678497,2553.836333
2023-10-16 23:00:00,934.822,2483.219598,2072.111064,2244.3993330000003
2023-10-17 00:00:00,821.549,2197.254297,1793.796501,1837.549333
2023-10-17 01:00:00,674.0989999999999,1904.517997,1634.469233,1610.326
2023-10-17 02:00:00,613.09,1700.551598,1465.501197,1458.507333
2023-10-17 03:00:00,579.9159999999999,1638.399999,1379.962098,1419.339333
2023-10-17 04:00:00,573.3679999999999,1631.263499,1365.0425970000001,1374.5700000000002
2023-10-17 05:00:00,613.1869999999999,1694.9659980000001,1413.394534,1405.2696660000001
2023-10-17 06:00:00,666.157,1869.4017979999999,1540.429464,1600.581333
2023-10-17 07:00:00,832.758,2192.173797,1826.5166319999998,2007.2250009999998
2023-10-17 08:00:00,980.902,2386.728599,2089.757864,2286.544334
2023-10-17 09:00:00,924.032,2453.8732,2100.9978659999997,2293.017
2023-10-17 10:00:00,915.657,2440.191399,1982.968999,2121.759999
2023-10-17 11:00:00,867.016,2344.672697,1956.264463,2110.729667
2023-10-17 12:00:00,864.177,2313.987999,1913.0405620000001,2050.73
2023-10-17 13:00:00,884.7460000000001,2251.540199,1875.550231,2033.8773330000001
2023-10-17 14:00:00,857.909,2304.7922980000003,1838.167999,2002.266
2023-10-17 15:00:00,836.043,2222.315998,1842.332065,1989.953667
2023-10-17 16:00:00,842.4639999999999,2355.391864,1956.9196980000002,2040.0236669999997
2023-10-17 17:00:00,943.9219999999999,2659.187433,2147.708831,2245.952667
2023-10-17 18:00:00,1104.932,2806.464997,2365.212066,2432.013
2023-10-17 19:00:00,1204.441,3081.3213960000003,2569.6919310000003,2774.278333
2023-10-17 20:00:00,1239.424,3099.407299,2593.1142660000005,2834.079667
2023-10-17 21:00:00,1127.631,3020.298599,2475.6555630000003,2687.517667
2023-10-17 22:00:00,1021.0709999999999,2855.343499,2257.616931,2455.3823329999996
2023-10-17 23:00:00,941.553,2445.934899,2014.0783650000003,2166.41
2023-10-18 00:00:00,776.962,2123.282463,1750.466029,1876.776667
2023-10-18 01:00:00,677.1859999999999,1912.676931,1508.932531,1602.681666
2023-10-18 02:00:00,590.991,1756.210966,1413.570363,1453.926667
2023-10-18 03:00:00,555.4770000000001,1700.7457639999998,1362.4803619999998,1431.3923340000001
2023-10-18 04:00:00,571.2470000000001,1715.449997,1368.276198,1370.587
2023-10-18 05:00:00,600.087,1788.023498,1464.406632,1448.783333
2023-10-18 06:00:00,669.124,1995.7685969999998,1623.903066,1629.128
2023-10-18 07:00:00,798.2080000000001,2261.7479970000004,1882.616832,2039.500334
2023-10-18 08:00:00,937.3449999999999,2569.2657,2144.06623,2358.049
2023-10-18 09:00:00,948.511,2670.520797,2199.205266,2259.849333
2023-10-18 10:00:00,921.693,2565.5214990000004,2132.7549320000003,2228.942332
2023-10-18 11:00:00,873.027,2439.053364,2094.070498,2152.789334
2023-10-18 12:00:00,845.598,2381.328798,2028.17393,2140.241
2023-10-18 13:00:00,860.147,2295.815898,1943.2985320000003,2118.234
2023-10-18 14:00:00,834.194,2252.667197,1877.651666,2069.8190000000004
2023-10-18 15:00:00,847.809,2322.347798,1908.7219289999998,2005.3996670000001
2023-10-18 16:00:00,852.715,2409.433999,1971.319199,2034.577667
2023-10-18 17:00:00,904.302,2509.945698,2090.719596,2180.4853329999996
2023-10-18 18:00:00,1088.916,2805.2205959999997,2338.487833,2514.1886670000004
2023-10-18 19:00:00,1144.6979999999999,3063.455299,2492.612066,2778.052667
2023-10-18 20:00:00,1209.972,3161.929466,2582.8258299999998,2812.9913340000003
2023-10-18 21:00:00,1136.855,3009.279999,2531.89053,2676.0983319999996
2023-10-18 22:00:00,1032.465,2808.226498,2315.4194660000003,2501.1009999999997
2023-10-18 23:00:00,933.1410000000001,2444.6858969999994,2066.321898,2188.795
2023-10-19 00:00:00,755.585,2137.208098,1725.729867,1877.207667
2023-10-19 01:00:00,654.841,1930.626598,1552.884931,1654.539
2023-10-19 02:00:00,623.081,1723.320299,1431.215632,1471.125
2023-10-19 03:00:00,562.26,1695.5099989999999,1350.713232,1453.52
2023-10-19 04:00:00,580.665,1701.5946629999999,1335.491865,1415.837
2023-10-19 05:00:00,621.219,1765.897499,1411.822934,1436.757333
2023-10-19 06:00:00,695.904,1939.2497979999998,1625.502265,1628.1743330000002
2023-10-19 07:00:00,807.184,2334.087599,1894.706932,2025.944333
2023-10-19 08:00:00,969.29,2498.784099,2141.224598,2333.668667
2023-10-19 09:00:00,943.235,2524.268767,2175.62593,2370.364667
2023-10-19 10:00:00,942.2180000000001,2603.0274660000005,2106.0815979999998,2281.3766669999995
2023-10-19 11:00:00,932.037,2521.4578979999997,2102.485397,2220.545
2023-10-19 12:00:00,927.439,2493.826599,1988.305665,2209.660333
2023-10-19 13:00:00,964.0609999999999,2416.179597,1949.38563,2218.178
2023-10-19 14:00:00,891.462,2280.011165,1869.027597,2088.1186669999997
2023-10-19 15:00:00,843.197,2238.144597,1823.029798,2004.694333
2023-10-19 16:00:00,838.9670000000001,2346.298898,1914.81753,2114.188667
2023-10-19 17:00:00,931.317,2497.676998,2058.760865,2275.604333
2023-10-19 18:00:00,1043.251,2757.0716300000004,2265.505832,2465.950333
2023-10-19 19:00:00,1172.9009999999998,3042.476366,2485.751763,2674.264
2023-10-19 20:00:00,1203.6879999999999,3078.2282999999998,2547.274699,2726.2460010000004
2023-10-19 21:00:00,1142.275,2893.756698,2568.6007959999997,2604.090333
2023-10-19 22:00:00,1036.85,2769.126431,2336.770531,2437.118665
2023-10-19 23:00:00,907.6020000000001,2448.700431,2054.3932,2270.9973330000003
2023-10-20 00:00:00,762.8249999999999,2121.920198,1795.809364,1902.884667
2023-10-20 01:00:00,666.144,1870.194697,1517.11983,1626.7996670000002
2023-10-20 02:00:00,590.823,1698.782398,1354.061901,1439.899
2023-10-20 03:00:00,549.877,1626.188498,1268.397899,1369.884
2023-10-20 04:00:00,535.0060000000001,1595.179697,1248.187465,1347.197334
2023-10-20 05:00:00,561.4100000000001,1663.6505980000002,1310.666632,1343.149
2023-10-20 06:00:00,639.0509999999999,1795.226198,1383.948464,1486.665333
2023-10-20 07:00:00,734.08,1970.0480989999999,1667.4855969999999,1760.673999
2023-10-20 08:00:00,884.4770000000001,2161.763298,1870.16103,2102.739666
2023-10-20 09:00:00,909.2370000000001,2319.661097,1947.987866,2184.539667
2023-10-20 10:00:00,855.341,2383.9776650000003,1997.080766,2137.863332
2023-10-20 11:00:00,874.3309999999999,2325.9365639999996,1968.5436300000001,2166.675333
2023-10-20 12:00:00,922.4490000000001,2407.097963,2001.329598,2157.435
2023-10-20 13:00:00,938.358,2353.0345640000005,2042.472432,2187.840667
2023-10-20 14:00:00,914.171,2410.745965,2006.997898,2172.194333
2023-10-20 15:00:00,923.767,2386.7963980000004,2073.0058,2178.797333
2023-10-20 16:00:00,896.462,2400.7423660000004,2092.866364,2179.6163340000003
2023-10-20 17:00:00,978.028,2579.112833,2186.454063,2217.405334
2023-10-20 18:00:00,1040.364,2730.286799,2328.129266,2359.913
2023-10-20 19:00:00,1131.767,2885.2895980000003,2481.83813,2565.037332
2023-10-20 20:00:00,1110.0569999999998,2972.715897,2454.6674629999998,2591.482333
2023-10-20 21:00:00,1066.372,2810.309998,2379.04333,2510.712333
2023-10-20 22:00:00,968.882,2702.897599,2199.013898,2477.783001
2023-10-20 23:00:00,889.0659999999999,2416.6146980000003,2001.6176309999998,2177.919333
2023-10-21 00:00:00,798.387,2226.979298,1775.593467,1901.3853330000002
2023-10-21 01:00:00,676.328,1967.258698,1558.8585640000001,1674.4876669999999
2023-10-21 02:00:00,597.301,1742.8424,1412.8023970000002,1511.645
2023-10-21 03:00:00,563.565,1639.059799,1279.597896,1419.1116660000002
2023-10-21 04:00:00,549.967,1620.860299,1275.263099,1358.912334
2023-10-21 05:00:00,555.345,1597.251699,1264.61273,1357.9866670000001
2023-10-21 06:00:00,592.273,1644.014099,1304.555131,1416.6796669999999
2023-10-21 07:00:00,640.8489999999999,1771.1945,1420.358731,1608.335667
2023-10-21 08:00:00,767.053,2074.089597,1704.134766,1839.597667
2023-10-21 09:00:00,903.268,2360.43793,1999.616465,2221.228333
2023-10-21 10:00:00,985.973,2621.990332,2227.918499,2341.882
2023-10-21 11:00:00,998.857,2730.7459329999997,2300.5963300000003,2439.6316669999997
2023-10-21 12:00:00,1041.3439999999998,2706.935998,2296.1836650000005,2442.292333
2023-10-21 13:00:00,1088.154,2745.785667,2364.895533,2518.390667
2023-10-21 14:00:00,1127.3039999999999,2740.989898,2348.649465,2532.1586669999997
2023-10-21 15:00:00,1057.994,2650.566431,2312.465464,2417.348
2023-10-21 16:00:00,1096.078,2659.5422980000003,2287.004065,2455.318667
2023-10-21 17:00:00,1103.949,2806.452832,2376.2721979999997,2582.0420000000004
2023-10-21 18:00:00,1144.991,2894.7336640000003,2428.824465,2720.695333
2023-10-21 19:00:00,1188.868,2977.75333,2583.9499960000003,2786.8643330000004
2023-10-21 20:00:00,1170.848,3001.7138649999997,2546.084898,2658.8446670000003
2023-10-21 21:00:00,1069.01,2849.047164,2383.052832,2580.4610000000002
2023-10-21 22:00:00,976.4019999999999,2715.3982640000004,2229.75923,2456.84
2023-10-21 23:00:00,871.404,2395.287867,2068.732564,2175.8773330000004
2023-10-22 00:00:00,779.538,2130.3610989999997,1817.139934,1909.645333
2023-10-22 01:00:00,659.666,1919.040599,1636.932096,1691.018667
2023-10-22 02:00:00,589.703,1791.8966639999999,1424.267099,1470.574333
2023-10-22 03:00:00,557.3810000000001,1667.695165,1294.371097,1377.394667
2023-10-22 04:00:00,534.835,1616.43933,1276.339732,1368.136
2023-10-22 05:00:00,559.2919999999999,1581.504298,1282.5039629999999,1365.600333
2023-10-22 06:00:00,566.854,1609.661198,1299.7040309999998,1377.743
2023-10-22 07:00:00,613.217,1728.912598,1398.4863650000002,1511.741333
2023-10-22 08:00:00,751.7860000000001,1990.550598,1663.383797,1807.638
2023-10-22 09:00:00,921.046,2370.800799,2058.6468640000003,2150.1636660000004
2023-10-22 10:00:00,1056.854,2675.522999,2206.0314639999997,2415.876667
2023-10-22 11:00:00,1106.989,2794.8132960000003,2379.260697,2589.793666
2023-10-22 12:00:00,1166.7269999999999,2903.808297,2460.160032,2588.846667
2023-10-22 13:00:00,1178.7759999999998,2939.698798,2549.090364,2731.246333
2023-10-22 14:00:00,1181.163,2953.705799,2538.335562,2669.0190000000002
2023-10-22 15:00:00,1107.739,2860.805897,2418.616732,2650.786333
2023-10-22 16:00:00,1096.837,2877.257998,2433.288865,2660.3219999999997
2023-10-22 17:00:00,1178.71,2947.184998,2541.1817980000005,2755.9939999999997
2023-10-22 18:00:00,1275.77,3128.304298,2667.656532,2872.1926660000004
2023-10-22 19:00:00,1367.9389999999999,3339.1757310000003,2855.429364,3204.958666
2023-10-22 20:00:00,1367.348,3377.252198,2877.592632,3117.493667
2023-10-22 21:00:00,1252.024,3263.708197,2756.752165,2937.5280000000002
2023-10-22 22:00:00,1117.466,2958.2168979999997,2575.056933,2707.206667
2023-10-22 23:00:00,962.773,2683.7063989999997,2194.561398,2308.793335
2023-10-23 00:00:00,821.24,2306.8180979999997,1887.152196,2002.0223330000001
2023-10-23 01:00:00,692.5509999999999,1934.094165,1614.8550970000001,1729.3403329999999
2023-10-23 02:00:00,608.5920000000001,1803.381864,1488.90183,1533.388667
2023-10-23 03:00:00,562.78,1703.603733,1375.681665,1426.0446670000001
2023-10-23 04:00:00,569.839,1634.3582310000002,1358.3506969999999,1397.2816659999999
2023-10-23 05:00:00,587.174,1704.5954649999999,1413.7443,1431.6616669999999
2023-10-23 06:00:00,668.1890000000001,1894.831666,1573.5007620000001,1599.765333
2023-10-23 07:00:00,800.0310000000001,2166.7050329999997,1878.2814319999998,1905.0933340000001
2023-10-23 08:00:00,935.356,2401.500931,2082.503232,2257.662
2023-10-23 09:00:00,946.706,2471.203829,2092.750098,2290.293667
2023-10-23 10:00:00,985.6480000000001,2518.063398,2086.455898,2315.193
2023-10-23 11:00:00,960.979,2543.789133,2075.425263,2295.8226670000004
2023-10-23 12:00:00,995.3,2459.348265,2198.653598,2307.639
2023-10-23 13:00:00,985.9000000000001,2512.417066,2102.778099,2280.4480000000003
2023-10-23 14:00:00,981.1279999999999,2448.7798980000002,2103.3769979999997,2237.5186670000003
2023-10-23 15:00:00,969.767,2483.005099,2129.4765669999997,2209.541333
2023-10-23 16:00:00,1001.4540000000001,2581.2750979999996,2210.695331,2284.718666
2023-10-23 17:00:00,1092.306,2855.374698,2460.484332,2577.2129999999997
2023-10-23 18:00:00,1257.463,3175.0106969999997,2656.362931,2823.708999
2023-10-23 19:00:00,1376.153,3447.642766,2881.2018,3156.744667
2023-10-23 20:00:00,1338.0210000000002,3327.7938329999997,2826.787898,3153.867667
2023-10-23 21:00:00,1262.027,3337.851399,2762.638632,2942.740667
2023-10-23 22:00:00,1106.162,3017.282699,2615.7838309999997,2745.525333
2023-10-23 23:00:00,961.394,2639.2568309999997,2230.666599,2353.1903329999996
2023-10-24 00:00:00,786.669,2310.999597,1937.3293649999998,2014.188
2023-10-24 01:00:00,670.669,2064.9095660000003,1680.325933,1748.883
2023-10-24 02:00:00,599.0169999999999,1857.254532,1538.077733,1577.749667
2023-10-24 03:00:00,580.807,1790.73253,1435.720565,1481.556333
2023-10-24 04:00:00,573.389,1777.784365,1438.960332,1475.471
2023-10-24 05:00:00,634.492,1820.4322659999998,1551.2549319999998,1530.588333
2023-10-24 06:00:00,697.582,2042.8547660000002,1700.580632,1739.828333
2023-10-24 07:00:00,860.212,2336.039764,2027.3865989999997,2095.199667
2023-10-24 08:00:00,987.969,2525.8972320000003,2204.4843659999997,2417.227667
2023-10-24 09:00:00,964.1310000000001,2631.5480319999997,2252.030632,2381.453
2023-10-24 10:00:00,973.6759999999999,2656.754297,2145.796932,2339.635333
2023-10-24 11:00:00,993.345,2645.796499,2217.5189339999997,2403.344667
2023-10-24 12:00:00,1065.278,2696.786298,2326.958496,2439.2889999999998
2023-10-24 13:00:00,1048.269,2709.2700990000003,2366.695098,2540.998333
2023-10-24 14:00:00,1040.5839999999998,2719.8279979999998,2330.0634330000003,2539.466
2023-10-24 15:00:00,1046.17,2725.252396,2400.093398,2480.6366669999998
2023-10-24 16:00:00,1144.5810000000001,2951.239498,2478.6159660000003,2663.052667
2023-10-24 17:00:00,1253.127,3274.0855979999997,2718.2375300000003,2922.0866670000005
2023-10-24 18:00:00,1425.96,3675.626898,3027.772331,3247.1299999999997
2023-10-24 19:00:00,1491.694,3895.945796,3200.3583989999997,3416.218333
2023-10-24 20:00:00,1469.82,3837.7574320000003,3199.4747989999996,3429.899334
2023-10-24 21:00:00,1365.5839999999998,3669.929531,3041.068499,3263.662667
2023-10-24 22:00:00,1235.284,3386.558364,2772.421965,2975.076333
2023-10-24 23:00:00,1070.899,2997.205431,2445.620364,2643.147
2023-10-25 00:00:00,881.5060000000001,2607.860265,2124.607863,2254.267667
2023-10-25 01:00:00,782.711,2229.7588290000003,1875.388196,1956.262333
2023-10-25 02:00:00,695.412,2067.114866,1735.339264,1785.195667
2023-10-25 03:00:00,681.665,2030.669566,1653.9024650000001,1717.7126670000002
2023-10-25 04:00:00,681.048,2013.6451980000002,1635.562333,1667.705
2023-10-25 05:00:00,734.828,2076.5220630000003,1706.754564,1708.824333
2023-10-25 06:00:00,811.297,2293.8679970000003,1864.8285999999998,1931.1373330000001
2023-10-25 07:00:00,946.347,2558.8869990000003,2155.3330969999997,2314.905667
2023-10-25 08:00:00,1131.9379999999999,2879.5656980000003,2394.917865,2727.447
2023-10-25 09:00:00,1138.618,3035.915199,2565.9332640000002,2698.613667
2023-10-25 10:00:00,1142.382,3010.22243,2511.6313330000003,2699.1423330000002
2023-10-25 11:00:00,1070.921,2979.204566,2558.8558299999995,2702.076667
2023-10-25 12:00:00,1173.692,3004.293966,2583.1231980000002,2684.1803330000002
2023-10-25 13:00:00,1163.279,3025.015697,2605.320098,2756.161333
2023-10-25 14:00:00,1154.454,2941.428833,2634.3375,2750.375
2023-10-25 15:00:00,1141.004,2945.899966,2537.9773290000003,2710.045667
2023-10-25 16:00:00,1155.904,3098.803099,2640.092232,2739.989667
2023-10-25 17:00:00,1295.1390000000001,3378.088164,2892.223598,3045.366333
2023-10-25 18:00:00,1431.389,3826.810432,3225.116264,3523.0640000000003
2023-10-25 19:00:00,1578.69,3997.7946300000003,3488.6751639999998,3721.509667
2023-10-25 20:00:00,1536.71,4002.3677310000003,3413.636598,3634.564667
2023-10-25 21:00:00,1384.522,3851.456699,3316.6704979999995,3406.326
2023-10-25 22:00:00,1300.625,3516.314699,2975.996229,3232.679333
2023-10-25 23:00:00,1170.592,3108.184333,2720.012597,2817.335
2023-10-26 00:00:00,1005.233,2718.6847980000002,2302.343065,2408.303667
2023-10-26 01:00:00,868.4970000000001,2440.1775990000006,2077.681698,2153.489
2023-10-26 02:00:00,768.076,2299.64833,1935.6645630000003,1958.208333
2023-10-26 03:00:00,741.7629999999999,2204.387166,1804.849066,1867.907667
2023-10-26 04:00:00,726.7049999999999,2164.775899,1774.791464,1830.2959999999998
2023-10-26 05:00:00,755.7439999999999,2233.707097,1867.738466,1867.824333
2023-10-26 06:00:00,856.8779999999999,2406.120566,2102.738031,2098.120333
2023-10-26 07:00:00,985.105,2768.449831,2362.994898,2453.647333
2023-10-26 08:00:00,1154.862,2976.219333,2578.391966,2816.0956669999996
2023-10-26 09:00:00,1110.429,3057.9518669999998,2595.820095,2805.092334
2023-10-26 10:00:00,1111.2569999999998,3165.964064,2547.52193,2812.156
2023-10-26 11:00:00,1146.219,3084.447631,2584.5725979999997,2726.0429990000002
2023-10-26 12:00:00,1132.613,3123.349997,2554.1760970000005,2813.7163339999997
2023-10-26 13:00:00,1177.671,3123.1406960000004,2530.625899,2788.437667
2023-10-26 14:00:00,1105.6129999999998,2919.829597,2457.994766,2691.986667
2023-10-26 15:00:00,1056.158,2854.252998,2382.006097,2619.160333
2023-10-26 16:00:00,1048.704,2974.781699,2437.119032,2564.9390000000003
2023-10-26 17:00:00,1151.031,3181.6562970000004,2714.89303,2864.391
2023-10-26 18:00:00,1291.888,3534.9157969999997,2985.3062680000003,3280.2219999999998
2023-10-26 19:00:00,1462.453,3884.804797,3199.024464,3534.467999
2023-10-26 20:00:00,1447.03,3953.173097,3235.168896,3576.397667
2023-10-26 21:00:00,1364.674,3827.141031,3244.089496,3488.52
2023-10-26 22:00:00,1291.298,3529.190731,3025.978865,3243.827999
2023-10-26 23:00:00,1169.749,3241.834632,2712.169197,2886.855
2023-10-27 00:00:00,1044.993,2912.802831,2415.928698,2520.184667
2023-10-27 01:00:00,894.0840000000001,2589.738167,2115.399465,2207.6846670000004
2023-10-27 02:00:00,810.901,2387.0800990000002,1975.300599,2058.8050000000003
2023-10-27 03:00:00,774.2660000000001,2298.051697,1899.4297960000001,1966.156667
2023-10-27 04:00:00,762.37,2292.252396,1849.397764,1926.983334
2023-10-27 05:00:00,804.4069999999999,2347.334597,1963.6727329999999,1956.949
2023-10-27 06:00:00,898.613,2489.857131,2060.899199,2160.029999
2023-10-27 07:00:00,1017.259,2897.6946319999997,2382.283664,2566.324333
2023-10-27 08:00:00,1183.996333,3156.0370649999995,2696.6556,3021.844
2023-10-27 09:00:00,1225.0446670000001,3244.26683,2829.357595,3100.990001
2023-10-27 10:00:00,1177.2669999999998,3283.67873,2825.0189330000003,3051.5503320000003
2023-10-27 11:00:00,1147.7310000000002,3190.645831,2783.7144980000003,2977.161666
2023-10-27 12:00:00,1108.527,3152.507463,2662.630165,2822.688
2023-10-27 13:00:00,1105.316,3127.352097,2624.702532,2747.306667
2023-10-27 14:00:00,1071.552,2905.534599,2514.1717310000004,2663.875333
2023-10-27 15:00:00,1040.369,2932.497899,2452.699899,2558.9763329999996
2023-10-27 16:00:00,1057.281,2943.288098,2537.5951990000003,2601.259
2023-10-27 17:00:00,1139.214,3200.3639970000004,2742.2369,2891.123
2023-10-27 18:00:00,1291.1329999999998,3545.852065,2917.207698,3126.040667
2023-10-27 19:00:00,1372.7530000000002,3661.076564,3127.312231,3314.339
2023-10-27 20:00:00,1374.29,3722.12923,3166.821965,3369.062667
2023-10-27 21:00:00,1323.092,3602.2363649999998,3173.395598,3281.8413330000003
2023-10-27 22:00:00,1282.1879999999999,3505.408097,3048.369865,3120.436667
2023-10-27 23:00:00,1205.828,3335.606166,2755.346897,2872.4583329999996
2023-10-28 00:00:00,1087.5720000000001,3165.631166,2547.8278299999997,2573.6543330000004
2023-10-28 01:00:00,943.9180000000001,2856.839432,2328.482266,2377.8406670000004
2023-10-28 02:00:00,891.139,2694.274865,2194.863297,2237.429333
2023-10-28 03:00:00,855.542,2559.9968,2112.7340639999998,2180.568
2023-10-28 04:00:00,850.873,2558.771931,2084.5001979999997,2163.1166670000002
2023-10-28 05:00:00,869.6560000000001,2578.787999,2141.576132,2147.683333
2023-10-28 06:00:00,943.297,2757.151933,2229.191098,2321.2889999999998
2023-10-28 07:00:00,1045.1799999999998,3003.023499,2432.378731,2531.193
2023-10-28 08:00:00,1184.859,3355.1645670000003,2797.3461289999996,2934.320667
2023-10-28 09:00:00,1340.0520000000001,3717.321565,3175.3785639999996,3329.0733330000003
2023-10-28 10:00:00,1394.5500000000002,3846.2975289999995,3297.0197980000003,3402.702
2023-10-28 11:00:00,1421.195,3889.465167,3296.506398,3437.5556669999996
2023-10-28 12:00:00,1386.747,3767.4464980000002,3200.842898,3354.084333
2023-10-28 13:00:00,1352.261,3660.212966,3173.66093,3253.212667
2023-10-28 14:00:00,1314.243,3517.7383980000004,2987.0493,3168.842667
2023-10-28 15:00:00,1208.2759999999998,3295.955797,2831.4468319999996,2935.835
2023-10-28 16:00:00,1190.694,3300.493697,2753.341096,2816.8203329999997
2023-10-28 17:00:00,1263.3380000000002,3416.1122990000003,2874.214031,3052.8413330000003
2023-10-28 18:00:00,1350.9630000000002,3649.418999,3025.671631,3213.406333
2023-10-28 19:00:00,1426.729,3853.025197,3261.170897,3403.6553329999997
2023-10-28 20:00:00,1433.982,3860.890197,3302.888698,3450.8196669999998
2023-10-28 21:00:00,1347.094,3772.3538989999997,3150.772599,3329.4936669999997
2023-10-28 22:00:00,1254.474,3581.869398,3047.6904320000003,3174.083667
2023-10-28 23:00:00,1178.152,3381.4515979999996,2796.1120979999996,2930.84
2023-10-29 00:00:00,1080.163,3056.027298,2567.2142,2628.550333
2023-10-29 01:00:00,977.314,2835.6046960000003,2378.832198,2458.617667
2023-10-29 02:00:00,904.3979999999999,2634.732597,2216.829167,2288.0913330000003
2023-10-29 03:00:00,851.0120000000001,2520.0534979999998,2075.323965,2196.148
2023-10-29 04:00:00,832.8389999999999,2545.277999,2050.823799,2221.077667
2023-10-29 05:00:00,877.496,2601.7417969999997,2081.164201,2190.216333
2023-10-29 06:00:00,911.1569999999999,2704.371798,2172.1523310000002,2310.018
2023-10-29 07:00:00,968.5819999999999,2890.401297,2308.444865,2557.203
2023-10-29 08:00:00,1137.01,3255.808896,2653.585098,2828.429
2023-10-29 09:00:00,1311.609,3640.670599,3064.98243,3248.500333
2023-10-29 10:00:00,1427.492,3882.594897,3297.77103,3376.6099999999997
2023-10-29 11:00:00,1447.873,3883.8570980000004,3246.822232,3349.7003330000002
2023-10-29 12:00:00,1408.654,3782.092898,3206.703764,3338.6440000000002
2023-10-29 13:00:00,1358.56,3678.4447,3152.188598,3322.0063330000003
2023-10-29 14:00:00,1304.22,3601.516199,2992.435366,3131.718
2023-10-29 15:00:00,1283.199,3464.871298,2879.743567,3158.66
2023-10-29 16:00:00,1228.643,3424.406997,2885.6285970000004,3049.614667
2023-10-29 17:00:00,1325.2530000000002,3593.123231,2998.768699,3205.460333
2023-10-29 18:00:00,1510.6860000000001,3858.0968980000002,3278.479932,3523.224333
2023-10-29 19:00:00,1608.239,4146.178699,3611.117834,3794.9396669999996
2023-10-29 20:00:00,1602.734,4187.9508989999995,3600.256296,3840.535
2023-10-29 21:00:00,1469.1100000000001,4136.327198999999,3526.5553,3650.1806669999996
2023-10-29 22:00:00,1390.902,3844.2153,3260.198897,3459.690667
2023-10-29 23:00:00,1219.665,3408.570597,2900.693764,3019.110667
2023-10-30 00:00:00,1053.662,3027.215199,2486.290598,2549.885
2023-10-30 01:00:00,950.617,2740.628097,2218.861664,2271.398667
2023-10-30 02:00:00,842.902,2565.854597,2105.9196300000003,2106.8289999999997
2023-10-30 03:00:00,814.332,2483.246198,2012.142664,2022.106
2023-10-30 04:00:00,799.7819999999999,2478.576897,2015.649865,2015.277666
2023-10-30 05:00:00,853.381,2546.9903990000003,2134.48863,2080.6220000000003
2023-10-30 06:00:00,992.3990000000001,2776.452897,2330.376397,2332.8109999999997
2023-10-30 07:00:00,1129.1460000000002,3191.229332,2644.3525959999997,2747.799
2023-10-30 08:00:00,1272.6546670000002,3538.1529629999995,2883.002598,3179.0483329999997
2023-10-30 09:00:00,1288.467333,3529.365563,2937.339863,3175.582333
2023-10-30 10:00:00,1268.4233339999998,3470.4463969999997,2893.786262,3133.6553329999997
2023-10-30 11:00:00,1221.2926670000002,3324.7598310000003,2788.663432,2950.180667
2023-10-30 12:00:00,1142.259,3214.852231,2760.4682329999996,2857.8060000000005
2023-10-30 13:00:00,1099.5819999999999,3188.1532310000002,2619.279432,2848.3383329999997
2023-10-30 14:00:00,1088.8870000000002,3026.733964,2560.546398,2716.740334
2023-10-30 15:00:00,1117.2649999999999,2963.9795329999997,2503.4029330000003,2606.620333
2023-10-30 16:00:00,1052.824,3076.121897,2540.1988629999996,2631.073
2023-10-30 17:00:00,1151.848,3356.712365,2834.294231,2954.001667
2023-10-30 18:00:00,1320.476,3711.7462649999998,3222.704732,3357.280333
2023-10-30 19:00:00,1526.941,4114.2775,3400.604497,3737.248667
2023-10-30 20:00:00,1577.152,4061.628831,3439.7936950000003,3669.086333
2023-10-30 21:00:00,1478.529,3930.776198,3397.5599650000004,3456.977667
2023-10-30 22:00:00,1331.895,3761.1328000000003,3036.169964,3269.765667
2023-10-30 23:00:00,1170.441,3384.660398,2686.674464,2966.2923330000003
2023-10-31 00:00:00,1021.722,2985.8822980000004,2384.147664,2512.007
2023-10-31 01:00:00,899.555,2678.8595990000003,2117.8139309999997,2295.641
2023-10-31 02:00:00,799.578,2494.093367,2000.053399,2087.3596669999997
2023-10-31 03:00:00,789.6120000000001,2407.5594,1939.24733,2032.7543329999999
2023-10-31 04:00:00,759.9860000000001,2395.055499,1914.568097,1988.3220000000001
2023-10-31 05:00:00,835.1890000000001,2478.989665,2042.1487980000002,2020.634333
2023-10-31 06:00:00,937.85,2729.490464,2279.029731,2293.989333
2023-10-31 07:00:00,1108.766,3068.149866,2686.46943,2795.8096669999995
2023-10-31 08:00:00,1236.036,3360.1393319999997,2906.690297,3088.2133329999997
2023-10-31 09:00:00,1212.542,3398.937232,2876.196831,3031.271667
2023-10-31 10:00:00,1170.9249999999997,3293.2544959999996,2721.974797,2913.108
2023-10-31 11:00:00,1175.353,3322.367297,2694.4656969999996,2855.634667
2023-10-31 12:00:00,1125.1879999999999,3163.3729999999996,2675.0026980000002,2708.559
2023-10-31 13:00:00,1087.069,2956.1414299999997,2559.3980980000006,2742.8553330000004
2023-10-31 14:00:00,1067.659,2876.282065,2450.797831,2563.7479999999996
2023-10-31 15:00:00,1070.286,2783.5769309999996,2336.290364,2504.773333
2023-10-31 16:00:00,1055.471,2844.399297,2417.269665,2515.161001
2023-10-31 17:00:00,1124.496,3151.167131,2632.19963,2809.263333
2023-10-31 18:00:00,1268.233,3316.505164,2887.797264,3154.3070000000002
2023-10-31 19:00:00,1316.283,3482.085066,2965.936666,3214.741333
2023-10-31 20:00:00,1286.311,3424.442798,2917.4665649999997,3131.8196669999998
2023-10-31 21:00:00,1249.31,3457.366797,2896.694934,3063.897667
2023-10-31 22:00:00,1232.629,3317.499166,2802.098932,2990.7493329999998
2023-10-31 23:00:00,1108.051,3112.508231,2486.376898,2659.246
2023-11-01 00:00:00,969.867,2773.068298,2201.848964,2298.675
2023-11-01 01:00:00,822.4820000000001,2472.372431,1961.4833310000004,2101.243
2023-11-01 02:00:00,761.88,2252.6633979999997,1812.435998,1966.8360000000002
2023-11-01 03:00:00,715.7959999999999,2212.305999,1710.5045309999998,1865.52
2023-11-01 04:00:00,702.565,2173.473697,1695.463865,1808.3339999999998
2023-11-01 05:00:00,760.427,2214.8010990000002,1762.4501650000002,1847.479
2023-11-01 06:00:00,821.867,2423.1066979999996,1957.562531,2059.655
2023-11-01 07:00:00,965.5610000000001,2669.8115980000002,2225.589964,2402.303
2023-11-01 08:00:00,1065.888,2877.874997,2448.457331,2641.1459999999997
2023-11-01 09:00:00,1124.276667,2998.868599,2570.920897,2756.175
2023-11-01 10:00:00,1107.124,3019.948899,2486.058332,2743.176
2023-11-01 11:00:00,1103.659,3073.427497,2514.32823,2677.6310000000003
2023-11-01 12:00:00,1144.587,2986.820564,2526.723495,2810.06
2023-11-01 13:00:00,1134.236,3029.4190989999997,2557.568231,2869.9210000000003
2023-11-01 14:00:00,1120.1570000000002,2960.0611639999997,2513.1450640000003,2803.79
2023-11-01 15:00:00,1127.7710000000002,2998.1762310000004,2590.248963,2742.475
2023-11-01 16:00:00,1191.408,3268.368231,2780.228932,2896.3599999999997
2023-11-01 17:00:00,1315.3139999999999,3683.226767,2934.173299,3086.252
2023-11-01 18:00:00,1508.6840000000002,3965.6708289999997,3296.830598,3474.7969999999996
2023-11-01 19:00:00,1529.046,4231.582399999999,3515.137832,3706.380333
2023-11-01 20:00:00,1565.209,4062.486798,3393.168299,3644.225
2023-11-01 21:00:00,1519.617,3896.508598,3139.516265,3420.5743329999996
2023-11-01 22:00:00,1337.518,3567.004865,2939.1235989999996,3156.773333
2023-11-01 23:00:00,1182.0230000000001,3170.8453990000003,2613.136631,2814.646667
2023-11-02 00:00:00,1025.794,2770.4813300000005,2235.8845300000003,2392.0006670000002
2023-11-02 01:00:00,858.9269999999999,2508.5798969999996,1968.775497,2105.754333
2023-11-02 02:00:00,776.072,2254.510832,1820.507399,1911.983667
2023-11-02 03:00:00,738.688,2176.279196,1736.5996639999998,1780.4023339999999
2023-11-02 04:00:00,720.9300000000001,2165.7087,1707.791498,1773.447334
2023-11-02 05:00:00,758.428,2201.2249300000003,1774.422832,1801.5249999999999
2023-11-02 06:00:00,830.5409999999999,2323.6400000000003,1940.96773,1970.2620000000002
2023-11-02 07:00:00,953.76,2620.0077629999996,2228.486965,2260.965333
2023-11-02 08:00:00,1044.248,2723.374066,2365.06923,2555.852333
2023-11-02 09:00:00,1060.029333,2743.093331,2384.2193970000003,2519.1283329999997
2023-11-02 10:00:00,1063.857,2728.321264,2397.9473,2591.051666
2023-11-02 11:00:00,1070.119,2725.9196300000003,2382.38093,2596.710999
2023-11-02 12:00:00,1044.4189999999999,2675.6462300000003,2258.849663,2601.494334
2023-11-02 13:00:00,1010.759,2675.965565,2186.084429,2521.897667
2023-11-02 14:00:00,1025.719,2585.7919970000003,2198.445466,2445.2599999999998
2023-11-02 15:00:00,958.03,2579.331632,2127.2735979999998,2421.441
2023-11-02 16:00:00,996.988,2604.6047960000005,2262.942432,2421.937333
2023-11-02 17:00:00,1081.423,2783.4290650000003,2413.3893989999997,2531.865667
2023-11-02 18:00:00,1219.799,3196.5858319999998,2644.860296,2767.949
2023-11-02 19:00:00,1364.58,3295.809299,2827.9190289999997,3130.677
2023-11-02 20:00:00,1364.677,3325.0956969999997,2848.246097,2989.675
2023-11-02 21:00:00,1224.505,3206.928097,2734.574465,2861.059667
2023-11-02 22:00:00,1106.0230000000001,3024.4398,2536.2336320000004,2749.800999
2023-11-02 23:00:00,1031.985,2734.9439970000003,2257.8050329999996,2408.902
2023-11-03 00:00:00,866.88,2381.7418310000003,1965.916631,2051.635
2023-11-03 01:00:00,768.345,2115.359198,1738.555799,1839.628
2023-11-03 02:00:00,699.439,1966.588197,1609.500232,1656.8173339999998
2023-11-03 03:00:00,628.269,1863.522966,1530.38933,1595.476333
2023-11-03 04:00:00,644.7149999999999,1879.670232,1533.6147979999998,1543.449667
2023-11-03 05:00:00,696.903,1974.6324319999999,1632.972996,1616.831666
2023-11-03 06:00:00,791.761,2157.381565,1777.733598,1804.746334
2023-11-03 07:00:00,928.7460000000001,2482.707566,2082.4137650000002,2168.029333
2023-11-03 08:00:00,1040.913,2719.567063,2381.275633,2443.065333
2023-11-03 09:00:00,1095.6419999999998,2878.173831,2433.098963,2590.996333
2023-11-03 10:00:00,1089.096,2932.627197,2416.695997,2677.1536669999996
2023-11-03 11:00:00,1128.7820000000002,2873.0872630000003,2489.767231,2641.191
2023-11-03 12:00:00,1066.714,2781.9166299999997,2432.694831,2584.371
2023-11-03 13:00:00,1044.0369999999998,2745.693798,2340.201997,2510.903
2023-11-03 14:00:00,990.81,2734.645732,2253.246666,2428.106
2023-11-03 15:00:00,982.3420000000001,2585.134399,2176.8668979999998,2367.7619999999997
2023-11-03 16:00:00,1001.566,2727.8330990000004,2281.440931,2431.1549999999997
2023-11-03 17:00:00,1073.702,2976.333598,2482.877564,2656.201
2023-11-03 18:00:00,1238.1930000000002,3254.8022,2778.0257300000003,2891.907667
2023-11-03 19:00:00,1309.902,3302.518799,2758.9063640000004,2897.4543329999997
2023-11-03 20:00:00,1262.232,3149.7522980000003,2670.184497,2833.109334
2023-11-03 21:00:00,1182.04,3084.710798,2504.102963,2727.262667
2023-11-03 22:00:00,1078.575,2874.182199,2303.6108649999996,2586.964
2023-11-03 23:00:00,989.3419999999999,2664.6135999999997,2146.3331310000003,2368.373
2023-11-04 00:00:00,870.492,2393.321398,1897.061265,2057.572
2023-11-04 01:00:00,721.8589999999999,2133.230298,1708.563731,1821.8596670000002
2023-11-04 02:00:00,674.2130000000001,1937.292699,1599.433865,1604.507334
2023-11-04 03:00:00,608.467,1813.1215960000002,1459.03943,1500.880333
2023-11-04 04:00:00,599.8140000000001,1766.6045,1409.697666,1468.7746659999998
2023-11-04 05:00:00,594.014,1698.2735,1360.961734,1455.3310000000001
2023-11-04 06:00:00,636.113,1771.3417990000003,1411.811033,1508.9283329999998
2023-11-04 07:00:00,705.167,1872.859099,1526.006895,1645.787667
2023-11-04 08:00:00,820.739,2200.531299,1741.326232,1909.888666
2023-11-04 09:00:00,924.685,2485.233698,2043.3900300000003,2247.416666
2023-11-04 10:00:00,1085.087,2739.181598,2257.727098,2446.2830000000004
2023-11-04 11:00:00,1168.415,2949.316497,2382.0674639999997,2560.117
2023-11-04 12:00:00,1252.43,2905.4514980000004,2417.0483,2693.875666
2023-11-04 13:00:00,1219.956,3004.510599,2503.125898,2683.4886659999997
2023-11-04 14:00:00,1206.951,2952.402399,2485.505797,2684.093334
2023-11-04 15:00:00,1194.288,2962.6709969999997,2478.563965,2586.814334
2023-11-04 16:00:00,1166.516,2953.7437979999995,2397.683398,2567.8616650000004
2023-11-04 17:00:00,1155.0970000000002,2931.252499,2550.213064,2664.264666
2023-11-04 18:00:00,1239.9540000000002,3107.2297959999996,2608.601531,2815.708
2023-11-04 19:00:00,1258.822,3225.102298,2732.0228990000005,2972.976667
2023-11-04 20:00:00,1234.931,3131.316798,2689.3345,2826.0100009999996
2023-11-04 21:00:00,1166.227,2990.3156989999998,2583.4764299999997,2694.444
2023-11-04 22:00:00,1076.533,2813.6976969999996,2417.9167660000003,2571.873
2023-11-04 23:00:00,984.7049999999999,2684.152196,2182.7617960000002,2323.9953319999995
2023-11-05 00:00:00,897.6949999999999,2415.663798,1992.3867650000002,2084.912334
2023-11-05 01:00:00,785.8505,2129.2774485,1770.9341475,1841.1378339999999
2023-11-05 02:00:00,674.006,1842.891099,1549.48153,1597.363334
2023-11-05 03:00:00,642.371,1811.298597,1482.5892320000003,1534.083666
2023-11-05 04:00:00,630.0150000000001,1761.6442980000002,1436.3535310000002,1499.037667
2023-11-05 05:00:00,650.018,1828.312531,1434.784063,1583.273667
2023-11-05 06:00:00,710.112,1979.67643,1548.792965,1698.063666
2023-11-05 07:00:00,868.9390000000001,2230.728466,1768.282897,2008.902
2023-11-05 08:00:00,1014.804,2627.661398,2163.6223629999995,2385.5083329999998
2023-11-05 09:00:00,1164.7150000000001,3020.396466,2498.071932,2748.9266669999997
2023-11-05 10:00:00,1250.099,3202.083397,2730.838766,2883.813334
2023-11-05 11:00:00,1258.051,3313.951499,2785.9783319999997,2937.732
2023-11-05 12:00:00,1237.264,3199.261731,2691.6526,2873.185001
2023-11-05 13:00:00,1257.736,3113.283567,2616.285563,2758.6279999999997
2023-11-05 14:00:00,1181.312,3113.1104649999997,2591.909734,2797.0919989999998
2023-11-05 15:00:00,1196.587,3119.103631,2614.359164,2784.907
2023-11-05 16:00:00,1284.949,3302.211031,2723.4902970000003,2879.333667
2023-11-05 17:00:00,1378.659,3489.3700289999997,2890.2785970000004,3117.189667
2023-11-05 18:00:00,1443.679,3665.505332,3041.292767,3340.447
2023-11-05 19:00:00,1438.055,3585.3553650000003,3003.107533,3195.341667
2023-11-05 20:00:00,1384.283,3394.756998,2984.257496,3115.581
2023-11-05 21:00:00,1271.361333,3357.107399,2877.808132,2965.9809999999998
2023-11-05 22:00:00,1159.8629999999998,3106.402431,2585.125597,2688.059667
2023-11-05 23:00:00,956.27,2738.422897,2251.3221299999996,2391.388334
2023-11-06 00:00:00,827.733,2415.757399,1916.7349319999998,2025.9036669999998
2023-11-06 01:00:00,749.087,2193.356598,1730.829399,1786.721
2023-11-06 02:00:00,699.053,1983.9173300000002,1577.9238300000002,1650.897333
2023-11-06 03:00:00,663.3340000000001,1897.3069999999998,1499.895763,1589.921
2023-11-06 04:00:00,642.5889999999999,1886.5704659999997,1534.344632,1618.9463329999999
2023-11-06 05:00:00,684.8240000000001,1935.022196,1561.094033,1620.353667
2023-11-06 06:00:00,779.1579999999999,2184.228864,1802.969563,1860.547
2023-11-06 07:00:00,933.6020000000001,2563.085166,2164.909198,2316.491999
2023-11-06 08:00:00,1072.705,2808.054833,2341.9615989999998,2556.6223339999997
2023-11-06 09:00:00,1088.4250000000002,2820.2527649999997,2407.6290980000003,2608.08
2023-11-06 10:00:00,1082.177,2791.671964,2310.9307980000003,2540.171
2023-11-06 11:00:00,1080.019,2843.077598,2369.8873649999996,2629.222
2023-11-06 12:00:00,1117.2910000000002,2867.3128990000005,2395.602463,2696.443333
2023-11-06 13:00:00,1194.25,2946.928665,2443.838964,2716.603333
2023-11-06 14:00:00,1209.2329999999997,3021.8454979999997,2490.843197,2700.785001
2023-11-06 15:00:00,1199.522,2985.975698,2522.0104309999997,2724.950667
2023-11-06 16:00:00,1202.8359999999998,3115.145696,2632.461333,2863.2110000000002
2023-11-06 17:00:00,1310.8049999999998,3488.9699659999997,2950.301996,3140.284666
2023-11-06 18:00:00,1511.7730000000001,3818.804963,3296.7654970000003,3476.698667
2023-11-06 19:00:00,1529.953,3826.391933,3300.572499,3529.436336
2023-11-06 20:00:00,1436.513,3715.374899,3189.8577999999998,3382.108
2023-11-06 21:00:00,1352.873,3472.9644980000003,2934.432198,3209.753001
2023-11-06 22:00:00,1208.462,3199.045198,2681.2868,2898.8866660000003
2023-11-06 23:00:00,1039.742,2877.176597,2317.630564,2563.604665
2023-11-07 00:00:00,915.848,2574.9316980000003,2095.110497,2227.701667
2023-11-07 01:00:00,825.14,2293.971298,1922.854032,2016.9876669999999
2023-11-07 02:00:00,739.535,2113.7934990000003,1753.93913,1853.6263330000002
2023-11-07 03:00:00,700.833,2023.349799,1662.912663,1731.2970010000001
2023-11-07 04:00:00,701.1560000000001,2022.9687979999999,1632.0219659999998,1742.714
2023-11-07 05:00:00,738.2909999999999,2080.385298,1723.431366,1806.104335
2023-11-07 06:00:00,792.841,2326.887896,1954.716,2006.741333
2023-11-07 07:00:00,965.252,2720.2395960000003,2289.509465,2448.986666
2023-11-07 08:00:00,1112.851,2930.886599,2495.34083,2645.572666
2023-11-07 09:00:00,1107.4070000000002,2985.5650960000003,2474.322232,2620.384666
2023-11-07 10:00:00,1084.141,2845.925297,2372.249797,2561.6059999999998
2023-11-07 11:00:00,1112.724,2761.2216980000003,2342.9626310000003,2592.893
2023-11-07 12:00:00,1097.253,2787.5027959999998,2300.6167960000002,2514.201667
2023-11-07 13:00:00,1118.183,2754.9975990000003,2299.452764,2590.610999
2023-11-07 14:00:00,1051.9560000000001,2701.334499,2275.1259,2485.6983330000003
2023-11-07 15:00:00,1045.792,2716.8488310000002,2239.1650009999994,2458.701333
2023-11-07 16:00:00,1057.543,2826.1364,2459.4332649999997,2586.5953329999998
2023-11-07 17:00:00,1204.1100000000001,3283.2298309999996,2789.825232,2941.564333
2023-11-07 18:00:00,1420.282,3724.026966,3132.8606959999997,3328.294
2023-11-07 19:00:00,1421.727,3888.427365,3177.427699,3470.482
2023-11-07 20:00:00,1438.864,3768.574297,3090.5073650000004,3375.910334
2023-11-07 21:00:00,1353.137,3583.270499,2998.064134,3225.166667
2023-11-07 22:00:00,1208.051,3263.541566,2727.13053,2937.8806649999997
2023-11-07 23:00:00,1091.179,2967.6337320000002,2435.5154949999996,2606.183333
2023-11-08 00:00:00,967.5450000000001,2620.798998,2110.940365,2276.5133339999998
2023-11-08 01:00:00,808.832,2373.0290649999997,1868.832731,2052.120667
2023-11-08 02:00:00,754.9739999999999,2238.568666,1745.148432,1905.1183340000002
2023-11-08 03:00:00,728.985,2172.364397,1686.186064,1832.609
2023-11-08 04:00:00,744.943,2180.1268649999997,1686.069167,1845.158001
2023-11-08 05:00:00,819.748,2331.5696639999996,1839.7977999999998,1912.0063340000002
2023-11-08 06:00:00,918.4499999999999,2552.84353,2079.555033,2211.584333
2023-11-08 07:00:00,1076.144,2909.787698,2446.937565,2671.144666
2023-11-08 08:00:00,1148.1529999999998,3160.269397,2714.6828649999998,2878.7346669999997
2023-11-08 09:00:00,1201.479,3228.17123,2785.616331,2836.8546659999997
2023-11-08 10:00:00,1202.2549999999999,3162.393999,2642.6372659999997,2870.2580000000003
2023-11-08 11:00:00,1160.482,3043.010298,2611.486666,2829.629667
2023-11-08 12:00:00,1130.3249999999998,2983.260596,2530.903733,2744.005333
2023-11-08 13:00:00,1096.949,2841.665599,2379.436762,2694.869666
2023-11-08 14:00:00,1050.729,2701.702098,2339.874165,2580.698333
2023-11-08 15:00:00,1028.054,2717.945298,2320.091998,2517.0116669999998
2023-11-08 16:00:00,1059.26,2932.535199,2546.748466,2599.784334
2023-11-08 17:00:00,1270.132,3340.311898,2903.0113650000003,2902.4823330000004
2023-11-08 18:00:00,1541.4630000000002,3788.526997,3271.8397640000003,3370.925333
2023-11-08 19:00:00,1600.155,3960.550765,3354.427765,3553.684668
2023-11-08 20:00:00,1527.433,4050.719198,3319.0105009999997,3510.7509999999997
2023-11-08 21:00:00,1449.0369999999998,3983.863098,3199.903964,3523.522999
2023-11-08 22:00:00,1381.184,3678.318765,2982.039065,3261.022333
2023-11-08 23:00:00,1265.661,3419.221898,2730.412433,2907.820334
2023-11-09 00:00:00,1066.2369999999999,3094.492131,2445.12173,2605.910333
2023-11-09 01:00:00,963.693,2812.4046990000006,2247.3988990000003,2385.0336660000003
2023-11-09 02:00:00,900.5699999999999,2657.519499,2144.537633,2189.900667
2023-11-09 03:00:00,870.698,2571.974399,2083.272062,2161.607001
2023-11-09 04:00:00,884.965,2607.72973,2083.777365,2145.362333
2023-11-09 05:00:00,927.787,2670.020697,2209.641363,2212.836666
2023-11-09 06:00:00,987.749,2987.1675649999997,2426.360331,2451.641333
2023-11-09 07:00:00,1167.194,3326.6511980000005,2841.0971980000004,2923.9483330000003
2023-11-09 08:00:00,1314.306,3565.861999,3115.422231,3214.538001
2023-11-09 09:00:00,1311.9679999999998,3627.310332,3072.5236640000003,3236.716
2023-11-09 10:00:00,1297.9940000000001,3634.2123970000002,2935.882331,3121.7313329999997
2023-11-09 11:00:00,1273.576,3463.973698,2860.012931,3069.884333
2023-11-09 12:00:00,1246.028,3367.4674,2830.744799,3074.635666
2023-11-09 13:00:00,1243.1870000000001,3223.0302979999997,2780.2086310000004,3031.185001
2023-11-09 14:00:00,1215.33,3195.134498,2712.729665,2938.380333
2023-11-09 15:00:00,1216.606,3229.0386980000003,2714.0185330000004,2969.093333
2023-11-09 16:00:00,1215.0639999999999,3574.285597,2858.7802629999996,3117.303666
2023-11-09 17:00:00,1422.3220000000001,3753.2322320000003,3191.012098,3434.651667
2023-11-09 18:00:00,1562.349,4126.125666,3518.8371640000005,3711.8456659999997
2023-11-09 19:00:00,1611.163,4088.164596,3461.735298,3715.311001
2023-11-09 20:00:00,1535.5,4039.398299,3511.191229,3598.907
2023-11-09 21:00:00,1396.586,3811.872998,3303.141999,3385.134669
2023-11-09 22:00:00,1286.307,3529.367899,2957.7547299999997,3137.1276660000003
2023-11-09 23:00:00,1177.622,3218.039299,2734.6474630000002,2863.881
2023-11-10 00:00:00,1020.9660000000001,2939.56433,2416.826597,2491.814334
2023-11-10 01:00:00,912.543,2634.055198,2167.5712310000004,2267.831334
2023-11-10 02:00:00,828.7740000000001,2486.741764,1975.9643660000002,2072.5089989999997
2023-11-10 03:00:00,769.749,2361.051664,1893.108999,1974.048667
2023-11-10 04:00:00,779.184,2338.950833,1859.248031,1941.728
2023-11-10 05:00:00,813.8870000000001,2414.154497,1934.8933299999999,1956.219667
2023-11-10 06:00:00,890.277,2515.403798,2052.788466,2182.8370000000004
2023-11-10 07:00:00,990.1400000000001,2825.053497,2353.775,2477.109001
2023-11-10 08:00:00,1082.988,3079.650796,2564.0522630000005,2766.806001
2023-11-10 09:00:00,1177.536,3199.811398,2674.2462990000004,2925.898666
2023-11-10 10:00:00,1206.998,3299.871998,2783.5987000000005,2931.382334
2023-11-10 11:00:00,1213.356,3187.5646989999996,2724.337965,2944.508002
2023-11-10 12:00:00,1239.347,3118.627598,2742.573698,2925.975667
2023-11-10 13:00:00,1201.543,3138.414698,2655.0028979999997,2854.8469999999998
2023-11-10 14:00:00,1163.92,3067.30713,2630.281798,2725.528666
2023-11-10 15:00:00,1165.502,3094.6229970000004,2684.18813,2790.407667
2023-11-10 16:00:00,1240.4470000000001,3180.221364,2764.9534999999996,2902.5573329999997
2023-11-10 17:00:00,1331.492,3412.7767999999996,3028.952597,3182.587833
2023-11-10 18:00:00,1414.157,3765.876496,3176.647498,3415.997584
2023-11-10 19:00:00,1417.621,3757.815829,3101.073699,3407.4174169999997
2023-11-10 20:00:00,1352.0859999999998,3655.979464,3002.305731,3218.072749
2023-11-10 21:00:00,1292.163,3456.221498,2913.6429980000003,3040.766334
2023-11-10 22:00:00,1217.413,3207.363799,2672.188499,2907.4844200000002
2023-11-10 23:00:00,1085.527,2952.731298,2455.6704640000003,2684.896917
2023-11-11 00:00:00,997.596,2704.199997,2209.757931,2370.824084
2023-11-11 01:00:00,889.49,2490.884432,1995.5529980000001,2153.596668
2023-11-11 02:00:00,803.0149999999999,2276.809365,1873.5599980000002,2012.071332
2023-11-11 03:00:00,766.619,2227.4841979999997,1790.8301330000002,1916.1749989999998
2023-11-11 04:00:00,743.462,2164.7114970000002,1696.7794979999999,1842.727333
2023-11-11 05:00:00,740.505,2192.931799,1704.102798,1789.631333
2023-11-11 06:00:00,803.449,2252.918596,1812.8576980000003,1929.9279999999999
2023-11-11 07:00:00,898.529,2415.4954989999997,1980.2328989999999,2206.0646699999998
2023-11-11 08:00:00,1063.812,2846.346098,2316.1112300000004,2579.4523329999997
2023-11-11 09:00:00,1199.801,3170.7151,2625.277166,2899.6009990000002
2023-11-11 10:00:00,1326.2469999999998,3404.9672979999996,2846.0270659999996,3127.6980009999997
2023-11-11 11:00:00,1336.3899999999999,3525.2346979999998,3001.1089650000004,3196.3266670000003
2023-11-11 12:00:00,1367.95,3579.130796,3039.066297,3142.5713349999996
2023-11-11 13:00:00,1389.344,3506.250497,2998.794898,3073.759333
2023-11-11 14:00:00,1347.341,3453.7748979999997,2945.146698,3035.7050000000004
2023-11-11 15:00:00,1308.192,3329.222698,2891.0135659999996,2993.999667
2023-11-11 16:00:00,1285.6190000000001,3398.2147649999997,2936.1546319999998,3038.9553339999998
2023-11-11 17:00:00,1354.672,3549.652197,3080.377198,3233.567166
2023-11-11 18:00:00,1423.636,3681.796597,3206.8748969999997,3401.169584
2023-11-11 19:00:00,1439.313,3673.169933,3182.322799,3393.055084
2023-11-11 20:00:00,1340.519,3624.504666,3010.2807980000002,3205.4504150000002
2023-11-11 21:00:00,1305.5030000000002,3428.824199,2943.4344,3047.324667
2023-11-11 22:00:00,1178.819,3251.2956990000002,2703.4607969999997,2779.4337530000003
2023-11-11 23:00:00,1108.636,3002.374198,2457.267896,2636.902916
2023-11-12 00:00:00,1009.515,2761.467397,2269.806966,2329.734418
2023-11-12 01:00:00,880.443,2488.758199,2007.860132,2151.604002
2023-11-12 02:00:00,787.2950000000001,2307.6540990000003,1850.817731,1954.3643339999999
2023-11-12 03:00:00,745.202,2233.606298,1743.181063,1869.5456669999999
2023-11-12 04:00:00,727.5319999999999,2171.129497,1687.3524969999999,1800.307999
2023-11-12 05:00:00,753.7289999999999,2210.931298,1705.9424980000001,1794.412335
2023-11-12 06:00:00,770.851,2283.7657,1791.521399,1889.980667
2023-11-12 07:00:00,871.1070000000001,2467.090999,1970.45163,2167.158665
2023-11-12 08:00:00,1040.9319999999998,2826.8449979999996,2340.15513,2509.27
2023-11-12 09:00:00,1177.4740000000002,3190.709898,2629.748068,2888.994998
2023-11-12 10:00:00,1293.3329999999999,3377.1420989999997,2898.999033,3101.289334
2023-11-12 11:00:00,1295.248,3509.600698,2958.3475660000004,3094.6429989999997
2023-11-12 12:00:00,1262.159,3570.313698,2983.669066,3089.5773339999996
2023-11-12 13:00:00,1290.606,3505.429698,2948.871765,3047.5106670000005
2023-11-12 14:00:00,1304.054,3432.506198,2863.897766,3050.187
2023-11-12 15:00:00,1274.915,3354.199997,2870.148397,3035.023666
2023-11-12 16:00:00,1328.6979999999999,3372.2318969999997,2859.780398,3203.163665
2023-11-12 17:00:00,1463.2340000000002,3641.1709960000003,3118.270665,3383.313
2023-11-12 18:00:00,1606.1309999999999,3978.270931,3283.199133,3706.882333
2023-11-12 19:00:00,1634.8270000000002,3935.337766,3347.948899,3637.075335
2023-11-12 20:00:00,1474.487,3796.0756,3199.040597,3417.6730000000002
2023-11-12 21:00:00,1349.6620000000003,3586.618098,3092.05193,3185.4043330000004
2023-11-12 22:00:00,1222.459,3385.798397,2855.583297,2932.123
2023-11-12 23:00:00,1114.671,3039.0461999999998,2553.728231,2635.035001
2023-11-13 00:00:00,999.9970000000001,2703.613898,2186.08603,2302.110665
2023-11-13 01:00:00,856.918,2373.247898,1960.8070320000002,2018.54
2023-11-13 02:00:00,757.086,2191.5039960000004,1750.5464650000001,1840.233335
2023-11-13 03:00:00,703.874,2080.0064979999997,1655.246431,1733.335668
2023-11-13 04:00:00,710.798,2055.245299,1614.130964,1690.682
2023-11-13 05:00:00,744.416,2150.8234,1701.1299680000002,1775.719666
2023-11-13 06:00:00,824.4749999999999,2334.401798,1919.099964,1958.271666
2023-11-13 07:00:00,969.924,2684.850798,2259.913797,2409.197998
2023-11-13 08:00:00,1072.657,2941.413598,2451.3855639999997,2641.2733340000004
2023-11-13 09:00:00,1130.6219999999998,3020.178199,2545.4619319999997,2777.411666
2023-11-13 10:00:00,1116.3110000000001,3042.559299,2498.9504990000005,2717.154
2023-11-13 11:00:00,1064.6219999999998,2894.727599,2468.255365,2629.322667
2023-11-13 12:00:00,1151.56,2884.6931,2451.2409310000003,2675.178667
2023-11-13 13:00:00,1154.592,2875.278999,2417.5311979999997,2730.679667
2023-11-13 14:00:00,1078.295,2834.895199,2429.888667,2604.247002
2023-11-13 15:00:00,1073.789,2867.1354969999998,2345.246666,2601.415666
2023-11-13 16:00:00,1105.417,2944.779599,2495.4926649999998,2689.0363340000004
2023-11-13 17:00:00,1232.7559999999999,3396.6293960000003,2885.166096,3037.377
2023-11-13 18:00:00,1475.663,3872.8450970000004,3305.088299,3482.9573339999997
2023-11-13 19:00:00,1592.5460000000003,4007.280099,3335.428199,3656.272333
2023-11-13 20:00:00,1490.75,4033.9609629999995,3341.662498,3585.303667
2023-11-13 21:00:00,1509.8999999999999,3936.5499640000003,3239.8401989999998,3472.056666
2023-11-13 22:00:00,1325.263,3724.6397979999997,2944.615466,3256.819
2023-11-13 23:00:00,1178.539,3354.0932000000003,2614.322831,2897.778998
2023-11-14 00:00:00,1070.136,2942.035498,2338.3345,2572.952999
2023-11-14 01:00:00,920.951,2706.3518990000002,2126.01023,2241.501
2023-11-14 02:00:00,835.04,2561.032599,2014.4181980000003,2165.990666
2023-11-14 03:00:00,793.765,2446.467099,1918.3620660000001,2082.0376669999996
2023-11-14 04:00:00,802.395,2457.8747980000003,1919.970729,2100.755334
2023-11-14 05:00:00,839.6,2565.3886989999996,2023.6573979999998,2139.210336
2023-11-14 06:00:00,951.026667,2770.415532,2306.200766,2433.989999
2023-11-14 07:00:00,1134.7996669999998,3227.835998,2733.1039329999994,2857.081
2023-11-14 08:00:00,1275.4936670000002,3495.288932,2931.610165,3147.400667
2023-11-14 09:00:00,1260.0879999999997,3512.796231,2891.155132,3126.052665
2023-11-14 10:00:00,1190.152,3294.09553,2701.119033,3033.565333
2023-11-14 11:00:00,1210.876,3199.083231,2610.616498,2914.863666
2023-11-14 12:00:00,1164.818,3093.695931,2513.359364,2807.412665
2023-11-14 13:00:00,1141.5749999999998,2966.6659,2429.645232,2765.405334
2023-11-14 14:00:00,1112.394,2854.7619649999997,2389.4179670000003,2660.587999
2023-11-14 15:00:00,1107.79,2859.330598,2374.7330629999997,2618.663333
2023-11-14 16:00:00,1115.585,3041.943198,2572.34933,2656.6376659999996
2023-11-14 17:00:00,1272.137,3587.5431980000003,2970.249997,3128.173667
2023-11-14 18:00:00,1480.6100000000001,3972.047399,3392.178995,3510.238
2023-11-14 19:00:00,1614.0259999999998,4034.669698,3539.8776669999997,3636.074001
2023-11-14 20:00:00,1496.9879999999998,3942.361497,3395.349898,3585.929336
2023-11-14 21:00:00,1402.515,3757.243097,3199.742134,3398.571999
2023-11-14 22:00:00,1309.907,3569.348698,2983.265833,3191.709999
2023-11-14 23:00:00,1107.8909999999998,3229.542732,2563.6706320000003,2817.432335
2023-11-15 00:00:00,970.421,2831.355999,2273.155795,2458.464335
2023-11-15 01:00:00,873.7860000000001,2536.6856980000002,2027.1113999999998,2214.068668
2023-11-15 02:00:00,786.291,2399.030967,1847.1018319999998,1988.751667
2023-11-15 03:00:00,746.97,2281.842066,1750.166565,1891.717001
2023-11-15 04:00:00,754.5719999999999,2239.084532,1755.6752299999998,1897.764334
2023-11-15 05:00:00,789.637,2307.367733,1868.850265,1951.7030009999999
2023-11-15 06:00:00,907.356,2517.539397,2101.920067,2210.6353339999996
2023-11-15 07:00:00,1068.544,2854.8038,2398.407198,2601.6646650000002
2023-11-15 08:00:00,1197.5990000000002,3128.6568990000005,2648.954664,2877.562332
2023-11-15 09:00:00,1237.8429999999998,3274.4869,2768.961166,2909.7856680000004
2023-11-15 10:00:00,1203.929,3237.260998,2714.885297,2865.918667
2023-11-15 11:00:00,1218.761,3187.148399,2693.817497,2810.107666
2023-11-15 12:00:00,1210.3419999999999,3187.351098,2653.780964,2892.962333
2023-11-15 13:00:00,1178.94,3104.105198,2611.946963,2892.4486660000002
2023-11-15 14:00:00,1199.581,3049.9545980000003,2613.866398,2878.373332
2023-11-15 15:00:00,1200.0729999999999,3101.2060969999998,2647.399032,2862.617667
2023-11-15 16:00:00,1206.692,3279.202497,2753.183597,2967.9446660000003
2023-11-15 17:00:00,1339.5240000000001,3639.667798,3117.1365299999998,3206.387
2023-11-15 18:00:00,1527.648,3928.153297,3423.213299,3574.648666
2023-11-15 19:00:00,1548.535,3931.671298,3444.486663,3633.517668
2023-11-15 20:00:00,1459.48,3856.940098,3323.423898,3555.598332
2023-11-15 21:00:00,1415.042,3778.439399,3243.6842300000003,3435.694665
2023-11-15 22:00:00,1290.5240000000001,3557.274566,3046.331365,3179.701332
2023-11-15 23:00:00,1156.465,3199.7625980000003,2724.4966619999996,2882.2763330000002
2023-11-16 00:00:00,999.319,2892.880432,2368.3408299999996,2496.397
2023-11-16 01:00:00,907.104,2613.492429,2129.4072640000004,2261.242
2023-11-16 02:00:00,834.146,2521.697398,2018.421863,2090.8740000000003
2023-11-16 03:00:00,801.997,2442.661832,1903.680266,2024.0553330000002
2023-11-16 04:00:00,787.306,2425.164698,1848.886329,1966.7453329999998
2023-11-16 05:00:00,803.937,2479.4084980000002,1949.6687630000001,2072.131333
2023-11-16 06:00:00,929.22,2745.5172650000004,2218.141931,2309.5319999999997
2023-11-16 07:00:00,1066.596,3050.420599,2625.055931,2710.2709999999997
2023-11-16 08:00:00,1174.329,3317.066632,2819.425495,3034.983999
2023-11-16 09:00:00,1217.6750000000002,3314.5004639999997,2805.864229,3089.609333
2023-11-16 10:00:00,1113.371,3263.7625980000003,2721.5851000000002,2876.3666670000002
2023-11-16 11:00:00,1146.3939999999998,3155.074799,2627.1558640000003,2828.448999
2023-11-16 12:00:00,1162.365,3126.656731,2582.030998,2906.7920000000004
2023-11-16 13:00:00,1122.076,3088.854499,2627.6389980000004,2929.2799999999997
2023-11-16 14:00:00,1137.151,3025.3750309999996,2450.1356990000004,2817.608
2023-11-16 15:00:00,1049.583,2940.541264,2426.054497,2689.901
2023-11-16 16:00:00,1113.3590000000002,3071.370231,2588.427566,2800.509
2023-11-16 17:00:00,1258.018,3506.536996,3029.525964,3150.71
2023-11-16 18:00:00,1466.1819999999998,4001.542432,3410.988531,3616.148
2023-11-16 19:00:00,1536.3980000000001,4165.5745640000005,3476.3511630000003,3783.675
2023-11-16 20:00:00,1562.254,4118.565831,3477.1125650000004,3727.853
2023-11-16 21:00:00,1499.51,4014.766898,3395.966799,3636.806
2023-11-16 22:00:00,1357.0970000000002,3793.879397,3232.8235969999996,3345.6099999999997
2023-11-16 23:00:00,1272.273,3440.418697,2826.948231,3014.571
2023-11-17 00:00:00,920.452,2544.308299,1964.409932,2166.243
2023-11-17 01:00:00,0.0,0.0,0.0,0.0
2023-11-17 02:00:00,0.0,0.0,0.0,0.0
2023-11-17 03:00:00,0.0,0.0,0.0,0.0
2023-11-17 04:00:00,0.0,0.0,0.0,0.0
2023-11-17 05:00:00,0.0,0.0,0.0,0.0
2023-11-17 06:00:00,0.0,0.0,0.0,0.0
2023-11-17 07:00:00,0.0,0.0,0.0,0.0
2023-11-17 08:00:00,0.0,0.0,0.0,0.0
2023-11-17 09:00:00,0.0,0.0,0.0,0.0
2023-11-17 10:00:00,0.0,0.0,0.0,0.0
2023-11-17 11:00:00,0.0,0.0,0.0,0.0
2023-11-17 12:00:00,0.0,0.0,0.0,0.0
2023-11-17 13:00:00,0.0,0.0,0.0,0.0
2023-11-17 14:00:00,0.0,0.0,0.0,0.0
2023-11-17 15:00:00,0.0,0.0,0.0,0.0
2023-11-17 16:00:00,0.0,0.0,0.0,0.0
2023-11-17 17:00:00,0.0,0.0,0.0,0.0
2023-11-17 18:00:00,0.0,0.0,0.0,0.0
2023-11-17 19:00:00,0.0,0.0,0.0,0.0
2023-11-17 20:00:00,0.0,0.0,0.0,0.0
2023-11-17 21:00:00,0.0,0.0,0.0,0.0
2023-11-17 22:00:00,0.0,0.0,0.0,0.0
2023-11-17 23:00:00,0.0,0.0,0.0,0.0
2023-11-18 00:00:00,0.0,0.0,0.0,0.0
2023-11-18 01:00:00,0.0,0.0,0.0,0.0
2023-11-18 02:00:00,0.0,0.0,0.0,0.0
2023-11-18 03:00:00,0.0,0.0,0.0,0.0
2023-11-18 04:00:00,0.0,0.0,0.0,0.0
2023-11-18 05:00:00,0.0,0.0,0.0,0.0
2023-11-18 06:00:00,0.0,0.0,0.0,0.0
2023-11-18 07:00:00,0.0,0.0,0.0,0.0
2023-11-18 08:00:00,0.0,0.0,0.0,0.0
2023-11-18 09:00:00,0.0,0.0,0.0,0.0
2023-11-18 10:00:00,0.0,0.0,0.0,0.0
2023-11-18 11:00:00,0.0,0.0,0.0,0.0
2023-11-18 12:00:00,0.0,0.0,0.0,0.0
2023-11-18 13:00:00,0.0,0.0,0.0,0.0
2023-11-18 14:00:00,0.0,0.0,0.0,0.0
2023-11-18 15:00:00,0.0,0.0,0.0,0.0
2023-11-18 16:00:00,0.0,0.0,0.0,0.0
2023-11-18 17:00:00,0.0,0.0,0.0,0.0
2023-11-18 18:00:00,0.0,0.0,0.0,0.0
2023-11-18 19:00:00,0.0,0.0,0.0,0.0
2023-11-18 20:00:00,0.0,0.0,0.0,0.0
2023-11-18 21:00:00,0.0,0.0,0.0,0.0
2023-11-18 22:00:00,0.0,0.0,0.0,0.0
2023-11-18 23:00:00,0.0,0.0,0.0,0.0
2023-11-19 00:00:00,0.0,0.0,0.0,0.0
2023-11-19 01:00:00,0.0,0.0,0.0,0.0
2023-11-19 02:00:00,0.0,0.0,0.0,0.0
2023-11-19 03:00:00,0.0,0.0,0.0,0.0
2023-11-19 04:00:00,0.0,0.0,0.0,0.0
2023-11-19 05:00:00,0.0,0.0,0.0,0.0
2023-11-19 06:00:00,0.0,0.0,0.0,0.0
2023-11-19 07:00:00,0.0,0.0,0.0,0.0
2023-11-19 08:00:00,0.0,0.0,0.0,0.0
2023-11-19 09:00:00,0.0,0.0,0.0,0.0
2023-11-19 10:00:00,0.0,0.0,0.0,0.0
2023-11-19 11:00:00,0.0,0.0,0.0,0.0
2023-11-19 12:00:00,0.0,0.0,0.0,0.0
2023-11-19 13:00:00,0.0,0.0,0.0,0.0
2023-11-19 14:00:00,0.0,0.0,0.0,0.0
2023-11-19 15:00:00,0.0,0.0,0.0,0.0
2023-11-19 16:00:00,0.0,0.0,0.0,0.0
2023-11-19 17:00:00,0.0,0.0,0.0,0.0
2023-11-19 18:00:00,0.0,0.0,0.0,0.0
2023-11-19 19:00:00,0.0,0.0,0.0,0.0
2023-11-19 20:00:00,0.0,0.0,0.0,0.0
2023-11-19 21:00:00,0.0,0.0,0.0,0.0
2023-11-19 22:00:00,0.0,0.0,0.0,0.0
2023-11-19 23:00:00,0.0,0.0,0.0,0.0
2023-11-20 00:00:00,0.0,0.0,0.0,0.0
2023-11-20 01:00:00,0.0,0.0,0.0,0.0
2023-11-20 02:00:00,0.0,0.0,0.0,0.0
2023-11-20 03:00:00,0.0,0.0,0.0,0.0
2023-11-20 04:00:00,0.0,0.0,0.0,0.0
2023-11-20 05:00:00,0.0,0.0,0.0,0.0
2023-11-20 06:00:00,0.0,0.0,0.0,0.0
2023-11-20 07:00:00,0.0,0.0,0.0,0.0
2023-11-20 08:00:00,0.0,0.0,0.0,0.0
2023-11-20 09:00:00,0.0,0.0,0.0,0.0
2023-11-20 10:00:00,0.0,0.0,0.0,0.0
2023-11-20 11:00:00,0.0,0.0,0.0,0.0
2023-11-20 12:00:00,0.0,0.0,0.0,0.0
2023-11-20 13:00:00,0.0,0.0,0.0,0.0
2023-11-20 14:00:00,0.0,0.0,0.0,0.0
2023-11-20 15:00:00,0.0,0.0,0.0,0.0
2023-11-20 16:00:00,0.0,0.0,0.0,0.0
2023-11-20 17:00:00,0.0,0.0,0.0,0.0
2023-11-20 18:00:00,0.0,0.0,0.0,0.0
2023-11-20 19:00:00,0.0,0.0,0.0,0.0
2023-11-20 20:00:00,0.0,0.0,0.0,0.0
2023-11-20 21:00:00,0.0,0.0,0.0,0.0
2023-11-20 22:00:00,0.0,0.0,0.0,0.0
2023-11-20 23:00:00,0.0,0.0,0.0,0.0
2023-11-21 00:00:00,0.0,0.0,0.0,0.0
2023-11-21 01:00:00,0.0,0.0,0.0,0.0
2023-11-21 02:00:00,0.0,0.0,0.0,0.0
2023-11-21 03:00:00,0.0,0.0,0.0,0.0
2023-11-21 04:00:00,0.0,0.0,0.0,0.0
2023-11-21 05:00:00,0.0,0.0,0.0,0.0
2023-11-21 06:00:00,0.0,0.0,0.0,0.0
2023-11-21 07:00:00,0.0,0.0,0.0,0.0
2023-11-21 08:00:00,0.0,0.0,0.0,0.0
2023-11-21 09:00:00,0.0,0.0,0.0,0.0
2023-11-21 10:00:00,0.0,0.0,0.0,0.0
2023-11-21 11:00:00,0.0,0.0,0.0,0.0
2023-11-21 12:00:00,0.0,0.0,0.0,0.0
2023-11-21 13:00:00,0.0,0.0,0.0,0.0
2023-11-21 14:00:00,0.0,0.0,0.0,0.0
2023-11-21 15:00:00,0.0,0.0,0.0,0.0
2023-11-21 16:00:00,0.0,0.0,0.0,0.0
2023-11-21 17:00:00,0.0,0.0,0.0,0.0
2023-11-21 18:00:00,0.0,0.0,0.0,0.0
2023-11-21 19:00:00,0.0,0.0,0.0,0.0
2023-11-21 20:00:00,0.0,0.0,0.0,0.0
2023-11-21 21:00:00,0.0,0.0,0.0,0.0
2023-11-21 22:00:00,0.0,0.0,0.0,0.0
2023-11-21 23:00:00,0.0,0.0,0.0,0.0
2023-11-22 00:00:00,0.0,0.0,0.0,0.0
2023-11-22 01:00:00,0.0,0.0,0.0,0.0
2023-11-22 02:00:00,0.0,0.0,0.0,0.0
2023-11-22 03:00:00,0.0,0.0,0.0,0.0
2023-11-22 04:00:00,0.0,0.0,0.0,0.0
2023-11-22 05:00:00,0.0,0.0,0.0,0.0
2023-11-22 06:00:00,0.0,0.0,0.0,0.0
2023-11-22 07:00:00,0.0,0.0,0.0,0.0
2023-11-22 08:00:00,0.0,0.0,0.0,0.0
2023-11-22 09:00:00,0.0,0.0,0.0,0.0
2023-11-22 10:00:00,0.0,0.0,0.0,0.0
2023-11-22 11:00:00,0.0,0.0,0.0,0.0
2023-11-22 12:00:00,0.0,0.0,0.0,0.0
2023-11-22 13:00:00,0.0,0.0,0.0,0.0
2023-11-22 14:00:00,0.0,0.0,0.0,0.0
2023-11-22 15:00:00,0.0,0.0,0.0,0.0
2023-11-22 16:00:00,0.0,0.0,0.0,0.0
2023-11-22 17:00:00,0.0,0.0,0.0,0.0
2023-11-22 18:00:00,0.0,0.0,0.0,0.0
2023-11-22 19:00:00,0.0,0.0,0.0,0.0
2023-11-22 20:00:00,0.0,0.0,0.0,0.0
2023-11-22 21:00:00,0.0,0.0,0.0,0.0
2023-11-22 22:00:00,0.0,0.0,0.0,0.0
2023-11-22 23:00:00,0.0,0.0,0.0,0.0
2023-11-23 00:00:00,0.0,0.0,0.0,0.0
2023-11-23 01:00:00,0.0,0.0,0.0,0.0
2023-11-23 02:00:00,0.0,0.0,0.0,0.0
2023-11-23 03:00:00,0.0,0.0,0.0,0.0
2023-11-23 04:00:00,0.0,0.0,0.0,0.0
2023-11-23 05:00:00,0.0,0.0,0.0,0.0
2023-11-23 06:00:00,0.0,0.0,0.0,0.0
2023-11-23 07:00:00,0.0,0.0,0.0,0.0
2023-11-23 08:00:00,0.0,0.0,0.0,0.0
2023-11-23 09:00:00,0.0,0.0,0.0,0.0
2023-11-23 10:00:00,0.0,0.0,0.0,0.0
2023-11-23 11:00:00,0.0,0.0,0.0,0.0
2023-11-23 12:00:00,0.0,0.0,0.0,0.0
2023-11-23 13:00:00,0.0,0.0,0.0,0.0
2023-11-23 14:00:00,0.0,0.0,0.0,0.0
2023-11-23 15:00:00,0.0,0.0,0.0,0.0
2023-11-23 16:00:00,0.0,0.0,0.0,0.0
2023-11-23 17:00:00,0.0,0.0,0.0,0.0
2023-11-23 18:00:00,0.0,0.0,0.0,0.0
2023-11-23 19:00:00,0.0,0.0,0.0,0.0
2023-11-23 20:00:00,0.0,0.0,0.0,0.0
2023-11-23 21:00:00,0.0,0.0,0.0,0.0
2023-11-23 22:00:00,0.0,0.0,0.0,0.0
2023-11-23 23:00:00,0.0,0.0,0.0,0.0
2023-11-24 00:00:00,0.0,0.0,0.0,0.0
2023-11-24 01:00:00,0.0,0.0,0.0,0.0
2023-11-24 02:00:00,0.0,0.0,0.0,0.0
2023-11-24 03:00:00,0.0,0.0,0.0,0.0
2023-11-24 04:00:00,0.0,0.0,0.0,0.0
2023-11-24 05:00:00,0.0,0.0,0.0,0.0
2023-11-24 06:00:00,0.0,0.0,0.0,0.0
2023-11-24 07:00:00,0.0,0.0,0.0,0.0
2023-11-24 08:00:00,0.0,0.0,0.0,0.0
2023-11-24 09:00:00,0.0,0.0,0.0,0.0
2023-11-24 10:00:00,0.0,0.0,0.0,0.0
2023-11-24 11:00:00,0.0,0.0,0.0,0.0
2023-11-24 12:00:00,0.0,0.0,0.0,0.0
2023-11-24 13:00:00,0.0,0.0,0.0,0.0
2023-11-24 14:00:00,0.0,0.0,0.0,0.0
2023-11-24 15:00:00,0.0,0.0,0.0,0.0
2023-11-24 16:00:00,0.0,0.0,0.0,0.0
2023-11-24 17:00:00,0.0,0.0,0.0,0.0
2023-11-24 18:00:00,0.0,0.0,0.0,0.0
2023-11-24 19:00:00,0.0,0.0,0.0,0.0
2023-11-24 20:00:00,0.0,0.0,0.0,0.0
2023-11-24 21:00:00,0.0,0.0,0.0,0.0
2023-11-24 22:00:00,0.0,0.0,0.0,0.0
2023-11-24 23:00:00,0.0,0.0,0.0,0.0
2023-11-25 00:00:00,0.0,0.0,0.0,0.0
2023-11-25 01:00:00,0.0,0.0,0.0,0.0
2023-11-25 02:00:00,0.0,0.0,0.0,0.0
2023-11-25 03:00:00,0.0,0.0,0.0,0.0
2023-11-25 04:00:00,0.0,0.0,0.0,0.0
2023-11-25 05:00:00,0.0,0.0,0.0,0.0
2023-11-25 06:00:00,0.0,0.0,0.0,0.0
2023-11-25 07:00:00,0.0,0.0,0.0,0.0
2023-11-25 08:00:00,0.0,0.0,0.0,0.0
2023-11-25 09:00:00,0.0,0.0,0.0,0.0
2023-11-25 10:00:00,0.0,0.0,0.0,0.0
2023-11-25 11:00:00,0.0,0.0,0.0,0.0
2023-11-25 12:00:00,0.0,0.0,0.0,0.0
2023-11-25 13:00:00,0.0,0.0,0.0,0.0
2023-11-25 14:00:00,0.0,0.0,0.0,0.0
2023-11-25 15:00:00,0.0,0.0,0.0,0.0
2023-11-25 16:00:00,0.0,0.0,0.0,0.0
2023-11-25 17:00:00,0.0,0.0,0.0,0.0
2023-11-25 18:00:00,0.0,0.0,0.0,0.0
2023-11-25 19:00:00,0.0,0.0,0.0,0.0
2023-11-25 20:00:00,0.0,0.0,0.0,0.0
2023-11-25 21:00:00,0.0,0.0,0.0,0.0
2023-11-25 22:00:00,0.0,0.0,0.0,0.0
2023-11-25 23:00:00,0.0,0.0,0.0,0.0
2023-11-26 00:00:00,0.0,0.0,0.0,0.0
2023-11-26 01:00:00,0.0,0.0,0.0,0.0
2023-11-26 02:00:00,0.0,0.0,0.0,0.0
2023-11-26 03:00:00,0.0,0.0,0.0,0.0
2023-11-26 04:00:00,0.0,0.0,0.0,0.0
2023-11-26 05:00:00,0.0,0.0,0.0,0.0
2023-11-26 06:00:00,0.0,0.0,0.0,0.0
2023-11-26 07:00:00,0.0,0.0,0.0,0.0
2023-11-26 08:00:00,0.0,0.0,0.0,0.0
2023-11-26 09:00:00,0.0,0.0,0.0,0.0
2023-11-26 10:00:00,0.0,0.0,0.0,0.0
2023-11-26 11:00:00,0.0,0.0,0.0,0.0
2023-11-26 12:00:00,0.0,0.0,0.0,0.0
2023-11-26 13:00:00,0.0,0.0,0.0,0.0
2023-11-26 14:00:00,0.0,0.0,0.0,0.0
2023-11-26 15:00:00,0.0,0.0,0.0,0.0
2023-11-26 16:00:00,0.0,0.0,0.0,0.0
2023-11-26 17:00:00,0.0,0.0,0.0,0.0
2023-11-26 18:00:00,0.0,0.0,0.0,0.0
2023-11-26 19:00:00,0.0,0.0,0.0,0.0
2023-11-26 20:00:00,0.0,0.0,0.0,0.0
2023-11-26 21:00:00,0.0,0.0,0.0,0.0
2023-11-26 22:00:00,0.0,0.0,0.0,0.0
2023-11-26 23:00:00,0.0,0.0,0.0,0.0
2023-11-27 00:00:00,0.0,0.0,0.0,0.0
2023-11-27 01:00:00,0.0,0.0,0.0,0.0
2023-11-27 02:00:00,0.0,0.0,0.0,0.0
2023-11-27 03:00:00,0.0,0.0,0.0,0.0
2023-11-27 04:00:00,0.0,0.0,0.0,0.0
2023-11-27 05:00:00,0.0,0.0,0.0,0.0
2023-11-27 06:00:00,0.0,0.0,0.0,0.0
2023-11-27 07:00:00,0.0,0.0,0.0,0.0
2023-11-27 08:00:00,0.0,0.0,0.0,0.0
2023-11-27 09:00:00,0.0,0.0,0.0,0.0
2023-11-27 10:00:00,0.0,0.0,0.0,0.0
2023-11-27 11:00:00,0.0,0.0,0.0,0.0
2023-11-27 12:00:00,0.0,0.0,0.0,0.0
2023-11-27 13:00:00,0.0,0.0,0.0,0.0
2023-11-27 14:00:00,0.0,0.0,0.0,0.0
2023-11-27 15:00:00,0.0,0.0,0.0,0.0
2023-11-27 16:00:00,0.0,0.0,0.0,0.0
2023-11-27 17:00:00,0.0,0.0,0.0,0.0
2023-11-27 18:00:00,0.0,0.0,0.0,0.0
2023-11-27 19:00:00,0.0,0.0,0.0,0.0
2023-11-27 20:00:00,0.0,0.0,0.0,0.0
2023-11-27 21:00:00,0.0,0.0,0.0,0.0
2023-11-27 22:00:00,0.0,0.0,0.0,0.0
2023-11-27 23:00:00,0.0,0.0,0.0,0.0
2023-11-28 00:00:00,0.0,0.0,0.0,0.0
2023-11-28 01:00:00,0.0,0.0,0.0,0.0
2023-11-28 02:00:00,0.0,0.0,0.0,0.0
2023-11-28 03:00:00,0.0,0.0,0.0,0.0
2023-11-28 04:00:00,0.0,0.0,0.0,0.0
2023-11-28 05:00:00,0.0,0.0,0.0,0.0
2023-11-28 06:00:00,0.0,0.0,0.0,0.0
2023-11-28 07:00:00,0.0,0.0,0.0,0.0
2023-11-28 08:00:00,0.0,0.0,0.0,0.0
2023-11-28 09:00:00,0.0,0.0,0.0,0.0
2023-11-28 10:00:00,0.0,0.0,0.0,0.0
2023-11-28 11:00:00,0.0,0.0,0.0,0.0
2023-11-28 12:00:00,0.0,0.0,0.0,0.0
2023-11-28 13:00:00,0.0,0.0,0.0,0.0
2023-11-28 14:00:00,0.0,0.0,0.0,0.0
2023-11-28 15:00:00,0.0,0.0,0.0,0.0
2023-11-28 16:00:00,0.0,0.0,0.0,0.0
2023-11-28 17:00:00,0.0,0.0,0.0,0.0
2023-11-28 18:00:00,0.0,0.0,0.0,0.0
2023-11-28 19:00:00,0.0,0.0,0.0,0.0
2023-11-28 20:00:00,0.0,0.0,0.0,0.0
2023-11-28 21:00:00,0.0,0.0,0.0,0.0
2023-11-28 22:00:00,0.0,0.0,0.0,0.0
2023-11-28 23:00:00,0.0,0.0,0.0,0.0
2023-11-29 00:00:00,0.0,0.0,0.0,0.0
2023-11-29 01:00:00,0.0,0.0,0.0,0.0
2023-11-29 02:00:00,0.0,0.0,0.0,0.0
2023-11-29 03:00:00,0.0,0.0,0.0,0.0
2023-11-29 04:00:00,0.0,0.0,0.0,0.0
2023-11-29 05:00:00,0.0,0.0,0.0,0.0
2023-11-29 06:00:00,0.0,0.0,0.0,0.0
2023-11-29 07:00:00,0.0,0.0,0.0,0.0
2023-11-29 08:00:00,0.0,0.0,0.0,0.0
2023-11-29 09:00:00,0.0,0.0,0.0,0.0
2023-11-29 10:00:00,0.0,0.0,0.0,0.0
2023-11-29 11:00:00,0.0,0.0,0.0,0.0
2023-11-29 12:00:00,0.0,0.0,0.0,0.0
2023-11-29 13:00:00,0.0,0.0,0.0,0.0
2023-11-29 14:00:00,0.0,0.0,0.0,0.0
2023-11-29 15:00:00,0.0,0.0,0.0,0.0
2023-11-29 16:00:00,0.0,0.0,0.0,0.0
2023-11-29 17:00:00,0.0,0.0,0.0,0.0
2023-11-29 18:00:00,0.0,0.0,0.0,0.0
2023-11-29 19:00:00,0.0,0.0,0.0,0.0
2023-11-29 20:00:00,0.0,0.0,0.0,0.0
2023-11-29 21:00:00,0.0,0.0,0.0,0.0
2023-11-29 22:00:00,0.0,0.0,0.0,0.0
2023-11-29 23:00:00,0.0,0.0,0.0,0.0
2023-11-30 00:00:00,0.0,0.0,0.0,0.0
2023-11-30 01:00:00,0.0,0.0,0.0,0.0
2023-11-30 02:00:00,0.0,0.0,0.0,0.0
2023-11-30 03:00:00,0.0,0.0,0.0,0.0
2023-11-30 04:00:00,0.0,0.0,0.0,0.0
2023-11-30 05:00:00,0.0,0.0,0.0,0.0
2023-11-30 06:00:00,0.0,0.0,0.0,0.0
2023-11-30 07:00:00,0.0,0.0,0.0,0.0
2023-11-30 08:00:00,0.0,0.0,0.0,0.0
2023-11-30 09:00:00,0.0,0.0,0.0,0.0
2023-11-30 10:00:00,0.0,0.0,0.0,0.0
2023-11-30 11:00:00,0.0,0.0,0.0,0.0
2023-11-30 12:00:00,0.0,0.0,0.0,0.0
2023-11-30 13:00:00,0.0,0.0,0.0,0.0
2023-11-30 14:00:00,0.0,0.0,0.0,0.0
2023-11-30 15:00:00,0.0,0.0,0.0,0.0
2023-11-30 16:00:00,0.0,0.0,0.0,0.0
2023-11-30 17:00:00,0.0,0.0,0.0,0.0
2023-11-30 18:00:00,0.0,0.0,0.0,0.0
2023-11-30 19:00:00,0.0,0.0,0.0,0.0
2023-11-30 20:00:00,0.0,0.0,0.0,0.0
2023-11-30 21:00:00,0.0,0.0,0.0,0.0
2023-11-30 22:00:00,0.0,0.0,0.0,0.0
2023-11-30 23:00:00,0.0,0.0,0.0,0.0
2023-12-01 00:00:00,0.0,0.0,0.0,0.0
2023-12-01 01:00:00,0.0,0.0,0.0,0.0
2023-12-01 02:00:00,0.0,0.0,0.0,0.0
2023-12-01 03:00:00,0.0,0.0,0.0,0.0
2023-12-01 04:00:00,0.0,0.0,0.0,0.0
2023-12-01 05:00:00,0.0,0.0,0.0,0.0
2023-12-01 06:00:00,0.0,0.0,0.0,0.0
2023-12-01 07:00:00,0.0,0.0,0.0,0.0
2023-12-01 08:00:00,0.0,0.0,0.0,0.0
2023-12-01 09:00:00,0.0,0.0,0.0,0.0
2023-12-01 10:00:00,0.0,0.0,0.0,0.0
2023-12-01 11:00:00,0.0,0.0,0.0,0.0
2023-12-01 12:00:00,0.0,0.0,0.0,0.0
2023-12-01 13:00:00,0.0,0.0,0.0,0.0
2023-12-01 14:00:00,0.0,0.0,0.0,0.0
2023-12-01 15:00:00,0.0,0.0,0.0,0.0
2023-12-01 16:00:00,0.0,0.0,0.0,0.0
2023-12-01 17:00:00,0.0,0.0,0.0,0.0
2023-12-01 18:00:00,0.0,0.0,0.0,0.0
2023-12-01 19:00:00,0.0,0.0,0.0,0.0
2023-12-01 20:00:00,0.0,0.0,0.0,0.0
2023-12-01 21:00:00,0.0,0.0,0.0,0.0
2023-12-01 22:00:00,0.0,0.0,0.0,0.0
2023-12-01 23:00:00,0.0,0.0,0.0,0.0
2023-12-02 00:00:00,0.0,0.0,0.0,0.0
2023-12-02 01:00:00,0.0,0.0,0.0,0.0
2023-12-02 02:00:00,0.0,0.0,0.0,0.0
2023-12-02 03:00:00,0.0,0.0,0.0,0.0
2023-12-02 04:00:00,0.0,0.0,0.0,0.0
2023-12-02 05:00:00,0.0,0.0,0.0,0.0
2023-12-02 06:00:00,0.0,0.0,0.0,0.0
2023-12-02 07:00:00,0.0,0.0,0.0,0.0
2023-12-02 08:00:00,0.0,0.0,0.0,0.0
2023-12-02 09:00:00,0.0,0.0,0.0,0.0
2023-12-02 10:00:00,0.0,0.0,0.0,0.0
2023-12-02 11:00:00,0.0,0.0,0.0,0.0
2023-12-02 12:00:00,0.0,0.0,0.0,0.0
2023-12-02 13:00:00,0.0,0.0,0.0,0.0
2023-12-02 14:00:00,0.0,0.0,0.0,0.0
2023-12-02 15:00:00,0.0,0.0,0.0,0.0
2023-12-02 16:00:00,0.0,0.0,0.0,0.0
2023-12-02 17:00:00,0.0,0.0,0.0,0.0
2023-12-02 18:00:00,0.0,0.0,0.0,0.0
2023-12-02 19:00:00,0.0,0.0,0.0,0.0
2023-12-02 20:00:00,0.0,0.0,0.0,0.0
2023-12-02 21:00:00,0.0,0.0,0.0,0.0
2023-12-02 22:00:00,0.0,0.0,0.0,0.0
2023-12-02 23:00:00,0.0,0.0,0.0,0.0
2023-12-03 00:00:00,0.0,0.0,0.0,0.0
2023-12-03 01:00:00,0.0,0.0,0.0,0.0
2023-12-03 02:00:00,0.0,0.0,0.0,0.0
2023-12-03 03:00:00,0.0,0.0,0.0,0.0
2023-12-03 04:00:00,0.0,0.0,0.0,0.0
2023-12-03 05:00:00,0.0,0.0,0.0,0.0
2023-12-03 06:00:00,0.0,0.0,0.0,0.0
2023-12-03 07:00:00,0.0,0.0,0.0,0.0
2023-12-03 08:00:00,0.0,0.0,0.0,0.0
2023-12-03 09:00:00,0.0,0.0,0.0,0.0
2023-12-03 10:00:00,0.0,0.0,0.0,0.0
2023-12-03 11:00:00,0.0,0.0,0.0,0.0
2023-12-03 12:00:00,0.0,0.0,0.0,0.0
2023-12-03 13:00:00,0.0,0.0,0.0,0.0
2023-12-03 14:00:00,0.0,0.0,0.0,0.0
2023-12-03 15:00:00,0.0,0.0,0.0,0.0
2023-12-03 16:00:00,0.0,0.0,0.0,0.0
2023-12-03 17:00:00,0.0,0.0,0.0,0.0
2023-12-03 18:00:00,0.0,0.0,0.0,0.0
2023-12-03 19:00:00,0.0,0.0,0.0,0.0
2023-12-03 20:00:00,0.0,0.0,0.0,0.0
2023-12-03 21:00:00,0.0,0.0,0.0,0.0
2023-12-03 22:00:00,0.0,0.0,0.0,0.0
2023-12-03 23:00:00,0.0,0.0,0.0,0.0
2023-12-04 00:00:00,0.0,0.0,0.0,0.0
2023-12-04 01:00:00,0.0,0.0,0.0,0.0
2023-12-04 02:00:00,0.0,0.0,0.0,0.0
2023-12-04 03:00:00,0.0,0.0,0.0,0.0
2023-12-04 04:00:00,0.0,0.0,0.0,0.0
2023-12-04 05:00:00,0.0,0.0,0.0,0.0
2023-12-04 06:00:00,0.0,0.0,0.0,0.0
2023-12-04 07:00:00,0.0,0.0,0.0,0.0
2023-12-04 08:00:00,0.0,0.0,0.0,0.0
2023-12-04 09:00:00,0.0,0.0,0.0,0.0
2023-12-04 10:00:00,0.0,0.0,0.0,0.0
2023-12-04 11:00:00,0.0,0.0,0.0,0.0
2023-12-04 12:00:00,0.0,0.0,0.0,0.0
2023-12-04 13:00:00,0.0,0.0,0.0,0.0
2023-12-04 14:00:00,0.0,0.0,0.0,0.0
2023-12-04 15:00:00,0.0,0.0,0.0,0.0
2023-12-04 16:00:00,0.0,0.0,0.0,0.0
2023-12-04 17:00:00,0.0,0.0,0.0,0.0
2023-12-04 18:00:00,0.0,0.0,0.0,0.0
2023-12-04 19:00:00,0.0,0.0,0.0,0.0
2023-12-04 20:00:00,0.0,0.0,0.0,0.0
2023-12-04 21:00:00,0.0,0.0,0.0,0.0
2023-12-04 22:00:00,0.0,0.0,0.0,0.0
2023-12-04 23:00:00,0.0,0.0,0.0,0.0
2023-12-05 00:00:00,0.0,0.0,0.0,0.0
2023-12-05 01:00:00,0.0,0.0,0.0,0.0
2023-12-05 02:00:00,0.0,0.0,0.0,0.0
2023-12-05 03:00:00,0.0,0.0,0.0,0.0
2023-12-05 04:00:00,0.0,0.0,0.0,0.0
2023-12-05 05:00:00,0.0,0.0,0.0,0.0
2023-12-05 06:00:00,0.0,0.0,0.0,0.0
2023-12-05 07:00:00,0.0,0.0,0.0,0.0
2023-12-05 08:00:00,0.0,0.0,0.0,0.0
2023-12-05 09:00:00,0.0,0.0,0.0,0.0
2023-12-05 10:00:00,0.0,0.0,0.0,0.0
2023-12-05 11:00:00,0.0,0.0,0.0,0.0
2023-12-05 12:00:00,0.0,0.0,0.0,0.0
2023-12-05 13:00:00,0.0,0.0,0.0,0.0
2023-12-05 14:00:00,0.0,0.0,0.0,0.0
2023-12-05 15:00:00,0.0,0.0,0.0,0.0
2023-12-05 16:00:00,0.0,0.0,0.0,0.0
2023-12-05 17:00:00,0.0,0.0,0.0,0.0
2023-12-05 18:00:00,0.0,0.0,0.0,0.0
2023-12-05 19:00:00,0.0,0.0,0.0,0.0
2023-12-05 20:00:00,0.0,0.0,0.0,0.0
2023-12-05 21:00:00,0.0,0.0,0.0,0.0
2023-12-05 22:00:00,0.0,0.0,0.0,0.0
2023-12-05 23:00:00,0.0,0.0,0.0,0.0
2023-12-06 00:00:00,0.0,0.0,0.0,0.0
2023-12-06 01:00:00,0.0,0.0,0.0,0.0
2023-12-06 02:00:00,0.0,0.0,0.0,0.0
2023-12-06 03:00:00,0.0,0.0,0.0,0.0
2023-12-06 04:00:00,0.0,0.0,0.0,0.0
2023-12-06 05:00:00,0.0,0.0,0.0,0.0
2023-12-06 06:00:00,0.0,0.0,0.0,0.0
2023-12-06 07:00:00,0.0,0.0,0.0,0.0
2023-12-06 08:00:00,0.0,0.0,0.0,0.0
2023-12-06 09:00:00,0.0,0.0,0.0,0.0
2023-12-06 10:00:00,0.0,0.0,0.0,0.0
2023-12-06 11:00:00,0.0,0.0,0.0,0.0
2023-12-06 12:00:00,0.0,0.0,0.0,0.0
2023-12-06 13:00:00,0.0,0.0,0.0,0.0
2023-12-06 14:00:00,0.0,0.0,0.0,0.0
2023-12-06 15:00:00,0.0,0.0,0.0,0.0
2023-12-06 16:00:00,0.0,0.0,0.0,0.0
2023-12-06 17:00:00,0.0,0.0,0.0,0.0
2023-12-06 18:00:00,0.0,0.0,0.0,0.0
2023-12-06 19:00:00,0.0,0.0,0.0,0.0
2023-12-06 20:00:00,0.0,0.0,0.0,0.0
2023-12-06 21:00:00,0.0,0.0,0.0,0.0
2023-12-06 22:00:00,0.0,0.0,0.0,0.0
2023-12-06 23:00:00,0.0,0.0,0.0,0.0
2023-12-07 00:00:00,0.0,0.0,0.0,0.0
2023-12-07 01:00:00,0.0,0.0,0.0,0.0
2023-12-07 02:00:00,0.0,0.0,0.0,0.0
2023-12-07 03:00:00,0.0,0.0,0.0,0.0
2023-12-07 04:00:00,0.0,0.0,0.0,0.0
2023-12-07 05:00:00,0.0,0.0,0.0,0.0
2023-12-07 06:00:00,0.0,0.0,0.0,0.0
2023-12-07 07:00:00,0.0,0.0,0.0,0.0
2023-12-07 08:00:00,0.0,0.0,0.0,0.0
2023-12-07 09:00:00,0.0,0.0,0.0,0.0
2023-12-07 10:00:00,0.0,0.0,0.0,0.0
2023-12-07 11:00:00,0.0,0.0,0.0,0.0
2023-12-07 12:00:00,0.0,0.0,0.0,0.0
2023-12-07 13:00:00,0.0,0.0,0.0,0.0
2023-12-07 14:00:00,0.0,0.0,0.0,0.0
2023-12-07 15:00:00,0.0,0.0,0.0,0.0
2023-12-07 16:00:00,0.0,0.0,0.0,0.0
2023-12-07 17:00:00,0.0,0.0,0.0,0.0
2023-12-07 18:00:00,0.0,0.0,0.0,0.0
2023-12-07 19:00:00,0.0,0.0,0.0,0.0
2023-12-07 20:00:00,0.0,0.0,0.0,0.0
2023-12-07 21:00:00,0.0,0.0,0.0,0.0
2023-12-07 22:00:00,0.0,0.0,0.0,0.0
2023-12-07 23:00:00,0.0,0.0,0.0,0.0
2023-12-08 00:00:00,0.0,0.0,0.0,0.0
2023-12-08 01:00:00,0.0,0.0,0.0,0.0
2023-12-08 02:00:00,0.0,0.0,0.0,0.0
2023-12-08 03:00:00,0.0,0.0,0.0,0.0
2023-12-08 04:00:00,0.0,0.0,0.0,0.0
2023-12-08 05:00:00,0.0,0.0,0.0,0.0
2023-12-08 06:00:00,0.0,0.0,0.0,0.0
2023-12-08 07:00:00,0.0,0.0,0.0,0.0
2023-12-08 08:00:00,0.0,0.0,0.0,0.0
2023-12-08 09:00:00,0.0,0.0,0.0,0.0
2023-12-08 10:00:00,0.0,0.0,0.0,0.0
2023-12-08 11:00:00,0.0,0.0,0.0,0.0
2023-12-08 12:00:00,0.0,0.0,0.0,0.0
2023-12-08 13:00:00,0.0,0.0,0.0,0.0
2023-12-08 14:00:00,0.0,0.0,0.0,0.0
2023-12-08 15:00:00,0.0,0.0,0.0,0.0
2023-12-08 16:00:00,0.0,0.0,0.0,0.0
2023-12-08 17:00:00,0.0,0.0,0.0,0.0
2023-12-08 18:00:00,0.0,0.0,0.0,0.0
2023-12-08 19:00:00,0.0,0.0,0.0,0.0
2023-12-08 20:00:00,0.0,0.0,0.0,0.0
2023-12-08 21:00:00,0.0,0.0,0.0,0.0
2023-12-08 22:00:00,0.0,0.0,0.0,0.0
2023-12-08 23:00:00,0.0,0.0,0.0,0.0
2023-12-09 00:00:00,0.0,0.0,0.0,0.0
2023-12-09 01:00:00,0.0,0.0,0.0,0.0
2023-12-09 02:00:00,0.0,0.0,0.0,0.0
2023-12-09 03:00:00,0.0,0.0,0.0,0.0
2023-12-09 04:00:00,0.0,0.0,0.0,0.0
2023-12-09 05:00:00,0.0,0.0,0.0,0.0
2023-12-09 06:00:00,0.0,0.0,0.0,0.0
2023-12-09 07:00:00,0.0,0.0,0.0,0.0
2023-12-09 08:00:00,0.0,0.0,0.0,0.0
2023-12-09 09:00:00,0.0,0.0,0.0,0.0
2023-12-09 10:00:00,0.0,0.0,0.0,0.0
2023-12-09 11:00:00,0.0,0.0,0.0,0.0
2023-12-09 12:00:00,0.0,0.0,0.0,0.0
2023-12-09 13:00:00,0.0,0.0,0.0,0.0
2023-12-09 14:00:00,0.0,0.0,0.0,0.0
2023-12-09 15:00:00,0.0,0.0,0.0,0.0
2023-12-09 16:00:00,0.0,0.0,0.0,0.0
2023-12-09 17:00:00,0.0,0.0,0.0,0.0
2023-12-09 18:00:00,0.0,0.0,0.0,0.0
2023-12-09 19:00:00,0.0,0.0,0.0,0.0
2023-12-09 20:00:00,0.0,0.0,0.0,0.0
2023-12-09 21:00:00,0.0,0.0,0.0,0.0
2023-12-09 22:00:00,0.0,0.0,0.0,0.0
2023-12-09 23:00:00,0.0,0.0,0.0,0.0
2023-12-10 00:00:00,0.0,0.0,0.0,0.0
2023-12-10 01:00:00,0.0,0.0,0.0,0.0
2023-12-10 02:00:00,0.0,0.0,0.0,0.0
2023-12-10 03:00:00,0.0,0.0,0.0,0.0
2023-12-10 04:00:00,0.0,0.0,0.0,0.0
2023-12-10 05:00:00,0.0,0.0,0.0,0.0
2023-12-10 06:00:00,0.0,0.0,0.0,0.0
2023-12-10 07:00:00,0.0,0.0,0.0,0.0
2023-12-10 08:00:00,0.0,0.0,0.0,0.0
2023-12-10 09:00:00,0.0,0.0,0.0,0.0
2023-12-10 10:00:00,0.0,0.0,0.0,0.0
2023-12-10 11:00:00,0.0,0.0,0.0,0.0
2023-12-10 12:00:00,0.0,0.0,0.0,0.0
2023-12-10 13:00:00,0.0,0.0,0.0,0.0
2023-12-10 14:00:00,0.0,0.0,0.0,0.0
2023-12-10 15:00:00,0.0,0.0,0.0,0.0
2023-12-10 16:00:00,0.0,0.0,0.0,0.0
2023-12-10 17:00:00,0.0,0.0,0.0,0.0
2023-12-10 18:00:00,0.0,0.0,0.0,0.0
2023-12-10 19:00:00,0.0,0.0,0.0,0.0
2023-12-10 20:00:00,0.0,0.0,0.0,0.0
2023-12-10 21:00:00,0.0,0.0,0.0,0.0
2023-12-10 22:00:00,0.0,0.0,0.0,0.0
2023-12-10 23:00:00,0.0,0.0,0.0,0.0
2023-12-11 00:00:00,0.0,0.0,0.0,0.0
2023-12-11 01:00:00,0.0,0.0,0.0,0.0
2023-12-11 02:00:00,0.0,0.0,0.0,0.0
2023-12-11 03:00:00,0.0,0.0,0.0,0.0
2023-12-11 04:00:00,0.0,0.0,0.0,0.0
2023-12-11 05:00:00,0.0,0.0,0.0,0.0
2023-12-11 06:00:00,0.0,0.0,0.0,0.0
2023-12-11 07:00:00,0.0,0.0,0.0,0.0
2023-12-11 08:00:00,0.0,0.0,0.0,0.0
2023-12-11 09:00:00,0.0,0.0,0.0,0.0
2023-12-11 10:00:00,0.0,0.0,0.0,0.0
2023-12-11 11:00:00,0.0,0.0,0.0,0.0
2023-12-11 12:00:00,0.0,0.0,0.0,0.0
2023-12-11 13:00:00,0.0,0.0,0.0,0.0
2023-12-11 14:00:00,0.0,0.0,0.0,0.0
2023-12-11 15:00:00,0.0,0.0,0.0,0.0
2023-12-11 16:00:00,0.0,0.0,0.0,0.0
2023-12-11 17:00:00,0.0,0.0,0.0,0.0
2023-12-11 18:00:00,0.0,0.0,0.0,0.0
2023-12-11 19:00:00,0.0,0.0,0.0,0.0
2023-12-11 20:00:00,0.0,0.0,0.0,0.0
2023-12-11 21:00:00,0.0,0.0,0.0,0.0
2023-12-11 22:00:00,0.0,0.0,0.0,0.0
2023-12-11 23:00:00,0.0,0.0,0.0,0.0
2023-12-12 00:00:00,0.0,0.0,0.0,0.0
2023-12-12 01:00:00,0.0,0.0,0.0,0.0
2023-12-12 02:00:00,0.0,0.0,0.0,0.0
2023-12-12 03:00:00,0.0,0.0,0.0,0.0
2023-12-12 04:00:00,0.0,0.0,0.0,0.0
2023-12-12 05:00:00,0.0,0.0,0.0,0.0
2023-12-12 06:00:00,0.0,0.0,0.0,0.0
2023-12-12 07:00:00,0.0,0.0,0.0,0.0
2023-12-12 08:00:00,0.0,0.0,0.0,0.0
2023-12-12 09:00:00,0.0,0.0,0.0,0.0
2023-12-12 10:00:00,0.0,0.0,0.0,0.0
2023-12-12 11:00:00,0.0,0.0,0.0,0.0
2023-12-12 12:00:00,0.0,0.0,0.0,0.0
2023-12-12 13:00:00,0.0,0.0,0.0,0.0
2023-12-12 14:00:00,0.0,0.0,0.0,0.0
2023-12-12 15:00:00,0.0,0.0,0.0,0.0
2023-12-12 16:00:00,0.0,0.0,0.0,0.0
2023-12-12 17:00:00,0.0,0.0,0.0,0.0
2023-12-12 18:00:00,0.0,0.0,0.0,0.0
2023-12-12 19:00:00,0.0,0.0,0.0,0.0
2023-12-12 20:00:00,0.0,0.0,0.0,0.0
2023-12-12 21:00:00,0.0,0.0,0.0,0.0
2023-12-12 22:00:00,0.0,0.0,0.0,0.0
2023-12-12 23:00:00,0.0,0.0,0.0,0.0
2023-12-13 00:00:00,0.0,0.0,0.0,0.0
2023-12-13 01:00:00,0.0,0.0,0.0,0.0
2023-12-13 02:00:00,0.0,0.0,0.0,0.0
2023-12-13 03:00:00,0.0,0.0,0.0,0.0
2023-12-13 04:00:00,0.0,0.0,0.0,0.0
2023-12-13 05:00:00,0.0,0.0,0.0,0.0
2023-12-13 06:00:00,0.0,0.0,0.0,0.0
2023-12-13 07:00:00,0.0,0.0,0.0,0.0
2023-12-13 08:00:00,0.0,0.0,0.0,0.0
2023-12-13 09:00:00,0.0,0.0,0.0,0.0
2023-12-13 10:00:00,0.0,0.0,0.0,0.0
2023-12-13 11:00:00,0.0,0.0,0.0,0.0
2023-12-13 12:00:00,0.0,0.0,0.0,0.0
2023-12-13 13:00:00,0.0,0.0,0.0,0.0
2023-12-13 14:00:00,0.0,0.0,0.0,0.0
2023-12-13 15:00:00,0.0,0.0,0.0,0.0
2023-12-13 16:00:00,0.0,0.0,0.0,0.0
2023-12-13 17:00:00,0.0,0.0,0.0,0.0
2023-12-13 18:00:00,0.0,0.0,0.0,0.0
2023-12-13 19:00:00,0.0,0.0,0.0,0.0
2023-12-13 20:00:00,0.0,0.0,0.0,0.0
2023-12-13 21:00:00,0.0,0.0,0.0,0.0
2023-12-13 22:00:00,0.0,0.0,0.0,0.0
2023-12-13 23:00:00,0.0,0.0,0.0,0.0
2023-12-14 00:00:00,0.0,0.0,0.0,0.0
2023-12-14 01:00:00,0.0,0.0,0.0,0.0
2023-12-14 02:00:00,0.0,0.0,0.0,0.0
2023-12-14 03:00:00,0.0,0.0,0.0,0.0
2023-12-14 04:00:00,0.0,0.0,0.0,0.0
2023-12-14 05:00:00,0.0,0.0,0.0,0.0
2023-12-14 06:00:00,0.0,0.0,0.0,0.0
2023-12-14 07:00:00,0.0,0.0,0.0,0.0
2023-12-14 08:00:00,0.0,0.0,0.0,0.0
2023-12-14 09:00:00,0.0,0.0,0.0,0.0
2023-12-14 10:00:00,0.0,0.0,0.0,0.0
2023-12-14 11:00:00,0.0,0.0,0.0,0.0
2023-12-14 12:00:00,0.0,0.0,0.0,0.0
2023-12-14 13:00:00,0.0,0.0,0.0,0.0
2023-12-14 14:00:00,0.0,0.0,0.0,0.0
2023-12-14 15:00:00,0.0,0.0,0.0,0.0
2023-12-14 16:00:00,0.0,0.0,0.0,0.0
2023-12-14 17:00:00,0.0,0.0,0.0,0.0
2023-12-14 18:00:00,0.0,0.0,0.0,0.0
2023-12-14 19:00:00,0.0,0.0,0.0,0.0
2023-12-14 20:00:00,0.0,0.0,0.0,0.0
2023-12-14 21:00:00,0.0,0.0,0.0,0.0
2023-12-14 22:00:00,0.0,0.0,0.0,0.0
2023-12-14 23:00:00,0.0,0.0,0.0,0.0
2023-12-15 00:00:00,0.0,0.0,0.0,0.0
2023-12-15 01:00:00,0.0,0.0,0.0,0.0
2023-12-15 02:00:00,0.0,0.0,0.0,0.0
2023-12-15 03:00:00,0.0,0.0,0.0,0.0
2023-12-15 04:00:00,0.0,0.0,0.0,0.0
2023-12-15 05:00:00,0.0,0.0,0.0,0.0
2023-12-15 06:00:00,0.0,0.0,0.0,0.0
2023-12-15 07:00:00,0.0,0.0,0.0,0.0
2023-12-15 08:00:00,0.0,0.0,0.0,0.0
2023-12-15 09:00:00,0.0,0.0,0.0,0.0
2023-12-15 10:00:00,0.0,0.0,0.0,0.0
2023-12-15 11:00:00,0.0,0.0,0.0,0.0
2023-12-15 12:00:00,0.0,0.0,0.0,0.0
2023-12-15 13:00:00,0.0,0.0,0.0,0.0
2023-12-15 14:00:00,0.0,0.0,0.0,0.0
2023-12-15 15:00:00,0.0,0.0,0.0,0.0
2023-12-15 16:00:00,0.0,0.0,0.0,0.0
2023-12-15 17:00:00,0.0,0.0,0.0,0.0
2023-12-15 18:00:00,0.0,0.0,0.0,0.0
2023-12-15 19:00:00,0.0,0.0,0.0,0.0
2023-12-15 20:00:00,0.0,0.0,0.0,0.0
2023-12-15 21:00:00,0.0,0.0,0.0,0.0
2023-12-15 22:00:00,0.0,0.0,0.0,0.0
2023-12-15 23:00:00,0.0,0.0,0.0,0.0
2023-12-16 00:00:00,0.0,0.0,0.0,0.0
2023-12-16 01:00:00,0.0,0.0,0.0,0.0
2023-12-16 02:00:00,0.0,0.0,0.0,0.0
2023-12-16 03:00:00,0.0,0.0,0.0,0.0
2023-12-16 04:00:00,0.0,0.0,0.0,0.0
2023-12-16 05:00:00,0.0,0.0,0.0,0.0
2023-12-16 06:00:00,0.0,0.0,0.0,0.0
2023-12-16 07:00:00,0.0,0.0,0.0,0.0
2023-12-16 08:00:00,0.0,0.0,0.0,0.0
2023-12-16 09:00:00,0.0,0.0,0.0,0.0
2023-12-16 10:00:00,0.0,0.0,0.0,0.0
2023-12-16 11:00:00,0.0,0.0,0.0,0.0
2023-12-16 12:00:00,0.0,0.0,0.0,0.0
2023-12-16 13:00:00,0.0,0.0,0.0,0.0
2023-12-16 14:00:00,0.0,0.0,0.0,0.0
2023-12-16 15:00:00,0.0,0.0,0.0,0.0
2023-12-16 16:00:00,0.0,0.0,0.0,0.0
2023-12-16 17:00:00,0.0,0.0,0.0,0.0
2023-12-16 18:00:00,0.0,0.0,0.0,0.0
2023-12-16 19:00:00,0.0,0.0,0.0,0.0
2023-12-16 20:00:00,0.0,0.0,0.0,0.0
2023-12-16 21:00:00,0.0,0.0,0.0,0.0
2023-12-16 22:00:00,0.0,0.0,0.0,0.0
2023-12-16 23:00:00,0.0,0.0,0.0,0.0
2023-12-17 00:00:00,0.0,0.0,0.0,0.0
2023-12-17 01:00:00,0.0,0.0,0.0,0.0
2023-12-17 02:00:00,0.0,0.0,0.0,0.0
2023-12-17 03:00:00,0.0,0.0,0.0,0.0
2023-12-17 04:00:00,0.0,0.0,0.0,0.0
2023-12-17 05:00:00,0.0,0.0,0.0,0.0
2023-12-17 06:00:00,0.0,0.0,0.0,0.0
2023-12-17 07:00:00,0.0,0.0,0.0,0.0
2023-12-17 08:00:00,0.0,0.0,0.0,0.0
2023-12-17 09:00:00,0.0,0.0,0.0,0.0
2023-12-17 10:00:00,0.0,0.0,0.0,0.0
2023-12-17 11:00:00,0.0,0.0,0.0,0.0
2023-12-17 12:00:00,0.0,0.0,0.0,0.0
2023-12-17 13:00:00,0.0,0.0,0.0,0.0
2023-12-17 14:00:00,0.0,0.0,0.0,0.0
2023-12-17 15:00:00,0.0,0.0,0.0,0.0
2023-12-17 16:00:00,0.0,0.0,0.0,0.0
2023-12-17 17:00:00,0.0,0.0,0.0,0.0
2023-12-17 18:00:00,0.0,0.0,0.0,0.0
2023-12-17 19:00:00,0.0,0.0,0.0,0.0
2023-12-17 20:00:00,0.0,0.0,0.0,0.0
2023-12-17 21:00:00,0.0,0.0,0.0,0.0
2023-12-17 22:00:00,0.0,0.0,0.0,0.0
2023-12-17 23:00:00,0.0,0.0,0.0,0.0
2023-12-18 00:00:00,0.0,0.0,0.0,0.0
2023-12-18 01:00:00,0.0,0.0,0.0,0.0
2023-12-18 02:00:00,0.0,0.0,0.0,0.0
2023-12-18 03:00:00,0.0,0.0,0.0,0.0
2023-12-18 04:00:00,0.0,0.0,0.0,0.0
2023-12-18 05:00:00,0.0,0.0,0.0,0.0
2023-12-18 06:00:00,0.0,0.0,0.0,0.0
2023-12-18 07:00:00,0.0,0.0,0.0,0.0
2023-12-18 08:00:00,0.0,0.0,0.0,0.0
2023-12-18 09:00:00,0.0,0.0,0.0,0.0
2023-12-18 10:00:00,0.0,0.0,0.0,0.0
2023-12-18 11:00:00,0.0,0.0,0.0,0.0
2023-12-18 12:00:00,0.0,0.0,0.0,0.0
2023-12-18 13:00:00,0.0,0.0,0.0,0.0
2023-12-18 14:00:00,0.0,0.0,0.0,0.0
2023-12-18 15:00:00,0.0,0.0,0.0,0.0
2023-12-18 16:00:00,0.0,0.0,0.0,0.0
2023-12-18 17:00:00,0.0,0.0,0.0,0.0
2023-12-18 18:00:00,0.0,0.0,0.0,0.0
2023-12-18 19:00:00,0.0,0.0,0.0,0.0
2023-12-18 20:00:00,0.0,0.0,0.0,0.0
2023-12-18 21:00:00,0.0,0.0,0.0,0.0
2023-12-18 22:00:00,0.0,0.0,0.0,0.0
2023-12-18 23:00:00,0.0,0.0,0.0,0.0
2023-12-19 00:00:00,0.0,0.0,0.0,0.0
2023-12-19 01:00:00,0.0,0.0,0.0,0.0
2023-12-19 02:00:00,0.0,0.0,0.0,0.0
2023-12-19 03:00:00,0.0,0.0,0.0,0.0
2023-12-19 04:00:00,0.0,0.0,0.0,0.0
2023-12-19 05:00:00,0.0,0.0,0.0,0.0
2023-12-19 06:00:00,0.0,0.0,0.0,0.0
2023-12-19 07:00:00,0.0,0.0,0.0,0.0
2023-12-19 08:00:00,0.0,0.0,0.0,0.0
2023-12-19 09:00:00,0.0,0.0,0.0,0.0
2023-12-19 10:00:00,0.0,0.0,0.0,0.0
2023-12-19 11:00:00,0.0,0.0,0.0,0.0
2023-12-19 12:00:00,0.0,0.0,0.0,0.0
2023-12-19 13:00:00,0.0,0.0,0.0,0.0
2023-12-19 14:00:00,0.0,0.0,0.0,0.0
2023-12-19 15:00:00,0.0,0.0,0.0,0.0
2023-12-19 16:00:00,0.0,0.0,0.0,0.0
2023-12-19 17:00:00,0.0,0.0,0.0,0.0
2023-12-19 18:00:00,0.0,0.0,0.0,0.0
2023-12-19 19:00:00,0.0,0.0,0.0,0.0
2023-12-19 20:00:00,0.0,0.0,0.0,0.0
2023-12-19 21:00:00,0.0,0.0,0.0,0.0
2023-12-19 22:00:00,0.0,0.0,0.0,0.0
2023-12-19 23:00:00,0.0,0.0,0.0,0.0
2023-12-20 00:00:00,0.0,0.0,0.0,0.0
2023-12-20 01:00:00,0.0,0.0,0.0,0.0
2023-12-20 02:00:00,0.0,0.0,0.0,0.0
2023-12-20 03:00:00,0.0,0.0,0.0,0.0
2023-12-20 04:00:00,0.0,0.0,0.0,0.0
2023-12-20 05:00:00,0.0,0.0,0.0,0.0
2023-12-20 06:00:00,0.0,0.0,0.0,0.0
2023-12-20 07:00:00,0.0,0.0,0.0,0.0
2023-12-20 08:00:00,0.0,0.0,0.0,0.0
2023-12-20 09:00:00,0.0,0.0,0.0,0.0
2023-12-20 10:00:00,0.0,0.0,0.0,0.0
2023-12-20 11:00:00,0.0,0.0,0.0,0.0
2023-12-20 12:00:00,0.0,0.0,0.0,0.0
2023-12-20 13:00:00,0.0,0.0,0.0,0.0
2023-12-20 14:00:00,0.0,0.0,0.0,0.0
2023-12-20 15:00:00,0.0,0.0,0.0,0.0
2023-12-20 16:00:00,0.0,0.0,0.0,0.0
2023-12-20 17:00:00,0.0,0.0,0.0,0.0
2023-12-20 18:00:00,0.0,0.0,0.0,0.0
2023-12-20 19:00:00,0.0,0.0,0.0,0.0
2023-12-20 20:00:00,0.0,0.0,0.0,0.0
2023-12-20 21:00:00,0.0,0.0,0.0,0.0
2023-12-20 22:00:00,0.0,0.0,0.0,0.0
2023-12-20 23:00:00,0.0,0.0,0.0,0.0
2023-12-21 00:00:00,0.0,0.0,0.0,0.0
2023-12-21 01:00:00,0.0,0.0,0.0,0.0
2023-12-21 02:00:00,0.0,0.0,0.0,0.0
2023-12-21 03:00:00,0.0,0.0,0.0,0.0
2023-12-21 04:00:00,0.0,0.0,0.0,0.0
2023-12-21 05:00:00,0.0,0.0,0.0,0.0
2023-12-21 06:00:00,0.0,0.0,0.0,0.0
2023-12-21 07:00:00,0.0,0.0,0.0,0.0
2023-12-21 08:00:00,0.0,0.0,0.0,0.0
2023-12-21 09:00:00,0.0,0.0,0.0,0.0
2023-12-21 10:00:00,0.0,0.0,0.0,0.0
2023-12-21 11:00:00,0.0,0.0,0.0,0.0
2023-12-21 12:00:00,0.0,0.0,0.0,0.0
2023-12-21 13:00:00,0.0,0.0,0.0,0.0
2023-12-21 14:00:00,0.0,0.0,0.0,0.0
2023-12-21 15:00:00,0.0,0.0,0.0,0.0
2023-12-21 16:00:00,0.0,0.0,0.0,0.0
2023-12-21 17:00:00,0.0,0.0,0.0,0.0
2023-12-21 18:00:00,0.0,0.0,0.0,0.0
2023-12-21 19:00:00,0.0,0.0,0.0,0.0
2023-12-21 20:00:00,0.0,0.0,0.0,0.0
2023-12-21 21:00:00,0.0,0.0,0.0,0.0
2023-12-21 22:00:00,0.0,0.0,0.0,0.0
2023-12-21 23:00:00,0.0,0.0,0.0,0.0
2023-12-22 00:00:00,0.0,0.0,0.0,0.0
2023-12-22 01:00:00,0.0,0.0,0.0,0.0
2023-12-22 02:00:00,0.0,0.0,0.0,0.0
2023-12-22 03:00:00,0.0,0.0,0.0,0.0
2023-12-22 04:00:00,0.0,0.0,0.0,0.0
2023-12-22 05:00:00,0.0,0.0,0.0,0.0
2023-12-22 06:00:00,0.0,0.0,0.0,0.0
2023-12-22 07:00:00,0.0,0.0,0.0,0.0
2023-12-22 08:00:00,0.0,0.0,0.0,0.0
2023-12-22 09:00:00,0.0,0.0,0.0,0.0
2023-12-22 10:00:00,0.0,0.0,0.0,0.0
2023-12-22 11:00:00,0.0,0.0,0.0,0.0
2023-12-22 12:00:00,0.0,0.0,0.0,0.0
2023-12-22 13:00:00,0.0,0.0,0.0,0.0
2023-12-22 14:00:00,0.0,0.0,0.0,0.0
2023-12-22 15:00:00,0.0,0.0,0.0,0.0
2023-12-22 16:00:00,0.0,0.0,0.0,0.0
2023-12-22 17:00:00,0.0,0.0,0.0,0.0
2023-12-22 18:00:00,0.0,0.0,0.0,0.0
2023-12-22 19:00:00,0.0,0.0,0.0,0.0
2023-12-22 20:00:00,0.0,0.0,0.0,0.0
2023-12-22 21:00:00,0.0,0.0,0.0,0.0
2023-12-22 22:00:00,0.0,0.0,0.0,0.0
2023-12-22 23:00:00,0.0,0.0,0.0,0.0
2023-12-23 00:00:00,0.0,0.0,0.0,0.0
2023-12-23 01:00:00,0.0,0.0,0.0,0.0
2023-12-23 02:00:00,0.0,0.0,0.0,0.0
2023-12-23 03:00:00,0.0,0.0,0.0,0.0
2023-12-23 04:00:00,0.0,0.0,0.0,0.0
2023-12-23 05:00:00,0.0,0.0,0.0,0.0
2023-12-23 06:00:00,0.0,0.0,0.0,0.0
2023-12-23 07:00:00,0.0,0.0,0.0,0.0
2023-12-23 08:00:00,0.0,0.0,0.0,0.0
2023-12-23 09:00:00,0.0,0.0,0.0,0.0
2023-12-23 10:00:00,0.0,0.0,0.0,0.0
2023-12-23 11:00:00,0.0,0.0,0.0,0.0
2023-12-23 12:00:00,0.0,0.0,0.0,0.0
2023-12-23 13:00:00,0.0,0.0,0.0,0.0
2023-12-23 14:00:00,0.0,0.0,0.0,0.0
2023-12-23 15:00:00,0.0,0.0,0.0,0.0
2023-12-23 16:00:00,0.0,0.0,0.0,0.0
2023-12-23 17:00:00,0.0,0.0,0.0,0.0
2023-12-23 18:00:00,0.0,0.0,0.0,0.0
2023-12-23 19:00:00,0.0,0.0,0.0,0.0
2023-12-23 20:00:00,0.0,0.0,0.0,0.0
2023-12-23 21:00:00,0.0,0.0,0.0,0.0
2023-12-23 22:00:00,0.0,0.0,0.0,0.0
2023-12-23 23:00:00,0.0,0.0,0.0,0.0
2023-12-24 00:00:00,0.0,0.0,0.0,0.0
2023-12-24 01:00:00,0.0,0.0,0.0,0.0
2023-12-24 02:00:00,0.0,0.0,0.0,0.0
2023-12-24 03:00:00,0.0,0.0,0.0,0.0
2023-12-24 04:00:00,0.0,0.0,0.0,0.0
2023-12-24 05:00:00,0.0,0.0,0.0,0.0
2023-12-24 06:00:00,0.0,0.0,0.0,0.0
2023-12-24 07:00:00,0.0,0.0,0.0,0.0
2023-12-24 08:00:00,0.0,0.0,0.0,0.0
2023-12-24 09:00:00,0.0,0.0,0.0,0.0
2023-12-24 10:00:00,0.0,0.0,0.0,0.0
2023-12-24 11:00:00,0.0,0.0,0.0,0.0
2023-12-24 12:00:00,0.0,0.0,0.0,0.0
2023-12-24 13:00:00,0.0,0.0,0.0,0.0
2023-12-24 14:00:00,0.0,0.0,0.0,0.0
2023-12-24 15:00:00,0.0,0.0,0.0,0.0
2023-12-24 16:00:00,0.0,0.0,0.0,0.0
2023-12-24 17:00:00,0.0,0.0,0.0,0.0
2023-12-24 18:00:00,0.0,0.0,0.0,0.0
2023-12-24 19:00:00,0.0,0.0,0.0,0.0
2023-12-24 20:00:00,0.0,0.0,0.0,0.0
2023-12-24 21:00:00,0.0,0.0,0.0,0.0
2023-12-24 22:00:00,0.0,0.0,0.0,0.0
2023-12-24 23:00:00,0.0,0.0,0.0,0.0
2023-12-25 00:00:00,0.0,0.0,0.0,0.0
2023-12-25 01:00:00,0.0,0.0,0.0,0.0
2023-12-25 02:00:00,0.0,0.0,0.0,0.0
2023-12-25 03:00:00,0.0,0.0,0.0,0.0
2023-12-25 04:00:00,0.0,0.0,0.0,0.0
2023-12-25 05:00:00,0.0,0.0,0.0,0.0
2023-12-25 06:00:00,0.0,0.0,0.0,0.0
2023-12-25 07:00:00,0.0,0.0,0.0,0.0
2023-12-25 08:00:00,0.0,0.0,0.0,0.0
2023-12-25 09:00:00,0.0,0.0,0.0,0.0
2023-12-25 10:00:00,0.0,0.0,0.0,0.0
2023-12-25 11:00:00,0.0,0.0,0.0,0.0
2023-12-25 12:00:00,0.0,0.0,0.0,0.0
2023-12-25 13:00:00,0.0,0.0,0.0,0.0
2023-12-25 14:00:00,0.0,0.0,0.0,0.0
2023-12-25 15:00:00,0.0,0.0,0.0,0.0
2023-12-25 16:00:00,0.0,0.0,0.0,0.0
2023-12-25 17:00:00,0.0,0.0,0.0,0.0
2023-12-25 18:00:00,0.0,0.0,0.0,0.0
2023-12-25 19:00:00,0.0,0.0,0.0,0.0
2023-12-25 20:00:00,0.0,0.0,0.0,0.0
2023-12-25 21:00:00,0.0,0.0,0.0,0.0
2023-12-25 22:00:00,0.0,0.0,0.0,0.0
2023-12-25 23:00:00,0.0,0.0,0.0,0.0
2023-12-26 00:00:00,0.0,0.0,0.0,0.0
2023-12-26 01:00:00,0.0,0.0,0.0,0.0
2023-12-26 02:00:00,0.0,0.0,0.0,0.0
2023-12-26 03:00:00,0.0,0.0,0.0,0.0
2023-12-26 04:00:00,0.0,0.0,0.0,0.0
2023-12-26 05:00:00,0.0,0.0,0.0,0.0
2023-12-26 06:00:00,0.0,0.0,0.0,0.0
2023-12-26 07:00:00,0.0,0.0,0.0,0.0
2023-12-26 08:00:00,0.0,0.0,0.0,0.0
2023-12-26 09:00:00,0.0,0.0,0.0,0.0
2023-12-26 10:00:00,0.0,0.0,0.0,0.0
2023-12-26 11:00:00,0.0,0.0,0.0,0.0
2023-12-26 12:00:00,0.0,0.0,0.0,0.0
2023-12-26 13:00:00,0.0,0.0,0.0,0.0
2023-12-26 14:00:00,0.0,0.0,0.0,0.0
2023-12-26 15:00:00,0.0,0.0,0.0,0.0
2023-12-26 16:00:00,0.0,0.0,0.0,0.0
2023-12-26 17:00:00,0.0,0.0,0.0,0.0
2023-12-26 18:00:00,0.0,0.0,0.0,0.0
2023-12-26 19:00:00,0.0,0.0,0.0,0.0
2023-12-26 20:00:00,0.0,0.0,0.0,0.0
2023-12-26 21:00:00,0.0,0.0,0.0,0.0
2023-12-26 22:00:00,0.0,0.0,0.0,0.0
2023-12-26 23:00:00,0.0,0.0,0.0,0.0
2023-12-27 00:00:00,0.0,0.0,0.0,0.0
2023-12-27 01:00:00,0.0,0.0,0.0,0.0
2023-12-27 02:00:00,0.0,0.0,0.0,0.0
2023-12-27 03:00:00,0.0,0.0,0.0,0.0
2023-12-27 04:00:00,0.0,0.0,0.0,0.0
2023-12-27 05:00:00,0.0,0.0,0.0,0.0
2023-12-27 06:00:00,0.0,0.0,0.0,0.0
2023-12-27 07:00:00,0.0,0.0,0.0,0.0
2023-12-27 08:00:00,0.0,0.0,0.0,0.0
2023-12-27 09:00:00,0.0,0.0,0.0,0.0
2023-12-27 10:00:00,0.0,0.0,0.0,0.0
2023-12-27 11:00:00,0.0,0.0,0.0,0.0
2023-12-27 12:00:00,0.0,0.0,0.0,0.0
2023-12-27 13:00:00,0.0,0.0,0.0,0.0
2023-12-27 14:00:00,0.0,0.0,0.0,0.0
2023-12-27 15:00:00,0.0,0.0,0.0,0.0
2023-12-27 16:00:00,0.0,0.0,0.0,0.0
2023-12-27 17:00:00,0.0,0.0,0.0,0.0
2023-12-27 18:00:00,0.0,0.0,0.0,0.0
2023-12-27 19:00:00,0.0,0.0,0.0,0.0
2023-12-27 20:00:00,0.0,0.0,0.0,0.0
2023-12-27 21:00:00,0.0,0.0,0.0,0.0
2023-12-27 22:00:00,0.0,0.0,0.0,0.0
2023-12-27 23:00:00,0.0,0.0,0.0,0.0
2023-12-28 00:00:00,0.0,0.0,0.0,0.0
2023-12-28 01:00:00,0.0,0.0,0.0,0.0
2023-12-28 02:00:00,0.0,0.0,0.0,0.0
2023-12-28 03:00:00,0.0,0.0,0.0,0.0
2023-12-28 04:00:00,0.0,0.0,0.0,0.0
2023-12-28 05:00:00,0.0,0.0,0.0,0.0
2023-12-28 06:00:00,0.0,0.0,0.0,0.0
2023-12-28 07:00:00,0.0,0.0,0.0,0.0
2023-12-28 08:00:00,0.0,0.0,0.0,0.0
2023-12-28 09:00:00,0.0,0.0,0.0,0.0
2023-12-28 10:00:00,0.0,0.0,0.0,0.0
2023-12-28 11:00:00,0.0,0.0,0.0,0.0
2023-12-28 12:00:00,0.0,0.0,0.0,0.0
2023-12-28 13:00:00,0.0,0.0,0.0,0.0
2023-12-28 14:00:00,0.0,0.0,0.0,0.0
2023-12-28 15:00:00,0.0,0.0,0.0,0.0
2023-12-28 16:00:00,0.0,0.0,0.0,0.0
2023-12-28 17:00:00,0.0,0.0,0.0,0.0
2023-12-28 18:00:00,0.0,0.0,0.0,0.0
2023-12-28 19:00:00,0.0,0.0,0.0,0.0
2023-12-28 20:00:00,0.0,0.0,0.0,0.0
2023-12-28 21:00:00,0.0,0.0,0.0,0.0
2023-12-28 22:00:00,0.0,0.0,0.0,0.0
2023-12-28 23:00:00,0.0,0.0,0.0,0.0
2023-12-29 00:00:00,0.0,0.0,0.0,0.0
2023-12-29 01:00:00,0.0,0.0,0.0,0.0
2023-12-29 02:00:00,0.0,0.0,0.0,0.0
2023-12-29 03:00:00,0.0,0.0,0.0,0.0
2023-12-29 04:00:00,0.0,0.0,0.0,0.0
2023-12-29 05:00:00,0.0,0.0,0.0,0.0
2023-12-29 06:00:00,0.0,0.0,0.0,0.0
2023-12-29 07:00:00,0.0,0.0,0.0,0.0
2023-12-29 08:00:00,0.0,0.0,0.0,0.0
2023-12-29 09:00:00,0.0,0.0,0.0,0.0
2023-12-29 10:00:00,0.0,0.0,0.0,0.0
2023-12-29 11:00:00,0.0,0.0,0.0,0.0
2023-12-29 12:00:00,0.0,0.0,0.0,0.0
2023-12-29 13:00:00,0.0,0.0,0.0,0.0
2023-12-29 14:00:00,0.0,0.0,0.0,0.0
2023-12-29 15:00:00,0.0,0.0,0.0,0.0
2023-12-29 16:00:00,0.0,0.0,0.0,0.0
2023-12-29 17:00:00,0.0,0.0,0.0,0.0
2023-12-29 18:00:00,0.0,0.0,0.0,0.0
2023-12-29 19:00:00,0.0,0.0,0.0,0.0
2023-12-29 20:00:00,0.0,0.0,0.0,0.0
2023-12-29 21:00:00,0.0,0.0,0.0,0.0
2023-12-29 22:00:00,0.0,0.0,0.0,0.0
2023-12-29 23:00:00,0.0,0.0,0.0,0.0
2023-12-30 00:00:00,0.0,0.0,0.0,0.0
2023-12-30 01:00:00,0.0,0.0,0.0,0.0
2023-12-30 02:00:00,0.0,0.0,0.0,0.0
2023-12-30 03:00:00,0.0,0.0,0.0,0.0
2023-12-30 04:00:00,0.0,0.0,0.0,0.0
2023-12-30 05:00:00,0.0,0.0,0.0,0.0
2023-12-30 06:00:00,0.0,0.0,0.0,0.0
2023-12-30 07:00:00,0.0,0.0,0.0,0.0
2023-12-30 08:00:00,0.0,0.0,0.0,0.0
2023-12-30 09:00:00,0.0,0.0,0.0,0.0
2023-12-30 10:00:00,0.0,0.0,0.0,0.0
2023-12-30 11:00:00,0.0,0.0,0.0,0.0
2023-12-30 12:00:00,0.0,0.0,0.0,0.0
2023-12-30 13:00:00,0.0,0.0,0.0,0.0
2023-12-30 14:00:00,0.0,0.0,0.0,0.0
2023-12-30 15:00:00,0.0,0.0,0.0,0.0
2023-12-30 16:00:00,0.0,0.0,0.0,0.0
2023-12-30 17:00:00,0.0,0.0,0.0,0.0
2023-12-30 18:00:00,0.0,0.0,0.0,0.0
2023-12-30 19:00:00,0.0,0.0,0.0,0.0
2023-12-30 20:00:00,0.0,0.0,0.0,0.0
2023-12-30 21:00:00,0.0,0.0,0.0,0.0
2023-12-30 22:00:00,0.0,0.0,0.0,0.0
2023-12-30 23:00:00,0.0,0.0,0.0,0.0
2023-12-31 00:00:00,0.0,0.0,0.0,0.0
2023-12-31 01:00:00,0.0,0.0,0.0,0.0
2023-12-31 02:00:00,0.0,0.0,0.0,0.0
2023-12-31 03:00:00,0.0,0.0,0.0,0.0
2023-12-31 04:00:00,0.0,0.0,0.0,0.0
2023-12-31 05:00:00,0.0,0.0,0.0,0.0
2023-12-31 06:00:00,0.0,0.0,0.0,0.0
2023-12-31 07:00:00,0.0,0.0,0.0,0.0
2023-12-31 08:00:00,0.0,0.0,0.0,0.0
2023-12-31 09:00:00,0.0,0.0,0.0,0.0
2023-12-31 10:00:00,0.0,0.0,0.0,0.0
2023-12-31 11:00:00,0.0,0.0,0.0,0.0
2023-12-31 12:00:00,0.0,0.0,0.0,0.0
2023-12-31 13:00:00,0.0,0.0,0.0,0.0
2023-12-31 14:00:00,0.0,0.0,0.0,0.0
2023-12-31 15:00:00,0.0,0.0,0.0,0.0
2023-12-31 16:00:00,0.0,0.0,0.0,0.0
2023-12-31 17:00:00,0.0,0.0,0.0,0.0
2023-12-31 18:00:00,0.0,0.0,0.0,0.0
2023-12-31 19:00:00,0.0,0.0,0.0,0.0
2023-12-31 20:00:00,0.0,0.0,0.0,0.0
2023-12-31 21:00:00,0.0,0.0,0.0,0.0
2023-12-31 22:00:00,0.0,0.0,0.0,0.0
2023-12-31 23:00:00,0.0,0.0,0.0,0.0
