Datetime,LENTS-HAPPY VALLEY (n=3345),LENTS-13101 (n=2119),LENTS-MT SCOTT (n=83),LENTS-NORTH (n=1571)
2023-01-01 00:00:00,3847.684,2455.653667,118.02799999999999,1848.506334
2023-01-01 01:00:00,3618.483,2350.1163340000003,105.05600000000001,1782.484667
2023-01-01 02:00:00,3430.996,2270.2076669999997,93.263,1658.654
2023-01-01 03:00:00,3286.826,2235.792,108.73100000000001,1629.054
2023-01-01 04:00:00,3191.54,2127.669667,83.623,1566.7803330000002
2023-01-01 05:00:00,3180.788,2122.211333,76.72200000000001,1532.7309989999999
2023-01-01 06:00:00,3250.917333,2161.654,98.69000000000003,1528.797333
2023-01-01 07:00:00,3436.675,2228.625,87.30000000000001,1578.2343340000002
2023-01-01 08:00:00,3700.327333,2355.568,104.007,1660.8213340000002
2023-01-01 09:00:00,4121.710666999999,2589.132,113.746,1857.6983340000002
2023-01-01 10:00:00,4340.096667,2823.671,134.28799999999998,2017.124333
2023-01-01 11:00:00,4605.585666999999,3036.004,165.983,2122.4193320000004
2023-01-01 12:00:00,4779.298333000001,3106.638,142.471,2190.276333
2023-01-01 13:00:00,4867.8125,3144.033001,135.48499999999996,2182.236334
2023-01-01 14:00:00,4806.934499999999,2981.3833329999998,144.29600000000005,2166.800001
2023-01-01 15:00:00,4669.933,2833.172333,149.107,2122.354666
2023-01-01 16:00:00,4839.3675,2911.2660000000005,142.72699999999998,2235.072666
2023-01-01 17:00:00,5314.0785,3131.605,165.92,2396.987333
2023-01-01 18:00:00,5681.637,3380.648,172.012,2660.905668
2023-01-01 19:00:00,5577.2295,3397.858,165.267,2703.729333
2023-01-01 20:00:00,5509.345,3462.6440000000002,164.895,2645.9213339999997
2023-01-01 21:00:00,5341.734,3402.9410000000003,175.69299999999996,2536.339
2023-01-01 22:00:00,5111.264,3279.15,154.77000000000004,2465.4310000000005
2023-01-01 23:00:00,4598.964,3120.9710000000005,161.945,2299.022
2023-01-02 00:00:00,4165.943998000001,2895.334,152.764,2108.852001
2023-01-02 01:00:00,3888.1196659999996,2689.584,137.71200000000005,1942.210333
2023-01-02 02:00:00,3651.331331,2571.0290000000005,131.214,1842.527667
2023-01-02 03:00:00,3495.781001,2423.8990000000003,120.55400000000002,1781.648333
2023-01-02 04:00:00,3511.0226679999996,2370.018667,119.013,1791.509
2023-01-02 05:00:00,3563.3053330000002,2398.594333,117.875,1800.516
2023-01-02 06:00:00,3818.185335,2494.1553329999997,131.912,1847.923334
2023-01-02 07:00:00,4142.793668,2630.983333,134.60999999999999,1926.909333
2023-01-02 08:00:00,4422.133331,2769.953667,140.666,2090.423
2023-01-02 09:00:00,4877.203001,3168.248333,159.464,2260.983
2023-01-02 10:00:00,5249.141333,3423.5910000000003,154.001,2390.186333
2023-01-02 11:00:00,5436.641002,3555.139,167.69000000000003,2473.976333
2023-01-02 12:00:00,5480.207665999999,3615.637667,193.98500000000004,2569.26
2023-01-02 13:00:00,5523.028333,3634.7123330000004,176.87700000000004,2635.528
2023-01-02 14:00:00,5541.1196660000005,3648.082333,189.61199999999997,2592.111
2023-01-02 15:00:00,5707.626999,3664.479667,193.21,2701.451
2023-01-02 16:00:00,5788.962,3753.4326670000005,197.074,2766.566
2023-01-02 17:00:00,5948.808333,3944.518667,207.56000000000003,2976.3239999999996
2023-01-02 18:00:00,6363.923666999999,4206.277,216.59799999999998,3030.308
2023-01-02 19:00:00,6408.838667,4205.029667,195.184,3122.409
2023-01-02 20:00:00,6176.804999999999,4065.608667,189.86,3121.2709999999997
2023-01-02 21:00:00,6050.397667,3937.302333,234.85,2955.380334
2023-01-02 22:00:00,5575.923333000001,3666.609667,192.39700000000002,2667.7450010000002
2023-01-02 23:00:00,4979.933999999999,3352.3826670000003,167.657,2410.581334
2023-01-03 00:00:00,4271.254333000001,3010.858,153.891,2176.2836660000003
2023-01-03 01:00:00,3850.1139999999996,2712.124,121.883,1997.329334
2023-01-03 02:00:00,3566.714,2568.858667,112.226,1827.342334
2023-01-03 03:00:00,3433.023,2453.596,116.19900000000001,1750.162666
2023-01-03 04:00:00,3407.3799999999997,2407.505,112.494,1759.005667
2023-01-03 05:00:00,3566.4799999999996,2472.835333,113.90900000000002,1776.023
2023-01-03 06:00:00,3915.861,2637.042667,110.93799999999999,1925.016666
2023-01-03 07:00:00,4413.489333,2932.2400000000002,136.076,2135.8513319999997
2023-01-03 08:00:00,4623.756332999999,3086.363333,149.787,2286.815001
2023-01-03 09:00:00,4701.880334,3014.941,144.442,2248.9260000000004
2023-01-03 10:00:00,4646.552665,3008.478,122.51599999999998,2209.891999
2023-01-03 11:00:00,4620.771667,2979.3246670000003,113.48899999999999,2124.8363329999997
2023-01-03 12:00:00,4594.264999999999,2975.462333,136.14,2184.204334
2023-01-03 13:00:00,4567.889999999999,2950.004333,150.426,2133.307667
2023-01-03 14:00:00,4526.824,2957.975667,133.744,2068.546
2023-01-03 15:00:00,4577.592000000001,2966.656333,136.842,2111.521
2023-01-03 16:00:00,4831.514,3029.9883330000002,146.73500000000004,2266.277
2023-01-03 17:00:00,5337.611,3421.116333,183.905,2555.112
2023-01-03 18:00:00,5782.98,3784.643667,182.875,2878.6279999999997
2023-01-03 19:00:00,5936.13,3905.341,201.838,2909.9880000000003
2023-01-03 20:00:00,5772.377,3759.3320000000003,174.463,2860.932
2023-01-03 21:00:00,5559.325667000001,3625.2663329999996,172.68800000000002,2793.122667
2023-01-03 22:00:00,5252.870667,3448.5336669999997,145.50700000000003,2565.457999
2023-01-03 23:00:00,4720.8189999999995,3180.6396670000004,141.60899999999998,2286.848667
2023-01-04 00:00:00,4147.118,2920.467,125.629,2119.1166670000002
2023-01-04 01:00:00,3766.835,2636.39,130.056,1906.848666
2023-01-04 02:00:00,3518.5069999999996,2521.375,106.803,1811.786667
2023-01-04 03:00:00,3471.309,2407.0,110.03800000000001,1753.554
2023-01-04 04:00:00,3490.727,2447.3329999999996,107.69200000000001,1767.2640000000001
2023-01-04 05:00:00,3701.6589999999997,2548.847667,111.24700000000001,1841.949
2023-01-04 06:00:00,4060.189,2750.323,126.42,1942.904
2023-01-04 07:00:00,4658.877,3063.210333,138.916,2160.1130000000003
2023-01-04 08:00:00,4962.093000000001,3235.459667,166.015,2322.3499999999995
2023-01-04 09:00:00,5042.285,3289.635667,171.68800000000002,2312.098
2023-01-04 10:00:00,5008.683000000001,3293.448667,181.202,2300.9530000000004
2023-01-04 11:00:00,4946.343666000001,3303.520667,175.385,2321.921
2023-01-04 12:00:00,4921.930999,3273.12,158.58200000000002,2326.222
2023-01-04 13:00:00,4953.908,3298.5533330000003,152.98700000000002,2330.378
2023-01-04 14:00:00,5046.703,3243.4273329999996,141.30800000000002,2355.4629999999997
2023-01-04 15:00:00,5089.034,3301.698333,148.883,2443.214
2023-01-04 16:00:00,5340.714,3452.88,169.664,2566.398
2023-01-04 17:00:00,5814.248,3793.8900000000003,187.692,2739.09
2023-01-04 18:00:00,6219.995000000001,4108.8369999999995,230.99399999999997,2975.0330000000004
2023-01-04 19:00:00,6285.378000000001,4160.989667,228.35399999999998,3113.7560000000003
2023-01-04 20:00:00,6016.698,4075.8726669999996,191.52100000000002,3012.948
2023-01-04 21:00:00,5756.426,3802.337667,193.91500000000002,2878.839
2023-01-04 22:00:00,5383.014333,3656.708,182.106,2689.982
2023-01-04 23:00:00,4749.368666,3298.395333,168.85,2466.212
2023-01-05 00:00:00,4131.358333,2943.717333,134.60399999999998,2162.8450000000003
2023-01-05 01:00:00,3726.305667,2677.652,106.42800000000001,1921.805
2023-01-05 02:00:00,3448.532,2468.549333,94.07099999999998,1801.368
2023-01-05 03:00:00,3251.932,2354.846333,103.92399999999999,1682.412
2023-01-05 04:00:00,3243.037,2275.7776670000003,108.86999999999999,1638.666
2023-01-05 05:00:00,3383.366,2338.719333,99.07100000000001,1681.055
2023-01-05 06:00:00,3711.334,2514.004667,127.058,1790.0966680000001
2023-01-05 07:00:00,4204.606,2738.0083329999998,130.51500000000001,1972.666
2023-01-05 08:00:00,4435.167,2872.572,151.601,2113.264334
2023-01-05 09:00:00,4301.481,2839.3583340000005,144.851,2115.6586669999997
2023-01-05 10:00:00,4329.4529999999995,2760.913666,130.88400000000001,2026.042667
2023-01-05 11:00:00,4252.305333,2724.750666,131.946,1955.16
2023-01-05 12:00:00,4196.4130000000005,2699.35,120.648,2000.634
2023-01-05 13:00:00,4221.235667,2750.6850000000004,122.603,2010.1879999999999
2023-01-05 14:00:00,4175.056333,2688.4939999999997,94.821,1997.02
2023-01-05 15:00:00,4092.4303330000002,2674.322,99.44699999999999,1991.8719999999998
2023-01-05 16:00:00,4187.097333,2681.6530000000002,126.70099999999996,2038.477
2023-01-05 17:00:00,4578.210667,2944.701,125.344,2206.5209999999997
2023-01-05 18:00:00,5096.132333,3170.7439999999997,141.135,2428.798
2023-01-05 19:00:00,5315.707333,3285.4440000000004,146.61,2570.2650000000003
2023-01-05 20:00:00,5231.852999999999,3202.048,151.47400000000002,2502.2389999999996
2023-01-05 21:00:00,4994.5779999999995,3047.8720000000003,139.41600000000003,2390.5190000000002
2023-01-05 22:00:00,4593.761,2921.312,123.158,2225.65
2023-01-05 23:00:00,4199.592000000001,2708.456,98.96000000000001,1997.3663339999998
2023-01-06 00:00:00,3665.512,2417.3469999999998,106.10499999999999,1812.7500009999999
2023-01-06 01:00:00,3334.1279999999997,2209.869,84.62700000000001,1632.401
2023-01-06 02:00:00,3082.274,2049.7110000000002,86.39099999999999,1515.4560000000001
2023-01-06 03:00:00,2967.499,2021.8200000000002,106.465,1466.4940000000001
2023-01-06 04:00:00,2947.742,2034.2579999999998,85.19899999999998,1466.605
2023-01-06 05:00:00,3101.95,2111.854,97.32300000000001,1536.179
2023-01-06 06:00:00,3515.4709999999995,2335.8820000000005,100.244,1683.029
2023-01-06 07:00:00,4010.011,2564.532,118.484,1875.279
2023-01-06 08:00:00,4266.42,2785.59,142.88899999999998,1996.0929999999998
2023-01-06 09:00:00,4365.984,2855.729,135.195,2070.676
2023-01-06 10:00:00,4375.868,2796.399,120.772,2043.933
2023-01-06 11:00:00,4264.186,2698.058,117.64,2025.9779999999998
2023-01-06 12:00:00,4123.429,2606.2349999999997,117.19800000000001,2018.089
2023-01-06 13:00:00,4124.512,2612.1949999999997,102.21900000000001,1934.574333
2023-01-06 14:00:00,4111.354,2595.724,106.69599999999998,1938.331999
2023-01-06 15:00:00,4196.21,2659.9260000000004,100.451,1955.5646660000002
2023-01-06 16:00:00,4399.279,2748.913,131.875,2048.8730010000004
2023-01-06 17:00:00,4690.389,2929.6659999999997,123.95599999999999,2241.974667
2023-01-06 18:00:00,5086.6759999999995,3148.233,129.905,2423.3443340000003
2023-01-06 19:00:00,4980.485,3218.119,173.492,2468.3559999999998
2023-01-06 20:00:00,4761.484,3078.045,164.994,2348.9403329999996
2023-01-06 21:00:00,4566.36,2965.255,161.876,2248.8759999999997
2023-01-06 22:00:00,4416.7300000000005,2852.8050000000003,140.511,2165.7659999999996
2023-01-06 23:00:00,4040.9139999999998,2724.9849999999997,124.67,2026.974
2023-01-07 00:00:00,3646.9799999999996,2558.151,116.644,1869.699
2023-01-07 01:00:00,3369.5510000000004,2342.246,116.01899999999999,1725.525
2023-01-07 02:00:00,3186.8596669999997,2230.906,91.584,1592.8819999999998
2023-01-07 03:00:00,3053.2526669999997,2112.905,107.175,1491.143
2023-01-07 04:00:00,2941.313333,2078.5879999999997,82.305,1463.431
2023-01-07 05:00:00,3006.371,2116.076,86.062,1486.669
2023-01-07 06:00:00,3154.030667,2136.6760000000004,95.035,1528.3780000000002
2023-01-07 07:00:00,3409.452333,2252.9710000000005,104.762,1579.176
2023-01-07 08:00:00,3731.742,2421.924,118.80600000000001,1727.0939990000002
2023-01-07 09:00:00,4139.703667,2730.483,115.065,1958.108
2023-01-07 10:00:00,4478.363,2960.633,113.159,2135.798
2023-01-07 11:00:00,4676.652,3005.82,136.36099999999996,2215.8289999999997
2023-01-07 12:00:00,4769.441,3025.429,130.83399999999997,2223.008
2023-01-07 13:00:00,4699.2029999999995,3114.567,125.125,2290.758
2023-01-07 14:00:00,4650.687,3001.854,135.33100000000002,2296.746
2023-01-07 15:00:00,4636.446000000001,2977.406,125.19900000000001,2352.6079999999997
2023-01-07 16:00:00,4726.294,2929.607,119.156,2314.267
2023-01-07 17:00:00,4928.281,3033.741,130.16699999999997,2333.124
2023-01-07 18:00:00,5219.349,3264.808,131.835,2443.766333
2023-01-07 19:00:00,5288.853999999999,3332.267,144.79600000000002,2536.322
2023-01-07 20:00:00,5162.3009999999995,3228.715,157.75699999999998,2419.468
2023-01-07 21:00:00,4894.156,3144.865,190.21499999999997,2313.0170000000003
2023-01-07 22:00:00,4569.793000000001,2983.5730000000003,154.66699999999997,2237.984
2023-01-07 23:00:00,4216.225,2798.454,136.00500000000002,2137.8673329999997
2023-01-08 00:00:00,3844.4849999999997,2629.353,105.20400000000001,1971.440666
2023-01-08 01:00:00,3509.39,2440.140333,94.86000000000001,1758.804667
2023-01-08 02:00:00,3260.38,2307.2776670000003,78.79699999999998,1643.1510000000003
2023-01-08 03:00:00,3062.087,2196.992,91.58200000000001,1532.7510000000002
2023-01-08 04:00:00,2993.2700000000004,2094.228,79.327,1491.315
2023-01-08 05:00:00,2968.12,2058.201,80.41900000000003,1472.578
2023-01-08 06:00:00,3106.6400000000003,2095.743,79.12799999999999,1522.256
2023-01-08 07:00:00,3344.9120000000003,2206.239,86.35699999999999,1504.502
2023-01-08 08:00:00,3632.54,2358.8630000000003,101.22999999999999,1667.969
2023-01-08 09:00:00,4171.971,2591.331,104.01,1887.125333
2023-01-08 10:00:00,4529.34,2888.7529999999997,110.802,2102.7076669999997
2023-01-08 11:00:00,4697.918,3071.6490000000003,135.096,2246.883666
2023-01-08 12:00:00,4768.763000000001,3156.139,125.056,2382.180333
2023-01-08 13:00:00,4807.7095,3139.846,115.07900000000001,2341.498334
2023-01-08 14:00:00,4970.1245,3207.7740000000003,114.89400000000002,2384.693
2023-01-08 15:00:00,4943.696,3191.901,139.51500000000004,2323.5150000000003
2023-01-08 16:00:00,5033.7795,3191.322,157.18599999999995,2374.0379999999996
2023-01-08 17:00:00,5280.6475,3384.371,149.948,2514.5869999999995
2023-01-08 18:00:00,5605.516,3512.184,154.832,2666.518
2023-01-08 19:00:00,5453.5175,3558.825,146.466,2584.9929999999995
2023-01-08 20:00:00,5355.392,3454.412,147.92,2586.4269999999997
2023-01-08 21:00:00,5123.7,3362.214,156.79700000000003,2451.895667
2023-01-08 22:00:00,4808.517,3053.6090000000004,138.248,2288.569
2023-01-08 23:00:00,4230.476000000001,2839.944,139.06,2090.5463330000002
2023-01-09 00:00:00,3724.1780000000003,2568.7799999999997,121.041,1898.799
2023-01-09 01:00:00,3333.566,2343.6549999999997,106.519,1772.85
2023-01-09 02:00:00,3145.1059999999998,2218.53,92.947,1628.209
2023-01-09 03:00:00,3048.8360000000002,2119.411,94.107,1561.424
2023-01-09 04:00:00,3013.759,2129.9579999999996,88.74,1534.1663330000001
2023-01-09 05:00:00,3127.897,2211.68,95.25399999999999,1600.654333
2023-01-09 06:00:00,3479.3849999999998,2341.1670000000004,110.55300000000001,1678.1439999999998
2023-01-09 07:00:00,3999.2909999999997,2589.709,122.04399999999998,1888.748333
2023-01-09 08:00:00,4283.883,2733.877,146.29500000000002,2037.0900000000001
2023-01-09 09:00:00,4275.282,2774.58,133.188,1948.7106670000003
2023-01-09 10:00:00,4197.269,2613.067,121.645,1908.398001
2023-01-09 11:00:00,4193.486000000001,2598.184,112.443,1916.309167
2023-01-09 12:00:00,4097.512000000001,2531.541,112.429,1852.2559999999999
2023-01-09 13:00:00,4149.1449999999995,2590.048,96.97500000000001,1922.308999
2023-01-09 14:00:00,4146.796,2635.3,80.58000000000001,1900.673166
2023-01-09 15:00:00,4071.487,2582.4440000000004,108.44999999999999,1872.7955000000002
2023-01-09 16:00:00,4296.119,2678.2360000000003,105.65499999999999,1960.1705
2023-01-09 17:00:00,4711.447,2857.1530000000002,122.551,2187.065
2023-01-09 18:00:00,5215.606,3178.981,135.624,2495.142833
2023-01-09 19:00:00,5308.959,3317.688,147.70100000000002,2560.5910000000003
2023-01-09 20:00:00,5104.141,3260.099,157.27400000000003,2532.798334
2023-01-09 21:00:00,5054.889,3204.263,122.824,2391.835333
2023-01-09 22:00:00,4699.7210000000005,2925.135,137.29699999999997,2167.513667
2023-01-09 23:00:00,4131.566000000001,2717.1169999999997,119.03099999999999,2027.839334
2023-01-10 00:00:00,3605.554,2423.434,97.657,1847.9479999999999
2023-01-10 01:00:00,3255.191,2260.674,81.515,1627.4189999999999
2023-01-10 02:00:00,3058.799,2159.2470000000003,88.76900000000002,1507.022334
2023-01-10 03:00:00,2994.765,2045.352,90.526,1481.9956670000001
2023-01-10 04:00:00,2991.2479999999996,2027.27,94.072,1454.754334
2023-01-10 05:00:00,3169.688,2164.3219999999997,91.478,1528.316667
2023-01-10 06:00:00,3599.602,2314.772,112.10300000000001,1673.0793330000001
2023-01-10 07:00:00,4092.4004999999997,2576.839,119.075,1887.235334
2023-01-10 08:00:00,4359.4805,2802.643,143.71900000000002,2044.441334
2023-01-10 09:00:00,4308.9169999999995,2741.58,120.231,2059.943666
2023-01-10 10:00:00,4361.334667,2755.321,120.615,1975.13
2023-01-10 11:00:00,4155.023333,2733.036,103.30099999999999,1942.382667
2023-01-10 12:00:00,4115.923666000001,2652.908,133.94099999999997,1965.881666
2023-01-10 13:00:00,4112.472333,2670.348,110.681,1963.628334
2023-01-10 14:00:00,4138.363667,2619.2580000000003,96.17,2015.4946670000002
2023-01-10 15:00:00,4016.669667,2552.594,89.485,1934.415668
2023-01-10 16:00:00,4185.1716670000005,2575.425,110.919,2022.0153340000002
2023-01-10 17:00:00,4702.308,2896.8199999999997,111.99300000000001,2198.7143340000002
2023-01-10 18:00:00,5340.031999999999,3344.7799999999997,147.89700000000002,2498.294334
2023-01-10 19:00:00,5466.514,3510.763,176.54500000000002,2553.577667
2023-01-10 20:00:00,5206.321,3392.12,179.23100000000002,2581.026667
2023-01-10 21:00:00,4954.4169999999995,3294.958,175.735,2460.4449999999997
2023-01-10 22:00:00,4693.349,3130.817,136.25900000000001,2312.629333
2023-01-10 23:00:00,4274.746,2837.835,115.87700000000001,2073.761333
2023-01-11 00:00:00,3736.3250000000003,2589.7870000000003,123.748,1887.156999
2023-01-11 01:00:00,3377.768,2370.383,97.89699999999999,1663.9213340000001
2023-01-11 02:00:00,3109.9159999999997,2204.37,97.84800000000001,1543.217667
2023-01-11 03:00:00,2979.9205,2104.638,83.594,1478.160333
2023-01-11 04:00:00,2980.9694999999997,2077.5730000000003,96.91699999999999,1460.547001
2023-01-11 05:00:00,3125.5640000000003,2123.469,72.373,1513.776667
2023-01-11 06:00:00,3475.6594999999998,2300.8590000000004,86.195,1624.59
2023-01-11 07:00:00,3984.148,2591.234,102.659,1819.8249999999998
2023-01-11 08:00:00,4259.4165,2763.45,131.20200000000003,2027.261
2023-01-11 09:00:00,4195.537,2690.077,121.766,2041.0996670000002
2023-01-11 10:00:00,4207.398499999999,2619.7709999999997,99.07400000000001,1940.7133330000001
2023-01-11 11:00:00,4059.0025,2536.037,95.93100000000001,1913.329
2023-01-11 12:00:00,4027.6040000000003,2501.982,113.50800000000001,1856.232
2023-01-11 13:00:00,4069.723,2592.967,116.56400000000001,1923.001
2023-01-11 14:00:00,4126.105,2642.1059999999998,101.179,1951.4540000000002
2023-01-11 15:00:00,4021.9973329999993,2625.2590000000005,115.66799999999999,2044.616
2023-01-11 16:00:00,4243.19,2768.858,127.269,2127.2326669999998
2023-01-11 17:00:00,4790.966,3066.455,133.868,2347.630666
2023-01-11 18:00:00,5300.2080000000005,3396.568,159.79500000000002,2537.654667
2023-01-11 19:00:00,5449.745,3457.9080000000004,160.68499999999997,2603.9016659999998
2023-01-11 20:00:00,5346.504,3428.316,153.308,2492.785334
2023-01-11 21:00:00,5032.808000000001,3283.466,139.489,2397.004334
2023-01-11 22:00:00,4768.731,3092.916667,129.944,2263.029001
2023-01-11 23:00:00,4265.637666999999,2821.6653330000004,111.20400000000001,2038.588
2023-01-12 00:00:00,3777.339333,2591.655667,111.02199999999998,1841.085
2023-01-12 01:00:00,3372.064333,2262.2523330000004,103.472,1644.542
2023-01-12 02:00:00,3097.719333,2099.090667,90.835,1530.022333
2023-01-12 03:00:00,2933.165,1990.1693329999998,81.267,1433.5906659999998
2023-01-12 04:00:00,2898.7695,1939.904,80.60999999999999,1416.4173340000002
2023-01-12 05:00:00,3000.6605,2069.2653330000003,80.644,1442.778333
2023-01-12 06:00:00,3295.8044999999997,2228.9449999999997,86.61099999999999,1525.741333
2023-01-12 07:00:00,3748.477,2407.493333,113.315,1708.643
2023-01-12 08:00:00,4067.2605000000003,2626.384,125.86599999999999,1850.0413330000001
2023-01-12 09:00:00,4170.834833,2626.815333,114.294,1904.876
2023-01-12 10:00:00,4037.9638330000002,2574.089,101.586,1869.1819999999998
2023-01-12 11:00:00,3968.5433329999996,2532.0299999999997,106.377,1799.1663329999997
2023-01-12 12:00:00,3982.5950000000003,2508.9019999999996,99.50099999999999,1833.116334
2023-01-12 13:00:00,3899.5433329999996,2529.514,94.899,1863.746666
2023-01-12 14:00:00,3813.6673330000003,2416.3430000000003,93.05,1767.121334
2023-01-12 15:00:00,3831.5573329999997,2403.666,99.325,1863.501333
2023-01-12 16:00:00,3982.8900000000003,2500.647,101.51299999999999,1883.0243329999998
2023-01-12 17:00:00,4513.151667,2759.673,133.155,2136.738333
2023-01-12 18:00:00,4998.625,2995.6670000000004,129.523,2314.665999
2023-01-12 19:00:00,4937.468999999999,3131.2160000000003,129.89,2353.7393329999995
2023-01-12 20:00:00,4815.177,3051.709,149.47399999999996,2296.398667
2023-01-12 21:00:00,4688.9406659999995,2864.692,128.407,2189.598333
2023-01-12 22:00:00,4400.151333,2733.236,126.25999999999999,2026.963666
2023-01-12 23:00:00,3912.044667,2458.751,108.47500000000001,1850.536666
2023-01-13 00:00:00,3394.822,2301.326,101.85699999999997,1614.308667
2023-01-13 01:00:00,3095.779334,2051.853,90.88199999999999,1509.008001
2023-01-13 02:00:00,2869.57,1925.6979999999999,75.042,1384.659666
2023-01-13 03:00:00,2709.976667,1788.681,75.81099999999999,1261.051
2023-01-13 04:00:00,2661.491334,1759.696,75.68399999999998,1258.8503340000002
2023-01-13 05:00:00,2704.161333,1813.554,80.794,1306.184
2023-01-13 06:00:00,3064.63,1973.829,64.759,1420.431
2023-01-13 07:00:00,3488.467,2213.331,78.519,1566.5216659999999
2023-01-13 08:00:00,3811.049334,2386.291,118.35600000000001,1668.398666
2023-01-13 09:00:00,3805.1980000000003,2451.5299999999997,99.85600000000001,1724.198
2023-01-13 10:00:00,3967.4913330000004,2532.837,116.07900000000002,1737.9443339999998
2023-01-13 11:00:00,3925.0096670000003,2432.504,111.872,1774.9859999999999
2023-01-13 12:00:00,3919.7450000000003,2439.098,101.37400000000001,1824.985333
2023-01-13 13:00:00,3975.354,2409.0,108.75999999999998,1790.601
2023-01-13 14:00:00,3893.998,2387.5240000000003,115.411,1769.672666
2023-01-13 15:00:00,3815.2889999999998,2268.869,92.07499999999999,1767.184
2023-01-13 16:00:00,3932.8409999999994,2325.273,78.0,1825.6546669999998
2023-01-13 17:00:00,4386.736,2601.9539999999997,92.99199999999999,1997.358667
2023-01-13 18:00:00,4705.128999999999,2854.707,115.066,2124.7526669999997
2023-01-13 19:00:00,4774.0689999999995,2963.837,136.96900000000002,2159.020332
2023-01-13 20:00:00,4501.572,2763.364,131.17299999999997,2061.579334
2023-01-13 21:00:00,4305.375,2634.8770000000004,110.72099999999999,2007.472666
2023-01-13 22:00:00,4143.780000000001,2540.7380000000003,107.556,1947.5603330000001
2023-01-13 23:00:00,3865.78,2394.6710000000003,112.396,1853.4406669999998
2023-01-14 00:00:00,3425.051,2219.101,85.738,1654.6776670000002
2023-01-14 01:00:00,3172.426,2094.072,82.589,1509.383667
2023-01-14 02:00:00,2955.5225,1915.883,72.374,1347.9573329999998
2023-01-14 03:00:00,2788.1075,1803.8480000000002,70.34700000000001,1302.110667
2023-01-14 04:00:00,2714.3224999999998,1783.933,69.655,1283.744333
2023-01-14 05:00:00,2737.0955,1791.903,69.63700000000001,1305.703999
2023-01-14 06:00:00,2872.9955,1877.2930000000001,71.974,1354.665667
2023-01-14 07:00:00,3139.664667,2018.745,100.42300000000002,1405.707666
2023-01-14 08:00:00,3505.8556670000003,2209.233,98.94699999999999,1569.8603329999999
2023-01-14 09:00:00,3968.9320000000002,2590.575,107.49400000000001,1780.290999
2023-01-14 10:00:00,4393.888,2748.472,103.009,1956.609
2023-01-14 11:00:00,4585.701667,2888.3370000000004,115.85900000000001,2127.386333
2023-01-14 12:00:00,4735.643,3083.8810000000003,146.80399999999997,2220.446
2023-01-14 13:00:00,4771.700333000001,2994.1369999999997,144.70099999999996,2293.833667
2023-01-14 14:00:00,4786.124,2955.372,130.76699999999997,2225.122667
2023-01-14 15:00:00,4564.877,2881.879,133.825,2247.656332
2023-01-14 16:00:00,4597.76,2885.99,128.336,2216.6886670000004
2023-01-14 17:00:00,4745.831,3015.552,128.79999999999998,2267.389333
2023-01-14 18:00:00,4994.128000000001,3043.025,137.924,2370.23
2023-01-14 19:00:00,4963.932333,3060.58,139.876,2338.125
2023-01-14 20:00:00,4802.793334000001,2947.229,129.48000000000002,2285.9593339999997
2023-01-14 21:00:00,4562.9226659999995,2744.26,144.489,2153.095666
2023-01-14 22:00:00,4342.629999999999,2628.675,136.20600000000002,2051.6763339999998
2023-01-14 23:00:00,3947.201,2533.556,119.44099999999999,1924.3039999999999
2023-01-15 00:00:00,3595.6099999999997,2377.7259999999997,124.66300000000001,1796.3486659999999
2023-01-15 01:00:00,3287.415,2174.6189999999997,86.09200000000001,1660.107667
2023-01-15 02:00:00,3025.955,2000.501,77.06,1522.528334
2023-01-15 03:00:00,2910.232,1868.129,71.03999999999999,1410.741665
2023-01-15 04:00:00,2850.487,1816.109,77.432,1364.170667
2023-01-15 05:00:00,2770.8529999999996,1826.754,78.76100000000001,1365.515334
2023-01-15 06:00:00,2903.038,1895.8090000000002,94.324,1386.612666
2023-01-15 07:00:00,3126.574,2037.1589999999999,94.49600000000001,1436.013
2023-01-15 08:00:00,3488.505,2193.717,101.09799999999998,1617.3469999999998
2023-01-15 09:00:00,4062.197,2548.491,103.59700000000001,1841.1249990000001
2023-01-15 10:00:00,4373.412,2772.603,130.12300000000002,2012.044001
2023-01-15 11:00:00,4705.586,2990.379,152.60699999999997,2250.0609990000003
2023-01-15 12:00:00,4931.592000000001,3058.167,152.69600000000003,2315.755333
2023-01-15 13:00:00,4929.543,3065.895,139.388,2341.468001
2023-01-15 14:00:00,4876.848,3171.615,146.46333400000003,2323.417
2023-01-15 15:00:00,4868.701,3241.79,151.51299999999998,2355.257
2023-01-15 16:00:00,4915.424999999999,3221.8370000000004,155.80799999999996,2384.9456659999996
2023-01-15 17:00:00,5089.534667,3276.46,123.60700000000001,2440.479333
2023-01-15 18:00:00,5342.063333,3346.493,185.68699999999998,2552.7206659999997
2023-01-15 19:00:00,5398.496666999999,3301.804,168.507,2561.570999
2023-01-15 20:00:00,5256.8369999999995,3284.612,131.94299999999998,2524.509334
2023-01-15 21:00:00,4994.385,3118.1899999999996,135.973,2383.3006669999995
2023-01-15 22:00:00,4627.168,2913.001,138.39000000000001,2251.644666
2023-01-15 23:00:00,4247.432666999999,2734.137,104.854,2085.982667
2023-01-16 00:00:00,3722.811998,2477.0429999999997,112.994,1899.7506669999998
2023-01-16 01:00:00,3328.502666,2253.567,93.84199999999998,1664.527333
2023-01-16 02:00:00,3140.3853310000004,2081.9660000000003,84.586,1549.612
2023-01-16 03:00:00,2998.441334,1977.8519999999999,80.75,1484.606001
2023-01-16 04:00:00,2992.7990019999997,2005.265,89.61600000000001,1488.064334
2023-01-16 05:00:00,3082.938332,2066.317,73.398,1571.151
2023-01-16 06:00:00,3363.676667,2235.91,106.14600000000002,1629.075
2023-01-16 07:00:00,3682.4726680000003,2441.79,122.08,1805.899333
2023-01-16 08:00:00,4046.965998,2645.108,132.19,1895.1440000000002
2023-01-16 09:00:00,4299.905001,2904.576,124.89099999999999,2026.528
2023-01-16 10:00:00,4508.461334,2985.6459999999997,140.42200000000003,2085.893999
2023-01-16 11:00:00,4442.072335,2930.895,159.333,2140.2343330000003
2023-01-16 12:00:00,4451.301665999999,2769.9230000000002,116.32199999999999,2124.0016670000005
2023-01-16 13:00:00,4390.096333,2827.13,125.493,2084.7690000000002
2023-01-16 14:00:00,4295.684665999999,2749.287667,110.34800000000001,2047.403334
2023-01-16 15:00:00,4260.909333,2767.1229999999996,130.062,2071.4906659999997
2023-01-16 16:00:00,4274.162333,2758.779333,116.29899999999998,2072.788
2023-01-16 17:00:00,4713.653333,2977.2963330000002,115.99699999999999,2205.471333
2023-01-16 18:00:00,5327.759667,3337.016667,150.566,2463.915998
2023-01-16 19:00:00,5411.360667000001,3361.046667,148.16200000000003,2557.7439990000003
2023-01-16 20:00:00,5222.492,3302.481333,159.47099999999998,2517.657666
2023-01-16 21:00:00,5093.643667,3137.093667,143.359,2402.742334
2023-01-16 22:00:00,4742.504333,2933.267667,127.53,2264.395001
2023-01-16 23:00:00,4108.332,2770.7889999999998,135.62300000000002,2026.1463330000001
2023-01-17 00:00:00,3628.806333,2475.994,97.976,1811.6763329999999
2023-01-17 01:00:00,3303.557,2280.759,95.577,1624.912668
2023-01-17 02:00:00,3143.165,2067.794,93.354,1522.210666
2023-01-17 03:00:00,2969.116,2012.1509999999998,95.677,1461.112
2023-01-17 04:00:00,2986.527,1982.038,81.728,1446.2293330000002
2023-01-17 05:00:00,3085.484,2047.031,78.50700000000002,1485.853002
2023-01-17 06:00:00,3426.189,2206.433,98.636,1580.294334
2023-01-17 07:00:00,3913.13,2439.979,107.72,1774.1039999999998
2023-01-17 08:00:00,4228.856,2589.798,150.927,1933.7109999999998
2023-01-17 09:00:00,4240.481,2657.551,114.68099999999998,1955.4183329999998
2023-01-17 10:00:00,4187.987999999999,2629.973,118.596666,1907.7699989999999
2023-01-17 11:00:00,4083.4640000000004,2550.616,112.697334,1907.140334
2023-01-17 12:00:00,4057.8653329999997,2594.283,112.93766699999999,1834.150666
2023-01-17 13:00:00,4142.26,2554.415,96.618,1915.041333
2023-01-17 14:00:00,3962.0299999999997,2535.9210000000003,94.526,1929.829
2023-01-17 15:00:00,3974.627,2509.923,119.29966699999997,1894.6979999999999
2023-01-17 16:00:00,4290.438,2628.051,116.95666700000001,1960.1856659999999
2023-01-17 17:00:00,4702.133,2865.7780000000002,110.94066699999999,2215.5553330000002
2023-01-17 18:00:00,5173.324,3167.431,148.638,2499.3846670000003
2023-01-17 19:00:00,5375.566000000001,3349.499,165.703,2452.465667
2023-01-17 20:00:00,5187.152,3301.8379999999997,180.109,2423.986
2023-01-17 21:00:00,5036.253000000001,3172.563,151.845,2337.590001
2023-01-17 22:00:00,4637.732,3022.5519999999997,138.00500000000005,2192.617
2023-01-17 23:00:00,4159.549,2708.476,127.82400000000001,2002.394
2023-01-18 00:00:00,3663.7570000000005,2428.643,100.37899999999999,1788.103999
2023-01-18 01:00:00,3265.638,2188.281,90.43766600000001,1587.316667
2023-01-18 02:00:00,2968.572,2005.844,72.537001,1440.322667
2023-01-18 03:00:00,2879.08,1878.53,75.456334,1403.964
2023-01-18 04:00:00,2867.9049999999997,1888.629,79.43033400000002,1378.799333
2023-01-18 05:00:00,3002.4260000000004,1998.7149999999997,83.898334,1404.5323329999999
2023-01-18 06:00:00,3349.0280000000002,2132.6189999999997,104.339334,1499.5820019999999
2023-01-18 07:00:00,3763.84,2400.274,104.152,1716.157334
2023-01-18 08:00:00,4086.1360000000004,2629.156,124.601,1888.0176660000002
2023-01-18 09:00:00,4045.4759999999997,2609.8010000000004,100.92900000000002,1903.483667
2023-01-18 10:00:00,4112.398999999999,2666.839,111.267,1852.161
2023-01-18 11:00:00,4115.277,2663.5429999999997,114.91500000000002,1869.682
2023-01-18 12:00:00,4150.704,2631.397,115.996,1931.5513340000002
2023-01-18 13:00:00,4239.267,2727.051,124.83500000000001,1989.0196660000001
2023-01-18 14:00:00,4348.298,2752.0780000000004,118.219666,1992.893667
2023-01-18 15:00:00,4399.118,2740.333,118.21166699999999,2025.004001
2023-01-18 16:00:00,4500.695,2792.308,143.246,2085.2106670000003
2023-01-18 17:00:00,4931.610000000001,3048.223,137.042,2354.0169990000004
2023-01-18 18:00:00,5497.64,3473.625,181.905,2593.946
2023-01-18 19:00:00,5703.799,3543.1040000000003,174.91799999999998,2694.2893329999997
2023-01-18 20:00:00,5493.4169999999995,3460.808,177.73000000000002,2662.339334
2023-01-18 21:00:00,5302.6179999999995,3474.91,161.76399999999998,2576.9306669999996
2023-01-18 22:00:00,5046.5380000000005,3261.023,146.395,2359.554001
2023-01-18 23:00:00,4406.562,2922.294,132.951,2136.572333
2023-01-19 00:00:00,3912.898,2617.4790000000003,125.62700000000001,1962.7179999999998
2023-01-19 01:00:00,3595.448,2380.224,105.843,1758.741333
2023-01-19 02:00:00,3408.806,2314.996,112.39000000000001,1604.144666
2023-01-19 03:00:00,3257.258,2186.8540000000003,90.944,1565.1773320000002
2023-01-19 04:00:00,3237.099,2158.0919999999996,86.367666,1548.3176670000003
2023-01-19 05:00:00,3350.313,2281.291,92.185667,1580.965666
2023-01-19 06:00:00,3674.2740000000003,2350.099,92.87233400000001,1701.985
2023-01-19 07:00:00,4188.276,2653.329,129.09266699999998,1894.2553329999998
2023-01-19 08:00:00,4425.903,2827.96,149.768,2016.510666
2023-01-19 09:00:00,4430.427,2805.5650000000005,142.732,2086.706
2023-01-19 10:00:00,4376.382,2749.5860000000002,150.99400000000003,2050.056668
2023-01-19 11:00:00,4404.4580000000005,2760.5339999999997,117.86100000000002,2012.479333
2023-01-19 12:00:00,4400.623,2752.069,116.47500000000001,2017.032334
2023-01-19 13:00:00,4421.507,2783.951,117.93799999999997,2038.845666
2023-01-19 14:00:00,4303.232,2820.585,112.39200000000001,1998.0520000000001
2023-01-19 15:00:00,4335.83,2782.014,128.33599999999998,2022.359
2023-01-19 16:00:00,4446.813667,2850.062,131.028,2089.325
2023-01-19 17:00:00,4912.124,3038.863,132.242,2292.6036670000003
2023-01-19 18:00:00,5460.056333,3300.535,144.160667,2600.506666
2023-01-19 19:00:00,5675.802333,3592.8599999999997,165.59433400000003,2671.760999
2023-01-19 20:00:00,5639.361333999999,3611.117,168.166666,2674.179666
2023-01-19 21:00:00,5504.716667000001,3442.56,172.161,2669.9913340000003
2023-01-19 22:00:00,5168.752333,3322.274,152.321,2479.697666
2023-01-19 23:00:00,4706.501333,3137.2389999999996,131.346,2337.081
2023-01-20 00:00:00,4241.150667,2890.6366669999998,128.53500000000003,2151.854
2023-01-20 01:00:00,3901.373667,2661.208667,121.787,2009.945334
2023-01-20 02:00:00,3614.1949999999997,2524.0649999999996,102.57900000000001,1833.062667
2023-01-20 03:00:00,3544.3373330000004,2437.492,113.60100000000001,1804.908332
2023-01-20 04:00:00,3533.767333,2429.570667,111.901,1782.064668
2023-01-20 05:00:00,3704.0236670000004,2480.12,121.27199999999999,1864.980667
2023-01-20 06:00:00,4121.313,2643.375,138.781,1940.789001
2023-01-20 07:00:00,4609.005,2907.859,156.254,2155.295333
2023-01-20 08:00:00,4939.6943329999995,3106.8293329999997,209.90399999999997,2283.2836660000003
2023-01-20 09:00:00,4971.578,3234.254001,178.460667,2317.446334
2023-01-20 10:00:00,4962.826332999999,3211.313,143.203334,2263.234001
2023-01-20 11:00:00,4869.919,3137.8290000000006,146.74333299999998,2309.4239990000005
2023-01-20 12:00:00,4879.346,3194.156333,156.947,2237.055333
2023-01-20 13:00:00,4783.905,3129.8940000000002,142.31900000000002,2270.04
2023-01-20 14:00:00,4744.442333,2999.996666,124.08999999999999,2177.1789989999997
2023-01-20 15:00:00,4598.166,2929.881334,125.01300000000002,2136.908666
2023-01-20 16:00:00,4599.251,2978.803,123.08500000000001,2207.469333
2023-01-20 17:00:00,5137.489,3286.875,126.11999999999999,2438.428334
2023-01-20 18:00:00,5564.507667,3576.870333,139.49200000000002,2612.9673329999996
2023-01-20 19:00:00,5544.496667,3639.230667,149.073,2722.8776669999997
2023-01-20 20:00:00,5331.293667,3597.951,157.84300000000002,2711.836667
2023-01-20 21:00:00,5388.152333,3543.6243329999998,151.465,2654.3326669999997
2023-01-20 22:00:00,5176.209999999999,3439.038332,161.116,2491.140667
2023-01-20 23:00:00,4741.076333,3237.492667,157.07799999999997,2338.7466679999998
2023-01-21 00:00:00,4350.013,3026.513333,132.224,2186.584
2023-01-21 01:00:00,4043.675333,2780.124667,120.10000000000001,2049.785667
2023-01-21 02:00:00,3871.026833,2639.296333,107.67500000000001,1874.211667
2023-01-21 03:00:00,3738.3811670000005,2548.152333,102.49600000000001,1827.7849999999999
2023-01-21 04:00:00,3693.0125,2463.075001,110.34100000000002,1810.432666
2023-01-21 05:00:00,3671.1825,2538.94,109.806,1812.8379989999999
2023-01-21 06:00:00,3835.2725,2605.728333,118.36,1918.1833339999998
2023-01-21 07:00:00,4087.51,2760.135333,133.08200000000002,1997.082667
2023-01-21 08:00:00,4506.843667,2958.096334,127.07900000000001,2125.144001
2023-01-21 09:00:00,5033.714333,3282.973666,139.876,2359.1310000000003
2023-01-21 10:00:00,5405.063333,3435.302001,180.08900000000003,2543.561667
2023-01-21 11:00:00,5608.080667,3567.787666,219.66500000000002,2612.380001
2023-01-21 12:00:00,5776.126333,3678.4779999999996,222.64700000000002,2648.664334
2023-01-21 13:00:00,5730.812,3737.1616679999997,172.43099999999998,2625.8223339999995
2023-01-21 14:00:00,5531.484333,3651.103,187.25900000000001,2612.511333
2023-01-21 15:00:00,5199.528333,3377.081666,179.93300000000002,2465.713667
2023-01-21 16:00:00,5278.627333,3316.292999,174.438,2427.4099989999995
2023-01-21 17:00:00,5449.532,3448.8689999999997,188.365,2527.798667
2023-01-21 18:00:00,5755.578667,3627.628667,165.309,2606.469999
2023-01-21 19:00:00,5691.244333,3592.828334,189.528,2670.366668
2023-01-21 20:00:00,5530.347333,3560.9836670000004,186.24800000000002,2714.583667
2023-01-21 21:00:00,5237.254667,3385.6063329999997,158.811,2626.387334
2023-01-21 22:00:00,5000.048333000001,3231.401667,159.57999999999998,2420.733001
2023-01-21 23:00:00,4632.379666999999,3058.868001,170.042,2218.1673339999998
2023-01-22 00:00:00,4154.329,2932.566,151.241,2048.524333
2023-01-22 01:00:00,3844.6890000000003,2686.9446660000003,131.03,1868.287
2023-01-22 02:00:00,3606.8016669999997,2484.962,123.469,1736.530999
2023-01-22 03:00:00,3361.949333,2402.5119999999997,109.908,1661.1820010000001
2023-01-22 04:00:00,3342.0303329999997,2312.043667,105.111,1656.0090010000001
2023-01-22 05:00:00,3305.422667,2321.9866669999997,103.38,1642.3770009999998
2023-01-22 06:00:00,3456.371333,2376.686667,92.273,1666.117999
2023-01-22 07:00:00,3770.698333,2525.880667,127.61899999999999,1815.8920000000003
2023-01-22 08:00:00,4167.853,2733.5326670000004,118.06099999999999,1948.503667
2023-01-22 09:00:00,4678.887667,3088.918333,139.877,2160.828001
2023-01-22 10:00:00,5022.7210000000005,3362.3410000000003,155.92000000000002,2346.378333
2023-01-22 11:00:00,5193.908667,3436.76,168.702,2432.889667
2023-01-22 12:00:00,5149.208667,3469.8599999999997,163.436,2419.7683340000003
2023-01-22 13:00:00,5219.311667,3370.821,169.57400000000004,2435.523
2023-01-22 14:00:00,5149.642667,3267.256,129.088,2372.1026659999998
2023-01-22 15:00:00,5010.620000000001,3157.947334,155.023,2354.3936670000003
2023-01-22 16:00:00,5142.795333,3170.509,133.41700000000003,2401.172334
2023-01-22 17:00:00,5221.768,3305.3779999999997,137.415,2508.8666670000002
2023-01-22 18:00:00,5574.5106670000005,3545.6510000000003,154.18,2598.1193329999996
2023-01-22 19:00:00,5613.837667,3562.6800000000003,198.78699999999998,2653.120666
2023-01-22 20:00:00,5518.768,3512.632,203.451,2654.500666
2023-01-22 21:00:00,5399.473333,3459.1,197.329,2485.815334
2023-01-22 22:00:00,4937.5196670000005,3197.103,165.451,2389.005667
2023-01-22 23:00:00,4417.464333,2917.8999999999996,123.70600000000002,2220.581334
2023-01-23 00:00:00,3907.5676679999997,2604.6200000000003,117.479,2004.480334
2023-01-23 01:00:00,3523.900333,2437.0589999999997,94.811,1805.521335
2023-01-23 02:00:00,3311.456,2309.981,87.403,1682.271667
2023-01-23 03:00:00,3204.9975000000004,2206.3549999999996,86.82399999999998,1631.664166
2023-01-23 04:00:00,3198.5035,2200.112,85.5,1649.0355009999998
2023-01-23 05:00:00,3381.683,2303.031,87.008,1676.1799999999998
2023-01-23 06:00:00,3720.9801669999997,2463.46,110.633,1799.8936669999998
2023-01-23 07:00:00,4207.549999999999,2717.3940000000002,129.898,2016.0120000000002
2023-01-23 08:00:00,4531.798167000001,2916.6059999999998,151.791,2170.385
2023-01-23 09:00:00,4544.177501,2930.058,141.437,2207.434
2023-01-23 10:00:00,4534.964833,2877.1180000000004,151.34199999999998,2144.052833
2023-01-23 11:00:00,4368.851167,2761.9955,116.299,2040.145167
2023-01-23 12:00:00,4183.909667,2736.7684999999997,143.587,1987.0494990000002
2023-01-23 13:00:00,4111.5286670000005,2656.5159999999996,134.30300000000003,2017.302668
2023-01-23 14:00:00,3949.409333,2555.5860000000002,102.87400000000001,1940.408666
2023-01-23 15:00:00,3963.101,2422.53,116.99000000000001,1902.081999
2023-01-23 16:00:00,4129.488332999999,2569.598,120.535,1975.353
2023-01-23 17:00:00,4749.850332999999,2939.569,146.41000000000003,2210.9729989999996
2023-01-23 18:00:00,5314.986333000001,3250.622,146.604,2421.5696669999998
2023-01-23 19:00:00,5455.684,3386.5060000000003,178.917,2516.940833
2023-01-23 20:00:00,5363.847667,3311.783,165.15900000000002,2500.105333
2023-01-23 21:00:00,5088.124,3198.417,150.57999999999998,2459.867666
2023-01-23 22:00:00,4680.558000000001,3010.129,144.30400000000003,2261.6641680000002
2023-01-23 23:00:00,4257.312833,2743.3109999999997,116.87800000000001,2023.6635
2023-01-24 00:00:00,3766.4525000000003,2488.446999,96.018,1830.737665
2023-01-24 01:00:00,3372.258,2278.0866659999997,94.03699999999999,1662.9006680000002
2023-01-24 02:00:00,3148.173667,2155.815667,77.615,1563.261333
2023-01-24 03:00:00,3036.517667,2093.3083340000003,85.136,1502.880999
2023-01-24 04:00:00,3030.578333,2094.491,75.013,1500.7120009999999
2023-01-24 05:00:00,3262.6733329999997,2214.964,82.69433199999999,1598.1870009999998
2023-01-24 06:00:00,3640.142667,2415.076667,103.496667,1749.071999
2023-01-24 07:00:00,4112.543,2718.4930000000004,140.12,1963.201999
2023-01-24 08:00:00,4514.085,2991.912,154.943,2132.944667
2023-01-24 09:00:00,4625.617666,2878.439,156.213,2070.974333
2023-01-24 10:00:00,4395.513000000001,2803.581,144.389,2039.5166679999998
2023-01-24 11:00:00,4187.665,2674.9753330000003,109.976,1965.4611679999998
2023-01-24 12:00:00,4125.7510010000005,2584.3979999999997,99.42999999999999,1944.247499
2023-01-24 13:00:00,3880.821667,2456.2259999999997,86.91299999999998,1873.368332
2023-01-24 14:00:00,3739.154333,2391.7839999999997,79.845,1789.315
2023-01-24 15:00:00,3693.654667,2236.8300000000004,76.38199999999999,1747.691331
2023-01-24 16:00:00,3843.895333,2427.581,84.629,1834.246998
2023-01-24 17:00:00,4423.037333,2703.355,104.10099999999998,2136.376334
2023-01-24 18:00:00,5092.494333000001,3122.296,135.077,2414.869501
2023-01-24 19:00:00,5269.125,3287.8010000000004,164.653,2491.1876679999996
2023-01-24 20:00:00,5061.071,3252.089,160.88000000000002,2549.381002
2023-01-24 21:00:00,4938.932000000001,3277.301,148.62799999999996,2548.4089999999997
2023-01-24 22:00:00,4685.91,3087.367,132.671,2383.2770010000004
2023-01-24 23:00:00,4230.706,2825.976,137.03899999999996,2113.155667
2023-01-25 00:00:00,3729.197,2493.7470000000003,96.50500000000001,1861.3468320000002
2023-01-25 01:00:00,3329.058,2305.3540000000003,83.888,1643.035999
2023-01-25 02:00:00,3127.764,2166.834,81.40099999999998,1522.116667
2023-01-25 03:00:00,2960.2619999999997,2077.4579999999996,74.77,1475.132
2023-01-25 04:00:00,2983.540667,2073.586,75.93999999999998,1464.982668
2023-01-25 05:00:00,3119.657666,2116.3689999999997,83.016,1541.5416679999998
2023-01-25 06:00:00,3398.599666,2261.605,82.779,1595.445333
2023-01-25 07:00:00,3906.117334,2515.717,114.744,1802.889333
2023-01-25 08:00:00,4313.588334,2625.165,111.329,1902.050667
2023-01-25 09:00:00,4291.268667,2638.7309999999998,145.31300000000002,1941.1873340000002
2023-01-25 10:00:00,4225.870667,2714.8859999999995,139.546,1918.076001
2023-01-25 11:00:00,4246.247333,2679.1400000000003,118.27599999999998,1955.933669
2023-01-25 12:00:00,4202.568332999999,2667.678,134.677,1946.3863340000003
2023-01-25 13:00:00,4200.503333000001,2683.443,101.74300000000001,1899.3643339999999
2023-01-25 14:00:00,4198.28,2700.678,113.08500000000001,1931.935333
2023-01-25 15:00:00,4244.088000000001,2717.849,108.892,1943.747668
2023-01-25 16:00:00,4471.209000000001,2723.3700000000003,122.11699999999999,1978.6373330000001
2023-01-25 17:00:00,4905.173,3021.282,134.971,2239.687334
2023-01-25 18:00:00,5303.713,3235.469,158.897,2438.819998
2023-01-25 19:00:00,5305.693,3401.135,159.82700000000003,2632.924501
2023-01-25 20:00:00,5209.669,3328.3689999999997,156.106,2544.858002
2023-01-25 21:00:00,5080.555,3309.192,139.195,2399.201666
2023-01-25 22:00:00,4722.2970000000005,3172.836,143.481,2281.804834
2023-01-25 23:00:00,4191.769,2860.9089999999997,134.73999999999998,2059.550333
2023-01-26 00:00:00,3724.837,2527.955,121.044,1849.8503329999999
2023-01-26 01:00:00,3327.361,2311.304,108.822,1634.791
2023-01-26 02:00:00,3141.739,2137.95,91.29200000000002,1521.6106650000002
2023-01-26 03:00:00,3030.328,2022.4170000000001,74.05099999999999,1472.621332
2023-01-26 04:00:00,2992.0460000000003,1984.906,75.79100000000001,1446.115334
2023-01-26 05:00:00,3091.4915,2082.418,69.65100000000001,1477.5019980000002
2023-01-26 06:00:00,3411.828,2203.9539999999997,90.374,1587.828
2023-01-26 07:00:00,3918.7235,2505.2569999999996,115.28699999999999,1796.518999
2023-01-26 08:00:00,4231.529,2689.978,129.862,1919.227666
2023-01-26 09:00:00,4199.252667000001,2639.3379999999997,121.14099999999999,1978.4893350000002
2023-01-26 10:00:00,4219.3535,2713.299,123.71100000000001,1955.7583329999998
2023-01-26 11:00:00,4230.455833,2630.812,141.131,1954.103998
2023-01-26 12:00:00,4218.785667,2631.42,122.949,1969.576999
2023-01-26 13:00:00,4181.957667000001,2632.264,105.21000000000002,1947.0016649999998
2023-01-26 14:00:00,4268.3009999999995,2623.585,92.08499999999998,1986.114333
2023-01-26 15:00:00,4215.517,2696.978,125.78200000000002,1987.393
2023-01-26 16:00:00,4337.319,2795.237,141.373,2100.7950010000004
2023-01-26 17:00:00,4818.365,3029.3320000000003,130.716,2253.016336
2023-01-26 18:00:00,5278.904,3169.176,157.03900000000002,2435.858334
2023-01-26 19:00:00,5319.925,3364.9449999999997,167.618,2508.111666
2023-01-26 20:00:00,5236.504,3303.15,150.83299999999997,2470.400667
2023-01-26 21:00:00,5166.226999999999,3239.112,147.786,2375.353001
2023-01-26 22:00:00,4779.959,3055.0780000000004,149.74400000000003,2257.305999
2023-01-26 23:00:00,4258.9980000000005,2785.5170000000003,118.71400000000001,2038.6109999999999
2023-01-27 00:00:00,3776.29,2613.9210000000003,108.00499999999998,1840.911166
2023-01-27 01:00:00,3474.188,2360.974,101.83799999999998,1664.510499
2023-01-27 02:00:00,3249.049,2200.653,96.256,1566.309666
2023-01-27 03:00:00,3100.855,2123.917,95.415,1524.226667
2023-01-27 04:00:00,3070.442,2101.795,89.558,1519.3031660000001
2023-01-27 05:00:00,3222.232,2146.5290000000005,91.523,1569.993667
2023-01-27 06:00:00,3468.285,2277.447,96.09799999999998,1637.574333
2023-01-27 07:00:00,3931.185,2543.141,114.258,1810.250665
2023-01-27 08:00:00,4311.2119999999995,2664.072667,122.747,1945.7013339999999
2023-01-27 09:00:00,4421.972,2801.7380000000003,147.53,1974.072333
2023-01-27 10:00:00,4499.1990000000005,2884.116,145.636,2008.3325000000002
2023-01-27 11:00:00,4513.728999999999,2935.451,120.43999999999998,2073.950832
2023-01-27 12:00:00,4369.764,2854.4489999999996,115.79500000000003,2101.457832
2023-01-27 13:00:00,4335.223,2832.1,114.89200000000001,2008.1346669999998
2023-01-27 14:00:00,4283.674,2738.075,101.95900000000002,1961.697999
2023-01-27 15:00:00,4225.447,2677.97,110.762,2017.643502
2023-01-27 16:00:00,4279.966,2771.835,114.14299999999997,2004.278168
2023-01-27 17:00:00,4701.497,2939.001,115.77600000000001,2197.338666
2023-01-27 18:00:00,4986.277,3170.847,130.76100000000002,2292.776001
2023-01-27 19:00:00,4978.359,3176.974,151.03200000000004,2313.502668
2023-01-27 20:00:00,4749.417,3027.0289999999995,156.488,2235.137335
2023-01-27 21:00:00,4703.553,2909.5820000000003,138.34900000000002,2171.16167
2023-01-27 22:00:00,4412.365,2778.2619999999997,143.72199999999998,2029.4510020000002
2023-01-27 23:00:00,4136.071667,2660.731,120.75000000000001,1877.571334
2023-01-28 00:00:00,3645.858333,2425.462,118.549,1748.1260009999999
2023-01-28 01:00:00,3369.039334,2245.08,92.40299999999999,1613.976
2023-01-28 02:00:00,3132.84,2080.315,88.081,1497.7190030000002
2023-01-28 03:00:00,3000.255,2028.786,80.93400000000001,1438.661
2023-01-28 04:00:00,2931.044,1948.062,77.173,1407.1099980000001
2023-01-28 05:00:00,2990.7393330000004,1993.888,71.89999999999999,1410.235999
2023-01-28 06:00:00,3084.697,2023.597,96.59700000000001,1470.1240000000003
2023-01-28 07:00:00,3358.413,2156.131,81.194,1527.991001
2023-01-28 08:00:00,3775.349667,2409.288,92.529,1698.143667
2023-01-28 09:00:00,4198.956333,2643.831,108.906,1898.9933340000002
2023-01-28 10:00:00,4649.318333,2899.029,132.124,2074.845667
2023-01-28 11:00:00,4780.103666999999,3041.522,135.62199999999999,2255.7730009999996
2023-01-28 12:00:00,4789.707333,3034.682,143.536,2309.267001
2023-01-28 13:00:00,4783.426,2946.233,138.837,2281.6629999999996
2023-01-28 14:00:00,4646.465333,2908.115,135.18099999999998,2194.808999
2023-01-28 15:00:00,4748.774333,2884.486,133.881,2185.798
2023-01-28 16:00:00,4790.724333,2865.959,119.95899999999999,2182.4936660000003
2023-01-28 17:00:00,5031.18,3159.0843330000002,153.185,2288.3813339999997
2023-01-28 18:00:00,5431.87,3438.77,154.915,2506.6369990000003
2023-01-28 19:00:00,5463.455,3481.929,164.177,2640.910334
2023-01-28 20:00:00,5239.7536660000005,3437.2956670000003,178.05599999999998,2572.765668
2023-01-28 21:00:00,5100.423667,3397.646333,158.708,2460.0896679999996
2023-01-28 22:00:00,4881.870333000001,3281.077667,163.2,2382.0540010000004
2023-01-28 23:00:00,4568.432666999999,3187.727667,167.902,2292.407334
2023-01-29 00:00:00,4146.664000000001,3000.142334,152.73199999999997,2137.053333
2023-01-29 01:00:00,3956.788667,2814.861333,135.651,1979.869334
2023-01-29 02:00:00,3755.5006670000002,2648.144333,115.09000000000002,1894.1763329999999
2023-01-29 03:00:00,3694.0023330000004,2571.001334,118.14900000000002,1852.906667
2023-01-29 04:00:00,3681.225333,2556.363667,117.977,1830.418667
2023-01-29 05:00:00,3697.7376670000003,2634.064999,128.785,1893.436667
2023-01-29 06:00:00,3902.1313330000003,2704.669333,134.182,1966.413666
2023-01-29 07:00:00,4220.326333000001,2905.1753339999996,145.048,2047.943334
2023-01-29 08:00:00,4750.675,3204.813333,169.014,2223.3469999999998
2023-01-29 09:00:00,5427.4526670000005,3560.732333,187.118,2519.580001
2023-01-29 10:00:00,5794.373,3767.028,170.083,2729.686
2023-01-29 11:00:00,5914.254667,3799.67,168.95699999999997,2737.141667
2023-01-29 12:00:00,5865.218667,3818.321,182.66400000000002,2802.728334
2023-01-29 13:00:00,5740.680667,3745.504,168.98399999999998,2757.381
2023-01-29 14:00:00,5643.864667,3714.137,156.37000000000003,2689.5686670000005
2023-01-29 15:00:00,5465.321,3676.366,141.402,2555.1189990000003
2023-01-29 16:00:00,5532.090333,3634.9190000000003,162.74099999999996,2611.068667
2023-01-29 17:00:00,5826.425333,3849.702,182.298,2814.9483330000003
2023-01-29 18:00:00,6446.414666000001,4178.553,222.59199999999998,2939.051
2023-01-29 19:00:00,6604.680667,4388.609,205.859,3103.7639999999997
2023-01-29 20:00:00,6487.892,4357.000667,234.37099999999998,3204.98
2023-01-29 21:00:00,6351.273333,4307.245999,230.03699999999998,3050.608333
2023-01-29 22:00:00,6009.380667,4100.296,217.596,2861.149
2023-01-29 23:00:00,5378.348333,3821.669,182.529,2695.4719999999998
2023-01-30 00:00:00,4900.835667,3412.522,192.213,2435.002
2023-01-30 01:00:00,4531.052,3223.9743339999995,156.32999999999998,2262.342
2023-01-30 02:00:00,4257.3330000000005,3049.553666,145.348,2164.733
2023-01-30 03:00:00,4248.0805,2930.383001,137.92499999999998,2084.352
2023-01-30 04:00:00,4251.0135,2975.258,146.265,2128.709
2023-01-30 05:00:00,4343.353666,3064.111,143.59000000000003,2209.775
2023-01-30 06:00:00,4789.9325,3217.672,147.482,2311.684
2023-01-30 07:00:00,5346.906332999999,3536.9756669999997,175.38199999999998,2572.1185
2023-01-30 08:00:00,5725.632500000001,3794.545,207.32199999999997,2748.9215000000004
2023-01-30 09:00:00,5821.6785,3845.155333,189.079,2743.4300000000003
2023-01-30 10:00:00,5769.0405,3779.212,222.33200000000002,2672.407
2023-01-30 11:00:00,5515.611,3706.3179999999998,213.98999999999998,2623.855
2023-01-30 12:00:00,5363.137666,3560.0029999999997,180.29399999999995,2543.682
2023-01-30 13:00:00,5250.142,3481.3639999999996,158.072,2532.107
2023-01-30 14:00:00,5118.9583330000005,3331.207,177.675,2427.194
2023-01-30 15:00:00,5016.723667,3214.517,135.811,2346.06
2023-01-30 16:00:00,4982.501,3246.831,147.39099999999996,2423.2889999999998
2023-01-30 17:00:00,5526.162667,3552.148,181.97,2611.8705
2023-01-30 18:00:00,6121.670666999999,4007.698,185.82299999999998,2911.843
2023-01-30 19:00:00,6345.700333,4280.938,242.25700000000003,3119.8645
2023-01-30 20:00:00,6354.336332999999,4276.348,215.575,3069.0745
2023-01-30 21:00:00,6128.975332999999,4094.440334,212.60900000000004,2998.331
2023-01-30 22:00:00,5644.360667,3906.732666,187.92700000000002,2873.3565
2023-01-30 23:00:00,5089.853999999999,3575.1586660000003,186.90699999999995,2556.519
2023-01-31 00:00:00,4682.276,3313.941667,171.43599999999998,2345.474666
2023-01-31 01:00:00,4271.309,3083.659333,146.48100000000002,2175.478
2023-01-31 02:00:00,4124.4661670000005,2917.164667,144.276,2094.190001
2023-01-31 03:00:00,3948.986667,2876.085334,129.417,2039.519999
2023-01-31 04:00:00,4041.120833,2875.497333,135.60299999999998,2017.8719999999998
2023-01-31 05:00:00,4227.245832999999,3006.201333,140.17499999999995,2089.9803330000004
2023-01-31 06:00:00,4615.85,3164.972001,158.962,2228.889333
2023-01-31 07:00:00,5160.3615,3453.315666,190.22400000000002,2456.4543329999997
2023-01-31 08:00:00,5441.198001000001,3703.0409999999997,208.67,2688.9676659999996
2023-01-31 09:00:00,5465.462167,3654.246999,180.065,2645.5076660000004
2023-01-31 10:00:00,5331.915167,3604.460667,187.807,2583.6773329999996
2023-01-31 11:00:00,5125.339,3414.097667,159.996,2457.5789999999997
2023-01-31 12:00:00,4933.718667,3374.6423330000002,133.444,2353.8509990000002
2023-01-31 13:00:00,4825.959666999999,3289.818333,130.53300000000002,2272.894499
2023-01-31 14:00:00,4681.697333,3162.795,128.113,2232.592001
2023-01-31 15:00:00,4757.8496669999995,3082.302334,138.177,2215.601667
2023-01-31 16:00:00,4792.830333,3036.5496669999998,150.02099999999996,2249.0986669999998
2023-01-31 17:00:00,5251.755333,3311.278333,143.89900000000003,2435.6463329999997
2023-01-31 18:00:00,5796.595333,3757.407334,151.703,2749.4529989999996
2023-01-31 19:00:00,6040.026333,3976.298667,200.939,2943.747168
2023-01-31 20:00:00,5933.913667000001,4004.966,226.327,2933.534334
2023-01-31 21:00:00,5741.363,3846.4746659999996,224.11200000000002,2802.032666
2023-01-31 22:00:00,5371.888666999999,3672.7866670000003,195.135,2667.904
2023-01-31 23:00:00,4909.603999999999,3291.221333,170.73100000000002,2435.101333
2023-02-01 00:00:00,4540.745333,3099.082667,150.23800000000003,2252.4366659999996
2023-02-01 01:00:00,4156.443333,2966.925,128.641,2097.233334
2023-02-01 02:00:00,3972.026667,2813.6196659999996,121.528,2033.667333
2023-02-01 03:00:00,3868.1533329999997,2730.052999,127.061,2021.848666
2023-02-01 04:00:00,3873.471667,2767.082334,127.966,1967.923666
2023-02-01 05:00:00,4061.5753330000002,2889.762667,143.72299999999998,2054.233
2023-02-01 06:00:00,4420.348333,3031.319333,138.89700000000005,2192.936001
2023-02-01 07:00:00,5068.1086669999995,3297.337333,181.533,2419.781667
2023-02-01 08:00:00,5379.6356670000005,3498.405666,194.072,2559.6049999999996
2023-02-01 09:00:00,5265.825667,3594.6343340000003,189.175,2569.649999
2023-02-01 10:00:00,5169.446,3481.8,202.43400000000003,2486.2653320000004
2023-02-01 11:00:00,4922.62,3309.525,171.135,2372.251334
2023-02-01 12:00:00,4721.702332999999,3179.551,164.20100000000002,2279.1650010000003
2023-02-01 13:00:00,4433.306333,3031.4310000000005,137.882,2117.315834
2023-02-01 14:00:00,4397.4306670000005,2881.889,117.52300000000001,2048.1403330000003
2023-02-01 15:00:00,4248.2826669999995,2714.327,126.52399999999999,1976.29
2023-02-01 16:00:00,4269.093667,2727.199,112.668,2080.540667
2023-02-01 17:00:00,4671.091667,3003.9049999999997,122.57400000000001,2287.5690000000004
2023-02-01 18:00:00,5430.622667,3471.478,153.799,2527.5326670000004
2023-02-01 19:00:00,5763.119,3776.613,190.767,2713.190833
2023-02-01 20:00:00,5782.4583330000005,3779.585,198.03300000000002,2812.411
2023-02-01 21:00:00,5659.783332999999,3726.1223330000003,186.832,2796.4469980000003
2023-02-01 22:00:00,5352.332,3558.123334,179.14800000000002,2634.186
2023-02-01 23:00:00,4876.769,3394.618,155.89299999999997,2437.7336670000004
2023-02-02 00:00:00,4329.559,3136.778333,141.272,2249.146667
2023-02-02 01:00:00,3995.319,2969.814333,132.204,2061.4756669999997
2023-02-02 02:00:00,3820.401,2861.062334,132.16700000000003,2003.4903330000002
2023-02-02 03:00:00,3737.7690000000002,2728.6820000000002,116.203,1996.281333
2023-02-02 04:00:00,3737.053,2773.887667,125.49800000000002,1981.193001
2023-02-02 05:00:00,3935.304,2890.958668,131.12099999999998,2038.9253330000001
2023-02-02 06:00:00,4418.21,3073.649,144.11700000000002,2167.798833
2023-02-02 07:00:00,5057.127,3447.402666,192.309,2448.142999
2023-02-02 08:00:00,5448.187,3614.483,183.47099999999998,2632.224666
2023-02-02 09:00:00,5360.654,3526.917,202.37800000000001,2639.0330010000002
2023-02-02 10:00:00,5171.823,3429.726,204.60799999999998,2515.079334
2023-02-02 11:00:00,4974.271,3320.8050000000003,183.609,2382.3256659999997
2023-02-02 12:00:00,4702.504,3029.8329999999996,152.818,2208.090667
2023-02-02 13:00:00,4380.921,2876.907,121.994,2086.9473339999995
2023-02-02 14:00:00,4294.887,2792.4049999999997,102.91499999999999,2005.406666
2023-02-02 15:00:00,4213.104,2734.9809999999998,104.78500000000001,2035.390332
2023-02-02 16:00:00,4266.171,2789.1049999999996,116.34399999999998,2083.542667
2023-02-02 17:00:00,4744.693,3117.0249999999996,119.46799999999999,2331.1166670000002
2023-02-02 18:00:00,5416.41,3426.1850000000004,145.95800000000003,2607.5186670000003
2023-02-02 19:00:00,5616.091,3563.888,149.945,2766.011333
2023-02-02 20:00:00,5450.751,3493.765,153.14899999999997,2713.107334
2023-02-02 21:00:00,5323.61,3500.362,168.647,2599.181
2023-02-02 22:00:00,4983.146999999999,3260.023,156.749,2412.656333
2023-02-02 23:00:00,4526.610999999999,2991.6099999999997,139.67499999999995,2238.400333
2023-02-03 00:00:00,3977.6393340000004,2745.702,125.498,1990.8873330000001
2023-02-03 01:00:00,3570.6809999999996,2536.117,109.191,1773.6386659999998
2023-02-03 02:00:00,3381.464,2379.422,93.045,1680.425666
2023-02-03 03:00:00,3238.217,2294.371,95.647,1596.881334
2023-02-03 04:00:00,3224.733,2286.262,94.30499999999999,1598.113666
2023-02-03 05:00:00,3397.072,2351.9309999999996,101.544,1668.1606669999999
2023-02-03 06:00:00,3691.1679999999997,2499.864,114.15000000000002,1812.732
2023-02-03 07:00:00,4131.507,2769.162,154.49599999999998,1975.4739980000002
2023-02-03 08:00:00,4523.308999999999,2930.0879999999997,143.67,2140.4579999999996
2023-02-03 09:00:00,4578.090999999999,2981.004,163.286,2113.906
2023-02-03 10:00:00,4629.723,2957.061,166.515,2145.4138329999996
2023-02-03 11:00:00,4596.424,2934.718,148.509,2185.2153319999998
2023-02-03 12:00:00,4668.616,3000.032,148.62599999999998,2197.233999
2023-02-03 13:00:00,4637.026,2925.723,133.42899999999997,2104.247
2023-02-03 14:00:00,4299.139,2752.907,108.88000000000001,2058.818666
2023-02-03 15:00:00,4260.248,2684.791,111.85599999999998,2005.4886669999999
2023-02-03 16:00:00,4389.504999999999,2755.4120000000003,116.516,2102.675001
2023-02-03 17:00:00,4615.334,2914.906,108.90800000000002,2204.7773319999997
2023-02-03 18:00:00,5094.032,3200.7110000000002,110.49099999999999,2317.352667
2023-02-03 19:00:00,5163.909,3252.6949999999997,177.67000000000002,2462.390668
2023-02-03 20:00:00,4932.701,3155.554,160.117,2416.575334
2023-02-03 21:00:00,4744.165,2989.721,134.302,2260.194336
2023-02-03 22:00:00,4558.353999999999,2863.286,134.32500000000005,2134.239835
2023-02-03 23:00:00,4212.548000000001,2689.715,128.45999999999998,2044.270666
2023-02-04 00:00:00,3743.0339999999997,2478.434,112.13799999999999,1848.8496679999998
2023-02-04 01:00:00,3349.600001,2312.737,104.619,1645.741333
2023-02-04 02:00:00,3082.4620000000004,2116.7780000000002,89.645,1493.567169
2023-02-04 03:00:00,2911.358666,2014.48,81.92699999999999,1456.697001
2023-02-04 04:00:00,2828.752334,1954.187,68.28,1429.7688309999999
2023-02-04 05:00:00,2872.520001,1983.0520000000001,71.15599999999999,1420.948667
2023-02-04 06:00:00,3057.5163330000005,2039.571,75.78199999999998,1463.518
2023-02-04 07:00:00,3234.8050000000003,2156.925,94.93400000000001,1502.086668
2023-02-04 08:00:00,3642.7376670000003,2336.178,116.96000000000001,1682.209668
2023-02-04 09:00:00,4121.417333,2668.776,113.633,1912.3230010000002
2023-02-04 10:00:00,4559.314333,2887.198,125.676,2055.255
2023-02-04 11:00:00,4706.978666999999,3015.152,127.05000000000001,2197.6563350000006
2023-02-04 12:00:00,4702.825333000001,3012.2889999999998,135.46699999999998,2251.5005
2023-02-04 13:00:00,4616.784,2927.1490000000003,124.256,2218.520998
2023-02-04 14:00:00,4572.501333,2876.956,147.788,2144.834666
2023-02-04 15:00:00,4596.229332999999,2853.1179999999995,143.21699999999998,2172.295666
2023-02-04 16:00:00,4643.049333,2900.1279999999997,134.49,2208.375333
2023-02-04 17:00:00,4927.6235,3025.9210000000003,123.68499999999999,2257.473667
2023-02-04 18:00:00,5022.7,3105.0009999999997,135.433,2346.056666
2023-02-04 19:00:00,5049.228,3186.657,130.137,2404.507
2023-02-04 20:00:00,4851.790666,3114.029,104.99900000000001,2257.4486669999997
2023-02-04 21:00:00,4633.030000000001,2978.15,129.29399999999998,2226.6013350000003
2023-02-04 22:00:00,4411.730333,2831.042,122.74100000000001,2146.542668
2023-02-04 23:00:00,4076.8046670000003,2636.556,125.36099999999999,1981.724001
2023-02-05 00:00:00,3664.883,2429.248,98.33399999999997,1798.5361659999999
2023-02-05 01:00:00,3376.117667,2204.2349999999997,90.957,1634.3660009999999
2023-02-05 02:00:00,3113.125667,2085.326,95.39,1460.7366660000002
2023-02-05 03:00:00,2942.036333,1998.547,76.89200000000001,1385.5220009999998
2023-02-05 04:00:00,2902.9086660000003,1970.935,74.56,1369.812501
2023-02-05 05:00:00,2874.7470000000003,1985.129,77.994,1403.0823340000002
2023-02-05 06:00:00,2969.799666,2026.147,79.62599999999999,1425.825832
2023-02-05 07:00:00,3204.8163329999998,2144.307,89.301,1471.3306670000002
2023-02-05 08:00:00,3643.424667,2314.32,85.02900000000001,1640.241833
2023-02-05 09:00:00,4212.889001,2636.9700000000003,100.236,1898.559835
2023-02-05 10:00:00,4533.175666,2865.002,141.66400000000002,2124.7416670000002
2023-02-05 11:00:00,4649.012,2920.887,123.09800000000001,2229.048501
2023-02-05 12:00:00,4819.7696670000005,2932.4700000000003,120.05000000000001,2315.827834
2023-02-05 13:00:00,4906.487666999999,3029.494,128.36800000000002,2383.4976669999996
2023-02-05 14:00:00,4864.956667,3099.584,115.38100000000001,2288.5446679999995
2023-02-05 15:00:00,4936.346,3060.423,130.873,2252.709334
2023-02-05 16:00:00,4966.441666,3049.4519999999998,148.36599999999999,2243.629667
2023-02-05 17:00:00,5163.857333,3206.697,126.75200000000001,2444.853333
2023-02-05 18:00:00,5271.641667,3356.566,133.40600000000003,2588.745999
2023-02-05 19:00:00,5408.904667000001,3421.3559999999998,158.822,2611.7039990000003
2023-02-05 20:00:00,5193.454,3405.502,154.99099999999999,2552.750999
2023-02-05 21:00:00,5041.511333,3253.123,159.71600000000004,2412.8276669999996
2023-02-05 22:00:00,4680.554667,3086.865,149.19000000000003,2238.630001
2023-02-05 23:00:00,4270.455333,2771.736,121.968,2065.9336670000002
2023-02-06 00:00:00,3658.928667,2429.296,113.93900000000001,1796.551
2023-02-06 01:00:00,3342.6659999999997,2270.5289999999995,112.95400000000002,1612.664334
2023-02-06 02:00:00,3148.097,2193.888,87.46199999999999,1494.380001
2023-02-06 03:00:00,3028.851,2066.3099999999995,91.636,1436.518666
2023-02-06 04:00:00,3019.464,2094.2309999999998,83.69200000000002,1467.039666
2023-02-06 05:00:00,3163.121,2140.658,86.25899999999999,1524.275
2023-02-06 06:00:00,3453.355,2316.232,94.23299999999998,1609.782165
2023-02-06 07:00:00,3960.4695,2557.716,121.294,1860.388666
2023-02-06 08:00:00,4336.731,2712.8239999999996,154.469,2050.351332
2023-02-06 09:00:00,4434.2595,2707.61,143.20299999999997,2025.278667
2023-02-06 10:00:00,4438.664,2709.2290000000003,131.771,1947.7256659999998
2023-02-06 11:00:00,4393.249,2714.1800000000003,125.48999999999998,1947.8226670000001
2023-02-06 12:00:00,4306.977,2656.321,120.912,1964.1295
2023-02-06 13:00:00,4218.629666999999,2660.327,112.443,1965.2350000000001
2023-02-06 14:00:00,4049.058,2584.656,118.72900000000001,1925.279
2023-02-06 15:00:00,4089.011333,2489.98,108.07000000000001,1880.5065000000002
2023-02-06 16:00:00,4229.972667,2593.253,113.021,2008.7240000000002
2023-02-06 17:00:00,4613.380666999999,2946.54,126.46799999999999,2133.5434999999998
2023-02-06 18:00:00,5173.525,3265.496,149.80499999999998,2424.031333
2023-02-06 19:00:00,5282.188666999999,3369.383,154.47400000000005,2546.2063340000004
2023-02-06 20:00:00,5093.680667,3360.908,172.129,2479.597666
2023-02-06 21:00:00,4929.525333,3208.5719999999997,159.541,2395.6684999999998
2023-02-06 22:00:00,4576.548667,2910.815,143.916,2204.599166
2023-02-06 23:00:00,4093.5699999999997,2674.603,105.94999999999999,2000.5964999999999
2023-02-07 00:00:00,3642.5420000000004,2472.606,99.856,1769.106166
2023-02-07 01:00:00,3241.9489999999996,2199.933,84.05499999999999,1585.964666
2023-02-07 02:00:00,3019.796667,2024.551,81.34800000000001,1468.168667
2023-02-07 03:00:00,2857.732667,1932.3319999999999,75.157,1395.030332
2023-02-07 04:00:00,2825.474333,1921.393,78.842,1379.0720000000001
2023-02-07 05:00:00,2969.335333,2012.4300000000003,76.99,1433.328667
2023-02-07 06:00:00,3317.732,2144.1989999999996,86.988,1543.3580000000002
2023-02-07 07:00:00,3804.7690000000002,2388.473,117.12899999999999,1745.867334
2023-02-07 08:00:00,4067.976667,2583.37,124.67500000000001,1885.9036660000002
2023-02-07 09:00:00,4016.300333,2547.381,122.85900000000001,1877.757
2023-02-07 10:00:00,4065.546667,2586.2780000000002,121.185,1872.720333
2023-02-07 11:00:00,4065.111,2615.6980000000003,113.547,1881.624667
2023-02-07 12:00:00,4147.884667,2618.418,117.82,1938.6280000000002
2023-02-07 13:00:00,4189.353666999999,2583.6720000000005,103.89800000000001,1997.1656659999999
2023-02-07 14:00:00,4180.8023330000005,2633.523,124.493,1889.2286669999999
2023-02-07 15:00:00,4082.681667,2603.7920000000004,116.35600000000001,1940.5959990000001
2023-02-07 16:00:00,4114.508333,2551.09,114.9,1960.016666
2023-02-07 17:00:00,4382.546999,2738.622,103.49999999999997,2056.1679999999997
2023-02-07 18:00:00,4908.891,3039.636,139.874,2383.845166
2023-02-07 19:00:00,5325.831333,3376.1850000000004,155.918,2549.3456669999996
2023-02-07 20:00:00,5251.9529999999995,3356.462,155.057,2561.478001
2023-02-07 21:00:00,4994.860000000001,3236.007,169.43999999999997,2406.797333
2023-02-07 22:00:00,4816.697,3082.4579999999996,142.60700000000003,2288.361666
2023-02-07 23:00:00,4320.454,2802.1079999999997,134.303,2056.212666
2023-02-08 00:00:00,3767.282,2579.678,107.59299999999998,1869.6646650000002
2023-02-08 01:00:00,3440.1899999999996,2395.187,110.87,1676.124667
2023-02-08 02:00:00,3188.185,2205.0190000000002,93.388,1545.4759980000001
2023-02-08 03:00:00,3063.556,2100.6949999999997,91.235,1512.5
2023-02-08 04:00:00,3036.904667,2101.323,83.63600000000001,1510.262999
2023-02-08 05:00:00,3213.310333,2230.833,91.03899999999999,1565.6666679999998
2023-02-08 06:00:00,3544.7413330000004,2358.895,106.66999999999999,1659.208998
2023-02-08 07:00:00,4068.685001,2625.193,142.226,1916.137334
2023-02-08 08:00:00,4486.636334000001,2909.088,136.749,2138.419333
2023-02-08 09:00:00,4357.3986669999995,2819.268333,140.226,2127.3723339999997
2023-02-08 10:00:00,4129.27,2713.797667,133.80900000000003,1985.489165
2023-02-08 11:00:00,3988.0690000000004,2591.631,100.89,1863.316665
2023-02-08 12:00:00,3892.163333,2492.853,109.852,1805.311334
2023-02-08 13:00:00,3826.679333,2446.3999999999996,84.408,1777.290333
2023-02-08 14:00:00,3733.654667,2406.975,79.62900000000002,1758.596999
2023-02-08 15:00:00,3645.156667,2305.239,74.918,1682.555668
2023-02-08 16:00:00,3677.605667,2311.143,81.05499999999999,1735.8143329999998
2023-02-08 17:00:00,3934.541667,2518.797,81.427,1888.1943340000003
2023-02-08 18:00:00,4573.266667,2939.763,116.81400000000001,2202.1589989999998
2023-02-08 19:00:00,4980.432,3105.018,151.705,2318.754
2023-02-08 20:00:00,4903.541333000001,3125.073,147.695,2367.198833
2023-02-08 21:00:00,4808.301332999999,3029.867,140.409,2320.628167
2023-02-08 22:00:00,4550.771667000001,2867.720333,137.74499999999998,2161.625667
2023-02-08 23:00:00,4153.708667,2622.804,116.468,1953.0303330000002
2023-02-09 00:00:00,3611.754333,2451.326333,95.88799999999999,1731.084999
2023-02-09 01:00:00,3301.4413329999998,2266.9503330000002,88.808,1622.628334
2023-02-09 02:00:00,3085.667333,2138.525667,89.414,1533.1523320000001
2023-02-09 03:00:00,3013.133333,2058.645333,87.961,1438.479333
2023-02-09 04:00:00,2978.293667,2082.2129999999997,86.656,1454.5286660000002
2023-02-09 05:00:00,3158.2290000000003,2191.544,84.704,1515.0110009999999
2023-02-09 06:00:00,3530.141667,2353.679,94.73700000000001,1625.185833
2023-02-09 07:00:00,4017.110667,2633.142,127.81099999999999,1836.413332
2023-02-09 08:00:00,4388.412333,2774.929,149.166,1998.176999
2023-02-09 09:00:00,4336.438667,2679.96,144.40800000000004,1947.894667
2023-02-09 10:00:00,4147.380999999999,2599.492,120.73700000000002,1850.9046669999998
2023-02-09 11:00:00,4009.4809999999998,2502.7700000000004,118.59300000000002,1805.0539999999999
2023-02-09 12:00:00,3862.495333,2378.0330000000004,91.94999999999999,1744.289335
2023-02-09 13:00:00,3621.926667,2247.1310000000003,70.987,1676.509
2023-02-09 14:00:00,3436.268333,2135.322,75.174,1584.736999
2023-02-09 15:00:00,3314.759333,2032.016,70.24999999999999,1537.168665
2023-02-09 16:00:00,3454.0296670000002,2050.973,72.054,1593.376001
2023-02-09 17:00:00,3732.354999,2272.149,91.97800000000001,1744.0313339999998
2023-02-09 18:00:00,4319.331334,2583.7210000000005,103.525,1973.857
2023-02-09 19:00:00,4702.165001,2876.974,141.32899999999998,2166.272999
2023-02-09 20:00:00,4800.663333,2910.9080000000004,154.744,2223.767001
2023-02-09 21:00:00,4632.1900000000005,2885.176,145.02599999999995,2178.458333
2023-02-09 22:00:00,4271.8283329999995,2685.3280000000004,109.189,2001.6583320000002
2023-02-09 23:00:00,3854.074667,2430.618,105.00500000000001,1820.056
2023-02-10 00:00:00,3368.833667,2211.9049999999997,95.51999999999998,1650.6913330000002
2023-02-10 01:00:00,3038.162667,2067.871,84.085,1468.939666
2023-02-10 02:00:00,2823.07,1882.547,71.757,1394.371999
2023-02-10 03:00:00,2725.804,1792.149,71.08999999999999,1299.707333
2023-02-10 04:00:00,2682.284333,1805.0929999999998,62.05399999999999,1265.014333
2023-02-10 05:00:00,2790.538,1889.624,69.16000000000001,1325.1246669999998
2023-02-10 06:00:00,3077.7346669999997,2024.329,75.18599999999999,1407.5819999999999
2023-02-10 07:00:00,3535.056333,2269.0679999999998,96.43700000000001,1681.242666
2023-02-10 08:00:00,3986.702,2466.2839999999997,102.594,1760.721666
2023-02-10 09:00:00,4033.739,2481.054,109.55599999999997,1838.791667
2023-02-10 10:00:00,3966.9393339999997,2456.691,122.64299999999999,1823.346665
2023-02-10 11:00:00,3866.393334,2427.1859999999997,93.03300000000002,1829.228665
2023-02-10 12:00:00,3851.776,2373.364,120.987,1739.309333
2023-02-10 13:00:00,3792.223,2342.679,91.31900000000002,1714.182333
2023-02-10 14:00:00,3742.54,2312.382,100.899,1653.063333
2023-02-10 15:00:00,3552.564,2183.8360000000002,76.736,1636.6556679999999
2023-02-10 16:00:00,3567.1630000000005,2139.661,71.65800000000002,1671.484335
2023-02-10 17:00:00,3779.1036670000003,2388.972001,92.01299999999999,1742.913833
2023-02-10 18:00:00,4226.809,2629.410334,115.44399999999999,1954.2663340000001
2023-02-10 19:00:00,4475.0506669999995,2723.977,121.555,2091.0276679999997
2023-02-10 20:00:00,4447.612,2700.709,137.127,2106.6633340000003
2023-02-10 21:00:00,4430.181667000001,2666.155,136.20999999999998,2027.715502
2023-02-10 22:00:00,4137.058666999999,2622.6680000000006,120.41799999999999,2020.895002
2023-02-10 23:00:00,3865.7443330000006,2562.5699999999997,130.899,1877.8139999999999
2023-02-11 00:00:00,3578.9320000000002,2387.6360000000004,101.36900000000001,1753.793169
2023-02-11 01:00:00,3319.607,2220.822,91.95799999999998,1572.3403329999999
2023-02-11 02:00:00,3135.281667,2152.0290000000005,80.74000000000001,1522.887002
2023-02-11 03:00:00,2944.2346669999997,2013.399,83.37400000000001,1469.464667
2023-02-11 04:00:00,2955.005333,2017.512,83.08700000000002,1437.203665
2023-02-11 05:00:00,2997.7995,2098.982,97.458,1495.929333
2023-02-11 06:00:00,3184.758,2157.3140000000003,86.50999999999998,1480.595333
2023-02-11 07:00:00,3389.9825,2299.952,106.82400000000001,1598.1706669999999
2023-02-11 08:00:00,3806.5685000000003,2478.395,109.92200000000001,1838.123167
2023-02-11 09:00:00,4269.3955000000005,2816.3559999999998,124.859,2057.3913350000003
2023-02-11 10:00:00,4584.5565,3068.8030000000003,128.08100000000002,2166.543999
2023-02-11 11:00:00,4703.304,3057.3859999999995,145.521,2263.055167
2023-02-11 12:00:00,4692.106,2994.006,171.59000000000003,2238.1699989999997
2023-02-11 13:00:00,4592.157499999999,2892.126,137.70699999999997,2178.119666
2023-02-11 14:00:00,4354.598,2749.321,96.809,2111.4815009999993
2023-02-11 15:00:00,4211.0815,2535.3059999999996,88.839,1980.207333
2023-02-11 16:00:00,4178.323,2511.747,90.48500000000001,1970.4728330000003
2023-02-11 17:00:00,4408.5775,2603.594,122.67699999999999,2098.5508330000002
2023-02-11 18:00:00,4766.476000000001,2912.83,131.622,2199.481001
2023-02-11 19:00:00,4974.674000000001,3017.931,142.23499999999999,2299.1516680000004
2023-02-11 20:00:00,4891.481,2998.782,140.604,2303.827833
2023-02-11 21:00:00,4708.4439999999995,2913.315,144.68800000000002,2190.6881670000002
2023-02-11 22:00:00,4602.045,2834.8176670000003,153.456,2196.2231659999998
2023-02-11 23:00:00,4243.803,2758.0049989999998,152.03199999999998,2133.221333
2023-02-12 00:00:00,3868.4680000000003,2592.3089999999997,126.393,1924.4508339999998
2023-02-12 01:00:00,3554.7110000000002,2463.115,112.65199999999999,1831.5725
2023-02-12 02:00:00,3406.077,2337.8289999999997,99.25699999999999,1705.168668
2023-02-12 03:00:00,3281.4260000000004,2296.324667,99.449,1647.2291650000002
2023-02-12 04:00:00,3256.93,2305.232,95.42300000000002,1655.818999
2023-02-12 05:00:00,3317.9139999999998,2331.3293329999997,90.25299999999999,1690.9424990000002
2023-02-12 06:00:00,3494.7690000000002,2458.6449999999995,110.465,1764.218335
2023-02-12 07:00:00,3793.732,2561.065,123.03499999999998,1883.415835
2023-02-12 08:00:00,4262.71,2788.554,123.67400000000002,2101.330167
2023-02-12 09:00:00,4824.3765,3118.676,142.00000000000003,2351.013167
2023-02-12 10:00:00,5116.383,3380.175,169.387,2586.6639999999998
2023-02-12 11:00:00,5291.6465,3534.187,180.127,2647.9965009999996
2023-02-12 12:00:00,5420.826000000001,3558.375,184.974,2637.574333
2023-02-12 13:00:00,5219.4995,3339.12,159.427,2531.8405
2023-02-12 14:00:00,4959.4310000000005,3087.323,149.33799999999997,2428.273
2023-02-12 15:00:00,4773.370499999999,2923.0440000000003,128.21399999999997,2265.115167
2023-02-12 16:00:00,4671.9394999999995,2842.138,133.524,2216.496
2023-02-12 17:00:00,4612.868,2797.763,120.005,2216.776334
2023-02-12 18:00:00,4837.6315,3102.8819999999996,128.981,2321.9533330000004
2023-02-12 19:00:00,5250.668,3252.072,192.21300000000002,2472.4340009999996
2023-02-12 20:00:00,5226.623,3332.251,177.987,2508.2983329999997
2023-02-12 21:00:00,5180.834,3260.1220000000003,166.22500000000005,2418.137167
2023-02-12 22:00:00,4736.440667,3095.121,150.212,2297.7749999999996
2023-02-12 23:00:00,4128.629999999999,2717.7439999999997,111.93400000000001,2027.1630000000002
2023-02-13 00:00:00,3640.2325,2433.955,97.717,1812.618334
2023-02-13 01:00:00,3249.734,2244.755,92.09199999999998,1621.299001
2023-02-13 02:00:00,2995.825333,2131.893,72.56599999999999,1525.403334
2023-02-13 03:00:00,2893.4790000000003,2019.467,80.50999999999999,1419.338999
2023-02-13 04:00:00,2885.7569999999996,1990.1109999999999,75.812,1415.0959990000001
2023-02-13 05:00:00,2991.447333,2103.7690000000002,85.50400000000002,1460.6133330000002
2023-02-13 06:00:00,3410.268333,2237.761,89.654,1606.187665
2023-02-13 07:00:00,3917.366,2494.617,115.27199999999999,1881.140333
2023-02-13 08:00:00,4281.485667,2693.318,122.63699999999996,2049.455666
2023-02-13 09:00:00,4342.486833,2716.517,127.468,2028.134333
2023-02-13 10:00:00,4314.097333,2736.332,126.72,1992.775666
2023-02-13 11:00:00,4249.8845,2749.972667,142.902,1980.655667
2023-02-13 12:00:00,4341.549667,2804.567,137.102,2013.9031670000002
2023-02-13 13:00:00,4319.370334,2738.572,121.28099999999999,2060.216
2023-02-13 14:00:00,4185.286333,2656.557,113.44099999999999,1990.045
2023-02-13 15:00:00,4157.440333,2686.91,110.294,1945.0716670000002
2023-02-13 16:00:00,4507.022666999999,2788.651,127.245,2114.237833
2023-02-13 17:00:00,4902.912499999999,3100.12,141.569,2299.1414999999997
2023-02-13 18:00:00,5385.1625,3395.5460000000003,146.727,2530.9755000000005
2023-02-13 19:00:00,5602.246,3644.803,201.294,2714.091333
2023-02-13 20:00:00,5550.7365,3638.245,177.78,2740.6726659999995
2023-02-13 21:00:00,5386.118,3517.925,171.848,2673.8198330000005
2023-02-13 22:00:00,5031.3125,3390.180667,151.71699999999998,2481.647334
2023-02-13 23:00:00,4650.443,3104.393,136.10799999999998,2279.278499
2023-02-14 00:00:00,4104.263,2896.334,132.928,2100.773667
2023-02-14 01:00:00,3790.8205,2696.820667,121.589,1933.367666
2023-02-14 02:00:00,3513.109,2550.502,116.67999999999999,1845.373833
2023-02-14 03:00:00,3407.7870000000003,2450.9179999999997,107.76199999999999,1768.9666660000003
2023-02-14 04:00:00,3434.4350000000004,2449.799333,112.399,1721.893832
2023-02-14 05:00:00,3538.2340000000004,2562.0060000000003,119.22400000000002,1794.762832
2023-02-14 06:00:00,3978.562,2694.138667,116.959,1887.139166
2023-02-14 07:00:00,4451.679999999999,2981.3999999999996,137.795,2126.975501
2023-02-14 08:00:00,4913.522000000001,3147.2343330000003,152.16699999999997,2308.164667
2023-02-14 09:00:00,4890.611,3135.372667,132.753,2260.431666
2023-02-14 10:00:00,4780.563,3167.8473329999997,162.58100000000002,2241.266333
2023-02-14 11:00:00,4757.057,3130.456333,184.672,2208.0573320000003
2023-02-14 12:00:00,4651.704,3087.959667,162.819,2214.195667
2023-02-14 13:00:00,4661.713,3089.1549999999997,163.916,2229.5155010000003
2023-02-14 14:00:00,4555.344000000001,2993.1836670000002,145.987,2153.6446670000005
2023-02-14 15:00:00,4481.429,2978.832,133.417,2080.646667
2023-02-14 16:00:00,4615.3099999999995,2962.528667,141.07,2113.4403329999996
2023-02-14 17:00:00,4993.335,3180.713,142.239,2360.2088320000003
2023-02-14 18:00:00,5446.097000000001,3583.8013330000003,154.897,2664.6655
2023-02-14 19:00:00,5728.784,3692.428667,169.40899999999996,2769.2735000000002
2023-02-14 20:00:00,5448.42,3657.362,186.83799999999997,2700.7725010000004
2023-02-14 21:00:00,5235.671,3410.824667,189.28500000000003,2601.488166
2023-02-14 22:00:00,4942.128000000001,3176.925333,167.84,2365.918833
2023-02-14 23:00:00,4513.965,3050.115667,158.44299999999998,2227.278333
2023-02-15 00:00:00,4090.818,2931.468,137.21899999999997,2043.0446660000002
2023-02-15 01:00:00,3813.033,2734.518333,128.506,1924.415333
2023-02-15 02:00:00,3620.166,2586.882,122.239,1825.608999
2023-02-15 03:00:00,3519.415,2563.018,111.829,1795.783
2023-02-15 04:00:00,3646.447,2597.718333,125.13,1828.8829990000002
2023-02-15 05:00:00,3833.9410000000003,2731.253667,122.969,1913.4609999999998
2023-02-15 06:00:00,4249.771000000001,2924.21,142.05299999999997,2064.302832
2023-02-15 07:00:00,4848.577,3255.4013330000002,171.957,2377.492
2023-02-15 08:00:00,5220.538,3545.5550000000003,177.243,2571.516
2023-02-15 09:00:00,5164.491,3448.418333,169.93400000000003,2534.217334
2023-02-15 10:00:00,4970.774,3443.054,172.34300000000002,2439.617334
2023-02-15 11:00:00,4819.351,3244.451,179.29600000000002,2294.1940000000004
2023-02-15 12:00:00,4483.125,3034.152,150.305,2188.8993330000003
2023-02-15 13:00:00,4318.041,2892.2650000000003,125.929,2047.059666
2023-02-15 14:00:00,4153.996,2648.643,126.702,1967.2240000000002
2023-02-15 15:00:00,3975.772,2607.2709999999997,93.07000000000001,1962.3819999999998
2023-02-15 16:00:00,4012.3239999999996,2646.3550000000005,92.293,2005.9736659999999
2023-02-15 17:00:00,4377.582,2850.871,105.495,2133.09
2023-02-15 18:00:00,5176.568,3309.904,162.42900000000003,2379.723666
2023-02-15 19:00:00,5601.387000000001,3608.147,163.171,2727.9305
2023-02-15 20:00:00,5592.063,3699.6459999999997,193.056,2715.818667
2023-02-15 21:00:00,5423.917,3636.413,207.07,2696.5198339999997
2023-02-15 22:00:00,5160.726,3404.62,161.96099999999998,2578.181333
2023-02-15 23:00:00,4838.815,3201.995,160.32500000000002,2322.984333
2023-02-16 00:00:00,4288.117,2976.945332,120.355,2143.791
2023-02-16 01:00:00,3951.443,2776.304333,114.532,1978.007335
2023-02-16 02:00:00,3734.29,2662.412999,118.72800000000001,1856.935501
2023-02-16 03:00:00,3616.8540000000003,2626.114667,135.939,1851.7930000000001
2023-02-16 04:00:00,3589.266,2620.291333,121.724,1832.939332
2023-02-16 05:00:00,3800.038,2706.479333,114.64399999999999,1902.974334
2023-02-16 06:00:00,4183.545999999999,2898.9233329999997,139.73499999999999,2013.9443330000001
2023-02-16 07:00:00,4740.343000000001,3197.397667,152.76699999999997,2261.158667
2023-02-16 08:00:00,5065.088,3377.848666,170.205,2486.7783329999997
2023-02-16 09:00:00,5105.714,3265.910333,161.644,2422.5315
2023-02-16 10:00:00,4827.299,3136.665,159.88100000000003,2321.627999
2023-02-16 11:00:00,4597.713,2970.4219999999996,142.058,2192.0906670000004
2023-02-16 12:00:00,4503.631,2883.8900000000003,155.16199999999998,2135.3086670000002
2023-02-16 13:00:00,4268.34,2868.1900000000005,134.483,2034.4156670000002
2023-02-16 14:00:00,4088.882,2800.284,115.228,1975.320667
2023-02-16 15:00:00,3993.860667,2674.5150000000003,118.07,1913.884
2023-02-16 16:00:00,4112.339,2792.073,120.88199999999999,1952.7350000000001
2023-02-16 17:00:00,4607.219999999999,3053.754,118.274,2176.720335
2023-02-16 18:00:00,5094.613,3237.907,151.94099999999997,2416.654
2023-02-16 19:00:00,5279.843000000001,3415.25,161.41300000000004,2583.663
2023-02-16 20:00:00,5397.764,3458.2110000000002,183.386,2586.049667
2023-02-16 21:00:00,5243.130999999999,3351.355,193.22799999999998,2495.405833
2023-02-16 22:00:00,4914.22,3184.205,170.419,2331.5460009999997
2023-02-16 23:00:00,4411.692000000001,2935.169,141.76299999999998,2149.263001
2023-02-17 00:00:00,3883.87,2708.9939999999997,118.861,1907.9203320000001
2023-02-17 01:00:00,3502.017,2447.8059999999996,106.23200000000003,1778.351001
2023-02-17 02:00:00,3228.342,2351.4449999999997,94.898,1618.062668
2023-02-17 03:00:00,3116.691,2278.001,94.97000000000001,1616.224002
2023-02-17 04:00:00,3142.783,2253.599,93.722,1601.199667
2023-02-17 05:00:00,3279.078,2290.074,95.17699999999999,1649.250333
2023-02-17 06:00:00,3617.2729999999997,2447.569,106.995,1733.428332
2023-02-17 07:00:00,4016.874,2655.097,121.779,1897.805668
2023-02-17 08:00:00,4411.922999999999,2754.7019999999998,130.576,2089.478667
2023-02-17 09:00:00,4469.2823339999995,2844.984,136.808,2112.5344990000003
2023-02-17 10:00:00,4520.716,2955.692,150.80499999999998,2142.754
2023-02-17 11:00:00,4499.963667,2906.388,160.63600000000005,2173.2059990000002
2023-02-17 12:00:00,4336.201000000001,2718.121,153.76799999999997,2056.5366679999997
2023-02-17 13:00:00,4272.153333,2760.848,123.81100000000002,2006.988667
2023-02-17 14:00:00,3966.6886670000004,2540.5969999999998,115.379,1995.892167
2023-02-17 15:00:00,3879.703333,2501.697,100.903,1895.841
2023-02-17 16:00:00,4021.017333,2507.513,101.07600000000001,1928.1181660000002
2023-02-17 17:00:00,4221.634667,2595.968,109.19200000000001,1969.435166
2023-02-17 18:00:00,4679.773999999999,2867.241,119.617,2106.720834
2023-02-17 19:00:00,4880.785667,3088.634,150.45099999999996,2286.750333
2023-02-17 20:00:00,4842.603999999999,2994.353,146.275,2333.296667
2023-02-17 21:00:00,4658.217667,2973.891,125.135,2313.110499
2023-02-17 22:00:00,4465.631667,2907.827,136.941,2091.848667
2023-02-17 23:00:00,4057.7583329999998,2683.601,106.894,1974.376999
2023-02-18 00:00:00,3623.2389999999996,2495.031,121.51899999999999,1805.837833
2023-02-18 01:00:00,3383.553,2318.575,94.27899999999998,1624.385333
2023-02-18 02:00:00,3124.1006669999997,2135.377,91.24199999999999,1492.576666
2023-02-18 03:00:00,2979.723667,2043.9100000000003,96.108,1445.700499
2023-02-18 04:00:00,2885.3655,1998.584,89.093,1432.7271660000001
2023-02-18 05:00:00,2970.1189999999997,2043.0309999999997,84.83800000000002,1457.975834
2023-02-18 06:00:00,3164.809,2122.012,80.05399999999999,1488.352
2023-02-18 07:00:00,3438.9210000000003,2273.057,95.422,1583.838334
2023-02-18 08:00:00,3879.9610000000002,2514.392,95.41399999999999,1737.789167
2023-02-18 09:00:00,4291.072,2796.913,124.623,2009.122167
2023-02-18 10:00:00,4608.744000000001,2877.8120000000004,132.288,2117.096333
2023-02-18 11:00:00,4601.293,2918.5550000000003,122.31200000000001,2142.504833
2023-02-18 12:00:00,4616.826999999999,2883.3,124.24000000000001,2226.0976659999997
2023-02-18 13:00:00,4539.624,2808.893,129.284,2238.2189989999997
2023-02-18 14:00:00,4397.65,2710.371,122.848,2137.556333
2023-02-18 15:00:00,4160.006,2640.9289999999996,124.52300000000002,2048.996
2023-02-18 16:00:00,4179.45,2527.7439999999997,104.009,2110.9480000000003
2023-02-18 17:00:00,4345.313999999999,2707.3120000000004,103.49700000000001,2139.867999
2023-02-18 18:00:00,4774.25,2922.366,111.678,2315.4873340000004
2023-02-18 19:00:00,4853.303,3012.1150000000002,122.303,2326.460333
2023-02-18 20:00:00,4692.505999999999,2944.4139999999998,125.81899999999999,2227.251
2023-02-18 21:00:00,4552.290999999999,2808.656,125.892,2172.697
2023-02-18 22:00:00,4289.6965,2694.473,110.46100000000001,2098.995333
2023-02-18 23:00:00,4061.5589999999997,2589.8170000000005,118.18599999999998,1908.552334
2023-02-19 00:00:00,3758.5395,2511.822,101.97200000000001,1830.705334
2023-02-19 01:00:00,3408.9965,2347.054,87.932,1719.871
2023-02-19 02:00:00,3215.5964999999997,2214.133,90.75800000000001,1615.908002
2023-02-19 03:00:00,3010.7645,2099.857,95.32100000000001,1521.017667
2023-02-19 04:00:00,2962.24,2054.266,78.31899999999999,1486.237
2023-02-19 05:00:00,2951.576,2073.319,76.89699999999999,1511.547666
2023-02-19 06:00:00,3076.686,2148.6760000000004,83.491,1542.058666
2023-02-19 07:00:00,3379.7569999999996,2244.5519999999997,104.207,1596.857
2023-02-19 08:00:00,3722.256,2481.951,108.38600000000001,1803.239666
2023-02-19 09:00:00,4252.156000000001,2742.223,127.853,2006.264
2023-02-19 10:00:00,4507.019,2970.4759999999997,145.519,2182.549
2023-02-19 11:00:00,4680.351,3064.165,145.624,2262.835
2023-02-19 12:00:00,4697.721,3039.4390000000003,148.92200000000003,2293.298
2023-02-19 13:00:00,4662.5869999999995,3004.032,151.323,2253.558
2023-02-19 14:00:00,4629.693000000001,2964.911,137.983,2193.2690000000002
2023-02-19 15:00:00,4641.224,2978.7659999999996,147.257,2137.244
2023-02-19 16:00:00,4740.950999999999,2977.437,146.338,2258.5395
2023-02-19 17:00:00,4849.998,3053.9759999999997,133.266,2332.504833
2023-02-19 18:00:00,5133.978999999999,3240.696,123.03699999999999,2427.971333
2023-02-19 19:00:00,5238.723,3283.785,147.727,2451.910334
2023-02-19 20:00:00,5021.867,3179.6620000000003,153.03300000000002,2366.986001
2023-02-19 21:00:00,4711.7029999999995,3053.26,148.06500000000003,2230.591334
2023-02-19 22:00:00,4555.092000000001,2857.31,125.613,2167.7549989999998
2023-02-19 23:00:00,4038.04,2588.526,109.96499999999999,1914.1226669999999
2023-02-20 00:00:00,3559.338331,2339.5060000000003,94.72900000000001,1715.611002
2023-02-20 01:00:00,3204.9726650000002,2177.8779999999997,85.447,1548.646334
2023-02-20 02:00:00,2981.0793320000002,2058.281,81.01,1426.523666
2023-02-20 03:00:00,2850.713001,1952.791,70.551,1353.638
2023-02-20 04:00:00,2768.272335,1953.616,66.73400000000001,1326.472665
2023-02-20 05:00:00,2895.336999,1995.154,64.051,1406.863332
2023-02-20 06:00:00,3143.181668,2127.3599999999997,69.562,1473.100668
2023-02-20 07:00:00,3567.772667,2260.475,81.379,1601.370332
2023-02-20 08:00:00,3839.7403349999995,2394.613334,105.78599999999999,1807.150665
2023-02-20 09:00:00,4144.054668999999,2507.2609999999995,114.918,1902.830001
2023-02-20 10:00:00,4231.170333,2644.312,113.487,2018.8583330000001
2023-02-20 11:00:00,4331.122665999999,2699.013,116.11800000000001,2027.6700000000003
2023-02-20 12:00:00,4309.853999,2711.807,106.47899999999998,1960.7646679999998
2023-02-20 13:00:00,4231.189334000001,2681.112,118.74600000000001,2014.862666
2023-02-20 14:00:00,4167.5106670000005,2689.134,99.863,1949.4396660000002
2023-02-20 15:00:00,4212.868,2617.42,97.178,2002.4379999999999
2023-02-20 16:00:00,4485.963,2665.363,113.116,2080.931334
2023-02-20 17:00:00,4819.135667999999,2932.986,141.285,2218.1496669999997
2023-02-20 18:00:00,5153.031333,3116.0520000000006,151.02700000000002,2352.746999
2023-02-20 19:00:00,5352.531668,3306.3630000000003,158.24499999999998,2458.1683329999996
2023-02-20 20:00:00,5202.109334,3280.254,161.974,2453.853334
2023-02-20 21:00:00,5007.399665,3184.5339999999997,142.10800000000003,2378.517667
2023-02-20 22:00:00,4587.615331000001,2908.304,147.47399999999996,2191.018667
2023-02-20 23:00:00,4008.078334,2667.926,121.30400000000002,1965.440666
2023-02-21 00:00:00,3481.932664,2426.032,104.57000000000001,1729.5665
2023-02-21 01:00:00,3139.1180000000004,2158.0509999999995,90.11,1518.118
2023-02-21 02:00:00,2940.9620000000004,2023.0859999999998,77.65400000000001,1400.117666
2023-02-21 03:00:00,2850.5029999999997,1928.927,78.21999999999997,1371.9146660000001
2023-02-21 04:00:00,2848.067,1959.463,75.70200000000001,1373.159
2023-02-21 05:00:00,3079.491,2060.5280000000002,75.00699999999999,1456.573167
2023-02-21 06:00:00,3373.418,2251.938,92.41099999999999,1566.612333
2023-02-21 07:00:00,4006.126,2547.533,97.855,1787.4479999999999
2023-02-21 08:00:00,4284.755,2717.6989999999996,120.15699999999998,2011.3406679999998
2023-02-21 09:00:00,4332.752,2713.6189999999997,107.361,2019.684999
2023-02-21 10:00:00,4255.076,2679.952,116.869,2066.070334
2023-02-21 11:00:00,4231.696,2715.93,132.919,1986.8013329999999
2023-02-21 12:00:00,4332.145,2758.642,140.909,1994.2910000000002
2023-02-21 13:00:00,4269.43,2750.474,115.274,1997.235333
2023-02-21 14:00:00,4183.983,2695.859,117.722,1996.6976670000001
2023-02-21 15:00:00,4345.144,2769.8599999999997,114.09899999999999,2016.1176659999999
2023-02-21 16:00:00,4530.803,2873.884,136.11,2130.1270000000004
2023-02-21 17:00:00,4946.737333,3139.7940000000003,157.708,2340.37
2023-02-21 18:00:00,5384.108,3412.45,170.69299999999998,2590.2390000000005
2023-02-21 19:00:00,5683.631667000001,3653.879,185.856,2774.3480000000004
2023-02-21 20:00:00,5470.96,3593.33,178.416,2704.4505
2023-02-21 21:00:00,5311.129,3436.074,164.52700000000002,2637.828
2023-02-21 22:00:00,5069.053,3319.093,155.401,2449.088
2023-02-21 23:00:00,4630.256,3056.934,148.076,2231.6848330000003
2023-02-22 00:00:00,4065.2850000000003,2839.732,128.452,2038.9703330000002
2023-02-22 01:00:00,3670.306,2586.18,106.649,1826.130999
2023-02-22 02:00:00,3405.0159999999996,2387.313,107.98400000000001,1723.4698329999999
2023-02-22 03:00:00,3275.966,2344.878667,101.73600000000002,1689.701333
2023-02-22 04:00:00,3316.759,2376.2973330000004,98.92099999999999,1701.869834
2023-02-22 05:00:00,3539.04,2471.8006670000004,124.50200000000001,1761.5218320000001
2023-02-22 06:00:00,3952.723,2663.5820000000003,131.81799999999998,1863.755
2023-02-22 07:00:00,4533.912,2917.625667,154.155,2111.1593329999996
2023-02-22 08:00:00,4861.572,3036.425333,158.074,2279.862
2023-02-22 09:00:00,4906.595,3132.5330000000004,152.84199999999998,2256.34
2023-02-22 10:00:00,4881.805333,3137.086333,166.15499999999997,2263.329334
2023-02-22 11:00:00,4826.157,3142.3333329999996,165.17200000000003,2267.2690009999997
2023-02-22 12:00:00,4791.139,3158.486333,154.36,2279.960168
2023-02-22 13:00:00,4893.586,3266.865667,175.30200000000002,2329.348999
2023-02-22 14:00:00,4916.389999999999,3323.326,161.022,2409.519333
2023-02-22 15:00:00,4985.87,3415.9603329999995,178.45200000000003,2455.9278329999997
2023-02-22 16:00:00,5232.784,3546.531,172.724,2577.668667
2023-02-22 17:00:00,5713.3369999999995,3837.598666,187.541,2799.512667
2023-02-22 18:00:00,6099.951332999999,4137.129001,204.37400000000002,3086.097667
2023-02-22 19:00:00,6540.658667,4326.51,242.862,3175.846667
2023-02-22 20:00:00,6430.221667,4353.064,236.007,3175.101333
2023-02-22 21:00:00,6181.066,4216.018,210.468,3127.774
2023-02-22 22:00:00,5730.076999999999,3959.877667,214.801,2913.5863339999996
2023-02-22 23:00:00,5309.18,3744.861334,205.463,2684.885334
2023-02-23 00:00:00,4797.904,3528.275332,167.85399999999998,2449.474
2023-02-23 01:00:00,4356.369999999999,3224.975333,163.64500000000004,2288.647001
2023-02-23 02:00:00,4155.012000000001,3104.875999,141.55299999999997,2142.415667
2023-02-23 03:00:00,4039.7160000000003,2984.546334,145.242,2090.8906669999997
2023-02-23 04:00:00,4059.306,2979.9393330000003,143.167,2074.190334
2023-02-23 05:00:00,4142.296,3017.5609999999997,142.588,2147.616
2023-02-23 06:00:00,4417.465,3137.648666,150.45100000000002,2183.195667
2023-02-23 07:00:00,4856.983,3381.228,166.22799999999998,2298.588
2023-02-23 08:00:00,5388.4039999999995,3667.440666,180.67700000000002,2633.3113329999996
2023-02-23 09:00:00,5871.785,3961.1850000000004,202.22700000000003,2880.628667
2023-02-23 10:00:00,6195.645,4278.513,224.71599999999998,3042.881667
2023-02-23 11:00:00,6325.005,4402.317000000001,221.684,3168.096
2023-02-23 12:00:00,6390.1089999999995,4452.446334,223.011,3240.608
2023-02-23 13:00:00,6393.977667,4522.42,234.446,3211.121667
2023-02-23 14:00:00,6088.523,4321.583333,206.87099999999998,3108.8070000000002
2023-02-23 15:00:00,5875.88,4226.0963329999995,199.63699999999994,3001.120333
2023-02-23 16:00:00,5854.151,4130.462667,190.92600000000002,3058.451
2023-02-23 17:00:00,6175.066000000001,4371.703998999999,204.357,3159.781333
2023-02-23 18:00:00,6704.852,4681.6396669999995,229.11099999999996,3349.783667
2023-02-23 19:00:00,7157.54,4944.073333,242.94099999999997,3530.591
2023-02-23 20:00:00,6988.8460000000005,4729.779334000001,232.378,3514.863
2023-02-23 21:00:00,6468.648999999999,4601.603333,220.77299999999997,3324.0336669999997
2023-02-23 22:00:00,6011.465,4365.284334,236.237,3120.928667
2023-02-23 23:00:00,5546.054,4033.616666,197.43400000000003,2868.023
2023-02-24 00:00:00,5046.774,3769.371001,177.07000000000002,2670.513
2023-02-24 01:00:00,4790.573,3593.326666,181.583,2544.576
2023-02-24 02:00:00,4594.284,3456.903667,186.28900000000002,2414.923
2023-02-24 03:00:00,4504.898999999999,3375.577334,170.982,2341.272333
2023-02-24 04:00:00,4516.108,3335.019334,172.20600000000002,2309.2
2023-02-24 05:00:00,4667.493,3414.525667,169.58100000000002,2375.679667
2023-02-24 06:00:00,4940.214,3566.237333,191.397,2441.666
2023-02-24 07:00:00,5468.873,3787.841,198.664,2654.9
2023-02-24 08:00:00,5681.402999999999,3963.736667,222.87300000000002,2840.698
2023-02-24 09:00:00,6063.129,4209.491333,244.61700000000002,2982.8399999999997
2023-02-24 10:00:00,6272.565667,4369.425,207.658,3039.425
2023-02-24 11:00:00,6278.991,4239.521000000001,214.832,3005.978666
2023-02-24 12:00:00,6219.500666,4226.624,210.17900000000003,3054.7905
2023-02-24 13:00:00,6102.8099999999995,4085.5560000000005,203.01600000000002,2954.7995
2023-02-24 14:00:00,5879.929,3970.2889999999998,207.86999999999998,2923.282
2023-02-24 15:00:00,5646.1759999999995,3836.816,183.07,2902.5243339999997
2023-02-24 16:00:00,5487.046333,3779.489,157.45,2771.907999
2023-02-24 17:00:00,5776.686666,3950.340667,182.167,2870.2413340000003
2023-02-24 18:00:00,6333.993,4184.216666,205.88599999999997,3039.547
2023-02-24 19:00:00,6663.460999999999,4464.371667,233.541,3280.215
2023-02-24 20:00:00,6505.576,4459.551667,256.949,3223.366
2023-02-24 21:00:00,6306.072999999999,4240.6419989999995,235.20699999999997,3146.098
2023-02-24 22:00:00,5866.041,4063.749333,207.259,2928.654333
2023-02-24 23:00:00,5411.866,3848.2343339999998,177.178,2692.5126659999996
2023-02-25 00:00:00,4954.843000000001,3687.1940000000004,160.50400000000002,2514.5886659999996
2023-02-25 01:00:00,4707.945,3492.851333,156.5,2356.273
2023-02-25 02:00:00,4420.8060000000005,3382.613,147.468,2245.5276670000003
2023-02-25 03:00:00,4347.109,3227.330667,142.25,2208.7626659999996
2023-02-25 04:00:00,4371.7970000000005,3176.777666,153.85499999999996,2147.9036669999996
2023-02-25 05:00:00,4433.469000000001,3225.4309999999996,161.755,2235.725
2023-02-25 06:00:00,4628.251,3279.5806669999997,171.549,2291.716
2023-02-25 07:00:00,5069.263999999999,3468.1493339999997,196.998,2446.548
2023-02-25 08:00:00,5561.467,3683.8153329999996,183.037,2652.89
2023-02-25 09:00:00,5884.246,3961.5386670000003,197.671,2783.269667
2023-02-25 10:00:00,6005.01,3943.071,194.771,2876.5900009999996
2023-02-25 11:00:00,5953.162,3977.593,177.20499999999998,2838.757667
2023-02-25 12:00:00,5742.743,3869.0190000000002,209.92900000000003,2787.615
2023-02-25 13:00:00,5556.849,3740.341,188.45800000000003,2751.964
2023-02-25 14:00:00,5297.929,3523.117,154.977,2652.696
2023-02-25 15:00:00,5040.010667,3429.215,120.57900000000001,2488.576
2023-02-25 16:00:00,4939.410667,3280.7299999999996,119.289,2438.428
2023-02-25 17:00:00,5124.092999999999,3373.947,146.148,2559.613
2023-02-25 18:00:00,5500.752667000001,3577.183,123.702,2610.5950000000003
2023-02-25 19:00:00,5745.321333,3785.25,163.62699999999995,2833.488
2023-02-25 20:00:00,5706.3369999999995,3774.652,173.119,2857.862
2023-02-25 21:00:00,5567.023333,3692.4660000000003,154.48800000000003,2767.823
2023-02-25 22:00:00,5239.604,3571.489,173.89599999999996,2653.9660000000003
2023-02-25 23:00:00,4880.302,3380.559,150.781,2475.125333
2023-02-26 00:00:00,4381.74,3135.357,140.936,2228.630333
2023-02-26 01:00:00,4052.995,2936.074,135.608,2103.922001
2023-02-26 02:00:00,3875.989,2808.2975,122.497,1965.052499
2023-02-26 03:00:00,3800.466,2708.7284999999997,129.203,1915.214
2023-02-26 04:00:00,3706.036,2666.1549999999997,131.871,1863.2305000000001
2023-02-26 05:00:00,3731.259,2695.864333,120.618,1860.9485
2023-02-26 06:00:00,3891.766,2721.2110000000002,129.311,1884.697333
2023-02-26 07:00:00,4140.513333,2870.6903330000005,141.39899999999997,1966.9634999999998
2023-02-26 08:00:00,4542.625667,3063.464667,125.415,2192.225167
2023-02-26 09:00:00,5067.973333,3338.962667,139.56700000000004,2423.8379999999997
2023-02-26 10:00:00,5327.719666999999,3571.67,160.36899999999997,2660.5201669999997
2023-02-26 11:00:00,5656.4619999999995,3703.0429999999997,179.94600000000003,2672.4746670000004
2023-02-26 12:00:00,5639.866,3853.458333,185.33800000000002,2734.511
2023-02-26 13:00:00,5639.166,3863.31,188.478,2731.516001
2023-02-26 14:00:00,5671.216,3829.549,186.199,2714.645666
2023-02-26 15:00:00,5584.428,3810.931,165.46999999999997,2706.207666
2023-02-26 16:00:00,5581.467,3726.8356670000003,151.587,2717.457
2023-02-26 17:00:00,5700.728,3800.9446669999998,163.114,2739.120334
2023-02-26 18:00:00,5991.520333,3868.843667,185.77700000000002,2885.8683330000003
2023-02-26 19:00:00,6127.973667,3947.1813329999995,181.976,3065.723
2023-02-26 20:00:00,6018.468000000001,4001.522667,175.122,3010.786666
2023-02-26 21:00:00,5651.6446670000005,3835.7743330000003,178.099,2841.741334
2023-02-26 22:00:00,5294.116667,3563.108667,178.024,2669.8678320000004
2023-02-26 23:00:00,4684.637334,3267.061333,135.91,2440.4633329999997
2023-02-27 00:00:00,4155.580667,2973.640667,121.39100000000002,2101.8410000000003
2023-02-27 01:00:00,3803.973667,2705.7973330000004,110.922,1948.527332
2023-02-27 02:00:00,3653.849,2583.959333,106.324,1823.4876669999999
2023-02-27 03:00:00,3604.257,2490.8666670000002,108.24399999999999,1780.638334
2023-02-27 04:00:00,3575.927333,2506.485667,113.48400000000002,1799.957501
2023-02-27 05:00:00,3721.7583329999998,2590.334667,116.379,1861.9189999999999
2023-02-27 06:00:00,4006.620333,2806.017,122.50800000000002,2005.2380000000003
2023-02-27 07:00:00,4445.3553329999995,2952.5379999999996,154.231,2166.529
2023-02-27 08:00:00,4789.177333,3133.446,144.00500000000002,2359.388999
2023-02-27 09:00:00,5095.745333,3297.2889999999998,159.30100000000002,2444.2830000000004
2023-02-27 10:00:00,5003.618333,3334.4809999999998,188.43999999999997,2402.024334
2023-02-27 11:00:00,4781.276,3234.974,179.81,2314.324666
2023-02-27 12:00:00,4693.173333000001,3165.072,184.59199999999998,2253.5065000000004
2023-02-27 13:00:00,4774.585999999999,3272.708,160.49099999999999,2274.0119999999997
2023-02-27 14:00:00,4624.519,3063.465,136.907,2262.467
2023-02-27 15:00:00,4456.169333,2960.0466669999996,125.44900000000001,2226.952333
2023-02-27 16:00:00,4536.214667,2950.8670009999996,134.00199999999998,2184.3745
2023-02-27 17:00:00,4923.911667,3250.638,147.376,2377.393
2023-02-27 18:00:00,5440.4619999999995,3521.910333,174.60099999999997,2602.9865
2023-02-27 19:00:00,5718.336667,3846.614,176.189,2851.8465
2023-02-27 20:00:00,5659.485666999999,3761.171,181.728,2876.0020000000004
2023-02-27 21:00:00,5481.516333,3578.4750000000004,170.055,2697.358333
2023-02-27 22:00:00,5132.299667,3393.117,157.811,2570.019
2023-02-27 23:00:00,4649.309,3130.1130000000003,149.62300000000005,2345.4030000000002
2023-02-28 00:00:00,4124.558999999999,2894.441,148.93200000000002,2105.046001
2023-02-28 01:00:00,3844.526,2665.564,122.774,1924.052333
2023-02-28 02:00:00,3667.657333,2544.8559999999998,116.77799999999998,1798.470001
2023-02-28 03:00:00,3562.757667,2481.202,118.13800000000002,1750.566667
2023-02-28 04:00:00,3534.6055,2475.4809999999998,110.50099999999999,1779.427334
2023-02-28 05:00:00,3730.7275,2590.8289999999997,119.78699999999999,1809.254833
2023-02-28 06:00:00,4045.9555,2710.107,112.556,1938.1816669999998
2023-02-28 07:00:00,4506.963333,3029.968,115.602,2136.8595000000005
2023-02-28 08:00:00,4812.6255,3162.0730000000003,163.36700000000002,2354.633834
2023-02-28 09:00:00,4821.2021669999995,3131.947,176.357,2305.8639999999996
2023-02-28 10:00:00,4811.023833,3093.382667,157.545,2282.949834
2023-02-28 11:00:00,4794.669667,3039.019333,154.51299999999998,2247.888
2023-02-28 12:00:00,4686.515333,3155.118,142.37800000000001,2279.1760000000004
2023-02-28 13:00:00,4733.557667000001,3123.746,124.452,2305.530167
2023-02-28 14:00:00,4649.0146669999995,3097.8999999999996,135.831,2256.113835
2023-02-28 15:00:00,4733.0106670000005,3059.973,160.103,2294.769666
2023-02-28 16:00:00,4878.475667000001,3075.6369999999997,163.793,2369.654333
2023-02-28 17:00:00,5227.154333,3439.1589999999997,150.643,2532.163001
2023-02-28 18:00:00,5689.494,3758.693,164.48900000000003,2792.068499
2023-02-28 19:00:00,5993.009667,3914.8320000000003,210.768,2964.4513349999997
2023-02-28 20:00:00,5946.674667,3884.067,188.95600000000002,2867.3423329999996
2023-02-28 21:00:00,5699.958999999999,3777.4719999999998,184.40600000000003,2760.0663329999998
2023-02-28 22:00:00,5288.169334,3501.677,164.632,2655.6901669999997
2023-02-28 23:00:00,4717.340999999999,3311.094,154.903,2363.9655000000002
2023-03-01 00:00:00,4197.555,2923.271,152.678,2118.8753349999997
2023-03-01 01:00:00,3855.651333,2730.63,135.37099999999998,1956.512001
2023-03-01 02:00:00,3591.082,2589.892333,122.22800000000002,1828.9990010000001
2023-03-01 03:00:00,3530.216333,2521.4756669999997,113.99600000000002,1805.690333
2023-03-01 04:00:00,3514.474667,2524.303,107.90599999999999,1782.693166
2023-03-01 05:00:00,3759.516667,2628.285,117.915,1821.7946670000001
2023-03-01 06:00:00,4078.7743330000003,2740.053667,109.13600000000001,1946.1756679999999
2023-03-01 07:00:00,4661.336332999999,2986.049,142.154,2187.8275000000003
2023-03-01 08:00:00,4935.374,3216.8700010000002,150.48300000000003,2385.1098330000004
2023-03-01 09:00:00,4868.791,3167.044333,141.44100000000003,2402.201668
2023-03-01 10:00:00,4813.618333,3069.1616670000003,154.55,2275.931333
2023-03-01 11:00:00,4545.697333,3047.114334,136.59199999999998,2172.764333
2023-03-01 12:00:00,4418.300333,2812.5856670000003,132.16,2091.714
2023-03-01 13:00:00,4272.998,2706.098,116.335,1966.473665
2023-03-01 14:00:00,4147.688667,2624.755,95.01599999999999,1932.922166
2023-03-01 15:00:00,4037.707667,2542.2580000000003,98.053,1920.9210000000003
2023-03-01 16:00:00,4186.8150000000005,2616.492,95.404,1964.2776669999998
2023-03-01 17:00:00,4451.927,2895.129,104.757,2132.683333
2023-03-01 18:00:00,4978.853667,3167.653,144.966,2315.6435
2023-03-01 19:00:00,5417.665333000001,3365.995,156.473,2502.339
2023-03-01 20:00:00,5404.3366670000005,3468.7509999999997,167.665,2631.008667
2023-03-01 21:00:00,5230.847333,3365.785,159.351,2556.0910010000002
2023-03-01 22:00:00,5005.56,3149.0660000000003,166.01299999999998,2372.404667
2023-03-01 23:00:00,4572.951999999999,2910.4700000000003,140.058,2217.733334
2023-03-02 00:00:00,4000.461333,2661.979,124.38299999999998,1997.2115
2023-03-02 01:00:00,3579.6323330000005,2444.6330000000003,116.948,1762.4995
2023-03-02 02:00:00,3407.942,2291.6099999999997,104.18900000000002,1654.7565
2023-03-02 03:00:00,3260.709,2237.0159999999996,110.985,1644.67
2023-03-02 04:00:00,3290.921667,2224.636,105.49099999999999,1643.078833
2023-03-02 05:00:00,3417.4269999999997,2344.0550000000003,109.25399999999999,1666.192999
2023-03-02 06:00:00,3837.8380000000006,2522.4159999999997,110.60400000000001,1776.9004999999997
2023-03-02 07:00:00,4317.702,2802.184,134.13400000000001,2052.4265
2023-03-02 08:00:00,4722.679,3022.71,150.179,2244.5163329999996
2023-03-02 09:00:00,4784.304,3033.675,147.03199999999998,2207.650667
2023-03-02 10:00:00,4653.884,3017.716,147.047,2135.8540009999997
2023-03-02 11:00:00,4723.982,3081.1310000000003,151.64000000000001,2192.432
2023-03-02 12:00:00,4689.26,3031.901,150.098,2210.969001
2023-03-02 13:00:00,4608.012667000001,2897.347,129.79800000000003,2180.6403339999997
2023-03-02 14:00:00,4276.5556670000005,2728.5499999999997,132.945,2030.7896660000001
2023-03-02 15:00:00,4132.649332999999,2604.497,104.364,1961.315999
2023-03-02 16:00:00,4416.6990000000005,2763.015,132.93,2016.6860000000001
2023-03-02 17:00:00,4595.192667,2909.4530000000004,125.07399999999998,2193.975
2023-03-02 18:00:00,5017.368333,3131.896,138.262,2354.792
2023-03-02 19:00:00,5500.496666999999,3466.369,157.621,2611.008667
2023-03-02 20:00:00,5503.272333000001,3553.657,147.57299999999998,2678.085
2023-03-02 21:00:00,5361.588,3464.084,180.78,2592.7076669999997
2023-03-02 22:00:00,5024.234,3315.978,176.684,2478.193666
2023-03-02 23:00:00,4528.9349999999995,3100.51,139.25799999999998,2186.1679999999997
2023-03-03 00:00:00,4072.6263329999997,2856.921,128.04299999999998,1987.735333
2023-03-03 01:00:00,3671.268333,2578.922,119.43299999999999,1795.621999
2023-03-03 02:00:00,3474.9966670000003,2482.955,131.302,1714.155
2023-03-03 03:00:00,3358.882,2377.2929999999997,118.377,1687.0259999999998
2023-03-03 04:00:00,3415.727667,2384.8949999999995,122.553,1651.035
2023-03-03 05:00:00,3558.099,2478.58,116.47,1708.4850000000001
2023-03-03 06:00:00,3953.934,2626.426,111.79500000000002,1810.5594999999998
2023-03-03 07:00:00,4482.451,2940.815,150.305,2043.6383329999999
2023-03-03 08:00:00,4910.868,3064.64,164.78699999999998,2246.158999
2023-03-03 09:00:00,5001.532999999999,3107.0860000000002,145.92499999999998,2197.9934999999996
2023-03-03 10:00:00,4732.415000000001,3103.777,140.811,2183.009166
2023-03-03 11:00:00,4736.242,3092.348,166.19099999999997,2195.727499
2023-03-03 12:00:00,4628.9676660000005,2975.488,142.698,2133.188667
2023-03-03 13:00:00,4480.515332999999,2823.077,127.89399999999999,2133.3743329999998
2023-03-03 14:00:00,4468.477333,2785.819,121.246,2079.149
2023-03-03 15:00:00,4359.017,2792.0460000000003,117.536,2044.896667
2023-03-03 16:00:00,4475.374,2889.8546650000003,135.19899999999998,2172.293334
2023-03-03 17:00:00,4939.388,3123.624333,151.925,2308.221001
2023-03-03 18:00:00,5238.447999999999,3229.586668,145.745,2542.1268339999997
2023-03-03 19:00:00,5455.08,3471.351667,201.456,2647.875666
2023-03-03 20:00:00,5298.736999999999,3477.9026670000003,178.307,2615.885333
2023-03-03 21:00:00,5144.156,3408.693333,159.63600000000002,2486.2155000000002
2023-03-03 22:00:00,4847.004,3208.455334,153.684,2342.937334
2023-03-03 23:00:00,4449.611,3048.635666,133.134,2222.150997
2023-03-04 00:00:00,4061.964,2859.5209999999997,115.70200000000001,2076.302997
2023-03-04 01:00:00,3706.652,2650.088,105.218,1912.433333
2023-03-04 02:00:00,3435.980333,2476.8013330000003,93.23700000000001,1730.061999
2023-03-04 03:00:00,3304.9173330000003,2342.643333,106.68799999999999,1652.392667
2023-03-04 04:00:00,3296.962,2290.732,89.136,1609.6043330000002
2023-03-04 05:00:00,3269.169,2315.026,99.348,1629.6109999999999
2023-03-04 06:00:00,3450.2973330000004,2349.7929999999997,119.61299999999999,1676.381999
2023-03-04 07:00:00,3796.918333,2523.726333,116.52399999999999,1780.9381690000002
2023-03-04 08:00:00,4188.692333000001,2830.960333,131.542,1972.197332
2023-03-04 09:00:00,4643.360000000001,3132.932001,144.487,2135.920999
2023-03-04 10:00:00,4828.246333,3223.645333,159.99300000000002,2266.1785
2023-03-04 11:00:00,4946.059332999999,3289.8626670000003,172.308,2389.1758339999997
2023-03-04 12:00:00,5034.048667,3358.7906660000003,165.618,2379.910165
2023-03-04 13:00:00,5003.997667,3253.72,181.74399999999997,2375.976501
2023-03-04 14:00:00,4819.779333,3175.989666,133.77299999999997,2312.41283
2023-03-04 15:00:00,4770.530000000001,3144.834333,121.424,2280.948
2023-03-04 16:00:00,4789.965,3121.757333,135.608,2313.5099990000003
2023-03-04 17:00:00,4923.531999999999,3147.852333,139.016,2316.049833
2023-03-04 18:00:00,5187.562,3267.5860000000002,156.85700000000003,2433.885999
2023-03-04 19:00:00,5397.363,3352.2799999999997,156.68600000000004,2531.024166
2023-03-04 20:00:00,5230.418,3385.261,150.28999999999996,2525.796666
2023-03-04 21:00:00,5070.16,3252.519334,163.28799999999995,2419.739334
2023-03-04 22:00:00,4885.274667,3205.543333,142.909,2337.0999970000003
2023-03-04 23:00:00,4532.206333,3004.554333,132.113,2175.696664
2023-03-05 00:00:00,4101.963,2776.335334,128.093,2013.2490010000001
2023-03-05 01:00:00,3802.6989999999996,2554.253334,111.89399999999999,1869.958669
2023-03-05 02:00:00,3602.648,2503.222001,106.673,1803.715332
2023-03-05 03:00:00,3542.886333,2419.8100000000004,118.099,1728.030334
2023-03-05 04:00:00,3491.399667,2400.924668,122.696,1722.764332
2023-03-05 05:00:00,3551.687,2479.155334,138.26700000000002,1764.537997
2023-03-05 06:00:00,3765.9539999999997,2549.871667,129.617,1778.400668
2023-03-05 07:00:00,4035.7709999999997,2722.75,146.56500000000003,1903.8923340000001
2023-03-05 08:00:00,4542.888333,2984.8596660000003,148.96,2135.570001
2023-03-05 09:00:00,5003.410333,3247.249333,150.68199999999996,2363.262503
2023-03-05 10:00:00,5166.969666999999,3381.726001,179.53300000000002,2518.615836
2023-03-05 11:00:00,5284.549332999999,3511.236333,173.025,2594.7101669999997
2023-03-05 12:00:00,5330.474333,3481.103334,159.26800000000003,2629.707168
2023-03-05 13:00:00,5145.548000000001,3333.717666,171.09300000000002,2518.413334
2023-03-05 14:00:00,5132.477,3330.6313330000003,178.53599999999997,2479.4069990000003
2023-03-05 15:00:00,5041.017,3302.085333,176.31099999999998,2454.604001
2023-03-05 16:00:00,5164.6720000000005,3312.742,160.724,2419.532663
2023-03-05 17:00:00,5376.498,3438.4880000000003,168.211,2502.425
2023-03-05 18:00:00,5483.696,3529.1549999999997,158.01300000000003,2597.678168
2023-03-05 19:00:00,5763.039,3674.752,169.75800000000004,2802.849667
2023-03-05 20:00:00,5845.544,3740.121,202.73,2863.3513350000003
2023-03-05 21:00:00,5711.916,3631.447333,176.65000000000003,2748.521997
2023-03-05 22:00:00,5298.062,3482.3593339999998,160.23699999999997,2543.074
2023-03-05 23:00:00,4701.277,3243.952666,140.034,2361.6608370000004
2023-03-06 00:00:00,4108.439,2939.059,122.152,2061.266999
2023-03-06 01:00:00,3677.06,2614.976334,111.407,1884.105333
2023-03-06 02:00:00,3452.4080000000004,2442.850333,109.624,1737.688665
2023-03-06 03:00:00,3295.398,2350.6313330000003,91.734,1661.4796660000002
2023-03-06 04:00:00,3313.6820000000002,2320.2476659999998,104.031,1658.724498
2023-03-06 05:00:00,3524.383,2373.843667,105.50800000000002,1718.684503
2023-03-06 06:00:00,3901.65,2518.2846680000002,116.00800000000001,1787.5436680000003
2023-03-06 07:00:00,4479.494000000001,2794.624,143.74699999999999,2082.145333
2023-03-06 08:00:00,4833.747333,2968.419333,147.917,2278.952166
2023-03-06 09:00:00,4732.847667,3018.1180010000003,132.984,2267.190665
2023-03-06 10:00:00,4610.5433330000005,2950.763999,141.92899999999995,2162.394
2023-03-06 11:00:00,4473.058000000001,2953.886,128.07,2170.2873329999998
2023-03-06 12:00:00,4458.347,2932.0573329999997,129.45700000000002,2100.356999
2023-03-06 13:00:00,4394.037,2838.970999,123.208,2054.361334
2023-03-06 14:00:00,4306.298000000001,2715.871,128.964,2031.0276660000002
2023-03-06 15:00:00,4148.422,2615.587,100.922,2001.9180000000001
2023-03-06 16:00:00,4192.327,2611.619667,98.819,2055.710333
2023-03-06 17:00:00,4613.274,2914.6890000000003,113.043,2260.105334
2023-03-06 18:00:00,5167.789,3206.025,143.816,2439.8176670000003
2023-03-06 19:00:00,5484.399,3439.571,160.25599999999997,2617.117333
2023-03-06 20:00:00,5409.978,3447.674,161.72600000000003,2653.7716659999996
2023-03-06 21:00:00,5261.939,3399.364,154.058,2638.697001
2023-03-06 22:00:00,5019.64,3167.946333,147.477,2397.364668
2023-03-06 23:00:00,4468.67,3019.419334,142.63799999999998,2146.337668
2023-03-07 00:00:00,4007.6989999999996,2714.994334,120.43800000000002,1977.307669
2023-03-07 01:00:00,3660.024,2529.134,101.297,1773.032336
2023-03-07 02:00:00,3430.6949999999997,2410.858,91.33100000000002,1689.381999
2023-03-07 03:00:00,3296.529,2311.895,93.747,1626.24108
2023-03-07 04:00:00,3330.013333,2301.4120000000003,100.58200000000001,1631.1363310000002
2023-03-07 05:00:00,3506.7226659999997,2392.593,105.64999999999998,1674.467998
2023-03-07 06:00:00,3927.3756670000002,2532.384,101.432,1816.3265020000001
2023-03-07 07:00:00,4538.171,2870.031,141.493,2126.245667
2023-03-07 08:00:00,4840.267,3102.535,130.40800000000002,2272.2685
2023-03-07 09:00:00,4702.939,3017.306,147.934,2201.103333
2023-03-07 10:00:00,4543.469333,2909.111,151.18300000000002,2129.365
2023-03-07 11:00:00,4364.483667,2781.408667,143.72499999999997,2076.241
2023-03-07 12:00:00,4232.860667,2711.9526669999996,144.861,2035.841
2023-03-07 13:00:00,4111.952,2634.0016670000005,115.33500000000001,1966.0520000000001
2023-03-07 14:00:00,3906.8509999999997,2458.232333,95.242,1847.2109999999998
2023-03-07 15:00:00,3862.948,2426.6009999999997,92.70799999999998,1838.963333
2023-03-07 16:00:00,3944.8776669999997,2485.719,107.45200000000001,1847.087667
2023-03-07 17:00:00,4381.71,2814.8849999999998,121.97200000000001,2083.281667
2023-03-07 18:00:00,4843.299666999999,3094.2659999999996,122.21100000000001,2360.136667
2023-03-07 19:00:00,5308.149332999999,3366.859,142.827,2647.518334
2023-03-07 20:00:00,5497.328667,3561.124,143.935,2643.990667
2023-03-07 21:00:00,5426.17,3418.219,148.64900000000003,2581.6326670000003
2023-03-07 22:00:00,5046.197333,3261.777,127.564,2383.163168
2023-03-07 23:00:00,4522.093,3003.7833330000003,133.08100000000002,2127.554166
2023-03-08 00:00:00,3993.7633330000003,2761.2870000000003,126.405,1960.3923340000001
2023-03-08 01:00:00,3648.1590000000006,2584.086,107.85500000000002,1827.0006669999998
2023-03-08 02:00:00,3421.949667,2451.427667,111.12899999999999,1729.9350000000002
2023-03-08 03:00:00,3379.245,2390.4573329999994,115.727,1727.562
2023-03-08 04:00:00,3479.231001,2412.404,123.69200000000001,1769.604665
2023-03-08 05:00:00,3676.2346660000003,2507.9539999999997,128.514,1796.6895
2023-03-08 06:00:00,4116.6503330000005,2663.31,123.854,1886.1594989999999
2023-03-08 07:00:00,4623.9130000000005,2951.741,151.705,2169.988166
2023-03-08 08:00:00,4977.052,3121.129667,148.03300000000002,2363.730334
2023-03-08 09:00:00,4992.633667,3149.121667,146.525,2349.4543329999997
2023-03-08 10:00:00,4921.7393329999995,3172.8693329999996,149.84,2289.039
2023-03-08 11:00:00,4855.141333,3165.695667,175.36700000000002,2225.378666
2023-03-08 12:00:00,4758.903333,3099.725,155.796,2203.1879999999996
2023-03-08 13:00:00,4569.490334,2932.288,132.82500000000005,2194.949666
2023-03-08 14:00:00,4319.009333,2808.892,130.107,2038.7036659999999
2023-03-08 15:00:00,4155.094,2630.286,117.653,2025.3946660000001
2023-03-08 16:00:00,4169.922333,2632.364,115.35900000000001,2049.3633330000002
2023-03-08 17:00:00,4473.775667,2834.334,112.24600000000001,2196.910333
2023-03-08 18:00:00,5070.036,3157.468,142.753,2462.673667
2023-03-08 19:00:00,5467.744,3570.5850000000005,168.379,2669.673666
2023-03-08 20:00:00,5509.876,3541.852,157.64499999999998,2681.212334
2023-03-08 21:00:00,5355.173,3450.882,147.93399999999997,2578.5270009999995
2023-03-08 22:00:00,5014.425000000001,3172.3410000000003,149.88599999999994,2404.374667
2023-03-08 23:00:00,4524.388000000001,2951.985,133.44600000000003,2214.123834
2023-03-09 00:00:00,3955.7200000000003,2666.6279999999997,129.63,1932.9373340000002
2023-03-09 01:00:00,3583.023,2458.878,111.01799999999999,1761.5604999999998
2023-03-09 02:00:00,3430.196,2280.498,99.314,1642.614833
2023-03-09 03:00:00,3201.633,2174.8729999999996,101.354,1570.0553330000002
2023-03-09 04:00:00,3212.054,2198.5739999999996,108.82700000000001,1571.471167
2023-03-09 05:00:00,3375.647,2320.441,105.25099999999999,1650.024999
2023-03-09 06:00:00,3759.5879999999997,2457.6549999999997,129.621,1694.756834
2023-03-09 07:00:00,4308.152,2775.497,125.41399999999999,2004.2551669999998
2023-03-09 08:00:00,4661.825999999999,2954.366,140.99499999999998,2133.601833
2023-03-09 09:00:00,4498.959,2936.71,160.01200000000003,2124.795
2023-03-09 10:00:00,4422.456,2878.796,152.91,2063.372667
2023-03-09 11:00:00,4299.6669999999995,2858.887,139.38299999999998,2043.05
2023-03-09 12:00:00,4405.332,2892.693,138.4,2152.527
2023-03-09 13:00:00,4453.862999999999,2909.9739999999997,121.83900000000001,2154.1090000000004
2023-03-09 14:00:00,4390.844,2874.051333,135.994,2139.098168
2023-03-09 15:00:00,4463.249,2834.002332,136.955,2113.936333
2023-03-09 16:00:00,4594.619,2956.6363330000004,143.34,2189.810001
2023-03-09 17:00:00,4975.995999999999,3287.917,165.533,2440.7611660000002
2023-03-09 18:00:00,5526.436,3533.02,183.65099999999998,2617.828334
2023-03-09 19:00:00,5806.274,3716.246,197.216,2800.257333
2023-03-09 20:00:00,5600.428,3795.145,200.59,2741.990333
2023-03-09 21:00:00,5287.591,3590.767,171.68499999999997,2637.5654999999997
2023-03-09 22:00:00,5052.588,3346.526,164.75,2467.169
2023-03-09 23:00:00,4447.04,3113.8860000000004,149.386,2180.757001
2023-03-10 00:00:00,3930.132,2780.593,125.209,1960.222832
2023-03-10 01:00:00,3488.962,2546.99,113.25599999999999,1794.086
2023-03-10 02:00:00,3290.48,2358.571,104.781,1657.439
2023-03-10 03:00:00,3170.866,2253.571,94.557,1633.445667
2023-03-10 04:00:00,3189.9310000000005,2230.7740000000003,104.81899999999999,1590.7041669999999
2023-03-10 05:00:00,3338.4210000000003,2339.654,112.798,1638.189666
2023-03-10 06:00:00,3747.13,2486.737,115.06400000000001,1763.6625000000001
2023-03-10 07:00:00,4253.4273330000005,2798.275,136.06599999999997,1958.5520000000001
2023-03-10 08:00:00,4713.048333,2942.341,144.16000000000003,2150.9476649999997
2023-03-10 09:00:00,4740.2300000000005,3084.9660000000003,146.693,2175.719833
2023-03-10 10:00:00,4602.127,2927.257,130.368,2119.734833
2023-03-10 11:00:00,4584.07,2899.6760000000004,146.671,2101.750167
2023-03-10 12:00:00,4512.9439999999995,2905.82,143.365,2110.122667
2023-03-10 13:00:00,4535.757,2859.041,128.036,2098.998332
2023-03-10 14:00:00,4280.311,2702.255,102.91600000000001,1976.4303329999998
2023-03-10 15:00:00,4082.3109999999997,2643.416,112.112,1900.9779999999998
2023-03-10 16:00:00,4309.57,2663.8109999999997,131.39100000000002,1969.834667
2023-03-10 17:00:00,4678.522999999999,2961.8819999999996,142.04500000000002,2161.682667
2023-03-10 18:00:00,4872.64,3126.9049999999997,141.734,2314.320666
2023-03-10 19:00:00,5154.641,3276.742,142.366,2393.142667
2023-03-10 20:00:00,5059.705,3205.239,157.67099999999996,2450.229667
2023-03-10 21:00:00,4968.606,3144.5969999999998,140.174,2352.432334
2023-03-10 22:00:00,4585.130999999999,2992.1369999999997,143.50300000000001,2274.941
2023-03-10 23:00:00,4172.745,2826.4629999999997,131.447,2116.6130000000003
2023-03-11 00:00:00,3820.774333,2598.6179999999995,115.175,1873.5385
2023-03-11 01:00:00,3479.200002,2411.8080010000003,105.887,1693.563
2023-03-11 02:00:00,3338.0963329999995,2266.130666,111.272,1604.993
2023-03-11 03:00:00,3206.565665,2174.9446669999998,99.17,1538.341667
2023-03-11 04:00:00,3093.161001,2156.5083329999998,107.38100000000001,1534.713667
2023-03-11 05:00:00,3139.1520010000004,2175.599,103.245,1537.488667
2023-03-11 06:00:00,3393.773,2265.452333,115.87100000000001,1612.153
2023-03-11 07:00:00,3762.002001,2443.155667,132.20600000000002,1734.8416670000001
2023-03-11 08:00:00,4198.174999,2722.652,127.584,1981.718
2023-03-11 09:00:00,4591.231,2950.265667,135.69400000000002,2112.031333
2023-03-11 10:00:00,4734.905666,3064.195334,133.48899999999998,2188.818667
2023-03-11 11:00:00,4588.2513340000005,3028.735,145.70100000000002,2204.5445
2023-03-11 12:00:00,4561.120666000001,2892.897,153.84599999999998,2096.1465
2023-03-11 13:00:00,4387.707,2809.722666,128.42000000000002,2063.839333
2023-03-11 14:00:00,4247.395001,2687.742667,103.888,1951.9843340000002
2023-03-11 15:00:00,4013.824667,2573.813,97.08900000000001,1860.279667
2023-03-11 16:00:00,4084.082332,2478.853999,100.96700000000001,1859.308
2023-03-11 17:00:00,4173.257333,2494.324666,109.06899999999999,1827.925666
2023-03-11 18:00:00,4266.862666000001,2606.0916660000003,103.793,1968.54
2023-03-11 19:00:00,4749.559,2814.869334,143.145,2128.0119999999997
2023-03-11 20:00:00,4706.443332,2908.9606670000003,124.77199999999999,2236.684666
2023-03-11 21:00:00,4549.829666,2926.0693330000004,156.293,2157.9210009999997
2023-03-11 22:00:00,4345.016667,2889.772333,148.75099999999998,2155.3103330000004
2023-03-11 23:00:00,4119.711001,2729.831,142.226,2006.5256669999999
2023-03-12 00:00:00,3823.277,2546.6896659999998,122.42999999999999,1847.8013340000002
2023-03-12 01:00:00,3574.0896679999996,2403.0086659999997,122.314,1692.077334
2023-03-12 02:00:00,3473.0816685,2364.9536664999996,116.55300000000001,1672.4478335000001
2023-03-12 03:00:00,3372.0736690000003,2326.8986670000004,110.79199999999997,1652.818333
2023-03-12 04:00:00,3222.16367,2316.796667,112.46200000000002,1613.232667
2023-03-12 05:00:00,3251.5693330000004,2285.192666,113.04599999999999,1644.031001
2023-03-12 06:00:00,3376.4113319999997,2368.7349999999997,115.155,1705.074667
2023-03-12 07:00:00,3613.9043349999997,2424.477333,112.156,1757.181333
2023-03-12 08:00:00,3898.0603330000004,2619.086,119.24500000000002,1887.515333
2023-03-12 09:00:00,4364.660664000001,2845.005333,137.255,2028.064334
2023-03-12 10:00:00,4649.200665,3076.790666,154.603,2193.793
2023-03-12 11:00:00,4870.395667,3218.037,167.40499999999994,2319.602
2023-03-12 12:00:00,5109.800665999999,3330.776334,139.298,2413.177334
2023-03-12 13:00:00,5122.675999,3291.993333,169.685,2419.379
2023-03-12 14:00:00,5136.317334,3253.017333,184.395,2414.075667
2023-03-12 15:00:00,5140.804,3218.41,166.01699999999997,2405.786
2023-03-12 16:00:00,5040.597,3215.409333,167.59300000000002,2444.4531660000002
2023-03-12 17:00:00,5066.772,3196.696,169.04100000000003,2472.303666
2023-03-12 18:00:00,5141.456,3290.059001,158.82899999999998,2469.237335
2023-03-12 19:00:00,5200.110000000001,3355.089667,158.312,2540.976667
2023-03-12 20:00:00,5283.221,3365.067,159.767,2630.844668
2023-03-12 21:00:00,5146.893,3408.077667,137.832,2651.675166
2023-03-12 22:00:00,4887.3369999999995,3244.825,113.35799999999999,2532.8951669999997
2023-03-12 23:00:00,4403.735000000001,2936.0759989999997,121.79299999999998,2207.174665
2023-03-13 00:00:00,3812.764,2608.304,118.502,1936.2526659999999
2023-03-13 01:00:00,3269.5276670000003,2311.468667,91.82000000000001,1688.3693309999999
2023-03-13 02:00:00,2974.645,2123.994667,89.152,1511.287331
2023-03-13 03:00:00,2838.233,2020.611666,84.473,1415.621336
2023-03-13 04:00:00,2730.63,1980.527999,80.98400000000001,1375.130999
2023-03-13 05:00:00,2849.1710000000003,2024.625334,83.99199999999999,1421.088001
2023-03-13 06:00:00,3218.089,2130.145333,85.389,1536.394331
2023-03-13 07:00:00,3626.077,2301.8369999999995,93.48599999999999,1701.557999
2023-03-13 08:00:00,3856.603333,2517.969333,113.10799999999998,1846.614
2023-03-13 09:00:00,3931.790667,2624.852667,109.53300000000002,1906.9343350000001
2023-03-13 10:00:00,4084.8920000000003,2609.3466670000003,118.17900000000002,1965.037917
2023-03-13 11:00:00,4250.763000000001,2723.032,135.91799999999998,1975.069249
2023-03-13 12:00:00,4340.9,2784.842,135.143,1993.375501
2023-03-13 13:00:00,4527.171,2863.5033329999997,120.40800000000002,2044.742669
2023-03-13 14:00:00,4527.028,2849.254333,126.12700000000001,2085.665666
2023-03-13 15:00:00,4575.779,2851.6896669999996,139.758,2119.294
2023-03-13 16:00:00,4726.192,3048.1846669999995,151.52599999999998,2164.429
2023-03-13 17:00:00,5007.164667,3227.0523329999996,149.578,2357.928667
2023-03-13 18:00:00,5262.131667,3373.763,153.797,2467.553
2023-03-13 19:00:00,5392.822,3468.176667,164.96,2608.235333
2023-03-13 20:00:00,5527.537,3577.321,155.065,2709.380999
2023-03-13 21:00:00,5444.778,3571.810333,160.836,2694.143
2023-03-13 22:00:00,5128.7660000000005,3417.3143330000003,169.136,2602.1866670000004
2023-03-13 23:00:00,4601.549999999999,3148.532333,150.366,2350.535334
2023-03-14 00:00:00,3985.5150000000003,2804.173333,138.523,1998.9543330000001
2023-03-14 01:00:00,3625.700333,2540.9936660000003,104.403,1747.258335
2023-03-14 02:00:00,3351.062334,2352.550666,92.281,1629.582332
2023-03-14 03:00:00,3240.8789990000005,2271.017334,97.157,1583.0663330000002
2023-03-14 04:00:00,3170.393,2241.875,94.362,1578.940999
2023-03-14 05:00:00,3294.173,2306.929,106.325,1621.922333
2023-03-14 06:00:00,3681.3779999999997,2490.7960000000003,113.678,1735.700002
2023-03-14 07:00:00,4206.124,2733.2380000000003,129.039,1990.3423329999998
2023-03-14 08:00:00,4590.013,2951.9790000000003,133.555,2183.491666
2023-03-14 09:00:00,4534.385,2984.4559999999997,151.874,2134.079999
2023-03-14 10:00:00,4315.934,2826.915,133.07399999999998,2032.065667
2023-03-14 11:00:00,4140.146,2685.6169999999997,122.411,1943.1570000000002
2023-03-14 12:00:00,4009.224333,2536.641,103.40000000000002,1881.790667
2023-03-14 13:00:00,3945.2143330000004,2436.264,81.33599999999998,1865.174333
2023-03-14 14:00:00,3715.733,2284.8,87.03,1742.340666
2023-03-14 15:00:00,3511.781333,2203.8866669999998,94.36,1651.8766660000001
2023-03-14 16:00:00,3483.654667,2211.2030000000004,75.43400000000001,1620.8946660000001
2023-03-14 17:00:00,3732.8509999999997,2393.444,92.93900000000002,1736.758333
2023-03-14 18:00:00,4152.09,2553.538,89.44399999999999,1921.7043330000001
2023-03-14 19:00:00,4441.238667,2776.734,93.772,2086.644334
2023-03-14 20:00:00,4678.638333000001,2903.005,99.71100000000001,2278.320667
2023-03-14 21:00:00,4737.099667,2953.436,110.2,2333.068
2023-03-14 22:00:00,4594.211666,2847.756,114.61,2221.3413339999997
2023-03-14 23:00:00,4169.7086659999995,2709.7969999999996,129.44799999999998,1990.639333
2023-03-15 00:00:00,3626.977333,2439.4130000000005,91.89400000000002,1760.0819999999999
2023-03-15 01:00:00,3256.0103339999996,2245.611,77.763,1607.735334
2023-03-15 02:00:00,3029.129333,2052.348333,86.69,1508.313001
2023-03-15 03:00:00,2962.3679999999995,2016.8220000000001,89.19800000000001,1483.472
2023-03-15 04:00:00,2947.835,2016.1513329999998,84.08,1450.252333
2023-03-15 05:00:00,3148.264,2074.5679999999998,88.78200000000001,1477.0500000000002
2023-03-15 06:00:00,3500.997,2251.568,86.075,1626.326667
2023-03-15 07:00:00,4013.3936670000003,2518.48,111.57,1844.335001
2023-03-15 08:00:00,4330.064333,2760.9449999999997,116.469,1994.9006669999997
2023-03-15 09:00:00,4288.191333999999,2749.713,125.09199999999998,2036.6390000000001
2023-03-15 10:00:00,4241.188,2590.562,127.25399999999999,1964.045333
2023-03-15 11:00:00,3980.8419999999996,2576.386,112.31300000000002,1836.044333
2023-03-15 12:00:00,3944.3810000000003,2516.483,101.789,1802.104334
2023-03-15 13:00:00,3956.048667,2470.068,104.00500000000001,1809.823333
2023-03-15 14:00:00,3848.8423329999996,2353.1270000000004,89.9,1718.1623330000002
2023-03-15 15:00:00,3645.666333,2268.0919999999996,80.10900000000001,1680.135334
2023-03-15 16:00:00,3861.637666,2348.587,94.44800000000001,1779.821666
2023-03-15 17:00:00,4165.614,2546.1220000000003,99.263,1951.242666
2023-03-15 18:00:00,4490.112,2807.352,109.122,2083.216
2023-03-15 19:00:00,4611.467667,2966.329,132.297,2198.445666
2023-03-15 20:00:00,4781.624667,3110.514,129.93500000000003,2289.909
2023-03-15 21:00:00,4874.745666,3147.262,134.516,2422.692333
2023-03-15 22:00:00,4676.861000000001,3023.714,129.831,2333.4921670000003
2023-03-15 23:00:00,4355.344000000001,2811.791,117.40800000000002,2131.207167
2023-03-16 00:00:00,3788.519,2569.433,118.84200000000001,1927.276499
2023-03-16 01:00:00,3355.4806660000004,2365.531,112.446,1721.6586670000002
2023-03-16 02:00:00,3229.851667,2184.3083340000003,93.43700000000001,1609.6481669999998
2023-03-16 03:00:00,3170.356667,2180.6943330000004,91.06800000000001,1601.5823329999998
2023-03-16 04:00:00,3209.9849999999997,2220.616333,91.517,1598.345834
2023-03-16 05:00:00,3371.151,2318.0600000000004,103.408,1647.9503330000002
2023-03-16 06:00:00,3865.364,2535.6040000000003,122.089,1792.3701660000002
2023-03-16 07:00:00,4415.281666999999,2812.775,154.50800000000004,2111.7545
2023-03-16 08:00:00,4818.156,2998.9770000000003,146.752,2289.588832
2023-03-16 09:00:00,4726.221,2963.2780000000002,154.98799999999997,2256.486
2023-03-16 10:00:00,4506.848,2788.1189999999997,154.756,2109.267833
2023-03-16 11:00:00,4210.653,2722.661,152.07899999999998,1936.214667
2023-03-16 12:00:00,4034.458333,2545.5060000000003,138.483,1892.6003340000002
2023-03-16 13:00:00,3788.676,2444.3500000000004,114.40800000000002,1819.549
2023-03-16 14:00:00,3641.291,2307.9840000000004,99.323,1709.068667
2023-03-16 15:00:00,3456.2090000000003,2133.323,94.859,1682.0533340000002
2023-03-16 16:00:00,3345.25,2122.209,81.145,1614.274668
2023-03-16 17:00:00,3600.886,2272.002,76.271,1751.8601660000002
2023-03-16 18:00:00,3949.281,2379.7430000000004,80.643,1845.0970000000002
2023-03-16 19:00:00,4227.841,2538.9,95.737,2019.7089999999998
2023-03-16 20:00:00,4586.146000000001,2774.613,121.82,2199.303
2023-03-16 21:00:00,4653.429,2919.1980000000003,111.055,2239.014333
2023-03-16 22:00:00,4491.633,2837.527,108.60199999999999,2157.082
2023-03-16 23:00:00,3997.5429999999997,2586.6850000000004,101.38699999999999,1961.932
2023-03-17 00:00:00,3524.276,2318.28,85.34399999999998,1732.7548339999998
2023-03-17 01:00:00,3121.083667,2137.214,94.416,1556.1983329999998
2023-03-17 02:00:00,2961.0528329999997,1984.498,74.846,1409.716667
2023-03-17 03:00:00,2843.206667,1904.206999,82.008,1384.507333
2023-03-17 04:00:00,2829.175,1910.058,77.15599999999999,1387.772167
2023-03-17 05:00:00,2967.527,2001.327,76.54700000000001,1402.988667
2023-03-17 06:00:00,3399.593,2156.976,88.479,1534.616834
2023-03-17 07:00:00,3783.196,2421.1279999999997,103.649,1743.444332
2023-03-17 08:00:00,4143.081,2624.223,111.39999999999999,1952.654332
2023-03-17 09:00:00,4166.542333,2625.4269999999997,115.45800000000001,2003.3349999999998
2023-03-17 10:00:00,4140.085,2485.417,117.004,1901.0030000000002
2023-03-17 11:00:00,3932.8160000000003,2350.817,114.48400000000001,1787.598834
2023-03-17 12:00:00,3725.408,2246.0919999999996,88.74000000000001,1709.868
2023-03-17 13:00:00,3604.153,2147.0649999999996,71.161,1641.456
2023-03-17 14:00:00,3500.467,2064.687,74.924,1514.895
2023-03-17 15:00:00,3318.785,1988.438,70.27199999999999,1463.203
2023-03-17 16:00:00,3351.832,1961.821,60.736999999999995,1522.234334
2023-03-17 17:00:00,3508.512,2014.317,72.295,1590.295333
2023-03-17 18:00:00,3779.523,2221.642,63.455,1716.54
2023-03-17 19:00:00,3989.362,2327.349,64.324,1810.757
2023-03-17 20:00:00,4051.7160000000003,2381.438,101.60300000000001,1923.368
2023-03-17 21:00:00,4073.381,2380.973,99.75,1871.507
2023-03-17 22:00:00,3969.04,2272.5860000000002,121.553,1832.311
2023-03-17 23:00:00,3672.416,2208.691,103.507,1711.744334
2023-03-18 00:00:00,3253.25,2053.547,94.499,1568.8709999999999
2023-03-18 01:00:00,2913.6243329999998,1859.558334,85.224,1461.014
2023-03-18 02:00:00,2749.1913329999998,1730.013666,75.26,1338.8690000000001
2023-03-18 03:00:00,2616.1406660000002,1695.1296670000002,69.263,1282.9129990000001
2023-03-18 04:00:00,2559.317,1678.284,71.605,1310.009
2023-03-18 05:00:00,2616.4320000000002,1744.23,67.08900000000001,1292.595667
2023-03-18 06:00:00,2826.7129999999997,1850.3870000000002,80.48699999999998,1384.4230000000002
2023-03-18 07:00:00,3107.1849999999995,2032.48,84.75700000000002,1515.2149999999997
2023-03-18 08:00:00,3681.7110000000002,2356.616,100.52,1700.840334
2023-03-18 09:00:00,4114.851,2567.177,111.50399999999999,1854.9645
2023-03-18 10:00:00,4267.356,2587.513,112.97699999999999,2003.344333
2023-03-18 11:00:00,4247.528,2582.16,118.15499999999997,1952.3846680000001
2023-03-18 12:00:00,4116.937,2486.5950000000003,114.42799999999998,1896.3
2023-03-18 13:00:00,4044.625,2334.587,88.59,1783.5035
2023-03-18 14:00:00,3689.194,2175.383,90.15800000000002,1706.091667
2023-03-18 15:00:00,3464.8,2064.009,90.922,1562.166001
2023-03-18 16:00:00,3423.2870000000003,2000.397,79.65299999999999,1514.2281670000002
2023-03-18 17:00:00,3484.835,1999.319,71.043,1497.045165
2023-03-18 18:00:00,3598.307,2044.104,85.812,1623.854667
2023-03-18 19:00:00,3719.1639999999998,2206.562,76.672,1644.942333
2023-03-18 20:00:00,3958.563,2207.8199999999997,91.934,1780.217666
2023-03-18 21:00:00,3809.567,2286.281,88.30699999999999,1748.094834
2023-03-18 22:00:00,3665.6130000000003,2127.4889999999996,78.585,1635.9320010000001
2023-03-18 23:00:00,3358.692,2026.513,85.599,1612.684334
2023-03-19 00:00:00,2989.403,1791.432,62.571,1418.189834
2023-03-19 01:00:00,2716.484667,1664.068,57.20400000000001,1294.178999
2023-03-19 02:00:00,2528.310666,1573.195,57.46900000000001,1158.593499
2023-03-19 03:00:00,2404.0559999999996,1478.819333,51.458000000000006,1089.796166
2023-03-19 04:00:00,2343.134,1425.2869999999998,51.744,1079.604502
2023-03-19 05:00:00,2309.5389999999998,1425.705,46.875,1089.2993339999998
2023-03-19 06:00:00,2426.054,1548.7060000000001,64.49000000000001,1132.507001
2023-03-19 07:00:00,2641.246,1664.2359999999999,66.78500000000001,1176.924
2023-03-19 08:00:00,3082.48,1903.2020000000002,68.414,1379.4086659999998
2023-03-19 09:00:00,3480.207,2200.205,85.44500000000001,1585.805167
2023-03-19 10:00:00,3860.563,2369.852,106.20199999999998,1777.707334
2023-03-19 11:00:00,4095.7659999999996,2470.134,106.598,1824.679666
2023-03-19 12:00:00,4209.755,2485.556,106.12799999999999,1909.7728350000002
2023-03-19 13:00:00,4305.427,2574.37,116.779,1935.0490009999999
2023-03-19 14:00:00,4376.981,2639.7380000000003,105.835,1927.8000000000002
2023-03-19 15:00:00,4265.3279999999995,2630.175,109.279,1933.9629989999999
2023-03-19 16:00:00,4307.262000000001,2547.4719999999998,98.509,1975.44
2023-03-19 17:00:00,4514.972,2656.272333,108.20400000000001,1958.1583330000003
2023-03-19 18:00:00,4588.489,2863.276001,141.986,2132.279667
2023-03-19 19:00:00,4810.891,2946.791,136.048,2222.547667
2023-03-19 20:00:00,4816.513,2982.7690000000002,132.044,2273.779333
2023-03-19 21:00:00,4687.18,2944.077,137.22799999999998,2275.407334
2023-03-19 22:00:00,4371.987000000001,2771.2790000000005,126.17999999999999,2088.1880010000004
2023-03-19 23:00:00,3897.129,2485.034,112.503,1871.626
2023-03-20 00:00:00,3337.502,2141.6949999999997,101.059,1653.608667
2023-03-20 01:00:00,2924.986667,1878.0403330000001,88.348,1423.433332
2023-03-20 02:00:00,2703.0820000000003,1762.7530000000002,66.89099999999999,1315.342999
2023-03-20 03:00:00,2534.865,1730.639,60.535000000000004,1250.7180010000002
2023-03-20 04:00:00,2480.634,1711.0330000000001,52.792,1211.329333
2023-03-20 05:00:00,2670.2509999999997,1737.9859999999999,61.315,1215.558332
2023-03-20 06:00:00,3010.1629999999996,1888.576,66.448,1345.6753330000001
2023-03-20 07:00:00,3449.575,2105.368,67.10499999999999,1607.080334
2023-03-20 08:00:00,3792.5480000000002,2319.1589999999997,82.066,1759.501833
2023-03-20 09:00:00,3848.8153329999996,2332.974,105.06400000000001,1773.9279999999999
2023-03-20 10:00:00,3909.033,2333.549,110.50600000000001,1788.5913329999998
2023-03-20 11:00:00,3822.057667,2355.4030000000002,105.935,1689.7516670000002
2023-03-20 12:00:00,3814.1479999999997,2353.326,118.10400000000001,1703.866501
2023-03-20 13:00:00,3789.500333,2341.006667,113.632,1748.3400000000001
2023-03-20 14:00:00,3829.089667,2336.2180000000003,112.17900000000002,1730.0140000000001
2023-03-20 15:00:00,3822.7949999999996,2330.7380000000003,94.888,1778.9426669999998
2023-03-20 16:00:00,4005.385,2391.0429999999997,93.07400000000001,1787.4175
2023-03-20 17:00:00,4286.901,2584.1893330000003,121.717,1963.467999
2023-03-20 18:00:00,4631.159,2846.900001,113.577,2160.871666
2023-03-20 19:00:00,4794.26,2990.931334,130.336,2271.230667
2023-03-20 20:00:00,4910.6939999999995,2987.63,138.34199999999998,2332.949666
2023-03-20 21:00:00,4830.778,3017.115,140.57899999999998,2314.438
2023-03-20 22:00:00,4534.9490000000005,2854.360667,129.52100000000002,2142.886335
2023-03-20 23:00:00,4040.532,2562.259001,111.425,1959.9595000000002
2023-03-21 00:00:00,3466.2690000000002,2298.5846659999997,94.29,1716.123165
2023-03-21 01:00:00,3067.683333,2057.487,78.70199999999998,1507.244333
2023-03-21 02:00:00,2857.6533339999996,1965.459333,76.459,1434.565665
2023-03-21 03:00:00,2715.532999,1873.582334,72.57300000000001,1321.479333
2023-03-21 04:00:00,2731.711,1869.350667,65.752,1317.7896660000001
2023-03-21 05:00:00,2880.572,1936.5279999999998,69.59800000000001,1374.209001
2023-03-21 06:00:00,3297.1620000000003,2125.084,92.112,1493.0680000000002
2023-03-21 07:00:00,3727.7239999999997,2372.897,106.35500000000002,1706.566
2023-03-21 08:00:00,4025.9360000000006,2557.5389999999998,121.79,1904.550166
2023-03-21 09:00:00,4143.339,2564.943,115.32499999999999,1845.566165
2023-03-21 10:00:00,4015.1,2498.4129999999996,136.29299999999998,1830.5719990000002
2023-03-21 11:00:00,3834.548667,2482.6983330000003,108.83399999999999,1815.5076649999999
2023-03-21 12:00:00,3764.6040000000003,2323.5969999999998,90.14399999999999,1725.5373330000002
2023-03-21 13:00:00,3582.426,2118.0,92.994,1638.527666
2023-03-21 14:00:00,3329.434,2003.115,82.58100000000002,1540.358166
2023-03-21 15:00:00,3231.609,1907.556,65.102,1455.3005
2023-03-21 16:00:00,3205.093,1897.6680000000001,64.64,1460.2640000000001
2023-03-21 17:00:00,3388.558,1930.4559999999997,70.98299999999999,1560.607
2023-03-21 18:00:00,3712.904,2101.15,92.54999999999998,1652.061
2023-03-21 19:00:00,3961.482,2319.4790000000003,100.04499999999999,1761.1100000000001
2023-03-21 20:00:00,4181.184,2497.025,100.968,1937.176
2023-03-21 21:00:00,4286.647,2631.126,114.282,1947.1430000000003
2023-03-21 22:00:00,4143.073,2507.79,100.30599999999998,1840.9221670000002
2023-03-21 23:00:00,3689.02,2319.474,92.17500000000001,1699.8061670000002
2023-03-22 00:00:00,3203.7889999999998,2061.6530000000002,84.9,1554.360667
2023-03-22 01:00:00,2885.448,1854.4316669999998,74.326,1408.461333
2023-03-22 02:00:00,2683.4903329999997,1721.486333,70.913,1284.0178329999999
2023-03-22 03:00:00,2614.760333,1723.8736669999998,74.12299999999998,1258.757834
2023-03-22 04:00:00,2588.997,1759.2560000000003,81.87299999999999,1266.689333
2023-03-22 05:00:00,2771.332,1838.364,70.539,1311.3849999999998
2023-03-22 06:00:00,3210.173,2100.831,90.779,1442.180667
2023-03-22 07:00:00,3723.367,2311.077,124.64499999999998,1699.723333
2023-03-22 08:00:00,4062.0110000000004,2548.4260000000004,137.611,1895.262333
2023-03-22 09:00:00,4085.181,2490.925,106.458,1880.346334
2023-03-22 10:00:00,3787.4579999999996,2387.499,91.41199999999999,1793.336167
2023-03-22 11:00:00,3655.4030000000002,2207.3379999999997,113.982,1714.7040000000002
2023-03-22 12:00:00,3542.42,2082.504,86.25,1619.3703329999998
2023-03-22 13:00:00,3377.9260000000004,2025.0720000000001,76.284,1530.564001
2023-03-22 14:00:00,3231.641,1887.744,69.857,1451.889667
2023-03-22 15:00:00,3012.6579999999994,1753.92,84.455,1355.9570009999998
2023-03-22 16:00:00,3151.531,1764.563,65.49,1404.958
2023-03-22 17:00:00,3329.677,1899.336,73.59200000000001,1500.409666
2023-03-22 18:00:00,3768.945,2141.8549999999996,86.85399999999998,1657.3319999999999
2023-03-22 19:00:00,3938.2619999999997,2321.851667,88.422,1781.385667
2023-03-22 20:00:00,4181.453,2486.6346670000003,107.54,1883.936999
2023-03-22 21:00:00,4244.813999999999,2459.184,91.684,1899.1183330000001
2023-03-22 22:00:00,3995.5469999999996,2279.926,95.47200000000001,1775.2910000000002
2023-03-22 23:00:00,3586.475,2154.428,82.67699999999999,1623.0505000000003
2023-03-23 00:00:00,3149.962,1904.702333,70.84400000000001,1415.0065009999998
2023-03-23 01:00:00,2785.222666,1721.4700010000001,60.111000000000004,1257.934001
2023-03-23 02:00:00,2541.557667,1583.76,58.55199999999999,1192.204334
2023-03-23 03:00:00,2404.771334,1525.4569999999999,53.114999999999995,1174.195666
2023-03-23 04:00:00,2423.3453329999998,1560.7240000000002,58.77400000000001,1157.625833
2023-03-23 05:00:00,2617.687,1653.187,56.37200000000001,1196.0703330000001
2023-03-23 06:00:00,2982.307667,1828.583,68.145,1273.664833
2023-03-23 07:00:00,3399.079667,2093.096,86.436,1546.3725
2023-03-23 08:00:00,3822.2580000000003,2281.2,104.282,1704.101668
2023-03-23 09:00:00,3909.298,2343.732,109.718,1762.129833
2023-03-23 10:00:00,3990.6189999999997,2363.4976659999998,105.769,1772.5961670000002
2023-03-23 11:00:00,3972.485667,2402.7106670000003,107.27499999999999,1808.394499
2023-03-23 12:00:00,3975.1285000000003,2422.266,102.208,1812.0211669999999
2023-03-23 13:00:00,3947.3669999999997,2504.053,109.47,1859.8285839999999
2023-03-23 14:00:00,4015.715,2511.033,93.107,1836.9734170000002
2023-03-23 15:00:00,4064.2879999999996,2441.564,98.26,1813.988001
2023-03-23 16:00:00,4102.731,2581.565,91.01800000000001,1899.821667
2023-03-23 17:00:00,4406.905,2788.0119999999997,122.57100000000001,2070.390166
2023-03-23 18:00:00,4762.965,2974.95,133.70399999999998,2219.294333
2023-03-23 19:00:00,4979.805,3216.4719999999998,174.044,2389.966333
2023-03-23 20:00:00,5211.371,3244.5699999999997,158.89200000000002,2446.1363330000004
2023-03-23 21:00:00,5090.315,3260.8959999999997,159.71000000000004,2465.3765000000003
2023-03-23 22:00:00,4849.855,3118.796,147.74200000000002,2358.5846659999997
2023-03-23 23:00:00,4376.972000000001,2850.286,133.11100000000002,2096.186832
2023-03-24 00:00:00,3820.567,2586.151,114.815,1850.291667
2023-03-24 01:00:00,3415.17,2358.6580000000004,97.49899999999998,1712.8836660000002
2023-03-24 02:00:00,3249.4888330000003,2226.424,97.33600000000001,1567.707166
2023-03-24 03:00:00,3112.944,2168.875,98.02100000000002,1525.932
2023-03-24 04:00:00,3132.831334,2184.124,96.24,1505.602833
2023-03-24 05:00:00,3314.695334,2222.031,96.64699999999999,1547.8013339999998
2023-03-24 06:00:00,3627.942,2386.087,105.71799999999999,1658.015167
2023-03-24 07:00:00,4127.685333,2650.6940000000004,128.82999999999998,1891.577333
2023-03-24 08:00:00,4526.8733330000005,2805.079,137.027,2065.8199990000003
2023-03-24 09:00:00,4740.165667,2908.586,154.91,2161.106666
2023-03-24 10:00:00,4713.308,2977.247,173.175,2230.582167
2023-03-24 11:00:00,4699.956333,3018.764,151.192,2232.154335
2023-03-24 12:00:00,4668.6849999999995,3024.061,150.237,2172.186001
2023-03-24 13:00:00,4617.543,2966.699,139.519,2189.8276670000005
2023-03-24 14:00:00,4452.4259999999995,2811.982,133.068,2046.019333
2023-03-24 15:00:00,4336.534,2772.307,106.351,1991.976
2023-03-24 16:00:00,4309.439,2714.7889999999998,94.53099999999999,1993.7900009999998
2023-03-24 17:00:00,4424.843000000001,2749.308,101.62799999999999,2112.932
2023-03-24 18:00:00,4701.882,2986.232,112.43799999999999,2235.7796670000002
2023-03-24 19:00:00,4975.245,3187.063,137.28,2366.360334
2023-03-24 20:00:00,5104.681,3157.751,141.608,2433.1583339999997
2023-03-24 21:00:00,4916.0,3116.9129999999996,157.967,2391.079333
2023-03-24 22:00:00,4742.527,2989.5209999999997,156.376,2266.4719999999998
2023-03-24 23:00:00,4386.988,2886.086,144.201,2133.790333
2023-03-25 00:00:00,3967.772,2675.9390000000003,138.174,1906.8273339999998
2023-03-25 01:00:00,3541.139333,2474.542,111.098,1755.790334
2023-03-25 02:00:00,3349.9413329999998,2293.427,99.98100000000001,1668.788
2023-03-25 03:00:00,3213.045333,2265.2580000000003,95.958,1609.359
2023-03-25 04:00:00,3176.124,2240.656,93.18,1560.137666
2023-03-25 05:00:00,3261.361,2278.8810000000003,100.01100000000001,1603.636333
2023-03-25 06:00:00,3490.6839999999997,2345.5339999999997,106.756,1678.058
2023-03-25 07:00:00,3809.505,2483.14,111.76200000000001,1777.737834
2023-03-25 08:00:00,4285.21,2720.04,123.76,1942.642668
2023-03-25 09:00:00,4656.0509999999995,3004.063,140.95000000000002,2164.243834
2023-03-25 10:00:00,4950.196,3185.194,158.85400000000004,2312.166
2023-03-25 11:00:00,5007.311,3269.826,191.752,2371.376668
2023-03-25 12:00:00,5034.5650000000005,3176.9080000000004,166.933,2330.665333
2023-03-25 13:00:00,4860.748,3082.79,128.57000000000002,2242.4846660000003
2023-03-25 14:00:00,4540.588,2928.652,115.842,2123.3805009999996
2023-03-25 15:00:00,4407.482,2789.925,113.365,2027.5673339999998
2023-03-25 16:00:00,4194.960999999999,2746.875,105.63199999999999,1935.7041669999999
2023-03-25 17:00:00,4231.057000000001,2679.111,119.721,1974.5728319999998
2023-03-25 18:00:00,4409.045,2742.326,106.54500000000002,1993.231333
2023-03-25 19:00:00,4691.6,2918.04,116.97500000000001,2082.045666
2023-03-25 20:00:00,4761.873,2953.7789999999995,125.714,2156.647999
2023-03-25 21:00:00,4717.531,2997.476,123.33599999999998,2175.883334
2023-03-25 22:00:00,4574.518,2908.967,135.034,2120.181668
2023-03-25 23:00:00,4224.4439999999995,2777.2380000000003,120.846,2020.630502
2023-03-26 00:00:00,3830.0040000000004,2589.161,105.77899999999998,1849.916334
2023-03-26 01:00:00,3481.169,2399.246,95.84500000000003,1740.2569999999998
2023-03-26 02:00:00,3222.7756659999995,2249.648,83.956,1559.973668
2023-03-26 03:00:00,3082.7740000000003,2176.3259999999996,89.381,1494.262999
2023-03-26 04:00:00,3001.996,2134.951,92.826,1462.45
2023-03-26 05:00:00,3053.51,2146.973,90.48899999999999,1479.0378329999999
2023-03-26 06:00:00,3212.367,2211.371,95.46100000000001,1549.665667
2023-03-26 07:00:00,3500.444,2348.8550000000005,112.409,1633.6973320000002
2023-03-26 08:00:00,3897.508,2637.958,105.3,1824.820334
2023-03-26 09:00:00,4415.279,2800.906,127.106,2029.644
2023-03-26 10:00:00,4689.518,2951.0280000000002,139.216,2199.444334
2023-03-26 11:00:00,4739.237,3007.794,136.899,2226.399501
2023-03-26 12:00:00,4750.335,2961.147,131.534,2194.239334
2023-03-26 13:00:00,4594.548667,2885.77,114.024,2081.039167
2023-03-26 14:00:00,4525.147,2794.88,118.98599999999999,2083.829166
2023-03-26 15:00:00,4269.656,2655.4809999999998,120.11299999999999,1968.160167
2023-03-26 16:00:00,4292.606,2762.456,112.88999999999999,1938.5794990000002
2023-03-26 17:00:00,4500.237999999999,2797.918,108.17,2014.6293329999999
2023-03-26 18:00:00,4658.763,2863.2780000000002,122.539,2122.479501
2023-03-26 19:00:00,5121.372,3145.642,154.599,2245.264
2023-03-26 20:00:00,5107.535,3254.833,160.24200000000002,2366.127334
2023-03-26 21:00:00,5065.418,3283.5029999999997,147.645,2429.370334
2023-03-26 22:00:00,4780.746,3134.88,144.15300000000002,2275.416001
2023-03-26 23:00:00,4260.964,2857.27,131.67200000000003,2061.168333
2023-03-27 00:00:00,3898.1499999999996,2600.388,118.631,1826.987999
2023-03-27 01:00:00,3536.529667,2370.7690000000002,116.246,1665.4581660000001
2023-03-27 02:00:00,3314.7365,2222.1040000000003,110.333,1583.0276670000003
2023-03-27 03:00:00,3213.339834,2194.565,105.652,1560.751667
2023-03-27 04:00:00,3211.902,2253.4350000000004,98.26400000000001,1577.083999
2023-03-27 05:00:00,3386.851,2334.754,118.54300000000002,1629.5593329999997
2023-03-27 06:00:00,3729.6459999999997,2441.1839999999997,119.00899999999999,1734.814999
2023-03-27 07:00:00,4119.52,2603.416,149.126,1929.5253320000002
2023-03-27 08:00:00,4426.072,2814.292333,145.23299999999998,2147.840999
2023-03-27 09:00:00,4555.223667,2965.9176669999997,138.781,2221.996
2023-03-27 10:00:00,4619.476333,2885.134,142.973,2167.4489999999996
2023-03-27 11:00:00,4402.74,2845.143333,123.117,2095.893
2023-03-27 12:00:00,4347.434,2677.5596669999995,114.38700000000001,2065.4889999999996
2023-03-27 13:00:00,4168.719000000001,2608.6440000000002,111.61700000000002,1947.548999
2023-03-27 14:00:00,3957.431,2496.106667,104.48000000000002,1796.587
2023-03-27 15:00:00,3871.351,2390.2479999999996,120.057,1806.854666
2023-03-27 16:00:00,3937.355,2428.04,124.04199999999999,1798.175
2023-03-27 17:00:00,4227.916,2584.598,115.606,1926.542
2023-03-27 18:00:00,4561.025,2778.65,129.82399999999998,2104.797667
2023-03-27 19:00:00,4837.3279999999995,2976.467333,120.46900000000001,2150.618834
2023-03-27 20:00:00,4836.5470000000005,2951.636333,152.93800000000002,2206.965333
2023-03-27 21:00:00,4685.785,2970.554,151.282,2205.352333
2023-03-27 22:00:00,4461.216,2818.204,122.421,2073.632667
2023-03-27 23:00:00,3860.435,2549.251,98.62,1899.729167
2023-03-28 00:00:00,3395.068,2297.913,87.12700000000001,1684.453
2023-03-28 01:00:00,3062.4339999999997,2085.04,89.92800000000001,1531.009667
2023-03-28 02:00:00,2847.298334,1928.1979999999999,89.467,1405.4905
2023-03-28 03:00:00,2768.6636660000004,1862.102333,70.57099999999998,1324.2939999999999
2023-03-28 04:00:00,2736.084,1872.128667,73.55400000000002,1310.9
2023-03-28 05:00:00,2909.0604999999996,1968.834333,76.185,1381.619
2023-03-28 06:00:00,3226.4309999999996,2102.151,84.954,1472.0810000000001
2023-03-28 07:00:00,3604.8875,2300.8613330000003,97.325,1660.7649999999999
2023-03-28 08:00:00,3903.0771670000004,2446.375,103.263,1818.7878329999999
2023-03-28 09:00:00,4183.817833,2592.896,142.561,1850.5415
2023-03-28 10:00:00,4206.789999,2714.981333,138.677,1952.020333
2023-03-28 11:00:00,4361.266501,2751.360667,146.154,1976.860666
2023-03-28 12:00:00,4450.455667,2809.529667,140.862,2089.5403340000003
2023-03-28 13:00:00,4410.9220000000005,2801.009333,132.62099999999998,2145.224333
2023-03-28 14:00:00,4308.363,2715.980667,116.833,2044.336166
2023-03-28 15:00:00,4168.943,2680.7696669999996,121.59600000000002,2008.226833
2023-03-28 16:00:00,4377.57,2745.0419999999995,126.64200000000001,2025.7416660000001
2023-03-28 17:00:00,4639.197,2924.2030000000004,130.586,2202.398666
2023-03-28 18:00:00,4993.852,3133.88,146.57500000000002,2423.5699999999997
2023-03-28 19:00:00,5162.315,3323.109,148.295,2432.324001
2023-03-28 20:00:00,5210.16,3285.0370000000003,134.787,2474.5225
2023-03-28 21:00:00,5097.907999999999,3276.4809999999998,128.971,2393.880166
2023-03-28 22:00:00,4801.386,3170.755,140.382,2348.7835
2023-03-28 23:00:00,4315.941,2928.088,133.46300000000002,2091.417
2023-03-29 00:00:00,3817.7030000000004,2634.5330000000004,107.287,1872.606667
2023-03-29 01:00:00,3438.903333,2414.821,107.47000000000001,1666.276833
2023-03-29 02:00:00,3233.3523330000003,2292.2090000000003,103.874,1568.014999
2023-03-29 03:00:00,3196.456,2245.556,88.599,1536.636334
2023-03-29 04:00:00,3159.031,2224.366,91.66499999999999,1562.0643340000001
2023-03-29 05:00:00,3390.897,2314.987,95.551,1600.656001
2023-03-29 06:00:00,3692.374667,2463.8689999999997,121.27000000000002,1724.0420009999998
2023-03-29 07:00:00,4016.1890000000003,2666.755,130.216,1835.6570000000002
2023-03-29 08:00:00,4345.743,2837.076,132.311,1994.7173350000003
2023-03-29 09:00:00,4469.664000000001,2899.312,140.873,2037.149668
2023-03-29 10:00:00,4486.978999999999,2931.17,163.73099999999997,2066.517001
2023-03-29 11:00:00,4498.734,2849.6760000000004,155.207,2014.7570000000003
2023-03-29 12:00:00,4315.596,2754.5150000000003,142.275,2003.224667
2023-03-29 13:00:00,4108.741,2615.618,101.462,1901.313333
2023-03-29 14:00:00,3814.143,2442.067,110.089,1819.695665
2023-03-29 15:00:00,3677.201,2226.065,101.257,1749.701332
2023-03-29 16:00:00,3536.5319999999997,2201.861,108.16199999999999,1668.7946670000001
2023-03-29 17:00:00,3567.4220000000005,2234.156,91.325,1683.553667
2023-03-29 18:00:00,3808.085,2365.175,97.03899999999999,1708.333001
2023-03-29 19:00:00,3996.925,2509.627,95.753,1843.810333
2023-03-29 20:00:00,4311.682,2688.825,104.34500000000001,2007.7848339999996
2023-03-29 21:00:00,4414.817999999999,2692.929,104.67099999999999,2035.474833
2023-03-29 22:00:00,4305.5689999999995,2624.386,108.915,1963.927667
2023-03-29 23:00:00,3845.966,2432.582,107.99600000000001,1797.534667
2023-03-30 00:00:00,3291.438,2227.4700000000003,97.462,1623.275333
2023-03-30 01:00:00,2926.232333,1971.859,77.42,1406.1478339999999
2023-03-30 02:00:00,2773.9256670000004,1881.3310000000001,67.759,1282.417335
2023-03-30 03:00:00,2625.1766669999997,1828.4940000000001,62.733,1287.110667
2023-03-30 04:00:00,2645.926,1834.089,73.30399999999999,1258.369665
2023-03-30 05:00:00,2810.121,1835.0480000000002,68.017,1286.2310009999999
2023-03-30 06:00:00,3104.1059999999998,2018.591,72.215,1373.3346660000002
2023-03-30 07:00:00,3450.749,2192.805,93.69500000000002,1484.551667
2023-03-30 08:00:00,3762.9790000000003,2285.3199999999997,96.368,1672.664
2023-03-30 09:00:00,3976.303,2395.531,115.90400000000002,1760.830833
2023-03-30 10:00:00,3885.522,2462.4579999999996,97.466,1782.9568330000002
2023-03-30 11:00:00,3846.222,2553.892,120.096,1818.279
2023-03-30 12:00:00,3844.3636669999996,2471.525,102.74900000000001,1853.1995
2023-03-30 13:00:00,3773.1769999999997,2374.679,84.91300000000001,1812.963
2023-03-30 14:00:00,3626.553333,2319.206,74.941,1749.8583330000001
2023-03-30 15:00:00,3512.6059999999998,2123.783,74.287,1700.574667
2023-03-30 16:00:00,3599.093,2157.484,73.999,1717.637999
2023-03-30 17:00:00,4036.58,2393.57,97.658,1852.685833
2023-03-30 18:00:00,4349.484,2626.943,103.05900000000001,1962.853
2023-03-30 19:00:00,4565.728,2761.174,124.46000000000002,2046.266
2023-03-30 20:00:00,4532.767,2812.027,123.28699999999999,2128.459
2023-03-30 21:00:00,4494.295,2839.911,119.35199999999998,2130.305333
2023-03-30 22:00:00,4313.167,2753.7380000000003,108.014,1982.006667
2023-03-30 23:00:00,3955.1009999999997,2549.4880000000003,108.945,1852.81
2023-03-31 00:00:00,3435.862,2349.3860000000004,85.907,1622.2938339999998
2023-03-31 01:00:00,3048.272333,2097.702,84.99900000000001,1436.814999
2023-03-31 02:00:00,2888.201333,1937.185,77.31,1382.2203330000002
2023-03-31 03:00:00,2807.9335,1896.051,78.32500000000002,1328.2076670000001
2023-03-31 04:00:00,2734.4865000000004,1920.249,68.189,1305.0198329999998
2023-03-31 05:00:00,2921.0405,1926.5510000000002,73.86,1341.661834
2023-03-31 06:00:00,3185.9375,2034.7649999999999,77.03399999999999,1435.291166
2023-03-31 07:00:00,3516.131,2246.041,88.032,1596.043
2023-03-31 08:00:00,3791.516,2370.754,99.552,1763.8456660000002
2023-03-31 09:00:00,3994.2585,2505.883,120.624,1848.6369999999997
2023-03-31 10:00:00,4139.041,2577.2740000000003,134.016,1807.2649999999999
2023-03-31 11:00:00,4173.619000000001,2675.228,109.01400000000001,1905.6129999999998
2023-03-31 12:00:00,4262.145,2682.643,105.431,1934.0693339999998
2023-03-31 13:00:00,4276.336,2639.5400000000004,129.72199999999998,1940.188166
2023-03-31 14:00:00,4162.239,2648.88,142.88400000000001,1898.537
2023-03-31 15:00:00,4136.916,2626.085,115.06499999999998,1945.8446669999998
2023-03-31 16:00:00,4198.739,2623.121,111.482,1985.017
2023-03-31 17:00:00,4433.012,2713.8860000000004,105.304,2054.3460010000003
2023-03-31 18:00:00,4759.469,2917.3650000000002,123.349,2220.036333
2023-03-31 19:00:00,4786.596,2972.594,155.99300000000002,2193.779334
2023-03-31 20:00:00,4790.834000000001,3056.465,145.46400000000003,2245.4103330000003
2023-03-31 21:00:00,4609.57,3009.549,137.08499999999998,2202.386
2023-03-31 22:00:00,4407.623,2910.5719999999997,119.46300000000001,2125.9184999999998
2023-03-31 23:00:00,4095.0480000000002,2734.9269999999997,125.748,1980.726333
2023-04-01 00:00:00,3606.282,2494.733,118.974,1781.153
2023-04-01 01:00:00,3246.541,2280.358,104.086,1613.370332
2023-04-01 02:00:00,3083.0166660000004,2115.8320000000003,101.93299999999999,1492.276666
2023-04-01 03:00:00,2960.4129999999996,2022.93,96.051,1393.4883340000001
2023-04-01 04:00:00,2856.840333,1957.713,90.78399999999999,1379.386667
2023-04-01 05:00:00,2914.998,1965.767,83.05299999999998,1404.050666
2023-04-01 06:00:00,3095.72,2091.337,83.078,1473.4740000000002
2023-04-01 07:00:00,3356.986,2214.308,95.87799999999999,1490.0445
2023-04-01 08:00:00,3798.085,2430.5370000000003,96.14899999999999,1644.5836669999999
2023-04-01 09:00:00,4216.116999999999,2714.9500000000003,130.50400000000002,1911.9818340000002
2023-04-01 10:00:00,4498.467,2866.2340000000004,142.79600000000002,2080.308167
2023-04-01 11:00:00,4572.761,2939.286,136.102,2061.552667
2023-04-01 12:00:00,4674.705,2854.256,154.99599999999998,2143.777499
2023-04-01 13:00:00,4561.105,2804.252,135.071,2031.5895
2023-04-01 14:00:00,4702.174,2887.716,129.65699999999998,2152.0845
2023-04-01 15:00:00,4513.8099999999995,2833.8149999999996,122.044,2137.910667
2023-04-01 16:00:00,4241.9800000000005,2654.06,121.972,2023.1460000000002
2023-04-01 17:00:00,4370.457,2756.799,119.26600000000002,2039.9189999999999
2023-04-01 18:00:00,4516.64,2765.5879999999997,118.917,1986.252332
2023-04-01 19:00:00,4536.352000000001,2786.4700000000003,126.69000000000001,2058.73
2023-04-01 20:00:00,4653.5289999999995,2976.379,133.151,2105.8424999999997
2023-04-01 21:00:00,4675.48,3022.79,129.63500000000002,2155.939832
2023-04-01 22:00:00,4598.33,2886.545,148.41000000000003,2175.2926669999997
2023-04-01 23:00:00,4240.028,2743.281,138.21099999999998,2043.0468339999998
2023-04-02 00:00:00,3799.565,2582.013,117.937,1876.577667
2023-04-02 01:00:00,3418.1899999999996,2332.6050000000005,105.504,1698.469164
2023-04-02 02:00:00,3187.903666,2185.7349999999997,94.366,1628.9075010000001
2023-04-02 03:00:00,3065.0029999999997,2087.616,89.926,1520.039667
2023-04-02 04:00:00,3012.896999,2065.998,90.29200000000002,1501.333999
2023-04-02 05:00:00,3039.7560000000003,2084.315,97.275,1495.486834
2023-04-02 06:00:00,3188.551,2124.066,93.12499999999999,1525.476
2023-04-02 07:00:00,3447.1279999999997,2269.054,106.451,1582.1236669999998
2023-04-02 08:00:00,3843.235,2508.709,126.03300000000002,1779.3310000000001
2023-04-02 09:00:00,4369.109,2739.807,125.59300000000002,1947.993665
2023-04-02 10:00:00,4610.831,2943.9359999999997,139.126,2127.005667
2023-04-02 11:00:00,4871.346,3122.563,157.44700000000003,2223.1776670000004
2023-04-02 12:00:00,5128.767,3217.665,153.358,2311.057666
2023-04-02 13:00:00,5127.277,3239.538,143.979,2310.790001
2023-04-02 14:00:00,5092.853999999999,3149.053,149.928,2364.452334
2023-04-02 15:00:00,4894.877,3083.148,125.06400000000001,2278.86
2023-04-02 16:00:00,4929.436,3033.79,145.32799999999997,2328.127332
2023-04-02 17:00:00,4942.853,3029.2850000000003,164.28699999999998,2297.3009979999997
2023-04-02 18:00:00,5203.21,3205.206,156.35999999999996,2405.532001
2023-04-02 19:00:00,5434.884,3348.198,172.11100000000002,2521.309834
2023-04-02 20:00:00,5524.282999999999,3399.3460000000005,174.342,2570.129334
2023-04-02 21:00:00,5464.997,3445.292,197.11599999999999,2604.7756679999998
2023-04-02 22:00:00,5150.684,3285.773,189.86499999999998,2440.9829999999997
2023-04-02 23:00:00,4660.811,2979.643,127.15900000000002,2219.876
2023-04-03 00:00:00,4022.095,2726.842,118.86899999999999,1922.144835
2023-04-03 01:00:00,3591.092667,2462.6940000000004,114.84800000000001,1739.8059999999998
2023-04-03 02:00:00,3361.8500000000004,2327.3379999999997,106.349,1622.558332
2023-04-03 03:00:00,3227.8420000000006,2230.403,94.38900000000001,1574.544333
2023-04-03 04:00:00,3239.2210000000005,2245.6310000000003,89.95299999999999,1578.874333
2023-04-03 05:00:00,3423.879,2287.9210000000003,91.78500000000001,1617.932333
2023-04-03 06:00:00,3768.874,2458.9179999999997,121.78500000000001,1758.845
2023-04-03 07:00:00,4272.532999999999,2751.2400000000002,131.65699999999998,2012.3320000000003
2023-04-03 08:00:00,4697.307,2958.668,134.584,2204.442
2023-04-03 09:00:00,4588.439,2951.9529999999995,142.233,2177.45
2023-04-03 10:00:00,4543.757,2853.2189999999996,143.17000000000002,2131.115
2023-04-03 11:00:00,4399.399,2837.356,124.24000000000001,2089.996334
2023-04-03 12:00:00,4431.741,2857.8770000000004,138.17699999999996,2035.467999
2023-04-03 13:00:00,4309.8099999999995,2782.011,131.016,2099.026
2023-04-03 14:00:00,4161.458,2711.458,129.881,2020.7669999999998
2023-04-03 15:00:00,4084.598,2592.827,123.952,1888.706334
2023-04-03 16:00:00,4113.8099999999995,2541.576,119.746,1858.048334
2023-04-03 17:00:00,4322.349,2708.1009999999997,109.75500000000001,1960.4861649999998
2023-04-03 18:00:00,4861.295,3035.6259999999997,119.532,2208.623667
2023-04-03 19:00:00,4878.395,3171.4300000000003,143.25499999999997,2299.2436669999997
2023-04-03 20:00:00,5170.132,3300.613,161.317,2455.2106670000003
2023-04-03 21:00:00,5087.503999999999,3300.1130000000003,157.984,2441.3426649999997
2023-04-03 22:00:00,4859.784,3116.792,155.173,2330.8796679999996
2023-04-03 23:00:00,4287.17,2972.3729999999996,133.91,2025.977668
2023-04-04 00:00:00,3710.8140000000003,2638.19,115.399,1800.062167
2023-04-04 01:00:00,3281.159333,2359.014,112.82900000000001,1652.081336
2023-04-04 02:00:00,3128.739,2222.3860000000004,93.27099999999999,1561.570332
2023-04-04 03:00:00,3011.252333,2147.058,100.843,1523.1313329999998
2023-04-04 04:00:00,3083.772333,2205.025,96.46400000000001,1524.646998
2023-04-04 05:00:00,3314.7573330000005,2202.683,97.76100000000001,1545.144334
2023-04-04 06:00:00,3669.309667,2381.0679999999998,119.77199999999999,1661.464332
2023-04-04 07:00:00,4236.445334,2697.1020000000003,115.185,1901.816333
2023-04-04 08:00:00,4491.356667,2913.638,160.71900000000002,2051.832667
2023-04-04 09:00:00,4429.501333,2908.0280000000002,182.733,2084.089334
2023-04-04 10:00:00,4402.814,2842.045,157.72299999999998,2049.018666
2023-04-04 11:00:00,4287.259334,2809.964,137.943,2007.077334
2023-04-04 12:00:00,4196.852333,2676.5249999999996,118.61100000000002,1912.3139999999999
2023-04-04 13:00:00,4134.013667,2575.1319999999996,110.418,1867.577999
2023-04-04 14:00:00,3943.080666,2498.977,114.289,1847.336667
2023-04-04 15:00:00,3724.132333,2296.2529999999997,90.83000000000001,1727.817667
2023-04-04 16:00:00,3780.6233330000005,2317.415,92.154,1683.841333
2023-04-04 17:00:00,3840.835,2370.542,93.54400000000001,1773.7343329999999
2023-04-04 18:00:00,4445.108,2721.9030000000002,111.80199999999999,2032.389
2023-04-04 19:00:00,4756.518,2985.165,131.369,2276.362
2023-04-04 20:00:00,4862.200000000001,3068.424,145.962,2299.549
2023-04-04 21:00:00,4880.368,3072.437,149.88300000000004,2303.7609979999997
2023-04-04 22:00:00,4747.557,2932.9939999999997,140.60299999999998,2288.028666
2023-04-04 23:00:00,4326.874,2719.5329999999994,113.847,2037.5249979999999
2023-04-05 00:00:00,3772.509,2484.885,105.894,1802.168333
2023-04-05 01:00:00,3341.016334,2253.638,88.77900000000001,1631.7230009999998
2023-04-05 02:00:00,3100.050667,2154.072,81.44299999999998,1508.768669
2023-04-05 03:00:00,2989.535167,2110.176,78.325,1469.684333
2023-04-05 04:00:00,3003.378,2101.2039999999997,78.19699999999997,1475.9340000000002
2023-04-05 05:00:00,3164.9390000000003,2150.257,77.545,1481.8036670000001
2023-04-05 06:00:00,3567.2015,2308.7560000000003,104.59800000000001,1622.040666
2023-04-05 07:00:00,4152.2660000000005,2686.82,132.13699999999997,1909.4353339999998
2023-04-05 08:00:00,4459.166,2910.226,141.383,2091.501333
2023-04-05 09:00:00,4355.5725,2794.687,136.943,1976.659665
2023-04-05 10:00:00,4154.0205,2633.4669999999996,112.096,1928.4696669999998
2023-04-05 11:00:00,3926.1775000000002,2517.0200000000004,110.887,1838.7243330000001
2023-04-05 12:00:00,3841.091,2527.5330000000004,106.517,1817.994334
2023-04-05 13:00:00,3844.534333,2399.5040000000004,121.738,1782.433999
2023-04-05 14:00:00,3772.2110000000002,2339.168,112.67399999999998,1735.361334
2023-04-05 15:00:00,3628.7659999999996,2283.687,106.007,1692.4546659999999
2023-04-05 16:00:00,3741.707667,2300.554,89.973,1706.525667
2023-04-05 17:00:00,4045.346,2501.26,116.69800000000001,1874.630667
2023-04-05 18:00:00,4510.969999999999,2703.13,123.45100000000001,1988.501001
2023-04-05 19:00:00,4629.599,2856.775,120.09300000000002,2106.170001
2023-04-05 20:00:00,4653.823,2950.034,115.36900000000001,2194.9179999999997
2023-04-05 21:00:00,4658.202,2902.872,145.97600000000003,2139.1876650000004
2023-04-05 22:00:00,4401.8279999999995,2835.6400000000003,137.75500000000002,2058.831333
2023-04-05 23:00:00,3960.768,2612.484,97.74699999999999,1862.3066669999998
2023-04-06 00:00:00,3467.734,2304.776,95.472,1678.039999
2023-04-06 01:00:00,3034.4849999999997,2064.3410000000003,82.59299999999999,1535.972668
2023-04-06 02:00:00,2796.412667,1926.855,81.23500000000001,1388.555002
2023-04-06 03:00:00,2698.024166,1850.1889999999999,74.458,1345.936334
2023-04-06 04:00:00,2676.7969999999996,1871.876,81.294,1287.2993330000002
2023-04-06 05:00:00,2828.2905,1887.71,82.125,1341.686334
2023-04-06 06:00:00,3153.0655,2039.875,88.75599999999999,1421.277999
2023-04-06 07:00:00,3638.4205,2301.342,96.812,1668.355001
2023-04-06 08:00:00,3949.6555,2519.282,124.158,1821.572667
2023-04-06 09:00:00,3966.101,2445.3459999999995,115.04899999999999,1836.176334
2023-04-06 10:00:00,3986.743,2384.816,119.175,1745.6215
2023-04-06 11:00:00,3836.7575,2390.017,114.72200000000001,1753.0196660000001
2023-04-06 12:00:00,3803.571,2371.691,96.05600000000001,1760.1329999999998
2023-04-06 13:00:00,3708.268,2293.883,92.77700000000002,1741.855834
2023-04-06 14:00:00,3682.040333,2304.775,94.214,1720.5409990000003
2023-04-06 15:00:00,3666.947,2294.429,90.28399999999999,1726.128665
2023-04-06 16:00:00,3758.910667,2426.817,93.03200000000001,1774.953
2023-04-06 17:00:00,4166.899,2529.577,99.58500000000001,1948.014666
2023-04-06 18:00:00,4514.022,2724.29,109.009,2079.134666
2023-04-06 19:00:00,4643.584000000001,2925.237,131.50100000000003,2170.246
2023-04-06 20:00:00,4664.214,2876.629,132.171,2124.6826650000003
2023-04-06 21:00:00,4531.451999999999,2845.0,129.811,2122.9493350000002
2023-04-06 22:00:00,4294.57,2714.775,127.31600000000002,2042.1299999999999
2023-04-06 23:00:00,3778.778,2367.685,101.49499999999999,1807.8503340000002
2023-04-07 00:00:00,3262.059,2135.782,96.98099999999998,1608.3143340000001
2023-04-07 01:00:00,2901.364,1938.249,92.729,1431.412667
2023-04-07 02:00:00,2687.288334,1768.936,92.69000000000001,1313.567
2023-04-07 03:00:00,2545.0513339999998,1721.3200000000002,75.65899999999999,1226.211667
2023-04-07 04:00:00,2503.483333,1692.781,62.538999999999994,1224.726499
2023-04-07 05:00:00,2591.401667,1716.5520000000001,65.055,1237.193167
2023-04-07 06:00:00,2951.016333,1882.882,79.67800000000001,1326.221
2023-04-07 07:00:00,3456.561667,2150.951,94.342,1537.012001
2023-04-07 08:00:00,3749.554333,2307.346,94.18,1701.011
2023-04-07 09:00:00,3752.284,2346.457,109.211,1746.937334
2023-04-07 10:00:00,3659.919666,2270.825,105.428,1727.373667
2023-04-07 11:00:00,3636.4579999999996,2206.057,85.17999999999999,1680.488667
2023-04-07 12:00:00,3726.139,2141.9889999999996,87.80499999999999,1668.229333
2023-04-07 13:00:00,3836.285,2246.912,95.748,1666.246333
2023-04-07 14:00:00,3769.687,2251.434,98.021,1679.066
2023-04-07 15:00:00,3555.124,2110.583,88.88199999999999,1623.9405000000002
2023-04-07 16:00:00,3596.59,2171.041,81.27499999999999,1647.0149999999999
2023-04-07 17:00:00,3871.523333,2282.6710000000003,91.05099999999999,1703.7289999999998
2023-04-07 18:00:00,4032.013667,2426.956,74.74900000000001,1733.2716659999999
2023-04-07 19:00:00,4122.513999999999,2551.746,84.68100000000001,1865.364667
2023-04-07 20:00:00,4161.258667,2576.045,109.43599999999999,1929.921666
2023-04-07 21:00:00,4209.659,2679.947,116.26999999999998,1926.5769999999998
2023-04-07 22:00:00,4246.685333,2578.9979999999996,141.711,1910.250667
2023-04-07 23:00:00,3930.438333,2457.9970000000003,117.38799999999999,1790.9953340000002
2023-04-08 00:00:00,3513.5,2262.7,98.284,1666.538
2023-04-08 01:00:00,3075.088,2050.6989999999996,86.97399999999998,1529.235666
2023-04-08 02:00:00,2865.132666,1916.453,74.94500000000001,1387.568167
2023-04-08 03:00:00,2661.915,1835.08,74.706,1342.9255000000003
2023-04-08 04:00:00,2640.4010000000003,1789.54,67.406,1308.965334
2023-04-08 05:00:00,2655.293,1792.2330000000002,75.839,1318.7451660000002
2023-04-08 06:00:00,2855.042,1880.0079999999998,72.412,1344.853333
2023-04-08 07:00:00,3124.9970000000003,2019.385,75.07300000000001,1424.0606659999999
2023-04-08 08:00:00,3528.932,2230.819,102.623,1555.745
2023-04-08 09:00:00,3970.934,2406.3329999999996,106.442,1770.723334
2023-04-08 10:00:00,4225.383,2521.7790000000005,121.52799999999999,1891.252665
2023-04-08 11:00:00,4272.978,2595.4269999999997,104.59700000000001,1911.923667
2023-04-08 12:00:00,4307.545,2544.3469999999998,96.476,1937.867667
2023-04-08 13:00:00,4204.536,2480.173,104.476,1910.6590009999998
2023-04-08 14:00:00,4073.86,2466.7969999999996,114.749,1902.493
2023-04-08 15:00:00,3921.981,2426.466,101.556,1823.245
2023-04-08 16:00:00,3946.197,2375.5209999999997,103.43799999999997,1820.896
2023-04-08 17:00:00,4154.477,2390.566,91.973,1772.933
2023-04-08 18:00:00,4261.084999999999,2490.355,112.46499999999999,1858.5346670000001
2023-04-08 19:00:00,4360.674,2520.487,112.17599999999999,1908.647
2023-04-08 20:00:00,4317.335,2561.8399999999997,105.13099999999999,1879.268
2023-04-08 21:00:00,4215.657,2586.553,101.97099999999999,1899.7709989999998
2023-04-08 22:00:00,4073.005,2493.441,87.55699999999997,1790.8199989999998
2023-04-08 23:00:00,3652.2230000000004,2302.608,113.61500000000001,1740.980667
2023-04-09 00:00:00,3231.0420000000004,2060.489,84.582,1540.111002
2023-04-09 01:00:00,2888.431,1851.0349999999999,76.84100000000001,1413.282667
2023-04-09 02:00:00,2655.639666,1766.8139999999999,68.345,1288.5246659999998
2023-04-09 03:00:00,2550.4449999999997,1643.111,56.523999999999994,1185.579001
2023-04-09 04:00:00,2449.533,1579.089,65.42699999999999,1176.346999
2023-04-09 05:00:00,2443.619,1582.375,60.408,1171.504333
2023-04-09 06:00:00,2575.28,1613.6619999999998,62.629,1209.087333
2023-04-09 07:00:00,2878.336,1792.879,75.29199999999999,1307.333999
2023-04-09 08:00:00,3335.353,1993.505,84.193,1508.2176670000001
2023-04-09 09:00:00,3899.9750000000004,2328.8469999999998,100.09599999999999,1698.174667
2023-04-09 10:00:00,4153.344,2551.1589999999997,111.519,1827.365334
2023-04-09 11:00:00,4370.162,2653.7419999999997,116.097,1903.288332
2023-04-09 12:00:00,4429.296666,2685.1580000000004,126.62,1983.9428319999997
2023-04-09 13:00:00,4481.221,2710.042,115.66,1985.474999
2023-04-09 14:00:00,4506.463334,2601.7889999999998,119.361,1944.8421669999998
2023-04-09 15:00:00,4446.735,2633.858,116.47600000000001,1962.7189989999997
2023-04-09 16:00:00,4346.476000000001,2639.76,122.319,1943.0226659999998
2023-04-09 17:00:00,4355.237999999999,2737.536,121.60000000000002,2076.847
2023-04-09 18:00:00,4491.057,2697.6440000000002,115.34299999999999,2103.900333
2023-04-09 19:00:00,4422.419,2680.939,101.735,2158.289335
2023-04-09 20:00:00,4509.25,2765.2709999999997,131.779,2142.354
2023-04-09 21:00:00,4446.887,2613.7160000000003,142.703,2059.9280009999998
2023-04-09 22:00:00,4199.235000000001,2501.216,126.84599999999999,1890.135167
2023-04-09 23:00:00,3741.8070000000002,2213.2929999999997,88.15,1673.2299990000001
2023-04-10 00:00:00,3169.724,2009.574,74.45899999999999,1506.648166
2023-04-10 01:00:00,2763.893334,1758.8380000000002,70.309,1343.567334
2023-04-10 02:00:00,2527.1800000000003,1659.8809999999999,66.069,1222.5913320000002
2023-04-10 03:00:00,2473.507,1565.223,58.477999999999994,1160.939668
2023-04-10 04:00:00,2435.268,1571.196,61.795,1148.388333
2023-04-10 05:00:00,2522.094,1635.6820000000002,61.54700000000001,1143.2453329999998
2023-04-10 06:00:00,2890.214666,1738.522,78.064,1265.519668
2023-04-10 07:00:00,3283.883,1914.933,84.859,1467.4530009999999
2023-04-10 08:00:00,3578.255,2107.849,73.945,1635.089332
2023-04-10 09:00:00,3796.134,2210.5460000000003,81.18399999999998,1649.5643320000001
2023-04-10 10:00:00,3768.2309999999998,2308.846,93.75099999999999,1707.5956660000002
2023-04-10 11:00:00,3854.6569999999997,2348.565,106.44299999999998,1751.047663
2023-04-10 12:00:00,3963.159333,2419.0910000000003,96.731,1788.620665
2023-04-10 13:00:00,4011.5246669999997,2443.824,105.82400000000001,1822.5169979999998
2023-04-10 14:00:00,3964.6620000000003,2407.631667,112.428,1803.772667
2023-04-10 15:00:00,3966.3663330000004,2446.601,112.481,1790.015002
2023-04-10 16:00:00,4034.489,2453.492,89.10500000000002,1792.170334
2023-04-10 17:00:00,4329.821,2559.181668,96.435,1932.0433329999998
2023-04-10 18:00:00,4663.716,2758.523001,126.68799999999999,2145.1209989999998
2023-04-10 19:00:00,5004.855,2944.2470009999997,128.939,2258.476999
2023-04-10 20:00:00,4985.156000000001,2934.704334,137.31500000000003,2291.0136650000004
2023-04-10 21:00:00,4802.379,3036.719666,145.60500000000002,2313.446
2023-04-10 22:00:00,4517.682000000001,2853.407666,129.051,2221.4273329999996
2023-04-10 23:00:00,4026.773,2648.169668,127.367,1958.187
2023-04-11 00:00:00,3448.072,2396.929999,96.848,1724.670167
2023-04-11 01:00:00,3126.101333,2175.478666,82.195,1515.643669
2023-04-11 02:00:00,2900.122333,2023.2513330000002,75.81599999999999,1389.437334
2023-04-11 03:00:00,2768.104666,1886.652,72.058,1373.243001
2023-04-11 04:00:00,2714.159,1838.5100000000002,74.156,1344.922332
2023-04-11 05:00:00,2933.633167,1932.1419999999998,84.85900000000001,1378.2416660000001
2023-04-11 06:00:00,3259.526667,2134.591,93.856,1478.179667
2023-04-11 07:00:00,3789.1821640000003,2425.4080000000004,119.12999999999998,1752.78
2023-04-11 08:00:00,4192.782831,2617.842333,123.435,1908.840334
2023-04-11 09:00:00,4147.949168,2519.252334,136.26600000000002,1950.2264999999998
2023-04-11 10:00:00,4048.788003,2485.0366670000003,120.571,1891.4518329999999
2023-04-11 11:00:00,3915.723333,2559.6083329999997,110.656,1876.6345000000001
2023-04-11 12:00:00,3980.8863329999995,2510.174,116.389,1836.165333
2023-04-11 13:00:00,3852.175333,2394.8549999999996,119.53099999999999,1805.3456660000002
2023-04-11 14:00:00,3771.240667,2354.179,111.22699999999999,1658.273833
2023-04-11 15:00:00,3696.950667,2235.463667,84.832,1677.9623339999998
2023-04-11 16:00:00,3736.7259999999997,2160.819,97.88699999999999,1690.6043329999998
2023-04-11 17:00:00,4117.043667,2302.5473330000004,91.11,1735.028333
2023-04-11 18:00:00,4301.029333,2475.831667,91.95500000000001,1836.2583339999999
2023-04-11 19:00:00,4522.935,2690.123,121.677,2009.1949989999998
2023-04-11 20:00:00,4660.424333,2855.277667,115.75300000000001,2114.686334
2023-04-11 21:00:00,4828.009666999999,2986.483667,128.44799999999998,2228.547333
2023-04-11 22:00:00,4625.857667,2910.315667,144.40199999999996,2073.347666
2023-04-11 23:00:00,4116.011667,2553.144,114.61300000000001,1932.797
2023-04-12 00:00:00,3548.544333,2299.451,113.11899999999999,1741.028333
2023-04-12 01:00:00,3107.437667,2094.466,98.41600000000001,1529.577001
2023-04-12 02:00:00,2910.1076669999998,1936.435333,82.547,1461.118
2023-04-12 03:00:00,2820.217667,1891.897667,75.793,1413.481
2023-04-12 04:00:00,2820.617666,1884.676333,79.525,1397.087001
2023-04-12 05:00:00,3082.976666,2012.1369999999997,88.531,1447.810666
2023-04-12 06:00:00,3426.076,2212.1369999999997,111.38399999999999,1590.328999
2023-04-12 07:00:00,3985.1089999999995,2504.805667,112.234,1790.381333
2023-04-12 08:00:00,4382.0,2657.048667,123.38999999999999,1972.3449999999998
2023-04-12 09:00:00,4312.867,2704.878333,132.51799999999997,1968.0309990000003
2023-04-12 10:00:00,4215.352,2646.915666,128.94400000000002,1959.181999
2023-04-12 11:00:00,4169.246499999999,2746.116,147.776,1917.0810000000001
2023-04-12 12:00:00,4178.2215,2716.045,117.66899999999998,1889.954335
2023-04-12 13:00:00,4078.665333,2627.572,114.791,1862.578
2023-04-12 14:00:00,3917.239667,2519.548,115.325,1814.7913330000001
2023-04-12 15:00:00,3835.3050000000003,2397.444,117.95500000000001,1760.777333
2023-04-12 16:00:00,3753.563,2331.312,96.967,1788.8170010000001
2023-04-12 17:00:00,4008.964,2498.613,100.437,1879.166667
2023-04-12 18:00:00,4260.7919999999995,2545.335,96.33799999999998,2008.342333
2023-04-12 19:00:00,4401.697,2650.526,116.336,2081.051669
2023-04-12 20:00:00,4571.566000000001,2858.303,125.735,2150.59
2023-04-12 21:00:00,4815.543,2979.1389999999997,148.97600000000003,2227.787665
2023-04-12 22:00:00,4593.869,2777.6140000000005,137.58999999999997,2100.150666
2023-04-12 23:00:00,4146.4130000000005,2571.434,121.77600000000001,1921.8853330000002
2023-04-13 00:00:00,3636.87,2333.224,111.05099999999999,1734.279332
2023-04-13 01:00:00,3272.9310000000005,2141.2470000000003,95.01400000000002,1627.023667
2023-04-13 02:00:00,3076.238667,2089.608,82.242,1513.455
2023-04-13 03:00:00,2969.7646659999996,2005.331,78.43,1494.9836679999999
2023-04-13 04:00:00,2994.596,2034.449,83.92399999999999,1512.8326659999998
2023-04-13 05:00:00,3172.9289999999996,2100.875,88.791,1548.5643329999998
2023-04-13 06:00:00,3504.0910000000003,2297.959,106.26699999999998,1639.3286659999999
2023-04-13 07:00:00,4001.566,2598.281,154.004,1894.462668
2023-04-13 08:00:00,4356.977999999999,2771.995,141.29799999999997,2020.857668
2023-04-13 09:00:00,4296.605,2661.598,113.78999999999999,2058.4730010000003
2023-04-13 10:00:00,4080.174,2581.9399999999996,95.374,1933.6146669999998
2023-04-13 11:00:00,3958.8315000000002,2533.081999,104.81000000000002,1841.329666
2023-04-13 12:00:00,3788.155667,2419.558665,89.861,1730.15
2023-04-13 13:00:00,3747.616,2275.1349999999998,97.06900000000002,1652.443667
2023-04-13 14:00:00,3587.7690000000002,2225.072,97.389,1610.182
2023-04-13 15:00:00,3394.531,2093.712,91.195,1586.308
2023-04-13 16:00:00,3442.421,2073.906,76.86999999999999,1571.952
2023-04-13 17:00:00,3629.5060000000003,2157.6796670000003,72.83399999999999,1640.6840000000002
2023-04-13 18:00:00,3929.3590000000004,2295.318333,83.97800000000001,1743.743333
2023-04-13 19:00:00,4092.883,2504.4576669999997,111.339,1848.691334
2023-04-13 20:00:00,4328.155000000001,2566.614,117.59800000000001,1973.435001
2023-04-13 21:00:00,4367.635,2701.781,117.079,2036.541834
2023-04-13 22:00:00,4209.624000000001,2604.108,113.93,1967.3408330000002
2023-04-13 23:00:00,3804.723,2444.5393329999997,104.94999999999999,1829.291999
2023-04-14 00:00:00,3275.744,2157.315,99.46600000000001,1603.912333
2023-04-14 01:00:00,2928.6806669999996,1960.296,81.07500000000002,1468.696667
2023-04-14 02:00:00,2779.9176669999997,1822.02,63.093,1352.386001
2023-04-14 03:00:00,2752.744667,1784.138,66.455,1339.3046669999999
2023-04-14 04:00:00,2689.3329999999996,1817.078,72.38699999999999,1329.762333
2023-04-14 05:00:00,2870.4080000000004,1869.9540000000002,74.25800000000001,1420.907667
2023-04-14 06:00:00,3254.2389999999996,2099.366,90.431,1541.8976670000002
2023-04-14 07:00:00,3724.886,2407.243,119.378,1803.946667
2023-04-14 08:00:00,4141.201999999999,2569.796,122.12100000000001,1946.659833
2023-04-14 09:00:00,4150.129,2523.076,115.023,1894.755666
2023-04-14 10:00:00,4035.715,2359.697,104.406,1745.397001
2023-04-14 11:00:00,3824.799,2222.824667,101.66199999999999,1657.205999
2023-04-14 12:00:00,3721.97,2138.787667,98.732,1579.196667
2023-04-14 13:00:00,3598.5060000000003,2053.696,80.096,1535.632333
2023-04-14 14:00:00,3375.588667,1967.451333,63.894999999999996,1439.999
2023-04-14 15:00:00,3289.963001,1896.070666,68.96,1376.43
2023-04-14 16:00:00,3168.641332,1849.914667,84.157,1416.656
2023-04-14 17:00:00,3441.504,1868.768001,79.40500000000002,1504.3809999999999
2023-04-14 18:00:00,3709.625,2059.688667,73.453,1544.4940000000001
2023-04-14 19:00:00,3691.1639999999998,2153.8993330000003,82.372,1650.84
2023-04-14 20:00:00,3820.373,2179.222667,82.907,1691.453
2023-04-14 21:00:00,3879.567,2276.4616669999996,99.93400000000001,1797.4589999999998
2023-04-14 22:00:00,3812.8590000000004,2269.379667,86.725,1734.778
2023-04-14 23:00:00,3464.099,2149.972333,82.259,1550.148
2023-04-15 00:00:00,3106.795,2013.339667,88.444,1499.395166
2023-04-15 01:00:00,2769.2970000000005,1839.635,71.272,1390.0871670000001
2023-04-15 02:00:00,2593.4051660000005,1737.453667,68.036,1286.2676669999998
2023-04-15 03:00:00,2539.588,1658.3470000000002,62.472,1231.273667
2023-04-15 04:00:00,2516.082833,1663.258667,56.915000000000006,1234.9390010000002
2023-04-15 05:00:00,2548.59,1739.9660000000001,70.05300000000001,1319.082999
2023-04-15 06:00:00,2799.236,1866.985667,72.358,1355.578666
2023-04-15 07:00:00,3171.752,2029.607333,94.854,1510.5379990000001
2023-04-15 08:00:00,3599.708,2223.154,94.839,1685.881667
2023-04-15 09:00:00,3924.3900000000003,2435.343333,104.68799999999999,1787.428
2023-04-15 10:00:00,4098.125,2521.251333,92.68799999999999,1901.07
2023-04-15 11:00:00,4068.945667,2522.727333,104.875,1866.442
2023-04-15 12:00:00,4029.509667,2544.783667,110.24400000000001,1938.4115000000002
2023-04-15 13:00:00,4021.235333,2434.208667,97.28599999999999,1855.7585
2023-04-15 14:00:00,3895.824,2365.740333,100.71000000000001,1780.7465000000002
2023-04-15 15:00:00,3748.0919999999996,2285.135333,87.413,1707.92
2023-04-15 16:00:00,3757.6980000000003,2234.439,93.12299999999999,1633.5230000000001
2023-04-15 17:00:00,3777.64,2222.612,86.99599999999998,1692.5376660000002
2023-04-15 18:00:00,3876.947,2281.433,91.40899999999999,1701.466667
2023-04-15 19:00:00,3878.672,2351.5769999999998,85.45000000000002,1766.535667
2023-04-15 20:00:00,3912.415,2351.448,95.48,1767.7516660000001
2023-04-15 21:00:00,3979.302,2361.854,93.59400000000001,1774.562167
2023-04-15 22:00:00,3941.772,2314.377,109.70400000000001,1712.476501
2023-04-15 23:00:00,3574.727,2180.487,98.387,1653.023666
2023-04-16 00:00:00,3154.1540000000005,1996.6470000000002,91.92799999999998,1526.826001
2023-04-16 01:00:00,2871.8379999999997,1789.902,78.62199999999999,1349.08
2023-04-16 02:00:00,2620.360666,1626.736667,71.84400000000001,1222.030666
2023-04-16 03:00:00,2483.543333,1582.2856669999999,64.35,1156.1183310000001
2023-04-16 04:00:00,2447.7200000000003,1566.890333,65.24700000000001,1149.1566670000002
2023-04-16 05:00:00,2496.023,1573.274667,58.333,1131.815666
2023-04-16 06:00:00,2572.7750000000005,1636.5716670000002,66.832,1171.224999
2023-04-16 07:00:00,2820.058,1802.0593330000002,79.12099999999998,1255.6480000000001
2023-04-16 08:00:00,3229.4790009999997,1965.226,87.384,1477.619
2023-04-16 09:00:00,3678.822,2265.270667,97.628,1612.6223329999998
2023-04-16 10:00:00,4100.678667,2430.8729999999996,104.977,1827.585667
2023-04-16 11:00:00,4295.451999999999,2582.2129999999997,137.799,1895.2013319999999
2023-04-16 12:00:00,4572.49,2754.4300000000003,111.104,1994.954
2023-04-16 13:00:00,4540.383,2793.287,118.401,2010.8890000000001
2023-04-16 14:00:00,4430.99,2684.9429999999998,113.06,2080.017666
2023-04-16 15:00:00,4436.379000000001,2582.4449999999997,117.509,2051.462
2023-04-16 16:00:00,4341.907999999999,2574.168,107.96500000000002,2032.585
2023-04-16 17:00:00,4529.692999999999,2645.566,123.195,2030.1350000000002
2023-04-16 18:00:00,4643.317999999999,2765.714,131.01000000000002,2071.454
2023-04-16 19:00:00,4676.994000000001,2803.661,132.797,2084.128
2023-04-16 20:00:00,4710.507,2908.2819999999997,139.575,2197.017667
2023-04-16 21:00:00,4767.284,3009.2819999999997,138.17600000000002,2188.779334
2023-04-16 22:00:00,4526.613,2885.408,133.778,2149.062333
2023-04-16 23:00:00,4099.454334,2604.7129999999997,130.729,1938.5543329999998
2023-04-17 00:00:00,3472.2386659999997,2287.428,107.316,1659.1053339999999
2023-04-17 01:00:00,3033.818333,2097.314,89.54899999999999,1489.1733320000003
2023-04-17 02:00:00,2805.497,1912.208,78.70700000000001,1364.3729990000002
2023-04-17 03:00:00,2731.53,1897.455,75.10499999999999,1294.384666
2023-04-17 04:00:00,2728.3553330000004,1871.618,77.762,1282.7043350000001
2023-04-17 05:00:00,2903.804,1915.481,81.363,1332.502
2023-04-17 06:00:00,3280.578,2076.795,97.42399999999999,1449.5083329999998
2023-04-17 07:00:00,3768.3720000000003,2339.7200000000003,111.00600000000003,1718.052334
2023-04-17 08:00:00,4057.736,2523.2619999999997,124.50999999999999,1850.897334
2023-04-17 09:00:00,4025.7159999999994,2392.6679999999997,107.689,1834.050666
2023-04-17 10:00:00,3815.028667,2298.974333,90.794,1706.456
2023-04-17 11:00:00,3917.817667,2368.758,102.02900000000001,1679.6689999999999
2023-04-17 12:00:00,3981.909,2444.695333,133.47600000000003,1749.9009999999998
2023-04-17 13:00:00,3951.5916669999997,2478.122,126.37400000000001,1767.451
2023-04-17 14:00:00,3988.5499999999997,2471.3456669999996,101.924,1799.944
2023-04-17 15:00:00,3879.996333,2433.0389999999998,102.38,1790.672
2023-04-17 16:00:00,3847.408,2458.752333,96.57,1787.666
2023-04-17 17:00:00,4189.9259999999995,2484.945,94.23199999999999,1885.6979999999999
2023-04-17 18:00:00,4759.353333,2849.4139999999998,124.78799999999998,2115.352
2023-04-17 19:00:00,4952.2263330000005,3088.844,136.868,2226.338
2023-04-17 20:00:00,4875.3856670000005,2997.817,135.42800000000003,2220.528
2023-04-17 21:00:00,4870.843,3106.306,153.246,2357.2515000000003
2023-04-17 22:00:00,4672.402,3021.931,142.327,2229.223
2023-04-17 23:00:00,4198.486,2812.536,112.364,2001.286
2023-04-18 00:00:00,3702.2169999999996,2509.4230000000002,107.869,1772.174
2023-04-18 01:00:00,3258.442,2249.8,96.34100000000001,1637.963
2023-04-18 02:00:00,3024.616,2131.665,87.41300000000001,1488.2256670000002
2023-04-18 03:00:00,2997.691333,2075.491,78.623,1443.7103339999999
2023-04-18 04:00:00,2957.750666,2051.154,83.726,1433.735333
2023-04-18 05:00:00,3134.1425,2074.883,85.958,1477.5753329999998
2023-04-18 06:00:00,3522.053,2269.267667,105.94999999999999,1575.159334
2023-04-18 07:00:00,4046.3435,2587.8286669999998,134.17199999999997,1814.164
2023-04-18 08:00:00,4414.4445,2799.804,129.426,2008.27
2023-04-18 09:00:00,4224.7685,2691.173667,106.597,1998.9879999999998
2023-04-18 10:00:00,4046.1614999999997,2623.062333,115.16100000000002,1866.2273329999998
2023-04-18 11:00:00,3987.0253330000005,2544.929333,107.67900000000002,1840.3410000000001
2023-04-18 12:00:00,3994.393,2463.814667,117.10900000000001,1834.975833
2023-04-18 13:00:00,3913.346333,2423.165,97.699,1799.6338329999999
2023-04-18 14:00:00,3919.719,2370.132,104.52199999999999,1749.771666
2023-04-18 15:00:00,3802.697,2348.036,92.563,1763.3236670000001
2023-04-18 16:00:00,3846.764,2369.174,102.639,1740.6093329999999
2023-04-18 17:00:00,4097.955,2542.7659999999996,102.66299999999998,1902.412667
2023-04-18 18:00:00,4494.916,2723.3439999999996,128.981,2029.0090000000002
2023-04-18 19:00:00,4825.543,2989.339,143.32899999999998,2256.010333
2023-04-18 20:00:00,4968.864,3102.707,155.33100000000002,2312.342334
2023-04-18 21:00:00,4819.98,3122.557,129.917,2351.776667
2023-04-18 22:00:00,4651.529,2924.386,141.87099999999998,2239.030667
2023-04-18 23:00:00,4139.771,2660.8240000000005,133.194,1992.522167
2023-04-19 00:00:00,3626.828,2431.864,119.70400000000001,1755.7053329999999
2023-04-19 01:00:00,3192.364,2187.648,100.14800000000001,1562.969834
2023-04-19 02:00:00,3029.248,2027.063,92.01899999999999,1446.604167
2023-04-19 03:00:00,2911.261,1966.0510000000002,85.123,1429.8175
2023-04-19 04:00:00,2946.2839999999997,1996.824,84.37799999999999,1438.833
2023-04-19 05:00:00,3078.46,2045.5720000000001,83.81099999999999,1489.917
2023-04-19 06:00:00,3442.5829999999996,2216.576,111.37400000000002,1587.289
2023-04-19 07:00:00,3982.169,2526.8399999999997,121.092,1784.018
2023-04-19 08:00:00,4186.918,2712.811667,121.818,1988.4669999999999
2023-04-19 09:00:00,4180.517,2661.2120000000004,127.99499999999998,1973.916
2023-04-19 10:00:00,4112.621,2658.063333,115.668,1920.3890000000001
2023-04-19 11:00:00,4053.008,2658.424666,110.34,1863.8870000000002
2023-04-19 12:00:00,4015.969,2614.8236670000006,123.45200000000001,1846.051
2023-04-19 13:00:00,3991.038,2483.267667,119.419,1764.3899999999999
2023-04-19 14:00:00,3985.650667,2515.931333,117.234,1769.8449999999998
2023-04-19 15:00:00,3836.799667,2409.498,101.977,1739.424
2023-04-19 16:00:00,3860.1130000000003,2428.666667,101.76599999999999,1758.8890000000001
2023-04-19 17:00:00,4019.9779999999996,2556.468,105.926,1875.521667
2023-04-19 18:00:00,4357.635,2647.803,94.33999999999999,1991.3170000000002
2023-04-19 19:00:00,4577.214,2869.12,125.11000000000001,2125.118
2023-04-19 20:00:00,4718.147,2951.573,148.32,2220.834
2023-04-19 21:00:00,4732.733,2964.423,134.108,2221.5789999999997
2023-04-19 22:00:00,4567.94,2969.374,127.82000000000001,2160.820333
2023-04-19 23:00:00,4193.599999999999,2766.325,105.94800000000002,1947.929
2023-04-20 00:00:00,3631.059,2512.7480000000005,101.76599999999999,1725.287502
2023-04-20 01:00:00,3204.625,2269.665,88.449,1581.973999
2023-04-20 02:00:00,2998.313,2100.878667,92.07400000000001,1471.66
2023-04-20 03:00:00,2953.161,2041.079,88.013,1486.3369980000002
2023-04-20 04:00:00,2973.9350000000004,2090.919,78.133,1469.202334
2023-04-20 05:00:00,3189.3540000000003,2169.4623330000004,88.181,1545.6693329999998
2023-04-20 06:00:00,3556.259,2400.745,111.893,1679.571668
2023-04-20 07:00:00,4186.91,2704.0060000000003,138.38199999999998,1904.544999
2023-04-20 08:00:00,4445.32,2866.552667,146.63699999999997,2100.032333
2023-04-20 09:00:00,4277.408,2766.781,129.66799999999998,2047.262666
2023-04-20 10:00:00,4243.004000000001,2723.457,136.012,1970.4826659999999
2023-04-20 11:00:00,4106.313,2712.38,111.25200000000001,1970.437
2023-04-20 12:00:00,3993.367667,2635.617,112.32300000000002,1966.083666
2023-04-20 13:00:00,4085.2129999999997,2597.822,117.58899999999998,1941.044335
2023-04-20 14:00:00,4063.7083329999996,2627.914,110.12700000000001,1876.117001
2023-04-20 15:00:00,4048.054,2576.075,107.924,1938.4269989999998
2023-04-20 16:00:00,4139.379333,2676.203,111.39,1994.634333
2023-04-20 17:00:00,4501.2173330000005,2772.505,112.009,2173.517334
2023-04-20 18:00:00,4808.298,3021.871,135.36499999999998,2223.8513350000003
2023-04-20 19:00:00,4919.335999999999,3216.684,148.43200000000002,2309.4536669999998
2023-04-20 20:00:00,4973.493,3110.317,150.484,2260.0666659999997
2023-04-20 21:00:00,4857.35,3076.371,145.663,2259.620166
2023-04-20 22:00:00,4641.507,2944.272,150.343,2216.0420000000004
2023-04-20 23:00:00,4117.200000000001,2632.8383329999997,123.94200000000001,1931.293334
2023-04-21 00:00:00,3483.628,2385.391,109.509,1764.413665
2023-04-21 01:00:00,3051.9120000000003,2137.932,94.803,1587.4439989999998
2023-04-21 02:00:00,2827.081,1980.865,90.26700000000001,1475.8533320000001
2023-04-21 03:00:00,2695.454,1915.205,84.50699999999999,1379.8740000000003
2023-04-21 04:00:00,2613.259,1868.542667,77.369,1348.9225000000001
2023-04-21 05:00:00,2776.8379999999997,1928.807667,77.47699999999999,1374.439334
2023-04-21 06:00:00,3151.5966670000003,2101.224,87.45500000000001,1497.490667
2023-04-21 07:00:00,3629.841,2353.54,82.59399999999998,1694.163666
2023-04-21 08:00:00,3938.696998,2485.964,123.631,1796.6673329999999
2023-04-21 09:00:00,3859.582,2455.93,123.711,1770.618668
2023-04-21 10:00:00,3693.034667,2366.196,106.58,1747.939001
2023-04-21 11:00:00,3667.975333,2269.397667,109.365,1709.817
2023-04-21 12:00:00,3616.331,2209.998667,92.317,1671.2889999999998
2023-04-21 13:00:00,3581.615,2198.422,72.923,1589.61
2023-04-21 14:00:00,3444.931333,2092.154333,68.988,1536.884
2023-04-21 15:00:00,3439.950333,1996.892333,66.80099999999999,1543.337
2023-04-21 16:00:00,3490.286333,2091.9573330000003,71.288,1600.819
2023-04-21 17:00:00,3734.4083330000003,2215.982,81.616,1659.7363329999998
2023-04-21 18:00:00,4008.791333,2344.0559999999996,83.568,1793.6550000000002
2023-04-21 19:00:00,3989.159,2423.737,105.782,1807.613667
2023-04-21 20:00:00,4025.852,2381.858,103.31800000000001,1841.3276660000001
2023-04-21 21:00:00,3984.028,2451.516,108.25600000000001,1898.7669999999998
2023-04-21 22:00:00,3789.689,2411.64,109.99,1831.023665
2023-04-21 23:00:00,3560.085,2201.4390000000003,98.02499999999999,1681.6770000000001
2023-04-22 00:00:00,3234.7799999999997,2012.3700000000001,81.71000000000001,1526.476999
2023-04-22 01:00:00,2861.822,1886.35,78.71199999999999,1384.851
2023-04-22 02:00:00,2629.2835,1688.243,69.13200000000002,1263.0330020000001
2023-04-22 03:00:00,2466.683,1580.979,63.468999999999994,1181.6316660000002
2023-04-22 04:00:00,2393.494,1526.5720000000001,60.68299999999999,1170.873001
2023-04-22 05:00:00,2420.590666,1579.423,56.413999999999994,1155.352667
2023-04-22 06:00:00,2601.5860000000002,1668.334,62.166999999999994,1191.0621649999998
2023-04-22 07:00:00,2842.365667,1739.478,73.80499999999999,1283.8623320000002
2023-04-22 08:00:00,3219.892,2017.1299999999999,73.358,1439.589
2023-04-22 09:00:00,3626.4203340000004,2242.406,94.622,1662.303668
2023-04-22 10:00:00,3825.750334,2373.588667,98.95900000000002,1774.862
2023-04-22 11:00:00,3869.552334,2428.742333,99.291,1809.9250009999998
2023-04-22 12:00:00,3914.578,2338.434333,93.55199999999999,1767.7263309999998
2023-04-22 13:00:00,3747.525,2227.2876669999996,82.91300000000003,1641.4623339999998
2023-04-22 14:00:00,3637.092,2116.927,69.861,1555.599333
2023-04-22 15:00:00,3421.841,2002.944333,72.295,1523.075
2023-04-22 16:00:00,3423.0699999999997,1972.590333,76.83,1499.4736670000002
2023-04-22 17:00:00,3528.3630000000003,1963.816333,96.07300000000001,1484.812332
2023-04-22 18:00:00,3678.5150000000003,2001.779667,91.236,1551.5223340000002
2023-04-22 19:00:00,3732.5829999999996,2023.799,85.20699999999998,1616.044332
2023-04-22 20:00:00,3699.1110000000003,2108.318,84.666,1583.359667
2023-04-22 21:00:00,3700.396,2129.569,72.346,1613.711668
2023-04-22 22:00:00,3504.4629999999997,2033.786,76.52400000000002,1587.3633340000001
2023-04-22 23:00:00,3242.3073329999997,1857.077,84.33699999999999,1442.869333
2023-04-23 00:00:00,2840.117,1693.742,73.684,1308.809334
2023-04-23 01:00:00,2531.897333,1505.942,54.015,1117.318335
2023-04-23 02:00:00,2250.605,1351.2689999999998,51.765,1037.108
2023-04-23 03:00:00,2077.784,1285.8490000000002,47.032000000000004,940.4713320000001
2023-04-23 04:00:00,1982.4896669999998,1247.9409999999998,43.19000000000001,912.0269979999999
2023-04-23 05:00:00,1988.5576660000002,1226.563,42.043000000000006,915.409001
2023-04-23 06:00:00,2082.156667,1284.908,48.651,947.7186649999999
2023-04-23 07:00:00,2317.574333,1426.219,47.863,1022.3039980000001
2023-04-23 08:00:00,2757.933,1610.163,56.590999999999994,1198.909
2023-04-23 09:00:00,3326.8329999999996,1876.558,72.16199999999999,1450.377334
2023-04-23 10:00:00,3693.7219999999998,2147.9,78.18799999999999,1625.1779999999999
2023-04-23 11:00:00,3893.364,2392.772,91.77199999999999,1665.7036659999999
2023-04-23 12:00:00,4056.951,2461.284,96.487,1795.006667
2023-04-23 13:00:00,4086.6940000000004,2508.437,99.174,1827.9520000000002
2023-04-23 14:00:00,4100.9,2423.745,93.56599999999999,1828.052
2023-04-23 15:00:00,3961.05,2421.398,87.751,1876.0459999999998
2023-04-23 16:00:00,3976.236,2382.1,81.12800000000001,1899.386
2023-04-23 17:00:00,4144.609,2435.571,88.79299999999999,1885.794
2023-04-23 18:00:00,4420.542665999999,2601.3419999999996,88.841,2025.362
2023-04-23 19:00:00,4533.351,2622.438,112.473,2172.483
2023-04-23 20:00:00,4594.075,2644.2960000000003,131.21999999999997,2123.917
2023-04-23 21:00:00,4554.716,2700.349,129.184,2055.908332
2023-04-23 22:00:00,4241.855,2529.864,125.094,1968.4285
2023-04-23 23:00:00,3714.867,2296.094,102.711,1813.5766680000002
2023-04-24 00:00:00,3217.552,2071.098,86.207,1591.815333
2023-04-24 01:00:00,2842.5119999999997,1829.089,65.929,1384.795167
2023-04-24 02:00:00,2543.554,1676.906,69.377,1255.4076670000002
2023-04-24 03:00:00,2475.648,1601.1309999999999,62.412,1181.5845
2023-04-24 04:00:00,2428.127,1599.181,63.012,1154.63
2023-04-24 05:00:00,2538.6059999999998,1652.621,57.933,1194.489
2023-04-24 06:00:00,2848.8510000000006,1855.2549999999999,76.86299999999999,1337.641
2023-04-24 07:00:00,3450.857,2087.942,90.75799999999998,1551.851
2023-04-24 08:00:00,3710.6926670000003,2338.49,96.10200000000002,1717.558
2023-04-24 09:00:00,3721.624667,2236.665,83.28199999999998,1684.490501
2023-04-24 10:00:00,3562.929,2213.782,99.923,1608.69
2023-04-24 11:00:00,3483.9359999999997,2156.863,96.43400000000001,1530.2359999999999
2023-04-24 12:00:00,3529.303,2108.549,106.684,1517.357
2023-04-24 13:00:00,3381.946,2050.921,89.472,1499.727999
2023-04-24 14:00:00,3293.356,2008.4859999999999,74.454,1503.788
2023-04-24 15:00:00,3240.447333,1870.5133329999999,68.49299999999998,1448.840334
2023-04-24 16:00:00,3245.352,1908.0153329999998,84.586,1526.033666
2023-04-24 17:00:00,3623.468,2119.804667,86.03599999999999,1661.261167
2023-04-24 18:00:00,3959.459,2295.808333,89.11399999999999,1731.650167
2023-04-24 19:00:00,4159.892,2468.828,86.107,1905.768
2023-04-24 20:00:00,4232.461,2512.5886659999996,93.943,1904.5900000000001
2023-04-24 21:00:00,4271.351,2573.628333,101.15800000000002,1943.160666
2023-04-24 22:00:00,4087.3070000000002,2491.3320000000003,105.046,1875.576666
2023-04-24 23:00:00,3600.232,2224.233,88.16199999999999,1703.590667
2023-04-25 00:00:00,3078.0919999999996,1931.281333,83.058,1458.518667
2023-04-25 01:00:00,2738.8509999999997,1736.312667,77.11699999999999,1317.752834
2023-04-25 02:00:00,2529.216,1657.974,67.28,1202.7163340000002
2023-04-25 03:00:00,2456.054,1574.406,70.03099999999999,1172.086166
2023-04-25 04:00:00,2450.337,1561.674,63.28499999999999,1184.534333
2023-04-25 05:00:00,2589.101,1648.5770000000002,70.363,1221.7759999999998
2023-04-25 06:00:00,2950.6330000000003,1846.552667,80.479,1384.3139999999999
2023-04-25 07:00:00,3503.634,2160.296333,98.80900000000001,1646.560333
2023-04-25 08:00:00,3774.816,2312.211667,105.606,1778.969334
2023-04-25 09:00:00,3652.8215,2209.9529999999995,92.697,1628.389332
2023-04-25 10:00:00,3468.7355000000002,2073.334667,91.62200000000001,1543.197667
2023-04-25 11:00:00,3337.400667,1930.253333,73.624333,1463.281001
2023-04-25 12:00:00,3235.6986669999997,1832.3700000000001,63.391,1404.599667
2023-04-25 13:00:00,3157.343,1791.0639999999999,58.22699999999999,1368.2380010000002
2023-04-25 14:00:00,3056.544,1704.271667,49.214,1318.495
2023-04-25 15:00:00,3004.314,1663.009667,59.149,1259.224666
2023-04-25 16:00:00,3034.0429999999997,1721.159,64.20800000000001,1282.9289989999997
2023-04-25 17:00:00,3193.26,1830.160667,54.26199999999999,1409.7410000000002
2023-04-25 18:00:00,3568.642,1866.665,62.523,1538.533334
2023-04-25 19:00:00,3802.6450000000004,1965.9540000000002,77.633,1614.8709990000002
2023-04-25 20:00:00,3925.79,2040.0900000000001,84.482,1711.606667
2023-04-25 21:00:00,3933.7110000000002,2238.974333,94.30199999999999,1767.485999
2023-04-25 22:00:00,3880.452,2127.4426670000003,94.87200000000001,1706.931666
2023-04-25 23:00:00,3493.6540000000005,1964.356667,77.08900000000001,1514.184667
2023-04-26 00:00:00,2856.6099999999997,1711.692667,61.139,1299.7710000000002
2023-04-26 01:00:00,2476.235,1477.35,55.14600000000001,1122.508334
2023-04-26 02:00:00,2238.773,1327.403667,48.217000000000006,1044.360666
2023-04-26 03:00:00,2159.575,1300.3616670000001,43.397999999999996,977.5953319999999
2023-04-26 04:00:00,2179.241,1294.052667,48.25,1002.1399999999999
2023-04-26 05:00:00,2285.561,1386.6680000000001,48.428000000000004,1064.406333
2023-04-26 06:00:00,2620.889,1609.8919999999998,59.78,1124.075665
2023-04-26 07:00:00,3139.383667,1905.360667,74.609,1377.193333
2023-04-26 08:00:00,3393.803666,2015.302667,85.731,1531.955669
2023-04-26 09:00:00,3301.966667,1946.694333,72.535,1460.116333
2023-04-26 10:00:00,3189.064167,1849.332333,78.24999999999999,1326.396166
2023-04-26 11:00:00,3050.178334,1784.715333,86.788,1312.316334
2023-04-26 12:00:00,3004.764167,1678.933667,71.84399999999998,1319.2076670000001
2023-04-26 13:00:00,2970.002,1664.2150000000001,54.841,1233.954666
2023-04-26 14:00:00,2862.225,1657.161666,52.96300000000001,1214.606664
2023-04-26 15:00:00,2866.531,1581.046666,54.632000000000005,1213.5835009999998
2023-04-26 16:00:00,2925.9403330000005,1581.7453329999998,59.36,1263.228835
2023-04-26 17:00:00,3189.476,1688.612,68.011,1364.805334
2023-04-26 18:00:00,3619.0769999999998,1865.797,66.388,1534.6330010000001
2023-04-26 19:00:00,3817.001,2030.3173339999998,76.36,1602.020999
2023-04-26 20:00:00,3910.313,2069.634333,71.64099999999999,1657.737334
2023-04-26 21:00:00,4049.758,2138.7346669999997,87.05200000000002,1690.965666
2023-04-26 22:00:00,3808.742,2038.876667,96.91799999999999,1643.3433330000003
2023-04-26 23:00:00,3267.752,1858.9209999999998,77.673,1419.146335
2023-04-27 00:00:00,2741.891,1578.017333,67.071,1194.561667
2023-04-27 01:00:00,2386.759,1298.342667,56.76299999999999,1036.348332
2023-04-27 02:00:00,2113.567,1191.095667,40.089,902.820667
2023-04-27 03:00:00,1965.3690000000001,1121.947333,38.43,857.2430019999999
2023-04-27 04:00:00,1900.15,1104.802667,34.721000000000004,848.0360000000001
2023-04-27 05:00:00,1969.451,1140.897,38.597,866.78
2023-04-27 06:00:00,2257.011,1308.017667,44.470000000000006,986.553001
2023-04-27 07:00:00,2670.202,1558.107,46.056,1193.151
2023-04-27 08:00:00,2992.5789999999997,1695.5159999999998,58.159,1335.457666
2023-04-27 09:00:00,2942.004,1673.420333,52.23500000000001,1310.781666
2023-04-27 10:00:00,2958.019,1596.557,54.241,1236.130333
2023-04-27 11:00:00,2940.285,1602.1313329999998,60.64500000000001,1246.654667
2023-04-27 12:00:00,2962.371,1606.938667,64.18299999999999,1242.972334
2023-04-27 13:00:00,2951.551,1595.096333,52.553999999999995,1277.345
2023-04-27 14:00:00,2983.114,1572.782667,56.102,1244.527
2023-04-27 15:00:00,3008.323,1613.509333,66.76299999999999,1249.223
2023-04-27 16:00:00,3145.882,1724.6770000000001,60.657999999999994,1287.946
2023-04-27 17:00:00,3462.672,1796.224334,61.95,1386.095333
2023-04-27 18:00:00,3895.066,2055.2343330000003,72.141,1582.461333
2023-04-27 19:00:00,4007.2250000000004,2183.742,88.49799999999999,1645.739334
2023-04-27 20:00:00,4209.426,2114.3779999999997,87.887,1720.1233320000001
2023-04-27 21:00:00,4232.782999999999,2209.405667,103.51899999999999,1772.802332
2023-04-27 22:00:00,4053.152,2083.167001,102.77699999999999,1719.197333
2023-04-27 23:00:00,3562.643,1875.209667,78.347,1523.738333
2023-04-28 00:00:00,2957.889,1639.444333,75.642,1329.6174999999998
2023-04-28 01:00:00,2528.365,1425.1060000000002,61.370000000000005,1087.1615
2023-04-28 02:00:00,2272.315,1239.828,52.463999999999984,946.215334
2023-04-28 03:00:00,2071.7259999999997,1124.776333,41.272,862.8493330000001
2023-04-28 04:00:00,1993.791334,1124.4070000000002,36.50700000000001,829.841667
2023-04-28 05:00:00,1995.6026669999999,1126.611001,38.336000000000006,837.231999
2023-04-28 06:00:00,2193.627335,1210.8473330000002,39.148,901.518333
2023-04-28 07:00:00,2488.7309999999998,1458.886,54.676,1102.479667
2023-04-28 08:00:00,2872.269667,1630.6689999999999,66.41199999999999,1249.4470000000001
2023-04-28 09:00:00,2970.678333,1630.148667,59.428000000000004,1211.4
2023-04-28 10:00:00,2997.281333,1658.132333,62.236999999999995,1209.852667
2023-04-28 11:00:00,3062.953333,1640.168666,59.763,1213.9289999999999
2023-04-28 12:00:00,3225.5513330000003,1755.228666,62.413000000000004,1253.277
2023-04-28 13:00:00,3314.415,1784.1456670000002,76.55,1360.2053329999999
2023-04-28 14:00:00,3424.343,1810.069333,66.822,1367.6803340000001
2023-04-28 15:00:00,3671.541333,1853.144667,64.636,1443.3936669999998
2023-04-28 16:00:00,4003.91,1958.3326659999998,76.502,1552.4643330000001
2023-04-28 17:00:00,4538.001,2140.592334,82.813,1664.711666
2023-04-28 18:00:00,4943.2083330000005,2251.77,86.675,1806.807666
2023-04-28 19:00:00,5004.406332999999,2260.112,99.376,1835.871333
2023-04-28 20:00:00,4897.9476669999995,2226.4846669999997,97.72500000000001,1851.302999
2023-04-28 21:00:00,4656.188,2235.306,88.684,1817.284334
2023-04-28 22:00:00,4356.679333,2170.999667,102.33500000000001,1752.969667
2023-04-28 23:00:00,3920.536,2012.109,85.265,1583.2540000000001
2023-04-29 00:00:00,3420.461333,1770.884333,66.57900000000001,1370.7351669999998
2023-04-29 01:00:00,2998.068333,1515.259334,57.287,1202.487
2023-04-29 02:00:00,2593.8940000000002,1372.293667,49.21499999999999,1040.195
2023-04-29 03:00:00,2311.8446670000003,1223.150334,40.98199999999999,956.803
2023-04-29 04:00:00,2127.7725,1147.6856670000002,37.47599999999999,919.6535
2023-04-29 05:00:00,2033.5330000000001,1111.0123330000001,36.818,887.272
2023-04-29 06:00:00,2089.322,1148.8120000000001,39.204,877.806
2023-04-29 07:00:00,2250.285,1311.8563330000002,42.11700000000001,952.2370000000001
2023-04-29 08:00:00,2649.315,1433.344333,50.333999999999996,1135.1893340000001
2023-04-29 09:00:00,3107.339,1666.519667,59.713,1366.167999
2023-04-29 10:00:00,3379.281,1886.730333,58.742,1442.6843330000002
2023-04-29 11:00:00,3526.157333,1938.8706670000001,69.29,1530.7146670000002
2023-04-29 12:00:00,3664.509,1962.902667,66.02900000000001,1600.708666
2023-04-29 13:00:00,3877.114333,2093.594333,76.622,1615.718334
2023-04-29 14:00:00,4071.098333,2163.7520000000004,91.02000000000001,1656.159331
2023-04-29 15:00:00,4161.105,2119.922,92.686,1712.937334
2023-04-29 16:00:00,4389.979333,2160.178666,81.643,1760.781
2023-04-29 17:00:00,4776.435332999999,2244.688,81.591,1844.814667
2023-04-29 18:00:00,5076.3243330000005,2367.012666,93.91300000000001,1869.508001
2023-04-29 19:00:00,5045.799667,2363.412667,87.72,1884.733001
2023-04-29 20:00:00,4901.7480000000005,2327.8060000000005,92.29899999999999,1871.001667
2023-04-29 21:00:00,4552.679,2252.68,99.54399999999998,1769.0496670000002
2023-04-29 22:00:00,4165.060667,2155.664666,86.791,1690.589
2023-04-29 23:00:00,3736.459,1984.281334,77.76599999999999,1537.952499
2023-04-30 00:00:00,3181.029,1728.906333,63.635,1308.190333
2023-04-30 01:00:00,2743.2833339999997,1470.717666,54.36899999999999,1129.767333
2023-04-30 02:00:00,2395.4976669999996,1298.227667,45.44200000000001,997.181
2023-04-30 03:00:00,2152.7386669999996,1169.8690000000001,36.156,917.0215000000001
2023-04-30 04:00:00,1999.391,1118.115333,36.826,883.1234999999999
2023-04-30 05:00:00,1915.455668,1079.9556659999998,36.726000000000006,860.703
2023-04-30 06:00:00,2002.2133330000001,1099.384,42.565000000000005,868.6845
2023-04-30 07:00:00,2154.5640009999997,1181.987333,48.001,903.1635
2023-04-30 08:00:00,2474.9346670000004,1384.0423340000002,51.708,1056.303
2023-04-30 09:00:00,2955.3566660000006,1615.8919999999998,60.28099999999999,1264.6115
2023-04-30 10:00:00,3259.913001,1849.412,66.15800000000002,1378.9595
2023-04-30 11:00:00,3501.349334,1991.698667,89.769,1462.638
2023-04-30 12:00:00,3514.212334,1986.902,83.87500000000001,1525.214
2023-04-30 13:00:00,3676.5083329999998,2080.334667,80.252,1505.7505
2023-04-30 14:00:00,3562.705333,2015.434666,92.001,1429.257167
2023-04-30 15:00:00,3562.6583330000003,1947.1783329999998,71.106,1490.8903329999998
2023-04-30 16:00:00,3540.2889999999998,1889.795333,62.580999999999996,1491.256333
2023-04-30 17:00:00,3737.032666,2030.789667,75.584,1567.162332
2023-04-30 18:00:00,3856.660334,2110.2129999999997,62.046,1615.8450010000001
2023-04-30 19:00:00,4035.967334,2135.224,80.074,1698.590333
2023-04-30 20:00:00,4016.312333,2128.4356669999997,80.193,1694.655333
2023-04-30 21:00:00,4108.6396669999995,2213.620667,109.539,1743.117998
2023-04-30 22:00:00,3903.7026670000005,2164.461333,96.157,1658.760334
2023-04-30 23:00:00,3347.341667,1928.2893330000002,74.40599999999999,1445.9979990000002
2023-05-01 00:00:00,2776.4059989999996,1601.864333,56.256,1281.457833
2023-05-01 01:00:00,2437.086334,1363.0639999999999,54.108,1067.215667
2023-05-01 02:00:00,2149.319333,1257.433333,44.774,937.577334
2023-05-01 03:00:00,2012.838334,1183.283333,37.735,875.272501
2023-05-01 04:00:00,1962.806,1155.1763329999999,37.762,855.5891670000001
2023-05-01 05:00:00,2045.534667,1163.288667,37.255,876.862333
2023-05-01 06:00:00,2363.751,1297.140333,41.563,966.911667
2023-05-01 07:00:00,2748.896,1530.4553329999999,49.75000000000001,1160.585166
2023-05-01 08:00:00,3119.964333,1692.3866669999998,58.933,1247.234833
2023-05-01 09:00:00,3185.1981669999996,1713.8613329999998,83.637,1244.7393339999999
2023-05-01 10:00:00,3091.51,1690.710333,85.148,1282.496
2023-05-01 11:00:00,3153.7035,1758.563667,61.824000000000005,1258.692333
2023-05-01 12:00:00,3154.062,1776.7979999999998,66.54300000000002,1263.264668
2023-05-01 13:00:00,3148.225334,1776.592,73.279,1310.9536659999999
2023-05-01 14:00:00,3083.983333,1727.649,67.17800000000001,1269.659999
2023-05-01 15:00:00,3017.696667,1678.5973330000002,64.431,1257.527668
2023-05-01 16:00:00,3187.640333,1779.363333,69.01100000000001,1342.293001
2023-05-01 17:00:00,3506.1009999999997,1959.657667,60.601000000000006,1527.404
2023-05-01 18:00:00,3770.872167,2189.152333,85.39299999999999,1623.533666
2023-05-01 19:00:00,3924.045,2251.2920000000004,100.336,1726.383
2023-05-01 20:00:00,4030.3716670000003,2307.884333,94.48100000000001,1741.168666
2023-05-01 21:00:00,4037.455667,2313.502333,92.446,1753.641333
2023-05-01 22:00:00,3742.887,2244.65,74.57799999999999,1580.029999
2023-05-01 23:00:00,3370.535,1925.549,79.393,1444.622667
2023-05-02 00:00:00,2792.759,1652.7110000000002,66.34999999999998,1255.8658329999998
2023-05-02 01:00:00,2467.278667,1454.188333,59.10000000000001,1110.3103339999998
2023-05-02 02:00:00,2263.264333,1331.7816670000002,46.315000000000005,984.3203329999999
2023-05-02 03:00:00,2151.5076670000003,1234.475667,42.483,926.0793329999999
2023-05-02 04:00:00,2125.0330000000004,1232.350333,41.93,915.418
2023-05-02 05:00:00,2219.004667,1260.688,38.89600000000001,922.5058329999999
2023-05-02 06:00:00,2491.625333,1389.4913330000002,48.366,1050.6704989999998
2023-05-02 07:00:00,2888.205667,1611.075333,55.532000000000004,1212.316667
2023-05-02 08:00:00,3038.618,1785.378667,74.09,1315.899667
2023-05-02 09:00:00,3043.869333,1749.148333,77.02200000000002,1309.237831
2023-05-02 10:00:00,3029.9158330000005,1739.3796670000002,58.39999999999999,1344.7856660000002
2023-05-02 11:00:00,3057.3868329999996,1734.777,64.57,1293.208
2023-05-02 12:00:00,2985.684333,1656.587333,59.95099999999999,1237.136
2023-05-02 13:00:00,2963.317333,1638.895,58.973000000000006,1229.1765
2023-05-02 14:00:00,2959.122333,1591.5656669999998,65.15599999999999,1166.5945
2023-05-02 15:00:00,2923.575667,1549.7656670000001,45.431000000000004,1167.2930000000001
2023-05-02 16:00:00,2921.164,1590.976,62.899,1203.2579999999998
2023-05-02 17:00:00,3294.0246669999997,1712.403667,59.847,1405.871
2023-05-02 18:00:00,3618.09,1885.67,65.173,1511.094
2023-05-02 19:00:00,3710.643,2060.125,76.98500000000001,1602.013
2023-05-02 20:00:00,3766.454,2129.365,84.198,1602.06
2023-05-02 21:00:00,3841.423667,2161.630333,81.898,1657.455
2023-05-02 22:00:00,3846.902,2113.610667,83.55799999999999,1595.232
2023-05-02 23:00:00,3391.163,1852.617667,73.15400000000001,1401.992001
2023-05-03 00:00:00,2776.157,1600.834667,58.3,1240.709333
2023-05-03 01:00:00,2346.969,1329.299,44.237,1039.182334
2023-05-03 02:00:00,2158.045,1236.071667,37.025,944.333333
2023-05-03 03:00:00,2040.602,1162.2256670000002,36.726000000000006,891.902
2023-05-03 04:00:00,1989.3249999999998,1150.600667,37.62100000000001,890.531667
2023-05-03 05:00:00,2084.6890000000003,1190.65,41.391999999999996,918.288
2023-05-03 06:00:00,2378.184,1346.021,46.527,990.499
2023-05-03 07:00:00,2787.559,1634.164667,52.837,1231.436
2023-05-03 08:00:00,3022.902,1800.7146669999997,65.963,1336.096
2023-05-03 09:00:00,3007.999667,1691.1823330000002,53.126000000000005,1304.8439999999998
2023-05-03 10:00:00,2955.3936670000003,1564.731333,51.18399999999999,1220.665
2023-05-03 11:00:00,2886.1213340000004,1615.0259999999998,46.71,1196.188
2023-05-03 12:00:00,2867.139333,1658.9850000000001,54.493,1207.6689999999999
2023-05-03 13:00:00,2912.0586670000002,1605.701333,52.297000000000004,1140.6885000000002
2023-05-03 14:00:00,2899.139,1569.711333,53.483000000000004,1154.4975
2023-05-03 15:00:00,2960.923667,1587.4573329999998,60.94700000000001,1200.4660000000001
2023-05-03 16:00:00,3086.7019999999998,1688.3303329999999,67.43,1260.414
2023-05-03 17:00:00,3252.367333,1794.072667,62.078,1408.9585
2023-05-03 18:00:00,3538.1183330000003,1908.323,66.948,1555.868
2023-05-03 19:00:00,3813.946666,2032.2366670000001,73.82099999999998,1589.179
2023-05-03 20:00:00,3959.410667,2128.6499999999996,76.14500000000001,1663.377001
2023-05-03 21:00:00,3814.151667,2158.945667,85.62400000000001,1637.432999
2023-05-03 22:00:00,3632.7749999999996,1973.9320000000002,87.997,1550.232332
2023-05-03 23:00:00,3226.013667,1785.8453330000002,83.74999999999999,1329.485667
2023-05-04 00:00:00,2680.7093330000002,1549.431333,58.719,1165.8415
2023-05-04 01:00:00,2312.362,1343.2106669999998,51.39300000000001,1036.3944999999999
2023-05-04 02:00:00,2145.501666,1215.8416670000001,45.541,925.8865
2023-05-04 03:00:00,2029.966,1112.4553329999999,42.778,872.174
2023-05-04 04:00:00,1916.664667,1115.1706669999999,40.301,829.523
2023-05-04 05:00:00,1966.173,1124.916,37.861,843.7735
2023-05-04 06:00:00,2262.359,1267.076667,44.979,955.3235
2023-05-04 07:00:00,2671.214,1533.578,51.40300000000001,1156.634
2023-05-04 08:00:00,3024.148,1689.8899999999999,65.154,1261.226
2023-05-04 09:00:00,3037.9663330000003,1676.646333,57.73500000000001,1258.326
2023-05-04 10:00:00,3016.9723329999997,1672.8,65.72500000000001,1257.1889999999999
2023-05-04 11:00:00,3125.7,1807.623333,70.82799999999999,1283.8114999999998
2023-05-04 12:00:00,3303.7926669999997,1839.550667,67.55,1375.5975
2023-05-04 13:00:00,3374.651667,1879.572333,74.03100000000002,1461.9409999999998
2023-05-04 14:00:00,3417.204666,1936.479667,59.95599999999999,1419.8400000000001
2023-05-04 15:00:00,3387.833,1894.2633329999999,69.31200000000001,1449.281
2023-05-04 16:00:00,3430.2309999999998,1989.962333,72.333,1485.692
2023-05-04 17:00:00,3706.49,2126.312667,83.76500000000001,1630.723
2023-05-04 18:00:00,3995.938666,2232.918333,87.309,1713.437001
2023-05-04 19:00:00,4076.8468329999996,2370.8779999999997,102.639,1857.145
2023-05-04 20:00:00,4131.807167000001,2363.112,106.097,1913.7610000000004
2023-05-04 21:00:00,4080.3963329999997,2415.396667,111.91,1859.667666
2023-05-04 22:00:00,3916.196667,2298.6720000000005,90.92800000000001,1754.166667
2023-05-04 23:00:00,3473.464333,2056.288667,83.086,1583.421334
2023-05-05 00:00:00,3009.420334,1827.3873330000001,81.55199999999999,1389.744666
2023-05-05 01:00:00,2628.523,1596.8716670000001,68.54500000000002,1212.4156670000002
2023-05-05 02:00:00,2436.269,1489.714333,52.638,1036.029667
2023-05-05 03:00:00,2280.692,1388.539333,50.348,1014.8123320000001
2023-05-05 04:00:00,2256.903,1384.849667,51.31100000000001,1005.923667
2023-05-05 05:00:00,2318.349,1392.9563329999999,49.495,1032.252
2023-05-05 06:00:00,2696.239,1517.518,61.426,1129.6623330000002
2023-05-05 07:00:00,3046.1899999999996,1786.0829999999999,73.786,1313.717333
2023-05-05 08:00:00,3376.080667,1924.6366670000002,87.86600000000001,1449.861333
2023-05-05 09:00:00,3431.1943330000004,1979.444333,82.705,1451.462
2023-05-05 10:00:00,3369.4303330000002,1958.429,73.28,1420.286
2023-05-05 11:00:00,3341.2983329999997,1961.7616659999999,78.69800000000001,1468.118
2023-05-05 12:00:00,3318.004666,1939.890999,82.991,1436.627
2023-05-05 13:00:00,3374.9133330000004,1916.651334,83.99300000000001,1436.13
2023-05-05 14:00:00,3260.12,1843.645,57.936,1412.2820000000002
2023-05-05 15:00:00,3149.019333,1763.745999,62.202,1387.885
2023-05-05 16:00:00,3323.331333,1835.496667,62.519,1433.031
2023-05-05 17:00:00,3468.286,1892.955334,67.031,1468.527
2023-05-05 18:00:00,3721.1676660000003,2017.920999,74.45299999999999,1548.375
2023-05-05 19:00:00,3697.433333,2128.865001,74.43300000000002,1621.0210000000002
2023-05-05 20:00:00,3723.8666670000002,2105.158,100.01899999999999,1637.7526670000002
2023-05-05 21:00:00,3708.7259999999997,2112.821667,111.14699999999999,1634.6373330000001
2023-05-05 22:00:00,3569.510333,2130.629333,90.22500000000001,1585.550333
2023-05-05 23:00:00,3291.7129999999997,1934.3173330000002,76.17300000000002,1490.5546669999999
2023-05-06 00:00:00,2974.028333,1735.301333,68.434,1325.5525
2023-05-06 01:00:00,2688.148333,1542.036001,54.17499999999999,1188.680667
2023-05-06 02:00:00,2457.992333,1452.627334,53.912,1084.364
2023-05-06 03:00:00,2326.966667,1312.511334,50.735,1011.9416659999999
2023-05-06 04:00:00,2218.451,1288.2459990000002,55.136,986.822667
2023-05-06 05:00:00,2213.5600000000004,1289.8253330000002,50.472,972.275
2023-05-06 06:00:00,2343.255333,1378.3296659999999,55.19300000000001,1005.9766659999999
2023-05-06 07:00:00,2611.904,1518.453333,55.54999999999999,1096.207333
2023-05-06 08:00:00,2931.014,1673.107,74.62899999999999,1271.1363330000001
2023-05-06 09:00:00,3236.258667,1858.3656660000001,70.384,1403.978334
2023-05-06 10:00:00,3466.232,1952.9146669999998,76.009,1433.625333
2023-05-06 11:00:00,3448.645333,2004.362667,79.328,1517.4416669999998
2023-05-06 12:00:00,3459.988,1960.382334,77.74,1566.033
2023-05-06 13:00:00,3493.942666,2018.497,82.82300000000001,1547.6680000000001
2023-05-06 14:00:00,3394.697333,1915.786333,77.76899999999998,1455.0529999999999
2023-05-06 15:00:00,3309.243667,1870.1836670000002,71.313,1455.3519999999999
2023-05-06 16:00:00,3202.1853330000004,1905.6859989999998,65.09400000000001,1477.9260000000002
2023-05-06 17:00:00,3351.704666,1886.8866669999998,84.886,1487.52
2023-05-06 18:00:00,3518.9809999999998,1961.995666,85.72899999999997,1561.9850000000001
2023-05-06 19:00:00,3586.560667,2009.6820010000001,83.56899999999999,1599.9769999999999
2023-05-06 20:00:00,3545.7110000000002,2000.310666,78.602,1550.711
2023-05-06 21:00:00,3572.8269999999998,1974.1843330000002,85.694,1600.314833
2023-05-06 22:00:00,3469.6576670000004,1969.140333,82.50699999999999,1596.92
2023-05-06 23:00:00,3222.0960000000005,1863.203001,81.25,1427.295
2023-05-07 00:00:00,2911.685,1669.426999,66.209,1275.8310000000001
2023-05-07 01:00:00,2601.8230000000003,1513.814333,55.258,1145.262667
2023-05-07 02:00:00,2382.751667,1368.959668,47.413,1018.423667
2023-05-07 03:00:00,2287.843333,1309.972667,46.472,974.899666
2023-05-07 04:00:00,2153.715333,1301.7019990000001,44.89699999999999,946.628833
2023-05-07 05:00:00,2153.6276669999997,1257.4106659999998,44.580999999999996,942.3773329999999
2023-05-07 06:00:00,2249.4413329999998,1284.512333,47.163999999999994,983.0038330000001
2023-05-07 07:00:00,2502.4076670000004,1463.776332,50.875,1092.9495
2023-05-07 08:00:00,2878.769,1672.703334,63.486999999999995,1242.3715
2023-05-07 09:00:00,3209.713667,1863.5810000000001,64.60399999999998,1396.163
2023-05-07 10:00:00,3432.932,2022.774667,82.59100000000002,1561.561667
2023-05-07 11:00:00,3566.9896670000003,2138.803667,83.55900000000001,1533.279333
2023-05-07 12:00:00,3629.489667,2085.0426669999997,81.81200000000001,1539.439001
2023-05-07 13:00:00,3510.7533329999997,2076.697333,82.50500000000002,1522.763667
2023-05-07 14:00:00,3469.910333,2024.319,68.91399999999999,1527.332667
2023-05-07 15:00:00,3443.550333,1990.755333,80.79999999999998,1505.4433330000002
2023-05-07 16:00:00,3516.618,1947.366,80.475,1421.6989999999998
2023-05-07 17:00:00,3645.6733329999997,1959.373334,76.194,1445.775
2023-05-07 18:00:00,3831.641,2002.929333,64.36099999999999,1575.9119999999998
2023-05-07 19:00:00,4008.4489999999996,2148.4903329999997,67.959,1656.199
2023-05-07 20:00:00,4016.618,2198.513334,69.63900000000001,1697.0805
2023-05-07 21:00:00,4029.9619999999995,2281.5803339999998,75.52499999999999,1742.3025
2023-05-07 22:00:00,3854.909,2188.1049999999996,88.67,1707.4344999999998
2023-05-07 23:00:00,3446.2430000000004,1937.369333,81.61299999999999,1507.022334
2023-05-08 00:00:00,2874.1230000000005,1693.5553329999998,66.857,1241.827333
2023-05-08 01:00:00,2503.865,1451.07,57.483000000000004,1075.084001
2023-05-08 02:00:00,2251.066,1329.1276659999999,50.546,979.636667
2023-05-08 03:00:00,2125.681,1209.0259999999998,44.311,931.907333
2023-05-08 04:00:00,2093.6629999999996,1221.995,40.69,926.8544999999999
2023-05-08 05:00:00,2236.91,1311.4196670000001,47.318,965.838
2023-05-08 06:00:00,2566.1620000000003,1457.405333,57.233,1087.6313340000002
2023-05-08 07:00:00,2991.1440000000002,1724.307,66.32900000000001,1284.484334
2023-05-08 08:00:00,3262.299,1855.5893339999998,65.78599999999999,1440.776
2023-05-08 09:00:00,3252.241,1818.473,71.091,1439.088
2023-05-08 10:00:00,3253.8565,1762.0683330000002,80.356,1359.177
2023-05-08 11:00:00,3217.9270000000006,1749.954334,73.641,1327.426
2023-05-08 12:00:00,3129.9809999999998,1697.725,77.199,1298.6753330000001
2023-05-08 13:00:00,3005.615,1704.103,72.36500000000001,1256.2715
2023-05-08 14:00:00,2938.751,1661.503667,66.519,1240.5835000000002
2023-05-08 15:00:00,2914.503,1615.539,55.533,1231.8615
2023-05-08 16:00:00,3111.4530000000004,1719.382333,50.77799999999999,1337.212
2023-05-08 17:00:00,3604.526,1975.798334,64.55399999999999,1552.9313339999999
2023-05-08 18:00:00,4078.4480000000003,2247.3346659999997,75.528,1795.8319999999999
2023-05-08 19:00:00,4281.696,2347.060333,102.06000000000002,1864.047
2023-05-08 20:00:00,4218.341,2314.5846659999997,86.962,1832.118
2023-05-08 21:00:00,4043.6710000000003,2340.1283329999997,92.466,1757.7340000000002
2023-05-08 22:00:00,3846.7160000000003,2179.666,85.373,1673.054833
2023-05-08 23:00:00,3349.2019999999998,1924.941,78.852,1499.4814999999999
2023-05-09 00:00:00,2858.9086660000003,1691.069667,57.46099999999999,1248.474667
2023-05-09 01:00:00,2485.2650000000003,1521.217333,55.356,1108.0590000000002
2023-05-09 02:00:00,2289.7429999999995,1371.305,48.778000000000006,1034.036
2023-05-09 03:00:00,2195.280667,1299.1,47.234,993.199668
2023-05-09 04:00:00,2166.712,1327.2780000000002,44.864000000000004,980.675667
2023-05-09 05:00:00,2280.72,1378.289667,49.03900000000001,1019.942832
2023-05-09 06:00:00,2641.320667,1525.283,57.53099999999999,1139.140498
2023-05-09 07:00:00,3112.165333,1808.6486659999998,70.825,1343.894
2023-05-09 08:00:00,3336.0409999999997,1939.5910000000001,87.76799999999999,1464.921332
2023-05-09 09:00:00,3277.528,1857.009333,85.09,1417.769667
2023-05-09 10:00:00,3213.686,1813.8136670000001,72.941,1389.345666
2023-05-09 11:00:00,3204.296833,1822.3960000000002,72.778,1376.390999
2023-05-09 12:00:00,3092.449333,1751.4813330000002,69.97,1348.8706670000001
2023-05-09 13:00:00,3042.550333,1736.674333,62.712999999999994,1324.0684999999999
2023-05-09 14:00:00,2998.0606660000003,1617.042334,66.86999999999999,1229.796667
2023-05-09 15:00:00,2890.9206670000003,1569.643,63.93,1200.233334
2023-05-09 16:00:00,3017.2639999999997,1650.6563330000001,61.654,1253.425666
2023-05-09 17:00:00,3269.4309999999996,1731.665,59.60000000000001,1341.2939999999999
2023-05-09 18:00:00,3592.893,1908.4213329999998,67.288,1466.165333
2023-05-09 19:00:00,3825.780333,2013.507,71.92399999999999,1596.7569999999998
2023-05-09 20:00:00,3821.3030000000003,2021.060333,75.446,1644.531
2023-05-09 21:00:00,3899.9779999999996,2071.039333,81.165,1635.228667
2023-05-09 22:00:00,3748.2259990000002,2054.3666670000002,92.449,1617.874333
2023-05-09 23:00:00,3359.364333,1830.685,79.48899999999999,1400.255
2023-05-10 00:00:00,2830.83,1628.894334,59.556000000000004,1196.488666
2023-05-10 01:00:00,2535.99,1418.890667,44.505,1068.522667
2023-05-10 02:00:00,2213.99,1259.6940009999998,37.95400000000001,967.420667
2023-05-10 03:00:00,2098.219,1187.936667,43.749,918.448333
2023-05-10 04:00:00,2070.54,1197.319667,45.276,898.471
2023-05-10 05:00:00,2129.321,1249.913,49.001999999999995,905.9480000000001
2023-05-10 06:00:00,2448.092,1439.1060000000002,49.894000000000005,1029.968001
2023-05-10 07:00:00,2810.323,1683.3,72.29700000000001,1250.793667
2023-05-10 08:00:00,3136.897,1753.044334,69.32700000000001,1373.514667
2023-05-10 09:00:00,3122.5190000000002,1708.998,64.59599999999999,1292.372001
2023-05-10 10:00:00,3009.0209999999997,1685.411666,69.559,1283.804
2023-05-10 11:00:00,2897.1499999999996,1675.487333,62.093,1240.417333
2023-05-10 12:00:00,2902.7976670000003,1605.756667,62.11999999999999,1190.712333
2023-05-10 13:00:00,2954.704667,1608.02,52.376000000000005,1175.1560000000002
2023-05-10 14:00:00,2853.331,1625.661,51.39,1176.6783329999998
2023-05-10 15:00:00,2941.706,1581.1156660000001,53.571,1192.831333
2023-05-10 16:00:00,3130.833,1643.7683330000002,58.788,1262.385667
2023-05-10 17:00:00,3480.661,1850.950667,65.43199999999999,1410.722
2023-05-10 18:00:00,3743.462,1943.441667,80.009,1545.8709999999999
2023-05-10 19:00:00,3974.969333,2048.097334,86.14,1560.567667
2023-05-10 20:00:00,3919.0609999999997,2078.217667,70.24100000000001,1619.6126669999999
2023-05-10 21:00:00,3908.085,2119.738334,80.081,1639.450667
2023-05-10 22:00:00,3709.3070000000002,2050.021667,91.509,1616.541335
2023-05-10 23:00:00,3304.635,1822.776,68.496,1384.0463330000002
2023-05-11 00:00:00,2815.8639999999996,1592.987333,54.179,1185.5980009999998
2023-05-11 01:00:00,2416.2299999999996,1359.5673339999998,53.696000000000005,1035.860999
2023-05-11 02:00:00,2123.483,1240.182667,45.313,903.9293319999999
2023-05-11 03:00:00,1984.7530000000002,1105.6626660000002,41.195,872.8123349999998
2023-05-11 04:00:00,1933.203,1111.422334,38.705999999999996,834.5246649999999
2023-05-11 05:00:00,2015.482,1118.924,41.08,847.763332
2023-05-11 06:00:00,2248.651,1242.5373339999999,43.94100000000001,915.501
2023-05-11 07:00:00,2671.4260000000004,1482.407333,51.14799999999999,1168.977333
2023-05-11 08:00:00,2959.906333,1595.749667,74.545,1257.2200010000001
2023-05-11 09:00:00,2972.119334,1520.9470000000001,79.97800000000001,1221.653667
2023-05-11 10:00:00,2888.825,1484.809,65.883,1176.430333
2023-05-11 11:00:00,2810.018,1518.163333,55.937000000000005,1194.491001
2023-05-11 12:00:00,2886.376333,1549.346,46.001,1181.118667
2023-05-11 13:00:00,2936.2726669999997,1581.237,44.516999999999996,1242.462667
2023-05-11 14:00:00,2878.379333,1638.723334,50.02400000000001,1245.0040009999998
2023-05-11 15:00:00,2928.547667,1653.567666,49.539,1261.625666
2023-05-11 16:00:00,3282.9629999999997,1744.3476660000001,59.754,1411.499333
2023-05-11 17:00:00,3742.596667,1936.878334,72.827,1547.245001
2023-05-11 18:00:00,4117.220333,2067.1606659999998,72.808,1668.7806679999999
2023-05-11 19:00:00,4412.003000000001,2176.322333,86.468,1713.233666
2023-05-11 20:00:00,4415.5816669999995,2123.941667,93.35199999999999,1771.113667
2023-05-11 21:00:00,4259.135,2227.3590000000004,86.548,1764.921333
2023-05-11 22:00:00,4078.0469999999996,2170.5973329999997,81.61500000000001,1727.2406660000001
2023-05-11 23:00:00,3642.434,1861.906,76.327,1533.474667
2023-05-12 00:00:00,2975.0249999999996,1593.502666,70.79,1252.118666
2023-05-12 01:00:00,2537.8650000000002,1389.5279999999998,64.242,1085.6126669999999
2023-05-12 02:00:00,2255.6549999999997,1245.9066659999999,45.75299999999999,958.250333
2023-05-12 03:00:00,2123.227,1120.137666,36.977,887.4300010000001
2023-05-12 04:00:00,1988.266,1088.639334,36.525999999999996,871.740332
2023-05-12 05:00:00,2006.4009999999998,1074.289333,36.620000000000005,853.665335
2023-05-12 06:00:00,2245.458,1214.012667,37.408,936.7489999999999
2023-05-12 07:00:00,2556.3599999999997,1424.863,42.415000000000006,1127.237333
2023-05-12 08:00:00,2880.9273329999996,1596.5410000000002,55.423,1238.6056669999998
2023-05-12 09:00:00,2980.745667,1557.2069999999999,48.099000000000004,1243.707332
2023-05-12 10:00:00,2981.514666,1609.853,60.214000000000006,1204.849666
2023-05-12 11:00:00,3023.3563329999997,1631.5983330000001,52.175999999999995,1227.3909990000002
2023-05-12 12:00:00,3075.8633330000002,1675.4666659999998,54.57500000000001,1296.285333
2023-05-12 13:00:00,3237.324,1762.613667,56.371,1412.0936649999999
2023-05-12 14:00:00,3458.4170000000004,1881.119667,62.928999999999995,1455.5336670000002
2023-05-12 15:00:00,3784.709333,2084.767333,75.20500000000003,1526.837
2023-05-12 16:00:00,4261.794,2187.933333,76.911,1635.218
2023-05-12 17:00:00,4874.747,2308.661334,94.66000000000001,1803.911334
2023-05-12 18:00:00,5457.063333,2469.513666,96.778,1970.444667
2023-05-12 19:00:00,5553.409333,2561.4666669999997,115.96699999999998,2054.362
2023-05-12 20:00:00,5463.102666999999,2491.312,108.148,2066.414333
2023-05-12 21:00:00,5169.002,2471.265667,113.172,1938.6239999999998
2023-05-12 22:00:00,4730.697332999999,2341.55,99.333,1843.6209999999999
2023-05-12 23:00:00,4199.772999999999,2109.299333,88.39699999999998,1680.076334
2023-05-13 00:00:00,3530.918333,1823.9189999999999,91.05600000000001,1428.470333
2023-05-13 01:00:00,2998.825333,1538.724667,66.609,1178.814002
2023-05-13 02:00:00,2586.052333,1355.181,49.71999999999999,1018.162334
2023-05-13 03:00:00,2345.599667,1237.569667,49.945,925.1246669999999
2023-05-13 04:00:00,2129.428,1173.077334,41.484,871.967999
2023-05-13 05:00:00,2045.058,1128.044332,38.711999999999996,844.8180000000001
2023-05-13 06:00:00,2077.2843329999996,1091.022,40.96000000000001,857.290334
2023-05-13 07:00:00,2240.5649999999996,1223.067,39.984,968.401666
2023-05-13 08:00:00,2662.122,1509.17,44.660000000000004,1142.3293330000001
2023-05-13 09:00:00,3142.7786669999996,1721.0320000000002,57.60300000000001,1322.652333
2023-05-13 10:00:00,3480.0069999999996,1849.37,70.379,1504.192666
2023-05-13 11:00:00,3757.455333,2031.4730000000002,79.727,1597.256333
2023-05-13 12:00:00,4065.674,2142.7709999999997,79.905,1675.175
2023-05-13 13:00:00,4480.728333,2345.403,92.074,1890.849
2023-05-13 14:00:00,4899.907333,2461.775,103.29199999999999,1933.270667
2023-05-13 15:00:00,5270.191,2603.183,109.242,2040.238667
2023-05-13 16:00:00,5673.918333,2708.254,117.786,2179.930667
2023-05-13 17:00:00,6157.048333,2798.767,106.13799999999999,2274.334667
2023-05-13 18:00:00,6472.954333,2891.218,128.308,2301.243
2023-05-13 19:00:00,6578.336667,2933.6320000000005,125.55500000000002,2314.0243330000003
2023-05-13 20:00:00,6431.957,2870.893,115.145,2264.265667
2023-05-13 21:00:00,5933.092000000001,2665.406,113.727,2177.134
2023-05-13 22:00:00,5454.015667,2529.795,115.007,2019.351333
2023-05-13 23:00:00,4919.187999999999,2286.291,104.78,1791.3906670000001
2023-05-14 00:00:00,4166.094999999999,2048.25,86.40799999999999,1552.813
2023-05-14 01:00:00,3490.6749999999997,1785.6680000000001,70.58999999999999,1322.974667
2023-05-14 02:00:00,3018.642667,1546.8380000000002,47.30200000000001,1151.404
2023-05-14 03:00:00,2699.460333,1355.145,44.08500000000001,1021.1949999999999
2023-05-14 04:00:00,2429.944333,1287.771,40.645,952.818667
2023-05-14 05:00:00,2289.708667,1212.508,38.101,926.646999
2023-05-14 06:00:00,2316.7963330000002,1210.906,40.346000000000004,908.54
2023-05-14 07:00:00,2531.342667,1365.7640000000001,39.24399999999999,973.6883330000001
2023-05-14 08:00:00,2978.302,1588.4940000000001,48.821000000000005,1172.362001
2023-05-14 09:00:00,3664.592667,1923.058,54.282999999999994,1444.0520000000001
2023-05-14 10:00:00,4125.728,2137.038,76.46599999999998,1621.6019999999999
2023-05-14 11:00:00,4543.359667,2325.801,94.52300000000001,1779.403
2023-05-14 12:00:00,4868.772667,2461.2,83.873,1889.7060000000001
2023-05-14 13:00:00,5340.537333,2560.5879999999997,89.172,1983.736667
2023-05-14 14:00:00,5652.931333,2642.2479999999996,103.32300000000001,2083.2476669999996
2023-05-14 15:00:00,6155.4893329999995,2798.352,103.393,2167.1953330000006
2023-05-14 16:00:00,6595.695,2909.3019999999997,116.77599999999998,2328.716
2023-05-14 17:00:00,6988.046333,3061.8543339999997,124.745,2411.235
2023-05-14 18:00:00,7291.233,3136.108,123.965,2524.2983329999997
2023-05-14 19:00:00,7391.047333,3184.098,116.021,2530.906
2023-05-14 20:00:00,7223.921,3173.7480000000005,132.013,2550.6279999999997
2023-05-14 21:00:00,6729.634333,3127.985,123.72100000000002,2498.9579999999996
2023-05-14 22:00:00,6310.626667,2924.9759999999997,137.287,2400.746999
2023-05-14 23:00:00,5479.155333000001,2638.825,139.978,2086.488332
2023-05-15 00:00:00,4549.505999999999,2219.688,103.37500000000001,1717.039166
2023-05-15 01:00:00,3745.388,1863.172,79.958,1440.270333
2023-05-15 02:00:00,3239.66,1600.3359999999998,61.587,1272.8496659999998
2023-05-15 03:00:00,2922.6,1468.523,54.544999999999995,1152.9388330000002
2023-05-15 04:00:00,2726.703,1411.1309999999999,46.26499999999999,1086.404167
2023-05-15 05:00:00,2668.9429999999998,1355.027,44.43000000000001,1043.1131659999999
2023-05-15 06:00:00,2804.8810000000003,1435.284,48.56399999999999,1088.675333
2023-05-15 07:00:00,3078.214,1652.345,56.84799999999999,1262.441
2023-05-15 08:00:00,3369.232,1777.882,63.94499999999999,1400.686499
2023-05-15 09:00:00,3528.094,1804.6009999999999,66.36399999999999,1423.929
2023-05-15 10:00:00,3844.054,1887.3090000000002,82.794,1464.1696670000001
2023-05-15 11:00:00,4217.518,2125.704,81.03699999999999,1605.2013339999999
2023-05-15 12:00:00,4740.894,2287.6890000000003,93.91000000000001,1786.375667
2023-05-15 13:00:00,5212.815,2531.3720000000003,96.16200000000002,1953.030333
2023-05-15 14:00:00,5603.701999999999,2720.627667,104.137,2149.825
2023-05-15 15:00:00,6166.947,2848.784667,119.05299999999998,2288.084999
2023-05-15 16:00:00,6623.847,2979.0879999999997,124.218,2416.463667
2023-05-15 17:00:00,7033.075,3134.837,129.977,2603.746333
2023-05-15 18:00:00,7024.717000000001,3185.891,138.83100000000002,2646.4573330000003
2023-05-15 19:00:00,6679.38,3125.798333,138.95700000000002,2556.4733340000002
2023-05-15 20:00:00,5996.84,2961.861667,127.29799999999997,2398.056333
2023-05-15 21:00:00,5416.731,2868.1670000000004,124.318,2261.4843339999998
2023-05-15 22:00:00,5059.1810000000005,2624.1139999999996,120.278,2122.734667
2023-05-15 23:00:00,4412.23,2340.2019999999998,90.02299999999998,1775.827
2023-05-16 00:00:00,3597.029,1979.464,81.027,1504.924668
2023-05-16 01:00:00,3004.069,1723.664,61.805,1296.624667
2023-05-16 02:00:00,2668.491,1576.0590000000002,51.535,1153.455999
2023-05-16 03:00:00,2469.134,1424.4479999999999,43.731,1055.3950009999999
2023-05-16 04:00:00,2343.183,1335.5149999999999,39.221000000000004,1008.5053340000001
2023-05-16 05:00:00,2302.18,1314.0099999999998,40.93400000000001,959.4748340000001
2023-05-16 06:00:00,2476.803,1402.1170000000002,45.948,1033.8585
2023-05-16 07:00:00,2745.129,1578.953,56.79899999999999,1218.1093329999999
2023-05-16 08:00:00,2959.425,1698.253,61.221,1279.2093340000001
2023-05-16 09:00:00,3025.403,1708.864333,50.282,1334.913333
2023-05-16 10:00:00,3135.2039999999997,1743.160333,61.03,1352.063832
2023-05-16 11:00:00,3314.778333,1873.3503329999999,65.049,1510.595499
2023-05-16 12:00:00,3546.14,1997.9453330000001,68.806,1575.019166
2023-05-16 13:00:00,3922.239,2170.495334,72.256,1635.469999
2023-05-16 14:00:00,4281.018,2284.346334,85.408,1805.8709989999998
2023-05-16 15:00:00,4746.804,2460.7416670000002,90.34100000000001,1938.1456660000001
2023-05-16 16:00:00,5192.803,2603.878,95.64900000000002,2034.5559999999998
2023-05-16 17:00:00,5623.813,2668.6769999999997,114.547,2199.391
2023-05-16 18:00:00,5941.036,2769.246,122.306,2304.300166
2023-05-16 19:00:00,6248.605,2954.124667,122.243,2411.606333
2023-05-16 20:00:00,6171.63,2917.088333,131.751,2395.433
2023-05-16 21:00:00,5808.939,2806.647,120.63,2292.9386670000004
2023-05-16 22:00:00,5432.691,2723.155333,119.32499999999997,2155.693
2023-05-16 23:00:00,4710.516,2404.3406670000004,97.64300000000001,1842.102333
2023-05-17 00:00:00,3934.42,2051.782,90.90299999999999,1598.4973340000001
2023-05-17 01:00:00,3226.8019999999997,1758.796667,66.70400000000001,1343.493999
2023-05-17 02:00:00,2818.54,1561.4516669999998,53.72299999999999,1152.4343330000002
2023-05-17 03:00:00,2563.768,1391.004333,47.792,1062.507834
2023-05-17 04:00:00,2370.293,1331.73,40.806,996.998166
2023-05-17 05:00:00,2281.9800000000005,1297.150333,39.56,987.057334
2023-05-17 06:00:00,2461.624333,1372.842667,48.917,1038.831667
2023-05-17 07:00:00,2799.002,1572.260667,51.516999999999996,1213.0226670000002
2023-05-17 08:00:00,2983.963667,1697.0569999999998,59.36,1340.8129990000002
2023-05-17 09:00:00,3046.456333,1694.415667,60.44500000000001,1321.862333
2023-05-17 10:00:00,3265.0190000000002,1835.5059999999999,57.050000000000004,1333.395666
2023-05-17 11:00:00,3394.099,1930.5593330000002,68.519,1460.343665
2023-05-17 12:00:00,3653.9919999999997,2075.717667,69.54799999999999,1631.926334
2023-05-17 13:00:00,4098.59,2247.632667,74.993,1753.274
2023-05-17 14:00:00,4567.191,2421.913333,89.882,1895.464333
2023-05-17 15:00:00,5144.258,2594.701,101.31899999999997,2045.605667
2023-05-17 16:00:00,5825.197,2761.072,119.42300000000002,2192.4900019999995
2023-05-17 17:00:00,6480.068,2962.2749999999996,134.153,2461.352334
2023-05-17 18:00:00,7112.403,3253.5429999999997,135.50799999999998,2653.622999
2023-05-17 19:00:00,7391.055,3320.982,137.799,2733.619
2023-05-17 20:00:00,7270.222,3286.343,139.976,2691.1096660000003
2023-05-17 21:00:00,6667.168,3179.9026670000003,137.86999999999998,2572.936334
2023-05-17 22:00:00,6211.994000000001,3049.512333,143.28,2488.403
2023-05-17 23:00:00,5491.991,2815.6433340000003,109.934,2179.3579999999997
2023-05-18 00:00:00,4578.598,2376.672,85.845,1787.894499
2023-05-18 01:00:00,3759.401,2027.3609999999999,71.89200000000001,1533.088831
2023-05-18 02:00:00,3321.295,1785.4119999999998,62.483000000000004,1323.232501
2023-05-18 03:00:00,2924.872,1588.688,53.415,1196.813
2023-05-18 04:00:00,2657.5510000000004,1462.911,47.202999999999996,1104.0955
2023-05-18 05:00:00,2525.2340000000004,1425.878,44.304,1035.5089980000002
2023-05-18 06:00:00,2622.513,1462.486,50.565,1106.160667
2023-05-18 07:00:00,2920.177,1620.547333,57.900999999999996,1229.581666
2023-05-18 08:00:00,3159.173,1754.4936659999998,70.70400000000001,1346.376333
2023-05-18 09:00:00,3145.927333,1743.553999,58.29999999999999,1341.247999
2023-05-18 10:00:00,3228.718,1819.238,63.695,1392.041334
2023-05-18 11:00:00,3441.9300000000003,1911.0370010000001,72.111,1441.926334
2023-05-18 12:00:00,3653.755,1997.258999,77.77700000000002,1537.6689999999999
2023-05-18 13:00:00,3920.431,2144.940334,82.99900000000001,1678.854
2023-05-18 14:00:00,4272.037,2329.4,85.57299999999998,1795.367334
2023-05-18 15:00:00,4682.967000000001,2475.38,86.26899999999999,1916.2636659999998
2023-05-18 16:00:00,5276.081,2620.682667,100.31899999999997,2127.6970009999995
2023-05-18 17:00:00,6005.855,2842.053333,113.17500000000001,2336.266001
2023-05-18 18:00:00,6502.6359999999995,3071.180667,126.208,2459.243668
2023-05-18 19:00:00,6535.727000000001,3133.075,128.85199999999998,2467.3685
2023-05-18 20:00:00,6349.387000000001,3003.933,129.973,2407.512666
2023-05-18 21:00:00,5750.371999999999,2884.010333,115.55799999999999,2266.740333
2023-05-18 22:00:00,5305.727,2732.610666,103.621,2170.256334
2023-05-18 23:00:00,4600.189,2367.526334,103.07,1934.222667
2023-05-19 00:00:00,3740.005,1985.5819999999999,85.56199999999998,1569.305667
2023-05-19 01:00:00,3094.64,1698.659666,65.236,1308.0690009999998
2023-05-19 02:00:00,2630.0480000000002,1494.6793340000002,49.97200000000001,1138.151999
2023-05-19 03:00:00,2382.858,1329.590667,42.847,1051.867999
2023-05-19 04:00:00,2219.434,1257.041667,40.013000000000005,968.9390000000001
2023-05-19 05:00:00,2167.251,1231.507,39.371,931.3260009999999
2023-05-19 06:00:00,2327.4030000000002,1286.1093329999999,43.89000000000001,983.854667
2023-05-19 07:00:00,2608.303,1460.157333,47.533,1129.059667
2023-05-19 08:00:00,2852.3680000000004,1558.744333,62.277,1265.688668
2023-05-19 09:00:00,2874.9394999999995,1589.4569999999999,51.407000000000004,1234.180667
2023-05-19 10:00:00,2949.977667,1567.7576669999999,63.083,1278.114333
2023-05-19 11:00:00,3060.19,1624.593667,66.10600000000001,1223.387666
2023-05-19 12:00:00,3148.2129999999997,1671.088667,61.177,1273.051666
2023-05-19 13:00:00,3323.667,1861.070667,61.30799999999999,1449.1333330000002
2023-05-19 14:00:00,3625.8050000000003,1935.6386659999998,64.36,1528.975332
2023-05-19 15:00:00,3925.288,2114.813667,71.242,1640.278334
2023-05-19 16:00:00,4483.049999999999,2292.2470000000003,82.08500000000001,1843.897334
2023-05-19 17:00:00,5213.794,2501.4483330000003,98.376,2011.876
2023-05-19 18:00:00,5727.937,2750.4843330000003,115.82699999999998,2177.160333
2023-05-19 19:00:00,5826.585,2780.284667,121.83200000000001,2284.5309989999996
2023-05-19 20:00:00,5594.2880000000005,2749.026334,109.04299999999999,2238.208
2023-05-19 21:00:00,5388.407,2657.1813330000004,110.75000000000001,2136.331999
2023-05-19 22:00:00,5076.564,2556.078,110.614,2047.704333
2023-05-19 23:00:00,4516.061,2378.041,101.756,1838.663334
2023-05-20 00:00:00,3771.996,2059.6401669999996,84.028,1588.183333
2023-05-20 01:00:00,3149.038,1762.5146670000001,75.92799999999998,1348.951668
2023-05-20 02:00:00,2727.7830000000004,1540.6885,68.447,1168.454999
2023-05-20 03:00:00,2427.9120000000003,1376.404334,51.894,1071.999
2023-05-20 04:00:00,2234.9039999999995,1295.0773330000002,46.358000000000004,997.673665
2023-05-20 05:00:00,2114.464,1217.314333,41.33699999999999,941.076667
2023-05-20 06:00:00,2115.297,1225.489667,42.59200000000001,923.0749999999999
2023-05-20 07:00:00,2314.349,1336.6183330000001,44.543,1008.2293340000001
2023-05-20 08:00:00,2666.9629999999997,1512.6513330000002,50.227,1150.377333
2023-05-20 09:00:00,3015.901,1695.212667,61.215,1297.9896669999998
2023-05-20 10:00:00,3283.032,1796.581333,66.281,1382.7346670000002
2023-05-20 11:00:00,3554.7120000000004,1949.4956670000001,67.152,1465.751001
2023-05-20 12:00:00,3713.16,2104.960667,73.22599999999998,1568.976001
2023-05-20 13:00:00,3875.3779999999997,2144.808,95.13900000000001,1673.4573329999998
2023-05-20 14:00:00,4070.9219999999996,2235.0786669999998,91.478,1718.574
2023-05-20 15:00:00,4426.869000000001,2359.900333,100.407,1813.262334
2023-05-20 16:00:00,4820.655000000001,2484.803333,114.599,1935.2244999999998
2023-05-20 17:00:00,5286.477999999999,2593.3,113.71399999999998,1999.1921670000002
2023-05-20 18:00:00,5643.456,2718.4096670000004,107.902,2060.465166
2023-05-20 19:00:00,5616.398,2751.929,111.58200000000001,2095.171833
2023-05-20 20:00:00,5374.9710000000005,2619.697,111.967,2072.948666
2023-05-20 21:00:00,4869.41,2499.033,102.18599999999999,1926.567333
2023-05-20 22:00:00,4437.0805,2335.928333,101.73299999999999,1872.7359999999999
2023-05-20 23:00:00,3975.9945,2090.9266669999997,101.18799999999999,1659.6163339999998
2023-05-21 00:00:00,3430.0725009999996,1832.5933329999998,81.815,1398.373667
2023-05-21 01:00:00,2936.033332,1546.9769999999999,62.56699999999999,1198.742999
2023-05-21 02:00:00,2561.726,1405.2493330000002,47.421,1072.0403339999998
2023-05-21 03:00:00,2283.3140000000003,1281.9103340000001,42.190000000000005,973.575001
2023-05-21 04:00:00,2133.303,1222.510667,41.205999999999996,930.164
2023-05-21 05:00:00,2038.97,1173.888,36.732,880.919
2023-05-21 06:00:00,2044.4483329999998,1176.037,34.854,901.283999
2023-05-21 07:00:00,2161.8985000000002,1255.22,40.143,949.0316660000001
2023-05-21 08:00:00,2520.312,1369.698,42.147000000000006,1032.440002
2023-05-21 09:00:00,2896.7909999999997,1569.954,42.523,1183.788833
2023-05-21 10:00:00,3156.443,1708.1083330000001,54.93200000000001,1316.410666
2023-05-21 11:00:00,3286.317,1872.608,65.035,1428.2209990000001
2023-05-21 12:00:00,3401.1835,1898.7370010000002,68.094,1481.723334
2023-05-21 13:00:00,3459.6895,1917.8553330000002,68.947,1467.870334
2023-05-21 14:00:00,3428.1735,1946.033666,76.79900000000002,1473.816667
2023-05-21 15:00:00,3498.404,1914.9740000000002,82.30499999999998,1418.149
2023-05-21 16:00:00,3400.5035000000003,1912.787334,74.12400000000001,1505.2026660000001
2023-05-21 17:00:00,3580.6913329999998,2006.5826660000002,75.811,1596.7446679999998
2023-05-21 18:00:00,3662.7070000000003,2057.321333,84.468,1681.9946650000002
2023-05-21 19:00:00,3867.6585,2095.642335,88.991,1718.2686669999998
2023-05-21 20:00:00,3882.681,2120.583666,78.475,1670.739999
2023-05-21 21:00:00,3818.182,2082.402999,83.949,1634.6249990000001
2023-05-21 22:00:00,3680.2219999999998,1970.0393329999997,78.16300000000003,1556.310333
2023-05-21 23:00:00,3259.455,1829.745668,74.423,1389.8776659999999
2023-05-22 00:00:00,2732.666,1565.638,62.057,1180.2011659999998
2023-05-22 01:00:00,2371.3885,1351.2633329999999,47.25300000000001,1023.7928330000001
2023-05-22 02:00:00,2105.888,1215.460666,34.223,879.873501
2023-05-22 03:00:00,1971.3519999999999,1127.960332,44.68,832.9861659999999
2023-05-22 04:00:00,1900.353,1112.047,39.539,804.436332
2023-05-22 05:00:00,1945.6860000000001,1121.579666,39.87,837.447
2023-05-22 06:00:00,2168.7439999999997,1210.2626670000002,41.653,911.336666
2023-05-22 07:00:00,2608.515,1393.8100009999998,49.41499999999999,1100.5623329999999
2023-05-22 08:00:00,2893.0989999999997,1544.531668,65.267,1207.906332
2023-05-22 09:00:00,2878.42,1544.857,47.58800000000001,1139.282333
2023-05-22 10:00:00,2911.0975,1587.846,49.71000000000001,1147.375
2023-05-22 11:00:00,2872.877333,1640.783,64.502,1174.740334
2023-05-22 12:00:00,2982.5440000000003,1600.3013329999999,58.79500000000001,1243.531333
2023-05-22 13:00:00,2931.505667,1633.776667,55.199999999999996,1268.2043319999998
2023-05-22 14:00:00,2850.2760000000003,1623.6913330000002,57.236000000000004,1176.024665
2023-05-22 15:00:00,2918.875333,1582.355,60.36999999999999,1173.043999
2023-05-22 16:00:00,2930.3496670000004,1643.736666,51.867,1255.228
2023-05-22 17:00:00,3206.102667,1719.279,59.273,1359.774668
2023-05-22 18:00:00,3638.422667,1898.228667,64.301,1520.694333
2023-05-22 19:00:00,3742.0099999999998,1899.1989990000002,57.245000000000005,1603.1770000000001
2023-05-22 20:00:00,3719.172667,1989.0013330000002,76.11699999999999,1552.335666
2023-05-22 21:00:00,3722.995,2019.1619999999998,73.87999999999998,1525.690999
2023-05-22 22:00:00,3637.2169999999996,1935.6196670000002,69.326,1557.089334
2023-05-22 23:00:00,3263.127,1803.245999,70.72500000000001,1378.4906660000001
2023-05-23 00:00:00,2716.977,1512.6970000000001,68.697,1173.006333
2023-05-23 01:00:00,2378.972,1319.239,49.438,996.996667
2023-05-23 02:00:00,2115.1400000000003,1196.2959999999998,43.63300000000001,903.499
2023-05-23 03:00:00,1986.558,1150.660667,40.49,877.957668
2023-05-23 04:00:00,1924.009,1157.396667,40.67,836.3573339999999
2023-05-23 05:00:00,1979.9755,1174.754668,32.207,845.588667
2023-05-23 06:00:00,2260.2870000000003,1279.303333,40.696,914.0179999999999
2023-05-23 07:00:00,2664.4875,1517.096001,58.224000000000004,1118.473
2023-05-23 08:00:00,2862.8015,1677.9470000000001,62.537,1230.082666
2023-05-23 09:00:00,2882.483,1615.0580009999999,63.202000000000005,1200.7060000000001
2023-05-23 10:00:00,2892.367,1561.603666,56.843,1157.382999
2023-05-23 11:00:00,2886.4105,1570.498334,50.776999999999994,1238.951666
2023-05-23 12:00:00,2910.6108329999997,1598.566332,48.931,1208.909332
2023-05-23 13:00:00,2888.526333,1509.452001,48.411,1229.4886649999999
2023-05-23 14:00:00,2768.457,1523.216832,56.017999999999994,1233.993667
2023-05-23 15:00:00,2744.983667,1559.5373330000002,47.787,1203.564668
2023-05-23 16:00:00,2811.817667,1551.565666,56.06,1197.399333
2023-05-23 17:00:00,3175.098,1667.318833,59.291000000000004,1299.803667
2023-05-23 18:00:00,3403.082,1851.342499,63.466,1451.8833319999999
2023-05-23 19:00:00,3595.048,1950.450167,64.484,1514.9
2023-05-23 20:00:00,3626.6885,1960.534499,69.629,1567.3073319999999
2023-05-23 21:00:00,3645.43,1955.8248339999998,77.193,1505.127335
2023-05-23 22:00:00,3646.1760000000004,1911.268667,78.96299999999998,1532.559333
2023-05-23 23:00:00,3254.821,1744.5905,63.431,1356.9706649999998
2023-05-24 00:00:00,2801.827,1540.8824999999997,58.278,1139.745666
2023-05-24 01:00:00,2426.592667,1339.088499,43.741,999.111668
2023-05-24 02:00:00,2180.852333,1253.004999,44.96600000000001,905.5006679999999
2023-05-24 03:00:00,2071.449666,1175.033666,40.657000000000004,854.887666
2023-05-24 04:00:00,2023.522001,1190.989834,39.48299999999999,825.888667
2023-05-24 05:00:00,2062.348666,1216.327002,39.943000000000005,855.885335
2023-05-24 06:00:00,2378.631334,1333.8865,47.077000000000005,944.571
2023-05-24 07:00:00,2729.410666,1570.358667,55.705,1157.610666
2023-05-24 08:00:00,2938.310667,1654.008501,55.74700000000001,1236.880666
2023-05-24 09:00:00,2961.835999,1608.4258340000001,57.983999999999995,1239.288
2023-05-24 10:00:00,2887.3936670000003,1552.379,69.90100000000001,1186.770333
2023-05-24 11:00:00,2781.428,1536.7596669999998,69.985,1174.938667
2023-05-24 12:00:00,2796.014,1579.781333,61.900999999999996,1199.896667
2023-05-24 13:00:00,2763.835,1569.3906670000001,55.556000000000004,1187.133334
2023-05-24 14:00:00,2728.713,1553.8163339999999,50.90299999999999,1136.158001
2023-05-24 15:00:00,2738.9350000000004,1562.994166,55.821000000000005,1155.903
2023-05-24 16:00:00,2988.77,1614.310833,60.478,1271.8853339999998
2023-05-24 17:00:00,3348.553,1787.061,64.183,1386.149667
2023-05-24 18:00:00,3771.967,1987.6121669999998,74.703,1508.9609990000001
2023-05-24 19:00:00,3992.145,2045.0428339999999,70.21000000000001,1568.622003
2023-05-24 20:00:00,3987.3315000000002,2102.692001,71.00900000000001,1618.949334
2023-05-24 21:00:00,3832.182,2097.001499,70.792,1651.400001
2023-05-24 22:00:00,3773.593,2039.849166,79.652,1585.2650009999998
2023-05-24 23:00:00,3397.398333,1857.512667,74.26,1410.348667
2023-05-25 00:00:00,2857.643333,1556.880334,59.38099999999999,1194.145665
2023-05-25 01:00:00,2351.663333,1348.889999,59.361999999999995,1010.163335
2023-05-25 02:00:00,2134.893,1195.389834,48.838,890.1036660000001
2023-05-25 03:00:00,1965.893,1097.811833,39.062000000000005,859.565
2023-05-25 04:00:00,1896.8429999999998,1083.731667,33.644,817.142666
2023-05-25 05:00:00,1929.6679999999997,1070.2113330000002,35.802,838.829666
2023-05-25 06:00:00,2120.823667,1204.353999,36.425000000000004,931.7926669999999
2023-05-25 07:00:00,2528.790667,1424.1215000000002,49.139,1106.739333
2023-05-25 08:00:00,2752.7673330000002,1549.9376659999998,48.271,1142.682334
2023-05-25 09:00:00,2801.315,1523.108666,47.813,1124.103334
2023-05-25 10:00:00,2792.375,1473.832334,47.88899999999999,1144.627
2023-05-25 11:00:00,2812.4399999999996,1569.462333,49.306999999999995,1168.9776689999999
2023-05-25 12:00:00,2876.493,1565.053667,51.145,1203.8249999999998
2023-05-25 13:00:00,3015.585,1632.726001,48.878,1220.167
2023-05-25 14:00:00,3107.763,1744.8469989999999,59.014,1289.125002
2023-05-25 15:00:00,3280.1040000000003,1837.687,57.663000000000004,1381.5826670000001
2023-05-25 16:00:00,3697.264,1973.348834,61.68300000000001,1483.607
2023-05-25 17:00:00,4295.278,2171.4269999999997,85.43199999999999,1671.523
2023-05-25 18:00:00,4903.874,2413.544667,95.63000000000001,1862.8783349999999
2023-05-25 19:00:00,5228.733,2513.028667,94.836,1943.934666
2023-05-25 20:00:00,5148.1990000000005,2465.756667,93.67300000000002,1957.4969999999998
2023-05-25 21:00:00,4901.883333,2398.5563329999995,96.964,1879.5226659999998
2023-05-25 22:00:00,4617.2919999999995,2326.293333,115.481,1880.9303340000001
2023-05-25 23:00:00,4012.484,2015.755667,84.48500000000001,1669.637667
2023-05-26 00:00:00,3379.373,1748.6280000000002,65.473,1348.297
2023-05-26 01:00:00,2846.412,1515.558333,55.239999999999995,1186.115999
2023-05-26 02:00:00,2486.0969999999998,1375.0410000000002,52.117999999999995,1007.372999
2023-05-26 03:00:00,2236.313,1247.069,43.327000000000005,931.591001
2023-05-26 04:00:00,2121.3640000000005,1177.446,35.126,874.812999
2023-05-26 05:00:00,2066.874,1148.691,35.00800000000001,864.5909999999999
2023-05-26 06:00:00,2242.652,1201.819,39.12499999999999,937.373
2023-05-26 07:00:00,2484.911,1384.959,44.204,1113.205333
2023-05-26 08:00:00,2849.371,1525.5520000000001,55.891,1177.9976660000002
2023-05-26 09:00:00,3038.337,1554.731,50.574,1246.841334
2023-05-26 10:00:00,3077.3979999999997,1661.0023330000001,64.755,1270.784667
2023-05-26 11:00:00,3302.6549999999997,1754.6190000000001,55.909000000000006,1309.0659999999998
2023-05-26 12:00:00,3533.161,1855.2910000000002,55.961,1465.9433319999998
2023-05-26 13:00:00,3701.143,2063.7789999999995,69.75699999999999,1601.2853340000001
2023-05-26 14:00:00,4080.005,2192.0266669999996,74.39000000000001,1638.112999
2023-05-26 15:00:00,4543.997333,2317.184333,79.18499999999999,1801.183667
2023-05-26 16:00:00,4907.638,2487.046999,100.133,1945.134002
2023-05-26 17:00:00,5520.236,2720.623333,109.68400000000001,2118.7283340000004
2023-05-26 18:00:00,5817.561,2846.9220000000005,111.09899999999999,2206.763665
2023-05-26 19:00:00,5792.341,2845.6633330000004,119.78899999999999,2207.447334
2023-05-26 20:00:00,5578.251,2639.240667,106.31900000000002,2142.041001
2023-05-26 21:00:00,5070.4623329999995,2494.558666,99.00399999999999,1992.015334
2023-05-26 22:00:00,4613.383666,2379.789667,99.561,1854.4556660000003
2023-05-26 23:00:00,4131.685667,2190.068334,91.338,1676.283
2023-05-27 00:00:00,3552.532333,1887.483001,70.365,1439.395333
2023-05-27 01:00:00,2924.480333,1512.471,55.592000000000006,1203.032667
2023-05-27 02:00:00,2508.566334,1331.165,41.493,1054.241332
2023-05-27 03:00:00,2244.9210000000003,1229.405,39.709,981.028
2023-05-27 04:00:00,2075.8149999999996,1178.3258329999999,38.516999999999996,913.749333
2023-05-27 05:00:00,2033.7200000000003,1108.449167,38.160000000000004,876.206667
2023-05-27 06:00:00,2057.719,1136.6080000000002,39.64199999999999,883.298667
2023-05-27 07:00:00,2164.7569999999996,1207.0955,43.669,919.392
2023-05-27 08:00:00,2426.809,1371.719,45.496,1032.2223330000002
2023-05-27 09:00:00,2794.1859999999997,1555.718,49.248,1202.717668
2023-05-27 10:00:00,3148.95,1637.6338329999999,67.184,1266.513
2023-05-27 11:00:00,3207.3779999999997,1759.1655,65.512,1344.0803340000002
2023-05-27 12:00:00,3331.157,1813.9409999999998,75.987,1437.3536679999997
2023-05-27 13:00:00,3487.3559999999998,1833.332833,73.799,1476.498334
2023-05-27 14:00:00,3505.5829999999996,1940.842,74.051,1494.2616669999998
2023-05-27 15:00:00,3678.946,2004.8033329999998,77.483,1540.398001
2023-05-27 16:00:00,3802.3810000000003,2050.177,71.172,1651.767
2023-05-27 17:00:00,4090.0060000000003,2118.644667,78.382,1697.625332
2023-05-27 18:00:00,4299.334999999999,2169.978167,100.40699999999998,1729.402
2023-05-27 19:00:00,4478.635,2213.186333,92.0,1732.8056660000002
2023-05-27 20:00:00,4390.713,2147.8745,96.113,1701.989833
2023-05-27 21:00:00,4042.0750000000003,2133.3315000000002,90.07,1591.076
2023-05-27 22:00:00,3768.7495,2011.202,88.278,1505.054334
2023-05-27 23:00:00,3451.1455,1803.77,86.086,1372.029334
2023-05-28 00:00:00,2955.477167,1552.0081670000002,72.63799999999999,1177.662667
2023-05-28 01:00:00,2579.136333,1336.2240000000002,57.404,1077.110168
2023-05-28 02:00:00,2266.771667,1203.548667,38.111999999999995,928.9891660000001
2023-05-28 03:00:00,2074.765667,1097.711666,37.98299999999999,856.7308330000001
2023-05-28 04:00:00,1948.12,1038.449501,35.00599999999999,812.5856670000001
2023-05-28 05:00:00,1863.51,1021.5755,36.41199999999999,806.606666
2023-05-28 06:00:00,1914.4699999999998,1074.1245,36.879,827.570332
2023-05-28 07:00:00,2057.996,1166.419334,43.614000000000004,906.252
2023-05-28 08:00:00,2369.093,1317.0396660000001,46.396,1005.9493339999999
2023-05-28 09:00:00,2764.774,1515.550832,58.77100000000001,1136.857332
2023-05-28 10:00:00,3009.4410000000003,1660.6661669999999,66.57,1263.1126669999999
2023-05-28 11:00:00,3092.357,1761.211501,62.622,1336.893666
2023-05-28 12:00:00,3199.2479999999996,1697.168834,64.955,1459.883334
2023-05-28 13:00:00,3276.602,1690.449666,67.96,1433.920334
2023-05-28 14:00:00,3247.837,1738.895166,62.76700000000001,1415.570001
2023-05-28 15:00:00,3227.1279999999997,1812.106667,69.07300000000001,1370.531
2023-05-28 16:00:00,3285.616,1809.3808339999998,78.674,1446.3353339999999
2023-05-28 17:00:00,3536.968,1863.944167,68.71799999999999,1549.3139999999999
2023-05-28 18:00:00,3781.375,1960.7408340000002,73.94800000000001,1566.9163330000001
2023-05-28 19:00:00,3920.4444999999996,2010.5855,74.765,1627.373333
2023-05-28 20:00:00,4008.928,2001.250167,82.709,1650.2223330000002
2023-05-28 21:00:00,3799.186,1942.672333,80.566,1557.1506650000001
2023-05-28 22:00:00,3702.3410000000003,1911.972833,83.18199999999999,1550.6536669999998
2023-05-28 23:00:00,3431.1980000000003,1776.530667,71.093,1410.774666
2023-05-29 00:00:00,2885.842331,1573.143334,56.58800000000001,1267.553001
2023-05-29 01:00:00,2463.157499,1361.708333,52.440000000000005,1084.985334
2023-05-29 02:00:00,2151.038667,1198.521666,42.238,944.9689989999999
2023-05-29 03:00:00,2011.1859999999997,1080.5026670000002,40.815,852.939333
2023-05-29 04:00:00,1911.109,1034.2010010000001,37.038,810.8986669999999
2023-05-29 05:00:00,1855.1203329999998,1049.329333,34.196000000000005,789.695334
2023-05-29 06:00:00,1945.2089999999998,1085.939667,35.388,797.952
2023-05-29 07:00:00,2123.13,1150.682668,37.852999999999994,859.827001
2023-05-29 08:00:00,2364.206,1283.858335,45.982,961.857
2023-05-29 09:00:00,2757.364,1439.539334,57.143,1153.909334
2023-05-29 10:00:00,3057.3289999999997,1640.8476660000001,67.08300000000001,1236.864333
2023-05-29 11:00:00,3278.649,1774.045001,78.238,1327.1386670000002
2023-05-29 12:00:00,3396.361,1833.3230010000002,64.74799999999999,1500.297665
2023-05-29 13:00:00,3403.303,1904.103,82.821,1401.780667
2023-05-29 14:00:00,3404.595,1931.829001,86.256,1490.3586679999999
2023-05-29 15:00:00,3552.6769999999997,2034.4496669999999,95.32499999999999,1571.946
2023-05-29 16:00:00,3807.858,2095.251999,90.21400000000001,1593.9160000000002
2023-05-29 17:00:00,4161.655333000001,2161.534334,88.99600000000001,1749.438333
2023-05-29 18:00:00,4603.482667,2392.628666,96.674,1932.634666
2023-05-29 19:00:00,4801.558667,2421.1553329999997,104.72900000000001,1926.0683330000002
2023-05-29 20:00:00,4778.0380000000005,2359.569333,87.754,1919.7559999999999
2023-05-29 21:00:00,4478.985667,2331.279001,104.634,1849.0096669999998
2023-05-29 22:00:00,4254.128333000001,2190.146334,98.484,1741.614333
2023-05-29 23:00:00,3590.956,1971.5116669999998,84.579,1528.385667
2023-05-30 00:00:00,2916.771333,1614.184667,62.285000000000004,1286.2416669999998
2023-05-30 01:00:00,2449.0765,1353.3703329999998,61.965999999999994,1063.906
2023-05-30 02:00:00,2163.1583330000003,1157.0928330000002,44.673,934.565
2023-05-30 03:00:00,1972.5178329999999,1086.836167,36.167,858.078667
2023-05-30 04:00:00,1862.760167,1053.220667,33.937,835.697
2023-05-30 05:00:00,1910.2386669999999,1082.244667,34.098,840.6060010000001
2023-05-30 06:00:00,2188.131333,1203.0333329999999,41.609,914.113
2023-05-30 07:00:00,2533.8536670000003,1381.175667,45.952999999999996,1090.5389989999999
2023-05-30 08:00:00,2791.0699999999997,1481.8600000000001,64.677,1181.4903319999999
2023-05-30 09:00:00,2754.9893330000004,1520.851667,53.497,1142.3768329999998
2023-05-30 10:00:00,2766.2993340000003,1523.840166,51.452,1127.228334
2023-05-30 11:00:00,2746.1875010000003,1475.926334,58.349,1138.054833
2023-05-30 12:00:00,2816.257665,1515.096,64.805,1147.753
2023-05-30 13:00:00,2878.3706660000003,1522.125001,66.62,1179.136333
2023-05-30 14:00:00,2801.375,1527.773001,52.233999999999995,1159.7845
2023-05-30 15:00:00,2789.224333,1531.736167,53.444,1177.401967
2023-05-30 16:00:00,2980.871333,1609.681001,57.23199999999999,1295.8166999999999
2023-05-30 17:00:00,3270.899,1740.4421659999998,59.046,1424.717167
2023-05-30 18:00:00,3622.841333,1883.2150000000001,74.2,1565.356499
2023-05-30 19:00:00,3907.4570000000003,1983.178166,83.62599999999999,1578.363333
2023-05-30 20:00:00,3866.738,1983.0425,100.559,1629.2045
2023-05-30 21:00:00,3735.4109999999996,1991.987333,78.681,1581.572833
2023-05-30 22:00:00,3724.384667,1898.701,87.08800000000001,1494.3571670000001
2023-05-30 23:00:00,3321.294,1774.479,70.848,1373.168167
2023-05-31 00:00:00,2773.277667,1496.434,69.273,1167.975999
2023-05-31 01:00:00,2355.583,1283.801334,51.635999999999996,1007.904834
2023-05-31 02:00:00,2122.328,1135.4270000000001,41.488,872.2180060000001
2023-05-31 03:00:00,1974.016,1052.479833,34.155,811.0558719999999
2023-05-31 04:00:00,1893.824,1048.779167,33.138,808.046463
2023-05-31 05:00:00,1941.8776669999997,1081.533833,34.81000000000001,806.597883
2023-05-31 06:00:00,2206.9916670000002,1226.461333,43.033,911.275472
2023-05-31 07:00:00,2571.2386669999996,1393.841,56.052,1069.026894
2023-05-31 08:00:00,2767.5460000000003,1492.597832,46.416999999999994,1195.8439990000002
2023-05-31 09:00:00,2807.788,1461.959334,47.106,1167.0741670000002
2023-05-31 10:00:00,2764.3109999999997,1488.086,48.909,1181.447333
2023-05-31 11:00:00,2807.093,1553.5888340000001,66.422,1132.887834
2023-05-31 12:00:00,2789.5860000000002,1501.2689999999998,54.105000000000004,1175.7855029999998
2023-05-31 13:00:00,2772.12,1455.427834,54.40200000000001,1165.863007
2023-05-31 14:00:00,2708.23,1427.1798330000001,62.43400000000001,1150.740013
2023-05-31 15:00:00,2811.4230000000002,1482.788332,52.532000000000004,1168.2933509999998
2023-05-31 16:00:00,2850.051,1518.173499,55.047000000000004,1208.607176
2023-05-31 17:00:00,3175.6809999999996,1629.297999,61.489,1363.550833
2023-05-31 18:00:00,3544.3626670000003,1771.6705000000002,62.963,1482.6993
2023-05-31 19:00:00,3562.540667,1887.471501,67.10600000000001,1555.168869
2023-05-31 20:00:00,3627.821,1912.5545,76.05300000000001,1473.9279999999999
2023-05-31 21:00:00,3636.0795,1918.1974999999998,74.437,1457.889467
2023-05-31 22:00:00,3582.166,1895.5111670000001,62.15800000000001,1475.237268
2023-05-31 23:00:00,3180.8405000000002,1694.011,64.801,1365.858067
2023-06-01 00:00:00,2668.745,1496.7043330000001,51.059,1169.7875319999998
2023-06-01 01:00:00,2303.751,1273.154834,42.543,973.5075009999999
2023-06-01 02:00:00,2108.0570000000002,1150.921334,38.669999999999995,878.157
2023-06-01 03:00:00,1972.714667,1055.855334,32.024,829.898499
2023-06-01 04:00:00,1927.3683330000001,1064.69,31.713,793.7635
2023-06-01 05:00:00,2002.417,1124.109667,33.934000000000005,838.289667
2023-06-01 06:00:00,2335.2870000000003,1266.789833,40.07400000000001,963.3320000000001
2023-06-01 07:00:00,2695.1620000000003,1448.7338330000002,47.85300000000001,1136.6423340000001
2023-06-01 08:00:00,2989.577,1525.802333,56.135999999999996,1189.871334
2023-06-01 09:00:00,2974.8289999999997,1547.1508330000001,61.77499999999999,1193.370499
2023-06-01 10:00:00,2827.080667,1515.9498330000001,70.32199999999999,1150.314834
2023-06-01 11:00:00,2829.825667,1486.6605000000002,61.716,1145.580001
2023-06-01 12:00:00,2806.892,1470.6219999999998,56.958000000000006,1143.2135
2023-06-01 13:00:00,2778.8593339999998,1483.4765000000002,53.873000000000005,1135.927667
2023-06-01 14:00:00,2778.8906660000002,1485.441333,52.608,1140.508667
2023-06-01 15:00:00,2743.5746660000004,1508.1473330000001,52.461999999999996,1190.137834
2023-06-01 16:00:00,2824.3089999999997,1618.1836669999998,43.330999999999996,1218.8980000000001
2023-06-01 17:00:00,3187.103,1712.551833,50.01,1290.856499
2023-06-01 18:00:00,3630.551,1852.213667,69.219,1486.0495
2023-06-01 19:00:00,3871.9709999999995,1991.382833,77.56,1536.942333
2023-06-01 20:00:00,3860.181,1967.6375,85.55199999999999,1560.4013340000001
2023-06-01 21:00:00,3789.003666,1959.0950000000003,72.25200000000001,1592.581333
2023-06-01 22:00:00,3681.9643330000004,1963.426833,68.176,1516.2844890000001
2023-06-01 23:00:00,3328.792,1748.988333,60.635,1378.501771
2023-06-02 00:00:00,2825.357,1507.5721670000003,56.343,1144.61116
2023-06-02 01:00:00,2484.599,1312.600167,46.717,1000.3070499999999
2023-06-02 02:00:00,2112.73,1189.3826669999999,39.775999999999996,888.5623370000001
2023-06-02 03:00:00,1932.299,1068.5368330000001,33.927,803.777002
2023-06-02 04:00:00,1913.926,1060.2345,34.114000000000004,804.779167
2023-06-02 05:00:00,1939.659,1097.731833,35.198,826.203833
2023-06-02 06:00:00,2209.1980000000003,1217.7388329999999,38.413999999999994,905.685
2023-06-02 07:00:00,2522.007333,1410.4119999999998,53.583,1073.924167
2023-06-02 08:00:00,2781.682,1495.254167,54.16300000000001,1179.8560009999999
2023-06-02 09:00:00,2834.054,1519.948333,54.272,1196.6461669999999
2023-06-02 10:00:00,2841.966,1498.568167,63.733999999999995,1172.2226649999998
2023-06-02 11:00:00,2936.2250000000004,1536.479833,49.322999999999986,1130.5055
2023-06-02 12:00:00,2912.35,1508.227833,42.974000000000004,1171.280833
2023-06-02 13:00:00,2946.975,1566.4115000000002,55.852999999999994,1212.751833
2023-06-02 14:00:00,2982.9400000000005,1571.749333,52.30899999999999,1240.516665
2023-06-02 15:00:00,3073.7619999999997,1674.6156660000001,55.98,1310.139334
2023-06-02 16:00:00,3302.9440000000004,1802.631334,67.65199999999999,1409.8548329999999
2023-06-02 17:00:00,3634.688,1894.114999,76.355,1550.429167
2023-06-02 18:00:00,4106.010333,2107.157333,84.147,1668.6893340000001
2023-06-02 19:00:00,4255.307333000001,2182.289667,83.485,1716.904833
2023-06-02 20:00:00,4222.112333,2042.905667,86.20400000000001,1712.3968340000001
2023-06-02 21:00:00,4093.6349999999998,2020.472333,79.037,1616.0153340000002
2023-06-02 22:00:00,3962.385333,1985.469999,75.27000000000001,1521.895166
2023-06-02 23:00:00,3473.588667,1769.269,72.716,1383.654167
2023-06-03 00:00:00,2996.0110000000004,1548.339999,65.131,1228.9631669999999
2023-06-03 01:00:00,2583.016,1352.647,59.675,1014.6241660000001
2023-06-03 02:00:00,2265.2275,1169.1680000000001,44.942,919.1189999999999
2023-06-03 03:00:00,2104.4404999999997,1063.0819999999999,35.54500000000001,853.840666
2023-06-03 04:00:00,1961.7476660000002,1031.8019989999998,33.325,836.350267
2023-06-03 05:00:00,1883.363333,1021.6993330000001,32.484,809.4222340000001
2023-06-03 06:00:00,1982.996,1071.309999,35.901999999999994,846.476002
2023-06-03 07:00:00,2137.409334,1144.992334,37.917,920.9633349999999
2023-06-03 08:00:00,2454.460666,1340.913333,45.56,1005.6431670000002
2023-06-03 09:00:00,2820.981667,1535.1936660000001,50.035999999999994,1170.412166
2023-06-03 10:00:00,3064.8153329999996,1673.043334,62.202,1277.9131659999998
2023-06-03 11:00:00,3215.3666670000002,1784.637667,62.194999999999986,1387.344001
2023-06-03 12:00:00,3350.504667,1777.915333,54.443,1472.919
2023-06-03 13:00:00,3400.6266670000005,1927.199,60.87799999999999,1476.2024999999999
2023-06-03 14:00:00,3451.7886670000003,1957.716,69.27299999999998,1450.155
2023-06-03 15:00:00,3596.171333,2052.938334,77.453,1536.588499
2023-06-03 16:00:00,3911.3559999999998,2126.760333,74.71799999999999,1654.60875
2023-06-03 17:00:00,4292.344666999999,2209.2340000000004,81.74500000000002,1725.671751
2023-06-03 18:00:00,4594.09,2286.007,88.51500000000001,1771.761833
2023-06-03 19:00:00,4797.722,2279.008,90.06099999999999,1791.415334
2023-06-03 20:00:00,4579.488333,2229.625,94.827,1733.12
2023-06-03 21:00:00,4219.834667000001,2133.3729999999996,80.625,1667.264333
2023-06-03 22:00:00,3848.7855,2021.0439999999999,74.611,1590.4375
2023-06-03 23:00:00,3491.651833,1847.0790000000002,69.87099999999998,1415.144166
2023-06-04 00:00:00,3028.905833,1622.9319999999998,69.425,1281.076665
2023-06-04 01:00:00,2587.536,1354.5679999999998,53.293,1108.348669
2023-06-04 02:00:00,2250.7005,1188.8850000000002,38.13400000000001,914.080334
2023-06-04 03:00:00,2050.0615,1127.249,42.684000000000005,835.4511669999999
2023-06-04 04:00:00,1938.871333,1063.982,32.663,807.868833
2023-06-04 05:00:00,1838.956667,1047.842,32.470000000000006,782.528
2023-06-04 06:00:00,1929.998333,1100.676001,33.717999999999996,833.610999
2023-06-04 07:00:00,2156.058,1217.709667,34.475,898.7525009999999
2023-06-04 08:00:00,2433.151,1346.8028330000002,39.21099999999999,1017.989333
2023-06-04 09:00:00,2798.299,1514.538,48.691,1132.490333
2023-06-04 10:00:00,3110.453,1702.74,71.34100000000001,1260.4625
2023-06-04 11:00:00,3322.107,1815.283333,78.09099999999998,1345.533
2023-06-04 12:00:00,3378.995,1826.127333,78.778,1388.760171
2023-06-04 13:00:00,3330.9939999999997,1836.042,61.929,1410.193509
2023-06-04 14:00:00,3459.654,1971.627667,71.967,1475.189511
2023-06-04 15:00:00,3515.8010000000004,2021.9013329999998,78.364,1542.434
2023-06-04 16:00:00,3695.678,2070.1938330000003,83.141,1568.3599170000002
2023-06-04 17:00:00,4039.343,2161.599333,75.59499999999998,1667.9322499999998
2023-06-04 18:00:00,4371.434,2287.8271669999995,88.233,1707.221168
2023-06-04 19:00:00,4472.838,2322.522,78.841,1831.209834
2023-06-04 20:00:00,4474.014999999999,2253.3275,82.83099999999999,1822.817
2023-06-04 21:00:00,4241.728999999999,2229.995333,88.45599999999999,1787.3509999999999
2023-06-04 22:00:00,3996.5280000000002,2099.328667,101.507,1698.3835
2023-06-04 23:00:00,3522.7380000000003,1860.8700000000001,98.64,1531.500833
2023-06-05 00:00:00,2977.626,1628.446333,75.36,1244.793333
2023-06-05 01:00:00,2507.9835000000003,1364.2333330000001,46.135000000000005,1068.0565000000001
2023-06-05 02:00:00,2209.9355,1164.4289999999999,37.568000000000005,922.4285
2023-06-05 03:00:00,1997.2109999999998,1079.323666,33.813,841.11
2023-06-05 04:00:00,1919.286,1052.095667,33.214999999999996,802.2446669999999
2023-06-05 05:00:00,1920.9070000000002,1086.504,33.548,822.876
2023-06-05 06:00:00,2156.107,1189.058,40.96900000000001,896.0659999999999
2023-06-05 07:00:00,2434.3289999999997,1396.5700000000002,42.639,1066.9155
2023-06-05 08:00:00,2728.902333,1475.142,47.89700000000001,1183.473
2023-06-05 09:00:00,2841.594667,1448.013,54.24599999999999,1181.668498
2023-06-05 10:00:00,2769.669,1513.526334,58.714000000000006,1126.587001
2023-06-05 11:00:00,2869.5660000000003,1523.445,58.569,1177.2763329999998
2023-06-05 12:00:00,2993.3410000000003,1585.708333,56.111,1246.020667
2023-06-05 13:00:00,3068.835,1672.777334,61.92700000000001,1303.8935000000001
2023-06-05 14:00:00,3232.121,1738.153667,63.155,1360.7160000000001
2023-06-05 15:00:00,3372.063,1805.435,73.43299999999999,1422.301833
2023-06-05 16:00:00,3740.7426670000004,1996.436667,75.679,1534.2785
2023-06-05 17:00:00,4284.145667,2219.094333,101.49100000000001,1677.500167
2023-06-05 18:00:00,4813.804,2360.275667,107.92399999999998,1864.595833
2023-06-05 19:00:00,5016.314,2443.33,111.95800000000003,1894.6144989999998
2023-06-05 20:00:00,4947.816,2374.989667,107.64899999999997,1869.646167
2023-06-05 21:00:00,4582.1055,2320.4139999999998,93.85499999999999,1833.93
2023-06-05 22:00:00,4243.955,2186.219333,83.58399999999999,1683.005666
2023-06-05 23:00:00,3708.9094999999998,1926.271667,77.015,1518.464
2023-06-06 00:00:00,3005.6335,1660.7506669999998,67.51299999999998,1261.507333
2023-06-06 01:00:00,2502.7655,1419.2666669999999,54.492000000000004,1062.370665
2023-06-06 02:00:00,2195.423,1209.735333,39.568999999999996,952.860666
2023-06-06 03:00:00,2034.268,1099.939667,38.861999999999995,873.6073329999999
2023-06-06 04:00:00,1938.596,1056.504,31.371000000000002,840.049333
2023-06-06 05:00:00,1959.128,1093.1100000000001,33.14000000000001,823.551334
2023-06-06 06:00:00,2124.668,1171.738667,36.796,899.5236670000002
2023-06-06 07:00:00,2479.1139999999996,1366.472,45.269000000000005,1015.651
2023-06-06 08:00:00,2731.8450000000003,1526.713334,50.174,1083.083999
2023-06-06 09:00:00,2746.678,1494.691333,48.287,1117.1344989999998
2023-06-06 10:00:00,2802.8970000000004,1525.590666,58.52000000000001,1144.844332
2023-06-06 11:00:00,2888.038,1603.755333,57.25600000000001,1205.580167
2023-06-06 12:00:00,3048.244,1697.0823329999998,55.772999999999996,1333.721667
2023-06-06 13:00:00,3344.973,1872.5446670000001,72.57500000000002,1381.789666
2023-06-06 14:00:00,3643.237,1975.3103339999998,81.06400000000001,1499.165333
2023-06-06 15:00:00,4108.591,2169.651666,76.09100000000001,1666.531333
2023-06-06 16:00:00,4812.277,2456.272332,98.02300000000002,1871.689334
2023-06-06 17:00:00,5770.142,2768.301,107.694,2134.581
2023-06-06 18:00:00,6492.206,2992.4010000000003,127.03,2362.090667
2023-06-06 19:00:00,6793.268,3153.9683339999997,140.395,2481.0893319999996
2023-06-06 20:00:00,6585.932,3045.507667,138.863,2438.490334
2023-06-06 21:00:00,6383.576,2932.443999,118.411,2339.833333
2023-06-06 22:00:00,5866.136,2815.0099999999998,118.002,2250.517668
2023-06-06 23:00:00,5087.025667,2478.158333,101.432,2014.996334
2023-06-07 00:00:00,4198.952,2116.703333,82.77699999999999,1716.347999
2023-06-07 01:00:00,3401.601333,1798.636,64.98400000000001,1408.7890009999999
2023-06-07 02:00:00,2966.167,1550.211,48.918,1200.7266670000001
2023-06-07 03:00:00,2614.728,1395.7640000000001,43.480000000000004,1084.530667
2023-06-07 04:00:00,2438.629,1297.836,38.25000000000001,1025.75
2023-06-07 05:00:00,2349.353,1281.2019999999998,38.043000000000006,996.6636669999999
2023-06-07 06:00:00,2435.199667,1337.951,42.76299999999999,1030.290333
2023-06-07 07:00:00,2700.514,1448.071333,45.864,1143.648499
2023-06-07 08:00:00,2924.560666,1582.739333,58.31600000000001,1217.510665
2023-06-07 09:00:00,2908.227,1547.061667,60.464000000000006,1202.273
2023-06-07 10:00:00,2945.268,1536.942667,61.009,1188.221501
2023-06-07 11:00:00,3000.004,1628.506333,58.782,1223.461334
2023-06-07 12:00:00,3099.447,1723.991,57.30799999999999,1261.3729990000002
2023-06-07 13:00:00,3347.697,1806.625,60.199000000000005,1354.569001
2023-06-07 14:00:00,3487.255,1889.267333,59.578,1433.546667
2023-06-07 15:00:00,3762.241,1985.609333,66.77600000000001,1492.251667
2023-06-07 16:00:00,4396.757,2182.495667,83.12899999999999,1750.617334
2023-06-07 17:00:00,5077.468,2525.716,96.09599999999998,2000.784
2023-06-07 18:00:00,5686.973,2745.287667,104.03099999999999,2189.376666
2023-06-07 19:00:00,5989.075333,2922.1046669999996,108.95700000000001,2287.289334
2023-06-07 20:00:00,5945.796666,2912.7713329999997,129.266,2307.322666
2023-06-07 21:00:00,5638.636667,2763.967,124.71900000000001,2229.0730000000003
2023-06-07 22:00:00,5316.796667,2667.2920000000004,118.613,2172.429002
2023-06-07 23:00:00,4604.358666,2395.202333,100.243,1811.3733339999999
2023-06-08 00:00:00,3677.527,2007.380333,76.998,1556.124331
2023-06-08 01:00:00,3091.3703330000003,1676.1876670000001,59.906000000000006,1301.262332
2023-06-08 02:00:00,2676.007,1467.896,51.473,1131.059334
2023-06-08 03:00:00,2384.4896670000003,1318.6093329999999,45.809999999999995,1040.314666
2023-06-08 04:00:00,2223.918,1222.386,43.394,955.638333
2023-06-08 05:00:00,2168.401,1193.206667,37.36,930.143669
2023-06-08 06:00:00,2351.368333,1284.0243329999998,36.826,970.8946690000001
2023-06-08 07:00:00,2578.591667,1451.317333,41.56099999999999,1094.121501
2023-06-08 08:00:00,2773.365667,1506.3760000000002,45.83099999999999,1154.449334
2023-06-08 09:00:00,2824.965667,1494.666666,49.144000000000005,1143.062333
2023-06-08 10:00:00,2875.473,1523.816666,52.528,1111.4921680000002
2023-06-08 11:00:00,2930.273,1574.1779999999999,55.059999999999995,1168.8188329999998
2023-06-08 12:00:00,2986.074,1600.308667,55.68400000000001,1257.467333
2023-06-08 13:00:00,3051.549,1616.829,55.916,1294.054333
2023-06-08 14:00:00,3142.3549999999996,1669.8103330000001,61.835,1278.5173329999998
2023-06-08 15:00:00,3216.499,1706.656333,59.220000000000006,1349.4903330000002
2023-06-08 16:00:00,3370.099,1832.211667,63.553,1404.679666
2023-06-08 17:00:00,3683.799,1982.390333,69.426,1529.737999
2023-06-08 18:00:00,4028.7389999999996,2088.0646669999996,76.88300000000001,1623.917668
2023-06-08 19:00:00,4047.56,2157.652333,81.73100000000001,1702.255668
2023-06-08 20:00:00,4146.196,2180.255,96.044,1707.9463340000002
2023-06-08 21:00:00,4180.866333,2192.252,84.124,1688.0973330000002
2023-06-08 22:00:00,4021.5090000000005,2139.157333,90.044,1647.544001
2023-06-08 23:00:00,3585.049333,1919.1443329999997,69.81299999999999,1467.6513330000002
2023-06-09 00:00:00,3035.504333,1642.130667,62.751999999999995,1287.384998
2023-06-09 01:00:00,2613.084,1421.439667,47.318,1141.0190010000001
2023-06-09 02:00:00,2284.089,1263.7576669999999,47.06699999999999,1025.971332
2023-06-09 03:00:00,2071.942,1134.145333,35.90399999999999,921.1569979999999
2023-06-09 04:00:00,1950.8450000000003,1112.089,33.57,891.645999
2023-06-09 05:00:00,1988.0766669999998,1096.778333,36.986,874.019667
2023-06-09 06:00:00,2146.740667,1162.113333,41.944,919.829334
2023-06-09 07:00:00,2452.081,1329.82,48.329,1030.419666
2023-06-09 08:00:00,2684.988667,1465.9376670000001,48.476,1102.981835
2023-06-09 09:00:00,2778.834333,1459.6963329999999,50.632,1135.962
2023-06-09 10:00:00,2837.125,1443.294334,54.264,1163.733334
2023-06-09 11:00:00,2865.0336669999997,1556.3343330000002,48.234,1163.419998
2023-06-09 12:00:00,2898.541,1545.88,43.903999999999996,1209.473668
2023-06-09 13:00:00,3002.154333,1563.516334,42.111999999999995,1204.668667
2023-06-09 14:00:00,2915.488667,1566.890665,49.231,1182.912667
2023-06-09 15:00:00,2871.3146669999996,1577.2789989999999,51.596,1207.933333
2023-06-09 16:00:00,3032.384667,1617.221334,55.589999999999996,1254.748667
2023-06-09 17:00:00,3188.9936669999997,1713.957332,49.125,1372.6116670000001
2023-06-09 18:00:00,3417.729333,1764.592333,58.763000000000005,1400.0076669999999
2023-06-09 19:00:00,3459.595333,1794.090667,62.98899999999999,1464.04
2023-06-09 20:00:00,3356.186667,1795.171667,61.694,1473.965667
2023-06-09 21:00:00,3423.445667,1800.173333,67.72,1421.797001
2023-06-09 22:00:00,3336.256,1784.181999,67.338,1428.353667
2023-06-09 23:00:00,3002.14,1658.2640000000001,65.217,1290.605333
2023-06-10 00:00:00,2664.516,1472.840999,48.760000000000005,1168.130166
2023-06-10 01:00:00,2337.706,1322.4589999999998,40.69700000000001,1054.5765000000001
2023-06-10 02:00:00,2096.513166,1199.567667,32.96,929.377167
2023-06-10 03:00:00,1961.8285,1092.3519999999999,32.939,868.659666
2023-06-10 04:00:00,1883.049333,1048.951666,29.985000000000003,831.250667
2023-06-10 05:00:00,1846.404333,1046.505,30.560000000000002,831.0723330000001
2023-06-10 06:00:00,1951.196333,1103.579999,32.821999999999996,869.705666
2023-06-10 07:00:00,2138.5426669999997,1186.8156669999998,39.292,917.412
2023-06-10 08:00:00,2538.563,1350.739,40.808,1027.341666
2023-06-10 09:00:00,2925.866333,1559.4616660000002,49.549,1183.196334
2023-06-10 10:00:00,3114.870333,1639.5063340000002,57.13,1284.987998
2023-06-10 11:00:00,3280.419,1682.6956670000002,72.88799999999999,1350.3003330000001
2023-06-10 12:00:00,3353.776667,1796.869333,62.959,1409.666333
2023-06-10 13:00:00,3347.3256659999997,1781.9119999999998,69.85,1394.223
2023-06-10 14:00:00,3314.413667,1836.225,71.042,1431.175666
2023-06-10 15:00:00,3442.903667,1897.789334,67.87899999999999,1474.0896670000002
2023-06-10 16:00:00,3508.476667,1950.021,75.251,1499.100333
2023-06-10 17:00:00,3652.9883330000002,2021.737333,72.71700000000001,1570.5600000000002
2023-06-10 18:00:00,4012.450667,2063.243,75.66900000000001,1607.615
2023-06-10 19:00:00,4132.626667,2124.267666,81.67,1619.4940000000001
2023-06-10 20:00:00,4065.670333,2071.918,90.199,1573.2890009999999
2023-06-10 21:00:00,3841.5845,1997.868,83.78800000000001,1570.629334
2023-06-10 22:00:00,3713.802167,1941.334333,73.70800000000001,1577.7813330000001
2023-06-10 23:00:00,3456.1701669999998,1845.086668,63.703,1424.5256669999999
2023-06-11 00:00:00,2910.053833,1584.079,53.403,1220.9846670000002
2023-06-11 01:00:00,2522.1139999999996,1403.9423340000003,43.797999999999995,1050.3730019999998
2023-06-11 02:00:00,2230.9275,1253.523001,35.79,930.369999
2023-06-11 03:00:00,2030.937833,1140.930667,34.584,856.933
2023-06-11 04:00:00,1927.4453330000001,1073.250333,32.132000000000005,830.803667
2023-06-11 05:00:00,1818.9409999999998,1059.2836670000002,31.755,788.563667
2023-06-11 06:00:00,1863.202,1092.1305,35.73800000000001,823.748333
2023-06-11 07:00:00,2008.9099999999999,1138.3645,39.485,856.7249999999999
2023-06-11 08:00:00,2323.226667,1309.3935,41.394999999999996,963.8610000000001
2023-06-11 09:00:00,2732.801667,1460.008,52.952999999999996,1062.48
2023-06-11 10:00:00,3035.590335,1616.384,68.53900000000002,1250.1290020000001
2023-06-11 11:00:00,3233.516333,1813.79,75.959,1345.228001
2023-06-11 12:00:00,3418.0649999999996,1950.678,75.342,1434.753666
2023-06-11 13:00:00,3646.048,1977.1620000000003,79.25300000000001,1517.4716669999998
2023-06-11 14:00:00,3786.9750000000004,2050.47,88.546,1608.706333
2023-06-11 15:00:00,3995.7780000000002,2137.679,87.324,1656.565
2023-06-11 16:00:00,4331.872,2199.991,86.029,1750.581001
2023-06-11 17:00:00,4654.957,2367.99,86.84,1883.164999
2023-06-11 18:00:00,5055.973,2515.49,86.59499999999998,1956.5529999999999
2023-06-11 19:00:00,5170.075000000001,2553.064,98.019,2026.9376659999998
2023-06-11 20:00:00,5145.093,2533.406,92.912,2026.5043309999999
2023-06-11 21:00:00,4737.185,2438.37,99.505,1987.7259999999997
2023-06-11 22:00:00,4486.011999999999,2331.9590000000003,95.525,1832.726667
2023-06-11 23:00:00,3981.624,2017.1699999999998,88.16799999999999,1657.243334
2023-06-12 00:00:00,3292.196333,1713.4055,69.107,1397.9763329999998
2023-06-12 01:00:00,2748.3946669999996,1484.4279999999999,54.46999999999999,1187.831
2023-06-12 02:00:00,2408.1216670000003,1326.7415,46.018,1004.053334
2023-06-12 03:00:00,2153.251333,1187.6625,38.749,896.708
2023-06-12 04:00:00,2042.677333,1129.2665000000002,38.682,868.529667
2023-06-12 05:00:00,2020.950667,1134.3585000000003,36.75800000000001,862.871333
2023-06-12 06:00:00,2155.4516670000003,1200.635,41.345,918.153
2023-06-12 07:00:00,2531.121,1384.846,46.297000000000004,1050.606
2023-06-12 08:00:00,2781.668,1490.3495,53.377,1177.9950000000001
2023-06-12 09:00:00,2893.8379999999997,1511.184,56.85500000000001,1186.4900000000002
2023-06-12 10:00:00,3034.411333,1621.266,67.993,1250.348
2023-06-12 11:00:00,3152.857,1698.655,65.196,1291.590334
2023-06-12 12:00:00,3375.354667,1865.217,76.198,1407.305001
2023-06-12 13:00:00,3707.598,2049.423,76.49499999999999,1509.241332
2023-06-12 14:00:00,4172.933,2149.202,88.87400000000001,1681.845
2023-06-12 15:00:00,4729.839333,2406.5540010000004,95.62700000000002,1867.971001
2023-06-12 16:00:00,5381.474667,2620.495667,98.115,2062.904334
2023-06-12 17:00:00,6107.422667000001,2913.052,119.125,2258.941001
2023-06-12 18:00:00,6775.218,3152.718,128.947,2454.185334
2023-06-12 19:00:00,7128.617,3282.4460000000004,135.08299999999997,2596.7073339999997
2023-06-12 20:00:00,6935.927,3219.8959999999997,130.60500000000002,2555.269334
2023-06-12 21:00:00,6563.795333,3141.359,140.891,2468.338001
2023-06-12 22:00:00,6001.6356670000005,2923.4579999999996,121.30499999999999,2323.8756649999996
2023-06-12 23:00:00,5200.768833,2612.779,112.921,2079.491833
2023-06-13 00:00:00,4238.188167,2224.7859999999996,94.06099999999999,1758.402834
2023-06-13 01:00:00,3459.585,1873.1560000000002,73.63699999999999,1497.2616669999998
2023-06-13 02:00:00,2913.3450000000003,1635.397,56.808,1300.664666
2023-06-13 03:00:00,2643.188334,1434.743,47.92999999999999,1139.331998
2023-06-13 04:00:00,2419.985,1347.659667,42.858000000000004,1047.096666
2023-06-13 05:00:00,2331.728333,1280.6553330000002,39.918,1000.6863329999999
2023-06-13 06:00:00,2447.0400000000004,1310.88,39.06600000000001,1020.805666
2023-06-13 07:00:00,2700.258,1472.052,40.883,1140.114667
2023-06-13 08:00:00,2890.3903330000003,1584.1779999999999,49.43399999999999,1205.4846670000002
2023-06-13 09:00:00,2894.4590000000003,1604.354,56.711,1180.1135
2023-06-13 10:00:00,2915.815001,1560.743,57.337999999999994,1191.375
2023-06-13 11:00:00,2930.095999,1612.293333,55.49099999999999,1233.486
2023-06-13 12:00:00,3115.6330000000003,1679.4443330000001,52.458000000000006,1316.8995
2023-06-13 13:00:00,3276.7653329999994,1768.121667,60.313,1378.944
2023-06-13 14:00:00,3552.6229999999996,1823.8213329999999,68.444,1429.4115000000002
2023-06-13 15:00:00,3681.7106670000003,1964.107667,71.50699999999999,1467.128333
2023-06-13 16:00:00,3911.420333,2105.928667,76.812,1606.813333
2023-06-13 17:00:00,4346.964,2199.775,83.00500000000001,1792.2963340000001
2023-06-13 18:00:00,4636.253667,2332.55,99.209,1906.019999
2023-06-13 19:00:00,4891.352,2382.7163330000003,85.96000000000001,1914.2340010000003
2023-06-13 20:00:00,4699.967667,2339.592,95.786,1840.2600000000002
2023-06-13 21:00:00,4383.03,2269.304,97.087,1774.428334
2023-06-13 22:00:00,4051.745333,2122.607,82.33999999999999,1678.5606659999999
2023-06-13 23:00:00,3586.1036670000003,1866.002667,80.317,1535.450667
2023-06-14 00:00:00,2914.611,1539.212667,58.282000000000004,1274.225334
2023-06-14 01:00:00,2495.360333,1325.445667,42.609,1080.383334
2023-06-14 02:00:00,2168.732333,1188.125,35.88600000000001,959.954668
2023-06-14 03:00:00,1988.286333,1105.1599999999999,31.651999999999997,874.205666
2023-06-14 04:00:00,1942.767,1071.65,31.843,830.863333
2023-06-14 05:00:00,1929.455,1057.7333330000001,31.781000000000002,825.151999
2023-06-14 06:00:00,2137.751,1166.380001,38.56099999999999,891.3853330000001
2023-06-14 07:00:00,2413.722,1360.402333,42.153,1000.4176659999999
2023-06-14 08:00:00,2609.627667,1475.9990000000003,54.882000000000005,1089.213667
2023-06-14 09:00:00,2704.812333,1464.924,59.82900000000001,1077.517
2023-06-14 10:00:00,2732.0426669999997,1482.0140000000001,59.61100000000001,1074.161
2023-06-14 11:00:00,2754.5336669999997,1535.9989990000001,60.919000000000004,1075.578
2023-06-14 12:00:00,2822.846,1504.088333,62.497,1143.6840000000002
2023-06-14 13:00:00,2845.17,1564.319333,51.846000000000004,1124.083
2023-06-14 14:00:00,2749.8420000000006,1514.309667,51.345000000000006,1186.428
2023-06-14 15:00:00,2831.0209999999997,1524.8286670000002,42.099999999999994,1203.252
2023-06-14 16:00:00,2938.1150000000002,1612.5736660000002,56.709999999999994,1227.779
2023-06-14 17:00:00,3181.825667,1709.064,61.07699999999999,1347.9740000000002
2023-06-14 18:00:00,3550.774,1866.3890000000001,71.87,1529.741
2023-06-14 19:00:00,3781.852,1955.702334,78.21900000000001,1549.283
2023-06-14 20:00:00,3828.181667,1927.676,80.17399999999999,1513.0459999999998
2023-06-14 21:00:00,3713.879666,1923.0696669999998,76.80599999999998,1515.0013330000002
2023-06-14 22:00:00,3590.651,1899.2193340000001,70.49499999999999,1494.690333
2023-06-14 23:00:00,3248.459667,1740.3583330000001,66.379,1379.3846669999998
2023-06-15 00:00:00,2768.0519999999997,1500.972334,51.751000000000005,1130.943999
2023-06-15 01:00:00,2385.714667,1292.465334,40.022,978.764001
2023-06-15 02:00:00,2103.069333,1151.277667,34.546,900.647667
2023-06-15 03:00:00,1967.537,1067.5513339999998,33.56,860.4390000000001
2023-06-15 04:00:00,1884.3233320000002,1038.916,31.076999999999998,828.0906669999999
2023-06-15 05:00:00,1958.14,1058.740666,34.906000000000006,845.868667
2023-06-15 06:00:00,2165.1890000000003,1163.119999,37.245999999999995,917.333667
2023-06-15 07:00:00,2418.151,1305.403667,47.697,1034.094
2023-06-15 08:00:00,2584.186,1410.672,50.77100000000001,1091.84
2023-06-15 09:00:00,2681.299333,1473.5013330000002,51.791,1123.8609999999999
2023-06-15 10:00:00,2854.840333,1486.512,57.915,1103.806
2023-06-15 11:00:00,2832.8326660000002,1506.79,43.138000000000005,1156.275
2023-06-15 12:00:00,2888.732999,1559.963001,45.641000000000005,1172.0863330000002
2023-06-15 13:00:00,2882.6736659999997,1550.726,52.903000000000006,1135.3615
2023-06-15 14:00:00,2917.227,1529.7866669999999,46.400999999999996,1167.911333
2023-06-15 15:00:00,2926.0236670000004,1574.6480000000001,54.931,1201.0973329999997
2023-06-15 16:00:00,3074.1459999999997,1667.5153329999998,68.837,1302.037667
2023-06-15 17:00:00,3403.869334,1836.3433340000001,69.18599999999999,1452.534333
2023-06-15 18:00:00,3828.353,2013.3776670000002,67.307,1569.308333
2023-06-15 19:00:00,4110.238666,2102.023333,94.479,1641.27
2023-06-15 20:00:00,4170.281,2048.3959999999997,103.20799999999998,1649.989
2023-06-15 21:00:00,3982.8506669999997,2042.5193339999998,90.941,1670.3486659999999
2023-06-15 22:00:00,3831.564667,2040.612667,80.413,1592.9216660000002
2023-06-15 23:00:00,3459.784,1844.275333,74.75599999999999,1547.911667
2023-06-16 00:00:00,2926.6633330000004,1619.597333,60.77,1293.786334
2023-06-16 01:00:00,2456.798,1370.7213350000002,45.45,1100.917332
2023-06-16 02:00:00,2150.9183329999996,1215.951001,40.038000000000004,968.6760000000002
2023-06-16 03:00:00,2050.053,1130.551334,36.312,855.449666
2023-06-16 04:00:00,1948.7359999999999,1074.534333,34.595000000000006,840.142
2023-06-16 05:00:00,1989.523667,1062.0989989999998,34.662,845.0736689999999
2023-06-16 06:00:00,2132.2,1129.945666,37.513000000000005,903.1806670000001
2023-06-16 07:00:00,2303.761,1245.3310000000001,39.411,990.887666
2023-06-16 08:00:00,2581.708,1414.1679989999998,43.564,1069.406334
2023-06-16 09:00:00,2738.004667,1457.1400010000002,52.56900000000001,1082.932667
2023-06-16 10:00:00,2832.909333,1460.362668,54.265,1133.308334
2023-06-16 11:00:00,2943.932,1569.0576660000002,49.545999999999985,1199.437333
2023-06-16 12:00:00,3048.869333,1665.202334,59.028,1248.805
2023-06-16 13:00:00,3285.536333,1820.55,66.83699999999999,1366.3286659999999
2023-06-16 14:00:00,3450.5843330000002,1945.0286660000002,64.14,1387.102001
2023-06-16 15:00:00,3707.0793329999997,1980.056333,82.61599999999997,1503.3
2023-06-16 16:00:00,4035.480666,2009.277,88.517,1579.351667
2023-06-16 17:00:00,4439.907999999999,2173.995333,82.59899999999999,1740.218333
2023-06-16 18:00:00,4671.496,2315.794667,100.065,1814.741
2023-06-16 19:00:00,4492.531666999999,2294.360667,99.036,1791.616
2023-06-16 20:00:00,4308.519333,2183.493666,77.55900000000001,1774.1329999999998
2023-06-16 21:00:00,4122.2225,2123.541333,72.296,1707.984
2023-06-16 22:00:00,3915.232,2007.259667,85.103,1602.155
2023-06-16 23:00:00,3505.0236670000004,1790.542333,78.487,1523.4389999999999
2023-06-17 00:00:00,3052.7850000000003,1668.603333,59.708000000000006,1316.1999999999998
2023-06-17 01:00:00,2670.273333,1407.834667,55.717000000000006,1144.41
2023-06-17 02:00:00,2394.8005000000003,1260.603333,45.859,1005.5210000000002
2023-06-17 03:00:00,2157.4258339999997,1126.251333,48.999,919.088
2023-06-17 04:00:00,2023.0500000000002,1071.7036669999998,48.354,857.1066659999999
2023-06-17 05:00:00,1976.117333,1065.481667,50.954,840.6943329999999
2023-06-17 06:00:00,2007.063333,1097.062,40.58,865.809333
2023-06-17 07:00:00,2115.074334,1196.226,36.678,902.576667
2023-06-17 08:00:00,2398.958333,1288.0313330000001,41.729,1005.372
2023-06-17 09:00:00,2734.0229999999997,1481.617,54.199,1133.947167
2023-06-17 10:00:00,3037.7629989999996,1584.619667,61.709,1223.2856659999998
2023-06-17 11:00:00,3195.916666,1719.942333,63.116,1276.873
2023-06-17 12:00:00,3259.114667,1805.256666,66.92600000000002,1376.629166
2023-06-17 13:00:00,3230.4256659999996,1756.098667,74.28899999999999,1413.254167
2023-06-17 14:00:00,3258.076333,1730.495,68.978,1391.357667
2023-06-17 15:00:00,3208.566,1719.6433339999999,79.596,1370.2209990000001
2023-06-17 16:00:00,3328.737,1709.24,76.759,1337.697667
2023-06-17 17:00:00,3365.729,1759.252333,85.96399999999998,1374.581999
2023-06-17 18:00:00,3619.4570000000003,1867.091,78.90699999999998,1455.801666
2023-06-17 19:00:00,3567.828334,1797.2726659999998,74.72800000000001,1450.644334
2023-06-17 20:00:00,3467.75,1803.432,83.595,1484.134665
2023-06-17 21:00:00,3370.231167,1802.324,63.849999999999994,1455.964335
2023-06-17 22:00:00,3402.940333,1696.5673330000002,68.867,1408.235333
2023-06-17 23:00:00,3128.060667,1605.581334,64.146,1333.8266660000002
2023-06-18 00:00:00,2720.339,1517.604667,61.284,1202.7790009999999
2023-06-18 01:00:00,2433.7039999999997,1294.0693339999998,54.766999999999996,1045.910667
2023-06-18 02:00:00,2156.4559999999997,1125.7900009999998,43.01399999999999,932.042
2023-06-18 03:00:00,2004.332,1072.7931669999998,38.793,865.213667
2023-06-18 04:00:00,1893.8485,1004.2443330000001,36.647,852.115
2023-06-18 05:00:00,1844.725,975.182667,32.453,805.715001
2023-06-18 06:00:00,1910.673333,1036.481667,32.63099999999999,813.921332
2023-06-18 07:00:00,2109.647667,1132.3410000000001,37.058,882.820665
2023-06-18 08:00:00,2426.7776670000003,1254.7095,46.13,979.626998
2023-06-18 09:00:00,2842.5483329999997,1419.8255,51.998,1122.8263339999999
2023-06-18 10:00:00,3090.456833,1618.6415000000002,66.05999999999999,1279.6206670000001
2023-06-18 11:00:00,3284.2653339999997,1776.143999,66.97200000000001,1374.527
2023-06-18 12:00:00,3453.700667,1832.178167,65.389,1429.9053330000002
2023-06-18 13:00:00,3399.898333,1885.523,69.87,1468.468
2023-06-18 14:00:00,3388.304,1844.4229999999998,58.429,1406.575999
2023-06-18 15:00:00,3402.172667,1901.1860000000001,58.49100000000001,1455.972334
2023-06-18 16:00:00,3372.080333,1860.439,64.059,1462.125335
2023-06-18 17:00:00,3462.896,1934.2200000000003,66.98,1502.700997
2023-06-18 18:00:00,3561.418667,2003.169,63.605,1546.352999
2023-06-18 19:00:00,3551.242999,1973.69,77.93900000000001,1541.5256650000001
2023-06-18 20:00:00,3597.279001,2013.117333,80.998,1536.424665
2023-06-18 21:00:00,3626.866,2021.9630000000002,87.244,1566.326666
2023-06-18 22:00:00,3586.01,1958.632332,74.765,1503.693999
2023-06-18 23:00:00,3167.649,1770.376333,70.661,1402.710333
2023-06-19 00:00:00,2751.908,1600.1753330000001,64.468,1199.739667
2023-06-19 01:00:00,2418.001,1396.1373330000001,50.026,1078.382001
2023-06-19 02:00:00,2152.5330000000004,1239.2469999999998,42.9,939.548333
2023-06-19 03:00:00,2042.034333,1191.842333,36.739999999999995,870.086
2023-06-19 04:00:00,1972.141,1103.237,35.50500000000001,850.000001
2023-06-19 05:00:00,1993.931,1155.848334,35.75,872.4063349999999
2023-06-19 06:00:00,2214.2933329999996,1218.287667,41.47,942.050334
2023-06-19 07:00:00,2432.6986660000002,1390.9666670000001,48.40200000000001,1011.643333
2023-06-19 08:00:00,2688.415999,1462.533,51.752,1146.779501
2023-06-19 09:00:00,2873.383665,1611.4279999999999,53.723,1227.968667
2023-06-19 10:00:00,2949.458333,1692.271,59.66899999999999,1259.373667
2023-06-19 11:00:00,3135.632333,1695.491,57.132,1309.394667
2023-06-19 12:00:00,3263.221,1745.6019999999999,61.153000000000006,1380.5720000000001
2023-06-19 13:00:00,3363.284,1809.024,69.948,1453.342333
2023-06-19 14:00:00,3272.006666,1819.950167,74.099,1424.079334
2023-06-19 15:00:00,3283.046667,1807.777,60.803000000000004,1365.175334
2023-06-19 16:00:00,3312.6693330000003,1788.513,64.834,1347.559001
2023-06-19 17:00:00,3400.642334,1930.694333,69.51,1449.8429999999998
2023-06-19 18:00:00,3765.663334,2136.763666,82.86200000000001,1609.100334
2023-06-19 19:00:00,3817.0836660000004,2154.6800009999997,73.00800000000001,1646.3263339999999
2023-06-19 20:00:00,3712.7,2064.053333,85.796,1637.340334
2023-06-19 21:00:00,3703.704666,2013.151667,80.88699999999999,1625.932334
2023-06-19 22:00:00,3592.395667,1980.6190000000001,86.532,1575.791166
2023-06-19 23:00:00,3267.6155,1817.411,71.872,1425.796834
2023-06-20 00:00:00,2717.2275,1583.9189999999999,58.327999999999996,1267.2331679999998
2023-06-20 01:00:00,2415.4995,1405.817333,57.076,1080.126335
2023-06-20 02:00:00,2186.859,1249.812,50.64999999999999,968.0716659999998
2023-06-20 03:00:00,2048.632667,1156.691001,41.525,874.272332
2023-06-20 04:00:00,1929.2613330000001,1097.411668,38.675,884.1579999999999
2023-06-20 05:00:00,2026.249,1154.449333,39.781,887.7025
2023-06-20 06:00:00,2316.091,1240.819334,40.189,956.868667
2023-06-20 07:00:00,2535.463667,1420.681666,46.418,1087.6676670000002
2023-06-20 08:00:00,2731.017334,1510.521,56.980000000000004,1157.583834
2023-06-20 09:00:00,2910.987,1544.502,59.273999999999994,1158.153
2023-06-20 10:00:00,2954.022167,1533.880333,61.334,1171.3566660000001
2023-06-20 11:00:00,2952.977334,1603.439333,61.30899999999999,1223.838667
2023-06-20 12:00:00,2985.4619999999995,1617.405167,51.966000000000015,1273.2620000000002
2023-06-20 13:00:00,2958.5530009999998,1672.859,58.452,1274.532
2023-06-20 14:00:00,2865.679666,1706.6909999999998,54.90200000000001,1280.306
2023-06-20 15:00:00,2905.815666,1654.7665000000002,65.805,1244.493999
2023-06-20 16:00:00,2932.676666,1632.4445,78.28600000000002,1301.881667
2023-06-20 17:00:00,3149.703001,1760.7174999999997,65.37399999999998,1366.5525
2023-06-20 18:00:00,3448.366,1900.3155000000002,81.819,1427.525667
2023-06-20 19:00:00,3612.3595,1965.539,75.514,1524.503334
2023-06-20 20:00:00,3624.445999,1989.6879999999999,73.11200000000001,1514.325332
2023-06-20 21:00:00,3544.2848329999997,1967.7569999999998,79.40500000000002,1520.009
2023-06-20 22:00:00,3538.304667,1947.785333,69.366,1520.0846660000002
2023-06-20 23:00:00,3200.503001,1804.417833,59.89399999999999,1380.409
2023-06-21 00:00:00,2768.6986660000002,1539.558667,55.83200000000001,1182.455999
2023-06-21 01:00:00,2413.1530000000002,1346.285,45.635,1015.562998
2023-06-21 02:00:00,2177.6136669999996,1211.847333,37.638999999999996,943.037
2023-06-21 03:00:00,2017.509667,1113.2183340000001,35.177,888.703831
2023-06-21 04:00:00,1900.6080000000002,1052.3833330000002,34.125,844.8036670000001
2023-06-21 05:00:00,1980.201,1105.388833,40.37799999999999,857.066997
2023-06-21 06:00:00,2175.798,1182.516,42.132999999999996,889.157334
2023-06-21 07:00:00,2432.836333,1324.226,40.773,1028.0256669999999
2023-06-21 08:00:00,2610.904,1387.616,58.08300000000001,1085.450667
2023-06-21 09:00:00,2714.6040000000003,1431.239,53.088000000000015,1141.460665
2023-06-21 10:00:00,2765.366,1417.268,53.70400000000001,1153.880334
2023-06-21 11:00:00,2837.373,1470.43,54.254999999999995,1155.7763329999998
2023-06-21 12:00:00,2913.005,1511.1060000000002,55.126999999999995,1213.008333
2023-06-21 13:00:00,2963.665,1606.5755,71.07499999999999,1217.9086659999998
2023-06-21 14:00:00,2979.799,1626.3545,67.501,1268.731667
2023-06-21 15:00:00,3127.168,1664.5035,72.35999999999999,1296.8396659999999
2023-06-21 16:00:00,3310.5009999999997,1769.0700000000002,64.745,1342.846
2023-06-21 17:00:00,3668.815,1893.69,69.98399999999998,1526.0313339999998
2023-06-21 18:00:00,4104.573,2052.127,94.80199999999998,1611.245333
2023-06-21 19:00:00,4386.075000000001,2226.2965000000004,95.32,1783.967001
2023-06-21 20:00:00,4401.9490000000005,2239.3329999999996,97.54799999999999,1751.312999
2023-06-21 21:00:00,4322.252,2161.2115000000003,87.23400000000001,1695.714334
2023-06-21 22:00:00,4176.638,2162.6515,89.287,1698.289
2023-06-21 23:00:00,3782.804,1972.7005,89.151,1563.760999
2023-06-22 00:00:00,3067.425,1652.723,69.951,1371.0136659999998
2023-06-22 01:00:00,2569.084,1408.5715,55.395,1107.672999
2023-06-22 02:00:00,2264.223,1255.3980000000001,47.321999999999996,966.041666
2023-06-22 03:00:00,2065.625,1128.7395000000001,39.617,885.4549979999999
2023-06-22 04:00:00,1978.8156669999998,1075.8255,38.660000000000004,834.092668
2023-06-22 05:00:00,1976.860333,1064.613,35.18600000000001,819.4036659999999
2023-06-22 06:00:00,2131.668333,1173.6385,41.481999999999985,896.784
2023-06-22 07:00:00,2330.958333,1290.7035,41.092,1003.531334
2023-06-22 08:00:00,2554.171667,1349.5915,46.015,1037.206333
2023-06-22 09:00:00,2710.809667,1469.719,47.643,1130.631333
2023-06-22 10:00:00,2867.316,1565.6370000000002,74.07100000000001,1144.392
2023-06-22 11:00:00,2985.29,1664.7259999999999,63.79299999999999,1219.353333
2023-06-22 12:00:00,3198.036,1775.958,56.783,1305.1196680000003
2023-06-22 13:00:00,3453.9610000000002,1919.1090000000002,70.291,1414.4023339999999
2023-06-22 14:00:00,3713.5910000000003,2047.7369999999996,72.99200000000002,1544.1170000000002
2023-06-22 15:00:00,4084.9230000000007,2188.876,90.915,1668.392
2023-06-22 16:00:00,4701.8189999999995,2382.185,102.019,1780.3763320000003
2023-06-22 17:00:00,5237.352667,2579.8559999999998,100.32800000000002,2025.619333
2023-06-22 18:00:00,5688.825999999999,2821.442,109.89500000000001,2146.3919990000004
2023-06-22 19:00:00,5975.755999999999,2893.9719999999998,107.21700000000001,2148.557334
2023-06-22 20:00:00,5884.645,2776.496,114.256,2229.527998
2023-06-22 21:00:00,5637.265333,2687.438,100.852,2190.0319980000004
2023-06-22 22:00:00,5213.3135,2563.608,89.56299999999999,2026.527333
2023-06-22 23:00:00,4523.215333,2296.51,87.577,1840.358667
2023-06-23 00:00:00,3754.1993329999996,1936.368,82.309,1620.946665
2023-06-23 01:00:00,3197.234,1728.3899999999999,71.197,1397.304333
2023-06-23 02:00:00,2749.428,1520.877,54.147000000000006,1202.481334
2023-06-23 03:00:00,2434.6440000000002,1360.498,45.835,1068.927001
2023-06-23 04:00:00,2222.405333,1242.3359999999998,41.089000000000006,978.744999
2023-06-23 05:00:00,2185.116,1207.913,36.470000000000006,960.977001
2023-06-23 06:00:00,2276.462,1234.377,46.331999999999994,994.488333
2023-06-23 07:00:00,2448.1093330000003,1351.8310000000001,43.412,1041.463667
2023-06-23 08:00:00,2718.707667,1492.955,47.226,1122.209333
2023-06-23 09:00:00,2928.111,1599.628,46.867000000000004,1228.487001
2023-06-23 10:00:00,3159.816,1697.7800000000002,56.885,1270.518336
2023-06-23 11:00:00,3440.339,1865.4750000000001,61.78600000000001,1377.213667
2023-06-23 12:00:00,3646.2799999999997,2043.028,65.15199999999999,1490.121332
2023-06-23 13:00:00,3924.478,2133.586,75.558,1637.735
2023-06-23 14:00:00,4255.796,2238.17,82.452,1767.970667
2023-06-23 15:00:00,4626.105,2360.998,89.769,1922.333667
2023-06-23 16:00:00,5112.864,2543.418,97.724,2034.934
2023-06-23 17:00:00,5546.466,2709.2870000000003,100.159,2207.063666
2023-06-23 18:00:00,5637.826999,2648.513,108.72999999999999,2160.254999
2023-06-23 19:00:00,5263.197333,2533.7870000000003,99.00099999999999,2105.107
2023-06-23 20:00:00,5058.978666999999,2480.957,120.836,1958.637667
2023-06-23 21:00:00,4631.867667,2397.683,96.72200000000002,1876.8010009999998
2023-06-23 22:00:00,4252.0335000000005,2214.516,84.46400000000001,1750.3323329999998
2023-06-23 23:00:00,3844.2760000000003,1954.8029999999999,78.02300000000001,1625.116
2023-06-24 00:00:00,3293.3770000000004,1732.511,69.087,1395.587667
2023-06-24 01:00:00,2797.7169999999996,1521.71,63.568999999999996,1232.0449990000002
2023-06-24 02:00:00,2400.7105,1313.143,45.657,1052.549333
2023-06-24 03:00:00,2166.2325,1199.738,45.095000000000006,962.485333
2023-06-24 04:00:00,2058.9700000000003,1100.9129999999998,44.159000000000006,910.605333
2023-06-24 05:00:00,1972.216,1064.6129999999998,38.07399999999999,880.281666
2023-06-24 06:00:00,2029.3390000000002,1113.449,35.915,891.421
2023-06-24 07:00:00,2197.9220000000005,1176.1999999999998,41.591,948.4633329999999
2023-06-24 08:00:00,2452.957,1296.0539999999999,39.517999999999994,1058.265332
2023-06-24 09:00:00,2760.517,1524.4426669999998,44.69800000000001,1205.912669
2023-06-24 10:00:00,3040.425,1679.157332,65.92000000000002,1291.125666
2023-06-24 11:00:00,3267.1916659999997,1785.186333,66.06700000000001,1320.206999
2023-06-24 12:00:00,3430.6353339999996,1869.979667,62.315999999999995,1393.0873339999998
2023-06-24 13:00:00,3582.3360000000002,1926.277,71.683,1504.515668
2023-06-24 14:00:00,3627.1969999999997,1993.2485000000001,70.35,1582.7360010000002
2023-06-24 15:00:00,3853.2670000000003,2073.175,74.216,1603.345832
2023-06-24 16:00:00,4170.808,2258.184,81.43,1737.568833
2023-06-24 17:00:00,4551.313,2338.371,84.236,1819.0726649999997
2023-06-24 18:00:00,4999.34,2531.2690000000002,100.259,1897.3213329999999
2023-06-24 19:00:00,5247.91,2522.758,99.991,1959.2563330000003
2023-06-24 20:00:00,5123.65,2460.132,94.17800000000001,1953.9133319999999
2023-06-24 21:00:00,4667.146000000001,2308.7680000000005,93.68699999999998,1861.176334
2023-06-24 22:00:00,4283.688,2189.698,96.40899999999999,1776.806998
2023-06-24 23:00:00,3899.115,2017.307,85.685,1636.843001
2023-06-25 00:00:00,3364.1179999999995,1781.3256660000002,69.33800000000001,1423.806667
2023-06-25 01:00:00,2860.093,1513.788,59.689000000000014,1228.846001
2023-06-25 02:00:00,2532.71,1328.9740000000002,48.415,1094.292334
2023-06-25 03:00:00,2257.439,1228.192,45.19899999999999,978.645667
2023-06-25 04:00:00,2128.4759999999997,1130.5339999999999,36.792,876.6633330000001
2023-06-25 05:00:00,1992.2459999999999,1098.397,31.952,857.2520010000001
2023-06-25 06:00:00,2008.82,1107.172,38.623,886.442333
2023-06-25 07:00:00,2148.3360000000002,1181.1660000000002,39.769,930.9226669999998
2023-06-25 08:00:00,2405.509,1297.949,34.172,1013.2819999999999
2023-06-25 09:00:00,2746.08,1505.623,49.827,1151.286
2023-06-25 10:00:00,3092.33,1728.3220000000001,65.006,1323.229666
2023-06-25 11:00:00,3379.277,1869.551333,77.02600000000001,1433.246
2023-06-25 12:00:00,3616.041,1990.903667,83.11000000000003,1556.963667
2023-06-25 13:00:00,3865.509,2086.3199999999997,74.11,1578.648333
2023-06-25 14:00:00,4075.768,2245.1003330000003,82.08000000000001,1728.654501
2023-06-25 15:00:00,4372.438667,2376.917001,111.016,1858.7086669999999
2023-06-25 16:00:00,4833.688333,2503.3816669999997,109.842,1959.099667
2023-06-25 17:00:00,5220.9310000000005,2697.9306670000005,98.83899999999998,2082.606334
2023-06-25 18:00:00,5683.478999999999,2833.2826670000004,105.285,2210.861667
2023-06-25 19:00:00,5866.206,2897.175333,104.17299999999999,2251.964333
2023-06-25 20:00:00,5866.241,2800.8909999999996,120.761,2232.958
2023-06-25 21:00:00,5476.141,2707.1036670000003,112.557,2120.969333
2023-06-25 22:00:00,5041.3550000000005,2519.0296670000002,102.358,2013.7570010000002
2023-06-25 23:00:00,4382.49,2231.628,103.10100000000001,1818.065666
2023-06-26 00:00:00,3578.291,1878.965333,66.789,1565.175334
2023-06-26 01:00:00,2954.081,1574.9470000000001,56.82600000000001,1347.865334
2023-06-26 02:00:00,2541.5650000000005,1352.201,49.323,1123.978666
2023-06-26 03:00:00,2276.3095000000003,1216.25,48.331,994.4164979999999
2023-06-26 04:00:00,2122.315,1165.733,42.38,908.804667
2023-06-26 05:00:00,2108.855333,1125.295,39.28900000000001,902.378334
2023-06-26 06:00:00,2240.671667,1180.012,45.662,926.5889990000001
2023-06-26 07:00:00,2423.407333,1302.3316670000002,42.141000000000005,988.298999
2023-06-26 08:00:00,2568.690333,1349.2079989999997,54.642999999999994,1066.174333
2023-06-26 09:00:00,2665.211333,1448.488,56.009,1132.575667
2023-06-26 10:00:00,2832.9456659999996,1542.7416660000001,57.947,1179.205
2023-06-26 11:00:00,3040.487333,1603.5090010000001,58.558,1265.961667
2023-06-26 12:00:00,3168.6009999999997,1720.155999,66.88499999999999,1308.210833
2023-06-26 13:00:00,3321.711333,1822.242333,67.124,1398.8566660000001
2023-06-26 14:00:00,3477.8256659999997,1948.880166,77.113,1475.6109999999999
2023-06-26 15:00:00,3760.974333,2135.2974990000002,84.65000000000002,1575.3396670000002
2023-06-26 16:00:00,4167.498,2251.018,97.541,1739.856667
2023-06-26 17:00:00,4810.926332999999,2432.912333,103.78599999999999,1946.893
2023-06-26 18:00:00,5419.307001,2623.367667,111.947,2060.766501
2023-06-26 19:00:00,5651.6143329999995,2731.449334,114.401,2145.098
2023-06-26 20:00:00,5381.945333,2606.187,116.11200000000002,2117.048834
2023-06-26 21:00:00,4851.754666,2479.031,92.034,2021.9183329999998
2023-06-26 22:00:00,4579.529333,2378.557667,88.401,1946.2236659999999
2023-06-26 23:00:00,4006.905833,2157.433,81.586,1684.256499
2023-06-27 00:00:00,3298.1706670000003,1808.719667,69.114,1409.0325
2023-06-27 01:00:00,2738.118,1526.2586660000002,57.166000000000004,1202.301666
2023-06-27 02:00:00,2346.8374999999996,1356.442666,44.864000000000004,1072.440668
2023-06-27 03:00:00,2139.614,1220.2516660000001,43.165,975.557
2023-06-27 04:00:00,2014.636,1124.3066669999998,39.22899999999999,885.223334
2023-06-27 05:00:00,2052.7940009999998,1139.7400010000001,39.68,877.780334
2023-06-27 06:00:00,2183.659997,1149.262667,42.711999999999996,942.881333
2023-06-27 07:00:00,2390.4566649999997,1263.9370000000001,43.477999999999994,1000.302333
2023-06-27 08:00:00,2514.6003360000004,1354.8993329999998,40.116,1096.257333
2023-06-27 09:00:00,2519.885329,1403.222,49.30199999999999,1154.483334
2023-06-27 10:00:00,2672.88733,1431.126001,50.322,1173.7039980000002
2023-06-27 11:00:00,2870.491,1528.3906670000001,62.510999999999996,1185.136
2023-06-27 12:00:00,3059.562666,1688.7726670000002,60.147,1258.571666
2023-06-27 13:00:00,3230.762667,1785.6093329999999,72.882,1407.418666
2023-06-27 14:00:00,3420.961333,1884.3166669999998,72.188,1500.511999
2023-06-27 15:00:00,3733.648,2026.288667,73.315,1606.178333
2023-06-27 16:00:00,4120.575333,2184.8283330000004,86.628,1751.090333
2023-06-27 17:00:00,4857.555333,2385.838667,96.418,1985.7853329999998
2023-06-27 18:00:00,5362.525667,2615.643334,125.42399999999998,2129.1018320000003
2023-06-27 19:00:00,5648.632,2798.301666,123.387,2204.833167
2023-06-27 20:00:00,5606.259333,2683.0036659999996,117.96700000000001,2140.321666
2023-06-27 21:00:00,5302.9216670000005,2586.763333,104.922,2101.003667
2023-06-27 22:00:00,4917.597,2419.4419989999997,93.582,1985.2086669999999
2023-06-27 23:00:00,4223.95,2202.772666,86.99700000000001,1756.920667
2023-06-28 00:00:00,3538.4139999999998,1892.2743329999998,74.693,1512.6513340000001
2023-06-28 01:00:00,2995.9136660000004,1610.2586660000002,64.147,1279.6583329999999
2023-06-28 02:00:00,2542.646666,1397.128667,50.413,1111.683667
2023-06-28 03:00:00,2288.153666,1278.539,44.231,986.131334
2023-06-28 04:00:00,2126.693,1169.6616669999999,40.93499999999999,932.734999
2023-06-28 05:00:00,2140.805667,1147.995334,42.422999999999995,909.186
2023-06-28 06:00:00,2203.127334,1186.045,42.32599999999999,964.665
2023-06-28 07:00:00,2406.258665,1322.9806660000002,42.512,1062.623998
2023-06-28 08:00:00,2587.781667,1398.2073340000002,49.29900000000001,1121.808333
2023-06-28 09:00:00,2699.579,1465.172333,48.731,1132.9880010000002
2023-06-28 10:00:00,2816.6706670000003,1558.057667,54.156,1206.692
2023-06-28 11:00:00,3012.681667,1668.735333,64.982,1276.5213330000001
2023-06-28 12:00:00,3294.134333,1808.532001,73.574,1391.9830000000002
2023-06-28 13:00:00,3628.2343330000003,1985.710666,73.056,1492.055332
2023-06-28 14:00:00,3948.403333,2109.19,90.52400000000002,1624.121668
2023-06-28 15:00:00,4411.195,2267.1726670000003,98.66799999999999,1774.654667
2023-06-28 16:00:00,4972.468667,2430.892,104.708,1966.239
2023-06-28 17:00:00,5620.474334,2683.343,123.412,2137.472666
2023-06-28 18:00:00,6189.110333,2964.014333,129.968,2313.4716660000004
2023-06-28 19:00:00,6454.298334,3021.920666,127.32200000000002,2460.257001
2023-06-28 20:00:00,6314.080666,2943.45,125.649,2386.033001
2023-06-28 21:00:00,5887.820334,2805.6483339999995,124.879,2310.676333
2023-06-28 22:00:00,5387.975332999999,2654.4496660000004,122.515,2184.117665
2023-06-28 23:00:00,4795.746999999999,2358.076667,112.83100000000002,1964.9205
2023-06-29 00:00:00,3886.2336670000004,2042.0370000000003,90.43699999999998,1655.679334
2023-06-29 01:00:00,3312.088,1778.544334,72.321,1420.154332
2023-06-29 02:00:00,2812.25,1528.864667,55.834,1237.210001
2023-06-29 03:00:00,2498.024667,1411.148667,51.67,1124.623666
2023-06-29 04:00:00,2314.56,1280.953666,40.19500000000001,1005.8173340000001
2023-06-29 05:00:00,2250.872,1230.9453330000001,38.739,980.1503339999999
2023-06-29 06:00:00,2344.8959999999997,1254.5186680000002,40.120999999999995,1008.707001
2023-06-29 07:00:00,2551.7389999999996,1408.641667,51.299,1084.037666
2023-06-29 08:00:00,2745.508,1465.387332,49.74399999999999,1133.8000000000002
2023-06-29 09:00:00,2943.544,1590.873666,54.165,1207.465999
2023-06-29 10:00:00,3110.621,1624.4569999999999,63.367999999999995,1265.043002
2023-06-29 11:00:00,3421.8279999999995,1873.925666,84.41399999999999,1382.8179989999999
2023-06-29 12:00:00,3715.91,1987.962,70.551,1573.5680000000002
2023-06-29 13:00:00,4013.558333,2189.789333,81.065,1705.8220000000001
2023-06-29 14:00:00,4447.682,2299.1246659999997,92.74399999999999,1848.148001
2023-06-29 15:00:00,4902.475,2475.023333,102.582,1988.295
2023-06-29 16:00:00,5502.307000000001,2674.551333,100.05100000000002,2203.0796680000003
2023-06-29 17:00:00,6099.678333,2900.446333,111.464,2342.487333
2023-06-29 18:00:00,6645.0743330000005,3140.725666,124.58399999999999,2525.397999
2023-06-29 19:00:00,6938.397333000001,3274.0746660000004,147.452,2529.7070000000003
2023-06-29 20:00:00,6908.35,3175.52,148.58900000000003,2513.739333
2023-06-29 21:00:00,6425.651666,3007.1700010000004,131.31300000000002,2422.8609990000004
2023-06-29 22:00:00,5828.513167,2870.5760010000004,120.458,2250.998334
2023-06-29 23:00:00,5149.859001,2581.336999,97.312,2037.107333
2023-06-30 00:00:00,4248.740334,2229.0269989999997,82.16300000000001,1782.406333
2023-06-30 01:00:00,3480.436333,1848.7406660000001,61.177,1532.775
2023-06-30 02:00:00,2935.229667,1616.5986659999999,60.001999999999995,1300.720333
2023-06-30 03:00:00,2612.146667,1435.340001,55.066,1182.590001
2023-06-30 04:00:00,2368.190333,1311.921333,52.26199999999999,1077.763334
2023-06-30 05:00:00,2297.7383330000002,1298.781334,45.57900000000001,1039.836668
2023-06-30 06:00:00,2344.0969999999998,1302.5500000000002,52.707,1064.014001
2023-06-30 07:00:00,2522.029,1392.875,50.131,1106.228333
2023-06-30 08:00:00,2720.979,1480.0850010000001,50.629,1151.6789999999999
2023-06-30 09:00:00,2869.954,1548.697333,51.899,1241.695667
2023-06-30 10:00:00,3074.64,1666.1629990000001,65.61299999999999,1295.4406680000002
2023-06-30 11:00:00,3333.281,1785.1259989999999,67.162,1413.018001
2023-06-30 12:00:00,3642.8549999999996,1939.9993329999998,70.581,1546.7516660000001
2023-06-30 13:00:00,3972.459,2126.006334,85.55,1699.2816659999999
2023-06-30 14:00:00,4384.807,2224.278333,97.078,1808.8013329999999
2023-06-30 15:00:00,4829.272999999999,2438.7043329999997,104.751,1970.153
2023-06-30 16:00:00,5340.049999999999,2618.4053329999997,97.86,2127.1823329999997
2023-06-30 17:00:00,5897.385333,2815.4949990000005,105.45,2278.0683329999997
2023-06-30 18:00:00,6275.274665999999,3016.069334,119.01899999999999,2381.6526670000003
2023-06-30 19:00:00,6431.589334,3028.505667,137.358,2460.288
2023-06-30 20:00:00,6160.57,2861.799333,131.60099999999997,2377.3053330000002
2023-06-30 21:00:00,5752.784333,2655.7610000000004,114.435,2273.2766659999998
2023-06-30 22:00:00,5196.402167,2523.231333,100.209,2126.356333
2023-06-30 23:00:00,4514.9955,2248.098,90.775,1912.667665
2023-07-01 00:00:00,3773.818667,1974.4656670000002,81.59400000000001,1639.148667
2023-07-01 01:00:00,3148.837667,1709.3903340000002,60.467999999999996,1361.137666
2023-07-01 02:00:00,2712.6846670000004,1472.327334,57.228,1157.67
2023-07-01 03:00:00,2334.806334,1294.466667,44.913999999999994,1055.7240000000002
2023-07-01 04:00:00,2137.540167,1173.828,39.538000000000004,968.848334
2023-07-01 05:00:00,2057.041667,1135.251667,38.987,933.0429999999999
2023-07-01 06:00:00,2084.8973340000002,1126.792,38.496,935.0733319999999
2023-07-01 07:00:00,2217.2156670000004,1202.933,40.67600000000001,941.0093339999999
2023-07-01 08:00:00,2485.160334,1341.338667,44.183,1088.1276670000002
2023-07-01 09:00:00,2813.602667,1510.579667,56.08299999999999,1189.2216680000001
2023-07-01 10:00:00,3104.968,1685.487666,80.879,1340.428335
2023-07-01 11:00:00,3323.736667,1803.179334,87.492,1410.5639999999999
2023-07-01 12:00:00,3563.7363339999997,1915.461334,86.705,1521.418332
2023-07-01 13:00:00,3733.443667,1989.393,85.214,1641.756334
2023-07-01 14:00:00,4015.416667,2132.799,91.504,1707.2669999999998
2023-07-01 15:00:00,4225.797667,2292.784666,98.59700000000001,1836.622666
2023-07-01 16:00:00,4702.713333,2432.006666,105.763,1996.525
2023-07-01 17:00:00,5147.737334,2585.339999,106.64200000000001,2106.7763320000004
2023-07-01 18:00:00,5549.322333,2756.643667,120.29400000000001,2190.564166
2023-07-01 19:00:00,5764.628334,2767.283666,118.241,2193.9823340000003
2023-07-01 20:00:00,5575.935,2676.8190000000004,119.49199999999999,2184.3806670000004
2023-07-01 21:00:00,5116.369333000001,2483.0510000000004,112.476,2048.912667
2023-07-01 22:00:00,4611.505000000001,2311.769666,100.98599999999999,1898.180666
2023-07-01 23:00:00,4123.262,2099.597667,94.36900000000001,1731.325667
2023-07-02 00:00:00,3491.872667,1869.45,80.61500000000001,1503.016
2023-07-02 01:00:00,2990.160667,1617.5400009999998,74.224,1352.816334
2023-07-02 02:00:00,2561.5533339999997,1416.950667,63.124,1151.4703339999999
2023-07-02 03:00:00,2345.294334,1258.7959999999998,43.703,1036.543332
2023-07-02 04:00:00,2165.6675,1165.102,41.856,963.3723339999999
2023-07-02 05:00:00,2034.2653340000002,1107.4506669999998,40.345000000000006,944.9156679999999
2023-07-02 06:00:00,2047.3286670000002,1130.677334,38.891000000000005,947.646501
2023-07-02 07:00:00,2147.263,1214.045667,36.151,969.080834
2023-07-02 08:00:00,2414.262667,1333.667667,38.777000000000015,1081.555166
2023-07-02 09:00:00,2785.687,1546.428667,48.525000000000006,1186.079665
2023-07-02 10:00:00,3154.294,1715.075333,58.044,1316.258001
2023-07-02 11:00:00,3493.995667,1906.731667,66.382,1396.310001
2023-07-02 12:00:00,3746.864,2068.1893330000003,70.941,1555.9933350000001
2023-07-02 13:00:00,3992.842334,2185.441333,81.445,1710.356001
2023-07-02 14:00:00,4262.433333000001,2357.400666,98.883,1818.994668
2023-07-02 15:00:00,4658.674334,2476.057999,106.05799999999999,1996.078334
2023-07-02 16:00:00,5132.236666,2627.141668,114.83100000000002,2159.465667
2023-07-02 17:00:00,5662.757667,2821.554667,112.919,2242.494
2023-07-02 18:00:00,6035.959167,2912.586668,121.76299999999999,2327.310999
2023-07-02 19:00:00,6232.9126670000005,2929.095,114.414,2394.686333
2023-07-02 20:00:00,6159.176667,2898.1893330000003,119.95700000000001,2374.860334
2023-07-02 21:00:00,5703.695,2771.8233330000003,122.95600000000002,2208.7966670000005
2023-07-02 22:00:00,5291.335667,2581.045667,120.376,2095.9469990000002
2023-07-02 23:00:00,4497.566000000001,2367.258001,114.37700000000001,1860.8596659999998
2023-07-03 00:00:00,3681.1990000000005,2014.341333,85.48599999999999,1615.775666
2023-07-03 01:00:00,3074.285667,1722.627334,75.363,1406.1613320000001
2023-07-03 02:00:00,2687.343334,1467.285667,53.348,1240.034999
2023-07-03 03:00:00,2416.756667,1311.596,45.13099999999999,1121.630666
2023-07-03 04:00:00,2237.187334,1217.499666,38.513000000000005,1025.4810009999999
2023-07-03 05:00:00,2176.2253330000003,1187.073333,36.614,953.9206650000001
2023-07-03 06:00:00,2236.848,1201.204666,43.504999999999995,983.8173330000001
2023-07-03 07:00:00,2353.231667,1290.030667,43.62299999999999,993.908668
2023-07-03 08:00:00,2618.808001,1442.124334,51.72400000000001,1090.6433339999999
2023-07-03 09:00:00,2867.328666,1594.1313340000002,49.72,1182.449334
2023-07-03 10:00:00,3102.225,1700.3583330000001,64.37200000000001,1339.548001
2023-07-03 11:00:00,3381.029,1890.346334,66.315,1373.332334
2023-07-03 12:00:00,3639.696667,2044.076,72.62699999999998,1518.586333
2023-07-03 13:00:00,4082.0049999999997,2195.724499,78.05200000000002,1721.2269999999999
2023-07-03 14:00:00,4443.140332999999,2341.1836670000002,86.87900000000002,1872.521667
2023-07-03 15:00:00,4827.845667,2527.407666,89.876,2060.775
2023-07-03 16:00:00,5512.603,2738.8783340000005,107.63899999999998,2171.470668
2023-07-03 17:00:00,6091.233,2923.334,110.78700000000002,2321.234667
2023-07-03 18:00:00,6620.6265,3113.005334,124.15000000000002,2502.297834
2023-07-03 19:00:00,6656.9395,3125.730334,130.604,2551.768667
2023-07-03 20:00:00,6460.8495,3043.532,129.343,2456.8250000000003
2023-07-03 21:00:00,6005.937,2846.12,112.76300000000002,2370.257668
2023-07-03 22:00:00,5488.2635,2712.432667,103.886,2218.326834
2023-07-03 23:00:00,4814.5165,2531.9793329999998,104.42399999999999,2038.598833
2023-07-04 00:00:00,4073.821167,2214.569,91.81,1771.192333
2023-07-04 01:00:00,3498.655499,1900.237665,77.152,1525.3733339999999
2023-07-04 02:00:00,3033.494667,1659.232667,66.116,1331.786666
2023-07-04 03:00:00,2711.9343329999997,1465.4696669999998,51.272000000000006,1180.859
2023-07-04 04:00:00,2460.793667,1344.7089999999998,44.915000000000006,1059.145334
2023-07-04 05:00:00,2317.743667,1281.583333,44.19799999999999,1008.397666
2023-07-04 06:00:00,2313.6126670000003,1212.6416669999999,40.188,989.578665
2023-07-04 07:00:00,2327.6096669999997,1270.404,44.586999999999996,1014.5920000000001
2023-07-04 08:00:00,2583.479667,1440.4663329999998,44.40000000000001,1144.136333
2023-07-04 09:00:00,3032.8060000000005,1666.019666,45.69400000000001,1322.921667
2023-07-04 10:00:00,3519.4126669999996,1898.478999,64.286,1492.739666
2023-07-04 11:00:00,4128.639,2177.204668,73.85800000000002,1723.2016669999998
2023-07-04 12:00:00,4584.254666999999,2399.377333,76.306,1907.882
2023-07-04 13:00:00,5231.051999,2698.035334,99.169,2146.982666
2023-07-04 14:00:00,5716.587334,2952.978001,112.10499999999999,2395.709001
2023-07-04 15:00:00,6491.096,3142.3420020000003,115.09899999999999,2551.8016669999997
2023-07-04 16:00:00,6962.908001,3320.7553310000003,120.02599999999998,2634.1530000000002
2023-07-04 17:00:00,7308.843666999999,3459.459334,135.002,2715.019667
2023-07-04 18:00:00,7529.390667,3495.874333,134.03900000000002,2750.188666
2023-07-04 19:00:00,7490.274667,3495.7746669999997,139.92299999999997,2758.426333
2023-07-04 20:00:00,7242.253667,3308.440332,138.819,2729.3806670000004
2023-07-04 21:00:00,6648.184,3170.213335,123.77699999999999,2587.893001
2023-07-04 22:00:00,6076.803667,2946.848333,118.794,2446.3216660000003
2023-07-04 23:00:00,5550.411333,2718.5786669999998,111.76799999999999,2231.7173350000003
2023-07-05 00:00:00,4939.440667,2459.132,103.19699999999999,2032.2520019999997
2023-07-05 01:00:00,4265.067332999999,2177.8699990000005,83.47200000000001,1801.838667
2023-07-05 02:00:00,3650.740332,1898.6263339999998,66.86500000000001,1547.299
2023-07-05 03:00:00,3165.157,1674.316667,59.542,1320.1875
2023-07-05 04:00:00,2842.522,1500.6033340000001,51.072,1220.4759999999999
2023-07-05 05:00:00,2683.297,1413.226667,47.175,1123.655335
2023-07-05 06:00:00,2684.585,1405.857,43.05,1104.799667
2023-07-05 07:00:00,2788.126333,1478.588666,47.516000000000005,1130.815333
2023-07-05 08:00:00,2941.768333,1640.964001,49.993,1223.832001
2023-07-05 09:00:00,3255.986,1790.0016660000001,55.266999999999996,1347.2136679999999
2023-07-05 10:00:00,3587.834667,1930.057667,64.306,1517.080999
2023-07-05 11:00:00,4087.6099999999997,2092.355666,88.856,1675.6706669999999
2023-07-05 12:00:00,4615.604332000001,2340.841334,98.88799999999999,1956.763332
2023-07-05 13:00:00,5332.754666999999,2659.2245000000003,106.47300000000001,2176.914332
2023-07-05 14:00:00,5987.079,2901.6133329999993,118.26500000000001,2383.9786670000003
2023-07-05 15:00:00,6686.002333,3121.2818340000003,123.455,2552.172666
2023-07-05 16:00:00,7176.018,3339.647667,145.00199999999998,2751.0506680000003
2023-07-05 17:00:00,7515.397999999999,3469.6863329999996,139.556,2904.005666
2023-07-05 18:00:00,8062.035666,3671.213666,145.299,3038.378667
2023-07-05 19:00:00,8326.425667,3710.622666,161.376,3068.685336
2023-07-05 20:00:00,8123.726999,3631.488334,160.75699999999998,3065.824
2023-07-05 21:00:00,7660.450666,3531.0593339999996,160.365,2968.701666
2023-07-05 22:00:00,6980.461334,3354.729333,141.986,2786.3799989999998
2023-07-05 23:00:00,6243.902333,3098.062,134.63,2514.036335
2023-07-06 00:00:00,5213.874667,2684.2250000000004,113.91299999999997,2177.2788359999995
2023-07-06 01:00:00,4346.602333,2288.7886670000003,85.282,1866.7646650000002
2023-07-06 02:00:00,3690.602666,2007.8159999999998,75.945,1631.582334
2023-07-06 03:00:00,3259.474334,1764.511667,73.004,1441.1626660000002
2023-07-06 04:00:00,2959.859,1607.940665,63.927,1330.226668
2023-07-06 05:00:00,2770.5076670000003,1482.493,55.28300000000001,1196.7913320000002
2023-07-06 06:00:00,2727.082333,1472.977001,54.31399999999999,1181.2299990000001
2023-07-06 07:00:00,2868.0096670000003,1592.142,59.696000000000005,1232.918999
2023-07-06 08:00:00,3042.8333329999996,1652.712666,59.900999999999996,1329.171998
2023-07-06 09:00:00,3327.714,1792.474,69.04799999999999,1428.840001
2023-07-06 10:00:00,3593.232333,1943.050334,84.284,1513.8719999999998
2023-07-06 11:00:00,3971.017333,2115.8636659999997,89.93800000000002,1640.688333
2023-07-06 12:00:00,4412.11,2320.497333,95.954,1863.057999
2023-07-06 13:00:00,4980.559332999999,2535.6955,102.78800000000001,2040.582
2023-07-06 14:00:00,5449.615667,2749.435833,115.146,2190.0730000000003
2023-07-06 15:00:00,5874.970333,2906.782833,126.11699999999999,2297.910667
2023-07-06 16:00:00,6385.494333000001,3068.6824989999996,126.87400000000001,2512.590667
2023-07-06 17:00:00,7050.035667,3275.7796660000004,132.56099999999998,2703.415
2023-07-06 18:00:00,7544.420333,3461.5706660000005,149.99099999999999,2889.439333
2023-07-06 19:00:00,7575.334,3472.684,151.004,2888.575667
2023-07-06 20:00:00,7329.678999999999,3383.818,149.747,2778.596334
2023-07-06 21:00:00,6758.571,3187.135667,137.39900000000003,2596.267
2023-07-06 22:00:00,6049.752,3015.769668,121.152,2403.901001
2023-07-06 23:00:00,5243.588,2659.836999,116.537,2135.778001
2023-07-07 00:00:00,4296.3460000000005,2232.3259989999997,93.685,1845.083333
2023-07-07 01:00:00,3577.131,1927.185,77.155,1552.1583329999999
2023-07-07 02:00:00,2986.038333,1691.2923329999999,60.14200000000001,1322.813334
2023-07-07 03:00:00,2673.117001,1488.964334,46.583999999999996,1179.091
2023-07-07 04:00:00,2463.877333,1388.2169990000002,42.07,1089.1340010000001
2023-07-07 05:00:00,2373.6983330000003,1345.037667,39.275,1062.396001
2023-07-07 06:00:00,2393.0393329999997,1335.3043340000002,44.478,1069.759
2023-07-07 07:00:00,2515.920333,1390.383667,52.87,1128.145333
2023-07-07 08:00:00,2725.004,1505.880001,46.309,1169.2033330000002
2023-07-07 09:00:00,2877.711333,1546.3456660000002,57.484,1213.0403330000001
2023-07-07 10:00:00,2973.1213340000004,1544.5480000000002,60.534,1228.587001
2023-07-07 11:00:00,3099.761334,1575.389333,60.569,1262.629666
2023-07-07 12:00:00,3133.979666,1595.410666,51.620000000000005,1302.7553329999998
2023-07-07 13:00:00,3252.486333,1703.0946669999998,53.876999999999995,1406.945667
2023-07-07 14:00:00,3415.9106659999998,1805.710333,60.498999999999995,1454.654333
2023-07-07 15:00:00,3756.078334,1979.1373330000001,66.506,1566.4269989999998
2023-07-07 16:00:00,4163.210667,2105.909333,82.768,1831.324666
2023-07-07 17:00:00,4742.9766660000005,2337.0796659999996,94.93499999999999,1964.644667
2023-07-07 18:00:00,5266.807,2503.121334,106.358,2046.0306659999999
2023-07-07 19:00:00,5554.541,2577.7529999999997,124.46100000000001,2125.3289999999997
2023-07-07 20:00:00,5374.512667,2492.3019999999997,113.285,2124.361667
2023-07-07 21:00:00,4875.183333,2342.924667,101.94500000000001,1991.716333
2023-07-07 22:00:00,4523.4971669999995,2253.334,89.85000000000001,1851.730333
2023-07-07 23:00:00,3979.574,2060.216,92.19599999999998,1687.416001
2023-07-08 00:00:00,3362.6166670000002,1759.086667,82.78399999999999,1483.922333
2023-07-08 01:00:00,2872.237333,1552.609334,61.535999999999994,1296.0729999999999
2023-07-08 02:00:00,2511.187,1348.842334,50.81499999999999,1150.488332
2023-07-08 03:00:00,2350.243667,1244.0536670000001,43.45099999999999,1038.814335
2023-07-08 04:00:00,2128.036667,1177.581,41.939,952.338667
2023-07-08 05:00:00,2072.4491669999998,1118.5256669999999,38.00600000000001,925.490334
2023-07-08 06:00:00,2064.324501,1143.455,41.243,943.221666
2023-07-08 07:00:00,2160.816167,1186.972,49.573,979.823667
2023-07-08 08:00:00,2352.523667,1321.694,46.48800000000001,1018.782334
2023-07-08 09:00:00,2695.513,1472.842667,54.191,1142.3583330000001
2023-07-08 10:00:00,2976.490333,1541.660666,59.214,1259.81
2023-07-08 11:00:00,3136.907667,1678.769334,55.154999999999994,1306.105
2023-07-08 12:00:00,3251.090334,1790.822334,63.293000000000006,1382.356999
2023-07-08 13:00:00,3329.724999,1784.145,68.472,1427.271667
2023-07-08 14:00:00,3430.0723329999996,1912.656,61.38600000000001,1499.548667
2023-07-08 15:00:00,3584.0879999999997,1967.648666,57.366,1566.077667
2023-07-08 16:00:00,3860.945,2057.695666,65.779,1630.721667
2023-07-08 17:00:00,4227.0650000000005,2209.337999,83.62899999999999,1759.301833
2023-07-08 18:00:00,4671.269,2299.235667,95.283,1854.442666
2023-07-08 19:00:00,4869.7789999999995,2381.1096660000003,88.01599999999998,1857.432334
2023-07-08 20:00:00,4855.896000000001,2359.853,88.29199999999999,1893.397999
2023-07-08 21:00:00,4535.015,2247.0509999999995,83.034,1854.9486670000001
2023-07-08 22:00:00,4229.782667,2198.6566660000003,85.072,1774.9910009999999
2023-07-08 23:00:00,3917.603,2075.263667,95.13300000000001,1633.754667
2023-07-09 00:00:00,3353.196334,1802.431,68.419,1452.8106659999999
2023-07-09 01:00:00,2896.136,1584.3546669999998,59.166000000000004,1275.381334
2023-07-09 02:00:00,2526.854667,1393.368,45.998000000000005,1123.564001
2023-07-09 03:00:00,2273.681667,1275.953667,40.568000000000005,1005.655332
2023-07-09 04:00:00,2065.6036670000003,1158.569,36.47599999999999,931.871999
2023-07-09 05:00:00,1973.7445010000001,1066.539667,34.998000000000005,891.066002
2023-07-09 06:00:00,2005.910667,1090.1273340000002,35.474,879.292332
2023-07-09 07:00:00,2104.424332,1161.021667,36.02400000000001,934.954667
2023-07-09 08:00:00,2402.242333,1327.0156670000001,41.516999999999996,1006.403999
2023-07-09 09:00:00,2716.4180000000006,1483.472667,62.756,1141.573332
2023-07-09 10:00:00,3052.700667,1655.6673329999999,65.828,1354.124668
2023-07-09 11:00:00,3348.769333,1853.826667,61.023999999999994,1477.571001
2023-07-09 12:00:00,3626.7353329999996,1937.9483329999998,65.956,1605.588334
2023-07-09 13:00:00,3900.316,2170.6073330000004,80.164,1712.9023320000001
2023-07-09 14:00:00,4274.373,2357.974666,79.349,1873.561335
2023-07-09 15:00:00,4636.874667,2475.1369990000003,98.04500000000002,1981.4
2023-07-09 16:00:00,5172.737999999999,2665.0546679999998,111.299,2139.8146690000003
2023-07-09 17:00:00,5781.053,2822.766667,132.17100000000002,2238.9469990000002
2023-07-09 18:00:00,6137.371499999999,3018.490668,136.65,2357.4896659999995
2023-07-09 19:00:00,6329.772,3112.906,121.75699999999999,2426.102002
2023-07-09 20:00:00,6313.302,3072.690333,129.686,2424.091668
2023-07-09 21:00:00,5840.001,2893.184333,131.297,2318.570666
2023-07-09 22:00:00,5363.225,2670.208667,122.17,2165.846667
2023-07-09 23:00:00,4687.035,2402.4353340000002,93.77,1896.199668
2023-07-10 00:00:00,3762.7083329999996,1992.534333,84.291,1591.001
2023-07-10 01:00:00,3091.8905,1685.141,56.74100000000001,1338.268335
2023-07-10 02:00:00,2590.584668,1456.079334,46.795,1149.518001
2023-07-10 03:00:00,2320.744334,1327.1766670000002,44.321000000000005,1057.309001
2023-07-10 04:00:00,2166.040667,1254.4816660000001,42.638,983.033001
2023-07-10 05:00:00,2135.845001,1230.819334,39.635,959.776666
2023-07-10 06:00:00,2204.825667,1232.1670000000001,42.86,972.153
2023-07-10 07:00:00,2386.516001,1305.42,42.277,1027.239333
2023-07-10 08:00:00,2560.448,1396.283334,45.78,1087.5916670000001
2023-07-10 09:00:00,2690.089332,1461.133334,41.332,1104.317666
2023-07-10 10:00:00,2764.090666,1408.969333,52.897999999999996,1146.219667
2023-07-10 11:00:00,2803.3233330000003,1539.337001,53.264,1229.6430010000001
2023-07-10 12:00:00,3001.489,1605.978666,60.71600000000001,1283.7963340000001
2023-07-10 13:00:00,3104.503667,1588.1763329999999,58.376999999999995,1267.010667
2023-07-10 14:00:00,3044.9539999999997,1584.460666,51.243,1272.099334
2023-07-10 15:00:00,3124.237,1669.1696659999998,62.327,1366.306999
2023-07-10 16:00:00,3191.673,1774.5513329999999,63.842999999999996,1368.557
2023-07-10 17:00:00,3442.853,1836.2983330000002,61.538,1514.9683340000001
2023-07-10 18:00:00,3791.931,2027.8816669999999,78.682,1635.275334
2023-07-10 19:00:00,4055.7839999999997,2042.678334,80.206,1707.832999
2023-07-10 20:00:00,3946.999,2115.528,93.14300000000001,1689.752333
2023-07-10 21:00:00,3923.835333,2137.702,85.975,1673.855333
2023-07-10 22:00:00,3846.9323329999997,1997.6256669999998,84.383,1662.163667
2023-07-10 23:00:00,3488.3093329999997,1803.3000000000002,79.725,1500.166334
2023-07-11 00:00:00,2960.4346670000004,1581.938667,65.612,1286.840001
2023-07-11 01:00:00,2523.9933330000003,1433.916666,53.797,1117.511668
2023-07-11 02:00:00,2266.854333,1258.108666,45.477999999999994,1007.944499
2023-07-11 03:00:00,2114.135333,1164.419666,37.589000000000006,959.4590000000001
2023-07-11 04:00:00,2015.708,1126.444667,34.717,895.988
2023-07-11 05:00:00,2014.564,1131.802001,34.414,889.8403350000001
2023-07-11 06:00:00,2176.946,1173.772667,37.686,911.393999
2023-07-11 07:00:00,2346.8450000000003,1293.301,38.53999999999999,1018.499334
2023-07-11 08:00:00,2531.458,1356.411333,45.495000000000005,1116.95
2023-07-11 09:00:00,2680.3740000000003,1493.451,42.595000000000006,1172.8976659999998
2023-07-11 10:00:00,2853.2975,1531.342334,60.288000000000004,1240.054
2023-07-11 11:00:00,3056.930333,1663.9543330000001,65.519,1334.534334
2023-07-11 12:00:00,3302.181,1826.457667,70.38100000000001,1423.347334
2023-07-11 13:00:00,3586.229667,1968.301666,79.515,1586.2559999999999
2023-07-11 14:00:00,3824.689,2070.751667,75.24,1659.534333
2023-07-11 15:00:00,4170.089667,2177.605667,86.10600000000001,1785.6533319999999
2023-07-11 16:00:00,4630.088000000001,2391.0323329999997,98.46199999999999,1919.620665
2023-07-11 17:00:00,5282.538666999999,2559.266334,107.536,2131.916
2023-07-11 18:00:00,5876.955,2780.3610009999998,121.286,2273.160334
2023-07-11 19:00:00,6172.634333,2925.502333,125.46799999999999,2385.7219999999998
2023-07-11 20:00:00,6013.46,2886.999666,130.04799999999997,2384.4996659999997
2023-07-11 21:00:00,5648.106667,2706.6980000000003,112.438,2303.2023339999996
2023-07-11 22:00:00,5198.053,2533.367999,106.67899999999999,2160.188
2023-07-11 23:00:00,4553.575667,2344.350333,93.47400000000002,1880.297333
2023-07-12 00:00:00,3772.736667,2031.793333,74.39999999999999,1670.218667
2023-07-12 01:00:00,3107.102,1770.8359990000001,73.35300000000001,1423.7730000000001
2023-07-12 02:00:00,2687.8649990000004,1517.5933340000001,68.029,1235.537334
2023-07-12 03:00:00,2373.188001,1374.3850000000002,50.767,1126.9900000000002
2023-07-12 04:00:00,2202.147,1288.0896669999997,44.49700000000001,1001.459335
2023-07-12 05:00:00,2180.824667,1246.071,40.83500000000001,979.7150000000001
2023-07-12 06:00:00,2277.172667,1277.8046669999999,50.278,1003.743669
2023-07-12 07:00:00,2456.335333,1398.549333,42.854,1082.5463340000001
2023-07-12 08:00:00,2665.353667,1440.016001,45.904,1133.067669
2023-07-12 09:00:00,2702.538333,1530.9696660000002,50.639,1153.844668
2023-07-12 10:00:00,2888.6916659999997,1618.505334,57.71099999999999,1229.334333
2023-07-12 11:00:00,3081.191667,1718.507333,66.011,1339.344333
2023-07-12 12:00:00,3488.891667,1893.571001,69.64299999999999,1457.9776669999999
2023-07-12 13:00:00,3826.096333,2030.7429989999998,70.839,1655.2423330000001
2023-07-12 14:00:00,4173.231667,2230.1613340000004,88.439,1732.538
2023-07-12 15:00:00,4618.613667,2437.7079999999996,94.109,1945.9003320000002
2023-07-12 16:00:00,5073.986999999999,2624.332333,106.43200000000003,2132.2796670000002
2023-07-12 17:00:00,5717.110000000001,2822.4260000000004,115.16099999999999,2309.715
2023-07-12 18:00:00,6352.482,3034.3596660000003,123.616,2469.596666
2023-07-12 19:00:00,6628.012000000001,3098.646999,128.804,2550.5013339999996
2023-07-12 20:00:00,6195.683999999999,2999.058333,137.35399999999998,2509.595334
2023-07-12 21:00:00,5870.5689999999995,2883.985667,117.96400000000001,2384.260333
2023-07-12 22:00:00,5379.0505,2668.287666,109.62500000000001,2257.781667
2023-07-12 23:00:00,4658.721,2374.0786669999998,103.95100000000001,2009.7146670000002
2023-07-13 00:00:00,3841.6915,2041.060333,84.65,1681.050667
2023-07-13 01:00:00,3227.370334,1765.8906670000001,78.52,1432.0453340000001
2023-07-13 02:00:00,2702.9413320000003,1543.4679999999998,61.053000000000004,1231.7506670000002
2023-07-13 03:00:00,2426.173,1352.6133340000001,52.673,1134.039999
2023-07-13 04:00:00,2251.371333,1276.266333,47.259,1049.6323340000001
2023-07-13 05:00:00,2218.071333,1245.258667,45.827999999999996,992.9533329999999
2023-07-13 06:00:00,2310.441667,1305.744001,51.407000000000004,1025.471666
2023-07-13 07:00:00,2523.928667,1420.617334,51.202999999999996,1085.035667
2023-07-13 08:00:00,2719.132333,1443.622999,47.318,1174.501667
2023-07-13 09:00:00,2845.4930000000004,1559.5913329999998,55.089999999999996,1250.114667
2023-07-13 10:00:00,3088.275667,1638.029,68.519,1356.002333
2023-07-13 11:00:00,3353.62,1786.7616659999999,74.725,1458.251667
2023-07-13 12:00:00,3588.416667,1930.5013330000002,85.10800000000002,1592.221333
2023-07-13 13:00:00,3953.379333,2115.019666,82.96000000000001,1712.3519999999999
2023-07-13 14:00:00,4414.769,2294.023333,105.77000000000001,1909.694333
2023-07-13 15:00:00,4919.476333,2466.039666,104.31,2062.957666
2023-07-13 16:00:00,5462.331667,2660.8129989999998,114.35199999999999,2218.891667
2023-07-13 17:00:00,6016.477,2918.604666,133.673,2423.245333
2023-07-13 18:00:00,6551.9839999999995,3107.735332,135.187,2554.935666
2023-07-13 19:00:00,6787.558999999999,3199.521,146.45399999999998,2695.660333
2023-07-13 20:00:00,6790.986999999999,3142.2209999999995,138.90800000000002,2662.092666
2023-07-13 21:00:00,6376.615000000001,2934.758667,136.888,2525.6640009999996
2023-07-13 22:00:00,5806.668,2813.753334,126.35000000000001,2367.9460010000003
2023-07-13 23:00:00,5045.869,2647.530999,111.111,2091.9936669999997
2023-07-14 00:00:00,4241.527,2219.961332,98.55,1800.817001
2023-07-14 01:00:00,3618.9526669999996,1915.615333,82.05399999999999,1539.8576659999999
2023-07-14 02:00:00,3133.1719999999996,1711.980666,63.839000000000006,1360.757
2023-07-14 03:00:00,2738.910335,1550.7156670000002,54.126,1220.3366650000003
2023-07-14 04:00:00,2473.4873340000004,1440.744333,51.53399999999999,1112.375334
2023-07-14 05:00:00,2409.4809999999998,1381.479667,44.88400000000001,1061.840001
2023-07-14 06:00:00,2506.9719999999998,1388.541334,47.583000000000006,1070.8353319999999
2023-07-14 07:00:00,2627.816,1467.959,55.247,1138.233667
2023-07-14 08:00:00,2906.941,1607.406667,54.205999999999996,1236.358667
2023-07-14 09:00:00,3166.3140000000003,1734.572666,56.254000000000005,1327.368332
2023-07-14 10:00:00,3435.706,1867.970333,68.7,1430.563667
2023-07-14 11:00:00,3842.9080000000004,2062.1029989999997,82.229,1609.671
2023-07-14 12:00:00,4210.272999999999,2314.7399990000004,90.48600000000002,1790.7146670000002
2023-07-14 13:00:00,4747.823,2516.995667,93.72300000000001,1983.605
2023-07-14 14:00:00,5403.685,2753.533166,113.078,2210.875666
2023-07-14 15:00:00,5929.151667,2958.7928330000004,112.784,2367.161333
2023-07-14 16:00:00,6498.541334,3134.455833,118.25800000000001,2539.634998
2023-07-14 17:00:00,7069.654334000001,3287.246666,145.12800000000001,2657.377
2023-07-14 18:00:00,7557.309,3406.3970010000003,154.65699999999998,2845.3063330000004
2023-07-14 19:00:00,7649.246999999999,3421.535333,152.542,2894.371667
2023-07-14 20:00:00,7479.753000000001,3325.1463329999997,151.531,2836.209667
2023-07-14 21:00:00,7167.434,3179.303,132.20299999999997,2719.567333
2023-07-14 22:00:00,6495.503,3076.530666,126.10199999999999,2587.056998
2023-07-14 23:00:00,5858.272999999999,2864.494,116.44000000000001,2364.826668
2023-07-15 00:00:00,4992.868,2530.531,102.70500000000001,2060.391667
2023-07-15 01:00:00,4256.551,2208.544334,81.43900000000001,1798.9276650000002
2023-07-15 02:00:00,3638.309001,1970.075334,69.303,1574.9916650000002
2023-07-15 03:00:00,3194.634666,1771.923334,64.2,1382.235333
2023-07-15 04:00:00,2870.326,1589.460333,55.897000000000006,1271.301333
2023-07-15 05:00:00,2669.577,1470.231667,50.52,1173.751998
2023-07-15 06:00:00,2561.407,1422.194,47.284,1132.949001
2023-07-15 07:00:00,2652.922,1508.846,49.16400000000001,1184.5696659999999
2023-07-15 08:00:00,2984.928,1663.9343330000002,54.764,1272.932998
2023-07-15 09:00:00,3468.5099999999998,1888.291334,75.87699999999998,1431.070666
2023-07-15 10:00:00,4079.7200000000003,2152.3509990000002,75.693,1651.992999
2023-07-15 11:00:00,4504.927000000001,2467.994667,81.786,1926.017667
2023-07-15 12:00:00,5055.907999999999,2674.5066669999997,103.918,2115.6290010000002
2023-07-15 13:00:00,5752.7210000000005,2863.358333,120.277,2389.535667
2023-07-15 14:00:00,6349.87,3086.535333,131.257,2548.8163349999995
2023-07-15 15:00:00,6975.231,3283.355666,137.316,2713.699001
2023-07-15 16:00:00,7507.092000000001,3400.306,148.27999999999997,2801.793333
2023-07-15 17:00:00,7827.482,3549.505666,139.215,2905.1688329999997
2023-07-15 18:00:00,8029.874667,3665.279667,141.082,2976.9171670000005
2023-07-15 19:00:00,7941.390332999999,3632.7266659999996,151.723,2966.945667
2023-07-15 20:00:00,7843.4815,3561.0899999999997,144.04899999999995,2896.549335
2023-07-15 21:00:00,7378.009,3371.535,147.724,2784.242668
2023-07-15 22:00:00,6715.945,3176.464666,127.48,2621.065333
2023-07-15 23:00:00,5982.360999999999,2909.293667,118.78399999999999,2398.8379999999997
2023-07-16 00:00:00,5028.661,2541.5376659999997,109.09400000000001,2105.1943330000004
2023-07-16 01:00:00,4266.841668000001,2251.557666,75.705,1830.040334
2023-07-16 02:00:00,3676.113999,1937.309334,68.12400000000001,1573.289001
2023-07-16 03:00:00,3198.2725,1722.429,58.977000000000004,1378.343002
2023-07-16 04:00:00,2842.885,1569.486,50.699000000000005,1279.2856669999999
2023-07-16 05:00:00,2653.239667,1474.147667,46.688,1186.9263340000002
2023-07-16 06:00:00,2533.191,1415.870334,48.367,1128.847333
2023-07-16 07:00:00,2583.105333,1483.385668,44.22500000000001,1164.222333
2023-07-16 08:00:00,2910.176333,1645.9646670000002,52.331,1289.338665
2023-07-16 09:00:00,3385.906,1870.663668,66.20700000000001,1464.409001
2023-07-16 10:00:00,3885.106667,2081.758,80.62299999999999,1638.9533339999998
2023-07-16 11:00:00,4335.143,2381.826001,93.376,1850.719333
2023-07-16 12:00:00,4798.825999999999,2541.4159990000003,103.38900000000001,2022.8886670000002
2023-07-16 13:00:00,5321.836,2786.662666,117.63,2257.208
2023-07-16 14:00:00,5886.303,2974.5513330000003,122.47000000000001,2436.126
2023-07-16 15:00:00,6516.643,3186.7459989999998,134.818,2615.132001
2023-07-16 16:00:00,7133.637,3378.9423350000006,153.92399999999998,2820.812666
2023-07-16 17:00:00,7656.746000000001,3551.811334,162.09900000000002,2934.001666
2023-07-16 18:00:00,7994.21,3695.545335,152.46300000000002,3110.5976680000003
2023-07-16 19:00:00,8010.176,3701.812667,162.72999999999996,3069.740334
2023-07-16 20:00:00,7663.625999999999,3524.2116659999997,148.175,2963.0460000000003
2023-07-16 21:00:00,6945.236000000001,3360.3189999999995,144.32700000000003,2757.7433329999994
2023-07-16 22:00:00,6241.191000000001,3134.515334,136.605,2559.9746670000004
2023-07-16 23:00:00,5271.91,2777.560667,127.58999999999997,2250.745333
2023-07-17 00:00:00,4286.29,2358.401333,104.74900000000001,1945.999002
2023-07-17 01:00:00,3545.7216660000004,2012.0280000000002,82.636,1623.892668
2023-07-17 02:00:00,3002.4393330000003,1734.615001,65.14999999999999,1408.028668
2023-07-17 03:00:00,2714.34,1538.4789999999998,58.11600000000001,1239.458001
2023-07-17 04:00:00,2467.0553330000002,1457.065999,48.336,1149.453668
2023-07-17 05:00:00,2437.008833,1380.259334,46.01400000000001,1097.5740019999998
2023-07-17 06:00:00,2512.599333,1401.951,51.808,1127.2199990000001
2023-07-17 07:00:00,2648.890833,1489.746,54.794000000000004,1195.3866659999999
2023-07-17 08:00:00,2833.504167,1572.782334,52.248999999999995,1240.8323340000002
2023-07-17 09:00:00,3018.059333,1641.676001,60.73,1301.6680000000001
2023-07-17 10:00:00,3174.7461670000002,1700.6930000000002,64.525,1358.8346649999999
2023-07-17 11:00:00,3268.9660000000003,1745.6040000000003,62.8,1362.935
2023-07-17 12:00:00,3485.537334,1869.339,73.501,1412.380666
2023-07-17 13:00:00,3782.2503340000003,1956.268167,68.906,1544.507334
2023-07-17 14:00:00,3982.5686670000005,2077.530167,70.06400000000001,1592.1276670000002
2023-07-17 15:00:00,4235.395667000001,2188.2246670000004,80.99100000000001,1695.886665
2023-07-17 16:00:00,4627.099333,2353.9005,95.388,1858.3380000000002
2023-07-17 17:00:00,5094.612833,2495.6935,100.028,1909.679333
2023-07-17 18:00:00,5610.699667,2723.172,111.973,2072.554
2023-07-17 19:00:00,5844.744333000001,2806.9494999999997,127.574,2196.365668
2023-07-17 20:00:00,5750.985833,2767.0625,119.57199999999999,2222.800666
2023-07-17 21:00:00,5364.5725,2605.1455,104.547,2104.845666
2023-07-17 22:00:00,4823.909667,2455.6530000000002,94.726,2014.681
2023-07-17 23:00:00,4217.399,2172.7744999999995,80.54,1760.098334
2023-07-18 00:00:00,3473.4579999999996,1859.9615,67.51400000000001,1532.7653329999998
2023-07-18 01:00:00,2987.805833,1564.9364999999998,60.797,1321.456333
2023-07-18 02:00:00,2631.518999,1389.3255,56.678000000000004,1150.8596670000002
2023-07-18 03:00:00,2354.905,1253.777,49.67099999999999,1080.458333
2023-07-18 04:00:00,2169.9615000000003,1189.5095000000001,42.27700000000001,1006.2776669999998
2023-07-18 05:00:00,2171.3125,1168.0030000000002,39.437999999999995,963.3123350000001
2023-07-18 06:00:00,2253.286,1233.1390000000001,43.542,979.625
2023-07-18 07:00:00,2448.9595,1337.459,42.346999999999994,1068.023999
2023-07-18 08:00:00,2654.5879999999997,1426.385,46.458,1122.133
2023-07-18 09:00:00,2812.224,1534.5375,52.410000000000004,1171.2871659999998
2023-07-18 10:00:00,2910.029,1555.8325,59.55,1260.181
2023-07-18 11:00:00,3146.504,1765.018,59.865,1352.893001
2023-07-18 12:00:00,3428.252001,1902.8265000000001,61.696000000000005,1477.608666
2023-07-18 13:00:00,3713.070334,2058.1589999999997,63.877,1625.946668
2023-07-18 14:00:00,4107.861000000001,2215.625,83.593,1714.2943329999998
2023-07-18 15:00:00,4518.210999999999,2388.8684999999996,91.966,1900.2546659999998
2023-07-18 16:00:00,5115.791,2538.985167,97.937,2109.8566659999997
2023-07-18 17:00:00,5878.341,2808.4815,107.77900000000001,2311.5280000000002
2023-07-18 18:00:00,6411.068333000001,3044.128167,133.567,2503.3273339999996
2023-07-18 19:00:00,6755.599667,3128.0045,138.93099999999998,2624.206833
2023-07-18 20:00:00,6550.457333,3029.752667,133.97399999999996,2561.739001
2023-07-18 21:00:00,6077.852,2900.5395,129.07,2440.089332
2023-07-18 22:00:00,5631.981,2783.3063329999995,104.451,2281.195
2023-07-18 23:00:00,4896.5,2508.177667,101.84899999999999,2027.556668
2023-07-19 00:00:00,4129.773,2172.112001,81.38100000000001,1716.4146660000001
2023-07-19 01:00:00,3432.472333,1886.6491649999998,69.655,1483.734331
2023-07-19 02:00:00,3012.0559980000003,1638.3213329999999,59.941999999999986,1278.884
2023-07-19 03:00:00,2702.6459990000003,1475.9998329999999,51.891000000000005,1183.939666
2023-07-19 04:00:00,2497.594001,1371.466,45.014,1087.582999
2023-07-19 05:00:00,2436.540667,1342.3983349999999,45.793,1034.574998
2023-07-19 06:00:00,2464.731668,1362.585667,48.656,1047.1616680000002
2023-07-19 07:00:00,2679.0283329999997,1450.5375,51.730000000000004,1150.569
2023-07-19 08:00:00,2946.569666,1535.3466680000001,51.821,1202.5496679999999
2023-07-19 09:00:00,3078.27,1682.732333,66.966,1296.4670030000002
2023-07-19 10:00:00,3304.116998,1842.2526659999999,76.625,1416.304333
2023-07-19 11:00:00,3679.943999,2038.6364990000002,76.455,1526.506333
2023-07-19 12:00:00,4127.672333,2237.2593349999997,100.38,1785.6873329999999
2023-07-19 13:00:00,4807.360000000001,2493.491666,119.31400000000001,2035.247998
2023-07-19 14:00:00,5411.403333,2756.357835,122.677,2192.5266659999998
2023-07-19 15:00:00,5972.767667,2975.8898329999997,127.62100000000001,2428.022999
2023-07-19 16:00:00,6683.486668,3205.060168,137.02199999999996,2639.325668
2023-07-19 17:00:00,7386.382001,3448.9208310000004,142.22,2838.4976690000003
2023-07-19 18:00:00,7862.969335,3691.457833,157.538,2965.4906690000003
2023-07-19 19:00:00,8176.829334,3731.3549999999996,161.70000000000002,3080.873668
2023-07-19 20:00:00,8048.979666000001,3731.065834,152.86299999999997,3058.002002
2023-07-19 21:00:00,7662.496668,3583.485833,141.263,2952.045998
2023-07-19 22:00:00,7177.458501,3428.116332,142.28799999999995,2795.713334
2023-07-19 23:00:00,6216.445999,3080.3741660000005,132.42100000000002,2568.161499
2023-07-20 00:00:00,5125.978668000001,2661.034666,105.755,2152.0766670000003
2023-07-20 01:00:00,4283.783834,2253.010333,89.287,1865.644666
2023-07-20 02:00:00,3663.707999,1990.198833,81.757,1654.415332
2023-07-20 03:00:00,3211.678334,1766.005,73.09500000000001,1482.816334
2023-07-20 04:00:00,2893.0116660000003,1616.401167,61.592999999999996,1338.783666
2023-07-20 05:00:00,2720.645333,1494.6416669999999,57.288,1225.614
2023-07-20 06:00:00,2676.1626669999996,1503.5925,54.678999999999995,1199.9009999999998
2023-07-20 07:00:00,2775.844334,1588.044333,58.954000000000015,1273.376334
2023-07-20 08:00:00,3043.478666,1692.8611660000001,55.35,1308.874334
2023-07-20 09:00:00,3199.434,1762.176167,64.003,1375.2600000000002
2023-07-20 10:00:00,3388.525334,1899.8553339999999,78.06,1451.73333
2023-07-20 11:00:00,3615.013667,2023.6973340000002,79.155,1605.3676659999999
2023-07-20 12:00:00,4023.513667,2139.750666,88.421,1737.634666
2023-07-20 13:00:00,4463.061,2324.4551659999997,91.12799999999999,1857.578334
2023-07-20 14:00:00,4932.962667,2512.182,103.36,2023.338
2023-07-20 15:00:00,5410.305666,2718.638,102.692,2226.1266660000006
2023-07-20 16:00:00,5904.706001,2924.9775,118.21100000000001,2441.2013319999996
2023-07-20 17:00:00,6591.830666,3165.303167,123.744,2642.923333
2023-07-20 18:00:00,7085.044667,3387.461833,140.86799999999997,2792.661
2023-07-20 19:00:00,7323.792334,3456.4315,145.38699999999997,2831.511
2023-07-20 20:00:00,7280.198,3358.978167,143.12199999999999,2846.398335
2023-07-20 21:00:00,6832.656,3258.907333,146.00300000000001,2717.008667
2023-07-20 22:00:00,6297.039334,3086.3238330000004,122.67099999999999,2544.112334
2023-07-20 23:00:00,5511.483,2775.629333,114.25200000000001,2269.282999
2023-07-21 00:00:00,4515.434833,2338.4795000000004,96.37799999999999,1956.6306679999998
2023-07-21 01:00:00,3806.3233339999997,2007.583,76.703,1667.778
2023-07-21 02:00:00,3224.361,1757.8220000000001,61.178,1430.624667
2023-07-21 03:00:00,2850.904668,1570.368833,56.215,1239.695833
2023-07-21 04:00:00,2597.106001,1429.2976669999998,49.45300000000001,1147.746
2023-07-21 05:00:00,2509.138333,1362.6945,46.234,1121.128667
2023-07-21 06:00:00,2501.0960000000005,1393.416334,48.321,1154.240334
2023-07-21 07:00:00,2656.999667,1481.8808330000002,52.193000000000005,1215.602333
2023-07-21 08:00:00,2837.830333,1520.458833,49.556000000000004,1213.398666
2023-07-21 09:00:00,3009.074333,1583.9035,57.584,1285.821334
2023-07-21 10:00:00,3220.8179999999998,1690.7946670000001,68.669,1343.838667
2023-07-21 11:00:00,3455.273333,1892.9698340000002,78.774,1483.2793319999998
2023-07-21 12:00:00,3865.293333,2055.839,86.297,1660.313666
2023-07-21 13:00:00,4336.771667,2214.3195,91.974,1832.745666
2023-07-21 14:00:00,4788.132,2406.4083330000003,97.652,1967.7123319999998
2023-07-21 15:00:00,5248.349334,2609.702333,106.233,2160.648668
2023-07-21 16:00:00,5828.941332999999,2824.070333,112.622,2311.167669
2023-07-21 17:00:00,6460.243,3032.5838329999997,120.93999999999998,2518.2923330000003
2023-07-21 18:00:00,6937.210334,3278.4435,134.99599999999998,2640.9610000000002
2023-07-21 19:00:00,7139.2880000000005,3358.7889999999998,148.642,2728.404334
2023-07-21 20:00:00,7002.700000000001,3233.8586670000004,136.089,2647.908666
2023-07-21 21:00:00,6498.376333,3039.137667,127.076,2521.494998
2023-07-21 22:00:00,5985.469,2908.8385,119.611,2369.786
2023-07-21 23:00:00,5436.451999999999,2666.3875000000003,107.79200000000002,2166.7926669999997
2023-07-22 00:00:00,4466.488,2347.7879999999996,86.30799999999999,1897.053333
2023-07-22 01:00:00,3763.611,2008.406,76.45900000000002,1637.994333
2023-07-22 02:00:00,3241.310334,1768.587,67.056,1416.7256659999998
2023-07-22 03:00:00,2889.4840000000004,1583.301667,57.342,1272.036667
2023-07-22 04:00:00,2656.7170000000006,1428.7053329999999,48.941,1183.8383350000001
2023-07-22 05:00:00,2456.9539999999997,1327.426,43.953,1116.423667
2023-07-22 06:00:00,2345.386,1258.8325,44.567,1119.2929980000001
2023-07-22 07:00:00,2480.99,1333.917667,47.917,1144.2183340000001
2023-07-22 08:00:00,2797.447,1518.9555,51.378,1243.3983329999999
2023-07-22 09:00:00,3182.7880000000005,1766.2763340000001,63.003,1368.2633329999999
2023-07-22 10:00:00,3616.1499999999996,1974.9106659999998,69.61500000000001,1535.154332
2023-07-22 11:00:00,4017.263667,2189.4210000000003,96.16099999999999,1749.954667
2023-07-22 12:00:00,4528.829000000001,2418.987833,101.08900000000001,1925.711335
2023-07-22 13:00:00,4960.671333,2583.7574999999997,96.608,2132.751001
2023-07-22 14:00:00,5478.003333000001,2771.605,109.975,2267.7250019999997
2023-07-22 15:00:00,5962.4493330000005,2942.6135,130.63800000000003,2385.106668
2023-07-22 16:00:00,6504.077332999999,3134.311334,135.97799999999998,2507.549168
2023-07-22 17:00:00,6974.541666,3280.55,135.05599999999998,2687.2696659999997
2023-07-22 18:00:00,7326.901334,3361.953333,151.58500000000004,2732.638334
2023-07-22 19:00:00,7324.391334,3334.5175,137.774,2739.228667
2023-07-22 20:00:00,7142.33,3212.7836669999997,143.49200000000002,2646.011001
2023-07-22 21:00:00,6604.753000000001,3025.916,138.03299999999996,2549.4196660000002
2023-07-22 22:00:00,6008.811667,2883.971,128.225,2440.305001
2023-07-22 23:00:00,5263.586,2648.3759999999997,116.32300000000001,2260.024334
2023-07-23 00:00:00,4477.314333,2326.062333,94.94200000000001,1928.177666
2023-07-23 01:00:00,3774.728,2045.195834,76.728,1657.6250009999999
2023-07-23 02:00:00,3367.335666,1770.3548329999999,66.159,1440.467332
2023-07-23 03:00:00,2955.760667,1562.548832,61.952,1304.498668
2023-07-23 04:00:00,2726.764833,1446.1845,51.778000000000006,1178.713
2023-07-23 05:00:00,2510.607333,1367.656167,46.94500000000001,1100.488666
2023-07-23 06:00:00,2385.8120000000004,1314.87,47.89300000000001,1101.705001
2023-07-23 07:00:00,2450.294667,1363.354167,46.198,1132.0259999999998
2023-07-23 08:00:00,2732.0393329999997,1508.5618330000002,56.021,1229.9416669999998
2023-07-23 09:00:00,3207.737,1759.059667,65.636,1399.172666
2023-07-23 10:00:00,3612.416333,1968.418333,79.79100000000001,1550.144667
2023-07-23 11:00:00,3930.7403329999997,2191.125167,86.63300000000001,1727.1689999999999
2023-07-23 12:00:00,4537.551333,2376.794333,93.777,1962.423667
2023-07-23 13:00:00,4892.800333,2568.8605,100.64300000000001,2059.0753330000002
2023-07-23 14:00:00,5401.772000000001,2811.9616669999996,120.604,2269.3416669999997
2023-07-23 15:00:00,5973.204,2940.7976670000003,119.371,2451.392001
2023-07-23 16:00:00,6504.581333,3190.6391670000003,131.957,2628.3450000000003
2023-07-23 17:00:00,7096.739333,3344.902,139.016,2777.4210000000003
2023-07-23 18:00:00,7416.599999999999,3424.6565,142.048,2857.5946670000003
2023-07-23 19:00:00,7659.417332999999,3524.777667,157.451,2892.673667
2023-07-23 20:00:00,7400.3681670000005,3300.515166,157.06,2841.332
2023-07-23 21:00:00,6824.2083330000005,3136.509,135.47599999999997,2633.470333
2023-07-23 22:00:00,6148.305832999999,2928.2665,117.08399999999999,2471.2926669999997
2023-07-23 23:00:00,5123.2606670000005,2613.609666,109.02,2173.916333
2023-07-24 00:00:00,4144.718000000001,2254.583667,83.769,1869.113
2023-07-24 01:00:00,3423.106333,1865.2383329999998,64.385,1541.376334
2023-07-24 02:00:00,2937.703666,1610.1943339999998,58.25,1325.1526680000002
2023-07-24 03:00:00,2611.771833,1448.946,51.617999999999995,1208.334667
2023-07-24 04:00:00,2408.117667,1331.909833,46.841,1110.389667
2023-07-24 05:00:00,2373.3849999999998,1280.311833,41.745999999999995,1065.8640010000001
2023-07-24 06:00:00,2402.148,1269.3841670000002,42.596000000000004,1059.864
2023-07-24 07:00:00,2565.1989999999996,1366.210167,47.915000000000006,1145.248665
2023-07-24 08:00:00,2771.0460000000003,1456.8458329999999,50.20900000000001,1181.437333
2023-07-24 09:00:00,2894.2329999999997,1528.778834,50.483,1230.959666
2023-07-24 10:00:00,3009.165,1576.292,56.403999999999996,1281.948666
2023-07-24 11:00:00,3126.0879999999997,1634.1836669999998,62.035,1317.544668
2023-07-24 12:00:00,3336.688666,1731.575333,69.26800000000001,1403.023334
2023-07-24 13:00:00,3437.265333,1788.991,65.606,1471.1756679999999
2023-07-24 14:00:00,3474.5550000000003,1819.5763339999999,77.70800000000001,1465.078333
2023-07-24 15:00:00,3592.798,1858.684,75.83,1486.834333
2023-07-24 16:00:00,3698.5460000000003,1973.788333,74.079,1557.588001
2023-07-24 17:00:00,4171.665999999999,2125.8586670000004,73.443,1722.502001
2023-07-24 18:00:00,4580.683,2269.5583330000004,85.739,1867.4403340000001
2023-07-24 19:00:00,4706.501333,2332.835,94.51799999999999,1951.244667
2023-07-24 20:00:00,4739.195,2325.456,102.05399999999999,1908.954333
2023-07-24 21:00:00,4657.709999999999,2273.488333,90.70799999999998,1922.486999
2023-07-24 22:00:00,4465.781,2291.02,86.428,1834.616335
2023-07-24 23:00:00,4071.599,2113.4390000000003,109.665,1707.615668
2023-07-25 00:00:00,3506.6040000000003,1891.5736670000001,88.088,1516.8276660000001
2023-07-25 01:00:00,3024.506667,1616.71,71.131,1345.3484999999998
2023-07-25 02:00:00,2653.549999,1458.5859999999998,51.962,1223.224667
2023-07-25 03:00:00,2455.3853339999996,1351.3003330000001,46.478,1133.078166
2023-07-25 04:00:00,2311.727,1294.606667,44.452,1033.393834
2023-07-25 05:00:00,2264.786667,1264.0993330000001,42.563,1005.2668329999999
2023-07-25 06:00:00,2331.862333,1260.016,44.276999999999994,1043.475
2023-07-25 07:00:00,2507.5223340000002,1323.854667,46.98,1113.186499
2023-07-25 08:00:00,2581.223332,1368.152333,54.97599999999999,1136.587501
2023-07-25 09:00:00,2777.575,1448.3303329999999,47.86,1167.1165
2023-07-25 10:00:00,2929.068,1506.355,53.16400000000001,1217.9313339999999
2023-07-25 11:00:00,3051.673,1593.103666,61.705000000000005,1237.9253330000001
2023-07-25 12:00:00,3134.055668,1633.6929999999998,67.012,1335.278667
2023-07-25 13:00:00,3306.998334,1778.020334,74.275,1447.703833
2023-07-25 14:00:00,3586.852001,1945.6856659999999,87.79800000000002,1534.6941659999998
2023-07-25 15:00:00,3868.164333,2056.852667,99.247,1695.447334
2023-07-25 16:00:00,4373.261667,2291.1448330000003,104.796,1851.128667
2023-07-25 17:00:00,4990.74,2469.2965000000004,117.03900000000002,2059.287501
2023-07-25 18:00:00,5556.871667,2621.235333,115.786,2201.893499
2023-07-25 19:00:00,5775.098,2735.427,129.222,2231.1886670000004
2023-07-25 20:00:00,5529.462667,2664.055667,118.345,2200.3779999999997
2023-07-25 21:00:00,5080.647333000001,2433.5483329999997,110.25200000000001,2062.205667
2023-07-25 22:00:00,4619.414333000001,2376.835333,104.11599999999999,1967.9234989999998
2023-07-25 23:00:00,4048.836,2162.4039999999995,88.06299999999999,1721.764334
2023-07-26 00:00:00,3388.6535000000003,1834.063333,73.67900000000002,1473.081834
2023-07-26 01:00:00,2918.389,1539.584666,66.79599999999999,1273.839
2023-07-26 02:00:00,2526.878,1373.5096670000003,50.316,1123.521499
2023-07-26 03:00:00,2304.927333,1245.6996669999999,43.341,1030.747332
2023-07-26 04:00:00,2147.224666,1172.587,38.431,954.710166
2023-07-26 05:00:00,2132.2,1132.926,37.147999999999996,929.970834
2023-07-26 06:00:00,2223.8196669999998,1142.1133340000001,37.727000000000004,952.956833
2023-07-26 07:00:00,2431.175,1240.851667,45.230999999999995,1035.601667
2023-07-26 08:00:00,2630.2583329999998,1348.651334,47.693000000000005,1114.209833
2023-07-26 09:00:00,2733.715333,1439.091,47.05700000000001,1134.198501
2023-07-26 10:00:00,2875.136333,1502.2068330000002,57.04600000000001,1187.0295
2023-07-26 11:00:00,3022.861667,1582.066,62.974999999999994,1232.048167
2023-07-26 12:00:00,3256.3633330000002,1702.7383329999998,68.975,1390.0573329999997
2023-07-26 13:00:00,3537.052667,1874.7909999999997,80.581,1487.9485
2023-07-26 14:00:00,3799.0006670000002,1988.0993330000001,78.454,1647.8519999999999
2023-07-26 15:00:00,4032.022333,2123.577333,90.202,1773.8400000000001
2023-07-26 16:00:00,4489.438333,2310.593667,106.34099999999998,1919.6640000000002
2023-07-26 17:00:00,5195.042667,2605.0860000000002,116.46199999999999,2105.309
2023-07-26 18:00:00,5775.554666999999,2738.112666,118.30199999999999,2273.2335
2023-07-26 19:00:00,5931.6356670000005,2788.079667,120.08199999999998,2306.3255
2023-07-26 20:00:00,5663.163667,2666.694333,115.674,2213.7036669999998
2023-07-26 21:00:00,5243.7744999999995,2524.912666,114.39800000000001,2134.4975
2023-07-26 22:00:00,4842.9935000000005,2414.596,99.61800000000001,1988.387
2023-07-26 23:00:00,4314.362,2196.5503339999996,84.724,1832.567834
2023-07-27 00:00:00,3622.709,1889.612,66.50200000000001,1575.559
2023-07-27 01:00:00,3036.789667,1612.903,56.84,1386.046167
2023-07-27 02:00:00,2653.476167,1416.658666,50.947,1174.733166
2023-07-27 03:00:00,2380.313334,1291.093,46.44499999999999,1087.965667
2023-07-27 04:00:00,2221.004666,1198.3043340000002,41.23,1002.256333
2023-07-27 05:00:00,2184.355,1171.539667,39.513,971.155833
2023-07-27 06:00:00,2269.4889999999996,1184.135667,41.296,988.422834
2023-07-27 07:00:00,2438.577,1301.637666,40.076,1066.0549999999998
2023-07-27 08:00:00,2680.731,1361.489833,48.026,1123.3401669999998
2023-07-27 09:00:00,2807.979,1451.617667,51.572,1180.581834
2023-07-27 10:00:00,2962.190667,1532.132334,61.230999999999995,1192.511334
2023-07-27 11:00:00,3102.155667,1684.058667,64.251,1323.6924990000002
2023-07-27 12:00:00,3367.784334,1795.807333,63.06,1401.109167
2023-07-27 13:00:00,3630.645666,1924.888333,76.913,1533.1165
2023-07-27 14:00:00,3981.404667,2093.408667,81.27400000000002,1627.086167
2023-07-27 15:00:00,4382.931,2274.245333,94.06800000000001,1782.0443329999998
2023-07-27 16:00:00,4925.186334,2496.225,104.99700000000001,1994.2661669999998
2023-07-27 17:00:00,5452.5599999999995,2643.6343340000003,120.21900000000001,2154.647833
2023-07-27 18:00:00,5916.151334,2839.895667,113.96199999999999,2305.8255
2023-07-27 19:00:00,6105.317333999999,2898.9976669999996,116.327,2379.308333
2023-07-27 20:00:00,5862.199999,2816.745333,125.10900000000001,2397.953501
2023-07-27 21:00:00,5474.816666999999,2692.835,118.863,2241.843667
2023-07-27 22:00:00,4994.990333,2540.6913329999998,116.58000000000001,2053.221333
2023-07-27 23:00:00,4408.023999999999,2297.064667,99.51899999999999,1816.4814999999999
2023-07-28 00:00:00,3666.419667,1912.202,71.095,1575.940835
2023-07-28 01:00:00,3087.422333,1688.783,56.397,1362.6205
2023-07-28 02:00:00,2635.062499,1471.711667,49.84,1190.984
2023-07-28 03:00:00,2396.063834,1319.356667,44.84,1071.339334
2023-07-28 04:00:00,2251.0461670000004,1209.322667,42.574,1017.0996670000001
2023-07-28 05:00:00,2179.7335,1188.3203330000001,44.775,970.5455000000001
2023-07-28 06:00:00,2242.852,1194.206667,42.19,998.6655
2023-07-28 07:00:00,2407.941667,1310.1153330000002,44.147,1089.6395
2023-07-28 08:00:00,2599.980333,1350.0590000000002,42.312999999999995,1153.394167
2023-07-28 09:00:00,2760.292667,1421.373667,45.62400000000001,1159.272333
2023-07-28 10:00:00,2900.579999,1484.054,57.119,1204.0405
2023-07-28 11:00:00,3039.891333,1605.733667,53.30999999999999,1279.256667
2023-07-28 12:00:00,3272.0273340000003,1724.2456670000001,61.342,1441.7295
2023-07-28 13:00:00,3601.077,1900.273333,59.969,1546.6225
2023-07-28 14:00:00,3895.089,2047.4099999999999,75.72699999999999,1638.9745
2023-07-28 15:00:00,4330.945,2187.001,84.67399999999999,1792.0565000000001
2023-07-28 16:00:00,4782.743,2382.165,99.89500000000001,1964.0320000000002
2023-07-28 17:00:00,5316.076999999999,2555.2416670000002,104.315,2146.595999
2023-07-28 18:00:00,5794.26,2777.0683329999997,105.988,2238.611001
2023-07-28 19:00:00,5955.505,2827.684,108.06899999999999,2333.806999
2023-07-28 20:00:00,5712.611666999999,2705.633,96.64599999999999,2246.0345
2023-07-28 21:00:00,5287.622332999999,2536.521333,96.24300000000001,2105.781
2023-07-28 22:00:00,4904.984,2450.520333,89.90200000000002,2003.757334
2023-07-28 23:00:00,4390.9130000000005,2289.339667,84.78799999999998,1796.298667
2023-07-29 00:00:00,3629.114,1961.615333,72.303,1577.3751670000001
2023-07-29 01:00:00,3095.097667,1670.830333,60.04900000000001,1317.697999
2023-07-29 02:00:00,2671.315,1470.315333,61.599000000000004,1156.4184989999999
2023-07-29 03:00:00,2455.8165,1311.184,50.08400000000001,1052.874167
2023-07-29 04:00:00,2283.821333,1192.4139999999998,43.241,1008.8498340000001
2023-07-29 05:00:00,2159.0513330000003,1182.788,38.59,968.971167
2023-07-29 06:00:00,2118.176333,1117.055,41.902,960.6348329999998
2023-07-29 07:00:00,2225.363,1186.734667,39.437999999999995,979.660001
2023-07-29 08:00:00,2482.1820000000002,1340.7366670000001,40.39000000000001,1068.227833
2023-07-29 09:00:00,2853.683666,1562.310667,52.841,1242.638667
2023-07-29 10:00:00,3141.171667,1659.6823330000002,75.73800000000001,1380.1798330000001
2023-07-29 11:00:00,3412.6636659999995,1817.867667,70.292,1483.0608339999999
2023-07-29 12:00:00,3669.7003330000002,1964.017,79.788,1576.157835
2023-07-29 13:00:00,3915.0556669999996,2136.992667,85.82700000000001,1708.1415
2023-07-29 14:00:00,4202.760333,2243.314667,98.5,1798.824835
2023-07-29 15:00:00,4625.690667,2392.548,108.318,1905.706001
2023-07-29 16:00:00,5007.844666999999,2574.389,114.42,2036.3149999999998
2023-07-29 17:00:00,5481.994,2666.81,118.623,2146.180166
2023-07-29 18:00:00,5789.275,2831.023,121.84,2217.591
2023-07-29 19:00:00,5866.237,2757.6989999999996,119.68900000000001,2219.4255000000003
2023-07-29 20:00:00,5451.561,2566.4220000000005,109.61699999999999,2106.9035
2023-07-29 21:00:00,4826.386,2432.563,90.773,1987.3429999999998
2023-07-29 22:00:00,4489.317999999999,2276.821,92.589,1842.724167
2023-07-29 23:00:00,4054.1569999999997,2044.1960000000001,79.001,1719.737334
2023-07-30 00:00:00,3435.044333,1771.092,76.90099999999998,1472.520333
2023-07-30 01:00:00,2981.784334,1526.482,69.36800000000001,1264.5
2023-07-30 02:00:00,2628.274666,1392.252,53.94,1114.0708330000002
2023-07-30 03:00:00,2451.714,1243.152,48.813,1051.074333
2023-07-30 04:00:00,2255.675333,1175.0700000000002,40.620000000000005,984.8073320000001
2023-07-30 05:00:00,2158.811667,1151.194667,36.697,944.190166
2023-07-30 06:00:00,2077.29,1131.8670000000002,39.122,924.996667
2023-07-30 07:00:00,2199.621333,1198.4846670000002,34.678000000000004,974.220167
2023-07-30 08:00:00,2506.7619999999997,1312.945333,38.114000000000004,1075.9139989999999
2023-07-30 09:00:00,2808.0513330000003,1535.8736669999998,46.415,1214.755667
2023-07-30 10:00:00,3159.144333,1712.907333,64.604,1336.3146660000002
2023-07-30 11:00:00,3423.675667,1874.927667,69.11099999999999,1451.797833
2023-07-30 12:00:00,3711.472333,2021.83,78.72800000000001,1571.2685
2023-07-30 13:00:00,3997.5856670000003,2209.220667,79.513,1699.937833
2023-07-30 14:00:00,4157.292334,2274.118,104.433,1761.603
2023-07-30 15:00:00,4464.2845,2392.7876669999996,100.18,1900.278834
2023-07-30 16:00:00,4936.118667,2561.3096669999995,118.15299999999999,2052.2355000000002
2023-07-30 17:00:00,5414.068667,2713.447333,122.169,2213.563999
2023-07-30 18:00:00,5879.178667,2846.912667,133.76,2333.508833
2023-07-30 19:00:00,5984.475,2879.246,134.751,2344.800168
2023-07-30 20:00:00,5880.156999999999,2802.7876669999996,137.38,2270.223667
2023-07-30 21:00:00,5464.1615,2680.5000000000005,123.24899999999998,2142.644166
2023-07-30 22:00:00,5001.586332999999,2499.156333,122.049,2045.2105
2023-07-30 23:00:00,4287.6368330000005,2266.241,96.19500000000002,1846.124334
2023-07-31 00:00:00,3499.414,1880.537,80.94799999999998,1550.9291669999998
2023-07-31 01:00:00,2966.67,1580.683,60.300000000000004,1292.773334
2023-07-31 02:00:00,2582.7856659999998,1392.145,49.63999999999999,1152.574001
2023-07-31 03:00:00,2330.046333,1233.42,43.922999999999995,1044.871334
2023-07-31 04:00:00,2203.969,1166.19,40.202,991.649166
2023-07-31 05:00:00,2154.545,1146.016333,38.23500000000001,953.815167
2023-07-31 06:00:00,2228.8370000000004,1171.222667,42.256,979.0328339999999
2023-07-31 07:00:00,2395.142,1251.346667,43.119,1075.840833
2023-07-31 08:00:00,2671.517,1327.119333,50.663000000000004,1166.529333
2023-07-31 09:00:00,2816.839,1455.559334,54.385,1242.934667
2023-07-31 10:00:00,2970.395,1562.245,60.55700000000001,1249.552334
2023-07-31 11:00:00,3195.7110000000002,1642.952334,72.90399999999998,1346.011833
2023-07-31 12:00:00,3415.781666,1826.858,72.62099999999998,1462.6026669999999
2023-07-31 13:00:00,3681.7836669999997,1954.9109999999998,79.58800000000001,1577.1726669999998
2023-07-31 14:00:00,3959.923,2076.138,97.987,1686.483333
2023-07-31 15:00:00,4295.064001000001,2223.2126660000004,103.31400000000001,1827.0696659999999
2023-07-31 16:00:00,4876.319499,2487.9936660000003,110.63900000000001,1995.2195000000002
2023-07-31 17:00:00,5572.142,2686.944334,117.11099999999999,2190.1903330000005
2023-07-31 18:00:00,6134.978666999999,2941.447,123.946,2387.812667
2023-07-31 19:00:00,6255.543832,2996.801,127.126,2457.609834
2023-07-31 20:00:00,6071.2195,2895.6166670000002,130.523,2338.4015
2023-07-31 21:00:00,5616.017167,2717.3693329999996,114.272,2222.105333
2023-07-31 22:00:00,5152.8606660000005,2574.9053329999997,102.736,2096.2451680000004
2023-07-31 23:00:00,4494.3835,2288.503667,93.05,1818.423167
2023-08-01 00:00:00,3669.7735000000002,1943.963667,76.07300000000002,1564.226166
2023-08-01 01:00:00,3103.1758330000002,1662.7726670000002,66.581,1356.6966659999998
2023-08-01 02:00:00,2704.671667,1463.412667,59.346,1179.4820009999999
2023-08-01 03:00:00,2427.9089999999997,1328.727667,47.354000000000006,1057.1863309999999
2023-08-01 04:00:00,2264.964667,1239.2623330000001,40.526999999999994,1003.134999
2023-08-01 05:00:00,2216.032,1203.290333,40.373000000000005,973.827668
2023-08-01 06:00:00,2307.490667,1225.602667,39.974,979.417001
2023-08-01 07:00:00,2468.834,1329.959333,39.87500000000001,1074.353333
2023-08-01 08:00:00,2694.4786670000003,1411.050001,47.89,1119.9213340000001
2023-08-01 09:00:00,2764.9793329999998,1533.110333,50.602999999999994,1186.3849999999998
2023-08-01 10:00:00,2930.232333,1608.962,59.29499999999999,1246.351333
2023-08-01 11:00:00,3109.0726670000004,1723.584333,56.546,1292.938334
2023-08-01 12:00:00,3490.055666,1861.5420000000001,61.539,1466.325333
2023-08-01 13:00:00,3761.8104999999996,2042.676334,70.32399999999998,1638.4826659999999
2023-08-01 14:00:00,4217.066,2215.428,74.451,1817.649
2023-08-01 15:00:00,4798.522,2447.844667,94.98400000000001,1989.4
2023-08-01 16:00:00,5353.076999999999,2661.282666,103.573,2156.559
2023-08-01 17:00:00,6111.853999999999,2830.71,116.31899999999999,2359.4460010000003
2023-08-01 18:00:00,6724.893,3053.078333,127.01499999999999,2558.479999
2023-08-01 19:00:00,6912.218000000001,3169.7650000000003,128.782,2660.8756670000002
2023-08-01 20:00:00,6750.6720000000005,3030.311667,125.16999999999999,2524.1220000000003
2023-08-01 21:00:00,6218.199,2876.440333,124.98500000000001,2415.660667
2023-08-01 22:00:00,5739.7029999999995,2780.679333,116.621,2254.715333
2023-08-01 23:00:00,4984.7165,2470.659667,95.81499999999998,1975.485666
2023-08-02 00:00:00,4090.442,2064.382333,87.25,1733.1836660000001
2023-08-02 01:00:00,3407.26,1783.7766660000002,76.39399999999999,1496.496333
2023-08-02 02:00:00,2928.007332,1601.493,60.022,1275.3543339999999
2023-08-02 03:00:00,2611.6324999999997,1415.651333,51.208000000000006,1162.613667
2023-08-02 04:00:00,2405.362666,1297.105,44.54,1103.244
2023-08-02 05:00:00,2325.428,1242.1233339999999,44.553999999999995,1050.548668
2023-08-02 06:00:00,2364.458667,1257.418334,47.90200000000001,1048.748333
2023-08-02 07:00:00,2567.148,1365.785,43.306,1111.2813330000001
2023-08-02 08:00:00,2745.2966669999996,1456.664667,47.193000000000005,1170.7303339999999
2023-08-02 09:00:00,2949.718167,1574.8000000000002,59.4,1221.561334
2023-08-02 10:00:00,3087.103167,1656.249333,68.27,1315.076
2023-08-02 11:00:00,3297.384,1779.982,81.53899999999999,1389.23
2023-08-02 12:00:00,3717.406,1974.723,87.59399999999998,1535.981667
2023-08-02 13:00:00,4130.182500000001,2164.354333,94.72200000000002,1736.7293330000002
2023-08-02 14:00:00,4761.669333000001,2457.018333,97.17599999999999,1939.083
2023-08-02 15:00:00,5343.097667,2605.540333,108.638,2106.1530000000002
2023-08-02 16:00:00,5981.897333999999,2845.040667,121.524,2292.427
2023-08-02 17:00:00,6643.031333000001,3052.953333,125.777,2516.137
2023-08-02 18:00:00,7116.813,3242.800333,132.453,2673.838667
2023-08-02 19:00:00,7261.205,3282.071334,142.421,2715.786667
2023-08-02 20:00:00,6910.157,3182.281333,143.79700000000003,2589.928
2023-08-02 21:00:00,6343.623,3006.151333,128.94799999999998,2481.2740009999998
2023-08-02 22:00:00,5798.741,2850.815333,117.74799999999999,2305.067666
2023-08-02 23:00:00,5023.388,2544.217667,99.81900000000002,2054.2466679999998
2023-08-03 00:00:00,4152.682000000001,2132.1549999999997,79.465,1754.1316689999999
2023-08-03 01:00:00,3526.4003329999996,1823.148,72.635,1497.494999
2023-08-03 02:00:00,3023.007,1630.825667,63.928000000000004,1318.436
2023-08-03 03:00:00,2666.574668,1441.4160000000002,61.303000000000004,1184.886334
2023-08-03 04:00:00,2461.9490000000005,1335.847,54.276,1077.252333
2023-08-03 05:00:00,2420.416,1298.302,47.831999999999994,1053.163334
2023-08-03 06:00:00,2436.598,1305.869334,45.239000000000004,1050.44
2023-08-03 07:00:00,2602.462,1415.5279999999998,54.322,1137.4413329999998
2023-08-03 08:00:00,2747.7560000000003,1445.117666,52.493,1156.5963339999998
2023-08-03 09:00:00,2874.596,1462.0426670000002,61.37299999999999,1233.191667
2023-08-03 10:00:00,3026.947,1600.8273339999998,57.611999999999995,1270.320999
2023-08-03 11:00:00,3180.516,1791.1143339999999,72.501,1384.102668
2023-08-03 12:00:00,3642.411,1926.4776660000002,80.96599999999998,1524.095
2023-08-03 13:00:00,4022.2709999999997,2133.6503329999996,84.011,1661.4209999999998
2023-08-03 14:00:00,4548.439,2340.1499999999996,96.222,1843.483
2023-08-03 15:00:00,5154.43,2556.127333,107.65200000000002,2088.812666
2023-08-03 16:00:00,5851.325000000001,2824.3866669999998,113.46900000000001,2309.780667
2023-08-03 17:00:00,6569.687,3022.9616670000005,120.324,2523.0773339999996
2023-08-03 18:00:00,7235.651,3208.1896669999996,130.505,2710.717334
2023-08-03 19:00:00,7342.089,3276.6635,135.113,2765.9843330000003
2023-08-03 20:00:00,7117.258333,3188.2749999999996,125.76700000000001,2705.115668
2023-08-03 21:00:00,6586.117333,3065.612833,116.30600000000001,2530.301667
2023-08-03 22:00:00,5961.236,2919.845666,111.65299999999999,2417.302
2023-08-03 23:00:00,5193.477000000001,2646.535667,96.91900000000001,2156.2690009999997
2023-08-04 00:00:00,4326.42,2236.545,75.53,1918.2016680000002
2023-08-04 01:00:00,3616.066667,1915.6383329999999,61.732000000000006,1615.2649999999999
2023-08-04 02:00:00,3123.693667,1671.193667,53.660000000000004,1429.595998
2023-08-04 03:00:00,2793.5516660000003,1498.084667,46.302,1276.696668
2023-08-04 04:00:00,2581.4183329999996,1389.552667,39.696,1176.4206680000002
2023-08-04 05:00:00,2469.36,1361.5303330000002,38.032000000000004,1116.161999
2023-08-04 06:00:00,2482.554,1324.998667,42.205000000000005,1130.8069999999998
2023-08-04 07:00:00,2627.052,1408.924333,46.747,1176.2499990000001
2023-08-04 08:00:00,2819.803,1459.201,49.015,1201.122333
2023-08-04 09:00:00,2948.958,1559.790667,56.96,1303.241333
2023-08-04 10:00:00,3055.517333,1629.063,63.71,1304.819
2023-08-04 11:00:00,3267.413,1730.874667,64.819,1380.989
2023-08-04 12:00:00,3568.8469999999998,1825.587667,61.74399999999999,1510.046
2023-08-04 13:00:00,3969.1589999999997,2070.6193329999996,76.26100000000001,1625.3606670000001
2023-08-04 14:00:00,4261.022333,2214.487667,85.24000000000001,1773.7040000000002
2023-08-04 15:00:00,4653.655,2302.2839999999997,80.72600000000001,1907.6763339999998
2023-08-04 16:00:00,4911.377,2480.446333,93.69999999999999,2024.8899999999999
2023-08-04 17:00:00,5244.615,2558.467667,94.876,2076.491333
2023-08-04 18:00:00,5548.988,2732.735,105.038,2217.291334
2023-08-04 19:00:00,5971.483,2779.104,107.049,2265.5240000000003
2023-08-04 20:00:00,5867.43,2756.612333,118.761,2318.835
2023-08-04 21:00:00,5577.1415,2661.857,104.477,2227.0240000000003
2023-08-04 22:00:00,5248.708,2515.752,110.441,2077.632
2023-08-04 23:00:00,4787.648,2320.375,96.113,1902.8280000000004
2023-08-05 00:00:00,4133.625,2090.367,89.095,1737.58
2023-08-05 01:00:00,3545.165667,1831.875,75.074,1536.301
2023-08-05 02:00:00,3123.071666,1693.654333,64.441,1373.080999
2023-08-05 03:00:00,2796.544667,1540.1326669999999,56.166999999999994,1263.3265000000001
2023-08-05 04:00:00,2663.5519999999997,1449.1886670000001,46.163999999999994,1187.7503339999998
2023-08-05 05:00:00,2565.983,1406.159333,45.315000000000005,1128.429334
2023-08-05 06:00:00,2480.884,1368.1589999999999,42.922,1116.003667
2023-08-05 07:00:00,2519.531,1394.8356669999998,46.398,1134.987
2023-08-05 08:00:00,2750.434,1482.663334,50.35,1216.254333
2023-08-05 09:00:00,3090.6949999999997,1633.452001,54.78800000000001,1329.944667
2023-08-05 10:00:00,3322.1973340000004,1738.786666,62.955,1403.2220000000002
2023-08-05 11:00:00,3474.498667,1793.310334,74.58599999999998,1445.4083340000002
2023-08-05 12:00:00,3624.453,1884.643333,81.77799999999999,1532.4909989999999
2023-08-05 13:00:00,3798.6436670000003,2031.867,83.505,1579.788333
2023-08-05 14:00:00,3973.7783329999997,2055.8353349999998,91.34899999999999,1660.328333
2023-08-05 15:00:00,4182.148000000001,2202.314332,101.223,1762.4176670000002
2023-08-05 16:00:00,4568.165000000001,2295.425667,99.74799999999999,1857.963667
2023-08-05 17:00:00,5020.734,2436.331666,96.96799999999999,1971.830667
2023-08-05 18:00:00,5433.485000000001,2552.404001,100.26399999999998,2051.8753340000003
2023-08-05 19:00:00,5372.462667000001,2546.119332,108.25399999999999,2017.6676670000002
2023-08-05 20:00:00,5167.213333,2463.943333,104.704,1996.665667
2023-08-05 21:00:00,4925.040666999999,2438.154333,107.542,1931.723334
2023-08-05 22:00:00,4660.5289999999995,2364.885667,88.495,1911.7053329999999
2023-08-05 23:00:00,4276.637,2188.203999,98.138,1755.0903349999999
2023-08-06 00:00:00,3748.585,1966.0406659999999,79.303,1598.348999
2023-08-06 01:00:00,3266.482,1748.196,68.682,1400.415667
2023-08-06 02:00:00,2907.6393340000004,1580.2086669999999,54.32500000000001,1271.838999
2023-08-06 03:00:00,2673.4256659999996,1448.739333,48.617,1185.9333339999998
2023-08-06 04:00:00,2498.279667,1345.519333,42.965,1096.656
2023-08-06 05:00:00,2324.4719999999998,1276.985667,40.071999999999996,1046.996
2023-08-06 06:00:00,2302.353,1267.0390000000002,39.691,1023.333333
2023-08-06 07:00:00,2382.891,1322.007667,37.507000000000005,1066.726334
2023-08-06 08:00:00,2654.8199999999997,1383.964333,45.437,1150.788
2023-08-06 09:00:00,2972.656,1595.633001,45.072,1246.443333
2023-08-06 10:00:00,3360.3783329999997,1728.744333,55.516,1404.315001
2023-08-06 11:00:00,3599.456333,1905.153001,71.08999999999999,1513.535001
2023-08-06 12:00:00,3751.552333,1975.0046670000002,83.183,1616.390333
2023-08-06 13:00:00,4055.951,2039.7400000000002,89.684,1635.816666
2023-08-06 14:00:00,4252.1669999999995,2191.8323330000003,93.467,1737.137333
2023-08-06 15:00:00,4712.843,2323.273333,98.403,1867.977334
2023-08-06 16:00:00,5096.008,2450.0920000000006,99.38900000000001,2034.426
2023-08-06 17:00:00,5739.040000000001,2781.273334,105.916,2229.255666
2023-08-06 18:00:00,6240.99,2950.3996669999997,120.99300000000001,2352.205
2023-08-06 19:00:00,6413.909,2949.827667,136.77099999999996,2456.7156670000004
2023-08-06 20:00:00,6066.28,2912.2583329999998,142.91000000000003,2423.058
2023-08-06 21:00:00,5611.337333,2733.169667,136.29799999999997,2310.3643340000003
2023-08-06 22:00:00,5217.9220000000005,2562.794667,122.488,2185.274
2023-08-06 23:00:00,4519.072,2330.151,117.347,1907.0753330000002
2023-08-07 00:00:00,3750.7219999999998,2023.3296669999997,91.54499999999999,1627.242
2023-08-07 01:00:00,3155.844,1709.221333,66.632,1411.148001
2023-08-07 02:00:00,2786.625999,1501.3896670000001,59.568,1255.8446669999998
2023-08-07 03:00:00,2548.536666,1363.719667,49.34900000000001,1167.584333
2023-08-07 04:00:00,2404.112,1307.208,46.379999999999995,1101.365667
2023-08-07 05:00:00,2363.446,1293.7459990000002,42.645,1064.515666
2023-08-07 06:00:00,2469.201,1331.067001,48.001,1067.598998
2023-08-07 07:00:00,2654.424,1392.919666,48.562999999999995,1142.9053330000002
2023-08-07 08:00:00,2819.077,1473.588,46.734,1188.705
2023-08-07 09:00:00,2960.343333,1524.935,58.464,1261.806333
2023-08-07 10:00:00,3140.5725,1562.133,51.361999999999995,1284.970667
2023-08-07 11:00:00,3191.196,1607.039667,53.876999999999995,1344.9726669999998
2023-08-07 12:00:00,3533.3369999999995,1803.1750000000002,69.028,1480.9360000000001
2023-08-07 13:00:00,3919.8163329999998,1980.925334,77.016,1578.0506659999999
2023-08-07 14:00:00,4266.561,2158.5479990000003,90.84499999999998,1741.8020000000001
2023-08-07 15:00:00,4791.767,2324.704999,108.796,1902.534
2023-08-07 16:00:00,5369.977,2619.087332,116.43700000000001,2133.181
2023-08-07 17:00:00,6036.609667,2856.977667,118.07000000000001,2358.317
2023-08-07 18:00:00,6565.888999999999,3028.276333,127.664,2539.722999
2023-08-07 19:00:00,6732.442334,3087.112,137.05799999999996,2584.0956669999996
2023-08-07 20:00:00,6367.119667,2974.842667,128.083,2483.697
2023-08-07 21:00:00,5945.780000000001,2865.793,124.47400000000002,2324.1546670000002
2023-08-07 22:00:00,5451.848,2765.064667,112.872,2193.714
2023-08-07 23:00:00,4648.934333000001,2439.703667,99.888,1934.5969999999998
2023-08-08 00:00:00,3842.239333,2115.299,79.354,1657.937001
2023-08-08 01:00:00,3239.526,1767.006333,69.179,1419.182
2023-08-08 02:00:00,2859.099333,1552.9866670000001,55.781000000000006,1253.291666
2023-08-08 03:00:00,2541.494,1403.1259989999999,48.782999999999994,1161.8373339999998
2023-08-08 04:00:00,2349.003,1326.2746670000001,42.50299999999999,1075.186334
2023-08-08 05:00:00,2318.1886670000004,1271.916999,39.557,1029.380999
2023-08-08 06:00:00,2373.801,1284.711166,39.779999999999994,1032.174
2023-08-08 07:00:00,2575.336333,1380.841833,44.47100000000001,1097.06
2023-08-08 08:00:00,2700.6443339999996,1425.8225,58.085,1126.150666
2023-08-08 09:00:00,2752.1506659999995,1487.028333,59.937,1159.976667
2023-08-08 10:00:00,2839.996666,1511.866499,61.49100000000001,1200.827667
2023-08-08 11:00:00,3055.377,1680.9095,62.273999999999994,1303.7876660000002
2023-08-08 12:00:00,3337.876,1836.791334,71.11699999999999,1452.514666
2023-08-08 13:00:00,3734.7405,1983.005333,73.63199999999999,1569.280667
2023-08-08 14:00:00,4138.5945,2177.7571660000003,89.74199999999999,1779.505
2023-08-08 15:00:00,4740.8055,2367.6145,95.65499999999999,1880.288333
2023-08-08 16:00:00,5303.432000000001,2592.7505,109.43599999999999,2143.062666
2023-08-08 17:00:00,6081.5068329999995,2823.9685,118.598,2369.558333
2023-08-08 18:00:00,6634.4755000000005,3070.728333,126.27100000000002,2559.484666
2023-08-08 19:00:00,6934.207001000001,3114.2380000000003,141.82200000000003,2611.932335
2023-08-08 20:00:00,6769.183833,3038.928334,135.65700000000004,2497.245666
2023-08-08 21:00:00,6331.132667,2962.595667,133.829,2419.543999
2023-08-08 22:00:00,5711.831,2808.0801669999996,118.47199999999998,2247.515999
2023-08-08 23:00:00,4922.5740000000005,2492.098666,94.361,1970.1609990000002
2023-08-09 00:00:00,4146.4259999999995,2139.665167,82.124,1708.230333
2023-08-09 01:00:00,3456.739333,1817.7816659999999,72.194,1465.9223339999999
2023-08-09 02:00:00,3018.5069989999997,1651.7180010000002,64.224,1286.4029999999998
2023-08-09 03:00:00,2681.4713329999995,1494.957,49.629000000000005,1173.8899999999999
2023-08-09 04:00:00,2494.2030010000003,1413.661,44.536,1091.4626660000001
2023-08-09 05:00:00,2394.2576660000004,1321.113,41.809999999999995,1021.777666
2023-08-09 06:00:00,2422.4976669999996,1323.797,42.291,1044.6323320000001
2023-08-09 07:00:00,2577.449,1421.028833,54.42400000000001,1144.8996670000001
2023-08-09 08:00:00,2751.733,1435.729166,59.993,1206.894
2023-08-09 09:00:00,2898.7149999999997,1579.519667,61.97599999999999,1279.0906670000002
2023-08-09 10:00:00,3128.1089999999995,1740.158833,67.16399999999999,1346.173
2023-08-09 11:00:00,3428.435667,1848.427667,70.79400000000001,1415.8980000000001
2023-08-09 12:00:00,3764.202667,2054.668166,76.09,1577.1280000000002
2023-08-09 13:00:00,4185.484333,2232.256166,94.24700000000001,1745.1570009999998
2023-08-09 14:00:00,4580.7029999999995,2251.086333,95.866,1862.762667
2023-08-09 15:00:00,5034.58,2404.573167,97.234,1963.1566659999999
2023-08-09 16:00:00,5330.467000000001,2577.0711659999997,108.384,2082.541
2023-08-09 17:00:00,5649.540000999999,2736.093334,113.79599999999999,2224.317334
2023-08-09 18:00:00,6074.951999,2951.0626660000003,129.278,2380.0026669999997
2023-08-09 19:00:00,6180.598333,3006.1693339999997,120.695,2482.327
2023-08-09 20:00:00,5955.234999,2916.8230000000003,132.91600000000003,2386.666666
2023-08-09 21:00:00,5487.056833,2774.3486669999998,127.34200000000001,2237.2740009999998
2023-08-09 22:00:00,5033.211334,2616.2990010000003,112.167,2078.210666
2023-08-09 23:00:00,4471.607666,2308.535666,101.875,1845.203668
2023-08-10 00:00:00,3777.7690000000002,1996.123,90.84299999999999,1625.278669
2023-08-10 01:00:00,3244.737,1736.762666,73.126,1424.657999
2023-08-10 02:00:00,2899.226334,1576.625,60.553999999999995,1248.226667
2023-08-10 03:00:00,2608.8286669999998,1426.2400010000001,53.61,1145.384334
2023-08-10 04:00:00,2428.0146670000004,1372.9426640000001,49.78300000000001,1077.1819999999998
2023-08-10 05:00:00,2389.613666,1333.033836,43.644000000000005,1047.209668
2023-08-10 06:00:00,2392.324334,1313.652658,45.719,1077.669332
2023-08-10 07:00:00,2609.3903330000003,1280.505333,50.278999999999996,1136.986999
2023-08-10 08:00:00,2776.5486659999997,1380.3786679999998,51.65500000000001,1164.3303340000002
2023-08-10 09:00:00,2838.772,1567.564334,42.207,1226.694
2023-08-10 10:00:00,3106.865667,1572.0695,53.64399999999999,1242.3993329999998
2023-08-10 11:00:00,3254.477,1691.436834,72.355,1316.352
2023-08-10 12:00:00,3517.634,1817.7141660000002,79.39199999999998,1478.2976669999998
2023-08-10 13:00:00,3792.396666,2000.262833,85.71799999999999,1619.485333
2023-08-10 14:00:00,4078.802667,2160.3374999999996,85.474,1746.159333
2023-08-10 15:00:00,4421.4310000000005,2317.7496659999997,92.398,1813.088333
2023-08-10 16:00:00,4842.951334,2395.6193329999996,98.413,1964.7599999999998
2023-08-10 17:00:00,5356.327667,2556.4336670000002,99.29500000000002,2132.639
2023-08-10 18:00:00,5839.6900000000005,2729.396834,111.261,2221.227667
2023-08-10 19:00:00,5836.511667,2765.803,125.314,2216.677999
2023-08-10 20:00:00,5543.845332999999,2668.787834,116.17200000000001,2160.835666
2023-08-10 21:00:00,5096.4493330000005,2542.594,103.85100000000001,2045.808
2023-08-10 22:00:00,4753.502,2382.4363329999996,92.111,1938.3179999999998
2023-08-10 23:00:00,4250.527333,2193.2423340000005,80.88400000000001,1752.0349999999999
2023-08-11 00:00:00,3606.732333,1879.9603339999999,78.174,1537.749
2023-08-11 01:00:00,3082.757999,1612.796,60.443999999999996,1349.4476670000001
2023-08-11 02:00:00,2720.788334,1422.0840010000002,52.48000000000001,1156.092
2023-08-11 03:00:00,2425.6733329999997,1262.612668,46.906000000000006,1054.138999
2023-08-11 04:00:00,2244.0006670000002,1218.3456680000002,38.702,992.251
2023-08-11 05:00:00,2202.871667,1183.037333,36.279,937.605667
2023-08-11 06:00:00,2313.246,1199.2355009999999,41.190999999999995,981.230333
2023-08-11 07:00:00,2437.046668,1283.450667,42.23,1059.413335
2023-08-11 08:00:00,2669.35,1396.0741659999999,47.900000000000006,1128.854667
2023-08-11 09:00:00,2839.6809989999997,1510.4761669999998,52.515,1197.358332
2023-08-11 10:00:00,3104.4793329999998,1603.922167,62.672999999999995,1294.998668
2023-08-11 11:00:00,3302.439,1751.3345,74.384,1398.7183330000003
2023-08-11 12:00:00,3670.2583329999998,1963.817833,75.48800000000001,1568.143666
2023-08-11 13:00:00,4054.916,2066.8118329999998,77.00000000000001,1706.970333
2023-08-11 14:00:00,4458.530333,2267.043667,106.92,1821.377333
2023-08-11 15:00:00,4779.917667,2429.498334,98.276,2012.861335
2023-08-11 16:00:00,5451.186667,2635.5099990000003,114.89699999999999,2158.8633330000002
2023-08-11 17:00:00,6101.846667,2855.0570000000002,117.75099999999999,2290.5060009999997
2023-08-11 18:00:00,6536.854001000001,2991.094,122.003,2462.370666
2023-08-11 19:00:00,6596.326666999999,2956.5190000000002,139.81999999999996,2478.965
2023-08-11 20:00:00,6365.506001,2816.168665,130.54,2429.234
2023-08-11 21:00:00,5798.1415,2719.594,123.66900000000001,2294.002
2023-08-11 22:00:00,5311.671998999999,2559.1473340000002,107.94600000000001,2109.559667
2023-08-11 23:00:00,4672.052667,2316.680666,102.79499999999999,1854.942333
2023-08-12 00:00:00,3934.473,2044.1723330000002,81.705,1669.669333
2023-08-12 01:00:00,3307.983,1773.218333,71.607,1512.3485
2023-08-12 02:00:00,2951.2806660000006,1584.7453329999998,63.141999999999996,1342.953166
2023-08-12 03:00:00,2688.0098319999997,1457.340334,52.385,1201.144667
2023-08-12 04:00:00,2483.883998,1355.1633339999998,47.708000000000006,1125.597333
2023-08-12 05:00:00,2325.8146669999996,1281.138999,42.388000000000005,1055.004167
2023-08-12 06:00:00,2257.8860000000004,1240.792,41.6,1016.2496670000002
2023-08-12 07:00:00,2368.83,1304.554334,46.47200000000001,1052.997166
2023-08-12 08:00:00,2687.748667,1437.865,42.008,1146.9673320000002
2023-08-12 09:00:00,3038.191667,1676.478333,65.82399999999998,1316.010667
2023-08-12 10:00:00,3415.989,1848.3606659999998,75.80000000000001,1441.265333
2023-08-12 11:00:00,3707.0613329999996,1979.646001,80.935,1622.482
2023-08-12 12:00:00,4072.992,2210.767666,94.156,1783.4270000000001
2023-08-12 13:00:00,4526.877334,2421.622,105.91000000000001,1927.6358329999998
2023-08-12 14:00:00,4992.535667,2589.528333,119.60100000000001,2106.192
2023-08-12 15:00:00,5502.599666,2804.263,120.705,2326.056334
2023-08-12 16:00:00,6116.907332999999,2984.2134990000004,130.12800000000001,2455.0466669999996
2023-08-12 17:00:00,6698.9349999999995,3137.146333,137.27300000000005,2590.5499979999995
2023-08-12 18:00:00,7059.3369999999995,3255.168999,133.138,2695.2250000000004
2023-08-12 19:00:00,7150.698666,3254.5423339999998,132.05499999999998,2699.343334
2023-08-12 20:00:00,6787.763999999999,3112.815667,130.91899999999998,2619.0816670000004
2023-08-12 21:00:00,6223.338667,2970.0733330000003,117.69499999999998,2474.956333
2023-08-12 22:00:00,5718.03,2810.814333,116.20499999999998,2340.446998
2023-08-12 23:00:00,5138.445666,2575.232,111.802,2128.510667
2023-08-13 00:00:00,4435.241334,2264.020999,93.82199999999999,1862.7203320000003
2023-08-13 01:00:00,3797.8795,2041.562,76.15,1623.011332
2023-08-13 02:00:00,3357.007334,1807.4720000000002,69.06899999999997,1427.204334
2023-08-13 03:00:00,2991.031167,1625.537666,57.567,1305.199001
2023-08-13 04:00:00,2723.3355,1504.3059990000002,49.27900000000001,1213.269335
2023-08-13 05:00:00,2521.84,1409.729334,48.016999999999996,1134.0570010000001
2023-08-13 06:00:00,2447.263,1355.761333,49.748000000000005,1087.5696659999999
2023-08-13 07:00:00,2519.343,1395.6259989999999,51.818000000000005,1110.5966669999998
2023-08-13 08:00:00,2848.481334,1583.425334,53.567,1258.8293350000001
2023-08-13 09:00:00,3391.5153330000003,1880.883667,58.351,1463.6233320000001
2023-08-13 10:00:00,3931.635666,2227.258334,80.73700000000001,1655.293667
2023-08-13 11:00:00,4598.726000000001,2514.6826659999997,102.037,1944.359
2023-08-13 12:00:00,5329.580667,2807.294667,111.734,2232.4683330000003
2023-08-13 13:00:00,6202.487999999999,3138.457333,124.55,2607.191666
2023-08-13 14:00:00,7093.986666999999,3437.329999,135.137,2847.7653330000003
2023-08-13 15:00:00,7876.763333000001,3714.719334,150.23333300000002,3030.3286660000003
2023-08-13 16:00:00,8479.231667,3863.2065,159.166333,3172.3389989999996
2023-08-13 17:00:00,8855.146999999999,4035.6590000000006,157.77799999999996,3341.7130009999996
2023-08-13 18:00:00,8944.518666,4044.355667,172.129,3396.045333
2023-08-13 19:00:00,9039.171668,4027.762001,176.96099999999998,3415.232
2023-08-13 20:00:00,8815.773334000001,4024.155666,174.74999999999997,3404.661667
2023-08-13 21:00:00,8573.269666,3976.035667,168.51,3298.9806670000003
2023-08-13 22:00:00,7975.067,3840.628,153.26100000000002,3135.4206679999998
2023-08-13 23:00:00,7124.373,3446.0749990000004,149.984,2889.6679999999997
2023-08-14 00:00:00,6129.245333,3074.663667,134.423,2462.290333
2023-08-14 01:00:00,5232.816333000001,2716.095667,105.651,2144.190333
2023-08-14 02:00:00,4556.106999,2410.246,92.48799999999999,1893.464333
2023-08-14 03:00:00,4056.148332,2121.305668,81.918,1680.1506669999999
2023-08-14 04:00:00,3692.056667,1933.438,69.083,1569.7729990000003
2023-08-14 05:00:00,3454.9586679999998,1811.491333,65.92600000000002,1457.7640000000001
2023-08-14 06:00:00,3411.631334,1800.0343340000002,63.812,1394.117333
2023-08-14 07:00:00,3511.321667,1871.0116659999999,67.021,1450.567
2023-08-14 08:00:00,3744.975,1978.673167,69.065,1543.695667
2023-08-14 09:00:00,4116.514666,2205.6183330000003,75.864,1759.592
2023-08-14 10:00:00,4624.263333,2463.8386669999995,90.11500000000001,1881.817
2023-08-14 11:00:00,5292.799,2766.8788329999998,113.19699999999997,2172.262
2023-08-14 12:00:00,6045.110000000001,3062.297,132.285,2474.930333
2023-08-14 13:00:00,6939.243,3399.733,143.71599999999998,2763.320667
2023-08-14 14:00:00,7813.944667,3629.644666,152.59,3009.829667
2023-08-14 15:00:00,8579.737334,3896.619167,169.56699999999998,3227.406667
2023-08-14 16:00:00,9143.100667,4042.403333,171.35,3431.630666
2023-08-14 17:00:00,9619.165334,4234.304832,176.788,3538.8549999999996
2023-08-14 18:00:00,9631.038,4341.430166,183.61300000000003,3626.6733329999997
2023-08-14 19:00:00,9669.067332999999,4429.068167,195.048,3661.0709990000005
2023-08-14 20:00:00,9424.093667000001,4326.750167,194.157,3607.5343350000003
2023-08-14 21:00:00,9215.704667,4269.752333,177.03699999999998,3544.500334
2023-08-14 22:00:00,8819.132667,4132.793,165.742,3388.8776660000003
2023-08-14 23:00:00,8022.2263330000005,3896.8360000000002,168.626,3078.090333
2023-08-15 00:00:00,7015.500333,3450.8176670000003,148.95,2775.973668
2023-08-15 01:00:00,6165.5376670000005,3053.4539999999997,130.478,2462.770666
2023-08-15 02:00:00,5532.196333,2757.513667,111.39799999999998,2250.1989999999996
2023-08-15 03:00:00,4923.177667,2491.509998,96.55300000000001,2008.3586669999997
2023-08-15 04:00:00,4473.709666,2304.792334,81.996,1823.1006659999998
2023-08-15 05:00:00,4188.0689999999995,2195.970332,75.65899999999999,1683.415334
2023-08-15 06:00:00,4070.541,2128.709166,76.96200000000002,1620.462334
2023-08-15 07:00:00,4062.678333,2148.0258329999997,72.98499999999999,1638.752999
2023-08-15 08:00:00,4184.129333999999,2244.093167,77.983,1723.3163319999999
2023-08-15 09:00:00,4471.279333,2435.147666,79.989,1862.731667
2023-08-15 10:00:00,4981.020667,2652.415832,101.27999999999999,2075.1283329999997
2023-08-15 11:00:00,5544.759666,2940.4555,129.477,2310.2686670000003
2023-08-15 12:00:00,6269.574667,3151.087001,135.394,2566.508667
2023-08-15 13:00:00,6946.256999,3424.433167,149.58099999999996,2853.943
2023-08-15 14:00:00,7658.311333,3710.503499,148.43400000000003,3014.702666
2023-08-15 15:00:00,8263.652666999998,3909.511167,165.03199999999998,3194.2766659999998
2023-08-15 16:00:00,8717.312332999998,4052.9445,182.214,3372.395
2023-08-15 17:00:00,8894.794999000002,4153.282832999999,181.82100000000003,3470.486
2023-08-15 18:00:00,9330.899333999998,4267.410999,185.98399999999998,3564.635
2023-08-15 19:00:00,9417.140667,4356.206333,184.137,3592.865
2023-08-15 20:00:00,9276.218,4356.794334,187.016,3595.397333
2023-08-15 21:00:00,8920.282500000001,4166.1895,173.984,3436.853333
2023-08-15 22:00:00,8459.851833,4016.2889999999998,168.157,3317.143
2023-08-15 23:00:00,7732.2635,3731.845666,157.05099999999996,3024.282334
2023-08-16 00:00:00,6859.010667,3360.785167,141.527,2702.532667
2023-08-16 01:00:00,6001.494166,3027.391665,120.659,2383.5480000000002
2023-08-16 02:00:00,5367.646664999999,2729.105501,106.22300000000001,2148.602
2023-08-16 03:00:00,4804.768667,2502.995999,95.51100000000001,1937.573333
2023-08-16 04:00:00,4416.418667,2342.031667,89.187,1794.308333
2023-08-16 05:00:00,4120.503333000001,2227.568166,78.89800000000001,1710.016
2023-08-16 06:00:00,3973.191667,2147.917,77.26,1667.885
2023-08-16 07:00:00,3917.9693340000003,2142.875,77.826,1694.354333
2023-08-16 08:00:00,4011.858999,2253.667666,73.69500000000001,1739.147667
2023-08-16 09:00:00,4344.122999,2460.952,85.39000000000001,1889.694667
2023-08-16 10:00:00,4901.6113319999995,2668.2253330000003,97.39600000000002,2075.555334
2023-08-16 11:00:00,5521.186334,2902.955,109.921,2322.982333
2023-08-16 12:00:00,6199.821333,3203.976667,131.535,2604.077668
2023-08-16 13:00:00,6933.249334,3428.899,141.83300000000003,2852.373002
2023-08-16 14:00:00,7635.072667,3651.551666,157.687,3021.278333
2023-08-16 15:00:00,8239.111167,3865.3129999999996,160.68599999999998,3180.390334
2023-08-16 16:00:00,8862.759667,3985.382,167.69899999999996,3388.169999
2023-08-16 17:00:00,9387.839833,4145.892667,178.63599999999997,3480.5299989999994
2023-08-16 18:00:00,9746.5795,4311.620833000001,196.486,3557.1290010000002
2023-08-16 19:00:00,9768.582,4372.473333999999,188.07699999999997,3598.259
2023-08-16 20:00:00,9445.261333,4327.8215,183.32999999999998,3556.659667
2023-08-16 21:00:00,9117.14,4225.224834000001,181.00399999999996,3480.482999
2023-08-16 22:00:00,8653.918333,4056.459333,170.977,3338.633667
2023-08-16 23:00:00,7787.517666,3724.4131669999997,157.928,3036.8489990000003
2023-08-17 00:00:00,6770.913667000001,3308.196,142.13399999999996,2667.620333
2023-08-17 01:00:00,5970.442,2915.574,113.19999999999999,2335.8606680000003
2023-08-17 02:00:00,5279.267167,2677.3971659999997,100.74300000000002,2126.739334
2023-08-17 03:00:00,4720.347001,2431.8399999999997,93.771,1991.8419990000002
2023-08-17 04:00:00,4349.847,2306.681999,88.496,1807.246334
2023-08-17 05:00:00,4038.9236659999997,2204.0769999999998,76.85799999999999,1693.7323330000002
2023-08-17 06:00:00,3943.5416669999995,2095.0200000000004,82.97600000000001,1641.340666
2023-08-17 07:00:00,3838.650667,2112.254,77.419,1664.060334
2023-08-17 08:00:00,3874.446,2145.294,77.48100000000001,1688.968001
2023-08-17 09:00:00,4026.2093330000002,2242.0649999999996,80.02300000000001,1715.856665
2023-08-17 10:00:00,4446.365333,2389.4876670000003,87.97099999999999,1862.1446660000001
2023-08-17 11:00:00,4629.364667,2456.127334,96.725,1948.538
2023-08-17 12:00:00,4848.241999,2493.467667,97.09200000000001,2065.2960000000003
2023-08-17 13:00:00,5303.674333,2734.0766670000003,108.19500000000002,2237.406999
2023-08-17 14:00:00,5797.531,2928.739334,112.16400000000002,2377.905002
2023-08-17 15:00:00,6210.439,3083.998333,135.42,2534.243999
2023-08-17 16:00:00,6614.475668,3265.669,146.252,2653.922667
2023-08-17 17:00:00,7002.704167,3361.433,143.763,2782.0213350000004
2023-08-17 18:00:00,7190.211667,3448.7610000000004,152.77,2905.6943330000004
2023-08-17 19:00:00,7351.569833,3573.896,149.0,3004.344
2023-08-17 20:00:00,7382.2565,3597.3540000000003,148.724,2905.4040000000005
2023-08-17 21:00:00,7007.404167,3400.8565,148.30100000000002,2807.839
2023-08-17 22:00:00,6389.692501,3169.0599999999995,136.13599999999997,2637.1256670000002
2023-08-17 23:00:00,5412.178333,2864.162833,120.328,2292.472333
2023-08-18 00:00:00,4486.524334,2424.2406659999997,104.61699999999999,1944.6686670000001
2023-08-18 01:00:00,3800.3959990000003,2117.3876680000003,79.725,1702.456667
2023-08-18 02:00:00,3303.772666,1882.6789999999999,65.89399999999999,1489.853666
2023-08-18 03:00:00,2940.523,1700.7113330000002,57.868,1368.935333
2023-08-18 04:00:00,2713.736,1587.827667,47.473,1264.5320000000002
2023-08-18 05:00:00,2578.989,1500.4798329999999,46.948000000000015,1172.938
2023-08-18 06:00:00,2614.2079999999996,1462.5040009999998,51.401999999999994,1136.606001
2023-08-18 07:00:00,2701.376334,1533.331334,44.823,1200.487333
2023-08-18 08:00:00,2844.768666,1570.708001,50.027,1231.3663339999998
2023-08-18 09:00:00,3078.029167,1696.087,50.721,1348.383667
2023-08-18 10:00:00,3234.5513330000003,1804.8813329999998,56.39800000000001,1412.014333
2023-08-18 11:00:00,3373.461667,1932.599666,75.032,1506.713666
2023-08-18 12:00:00,3667.760333,2038.589333,90.89699999999999,1663.1766659999998
2023-08-18 13:00:00,3968.312,2167.9269999999997,83.20199999999998,1796.496665
2023-08-18 14:00:00,4285.0675,2273.825,95.60699999999999,1886.585001
2023-08-18 15:00:00,4665.207,2440.191,109.07799999999999,1991.1203339999997
2023-08-18 16:00:00,5095.912,2595.732,115.204,2152.571667
2023-08-18 17:00:00,5670.688,2754.424,116.01899999999999,2305.423333
2023-08-18 18:00:00,6094.575,2887.534667,128.37,2388.8320000000003
2023-08-18 19:00:00,6015.928,2869.23,131.892,2338.358
2023-08-18 20:00:00,5517.211334,2589.721667,117.892,2210.413
2023-08-18 21:00:00,4985.945,2438.203167,97.282,2025.085333
2023-08-18 22:00:00,4593.960999000001,2281.842,77.872,1873.5426670000002
2023-08-18 23:00:00,3980.203334,2014.059,76.41399999999999,1657.034334
2023-08-19 00:00:00,3330.110333,1751.7093330000002,69.37500000000001,1445.421333
2023-08-19 01:00:00,2880.255667,1512.618667,59.690000000000005,1272.657001
2023-08-19 02:00:00,2523.851666,1367.855333,48.86599999999999,1160.876
2023-08-19 03:00:00,2278.7349990000002,1272.568,43.785,1068.2423330000001
2023-08-19 04:00:00,2164.818,1208.461,41.123,977.0860000000001
2023-08-19 05:00:00,2080.468667,1156.888,38.029999999999994,937.496333
2023-08-19 06:00:00,2069.198334,1143.117,39.281,922.731667
2023-08-19 07:00:00,2181.3489999999997,1191.7199999999998,36.992999999999995,950.321999
2023-08-19 08:00:00,2476.054,1303.1000000000001,47.129999999999995,1052.257332
2023-08-19 09:00:00,2810.63,1459.2415,50.376000000000005,1218.0770000000002
2023-08-19 10:00:00,3016.8289999999997,1627.9740000000002,58.35999999999999,1278.055999
2023-08-19 11:00:00,3228.494,1787.3029999999999,62.386,1387.0510000000002
2023-08-19 12:00:00,3366.093,1852.0615,62.06499999999999,1508.087
2023-08-19 13:00:00,3570.972667,2022.899,73.94699999999999,1611.998
2023-08-19 14:00:00,3818.613666,2130.927,83.765,1710.025
2023-08-19 15:00:00,4338.060332999999,2354.2570000000005,93.109,1849.6170000000002
2023-08-19 16:00:00,4906.37,2506.032,119.67599999999999,2038.3669999999997
2023-08-19 17:00:00,5456.701,2718.0553330000002,130.212,2156.281
2023-08-19 18:00:00,5938.157999999999,2824.8920000000003,139.209,2303.413001
2023-08-19 19:00:00,5878.864333,2818.7655,116.361,2239.1913329999998
2023-08-19 20:00:00,5497.220499999999,2752.258833,101.31800000000001,2217.156999
2023-08-19 21:00:00,5199.964001,2643.6705,105.39599999999997,2141.1463329999997
2023-08-19 22:00:00,4780.851000000001,2448.674167,100.943,2000.1059999999998
2023-08-19 23:00:00,4283.974999,2241.9516670000003,90.582,1773.164333
2023-08-20 00:00:00,3676.7050010000003,1960.3020000000001,74.72200000000001,1609.9506669999998
2023-08-20 01:00:00,3187.223,1709.408333,63.18,1381.581333
2023-08-20 02:00:00,2813.2650000000003,1528.771667,53.947,1209.910667
2023-08-20 03:00:00,2589.8103330000004,1387.047333,46.468,1105.120666
2023-08-20 04:00:00,2346.584334,1279.232,43.15700000000001,1041.208333
2023-08-20 05:00:00,2221.690667,1225.574333,40.79100000000001,976.5453329999999
2023-08-20 06:00:00,2241.843667,1188.452667,39.70799999999999,946.862
2023-08-20 07:00:00,2288.828666,1217.8416670000001,38.346000000000004,974.036
2023-08-20 08:00:00,2508.911,1320.805167,45.65899999999999,1045.877
2023-08-20 09:00:00,2856.9030000000002,1467.582,56.151,1174.605666
2023-08-20 10:00:00,3209.0123329999997,1717.132333,72.09899999999999,1288.190333
2023-08-20 11:00:00,3469.026333,1885.759667,72.98499999999999,1439.6076669999998
2023-08-20 12:00:00,3725.521667,1981.591334,64.839,1521.5790000000002
2023-08-20 13:00:00,4117.344,2127.5730000000003,88.12599999999999,1689.180667
2023-08-20 14:00:00,4439.054667,2335.642,92.402,1831.721
2023-08-20 15:00:00,4981.995333000001,2507.8256659999997,102.43500000000002,1993.872334
2023-08-20 16:00:00,5413.6025,2668.725333,118.93100000000001,2171.204999
2023-08-20 17:00:00,5845.946333,2820.982,120.42,2283.994334
2023-08-20 18:00:00,6045.746166,2975.7255,116.53500000000001,2377.032333
2023-08-20 19:00:00,6095.141500000001,2971.476667,117.583,2379.856665
2023-08-20 20:00:00,5859.766,2941.446167,116.69,2362.939667
2023-08-20 21:00:00,5560.112666,2817.8385,116.044,2327.423
2023-08-20 22:00:00,5111.272666,2651.054,105.221,2109.0429999999997
2023-08-20 23:00:00,4455.35,2293.7015,94.523,1859.0849999999998
2023-08-21 00:00:00,3682.3729999999996,1972.3626669999999,72.70199999999998,1590.885667
2023-08-21 01:00:00,3118.810333,1700.2273329999998,57.074999999999996,1357.3203330000001
2023-08-21 02:00:00,2688.0789999999997,1491.9005000000002,53.278,1180.5513329999999
2023-08-21 03:00:00,2456.4410000000003,1336.205333,44.848,1073.766666
2023-08-21 04:00:00,2298.737,1268.602167,41.76,1010.951333
2023-08-21 05:00:00,2218.239334,1255.361,41.031000000000006,993.535333
2023-08-21 06:00:00,2309.943667,1266.1866670000002,42.387,1007.2903329999999
2023-08-21 07:00:00,2492.759,1332.909667,43.993,1060.859
2023-08-21 08:00:00,2598.0,1365.544,47.632000000000005,1105.333999
2023-08-21 09:00:00,2678.114666,1490.378,46.374,1147.965333
2023-08-21 10:00:00,2813.1059999999998,1542.144,51.028999999999996,1209.910667
2023-08-21 11:00:00,2947.044166,1640.048167,64.72799999999998,1274.349333
2023-08-21 12:00:00,3086.370333,1723.0288329999998,64.12,1328.354
2023-08-21 13:00:00,3328.118,1883.5916659999998,70.629,1470.836
2023-08-21 14:00:00,3524.5215,1940.183833,76.53900000000002,1541.904
2023-08-21 15:00:00,3954.5693330000004,2077.0415000000003,86.621,1677.4769999999999
2023-08-21 16:00:00,4401.137499999999,2265.6385,105.53600000000002,1830.398
2023-08-21 17:00:00,4944.818334,2458.4545,100.67599999999999,1997.6460000000002
2023-08-21 18:00:00,5352.179833,2630.348167,100.62800000000001,2134.198
2023-08-21 19:00:00,5661.878333000001,2787.605001,116.17599999999999,2184.5789999999997
2023-08-21 20:00:00,5441.890667000001,2691.885666,130.472,2101.103
2023-08-21 21:00:00,4939.582667,2555.4575,105.922,1985.1406670000001
2023-08-21 22:00:00,4453.990667,2313.587667,96.562,1877.225
2023-08-21 23:00:00,3860.292166,2060.670666,90.42099999999999,1635.359
2023-08-22 00:00:00,3203.257333,1788.028333,62.065,1385.413
2023-08-22 01:00:00,2726.795,1519.467667,56.012,1208.499333
2023-08-22 02:00:00,2420.250833,1323.180667,45.514,1092.004667
2023-08-22 03:00:00,2204.1391670000003,1207.2939999999999,39.673,974.7806660000001
2023-08-22 04:00:00,2116.742334,1157.3228330000002,40.102,936.1783330000001
2023-08-22 05:00:00,2075.604333,1163.9045,37.805,939.3470000000001
2023-08-22 06:00:00,2177.144331,1186.810333,38.507000000000005,958.478667
2023-08-22 07:00:00,2385.262334,1290.389667,39.68,1018.900333
2023-08-22 08:00:00,2539.179,1360.738667,42.024,1057.4089990000002
2023-08-22 09:00:00,2617.642334,1410.4663329999998,45.24100000000001,1098.048
2023-08-22 10:00:00,2833.2196670000003,1502.8380000000002,56.559999999999995,1200.8463330000002
2023-08-22 11:00:00,3053.987333,1587.3016659999998,66.21,1224.071
2023-08-22 12:00:00,3178.401667,1629.147,65.699,1335.387
2023-08-22 13:00:00,3347.799,1704.367667,68.075,1359.4053330000002
2023-08-22 14:00:00,3468.1440000000002,1823.0793330000001,64.28200000000001,1416.589
2023-08-22 15:00:00,3589.723667,1848.0933330000003,75.97100000000002,1471.4486670000001
2023-08-22 16:00:00,3859.1130000000003,1961.3196670000002,85.11999999999999,1581.779334
2023-08-22 17:00:00,4215.424999999999,2087.602,90.04799999999999,1729.217
2023-08-22 18:00:00,4585.5419999999995,2225.045,85.708,1879.7603330000002
2023-08-22 19:00:00,4689.162,2308.9030000000002,93.76799999999999,1920.4129990000001
2023-08-22 20:00:00,4575.648168,2253.232,104.927,1833.896334
2023-08-22 21:00:00,4405.373833,2230.018,98.27499999999999,1806.332666
2023-08-22 22:00:00,4210.163833,2099.3045,92.02,1720.212332
2023-08-22 23:00:00,3622.5895,1871.956667,68.761,1486.315666
2023-08-23 00:00:00,2998.664667,1587.6390000000001,55.138999999999996,1343.4723330000002
2023-08-23 01:00:00,2575.550666,1388.317667,50.251,1146.557667
2023-08-23 02:00:00,2357.359333,1266.258667,43.931000000000004,1029.429334
2023-08-23 03:00:00,2172.436333,1147.22,37.047,939.6136670000001
2023-08-23 04:00:00,2035.3013329999999,1123.057667,38.082,897.5740000000001
2023-08-23 05:00:00,2028.348667,1093.9233330000002,34.428,876.809
2023-08-23 06:00:00,2114.9325,1134.165,34.699999999999996,907.444666
2023-08-23 07:00:00,2343.1485000000002,1218.1079999999997,40.427,994.492666
2023-08-23 08:00:00,2531.621666,1293.739333,44.66,1023.094332
2023-08-23 09:00:00,2643.332833,1393.4463329999999,50.904,1118.727001
2023-08-23 10:00:00,2797.7051659999997,1474.179333,51.62899999999999,1161.8833339999999
2023-08-23 11:00:00,2894.1805000000004,1544.202333,57.529,1214.336666
2023-08-23 12:00:00,3066.3705,1620.0749999999998,64.498,1299.1650009999998
2023-08-23 13:00:00,3303.757,1757.642667,60.25500000000001,1405.0766669999998
2023-08-23 14:00:00,3535.2290000000003,1866.2823329999999,72.859,1471.9553329999999
2023-08-23 15:00:00,3726.116834,1992.066667,80.18200000000002,1620.261
2023-08-23 16:00:00,4122.368333,2081.58,99.387,1742.324
2023-08-23 17:00:00,4597.6985,2238.888333,105.57,1818.432
2023-08-23 18:00:00,4962.241835,2366.1265000000003,94.69200000000002,1918.1280000000002
2023-08-23 19:00:00,4862.027334,2415.853333,95.966,1955.1
2023-08-23 20:00:00,4744.431333,2327.239,97.78800000000001,1927.842
2023-08-23 21:00:00,4560.585833,2344.9400000000005,102.65,1941.0739999999998
2023-08-23 22:00:00,4234.629999999999,2198.1549999999997,104.97399999999999,1779.408
2023-08-23 23:00:00,3804.552333,1970.311,89.747,1546.276
2023-08-24 00:00:00,3220.4300000000003,1706.805,78.208,1379.5
2023-08-24 01:00:00,2761.943333,1480.838,57.526999999999994,1201.992666
2023-08-24 02:00:00,2463.266667,1324.942,47.068999999999996,1080.084001
2023-08-24 03:00:00,2253.439667,1185.176,39.216,991.5613330000001
2023-08-24 04:00:00,2120.166,1133.63,38.655,927.7606659999999
2023-08-24 05:00:00,2077.8100000000004,1121.126,35.516999999999996,883.289
2023-08-24 06:00:00,2149.0916669999997,1159.011,36.94499999999999,916.808333
2023-08-24 07:00:00,2357.687334,1244.6490000000001,41.635000000000005,988.673
2023-08-24 08:00:00,2590.785001,1345.527,41.699000000000005,1043.302999
2023-08-24 09:00:00,2659.504999,1432.1996669999999,48.356,1125.369667
2023-08-24 10:00:00,2813.9083320000004,1491.1309999999999,54.73199999999999,1167.7713330000001
2023-08-24 11:00:00,2923.3286669999998,1601.1243329999998,61.00600000000001,1200.1263330000002
2023-08-24 12:00:00,3179.4206670000003,1714.7926670000002,60.571,1340.874667
2023-08-24 13:00:00,3439.476667,1857.15,66.28300000000002,1481.802333
2023-08-24 14:00:00,3786.2059999999997,2072.735667,80.271,1649.295
2023-08-24 15:00:00,4486.763332,2269.675,93.1,1859.373
2023-08-24 16:00:00,5256.795001,2578.853,103.78,2094.601
2023-08-24 17:00:00,5889.737333,2871.759,115.792,2369.304333
2023-08-24 18:00:00,6403.650667,3037.534,128.692,2560.529
2023-08-24 19:00:00,6479.880667,3117.718,139.70200000000003,2610.272
2023-08-24 20:00:00,6192.0196670000005,2978.7430000000004,138.06400000000002,2521.92
2023-08-24 21:00:00,5923.209667000001,2934.0820000000003,123.778,2485.605
2023-08-24 22:00:00,5634.883333,2823.263,120.92999999999999,2324.1620000000003
2023-08-24 23:00:00,5004.9310000000005,2574.732,93.727,2081.6440000000002
2023-08-25 00:00:00,4370.22,2274.755,84.58500000000001,1903.987333
2023-08-25 01:00:00,3810.212333,2069.407,69.18299999999999,1702.3966659999999
2023-08-25 02:00:00,3469.743667,1854.8200000000002,62.487,1549.811334
2023-08-25 03:00:00,3126.863668,1654.8539999999998,56.50899999999999,1384.597
2023-08-25 04:00:00,2877.279,1538.549,52.647,1254.2303339999999
2023-08-25 05:00:00,2818.595333,1507.225,50.239999999999995,1173.585666
2023-08-25 06:00:00,2814.027333,1475.5390000000002,50.146,1164.675668
2023-08-25 07:00:00,2965.2529999999997,1494.954,52.461,1222.225665
2023-08-25 08:00:00,3127.902333,1564.21,52.602000000000004,1279.092333
2023-08-25 09:00:00,3323.032333,1719.443,61.308,1382.559
2023-08-25 10:00:00,3707.4323329999997,1917.188,69.522,1507.9316680000002
2023-08-25 11:00:00,4352.368667,2164.4979999999996,80.98500000000001,1716.4703329999998
2023-08-25 12:00:00,4899.310667,2491.317,91.67099999999999,1969.804
2023-08-25 13:00:00,5518.023999999999,2764.6369999999997,109.02600000000001,2239.5906680000003
2023-08-25 14:00:00,6088.298999000001,2960.647,118.86,2455.5640000000003
2023-08-25 15:00:00,6668.650667000001,3122.7715,131.95499999999998,2619.377
2023-08-25 16:00:00,7188.349,3291.317833,135.882,2758.818334
2023-08-25 17:00:00,7659.159000999999,3470.276333,134.73299999999998,2879.057667
2023-08-25 18:00:00,7909.353999999999,3637.066833,153.70199999999997,2965.734001
2023-08-25 19:00:00,7745.338333,3548.793,158.341,2966.889666
2023-08-25 20:00:00,7287.816002,3410.161667,157.50400000000002,2924.876667
2023-08-25 21:00:00,6947.070334,3291.8886669999997,149.149,2804.433666
2023-08-25 22:00:00,6330.675332,3132.290333,124.19000000000001,2597.267665
2023-08-25 23:00:00,5601.5900010000005,2859.4930000000004,103.197,2320.074668
2023-08-26 00:00:00,4850.536,2506.590333,93.315,2043.030667
2023-08-26 01:00:00,4168.475333,2216.529667,76.599,1789.1970000000001
2023-08-26 02:00:00,3684.032333,1989.881,71.923,1620.665667
2023-08-26 03:00:00,3264.526,1792.4463329999999,65.547,1442.575334
2023-08-26 04:00:00,2942.5159999999996,1629.435333,57.21,1301.709332
2023-08-26 05:00:00,2742.193666,1563.8503329999999,49.181999999999995,1248.532333
2023-08-26 06:00:00,2708.685001,1457.809,50.876,1215.034667
2023-08-26 07:00:00,2696.470667,1508.131333,47.467,1214.6496670000001
2023-08-26 08:00:00,2928.638,1582.23,57.552,1286.936333
2023-08-26 09:00:00,3342.1189990000003,1867.677667,78.292,1442.385
2023-08-26 10:00:00,3751.080833,2071.8463330000004,75.62100000000001,1653.550667
2023-08-26 11:00:00,4122.130834,2239.718,81.555,1762.6096659999998
2023-08-26 12:00:00,4621.2613329999995,2469.8333330000005,103.53099999999999,1976.182666
2023-08-26 13:00:00,5222.637667,2756.792667,123.31,2246.949999
2023-08-26 14:00:00,5755.434665999999,2988.8623340000004,130.41,2449.649001
2023-08-26 15:00:00,6408.655332,3195.956333,137.459,2613.354668
2023-08-26 16:00:00,7048.125333,3439.822,141.37099999999998,2810.523333
2023-08-26 17:00:00,7525.986666000001,3579.834333,141.29600000000002,2949.9566670000004
2023-08-26 18:00:00,7679.031333999999,3593.3866669999998,145.29500000000002,2979.259333
2023-08-26 19:00:00,7601.624,3612.3230000000003,134.82999999999998,2957.3443340000003
2023-08-26 20:00:00,7256.2880000000005,3471.363,140.96,2890.714666
2023-08-26 21:00:00,6872.275,3354.282,134.78499999999997,2780.889334
2023-08-26 22:00:00,6329.476667000001,3185.986,123.257,2598.376666
2023-08-26 23:00:00,5625.856333,2898.4339999999997,116.163,2368.946333
2023-08-27 00:00:00,4838.591,2596.757332,110.445,2136.31
2023-08-27 01:00:00,4178.335666999999,2280.598666,95.83600000000001,1913.2203330000002
2023-08-27 02:00:00,3676.315332,2035.3690000000001,76.88999999999999,1668.150334
2023-08-27 03:00:00,3244.573167,1870.888,70.01100000000001,1509.602667
2023-08-27 04:00:00,2930.534834,1740.983,66.42899999999999,1346.246667
2023-08-27 05:00:00,2724.1003339999997,1636.8159999999998,59.83,1249.2399999999998
2023-08-27 06:00:00,2627.52,1536.3220000000001,55.074,1193.506666
2023-08-27 07:00:00,2662.949,1515.484,49.001,1210.9826659999999
2023-08-27 08:00:00,2913.305666,1592.981,50.599,1263.954667
2023-08-27 09:00:00,3249.5906670000004,1801.574,59.176,1400.6100000000001
2023-08-27 10:00:00,3705.4413329999998,2005.599,76.92900000000002,1612.033
2023-08-27 11:00:00,4089.573333,2263.745,86.586,1776.488
2023-08-27 12:00:00,4538.386333,2475.101,94.723,1978.604
2023-08-27 13:00:00,4788.937,2663.835,100.403,2128.318334
2023-08-27 14:00:00,5398.059167,2854.463,109.47200000000001,2365.5786660000003
2023-08-27 15:00:00,5975.549333,3026.0420000000004,116.60799999999999,2549.224333
2023-08-27 16:00:00,6464.093333,3210.029,119.77499999999999,2694.78
2023-08-27 17:00:00,6997.270666,3299.727,130.282,2772.901
2023-08-27 18:00:00,7210.329333,3380.166,136.15399999999997,2795.126333
2023-08-27 19:00:00,6991.421,3324.997,138.886,2750.804001
2023-08-27 20:00:00,6633.389499,3263.931,133.105,2738.0493340000003
2023-08-27 21:00:00,6257.5015,3163.772,132.78100000000003,2676.907
2023-08-27 22:00:00,5673.603,2950.425,127.721,2424.6699989999997
2023-08-27 23:00:00,4793.215,2582.339,123.426,2119.1166670000002
2023-08-28 00:00:00,3978.834333,2240.6119999999996,95.59399999999998,1764.549333
2023-08-28 01:00:00,3346.1369999999997,1900.537333,75.3,1528.123001
2023-08-28 02:00:00,2928.736667,1691.254,61.554,1351.27
2023-08-28 03:00:00,2688.742001,1507.519,52.635000000000005,1230.492333
2023-08-28 04:00:00,2524.0326670000004,1447.9969999999998,47.841,1152.449999
2023-08-28 05:00:00,2483.558667,1422.627,48.307,1129.960333
2023-08-28 06:00:00,2524.698,1418.376,49.519,1136.305335
2023-08-28 07:00:00,2697.537667,1518.054,52.952000000000005,1206.0813349999999
2023-08-28 08:00:00,2797.2219999999998,1548.7659999999996,49.760000000000005,1223.18
2023-08-28 09:00:00,2930.722667,1527.6850000000002,51.23400000000001,1254.980332
2023-08-28 10:00:00,2999.7309999999998,1542.187,60.226,1247.673334
2023-08-28 11:00:00,3151.236333,1618.6366659999999,65.99699999999999,1287.6799990000002
2023-08-28 12:00:00,3239.486,1684.371001,72.875,1328.615667
2023-08-28 13:00:00,3240.740333,1722.1109999999999,67.215,1332.66
2023-08-28 14:00:00,3251.5696669999998,1697.6979999999999,72.39400000000002,1363.804
2023-08-28 15:00:00,3382.034666,1699.693,75.55299999999998,1433.843667
2023-08-28 16:00:00,3442.023001,1795.041667,78.939,1456.1006659999998
2023-08-28 17:00:00,3610.788332,1880.966,62.77800000000001,1575.513
2023-08-28 18:00:00,4011.8734999999997,2025.1649999999997,70.30000000000001,1647.461
2023-08-28 19:00:00,4234.4585,2159.005,83.633,1673.388001
2023-08-28 20:00:00,4215.1720000000005,2184.8189999999995,79.785,1751.0806670000002
2023-08-28 21:00:00,4104.253833000001,2140.6890000000003,78.61500000000001,1750.370332
2023-08-28 22:00:00,3781.158999,2028.833,75.55000000000001,1616.433002
2023-08-28 23:00:00,3372.346666,1766.8110000000001,66.259,1420.391334
2023-08-29 00:00:00,2851.989,1549.712,57.111000000000004,1300.897668
2023-08-29 01:00:00,2548.139667,1356.355,46.76400000000001,1141.742667
2023-08-29 02:00:00,2292.013999,1261.808,43.226,1058.287335
2023-08-29 03:00:00,2160.781,1163.2269999999999,36.567,986.311667
2023-08-29 04:00:00,2051.780667,1141.52,38.299,931.8010019999999
2023-08-29 05:00:00,2054.255333,1127.8249999999998,38.772,948.907501
2023-08-29 06:00:00,2207.745,1161.380333,40.623999999999995,978.903999
2023-08-29 07:00:00,2455.8289999999997,1311.612666,41.997,1116.184332
2023-08-29 08:00:00,2605.436667,1402.98,48.498,1142.220998
2023-08-29 09:00:00,2641.101,1422.2183329999998,39.245000000000005,1124.866666
2023-08-29 10:00:00,2745.4210009999997,1429.285667,50.579,1146.002667
2023-08-29 11:00:00,2782.608,1488.5259999999998,48.133,1148.3576659999999
2023-08-29 12:00:00,2926.3540000000003,1530.9940000000001,50.549,1223.597334
2023-08-29 13:00:00,3072.070333,1576.463,59.419999999999995,1247.7920000000001
2023-08-29 14:00:00,3105.498,1616.475,61.17900000000001,1292.77
2023-08-29 15:00:00,3146.384,1695.288,61.38399999999999,1332.388
2023-08-29 16:00:00,3348.6193329999996,1755.454,63.775999999999996,1407.451
2023-08-29 17:00:00,3707.478,1881.576,76.01500000000001,1532.440334
2023-08-29 18:00:00,3945.862333,2032.825,79.288,1678.397334
2023-08-29 19:00:00,4104.123,2155.695333,91.563,1713.0876660000001
2023-08-29 20:00:00,4176.731,2100.3270009999997,86.97300000000001,1767.3540000000003
2023-08-29 21:00:00,4186.5560000000005,2126.7473330000003,86.93299999999999,1749.818667
2023-08-29 22:00:00,4038.601333,2038.3956670000002,81.676,1655.441
2023-08-29 23:00:00,3459.67,1815.705333,83.173,1500.034333
2023-08-30 00:00:00,3035.173667,1595.3146660000002,65.024,1337.691668
2023-08-30 01:00:00,2589.714,1407.648334,52.935,1205.880667
2023-08-30 02:00:00,2350.1924989999998,1258.4129990000001,49.949000000000005,1083.059
2023-08-30 03:00:00,2192.018,1156.932333,41.93899999999999,969.903499
2023-08-30 04:00:00,2105.967,1123.309334,36.550999999999995,918.2601670000001
2023-08-30 05:00:00,2114.842334,1136.676666,37.952000000000005,909.311833
2023-08-30 06:00:00,2218.6440000000002,1188.0973330000002,42.949,955.004333
2023-08-30 07:00:00,2460.213,1337.9063330000001,41.41,1086.469667
2023-08-30 08:00:00,2644.522333,1416.9013340000001,52.13400000000001,1123.210999
2023-08-30 09:00:00,2624.243,1431.1280000000002,55.353,1110.9851669999998
2023-08-30 10:00:00,2773.816333,1422.5536670000001,51.995000000000005,1131.5910000000001
2023-08-30 11:00:00,2792.753333,1480.457666,60.35100000000001,1180.4433330000002
2023-08-30 12:00:00,3034.6351670000004,1582.688,64.122,1275.375669
2023-08-30 13:00:00,3163.1941669999997,1716.046667,58.128,1354.194
2023-08-30 14:00:00,3453.523166,1828.6349999999998,62.721,1408.1986659999998
2023-08-30 15:00:00,3609.4765000000007,1870.922,73.06,1481.190666
2023-08-30 16:00:00,3981.2365,2007.369,86.388,1559.103
2023-08-30 17:00:00,4492.968500999999,2198.922,101.19000000000001,1696.478
2023-08-30 18:00:00,4750.644,2322.175,98.949,1799.9956670000001
2023-08-30 19:00:00,4775.759334,2395.326,100.625,1843.976333
2023-08-30 20:00:00,4685.155000000001,2340.8469999999998,94.705,1902.8756640000001
2023-08-30 21:00:00,4575.658666,2347.6139999999996,99.32399999999998,1911.963665
2023-08-30 22:00:00,4190.954167,2202.489,92.58300000000001,1777.147667
2023-08-30 23:00:00,3660.986666,1985.496,92.19900000000001,1561.2
2023-08-31 00:00:00,3143.751667,1683.191,75.84299999999999,1392.5410000000002
2023-08-31 01:00:00,2743.318334,1439.219,64.959,1207.934335
2023-08-31 02:00:00,2446.1149990000004,1324.864,56.57600000000001,1103.4593340000001
2023-08-31 03:00:00,2265.3419999999996,1213.3960000000002,43.481,1010.587333
2023-08-31 04:00:00,2170.892,1197.347,41.946000000000005,936.164
2023-08-31 05:00:00,2145.0006670000002,1175.4609999999998,38.413999999999994,931.591
2023-08-31 06:00:00,2281.803667,1204.336667,43.80399999999999,945.5483320000001
2023-08-31 07:00:00,2519.057667,1341.785333,43.004,1074.3013329999999
2023-08-31 08:00:00,2677.0393329999997,1401.5770000000002,48.083999999999996,1151.627
2023-08-31 09:00:00,2766.942,1409.1979999999999,45.426,1109.1809990000002
2023-08-31 10:00:00,2793.245667,1380.021,48.32100000000001,1134.834002
2023-08-31 11:00:00,2872.6933340000005,1449.116,46.121,1151.1143319999999
2023-08-31 12:00:00,2876.119667,1462.887,47.582,1200.838002
2023-08-31 13:00:00,2896.9170000000004,1456.621333,46.876,1202.963334
2023-08-31 14:00:00,2975.172667,1532.77,51.536,1181.2526670000002
2023-08-31 15:00:00,2923.061167,1517.757,51.243,1235.293999
2023-08-31 16:00:00,2991.2799999999997,1533.302,55.721000000000004,1257.803335
2023-08-31 17:00:00,3263.1491669999996,1610.601,62.99700000000001,1350.456332
2023-08-31 18:00:00,3593.8325,1779.016,63.23799999999999,1445.267332
2023-08-31 19:00:00,3757.3461669999997,1848.6550000000002,70.92099999999999,1499.667667
2023-08-31 20:00:00,3821.857,1877.041,66.799,1547.4010010000002
2023-08-31 21:00:00,3762.4875,1886.543,68.63799999999999,1553.814
2023-08-31 22:00:00,3584.0240000000003,1852.881,69.467,1522.176332
2023-08-31 23:00:00,3195.743,1656.972,55.132000000000005,1322.166
2023-09-01 00:00:00,2749.2309999999998,1484.335,54.13599999999999,1219.1769990000003
2023-09-01 01:00:00,2443.3536670000003,1306.444,45.186,1090.792666
2023-09-01 02:00:00,2235.246,1196.5629999999999,38.54399999999999,992.492335
2023-09-01 03:00:00,2079.27,1094.562,33.80200000000001,945.257333
2023-09-01 04:00:00,2024.271,1070.654,32.023,887.7499989999999
2023-09-01 05:00:00,2020.696,1104.558,30.451999999999998,882.9780000000001
2023-09-01 06:00:00,2126.9049999999997,1098.1,34.16799999999999,934.0323340000001
2023-09-01 07:00:00,2364.4280000000003,1263.584,44.199999999999996,1030.4360000000001
2023-09-01 08:00:00,2612.394,1376.879,48.226,1123.456333
2023-09-01 09:00:00,2709.5589999999997,1392.432,45.901,1102.2690010000001
2023-09-01 10:00:00,2789.0909999999994,1436.158,46.40500000000001,1148.674002
2023-09-01 11:00:00,2957.356667,1469.382,58.45100000000001,1171.9176670000002
2023-09-01 12:00:00,3129.657,1595.0300000000002,50.30800000000001,1253.650333
2023-09-01 13:00:00,3330.1189999999997,1682.3849999999998,61.972,1367.9920000000002
2023-09-01 14:00:00,3477.336,1751.617667,64.6,1426.716667
2023-09-01 15:00:00,3689.17,1881.1616669999999,67.28699999999999,1607.705334
2023-09-01 16:00:00,4174.731667,2056.975667,73.52799999999999,1672.416333
2023-09-01 17:00:00,4537.323333,2217.336666,86.491,1849.511333
2023-09-01 18:00:00,4875.249667,2305.919333,99.929,1875.932
2023-09-01 19:00:00,4895.407333,2328.419667,96.499,1895.866002
2023-09-01 20:00:00,4729.945667,2309.237,88.37499999999999,1937.0303319999998
2023-09-01 21:00:00,4598.975,2278.0185,88.42699999999999,1828.314666
2023-09-01 22:00:00,4198.003667,2139.824,85.16,1718.139998
2023-09-01 23:00:00,3814.617333,1948.793667,73.86199999999998,1606.519002
2023-09-02 00:00:00,3351.1655,1757.1905,70.44200000000001,1413.288333
2023-09-02 01:00:00,2937.708,1520.114,69.807,1254.583834
2023-09-02 02:00:00,2598.066667,1353.105333,56.020999999999994,1122.641334
2023-09-02 03:00:00,2371.6863340000004,1249.664333,47.306000000000004,1031.327834
2023-09-02 04:00:00,2258.897667,1175.0204999999999,41.998999999999995,975.54
2023-09-02 05:00:00,2153.377,1140.0546669999999,39.61599999999999,920.2731670000001
2023-09-02 06:00:00,2150.692,1131.319834,37.501,907.7575
2023-09-02 07:00:00,2254.1369999999997,1201.953834,41.928000000000004,951.038
2023-09-02 08:00:00,2509.836,1338.403001,45.07000000000001,1034.956834
2023-09-02 09:00:00,2835.734,1472.491,49.377,1153.4248309999998
2023-09-02 10:00:00,3145.4226670000003,1578.803,66.23700000000001,1307.4876680000002
2023-09-02 11:00:00,3429.676,1806.219,67.383,1402.919002
2023-09-02 12:00:00,3827.4749999999995,1998.9029999999998,77.743,1577.355667
2023-09-02 13:00:00,4249.432,2172.084,96.11000000000001,1749.464334
2023-09-02 14:00:00,4792.605,2405.286,109.306,1974.8463339999998
2023-09-02 15:00:00,5300.9439999999995,2591.920666,126.316,2146.7860010000004
2023-09-02 16:00:00,5647.127,2748.839666,127.669,2286.805334
2023-09-02 17:00:00,6004.5199999999995,2909.151,129.53300000000002,2395.493001
2023-09-02 18:00:00,6316.728,2965.5396659999997,138.639,2386.670333
2023-09-02 19:00:00,6306.8705,2898.9756669999997,137.11100000000002,2425.3289990000003
2023-09-02 20:00:00,5930.736999999999,2838.1639999999998,122.02999999999999,2325.513667
2023-09-02 21:00:00,5446.418,2742.8520000000003,127.438,2244.0919999999996
2023-09-02 22:00:00,4893.57,2502.9179999999997,96.337,2050.793999
2023-09-02 23:00:00,4408.040000000001,2249.377,91.46099999999998,1836.4139989999999
2023-09-03 00:00:00,3798.2219999999998,2017.996333,83.751,1618.134332
2023-09-03 01:00:00,3290.2583329999998,1784.7759999999998,63.19799999999999,1448.452
2023-09-03 02:00:00,2871.591665,1567.848,52.307,1304.214333
2023-09-03 03:00:00,2625.8536670000003,1413.605,50.82899999999999,1144.5926650000001
2023-09-03 04:00:00,2438.249334,1323.256,48.306,1081.563999
2023-09-03 05:00:00,2294.133,1259.368,44.47500000000001,1018.529332
2023-09-03 06:00:00,2238.6283329999997,1226.114333,42.294000000000004,989.6313339999999
2023-09-03 07:00:00,2332.2740000000003,1268.0396660000001,44.805,994.4123339999999
2023-09-03 08:00:00,2522.5063330000003,1371.524335,47.417,1057.838334
2023-09-03 09:00:00,2904.360667,1520.596667,47.565999999999995,1185.000667
2023-09-03 10:00:00,3129.7028330000003,1624.360333,58.392,1330.090333
2023-09-03 11:00:00,3328.322833,1801.544,60.413,1399.865001
2023-09-03 12:00:00,3425.3495009999997,1791.242333,71.507,1445.8120009999998
2023-09-03 13:00:00,3531.314833,1895.211667,65.823,1490.211667
2023-09-03 14:00:00,3509.584,1870.0373339999999,69.75599999999999,1554.939334
2023-09-03 15:00:00,3601.245334,1839.3323329999998,69.675,1539.996667
2023-09-03 16:00:00,3603.870667,1822.096,67.949,1583.280001
2023-09-03 17:00:00,3684.380333,1909.5739999999998,74.82500000000002,1535.690333
2023-09-03 18:00:00,3796.0696669999998,1929.442,79.50500000000001,1613.1953330000001
2023-09-03 19:00:00,3904.0153329999994,2001.560667,80.594,1631.496
2023-09-03 20:00:00,3921.3379999999997,1984.035,82.83099999999999,1661.688
2023-09-03 21:00:00,3904.226,1980.5790000000002,77.06800000000001,1640.855
2023-09-03 22:00:00,3691.1490000000003,1885.123333,68.49799999999999,1537.837
2023-09-03 23:00:00,3305.269,1733.102667,57.309,1421.987
2023-09-04 00:00:00,2886.4463330000003,1533.739001,58.051,1252.153001
2023-09-04 01:00:00,2573.648334,1374.875332,50.616,1137.120001
2023-09-04 02:00:00,2357.678666,1227.215335,44.977,1055.888999
2023-09-04 03:00:00,2160.2436669999997,1125.203333,37.340999999999994,963.3156669999998
2023-09-04 04:00:00,2072.996,1096.705999,39.266000000000005,909.661
2023-09-04 05:00:00,2000.2633329999999,1061.268667,36.642,872.6443340000001
2023-09-04 06:00:00,2021.936333,1049.763333,36.561,860.2106650000001
2023-09-04 07:00:00,2116.512,1091.8063319999999,33.239,910.6909989999999
2023-09-04 08:00:00,2395.555667,1228.896,39.571,970.5636670000001
2023-09-04 09:00:00,2788.5243330000003,1406.550333,42.364000000000004,1113.2883349999997
2023-09-04 10:00:00,3139.562,1511.1656659999999,66.022,1263.1436669999998
2023-09-04 11:00:00,3420.405334,1688.999001,75.771,1357.848334
2023-09-04 12:00:00,3446.322001,1787.4,68.63399999999999,1487.882333
2023-09-04 13:00:00,3497.8996660000003,1817.776334,66.91900000000001,1461.393666
2023-09-04 14:00:00,3475.145,1776.070667,74.56299999999999,1463.023667
2023-09-04 15:00:00,3490.261333,1728.6313340000002,77.226,1467.8976670000002
2023-09-04 16:00:00,3545.699667,1774.686332,73.34999999999998,1519.579333
2023-09-04 17:00:00,3613.6176669999995,1842.157667,75.719,1551.3630010000002
2023-09-04 18:00:00,3878.837,1927.8649990000001,81.019,1648.903331
2023-09-04 19:00:00,3899.3183329999997,2010.203334,82.60100000000001,1694.841332
2023-09-04 20:00:00,3987.576,2044.519999,87.404,1736.005001
2023-09-04 21:00:00,3930.852667,2077.816001,83.313,1712.6660000000002
2023-09-04 22:00:00,3666.9210000000003,1935.9663329999998,92.834,1519.754334
2023-09-04 23:00:00,3214.6850000000004,1713.238667,71.42699999999999,1391.3770000000002
2023-09-05 00:00:00,2763.638667,1439.395666,57.330999999999996,1214.2413339999998
2023-09-05 01:00:00,2386.950667,1260.7796680000001,51.049,1075.2753329999998
2023-09-05 02:00:00,2142.095999,1109.096,37.881,974.211666
2023-09-05 03:00:00,2017.691667,1013.678334,33.558,891.402666
2023-09-05 04:00:00,1912.906167,1026.378,32.929,859.155666
2023-09-05 05:00:00,1931.577667,1058.755666,32.421,846.121998
2023-09-05 06:00:00,2096.522667,1144.908999,32.61,884.4866669999999
2023-09-05 07:00:00,2433.590333,1295.3696650000002,40.565000000000005,1032.246667
2023-09-05 08:00:00,2647.5265,1410.251334,48.146,1097.437333
2023-09-05 09:00:00,2618.433,1423.7436650000002,45.148999999999994,1082.345
2023-09-05 10:00:00,2670.525667,1372.982334,42.452999999999996,1128.915332
2023-09-05 11:00:00,2713.589666,1436.062001,55.12200000000001,1132.9166659999999
2023-09-05 12:00:00,2811.262333,1459.519,52.82800000000001,1132.7920009999998
2023-09-05 13:00:00,2955.0636669999994,1515.067,47.713,1202.3363339999999
2023-09-05 14:00:00,3027.4559999999997,1525.8276660000001,56.660000000000004,1280.488
2023-09-05 15:00:00,3071.330333,1515.728333,60.71,1299.825
2023-09-05 16:00:00,3259.442667,1681.5209989999998,59.495,1392.736
2023-09-05 17:00:00,3621.757,1888.500666,77.86600000000001,1518.5529999999999
2023-09-05 18:00:00,4012.358333,1985.311,97.26200000000001,1636.634
2023-09-05 19:00:00,4159.201999999999,2032.238333,87.96900000000001,1695.2493339999999
2023-09-05 20:00:00,4201.222334,2082.2053330000003,80.70599999999999,1672.827668
2023-09-05 21:00:00,4067.039833,2059.8813330000003,81.53399999999999,1703.082334
2023-09-05 22:00:00,3721.8810000000003,1928.9866670000001,71.01499999999999,1566.436332
2023-09-05 23:00:00,3214.2416660000004,1691.485666,66.539,1362.395667
2023-09-06 00:00:00,2740.1206660000003,1431.098333,56.292,1146.8000000000002
2023-09-06 01:00:00,2368.9843339999998,1260.8650000000002,45.396,990.2653339999999
2023-09-06 02:00:00,2153.353666,1116.5173330000002,40.73100000000001,889.966668
2023-09-06 03:00:00,2018.982333,1007.244333,35.491,850.546668
2023-09-06 04:00:00,1898.4389999999999,1002.749667,35.602,815.8333339999999
2023-09-06 05:00:00,1940.7876659999997,1020.4699999999999,38.00900000000001,828.2926669999999
2023-09-06 06:00:00,2105.837334,1107.061667,38.001000000000005,881.178001
2023-09-06 07:00:00,2435.3276669999996,1285.936667,49.06900000000001,1045.344
2023-09-06 08:00:00,2692.9759999999997,1397.206334,47.5,1087.016
2023-09-06 09:00:00,2623.9539999999997,1391.104666,55.53500000000001,1056.266
2023-09-06 10:00:00,2662.3894999999998,1404.9249989999998,46.796,1051.824
2023-09-06 11:00:00,2692.712667,1387.525,48.504000000000005,1087.999333
2023-09-06 12:00:00,2753.037334,1417.942333,53.05,1103.037
2023-09-06 13:00:00,2805.248001,1501.921667,54.718,1147.3229999999999
2023-09-06 14:00:00,2884.858667,1561.303999,62.949000000000005,1214.3179999999998
2023-09-06 15:00:00,3054.446667,1586.618666,57.300999999999995,1277.403
2023-09-06 16:00:00,3378.0919999999996,1776.704333,72.17900000000002,1401.127
2023-09-06 17:00:00,3803.937667,1960.214334,87.126,1604.933333
2023-09-06 18:00:00,4151.004334,2129.098,79.51299999999999,1781.7623330000001
2023-09-06 19:00:00,4292.399167,2186.15,87.72000000000001,1792.3106659999999
2023-09-06 20:00:00,4224.756,2195.0879999999997,89.564,1802.688667
2023-09-06 21:00:00,4163.992,2131.041,98.67399999999999,1749.841
2023-09-06 22:00:00,3858.2095,1994.4470000000001,78.692,1616.618333
2023-09-06 23:00:00,3399.113,1773.534,70.97000000000001,1383.487666
2023-09-07 00:00:00,2835.3450000000003,1498.464001,59.666999999999994,1219.3139999999999
2023-09-07 01:00:00,2468.311333,1304.8796670000002,44.854,1074.364333
2023-09-07 02:00:00,2207.5799989999996,1178.3080000000002,37.361,989.260667
2023-09-07 03:00:00,2086.4901659999996,1105.6660000000002,34.63900000000001,914.9276669999999
2023-09-07 04:00:00,2028.3824989999998,1077.8490000000002,30.996,841.565333
2023-09-07 05:00:00,2022.5515,1066.158,35.38300000000001,849.8596660000001
2023-09-07 06:00:00,2174.078667,1131.5140000000001,35.824,892.7890010000001
2023-09-07 07:00:00,2521.5296670000002,1313.5410000000002,43.206999999999994,1031.126334
2023-09-07 08:00:00,2686.929666,1417.995,54.928000000000004,1068.2513330000002
2023-09-07 09:00:00,2682.445667,1406.838,49.231,1041.67
2023-09-07 10:00:00,2736.878167,1357.665,57.358000000000004,1042.054
2023-09-07 11:00:00,2750.921667,1368.103,50.542,1041.519
2023-09-07 12:00:00,2771.2749999999996,1459.538,47.654999999999994,1097.659
2023-09-07 13:00:00,2791.665,1519.1309999999999,53.29299999999999,1170.8809999999999
2023-09-07 14:00:00,2936.231334,1540.558,49.555,1198.942
2023-09-07 15:00:00,3016.2743330000003,1613.442,60.67,1252.983
2023-09-07 16:00:00,3250.539834,1708.185,67.00500000000001,1344.26
2023-09-07 17:00:00,3622.274334,1939.188,67.185,1405.5016660000001
2023-09-07 18:00:00,4035.508,2105.333,85.58300000000001,1570.753333
2023-09-07 19:00:00,4146.884,2133.4230000000002,87.299,1629.9173329999999
2023-09-07 20:00:00,4095.542,2070.724,82.80000000000001,1663.2869999999998
2023-09-07 21:00:00,4018.6409999999996,2086.2169999999996,87.08200000000001,1680.7200000000003
2023-09-07 22:00:00,3751.268333,1970.804,85.547,1519.0549999999998
2023-09-07 23:00:00,3194.107167,1734.645,77.34400000000001,1367.9609999999998
2023-09-08 00:00:00,2804.946335,1521.116,62.528000000000006,1168.491
2023-09-08 01:00:00,2407.8266670000003,1352.5915,52.189,1038.819
2023-09-08 02:00:00,2137.762333,1181.4569999999999,42.14,945.0179999999999
2023-09-08 03:00:00,1961.9739989999998,1066.372,39.87500000000001,887.789
2023-09-08 04:00:00,1863.5669990000001,1037.39,34.021,840.306
2023-09-08 05:00:00,1911.2623330000001,1030.698,36.528000000000006,822.241
2023-09-08 06:00:00,2025.5610000000001,1076.013,37.028,871.2429999999999
2023-09-08 07:00:00,2387.052999,1253.0839999999998,50.714000000000006,1006.898666
2023-09-08 08:00:00,2579.9763329999996,1386.9679999999998,53.684,1122.079001
2023-09-08 09:00:00,2607.956333,1365.3780000000002,49.040000000000006,1097.712
2023-09-08 10:00:00,2744.650667,1403.185,45.631,1126.086
2023-09-08 11:00:00,2750.480001,1422.686,42.044000000000004,1154.989
2023-09-08 12:00:00,2788.561666,1454.104,41.376999999999995,1171.554
2023-09-08 13:00:00,2875.373334,1529.775,54.215,1219.691
2023-09-08 14:00:00,3054.516,1561.221,56.14000000000001,1273.615
2023-09-08 15:00:00,3222.796,1687.98,58.17900000000001,1352.794666
2023-09-08 16:00:00,3539.616,1777.826,66.05300000000001,1447.594001
2023-09-08 17:00:00,4060.29,1938.731,74.942,1604.464
2023-09-08 18:00:00,4456.099333,2046.633,84.82099999999998,1757.7089999999998
2023-09-08 19:00:00,4479.836,2097.5510000000004,79.14800000000001,1771.7199999999998
2023-09-08 20:00:00,4208.052332,2076.705,74.886,1741.7759999999998
2023-09-08 21:00:00,3997.443332,2030.304,82.11599999999999,1689.439667
2023-09-08 22:00:00,3774.060332,1917.19,81.901,1521.109334
2023-09-08 23:00:00,3394.342667,1745.1,70.12499999999999,1408.9106660000002
2023-09-09 00:00:00,3003.5241669999996,1550.226,57.74900000000001,1218.3523340000002
2023-09-09 01:00:00,2571.6583339999997,1378.6480000000001,50.916,1092.244667
2023-09-09 02:00:00,2270.909334,1187.3129999999999,41.825,1012.0636669999999
2023-09-09 03:00:00,2126.770334,1112.88,40.85199999999999,912.8976670000001
2023-09-09 04:00:00,1950.043333,1040.049333,34.397,863.427001
2023-09-09 05:00:00,1901.898332,1058.9196670000001,33.769000000000005,838.568667
2023-09-09 06:00:00,1952.886,1058.943667,32.19,837.772334
2023-09-09 07:00:00,2109.094,1121.104,36.531,897.863666
2023-09-09 08:00:00,2428.0786669999998,1281.386667,45.113,977.529333
2023-09-09 09:00:00,2798.1576670000004,1487.818,59.32900000000001,1157.5769990000001
2023-09-09 10:00:00,3003.400167,1620.059,61.676,1266.968167
2023-09-09 11:00:00,3183.112167,1651.568333,78.99300000000002,1412.6929989999999
2023-09-09 12:00:00,3453.3163329999998,1823.384,79.60299999999998,1491.6446660000001
2023-09-09 13:00:00,3633.190334,1885.9376659999998,86.98299999999999,1523.8113349999999
2023-09-09 14:00:00,3840.458333,2066.1603330000003,79.001,1662.248999
2023-09-09 15:00:00,4224.581333,2189.16,101.96900000000002,1749.451667
2023-09-09 16:00:00,4663.284667,2356.3450000000003,113.836,1859.196667
2023-09-09 17:00:00,5157.729334,2538.895334,108.807,2034.024001
2023-09-09 18:00:00,5625.118333,2665.8073329999997,113.371,2156.250167
2023-09-09 19:00:00,5593.606667,2617.018668,125.316,2181.159
2023-09-09 20:00:00,5365.6123339999995,2535.732333,121.708,2124.996
2023-09-09 21:00:00,5098.209166,2478.971333,115.003,2037.19
2023-09-09 22:00:00,4586.3575,2268.2603329999997,105.169,1925.3996670000001
2023-09-09 23:00:00,4030.7380000000003,2067.12,84.85000000000001,1677.674
2023-09-10 00:00:00,3565.9645,1810.2620000000002,67.688,1478.3753330000002
2023-09-10 01:00:00,3082.384667,1570.875,58.386,1301.374001
2023-09-10 02:00:00,2712.872332,1410.757,48.811,1139.5176660000002
2023-09-10 03:00:00,2440.3673339999996,1256.131,41.861,1045.073333
2023-09-10 04:00:00,2205.731333,1176.379,37.826,955.4480000000001
2023-09-10 05:00:00,2097.7563330000003,1140.5790000000002,42.032000000000004,913.83
2023-09-10 06:00:00,2083.0580010000003,1127.5910000000001,37.165,898.528333
2023-09-10 07:00:00,2195.799,1152.4569999999999,37.300999999999995,915.2153330000001
2023-09-10 08:00:00,2469.243333,1279.662667,41.717999999999996,1021.168668
2023-09-10 09:00:00,2930.264667,1508.711667,47.531000000000006,1170.981334
2023-09-10 10:00:00,3235.252667,1695.740667,76.01299999999999,1342.6
2023-09-10 11:00:00,3494.711,1842.2523330000001,68.28699999999999,1473.492
2023-09-10 12:00:00,3783.888335,1941.9623330000002,86.32300000000001,1540.671
2023-09-10 13:00:00,4050.2479999999996,2058.972,96.352,1669.8670000000002
2023-09-10 14:00:00,4276.640666,2207.3053330000002,88.94500000000001,1799.040333
2023-09-10 15:00:00,4590.768833,2377.468333,86.32400000000001,1881.355
2023-09-10 16:00:00,5097.535834,2525.4973330000003,108.11800000000001,2103.362
2023-09-10 17:00:00,5658.304833,2738.1549999999997,106.648,2246.2700000000004
2023-09-10 18:00:00,5841.180335,2823.684333,102.34599999999999,2325.786
2023-09-10 19:00:00,5677.628833000001,2787.933,95.803,2319.484334
2023-09-10 20:00:00,5506.803333,2744.296,103.486,2265.1263339999996
2023-09-10 21:00:00,5111.613334,2649.881333,116.156,2209.033
2023-09-10 22:00:00,4590.081667,2352.714,112.59800000000001,2005.2973339999999
2023-09-10 23:00:00,3914.8329999999996,2027.95,86.71199999999999,1723.3323329999998
2023-09-11 00:00:00,3216.348666,1738.8493330000001,68.65299999999998,1385.1103320000002
2023-09-11 01:00:00,2747.293332,1480.488,55.848,1206.143333
2023-09-11 02:00:00,2442.172668,1327.891667,48.929,1095.903334
2023-09-11 03:00:00,2236.3196669999998,1210.1190000000001,39.416000000000004,1015.582332
2023-09-11 04:00:00,2138.715333,1148.788,32.963,960.1966669999999
2023-09-11 05:00:00,2152.062,1152.4589999999998,42.11000000000001,934.377667
2023-09-11 06:00:00,2242.292,1185.9609999999998,45.498000000000005,952.495333
2023-09-11 07:00:00,2530.935,1313.225,46.648,1113.615667
2023-09-11 08:00:00,2717.865,1431.003,49.099000000000004,1201.397999
2023-09-11 09:00:00,2651.032,1439.408,43.79299999999999,1169.0879989999999
2023-09-11 10:00:00,2754.527,1450.1680000000001,49.888000000000005,1125.192
2023-09-11 11:00:00,2887.916,1524.81,52.984,1205.161
2023-09-11 12:00:00,3080.994667,1590.505667,50.109,1279.8310000000001
2023-09-11 13:00:00,3180.776,1654.9479999999999,50.15,1341.424
2023-09-11 14:00:00,3253.0959999999995,1690.751333,62.78999999999999,1399.0213330000001
2023-09-11 15:00:00,3386.993,1749.632333,63.919,1442.668666
2023-09-11 16:00:00,3617.665667,1851.710333,62.76100000000001,1544.3643339999999
2023-09-11 17:00:00,4061.205833,2019.022,76.87899999999998,1725.859334
2023-09-11 18:00:00,4534.465667,2256.457,92.22699999999999,1866.876333
2023-09-11 19:00:00,4681.4085,2306.504667,99.91199999999999,1903.926666
2023-09-11 20:00:00,4605.373333,2288.777667,96.84400000000001,1982.188
2023-09-11 21:00:00,4477.197,2311.483333,96.21800000000002,1924.9326660000002
2023-09-11 22:00:00,4089.119,2160.235,88.48699999999998,1716.3803349999998
2023-09-11 23:00:00,3436.359,1878.326333,76.173,1413.489666
2023-09-12 00:00:00,2915.9395,1594.3573330000002,57.022,1277.046668
2023-09-12 01:00:00,2542.5563329999995,1369.648667,49.27799999999999,1135.375334
2023-09-12 02:00:00,2237.530665,1232.722667,47.54,1016.6223339999999
2023-09-12 03:00:00,2106.973666,1115.4340000000002,35.989999999999995,942.047
2023-09-12 04:00:00,1991.240334,1061.032666,35.68099999999999,893.312666
2023-09-12 05:00:00,2042.067667,1092.536333,38.254999999999995,877.9183330000001
2023-09-12 06:00:00,2192.576,1123.525333,35.64,933.688001
2023-09-12 07:00:00,2558.851666,1309.589001,45.77,1080.6550000000002
2023-09-12 08:00:00,2690.070667,1394.113667,47.105000000000004,1127.5346670000001
2023-09-12 09:00:00,2705.3313329999996,1404.23,43.644,1075.100332
2023-09-12 10:00:00,2710.590001,1399.4229999999998,45.058,1091.728333
2023-09-12 11:00:00,2781.945667,1436.353334,48.108,1116.987333
2023-09-12 12:00:00,2887.032,1500.872,51.783,1227.4190009999998
2023-09-12 13:00:00,3051.417,1628.264667,52.704,1338.249667
2023-09-12 14:00:00,3272.685,1758.110667,62.84700000000001,1378.628999
2023-09-12 15:00:00,3570.013333,1856.014333,65.867,1508.927666
2023-09-12 16:00:00,3982.268667,1975.0703330000001,74.83800000000001,1634.520333
2023-09-12 17:00:00,4289.7516669999995,2190.4375,92.702,1826.565
2023-09-12 18:00:00,4737.614167,2307.2225,103.49900000000001,1981.901668
2023-09-12 19:00:00,4741.9220000000005,2435.777,92.23199999999999,1960.830999
2023-09-12 20:00:00,4579.697333,2376.669,99.698,1958.9316660000002
2023-09-12 21:00:00,4363.387,2285.9485,106.44,1937.2943329999998
2023-09-12 22:00:00,3988.933,2034.658333,87.228,1732.840332
2023-09-12 23:00:00,3469.225,1855.9286670000001,75.959,1495.5163340000001
2023-09-13 00:00:00,2893.929,1606.316,70.04100000000003,1333.311002
2023-09-13 01:00:00,2514.549833,1409.4370000000001,50.693,1157.278667
2023-09-13 02:00:00,2271.5963330000004,1263.330667,43.157999999999994,1055.744667
2023-09-13 03:00:00,2161.255333,1178.671,40.907999999999994,980.033
2023-09-13 04:00:00,2097.714,1126.1856670000002,37.037000000000006,944.023333
2023-09-13 05:00:00,2151.6856669999997,1138.013,39.785000000000004,940.413
2023-09-13 06:00:00,2291.474333,1209.128333,40.27,996.532334
2023-09-13 07:00:00,2573.697667,1333.563,50.76899999999999,1109.794
2023-09-13 08:00:00,2763.436666,1441.426,47.11299999999999,1145.4206669999999
2023-09-13 09:00:00,2784.763,1437.188667,46.25600000000001,1128.319335
2023-09-13 10:00:00,2764.411334,1380.0213330000001,47.39600000000001,1131.886998
2023-09-13 11:00:00,2811.071667,1418.0993330000001,51.809,1136.865665
2023-09-13 12:00:00,2851.631666,1472.416333,49.681999999999995,1191.379001
2023-09-13 13:00:00,3042.024001,1544.9920000000002,53.60699999999999,1241.226999
2023-09-13 14:00:00,3293.873001,1652.4,59.206,1334.69
2023-09-13 15:00:00,3490.454333,1792.899,59.001,1421.021
2023-09-13 16:00:00,3972.79,1951.355,75.00800000000001,1577.938
2023-09-13 17:00:00,4567.700333,2222.306,80.547,1832.034667
2023-09-13 18:00:00,5033.450334000001,2355.163,85.55000000000001,1941.023667
2023-09-13 19:00:00,5078.373498999999,2442.126,100.556,1976.3186660000001
2023-09-13 20:00:00,4855.959667,2382.02,94.86699999999999,2057.633
2023-09-13 21:00:00,4663.608333,2347.085,95.44000000000001,1957.994666
2023-09-13 22:00:00,4267.175166000001,2174.945,88.125,1756.836335
2023-09-13 23:00:00,3664.214,1942.853,72.115,1529.205665
2023-09-14 00:00:00,3130.343667,1611.7616659999999,61.992000000000004,1301.695167
2023-09-14 01:00:00,2665.3869990000003,1393.138999,48.673,1130.083332
2023-09-14 02:00:00,2350.2166660000003,1265.254333,41.322,1020.395
2023-09-14 03:00:00,2165.965999,1178.387668,34.571000000000005,957.0003330000001
2023-09-14 04:00:00,2047.834502,1098.585,34.028000000000006,912.901334
2023-09-14 05:00:00,2051.9055,1106.795001,30.63,883.218
2023-09-14 06:00:00,2195.965,1154.251,34.56399999999999,938.668334
2023-09-14 07:00:00,2528.7640009999996,1324.2489990000001,44.22500000000001,1043.695667
2023-09-14 08:00:00,2783.5640009999997,1428.8436660000002,52.233999999999995,1106.7069999999999
2023-09-14 09:00:00,2814.582332,1425.9753340000002,43.73100000000001,1073.529
2023-09-14 10:00:00,2771.820001,1417.285,45.952,1104.487334
2023-09-14 11:00:00,2840.5421659999997,1494.1923339999998,51.18,1110.287
2023-09-14 12:00:00,3009.419834,1539.749667,60.494,1207.534
2023-09-14 13:00:00,3217.109333,1652.5536670000001,64.12100000000001,1309.156
2023-09-14 14:00:00,3533.315667,1815.8999989999998,61.328,1433.9279999999999
2023-09-14 15:00:00,4016.333667,2055.932332,70.578,1599.4470000000001
2023-09-14 16:00:00,4592.520333,2340.026167,82.78800000000001,1806.744
2023-09-14 17:00:00,5305.798667,2614.633,98.78600000000002,2083.488667
2023-09-14 18:00:00,5885.017667,2871.7061670000003,122.55,2282.1063329999997
2023-09-14 19:00:00,6080.1356670000005,2911.325333,122.12299999999998,2294.768333
2023-09-14 20:00:00,5885.761667,2811.633667,110.37400000000001,2272.0643330000003
2023-09-14 21:00:00,5590.254999999999,2634.770833,111.428,2178.919
2023-09-14 22:00:00,5022.246333000001,2401.2163330000003,101.046,1963.840334
2023-09-14 23:00:00,4248.311333,2174.0654999999997,93.632,1672.645332
2023-09-15 00:00:00,3565.060167,1818.9786669999999,85.82499999999999,1430.3553339999999
2023-09-15 01:00:00,3082.0646670000006,1568.5095000000001,61.344,1232.731001
2023-09-15 02:00:00,2692.897333,1412.8300000000002,52.351,1091.0520000000001
2023-09-15 03:00:00,2403.7493320000003,1258.521,44.7,997.888
2023-09-15 04:00:00,2249.262334,1185.144,37.166,950.0076669999999
2023-09-15 05:00:00,2215.447333,1172.283,45.78,915.3703330000001
2023-09-15 06:00:00,2275.340333,1190.842,37.044999999999995,960.4780000000001
2023-09-15 07:00:00,2638.346,1324.3339999999998,46.870000000000005,1067.7240000000002
2023-09-15 08:00:00,2834.389,1401.783,51.954,1163.4319999999998
2023-09-15 09:00:00,2875.413,1465.722,46.336999999999996,1129.082
2023-09-15 10:00:00,2969.1860009999996,1538.088,52.934999999999995,1221.8239999999998
2023-09-15 11:00:00,3241.508333,1663.980333,58.54199999999999,1279.811333
2023-09-15 12:00:00,3567.9996659999997,1832.179333,62.120999999999995,1408.504
2023-09-15 13:00:00,4053.425,2034.5949999999998,73.67899999999999,1579.8600000000001
2023-09-15 14:00:00,4552.992333,2231.752,84.80300000000001,1738.913
2023-09-15 15:00:00,5185.905999999999,2448.2259999999997,89.904,1886.549
2023-09-15 16:00:00,5800.405,2657.0868330000003,100.837,2066.138
2023-09-15 17:00:00,6384.993333,2896.9300000000003,113.58900000000001,2334.775333
2023-09-15 18:00:00,6788.151333,3051.2035,112.146,2502.156333
2023-09-15 19:00:00,6620.548666000001,3027.338667,117.14299999999999,2469.4386670000004
2023-09-15 20:00:00,6126.6416659999995,2871.670333,118.465,2357.017
2023-09-15 21:00:00,5752.349333,2683.3579999999997,105.26400000000001,2203.297333
2023-09-15 22:00:00,5082.411,2463.647,98.08800000000001,1959.082
2023-09-15 23:00:00,4530.173667,2171.1853330000004,85.73899999999999,1705.165999
2023-09-16 00:00:00,3850.293,1898.5156670000001,78.229,1491.297333
2023-09-16 01:00:00,3293.791333,1675.642667,60.627,1319.6126669999999
2023-09-16 02:00:00,2907.2149999999997,1509.063667,55.922000000000004,1175.9470000000001
2023-09-16 03:00:00,2633.482333,1351.0880000000002,46.84400000000001,1084.387667
2023-09-16 04:00:00,2381.734,1255.7849999999999,39.251999999999995,1009.6016669999999
2023-09-16 05:00:00,2265.092667,1210.503,36.426,972.510667
2023-09-16 06:00:00,2218.7490000000003,1184.417666,36.824000000000005,963.864
2023-09-16 07:00:00,2376.674,1231.877334,39.233,968.5
2023-09-16 08:00:00,2655.194,1354.095,49.568999999999996,1092.062
2023-09-16 09:00:00,3024.3949999999995,1600.651667,55.131,1232.3339999999998
2023-09-16 10:00:00,3300.5136669999997,1668.463667,63.635,1340.762
2023-09-16 11:00:00,3505.569,1878.4976669999999,68.18,1476.321667
2023-09-16 12:00:00,3796.504,1952.6280000000002,73.938,1582.083666
2023-09-16 13:00:00,4119.268,2124.959,79.79099999999998,1709.9923330000001
2023-09-16 14:00:00,4430.590667,2311.447,95.12099999999998,1874.2196649999998
2023-09-16 15:00:00,4908.118665999999,2370.486,102.30199999999998,1922.615334
2023-09-16 16:00:00,5349.193333,2529.691,113.664,2044.8356669999998
2023-09-16 17:00:00,5766.558999999999,2669.2030000000004,110.52100000000002,2229.009
2023-09-16 18:00:00,5963.033333,2761.2619999999997,129.85,2254.590334
2023-09-16 19:00:00,5844.904333,2667.946,126.467,2220.0469999999996
2023-09-16 20:00:00,5363.518,2550.767,108.924,2157.8469999999998
2023-09-16 21:00:00,4846.240334,2357.5163330000005,93.30100000000002,1996.3359999999998
2023-09-16 22:00:00,4322.672333,2167.356667,83.07000000000001,1781.0673330000002
2023-09-16 23:00:00,3738.5063330000003,1905.110667,72.929,1598.255666
2023-09-17 00:00:00,3197.058333,1695.992667,61.392,1411.298667
2023-09-17 01:00:00,2778.013,1482.8916669999999,56.42400000000001,1239.453333
2023-09-17 02:00:00,2427.8536670000003,1306.701333,42.84299999999999,1105.8616670000001
2023-09-17 03:00:00,2243.854667,1188.882,38.645,991.9210009999999
2023-09-17 04:00:00,2105.839333,1140.6193329999999,35.932,933.8373330000001
2023-09-17 05:00:00,2034.7786669999998,1070.618,34.986000000000004,878.060667
2023-09-17 06:00:00,2051.0743329999996,1057.0836669999999,31.394000000000002,879.853332
2023-09-17 07:00:00,2171.129333,1090.6779999999999,34.597,930.6966669999999
2023-09-17 08:00:00,2483.626,1229.756667,38.597,1017.597
2023-09-17 09:00:00,2800.3509999999997,1424.229667,41.974,1142.742
2023-09-17 10:00:00,3140.0011670000004,1631.848667,52.709999999999994,1310.655333
2023-09-17 11:00:00,3285.476333,1753.274333,57.830999999999996,1406.3760009999999
2023-09-17 12:00:00,3452.921,1804.196333,63.43200000000001,1431.723333
2023-09-17 13:00:00,3548.1723329999995,1899.2669999999998,66.67200000000001,1528.908667
2023-09-17 14:00:00,3696.945667,1968.529333,71.927,1544.386333
2023-09-17 15:00:00,3825.1586669999997,2056.256333,83.176,1597.0046670000002
2023-09-17 16:00:00,3969.757001,2112.0413329999997,84.944,1686.557667
2023-09-17 17:00:00,4131.347667,2186.604,92.177,1736.509
2023-09-17 18:00:00,4245.596833,2194.402333,97.582,1798.676
2023-09-17 19:00:00,4292.856,2181.865,101.808,1760.5293339999998
2023-09-17 20:00:00,4304.682167,2185.101,99.03800000000001,1753.2069999999999
2023-09-17 21:00:00,4129.893,2124.393333,85.73,1695.8220000000001
2023-09-17 22:00:00,3780.491,1931.221,79.642,1636.902
2023-09-17 23:00:00,3356.795,1702.449,70.403,1409.9630000000002
2023-09-18 00:00:00,2852.958668,1494.7923330000003,51.053999999999995,1244.688
2023-09-18 01:00:00,2430.294,1314.949666,44.102999999999994,1078.441
2023-09-18 02:00:00,2191.6894999999995,1189.3539999999998,41.21699999999999,947.115
2023-09-18 03:00:00,2061.5095,1111.3220000000001,36.492999999999995,898.23
2023-09-18 04:00:00,1974.9165000000003,1077.867667,32.38,872.405
2023-09-18 05:00:00,2001.2135,1090.113667,33.669,885.535
2023-09-18 06:00:00,2180.1135,1111.966333,39.864999999999995,930.867
2023-09-18 07:00:00,2454.556,1278.9679999999998,48.632999999999996,1043.707
2023-09-18 08:00:00,2677.0235000000002,1356.967667,48.535000000000004,1125.1580000000001
2023-09-18 09:00:00,2746.815,1421.2776660000002,41.311,1087.757
2023-09-18 10:00:00,2767.2965,1409.4446670000002,47.16499999999999,1121.981
2023-09-18 11:00:00,2758.750833,1431.3039999999999,54.424000000000014,1126.527
2023-09-18 12:00:00,2866.379167,1489.594333,51.202,1167.529
2023-09-18 13:00:00,2964.961,1567.673667,52.40200000000001,1247.148
2023-09-18 14:00:00,3012.8945000000003,1634.7133330000001,55.748000000000005,1212.828
2023-09-18 15:00:00,3107.17,1658.683667,66.87,1245.8
2023-09-18 16:00:00,3412.780833,1736.038333,60.96600000000001,1364.047
2023-09-18 17:00:00,3869.8498329999998,1872.149333,75.54,1565.631
2023-09-18 18:00:00,4198.864333,2090.845333,86.822,1715.1846669999998
2023-09-18 19:00:00,4091.751,2161.0793329999997,85.98799999999999,1734.1506669999999
2023-09-18 20:00:00,4084.7909999999997,2183.597,85.18,1729.5639999999999
2023-09-18 21:00:00,3921.9100000000003,2053.873667,84.327,1612.933
2023-09-18 22:00:00,3552.4669999999996,1863.1706669999999,74.638,1521.9339999999997
2023-09-18 23:00:00,3073.195333,1609.532667,64.206,1315.3183330000002
2023-09-19 00:00:00,2615.832333,1349.1616669999999,47.285,1180.442
2023-09-19 01:00:00,2266.686999,1213.3319999999999,41.995000000000005,1029.0610000000001
2023-09-19 02:00:00,2047.4889990000001,1132.780666,34.059999999999995,907.659334
2023-09-19 03:00:00,1918.8003330000001,1050.327667,31.992999999999995,871.825333
2023-09-19 04:00:00,1853.4669999999999,1029.243332,30.891999999999996,811.770667
2023-09-19 05:00:00,1882.673,1021.065667,29.749000000000002,809.307667
2023-09-19 06:00:00,2101.264,1118.518,37.404,873.432
2023-09-19 07:00:00,2455.393,1288.3690000000001,45.303999999999995,1040.559
2023-09-19 08:00:00,2611.094,1421.996,46.295,1109.3590000000002
2023-09-19 09:00:00,2593.899,1397.215,38.406000000000006,1066.368
2023-09-19 10:00:00,2639.6719999999996,1374.96,42.303000000000004,1037.6970000000001
2023-09-19 11:00:00,2751.324,1418.223333,56.026999999999994,1088.186
2023-09-19 12:00:00,2721.107,1453.605,50.486000000000004,1100.1800000000003
2023-09-19 13:00:00,2741.035,1440.5089990000001,43.82,1144.765
2023-09-19 14:00:00,2789.523,1457.829001,42.757000000000005,1151.583
2023-09-19 15:00:00,2813.123,1515.9660000000001,45.468999999999994,1208.392
2023-09-19 16:00:00,3003.842,1643.603334,55.939,1308.556
2023-09-19 17:00:00,3376.8360000000002,1776.905998,73.536,1436.124333
2023-09-19 18:00:00,3785.321667,1889.8486670000002,75.10100000000001,1580.7376669999999
2023-09-19 19:00:00,3906.6929999999998,1959.037667,92.084,1605.367
2023-09-19 20:00:00,3923.8120000000004,1977.365668,84.461,1643.958
2023-09-19 21:00:00,3824.2160000000003,1940.697333,85.70100000000001,1633.3980000000001
2023-09-19 22:00:00,3568.7250000000004,1801.668666,80.383,1474.060666
2023-09-19 23:00:00,3067.602,1574.155,67.949,1245.6180000000002
2023-09-20 00:00:00,2586.6049999999996,1366.518,52.988000000000014,1102.0669990000001
2023-09-20 01:00:00,2266.925,1223.112001,43.242999999999995,989.9749999999999
2023-09-20 02:00:00,2094.0330000000004,1104.672666,43.459,902.488
2023-09-20 03:00:00,1971.782833,1042.797333,37.601,856.6840000000001
2023-09-20 04:00:00,1900.632834,1027.5463340000001,29.468000000000004,825.580667
2023-09-20 05:00:00,1919.374833,1047.300666,32.556000000000004,829.716333
2023-09-20 06:00:00,2106.4258330000002,1124.624334,34.531,880.4749999999999
2023-09-20 07:00:00,2400.118,1289.600999,37.29199999999999,1055.106333
2023-09-20 08:00:00,2621.775,1378.111334,37.764,1100.776667
2023-09-20 09:00:00,2688.7084999999997,1383.838001,44.499,1074.696
2023-09-20 10:00:00,2749.896667,1373.533,50.84,1065.260333
2023-09-20 11:00:00,2769.391,1384.844334,70.11,1063.102
2023-09-20 12:00:00,2802.0733330000003,1386.271334,50.477000000000004,1086.909
2023-09-20 13:00:00,2825.9880000000003,1431.703667,45.387,1138.1019999999999
2023-09-20 14:00:00,2768.0333330000003,1499.665333,51.687000000000005,1143.848
2023-09-20 15:00:00,2811.3363339999996,1438.657667,55.364,1141.547
2023-09-20 16:00:00,2978.5219990000005,1486.2889989999999,51.242,1184.159333
2023-09-20 17:00:00,3277.5323329999997,1651.803666,53.586000000000006,1375.677667
2023-09-20 18:00:00,3628.465667,1875.642,82.26299999999999,1487.272334
2023-09-20 19:00:00,3736.719667,1937.0443340000002,71.084,1511.502
2023-09-20 20:00:00,3836.734667,1974.494,85.64500000000001,1624.1206670000001
2023-09-20 21:00:00,3660.9629999999997,1916.363667,86.335,1541.6889999999999
2023-09-20 22:00:00,3359.7610000000004,1781.665,88.122,1410.154667
2023-09-20 23:00:00,2928.7750000000005,1539.351334,65.767,1239.2836670000002
2023-09-21 00:00:00,2549.255,1313.937334,63.086,1097.255334
2023-09-21 01:00:00,2227.736667,1174.289666,49.190999999999995,983.6373329999999
2023-09-21 02:00:00,2045.048,1064.041999,43.794,923.9513340000001
2023-09-21 03:00:00,1911.574,1008.994334,40.123,885.629333
2023-09-21 04:00:00,1862.9679999999998,995.69,45.814,858.0870010000001
2023-09-21 05:00:00,1931.455,1033.759,50.29600000000001,832.337
2023-09-21 06:00:00,2138.4615,1115.841001,50.75500000000001,908.8686660000001
2023-09-21 07:00:00,2459.7195,1334.1356660000001,59.261,1090.455334
2023-09-21 08:00:00,2761.432,1480.8919999999998,64.80199999999999,1151.139334
2023-09-21 09:00:00,2761.897,1480.028334,46.208000000000006,1129.624667
2023-09-21 10:00:00,2718.073,1399.790334,50.391000000000005,1115.3903340000002
2023-09-21 11:00:00,2717.173834,1359.768,50.561,1065.706999
2023-09-21 12:00:00,2774.4575,1379.569,62.12799999999999,1091.557667
2023-09-21 13:00:00,2685.853,1408.4486670000001,63.104,1094.025
2023-09-21 14:00:00,2708.839,1440.971333,54.316,1106.101
2023-09-21 15:00:00,2773.814,1433.513667,49.949,1186.0049999999999
2023-09-21 16:00:00,2961.2973329999995,1534.1983329999998,54.248999999999995,1255.013
2023-09-21 17:00:00,3277.0753330000002,1712.953667,62.09100000000001,1347.379
2023-09-21 18:00:00,3686.1465,1833.729333,74.827,1455.241
2023-09-21 19:00:00,3858.208,1872.278667,73.794,1553.5013330000002
2023-09-21 20:00:00,3882.23,1976.089999,72.039,1639.061666
2023-09-21 21:00:00,3809.169,1866.264667,81.457,1590.364333
2023-09-21 22:00:00,3442.811333,1776.678667,75.802,1445.8340000000003
2023-09-21 23:00:00,3044.2439999999997,1578.574333,71.15200000000002,1252.3733320000001
2023-09-22 00:00:00,2576.5645,1405.604334,54.92699999999999,1088.254
2023-09-22 01:00:00,2292.6890000000003,1208.942333,37.666,974.148667
2023-09-22 02:00:00,2073.367,1071.987,33.823,882.128334
2023-09-22 03:00:00,1896.35,1029.175667,34.233,850.5070000000001
2023-09-22 04:00:00,1847.258,1021.0509999999999,30.171,802.098334
2023-09-22 05:00:00,1911.9913330000002,1038.846667,32.660999999999994,831.986667
2023-09-22 06:00:00,2079.603332,1161.280667,39.775000000000006,908.015666
2023-09-22 07:00:00,2402.6773350000003,1279.126,53.39300000000001,1036.705
2023-09-22 08:00:00,2709.411333,1397.625,48.541,1201.028333
2023-09-22 09:00:00,2753.5499999999997,1398.299333,51.032,1127.736667
2023-09-22 10:00:00,2766.394,1423.386334,55.23,1139.896666
2023-09-22 11:00:00,2774.9365,1411.144333,49.10900000000001,1141.3196669999998
2023-09-22 12:00:00,2822.5009999999997,1465.072334,57.912000000000006,1157.8980000000001
2023-09-22 13:00:00,2881.3725,1546.042,44.897,1219.38
2023-09-22 14:00:00,2957.769,1583.711334,45.86500000000001,1282.787333
2023-09-22 15:00:00,3040.6130000000003,1618.818667,49.30700000000001,1328.5140000000001
2023-09-22 16:00:00,3349.4740009999996,1720.279,59.873999999999995,1376.4920000000002
2023-09-22 17:00:00,3591.429333,1855.1399999999999,66.547,1517.1190000000001
2023-09-22 18:00:00,3872.5096670000003,1957.803,75.79399999999998,1558.063
2023-09-22 19:00:00,3864.4939999999997,1959.802666,75.36699999999999,1577.816
2023-09-22 20:00:00,3746.505,1922.469,71.226,1625.096
2023-09-22 21:00:00,3639.37,1863.428332,68.501,1561.75
2023-09-22 22:00:00,3389.218,1718.992999,77.73199999999999,1422.478
2023-09-22 23:00:00,3105.625,1602.039334,62.129000000000005,1281.2759999999998
2023-09-23 00:00:00,2789.919333,1410.813334,46.155,1162.328
2023-09-23 01:00:00,2494.2006659999997,1265.9496669999999,44.476,1032.716
2023-09-23 02:00:00,2207.907666,1155.2920000000001,37.75099999999999,929.048
2023-09-23 03:00:00,2032.8186659999997,1109.795333,35.162,878.8800000000001
2023-09-23 04:00:00,1953.2130000000002,1036.776001,35.829,851.355
2023-09-23 05:00:00,1880.5533329999998,1028.753666,35.05599999999999,825.7620000000001
2023-09-23 06:00:00,1930.951,1041.5606659999999,29.249,830.664
2023-09-23 07:00:00,2115.628167,1132.406001,33.272,870.929
2023-09-23 08:00:00,2439.678333,1303.151666,34.519000000000005,967.577
2023-09-23 09:00:00,2778.763,1467.65,40.18600000000001,1134.761
2023-09-23 10:00:00,3017.626166,1632.440667,53.690000000000005,1211.804
2023-09-23 11:00:00,3149.8573319999996,1676.829668,67.83800000000001,1283.9769999999999
2023-09-23 12:00:00,3183.768,1683.225667,69.815,1369.7710000000002
2023-09-23 13:00:00,3148.7743339999997,1731.836334,60.162,1351.005
2023-09-23 14:00:00,3240.997333,1729.045666,60.014,1351.1149999999998
2023-09-23 15:00:00,3240.3099999999995,1709.965,67.489,1316.513
2023-09-23 16:00:00,3311.624667,1672.842667,59.163000000000004,1329.68
2023-09-23 17:00:00,3360.558333,1715.846333,72.94800000000001,1384.295
2023-09-23 18:00:00,3508.9443330000004,1840.4730009999998,77.33899999999998,1441.6460000000002
2023-09-23 19:00:00,3640.473,1836.3516670000001,74.47800000000002,1476.105
2023-09-23 20:00:00,3604.043,1783.407667,72.65,1485.955
2023-09-23 21:00:00,3407.236,1723.333333,72.70599999999999,1439.003
2023-09-23 22:00:00,3207.246,1681.036334,68.38300000000001,1270.4569999999999
2023-09-23 23:00:00,2953.0,1484.476668,64.392,1199.8380000000002
2023-09-24 00:00:00,2607.9049999999997,1375.097333,59.482,1092.865
2023-09-24 01:00:00,2304.689999,1202.244666,50.362,974.201667
2023-09-24 02:00:00,2099.73,1094.2099990000002,36.876000000000005,902.167333
2023-09-24 03:00:00,1991.3629999999998,1033.899333,34.873000000000005,846.643
2023-09-24 04:00:00,1870.112667,1014.9760000000001,30.807000000000002,828.595333
2023-09-24 05:00:00,1861.625666,1008.7239999999999,34.37399999999999,797.565666
2023-09-24 06:00:00,1948.088,1017.7713349999999,36.65,812.299
2023-09-24 07:00:00,2079.538,1097.102333,34.992999999999995,876.094
2023-09-24 08:00:00,2426.062,1289.3899999999999,51.18700000000001,995.3109999999999
2023-09-24 09:00:00,2907.365,1505.990333,45.325,1188.6239999999998
2023-09-24 10:00:00,3209.313,1643.569,52.282000000000004,1316.6899999999998
2023-09-24 11:00:00,3318.9300000000003,1744.1246660000002,62.29600000000001,1370.4586669999999
2023-09-24 12:00:00,3462.633667,1841.924667,70.871,1418.422333
2023-09-24 13:00:00,3497.026,1861.607666,69.24800000000002,1427.547667
2023-09-24 14:00:00,3505.785333,1869.605333,69.00599999999999,1500.643333
2023-09-24 15:00:00,3495.409333,1888.730333,80.64300000000001,1454.829667
2023-09-24 16:00:00,3460.512667,1917.098,72.51700000000001,1458.971
2023-09-24 17:00:00,3730.1553329999997,2019.6,69.89599999999999,1577.2586659999997
2023-09-24 18:00:00,3927.1473340000002,2088.4096680000002,77.225,1666.952333
2023-09-24 19:00:00,3962.446333,2141.548332,87.908,1658.325
2023-09-24 20:00:00,3932.5245,2094.353666,93.80599999999998,1724.8306659999998
2023-09-24 21:00:00,3861.3895,2047.145,79.17200000000001,1671.086667
2023-09-24 22:00:00,3568.5695,1852.471,74.82299999999998,1525.132
2023-09-24 23:00:00,3065.281,1653.026,58.739999999999995,1379.617667
2023-09-25 00:00:00,2583.835167,1425.872333,52.603,1150.557667
2023-09-25 01:00:00,2270.036001,1225.395666,37.722,1051.455334
2023-09-25 02:00:00,2025.44,1120.016,33.079,928.8583329999999
2023-09-25 03:00:00,1924.865334,1036.622,31.105000000000004,853.281334
2023-09-25 04:00:00,1863.795,1005.570334,29.403,818.751
2023-09-25 05:00:00,1923.1555,1051.75,37.381,838.450333
2023-09-25 06:00:00,2144.028333,1135.283001,45.979000000000006,919.6270000000001
2023-09-25 07:00:00,2531.697,1299.944667,40.211999999999996,1061.929
2023-09-25 08:00:00,2737.650666,1457.6166660000001,54.937000000000005,1142.6616669999999
2023-09-25 09:00:00,2756.4483339999997,1445.691665,50.663000000000004,1144.529667
2023-09-25 10:00:00,2797.74,1440.564,59.45400000000001,1128.056333
2023-09-25 11:00:00,2892.444,1523.346666,56.66799999999999,1141.757333
2023-09-25 12:00:00,2933.3030000000003,1600.32,81.37799999999999,1170.1256669999998
2023-09-25 13:00:00,3039.202,1611.795666,55.80700000000001,1233.833333
2023-09-25 14:00:00,2986.694,1618.322,48.868999999999986,1240.716334
2023-09-25 15:00:00,2988.4880000000003,1567.2929990000002,52.842,1238.8490000000002
2023-09-25 16:00:00,3149.520333,1592.409667,52.946,1276.9413319999999
2023-09-25 17:00:00,3435.018,1783.325666,57.50199999999999,1452.1546670000002
2023-09-25 18:00:00,3693.4139999999998,1872.251334,75.12899999999999,1564.0030000000002
2023-09-25 19:00:00,3825.641,2050.352667,79.49,1634.872666
2023-09-25 20:00:00,3975.642,2128.646001,79.81899999999999,1726.505333
2023-09-25 21:00:00,3827.0429999999997,2028.825666,77.147,1647.789334
2023-09-25 22:00:00,3490.907,1896.117,57.145,1424.938
2023-09-25 23:00:00,3050.282,1654.876333,64.079,1320.913
2023-09-26 00:00:00,2542.151,1456.506667,61.720000000000006,1170.937
2023-09-26 01:00:00,2256.5389990000003,1270.674,46.99,1006.8906670000001
2023-09-26 02:00:00,2050.168668,1138.3756660000001,45.631,911.0653339999999
2023-09-26 03:00:00,1931.969,1067.889667,37.958000000000006,869.649334
2023-09-26 04:00:00,1896.079667,1056.561999,34.114000000000004,852.269
2023-09-26 05:00:00,1952.119,1076.5783340000003,37.596000000000004,850.323
2023-09-26 06:00:00,2210.190667,1160.780333,47.217999999999996,933.745334
2023-09-26 07:00:00,2558.193,1318.933834,48.156,1103.28
2023-09-26 08:00:00,2852.448667,1444.654,57.403999999999996,1179.239
2023-09-26 09:00:00,2791.464667,1453.38,46.30800000000001,1157.592
2023-09-26 10:00:00,2800.024167,1492.3633330000002,55.002,1140.4969999999998
2023-09-26 11:00:00,2809.1146660000004,1481.940333,54.761,1139.1640000000002
2023-09-26 12:00:00,2857.355333,1491.733,59.56800000000002,1186.108
2023-09-26 13:00:00,2878.586333,1521.1076659999999,65.567,1196.842
2023-09-26 14:00:00,2768.214333,1515.351334,49.00599999999999,1205.018
2023-09-26 15:00:00,2758.585,1473.694666,50.702,1236.276
2023-09-26 16:00:00,2847.121667,1588.907667,56.137,1241.804
2023-09-26 17:00:00,3157.7619999999997,1696.186332,65.27999999999999,1394.109
2023-09-26 18:00:00,3426.054,1771.998667,74.44699999999999,1565.951
2023-09-26 19:00:00,3654.015,1958.8539999999998,72.41,1588.04
2023-09-26 20:00:00,3798.586,2036.762334,71.8,1604.796333
2023-09-26 21:00:00,3710.2309999999998,1960.160667,81.55700000000002,1619.5276669999998
2023-09-26 22:00:00,3410.1230000000005,1786.544666,72.473,1470.586
2023-09-26 23:00:00,2985.6400000000003,1626.029,61.295,1289.654333
2023-09-27 00:00:00,2599.608,1413.7259999999999,58.010999999999996,1097.4530009999999
2023-09-27 01:00:00,2271.339,1228.110001,40.464999999999996,994.407333
2023-09-27 02:00:00,2057.153333,1123.899666,36.147,915.8676670000001
2023-09-27 03:00:00,1993.0615000000003,1074.672333,37.54400000000001,840.0526669999999
2023-09-27 04:00:00,1926.6735000000003,1084.684334,31.317000000000004,843.9126669999999
2023-09-27 05:00:00,2005.0865,1104.643666,36.667,843.268335
2023-09-27 06:00:00,2213.539167,1160.6043339999999,44.946999999999996,918.884
2023-09-27 07:00:00,2554.839,1375.948666,40.627,1061.458999
2023-09-27 08:00:00,2816.6026669999997,1482.1003339999997,47.83,1167.906
2023-09-27 09:00:00,2837.832167,1482.060001,51.531000000000006,1123.333
2023-09-27 10:00:00,2873.6413329999996,1489.4813330000002,46.94500000000001,1122.799
2023-09-27 11:00:00,2845.0063330000003,1488.287334,67.616,1132.223
2023-09-27 12:00:00,2845.785,1487.045666,57.89699999999999,1185.786
2023-09-27 13:00:00,2855.022,1488.539499,58.68199999999999,1230.967
2023-09-27 14:00:00,2783.384333,1500.638337,66.36000000000001,1232.378
2023-09-27 15:00:00,2830.988,1459.4973340000001,62.593999999999994,1141.695667
2023-09-27 16:00:00,2934.349333,1518.458999,64.55499999999999,1234.5229989999998
2023-09-27 17:00:00,3248.967,1669.8763330000002,63.157,1359.3773350000001
2023-09-27 18:00:00,3463.231668,1824.626663,62.656000000000006,1512.1866610000002
2023-09-27 19:00:00,3691.971001,1945.5166640000002,68.068,1613.817329
2023-09-27 20:00:00,3879.071999,2092.4549939999997,83.597,1682.6073300000003
2023-09-27 21:00:00,3681.8696680000003,2028.0023320000003,87.515,1605.442669
2023-09-27 22:00:00,3458.4443330000004,1852.0910009999998,62.076,1470.719999
2023-09-27 23:00:00,3063.5153330000003,1636.8426680000002,59.833999999999996,1326.805668
2023-09-28 00:00:00,2579.9863330000003,1423.437001,56.322,1166.514001
2023-09-28 01:00:00,2297.347999,1228.508333,48.43299999999999,1025.309332
2023-09-28 02:00:00,2076.336667,1138.504,40.690000000000005,932.442
2023-09-28 03:00:00,1990.3020000000001,1079.452333,35.6,879.784333
2023-09-28 04:00:00,1944.218,1062.527332,38.510999999999996,850.1046670000001
2023-09-28 05:00:00,2034.107333,1095.783,35.414,860.403
2023-09-28 06:00:00,2274.795333,1181.760001,37.398,903.305333
2023-09-28 07:00:00,2695.115,1380.314666,48.021,1079.121
2023-09-28 08:00:00,2924.413,1480.6680000000001,55.861000000000004,1188.856
2023-09-28 09:00:00,2905.927,1564.3423340000002,57.525000000000006,1155.793667
2023-09-28 10:00:00,2931.349,1516.251334,52.150000000000006,1121.2073329999998
2023-09-28 11:00:00,2924.904501,1515.0993330000001,71.437,1102.373999
2023-09-28 12:00:00,2853.932667,1463.116,65.153,1156.637667
2023-09-28 13:00:00,2713.074667,1470.638,58.807,1152.009333
2023-09-28 14:00:00,2755.045,1464.919333,59.373,1115.206333
2023-09-28 15:00:00,2727.564667,1470.8923340000001,53.807,1160.2399990000001
2023-09-28 16:00:00,2864.778666,1501.750666,60.386,1226.9469989999998
2023-09-28 17:00:00,3171.098667,1698.568334,60.754000000000005,1354.235334
2023-09-28 18:00:00,3469.267,1830.593666,72.30199999999998,1461.8363319999999
2023-09-28 19:00:00,3643.21,1953.724667,75.836,1568.144667
2023-09-28 20:00:00,3762.665,1961.7999989999998,70.75400000000002,1607.6909999999998
2023-09-28 21:00:00,3666.5510000000004,1882.053667,60.154999999999994,1576.687667
2023-09-28 22:00:00,3490.896,1804.4866670000001,76.813,1424.1636660000001
2023-09-28 23:00:00,3082.915,1618.707333,64.123,1290.970335
2023-09-29 00:00:00,2605.2780000000002,1430.098334,43.483000000000004,1140.7436659999998
2023-09-29 01:00:00,2278.097,1253.6553330000002,40.895,1028.050999
2023-09-29 02:00:00,2086.759,1148.586,42.489,950.3783330000001
2023-09-29 03:00:00,1967.1970000000001,1077.925667,34.717000000000006,895.9116660000001
2023-09-29 04:00:00,1885.92,1061.063,32.069,856.9823349999999
2023-09-29 05:00:00,1984.0425,1094.018667,36.49,850.308999
2023-09-29 06:00:00,2212.791,1186.613,36.842000000000006,930.6803320000001
2023-09-29 07:00:00,2561.9089999999997,1381.9163330000001,51.964,1099.5243349999998
2023-09-29 08:00:00,2850.2664999999997,1471.8979989999998,53.759,1215.037667
2023-09-29 09:00:00,2890.355333,1513.721,54.501000000000005,1165.172333
2023-09-29 10:00:00,2899.099666,1482.731001,62.538,1135.138666
2023-09-29 11:00:00,2902.9475,1507.700333,64.683,1212.924001
2023-09-29 12:00:00,2945.470667,1545.195334,60.577,1203.663333
2023-09-29 13:00:00,2998.6865,1587.6113329999998,57.465999999999994,1261.8380000000002
2023-09-29 14:00:00,2908.717333,1536.701667,63.32899999999999,1227.7153329999999
2023-09-29 15:00:00,2918.414667,1574.053667,56.266000000000005,1259.497
2023-09-29 16:00:00,2996.617334,1557.369333,62.205999999999996,1264.0580009999999
2023-09-29 17:00:00,3313.26,1700.6240000000003,71.96499999999999,1412.521666
2023-09-29 18:00:00,3532.548334,1818.239,60.188,1488.231
2023-09-29 19:00:00,3599.697,1856.696666,76.418,1519.622334
2023-09-29 20:00:00,3674.265,1877.685,68.45500000000001,1567.703
2023-09-29 21:00:00,3477.0950000000003,1889.571332,80.227,1490.904666
2023-09-29 22:00:00,3313.3329999999996,1713.804999,79.534,1400.4663329999998
2023-09-29 23:00:00,3038.438,1617.5463340000001,69.969,1246.3300000000002
2023-09-30 00:00:00,2636.5223340000002,1468.160334,67.278,1143.7686669999998
2023-09-30 01:00:00,2385.548334,1349.942667,58.059999999999995,1047.958999
2023-09-30 02:00:00,2189.5756659999997,1206.424667,45.38600000000001,972.5180000000001
2023-09-30 03:00:00,2077.4080000000004,1126.887333,41.501,910.3133330000001
2023-09-30 04:00:00,2006.488,1081.413334,34.159,889.358999
2023-09-30 05:00:00,2022.070666,1123.333666,39.09599999999999,887.741998
2023-09-30 06:00:00,2148.909333,1202.120333,35.716,908.622334
2023-09-30 07:00:00,2347.2591669999997,1339.5660010000001,42.633,975.539
2023-09-30 08:00:00,2675.647,1504.2113330000002,53.38400000000001,1108.846
2023-09-30 09:00:00,3096.032,1731.528667,62.00299999999999,1283.545001
2023-09-30 10:00:00,3359.0730000000003,1774.917334,71.78999999999999,1352.627333
2023-09-30 11:00:00,3365.028333,1763.679001,71.253,1384.842667
2023-09-30 12:00:00,3368.625,1742.305667,72.58500000000001,1381.198334
2023-09-30 13:00:00,3302.219,1755.520334,69.30499999999999,1354.938666
2023-09-30 14:00:00,3260.3050000000003,1729.923333,71.689,1377.866666
2023-09-30 15:00:00,3281.587,1702.072333,62.82300000000001,1336.482667
2023-09-30 16:00:00,3239.6563340000002,1629.1513340000001,74.99499999999999,1375.642667
2023-09-30 17:00:00,3307.373334,1664.7183329999998,76.928,1407.919332
2023-09-30 18:00:00,3373.312666,1739.222335,82.696,1367.740666
2023-09-30 19:00:00,3494.318,1786.7886669999998,74.373,1424.164332
2023-09-30 20:00:00,3549.337,1843.523001,68.03600000000002,1500.1433339999999
2023-09-30 21:00:00,3463.842,1816.208333,77.851,1476.6733330000002
2023-09-30 22:00:00,3287.384,1721.316334,61.57299999999999,1351.2853360000001
2023-09-30 23:00:00,3001.287,1645.7323339999998,57.097,1268.3796670000002
2023-10-01 00:00:00,2728.24,1510.0556660000002,56.981,1158.107333
2023-10-01 01:00:00,2394.272,1343.823665,46.989000000000004,1042.358
2023-10-01 02:00:00,2186.909,1240.493333,44.989000000000004,991.09
2023-10-01 03:00:00,2074.2623329999997,1149.993666,39.618,953.8370000000001
2023-10-01 04:00:00,1998.0949999999998,1131.8139999999999,38.898,929.2209999999999
2023-10-01 05:00:00,2037.8470000000002,1136.223,39.674,913.531
2023-10-01 06:00:00,2149.511,1204.028335,37.54,947.7640000000001
2023-10-01 07:00:00,2323.865,1286.161,41.166000000000004,1024.9650000000001
2023-10-01 08:00:00,2704.315,1529.614,49.366,1157.879
2023-10-01 09:00:00,3147.350666,1754.1093329999999,65.91799999999999,1379.031667
2023-10-01 10:00:00,3424.115999,1875.3473330000002,74.517,1487.3750009999999
2023-10-01 11:00:00,3522.212,1917.939333,107.61999999999999,1545.854001
2023-10-01 12:00:00,3519.527,1838.0203339999998,82.684,1520.763666
2023-10-01 13:00:00,3473.2790000000005,1848.1049990000001,76.374,1524.8100000000002
2023-10-01 14:00:00,3423.7889999999998,1840.272333,82.066,1450.4776660000002
2023-10-01 15:00:00,3441.91,1798.847,80.87100000000001,1454.311666
2023-10-01 16:00:00,3375.7425,1822.0120000000002,88.651,1451.655001
2023-10-01 17:00:00,3539.1075,1888.507,77.003,1545.0949999999998
2023-10-01 18:00:00,3736.634,1966.001001,80.648,1576.623333
2023-10-01 19:00:00,3923.295,2028.061999,80.03,1696.491
2023-10-01 20:00:00,4135.295667,2161.0266659999998,104.248,1736.082001
2023-10-01 21:00:00,3938.5086659999997,2047.6189999999997,98.55799999999999,1673.234666
2023-10-01 22:00:00,3617.501,1915.734,89.767,1532.8680009999998
2023-10-01 23:00:00,3200.5119990000003,1688.97,70.829,1417.5660010000001
2023-10-02 00:00:00,2714.605,1469.517333,68.128,1185.9790010000002
2023-10-02 01:00:00,2345.742667,1302.862333,51.35300000000001,1081.911334
2023-10-02 02:00:00,2111.0119999999997,1206.444667,42.410999999999994,973.687334
2023-10-02 03:00:00,2005.3020000000001,1126.566333,38.896,941.429667
2023-10-02 04:00:00,1966.2779999999998,1081.773667,37.13400000000001,914.525333
2023-10-02 05:00:00,2049.951333,1110.844333,37.446999999999996,868.1370019999999
2023-10-02 06:00:00,2309.035667,1253.4700010000001,37.76,972.579
2023-10-02 07:00:00,2632.010667,1445.614,46.10999999999999,1170.9283329999998
2023-10-02 08:00:00,2899.1983330000003,1538.762333,56.024,1229.287667
2023-10-02 09:00:00,2894.139,1563.364666,58.461999999999996,1248.707666
2023-10-02 10:00:00,2975.2740000000003,1575.010667,53.50799999999999,1231.709333
2023-10-02 11:00:00,3031.2459999999996,1622.128,73.58000000000001,1219.9446659999999
2023-10-02 12:00:00,3009.752,1622.277,68.93900000000001,1271.656666
2023-10-02 13:00:00,3078.469,1689.9326660000002,77.265,1314.8376680000001
2023-10-02 14:00:00,3100.6684999999998,1608.309,76.643,1343.057667
2023-10-02 15:00:00,3074.9970000000003,1698.875999,68.49499999999999,1328.0546669999999
2023-10-02 16:00:00,3239.31,1794.858667,69.015,1372.989999
2023-10-02 17:00:00,3534.346,2035.2036659999999,78.57,1503.400334
2023-10-02 18:00:00,3936.8849999999998,2204.722001,84.27499999999999,1693.726001
2023-10-02 19:00:00,4127.294,2255.4063340000002,86.427,1770.442334
2023-10-02 20:00:00,4057.414,2255.262001,88.198,1830.949666
2023-10-02 21:00:00,3846.904,2124.6386660000003,80.06299999999999,1722.0483339999998
2023-10-02 22:00:00,3518.537,1987.331333,93.25699999999999,1551.900334
2023-10-02 23:00:00,3050.84,1729.566666,76.73700000000001,1369.225334
2023-10-03 00:00:00,2634.172,1558.7469999999998,72.23400000000001,1199.698332
2023-10-03 01:00:00,2305.8289999999997,1323.667667,55.590999999999994,1100.016333
2023-10-03 02:00:00,2091.7799999999997,1165.5993330000001,40.242000000000004,990.1220000000001
2023-10-03 03:00:00,1949.6819999999998,1102.1565,38.896,925.9886680000001
2023-10-03 04:00:00,1898.001667,1077.2934989999999,38.341,900.818332
2023-10-03 05:00:00,1985.888,1086.438999,37.923,903.9673319999999
2023-10-03 06:00:00,2260.094,1172.8636660000002,47.285999999999994,973.913333
2023-10-03 07:00:00,2617.063,1372.997167,50.823,1116.3723340000001
2023-10-03 08:00:00,2820.476,1492.984834,65.00099999999999,1192.440334
2023-10-03 09:00:00,2795.983,1537.092167,58.334,1174.099334
2023-10-03 10:00:00,2834.1886670000004,1528.163833,60.542,1157.410667
2023-10-03 11:00:00,2872.546666,1519.329166,64.615,1168.625999
2023-10-03 12:00:00,2833.234668,1489.0098340000002,72.73,1149.052999
2023-10-03 13:00:00,2850.036,1504.1060000000002,54.05499999999999,1164.414334
2023-10-03 14:00:00,2798.608333,1498.744667,55.635,1157.25
2023-10-03 15:00:00,2751.581333,1509.592833,58.105999999999995,1214.998666
2023-10-03 16:00:00,2814.770667,1530.869,68.582,1252.9466670000002
2023-10-03 17:00:00,3108.169,1574.696667,63.483,1383.124333
2023-10-03 18:00:00,3428.8966659999996,1749.389333,70.10699999999999,1486.3579989999998
2023-10-03 19:00:00,3669.278666,1955.412333,81.192,1554.701
2023-10-03 20:00:00,3786.915,2037.0896670000002,84.535,1669.949999
2023-10-03 21:00:00,3683.046333,2003.381167,90.39900000000002,1616.749667
2023-10-03 22:00:00,3473.506666,1896.248333,79.833,1440.330999
2023-10-03 23:00:00,3037.8559999999998,1602.772833,63.443999999999996,1263.251667
2023-10-04 00:00:00,2625.0153330000003,1429.901501,54.018,1138.8723340000001
2023-10-04 01:00:00,2320.0649999999996,1328.515167,40.23199999999999,1017.402665
2023-10-04 02:00:00,2105.093,1152.750333,40.864000000000004,942.376335
2023-10-04 03:00:00,2023.449,1063.284333,35.091,901.002332
2023-10-04 04:00:00,2013.451,1066.345167,37.586000000000006,864.1050009999999
2023-10-04 05:00:00,2101.497,1069.114833,39.14699999999999,866.738333
2023-10-04 06:00:00,2315.102,1190.8236670000001,36.592999999999996,943.1486669999999
2023-10-04 07:00:00,2606.992333,1423.001167,47.760999999999996,1165.038668
2023-10-04 08:00:00,2872.160667,1537.071333,56.126000000000005,1229.1239999999998
2023-10-04 09:00:00,2925.303667,1549.754833,51.702999999999996,1250.719665
2023-10-04 10:00:00,2878.151,1565.2525,62.054,1244.049002
2023-10-04 11:00:00,2859.825334,1582.5876669999998,64.269,1225.126667
2023-10-04 12:00:00,2939.1585,1610.3090000000002,54.742000000000004,1238.069333
2023-10-04 13:00:00,2930.543,1544.6105,70.97500000000001,1246.956667
2023-10-04 14:00:00,2833.799666,1475.3204999999998,61.617999999999995,1221.195999
2023-10-04 15:00:00,2836.565333,1517.9895000000001,54.84199999999999,1181.117667
2023-10-04 16:00:00,2863.8115,1532.109,57.025000000000006,1236.2053329999999
2023-10-04 17:00:00,3114.937,1588.500167,48.463,1352.017667
2023-10-04 18:00:00,3431.327,1737.6186670000002,64.41099999999999,1448.226334
2023-10-04 19:00:00,3652.5290000000005,1887.8753339999998,71.56899999999999,1547.927001
2023-10-04 20:00:00,3872.574,1993.642667,75.23599999999999,1621.424999
2023-10-04 21:00:00,3744.141,1948.191667,83.526,1626.1223329999998
2023-10-04 22:00:00,3520.450333,1791.388,80.12899999999999,1421.984666
2023-10-04 23:00:00,3155.0293329999995,1628.426167,73.457,1282.240333
2023-10-05 00:00:00,2673.946333,1424.7515,69.32500000000002,1137.643999
2023-10-05 01:00:00,2407.912333,1268.047,48.921,1036.477001
2023-10-05 02:00:00,2131.3326669999997,1128.9689990000002,42.02899999999999,979.1903320000001
2023-10-05 03:00:00,2014.216,1095.7053329999999,39.327,925.2139990000001
2023-10-05 04:00:00,2004.774,1083.116999,37.251999999999995,930.7819999999999
2023-10-05 05:00:00,2073.9880000000003,1121.833,36.571,947.069
2023-10-05 06:00:00,2304.621,1280.650001,41.58599999999999,987.257666
2023-10-05 07:00:00,2643.965,1405.4286659999998,56.917,1153.222667
2023-10-05 08:00:00,2876.900334,1477.73,61.01200000000001,1195.736001
2023-10-05 09:00:00,2876.7380000000003,1468.394334,53.104000000000006,1186.293001
2023-10-05 10:00:00,2881.072,1487.731334,79.38899999999998,1178.086667
2023-10-05 11:00:00,2866.149,1447.177333,65.589,1168.947667
2023-10-05 12:00:00,2842.4660000000003,1444.7330000000002,53.663999999999994,1160.5503339999998
2023-10-05 13:00:00,2778.382,1493.434,50.163,1136.385333
2023-10-05 14:00:00,2850.387,1486.789333,53.85,1163.8600000000001
2023-10-05 15:00:00,2934.141667,1461.407667,62.848000000000006,1213.596
2023-10-05 16:00:00,3055.317,1604.224666,60.71800000000001,1277.232999
2023-10-05 17:00:00,3434.9159999999997,1764.721001,69.954,1422.5963330000002
2023-10-05 18:00:00,3781.269,1922.849999,71.544,1556.032
2023-10-05 19:00:00,4024.3720000000003,2048.275667,77.382,1631.284
2023-10-05 20:00:00,4147.0109999999995,2079.698332,89.237,1750.344333
2023-10-05 21:00:00,3938.9723329999997,2042.396,87.465,1664.929666
2023-10-05 22:00:00,3715.682333,1867.7653340000002,75.86200000000001,1505.357333
2023-10-05 23:00:00,3307.072,1703.7763330000002,61.93,1319.3740010000001
2023-10-06 00:00:00,2791.145667,1435.601334,52.417,1168.0383339999998
2023-10-06 01:00:00,2385.875667,1315.9193329999998,46.38400000000001,1072.375333
2023-10-06 02:00:00,2196.220999,1136.9740000000002,40.315999999999995,944.373333
2023-10-06 03:00:00,2065.531333,1045.662667,38.087999999999994,908.143667
2023-10-06 04:00:00,1980.5249999999999,1044.708,35.769999999999996,881.6996670000001
2023-10-06 05:00:00,2019.824,1063.263667,31.927,888.843333
2023-10-06 06:00:00,2166.347,1152.973,36.090999999999994,964.9380000000001
2023-10-06 07:00:00,2480.907,1300.917,44.251999999999995,1111.6670000000001
2023-10-06 08:00:00,2735.353,1426.393,47.949999999999996,1146.645
2023-10-06 09:00:00,2776.4759999999997,1478.0043329999999,51.75699999999999,1137.888
2023-10-06 10:00:00,2810.7933329999996,1485.107668,50.282,1138.303333
2023-10-06 11:00:00,2968.7846660000005,1535.956666,56.407,1211.3433340000001
2023-10-06 12:00:00,3058.520333,1572.422001,63.56100000000001,1238.987
2023-10-06 13:00:00,3317.816,1669.8919999999998,63.06000000000001,1319.395
2023-10-06 14:00:00,3511.0370000000003,1684.2653340000002,64.26800000000001,1341.5683330000002
2023-10-06 15:00:00,3677.92,1756.192,59.93000000000001,1458.861
2023-10-06 16:00:00,3946.111,1815.945333,69.495,1534.0580009999999
2023-10-06 17:00:00,4341.26,1983.841334,83.044,1671.351666
2023-10-06 18:00:00,4582.958667,2101.9011669999995,90.08,1736.0659999999998
2023-10-06 19:00:00,4503.093,2119.0478329999996,81.066,1753.5569999999998
2023-10-06 20:00:00,4325.849999999999,2038.6689999999999,72.81400000000001,1739.711
2023-10-06 21:00:00,4019.2776670000003,1988.190332,82.88199999999999,1629.4526660000001
2023-10-06 22:00:00,3750.757667,1893.193999,77.61400000000002,1507.576999
2023-10-06 23:00:00,3452.0190000000002,1755.565334,67.19399999999999,1428.1293329999999
2023-10-07 00:00:00,3092.152,1551.6133340000001,65.111,1285.342333
2023-10-07 01:00:00,2716.8866669999998,1391.8936669999998,56.482,1149.591332
2023-10-07 02:00:00,2461.2749999999996,1253.797,43.480999999999995,1045.207
2023-10-07 03:00:00,2243.2206669999996,1157.829333,40.01,992.4559999999999
2023-10-07 04:00:00,2083.336,1106.008667,37.14399999999999,941.5989999999999
2023-10-07 05:00:00,2008.674666,1084.5803329999999,37.779,888.951
2023-10-07 06:00:00,2050.0345,1079.1023329999998,34.727999999999994,876.235
2023-10-07 07:00:00,2186.0559999999996,1149.597001,37.21699999999999,916.482
2023-10-07 08:00:00,2495.206,1270.8899999999999,38.806000000000004,1040.213333
2023-10-07 09:00:00,2974.124667,1542.0430000000001,46.017999999999994,1166.290333
2023-10-07 10:00:00,3184.568667,1685.831667,63.006,1332.2703339999998
2023-10-07 11:00:00,3479.1620000000003,1835.3276680000001,75.529,1386.868
2023-10-07 12:00:00,3716.474,1872.059667,71.85500000000002,1527.2163329999998
2023-10-07 13:00:00,3908.487334,1998.118334,79.06400000000001,1664.7399999999998
2023-10-07 14:00:00,4167.971,2153.2889990000003,79.30199999999999,1685.36
2023-10-07 15:00:00,4396.265667,2243.522,81.92299999999999,1746.917
2023-10-07 16:00:00,4696.129333,2230.615667,96.843,1788.206333
2023-10-07 17:00:00,4921.080666,2324.6733329999997,98.348,1884.476
2023-10-07 18:00:00,4952.748834,2360.6210010000004,96.61200000000001,1951.986002
2023-10-07 19:00:00,4866.682334,2325.2966669999996,98.34399999999998,1921.123666
2023-10-07 20:00:00,4575.886,2295.201667,109.947,1869.6679990000002
2023-10-07 21:00:00,4312.7080000000005,2132.3779999999997,101.474,1721.5926670000001
2023-10-07 22:00:00,3999.2173329999996,1945.411001,100.582,1563.724333
2023-10-07 23:00:00,3565.619334,1766.664668,68.564,1371.592666
2023-10-08 00:00:00,3175.2886660000004,1614.4033330000002,54.992000000000004,1292.277999
2023-10-08 01:00:00,2819.2596670000003,1410.795999,46.998999999999995,1144.554665
2023-10-08 02:00:00,2520.586166,1247.920999,41.93300000000001,1036.691668
2023-10-08 03:00:00,2278.699999,1114.425666,39.406,919.279333
2023-10-08 04:00:00,2090.252,1071.65,36.708999999999996,889.755999
2023-10-08 05:00:00,1964.257,1046.94,36.047999999999995,872.402333
2023-10-08 06:00:00,2008.745334,1073.739335,35.964,868.675334
2023-10-08 07:00:00,2109.1949999999997,1113.316834,39.35499999999999,925.211335
2023-10-08 08:00:00,2398.888667,1286.7849999999999,41.732000000000006,1020.248668
2023-10-08 09:00:00,2833.75,1468.987,50.22600000000001,1202.301334
2023-10-08 10:00:00,3055.36,1610.556,53.615,1356.395333
2023-10-08 11:00:00,3282.8046670000003,1727.020333,62.71999999999999,1376.202
2023-10-08 12:00:00,3471.9139999999998,1823.829334,76.003,1451.85
2023-10-08 13:00:00,3568.392,1892.523999,81.60400000000001,1503.008667
2023-10-08 14:00:00,3688.815334,1977.129333,81.83699999999997,1504.433
2023-10-08 15:00:00,3885.714667,1992.1126669999999,85.70400000000002,1653.475
2023-10-08 16:00:00,4198.886333,2177.2173329999996,80.71799999999999,1710.213001
2023-10-08 17:00:00,4561.302667,2313.887333,103.13399999999999,1861.9923330000001
2023-10-08 18:00:00,4758.614,2401.033668,106.16099999999999,1867.837
2023-10-08 19:00:00,4705.184,2343.304666,103.87699999999998,1903.996667
2023-10-08 20:00:00,4704.121,2341.805666,98.99,1912.748333
2023-10-08 21:00:00,4276.436,2130.084333,96.16399999999999,1781.2876660000002
2023-10-08 22:00:00,3855.1769999999997,1951.0696670000002,99.901,1673.467
2023-10-08 23:00:00,3334.082,1757.2126660000001,85.15,1479.913001
2023-10-09 00:00:00,2809.389666,1479.4225000000001,71.12100000000001,1217.359667
2023-10-09 01:00:00,2466.899668,1263.1751669999999,57.525,1083.377001
2023-10-09 02:00:00,2235.876,1130.282999,43.401999999999994,960.978001
2023-10-09 03:00:00,2062.310667,1063.018167,39.106,872.152666
2023-10-09 04:00:00,1984.496667,1027.9434999999999,35.664,837.2313320000001
2023-10-09 05:00:00,1984.2910000000002,1055.0230000000001,38.916999999999994,833.772001
2023-10-09 06:00:00,2167.6186669999997,1157.444499,42.385999999999996,900.217333
2023-10-09 07:00:00,2463.527,1287.208333,41.047,1056.311666
2023-10-09 08:00:00,2716.857,1362.492167,46.56400000000001,1155.0939990000002
2023-10-09 09:00:00,2761.3226670000004,1440.3335000000002,53.38700000000001,1146.6893340000001
2023-10-09 10:00:00,2848.518333,1452.936833,62.44099999999999,1101.776667
2023-10-09 11:00:00,2920.307,1502.767,53.315000000000005,1132.166667
2023-10-09 12:00:00,2931.0789999999997,1513.371667,59.022000000000006,1137.976334
2023-10-09 13:00:00,2937.1531670000004,1537.4695000000002,64.73,1179.261333
2023-10-09 14:00:00,3015.708334,1601.2505,58.13,1203.104
2023-10-09 15:00:00,2964.763,1561.0375,64.471,1254.932
2023-10-09 16:00:00,3086.115,1628.1660000000002,68.37800000000001,1243.2789989999999
2023-10-09 17:00:00,3357.5005,1783.4885,65.986,1439.583666
2023-10-09 18:00:00,3706.225,1943.0671670000002,69.423,1583.183666
2023-10-09 19:00:00,3930.889,2086.5295,68.537,1662.4940000000001
2023-10-09 20:00:00,3954.9755,2056.434333,70.509,1675.97
2023-10-09 21:00:00,3773.604,1955.801167,94.58300000000001,1608.281
2023-10-09 22:00:00,3405.452,1775.4831669999999,87.218,1510.609
2023-10-09 23:00:00,3016.9970000000003,1626.4083329999999,70.371,1330.0933320000001
2023-10-10 00:00:00,2582.764,1422.627667,52.249,1142.270333
2023-10-10 01:00:00,2270.208,1241.3145,44.337999999999994,1011.5286660000002
2023-10-10 02:00:00,2043.264334,1094.2286669999999,37.74999999999999,894.879668
2023-10-10 03:00:00,1920.9646669999997,1024.3939999999998,37.019,850.147999
2023-10-10 04:00:00,1863.7930000000001,1038.3310000000001,38.529999999999994,850.137333
2023-10-10 05:00:00,1903.0480000000002,1082.5513329999999,46.873,851.929334
2023-10-10 06:00:00,2202.273,1184.1093329999999,42.829,936.602333
2023-10-10 07:00:00,2539.444333,1352.397,51.727000000000004,1068.1296670000002
2023-10-10 08:00:00,2783.178334,1504.7009979999998,58.251,1176.1536660000002
2023-10-10 09:00:00,2794.065667,1528.446666,56.065000000000005,1239.916667
2023-10-10 10:00:00,2862.144667,1531.1889999999999,54.507,1204.849333
2023-10-10 11:00:00,2820.126333,1556.622333,71.70100000000001,1195.4940000000001
2023-10-10 12:00:00,2855.4030000000002,1507.335667,58.605,1204.3609999999999
2023-10-10 13:00:00,2886.024333,1509.2616670000002,62.279,1198.4450000000002
2023-10-10 14:00:00,2857.8453329999998,1605.860667,59.109,1207.9279999999999
2023-10-10 15:00:00,2834.4863330000003,1576.175666,57.70100000000001,1188.2489999999998
2023-10-10 16:00:00,2934.514,1618.330333,79.39300000000001,1249.5390000000002
2023-10-10 17:00:00,3302.174666,1741.444,74.988,1440.5790000000002
2023-10-10 18:00:00,3691.058,1984.932333,80.33500000000001,1604.659666
2023-10-10 19:00:00,3952.786333,2155.094333,84.706,1673.7849999999999
2023-10-10 20:00:00,3932.905667,2166.7036669999998,85.19999999999999,1732.88
2023-10-10 21:00:00,3790.7616660000003,2050.092667,90.7,1627.757
2023-10-10 22:00:00,3514.541999,1920.928,76.15200000000002,1521.622667
2023-10-10 23:00:00,3005.053333,1715.5030000000002,71.75100000000002,1375.127
2023-10-11 00:00:00,2646.487,1545.149,74.948,1175.3419999999999
2023-10-11 01:00:00,2332.303,1361.451,56.653,1085.345
2023-10-11 02:00:00,2104.506334,1245.286,45.61999999999999,1026.076
2023-10-11 03:00:00,2032.872666,1166.103,38.745,1005.565333
2023-10-11 04:00:00,1957.216001,1122.385,43.344,945.2233329999999
2023-10-11 05:00:00,2041.2920000000001,1173.22,37.62500000000001,918.4749999999999
2023-10-11 06:00:00,2282.7019999999998,1299.335,43.376,995.517
2023-10-11 07:00:00,2645.4149989999996,1454.718,54.859,1129.599666
2023-10-11 08:00:00,2878.811333,1581.311333,58.183,1239.971667
2023-10-11 09:00:00,3016.518333,1588.627333,64.769,1249.844666
2023-10-11 10:00:00,3014.299333,1611.3960000000002,61.467000000000006,1256.4700010000001
2023-10-11 11:00:00,2967.420667,1618.482667,74.13000000000001,1255.662667
2023-10-11 12:00:00,3008.2426670000004,1628.237,59.949000000000005,1303.396666
2023-10-11 13:00:00,3034.813,1588.487,68.93100000000001,1287.8293330000001
2023-10-11 14:00:00,3049.0455,1585.057333,60.47299999999999,1252.257667
2023-10-11 15:00:00,3033.395833,1626.651,56.522,1208.6963340000002
2023-10-11 16:00:00,3147.6865,1662.608999,65.708,1247.000333
2023-10-11 17:00:00,3358.215,1781.647334,65.735,1382.266334
2023-10-11 18:00:00,3635.37,1924.179167,72.931,1542.6863349999999
2023-10-11 19:00:00,3872.735,2104.895,74.218,1616.5673339999998
2023-10-11 20:00:00,3955.567,2166.027833,93.17699999999999,1694.2226660000001
2023-10-11 21:00:00,3779.638,2125.4621669999997,95.87999999999998,1686.807333
2023-10-11 22:00:00,3507.651,1958.884333,83.416,1560.2533319999998
2023-10-11 23:00:00,3069.511668,1742.3203330000001,78.10900000000001,1350.257
2023-10-12 00:00:00,2714.961666,1487.481,59.817,1163.207665
2023-10-12 01:00:00,2322.2416670000002,1339.900167,52.474,1013.151332
2023-10-12 02:00:00,2156.798667,1215.919167,44.07899999999999,970.8283349999999
2023-10-12 03:00:00,2040.1730000000002,1146.6861669999998,37.051,919.607665
2023-10-12 04:00:00,1996.579,1127.6715,34.1,900.549
2023-10-12 05:00:00,2058.391333,1179.533167,37.225,917.326667
2023-10-12 06:00:00,2254.5496669999998,1288.2956669999999,42.882000000000005,990.980333
2023-10-12 07:00:00,2662.5640000000003,1516.769333,59.253,1189.3049999999998
2023-10-12 08:00:00,2906.9489999999996,1582.3020000000001,75.87699999999998,1235.6116670000001
2023-10-12 09:00:00,2921.104,1604.699,56.86600000000001,1197.156333
2023-10-12 10:00:00,2921.279,1533.379333,58.682,1164.881334
2023-10-12 11:00:00,2858.4219999999996,1515.743667,68.28899999999999,1141.992
2023-10-12 12:00:00,2822.3766669999995,1496.1770000000001,64.51400000000001,1158.8733339999999
2023-10-12 13:00:00,2804.1890000000003,1500.992666,54.465,1140.903001
2023-10-12 14:00:00,2830.5426669999997,1487.742,53.425999999999995,1119.367333
2023-10-12 15:00:00,2785.592334,1504.210833,58.376000000000005,1183.8336669999999
2023-10-12 16:00:00,2857.4453329999997,1543.4535,55.007,1194.644666
2023-10-12 17:00:00,3122.456667,1654.054,62.212,1317.4849990000002
2023-10-12 18:00:00,3491.076,1768.672,60.154,1469.236333
2023-10-12 19:00:00,3664.4039999999995,1943.6725000000001,77.514,1548.0269990000002
2023-10-12 20:00:00,3750.126,1954.232,92.212,1651.137334
2023-10-12 21:00:00,3638.673,1897.5946669999998,82.124,1599.972
2023-10-12 22:00:00,3302.0660000000003,1752.0928330000002,66.99200000000002,1465.7930000000001
2023-10-12 23:00:00,3036.269,1626.9156669999998,55.85400000000001,1356.941
2023-10-13 00:00:00,2676.925,1469.168667,49.836999999999996,1196.7780000000002
2023-10-13 01:00:00,2278.373667,1323.443,39.773,1052.9209999999998
2023-10-13 02:00:00,2093.0039989999996,1166.3690000000001,38.27700000000001,951.749333
2023-10-13 03:00:00,2003.5766660000002,1096.384167,41.855000000000004,859.012
2023-10-13 04:00:00,1907.837333,1054.590667,33.939,828.3906669999999
2023-10-13 05:00:00,1961.7869999999998,1074.699667,38.537,828.117333
2023-10-13 06:00:00,2185.9139999999998,1170.967834,41.57000000000001,902.127667
2023-10-13 07:00:00,2458.6809999999996,1345.245,46.639,1009.951
2023-10-13 08:00:00,2628.132,1414.87,54.885999999999996,1104.132
2023-10-13 09:00:00,2874.689667,1522.7548339999998,52.469,1161.2730000000001
2023-10-13 10:00:00,2960.268333,1575.136,55.098000000000006,1226.981667
2023-10-13 11:00:00,2915.616,1547.626665,53.418000000000006,1185.183333
2023-10-13 12:00:00,3051.267667,1545.612834,53.918,1223.517666
2023-10-13 13:00:00,3008.977667,1590.813334,50.75900000000001,1252.099334
2023-10-13 14:00:00,2962.072333,1597.3098340000001,59.203,1224.206001
2023-10-13 15:00:00,2944.232667,1644.712666,63.347,1231.568
2023-10-13 16:00:00,3038.4384999999997,1604.3915,58.424,1282.344
2023-10-13 17:00:00,3250.981,1683.885668,65.717,1416.0806659999998
2023-10-13 18:00:00,3528.623,1786.9128329999999,73.259,1487.188333
2023-10-13 19:00:00,3628.069333,1862.462667,77.062,1533.164
2023-10-13 20:00:00,3622.434333,1870.4696669999998,85.40500000000002,1510.412
2023-10-13 21:00:00,3476.256334,1821.284834,84.91700000000002,1482.898333
2023-10-13 22:00:00,3246.2850000000003,1739.924334,74.675,1407.393
2023-10-13 23:00:00,2921.5190000000002,1613.5185000000001,60.717,1247.946
2023-10-14 00:00:00,2691.9759999999997,1510.676,57.357,1106.3739999999998
2023-10-14 01:00:00,2373.572,1344.235666,60.851,1007.427
2023-10-14 02:00:00,2165.9396659999998,1188.2710000000002,52.225,923.753667
2023-10-14 03:00:00,2047.712667,1112.219833,43.959999999999994,845.889
2023-10-14 04:00:00,1956.1299999999999,1078.0605,39.111,846.823
2023-10-14 05:00:00,1929.5415,1066.8104999999998,41.876,848.958333
2023-10-14 06:00:00,2015.1335000000001,1106.153833,35.123,862.3599999999999
2023-10-14 07:00:00,2236.426,1201.5133329999999,43.050000000000004,903.597333
2023-10-14 08:00:00,2553.9786670000003,1376.7085,43.835,1059.6360020000002
2023-10-14 09:00:00,2937.353,1630.487168,51.498000000000005,1226.3700000000001
2023-10-14 10:00:00,3102.778,1735.0496670000002,60.547,1352.252
2023-10-14 11:00:00,3268.697,1837.2305000000001,75.10900000000001,1377.333
2023-10-14 12:00:00,3381.494666,1832.881834,88.751,1405.791
2023-10-14 13:00:00,3298.197333,1810.906667,78.22500000000001,1396.127
2023-10-14 14:00:00,3304.4453329999997,1765.675,73.498,1416.774
2023-10-14 15:00:00,3310.240667,1733.3965,78.838,1402.204
2023-10-14 16:00:00,3327.595833,1732.485334,80.05199999999999,1400.347667
2023-10-14 17:00:00,3391.5866669999996,1796.6075,68.63500000000002,1433.6003339999997
2023-10-14 18:00:00,3573.376667,1876.170333,64.62400000000001,1505.378667
2023-10-14 19:00:00,3771.599667,1877.477334,71.41199999999999,1537.277333
2023-10-14 20:00:00,3773.5950000000003,1924.5280000000002,75.78699999999999,1512.3096679999999
2023-10-14 21:00:00,3595.450334,1845.218834,75.395,1475.908
2023-10-14 22:00:00,3328.161667,1735.716,72.13499999999999,1432.34
2023-10-14 23:00:00,2971.333667,1628.025166,63.75699999999999,1348.2779999999998
2023-10-15 00:00:00,2642.466,1458.084166,69.975,1188.882
2023-10-15 01:00:00,2415.575667,1298.569668,50.24300000000001,1048.751667
2023-10-15 02:00:00,2199.532333,1190.259332,45.903000000000006,939.3790009999999
2023-10-15 03:00:00,1991.278833,1137.2831660000002,34.594,852.626
2023-10-15 04:00:00,1890.0005,1079.157666,39.008,825.3786660000001
2023-10-15 05:00:00,1867.141,1084.552334,38.778999999999996,813.293667
2023-10-15 06:00:00,2016.0605,1082.3368340000002,41.384,850.336
2023-10-15 07:00:00,2219.7235,1173.187833,46.544,886.9770000000001
2023-10-15 08:00:00,2512.735167,1331.562334,43.912,1042.169
2023-10-15 09:00:00,2962.3535,1595.119,52.470000000000006,1244.768
2023-10-15 10:00:00,3328.3534999999997,1802.0259999999998,77.92899999999999,1421.127
2023-10-15 11:00:00,3460.2545,1917.610665,75.91499999999999,1441.885
2023-10-15 12:00:00,3466.2923330000003,1939.134833,69.99900000000001,1423.047
2023-10-15 13:00:00,3559.346667,1885.725833,64.248,1445.2620000000002
2023-10-15 14:00:00,3422.3126669999997,1912.546001,65.968,1444.695001
2023-10-15 15:00:00,3516.972334,1849.9736670000002,60.762,1444.544334
2023-10-15 16:00:00,3524.0123329999997,1845.9076659999998,64.146,1521.505667
2023-10-15 17:00:00,3687.284333,1875.005168,77.212,1532.8383330000001
2023-10-15 18:00:00,3944.814,1976.654666,69.647,1647.612666
2023-10-15 19:00:00,4114.985667,2128.830166,77.87500000000001,1752.1850009999998
2023-10-15 20:00:00,4210.364,2134.381167,83.38300000000001,1757.521331
2023-10-15 21:00:00,3932.462332,2063.595833,80.915,1710.68
2023-10-15 22:00:00,3583.147,1880.1301669999998,95.462,1541.150333
2023-10-15 23:00:00,3169.014,1663.645,71.109,1379.0149999999999
2023-10-16 00:00:00,2684.7136659999996,1483.8055,57.99100000000001,1211.699
2023-10-16 01:00:00,2340.0353330000003,1319.081166,51.985,1055.46
2023-10-16 02:00:00,2084.764,1155.966001,39.262,931.440668
2023-10-16 03:00:00,1942.335667,1100.511833,36.989999999999995,878.798999
2023-10-16 04:00:00,1903.7649999999999,1080.514166,36.75,843.829333
2023-10-16 05:00:00,1940.841667,1097.866668,39.233000000000004,867.8140020000001
2023-10-16 06:00:00,2181.972334,1189.892834,40.182,939.2136660000001
2023-10-16 07:00:00,2576.518,1378.327667,43.065000000000005,1090.7886669999998
2023-10-16 08:00:00,2809.291,1546.976502,57.475,1229.4586669999999
2023-10-16 09:00:00,2946.43,1597.610166,49.872,1174.0943350000002
2023-10-16 10:00:00,2924.779,1561.7258330000002,58.265,1195.110668
2023-10-16 11:00:00,2973.3175,1565.257333,66.965,1292.906
2023-10-16 12:00:00,2967.858334,1624.9846679999998,69.10199999999998,1215.7223330000002
2023-10-16 13:00:00,2984.536,1589.672166,72.50699999999999,1259.1486690000002
2023-10-16 14:00:00,3003.2055,1583.042834,46.53,1281.669
2023-10-16 15:00:00,3034.562,1551.6025,60.035999999999994,1265.492
2023-10-16 16:00:00,3143.442,1674.6336660000002,59.187,1318.7219989999999
2023-10-16 17:00:00,3379.0690000000004,1846.8948329999998,61.558,1558.858334
2023-10-16 18:00:00,3675.715667,1977.9838329999998,57.062,1630.3226670000001
2023-10-16 19:00:00,3961.484001,2149.8368339999997,78.567,1724.9616660000002
2023-10-16 20:00:00,3964.346,2175.195,103.85699999999999,1703.564332
2023-10-16 21:00:00,3772.442667,2085.440166,77.79299999999999,1614.128332
2023-10-16 22:00:00,3544.372,1888.3871669999999,81.73399999999998,1462.7463349999998
2023-10-16 23:00:00,3092.887,1663.1036669999999,73.894,1328.745002
2023-10-17 00:00:00,2600.306,1464.365667,59.565,1199.440666
2023-10-17 01:00:00,2267.167333,1280.679166,48.727000000000004,1045.687
2023-10-17 02:00:00,2062.586334,1192.563667,41.869,965.925002
2023-10-17 03:00:00,1991.828,1141.3536669999999,38.596999999999994,940.9303319999999
2023-10-17 04:00:00,1944.105333,1095.283,36.204,905.688001
2023-10-17 05:00:00,2021.83,1179.767999,37.132000000000005,917.518337
2023-10-17 06:00:00,2355.311334,1291.463333,46.217,1026.941333
2023-10-17 07:00:00,2734.2249999999995,1494.4626669999998,57.461,1167.2936670000001
2023-10-17 08:00:00,2972.0679999999998,1602.3249999999998,67.17499999999998,1267.511002
2023-10-17 09:00:00,2959.557667,1656.2179999999998,59.398,1306.9646659999999
2023-10-17 10:00:00,2897.968,1594.523334,59.21899999999999,1235.024332
2023-10-17 11:00:00,2863.7484999999997,1582.9086659999998,64.642,1164.837665
2023-10-17 12:00:00,2878.5820000000003,1525.001999,68.461,1178.297667
2023-10-17 13:00:00,2857.023,1493.177333,57.32899999999999,1212.331667
2023-10-17 14:00:00,2831.355,1437.2633340000002,64.578,1188.0336659999998
2023-10-17 15:00:00,2849.901334,1452.4843329999999,55.456,1193.899
2023-10-17 16:00:00,2961.056333,1495.711667,54.882,1214.6240010000001
2023-10-17 17:00:00,3179.935334,1649.3609999999999,55.327,1349.529
2023-10-17 18:00:00,3558.407,1820.410333,67.11299999999999,1507.9723330000002
2023-10-17 19:00:00,3848.624,2018.284,81.806,1634.6679990000002
2023-10-17 20:00:00,3932.8470000000007,2063.290333,71.005,1682.237999
2023-10-17 21:00:00,3782.129,2040.465333,75.922,1588.922334
2023-10-17 22:00:00,3486.3436659999998,1881.7830000000001,71.797,1429.547666
2023-10-17 23:00:00,3039.653333,1699.351334,69.545,1289.009332
2023-10-18 00:00:00,2596.773,1527.710666,56.365,1168.579998
2023-10-18 01:00:00,2330.950666,1349.415334,43.371999999999986,1030.888
2023-10-18 02:00:00,2111.9786670000003,1216.072667,41.952000000000005,967.01767
2023-10-18 03:00:00,1995.9343330000002,1155.045,36.443000000000005,918.035666
2023-10-18 04:00:00,1968.3000000000002,1133.857667,43.395999999999994,916.032003
2023-10-18 05:00:00,2052.1270000000004,1192.508667,45.727000000000004,920.9716669999999
2023-10-18 06:00:00,2327.949,1358.2333330000001,47.32899999999999,1024.6699990000002
2023-10-18 07:00:00,2838.665,1580.464667,65.501,1202.9556670000002
2023-10-18 08:00:00,3057.7169999999996,1724.92,75.901,1351.945001
2023-10-18 09:00:00,3075.084,1785.541667,91.14999999999998,1289.629333
2023-10-18 10:00:00,3055.9483330000003,1732.021667,85.436,1253.044001
2023-10-18 11:00:00,2972.915667,1640.348333,66.77199999999999,1200.092666
2023-10-18 12:00:00,2930.135667,1592.421333,58.288,1216.665
2023-10-18 13:00:00,2914.207,1520.548001,55.194,1223.893334
2023-10-18 14:00:00,2921.36,1509.809333,65.186,1172.3903329999998
2023-10-18 15:00:00,2906.124,1538.053667,65.368,1166.772333
2023-10-18 16:00:00,2964.904,1583.574999,69.856,1201.4779990000002
2023-10-18 17:00:00,3234.7169999999996,1681.638334,69.156,1315.265333
2023-10-18 18:00:00,3520.8230000000003,1840.847667,76.306,1493.182
2023-10-18 19:00:00,3837.443,2026.499667,65.492,1622.7040000000002
2023-10-18 20:00:00,4043.622334,2040.6903329999998,85.973,1661.994334
2023-10-18 21:00:00,3837.206666,1954.239666,80.97300000000001,1552.0846660000002
2023-10-18 22:00:00,3567.759,1841.065333,80.91900000000001,1407.844
2023-10-18 23:00:00,3186.719,1631.217667,68.90400000000001,1293.084667
2023-10-19 00:00:00,2646.804,1474.23,65.76200000000001,1138.6639989999999
2023-10-19 01:00:00,2301.904,1292.3733320000001,48.342,1016.070333
2023-10-19 02:00:00,2094.3945,1172.0166669999999,46.031,931.510001
2023-10-19 03:00:00,1975.0079999999998,1144.573,40.692,911.8693330000001
2023-10-19 04:00:00,1921.683,1114.135335,45.393,889.743001
2023-10-19 05:00:00,2001.533333,1205.122332,45.847,931.2776660000001
2023-10-19 06:00:00,2322.826333,1372.697333,51.376999999999995,1015.9200000000001
2023-10-19 07:00:00,2726.1949999999997,1542.7223340000003,59.85399999999999,1215.3333340000001
2023-10-19 08:00:00,2986.6896669999996,1685.792666,72.953,1328.712666
2023-10-19 09:00:00,3013.825667,1729.7873329999998,80.135,1286.1583329999999
2023-10-19 10:00:00,3004.2690000000002,1792.664333,77.964,1269.949335
2023-10-19 11:00:00,3038.6449999999995,1788.1390000000001,81.80199999999999,1266.8293330000001
2023-10-19 12:00:00,3028.675667,1738.127333,93.28699999999999,1231.6190000000001
2023-10-19 13:00:00,2952.8193330000004,1638.691333,68.61099999999999,1216.0296680000001
2023-10-19 14:00:00,2873.477,1548.763,58.27,1136.6376679999998
2023-10-19 15:00:00,2869.0791660000004,1471.862,55.681999999999995,1151.455001
2023-10-19 16:00:00,2919.339999,1573.864666,59.073,1195.732666
2023-10-19 17:00:00,3183.0910000000003,1656.4486670000001,63.454,1343.472333
2023-10-19 18:00:00,3474.5863329999997,1797.19,68.861,1463.234665
2023-10-19 19:00:00,3839.574,1998.1863329999999,70.13700000000001,1584.544999
2023-10-19 20:00:00,3881.6059999999998,2077.115334,78.509,1630.142002
2023-10-19 21:00:00,3757.353,1944.675667,78.27899999999998,1581.814999
2023-10-19 22:00:00,3508.8559999999998,1821.265333,70.61100000000002,1470.282666
2023-10-19 23:00:00,3140.8100000000004,1671.21,64.796,1305.0856669999998
2023-10-20 00:00:00,2742.0029999999997,1468.256667,48.415000000000006,1172.237668
2023-10-20 01:00:00,2411.864667,1302.7040000000002,40.75599999999999,1095.303334
2023-10-20 02:00:00,2170.555999,1180.4859999999999,37.07299999999999,1010.6736659999999
2023-10-20 03:00:00,2013.1966659999998,1086.164334,33.339,919.041333
2023-10-20 04:00:00,1929.3039999999999,1099.903335,34.817,872.7969999999999
2023-10-20 05:00:00,1970.585,1112.8909990000002,33.073,885.414999
2023-10-20 06:00:00,2179.579,1209.4813330000002,36.864000000000004,895.982002
2023-10-20 07:00:00,2547.1939999999995,1354.3393330000001,45.218,1046.987001
2023-10-20 08:00:00,2821.9470010000005,1487.1899990000002,56.159,1151.1220009999997
2023-10-20 09:00:00,2851.807,1539.652001,47.249,1135.431333
2023-10-20 10:00:00,2922.487334,1575.128333,55.84,1150.039665
2023-10-20 11:00:00,3016.353333,1604.692666,81.40899999999998,1232.965667
2023-10-20 12:00:00,3029.092667,1558.6039999999998,64.041,1238.572
2023-10-20 13:00:00,2967.416667,1577.591,54.108999999999995,1251.05
2023-10-20 14:00:00,2942.794333,1569.8576670000002,56.82,1227.2659990000002
2023-10-20 15:00:00,2932.745333,1550.261,56.526999999999994,1245.5020009999998
2023-10-20 16:00:00,3021.214333,1640.6143339999999,57.89300000000001,1276.025999
2023-10-20 17:00:00,3211.6090000000004,1663.407334,56.017999999999994,1337.099667
2023-10-20 18:00:00,3422.344,1769.083666,76.643,1407.440001
2023-10-20 19:00:00,3664.041333,1981.869,91.37700000000001,1546.646001
2023-10-20 20:00:00,3639.666333,1982.527667,85.847,1597.1909990000001
2023-10-20 21:00:00,3435.003668,1850.1093340000002,83.68200000000002,1519.216
2023-10-20 22:00:00,3321.545,1796.129667,71.246,1455.1009990000002
2023-10-20 23:00:00,3058.569667,1657.981,62.284,1254.206667
2023-10-21 00:00:00,2690.719666,1511.347667,69.126,1146.0153329999998
2023-10-21 01:00:00,2379.513,1345.776333,59.773,1050.603666
2023-10-21 02:00:00,2145.101166,1207.6586670000002,48.964,942.813002
2023-10-21 03:00:00,2024.973166,1115.535333,38.995999999999995,909.849667
2023-10-21 04:00:00,1953.5688340000002,1094.314667,37.222,885.040999
2023-10-21 05:00:00,1935.155,1094.071,38.662,884.053334
2023-10-21 06:00:00,2000.0175,1144.8723330000003,39.803,882.793999
2023-10-21 07:00:00,2243.429667,1240.112,41.544000000000004,936.9793320000001
2023-10-21 08:00:00,2527.885667,1415.359,56.13,1068.343332
2023-10-21 09:00:00,2968.926833,1621.8063339999999,57.096999999999994,1268.2816679999999
2023-10-21 10:00:00,3275.7659999999996,1770.0276669999998,61.771,1376.941667
2023-10-21 11:00:00,3276.126,1861.964334,69.44300000000001,1372.1080000000002
2023-10-21 12:00:00,3384.807667,1876.911334,68.753,1412.261334
2023-10-21 13:00:00,3507.9663330000003,1881.2406660000001,75.77799999999999,1425.860668
2023-10-21 14:00:00,3439.528,1906.249,71.251,1469.1966670000002
2023-10-21 15:00:00,3438.2523330000004,1830.8029999999999,77.66999999999999,1475.8886659999998
2023-10-21 16:00:00,3474.4775,1882.3006679999999,76.55599999999998,1481.391333
2023-10-21 17:00:00,3555.069499,1879.238,78.31999999999998,1555.888666
2023-10-21 18:00:00,3774.483333,1901.988666,115.27499999999998,1541.538665
2023-10-21 19:00:00,3921.9465,2097.924,98.97399999999998,1611.130333
2023-10-21 20:00:00,3812.0585,2070.902,94.619,1564.896667
2023-10-21 21:00:00,3609.329334,1936.988,82.26199999999999,1532.20167
2023-10-21 22:00:00,3430.628667,1778.657666,68.894,1419.414998
2023-10-21 23:00:00,3180.513,1671.126999,74.64300000000001,1290.086668
2023-10-22 00:00:00,2765.715667,1489.672,69.20199999999998,1130.0190029999999
2023-10-22 01:00:00,2457.536667,1307.1736680000001,54.894999999999996,1027.174334
2023-10-22 02:00:00,2223.170333,1191.328999,54.507999999999996,940.3929989999999
2023-10-22 03:00:00,2067.718833,1121.453333,40.440000000000005,892.379999
2023-10-22 04:00:00,1922.5375000000001,1078.525333,37.629000000000005,897.096663
2023-10-22 05:00:00,1865.635,1108.3753340000003,41.933,844.781666
2023-10-22 06:00:00,1982.6980000000003,1119.254667,41.062,863.338332
2023-10-22 07:00:00,2187.199,1227.294333,45.65100000000001,891.001662
2023-10-22 08:00:00,2518.0370000000003,1398.0293339999998,51.769,997.5313319999999
2023-10-22 09:00:00,3009.667,1617.419334,67.946,1228.059667
2023-10-22 10:00:00,3241.465667,1830.8486659999999,62.477999999999994,1346.9460020000001
2023-10-22 11:00:00,3451.9610009999997,1959.356332,78.29799999999999,1491.6563340000002
2023-10-22 12:00:00,3665.7296669999996,1995.895666,88.843,1508.255668
2023-10-22 13:00:00,3680.653,1939.012,85.517,1522.393
2023-10-22 14:00:00,3648.996666,1989.900668,62.257000000000005,1526.649667
2023-10-22 15:00:00,3517.1220000000003,2018.287667,67.332,1479.4796660000002
2023-10-22 16:00:00,3674.299,2037.07,73.177,1567.574667
2023-10-22 17:00:00,3787.993333,2045.959668,75.89,1567.069667
2023-10-22 18:00:00,3970.791,2123.321333,77.95100000000001,1671.449333
2023-10-22 19:00:00,4131.147667,2207.8326660000002,80.022,1778.338999
2023-10-22 20:00:00,4211.284667,2205.481333,79.536,1771.8333329999998
2023-10-22 21:00:00,4024.7610000000004,2127.7473330000003,75.79700000000001,1694.672333
2023-10-22 22:00:00,3672.3289999999997,1972.932668,88.10799999999999,1527.688666
2023-10-22 23:00:00,3194.879,1736.617667,87.31500000000001,1368.603
2023-10-23 00:00:00,2687.804999,1521.042667,56.366,1229.1936660000001
2023-10-23 01:00:00,2363.653333,1389.012666,55.209,1080.4006669999999
2023-10-23 02:00:00,2149.9803330000004,1274.026667,49.939,969.6343330000001
2023-10-23 03:00:00,2058.876334,1163.1879999999999,38.851,933.295999
2023-10-23 04:00:00,1976.156,1115.422999,45.19000000000001,891.6233320000001
2023-10-23 05:00:00,2013.398333,1162.5273339999999,43.732,914.543666
2023-10-23 06:00:00,2297.851999,1264.660667,51.133,995.177666
2023-10-23 07:00:00,2686.104667,1468.098,55.678,1159.911669
2023-10-23 08:00:00,2949.077499,1551.4990010000001,72.813,1268.689666
2023-10-23 09:00:00,3044.5299999999997,1636.687,64.843,1242.127333
2023-10-23 10:00:00,3048.3736660000004,1664.674,66.036,1258.288
2023-10-23 11:00:00,3038.444,1720.065,84.10999999999999,1215.897667
2023-10-23 12:00:00,3068.753,1668.021668,80.30199999999999,1297.056
2023-10-23 13:00:00,3115.2746669999997,1693.549,74.92599999999999,1306.497333
2023-10-23 14:00:00,3061.050667,1683.477333,60.87399999999999,1280.864
2023-10-23 15:00:00,3109.853,1658.684667,60.223,1277.9013329999998
2023-10-23 16:00:00,3142.66,1690.2930000000001,54.614,1347.911
2023-10-23 17:00:00,3453.5246660000003,1839.605667,75.419,1500.371333
2023-10-23 18:00:00,3890.762,2098.858,81.17399999999999,1656.2420000000002
2023-10-23 19:00:00,4180.951333,2283.939667,103.75299999999999,1791.556666
2023-10-23 20:00:00,4148.000333,2265.2073330000003,91.86999999999999,1831.7286680000002
2023-10-23 21:00:00,3956.930333,2249.498333,111.85499999999999,1735.8226650000001
2023-10-23 22:00:00,3707.993,2044.199667,85.71400000000001,1550.702998
2023-10-23 23:00:00,3161.499667,1819.213667,83.71799999999999,1391.297
2023-10-24 00:00:00,2681.6,1617.662667,73.354,1227.484334
2023-10-24 01:00:00,2364.954666,1457.494333,56.837,1090.927999
2023-10-24 02:00:00,2220.993001,1315.4646670000002,49.197,1020.1843329999999
2023-10-24 03:00:00,2142.622667,1217.5476670000003,42.21600000000001,983.006333
2023-10-24 04:00:00,2067.756166,1239.4623330000002,43.395,949.312333
2023-10-24 05:00:00,2125.361333,1283.522333,43.10300000000001,986.384333
2023-10-24 06:00:00,2444.666,1378.786667,50.89399999999999,1080.578665
2023-10-24 07:00:00,2875.661666,1592.088,70.285,1260.407334
2023-10-24 08:00:00,3207.459334,1704.3890000000001,66.73299999999999,1338.129999
2023-10-24 09:00:00,3202.059667,1754.715,79.91099999999999,1295.909333
2023-10-24 10:00:00,3111.491333,1775.924667,76.41999999999999,1288.531333
2023-10-24 11:00:00,3139.485667,1825.105333,77.469,1303.1893329999998
2023-10-24 12:00:00,3294.6026659999998,1879.151333,64.388,1367.089997
2023-10-24 13:00:00,3281.939,1902.0230000000001,79.81900000000002,1401.282999
2023-10-24 14:00:00,3380.141999,1870.7889999999998,64.94299999999998,1458.657333
2023-10-24 15:00:00,3351.3046679999998,1964.953667,70.255,1479.442666
2023-10-24 16:00:00,3639.442,2115.212667,72.298,1626.1583329999999
2023-10-24 17:00:00,3921.2659999999996,2310.314667,93.42999999999999,1738.0660010000001
2023-10-24 18:00:00,4353.388000000001,2579.001667,114.453,1845.066333
2023-10-24 19:00:00,4577.6939999999995,2688.642,125.252,1997.9523330000002
2023-10-24 20:00:00,4480.675,2669.94,121.111,2012.9086650000004
2023-10-24 21:00:00,4293.955667,2561.455333,123.018,1990.828334
2023-10-24 22:00:00,3984.477,2326.01,105.65700000000001,1782.2723349999999
2023-10-24 23:00:00,3458.870667,2068.845,100.185,1582.536
2023-10-25 00:00:00,3035.961667,1815.3503329999999,92.42200000000001,1401.0126639999999
2023-10-25 01:00:00,2673.654667,1606.185,72.025,1242.508
2023-10-25 02:00:00,2472.019334,1451.4470000000001,54.737,1137.63
2023-10-25 03:00:00,2322.303166,1389.614333,55.876,1095.972332
2023-10-25 04:00:00,2297.276667,1397.238667,52.87500000000001,1087.3990000000001
2023-10-25 05:00:00,2361.794667,1447.590667,59.30099999999999,1112.031001
2023-10-25 06:00:00,2692.9296670000003,1593.0713329999999,65.535,1197.047001
2023-10-25 07:00:00,3110.8489999999997,1850.2476669999999,79.328,1407.072666
2023-10-25 08:00:00,3387.485333,2019.26,83.764,1510.208999
2023-10-25 09:00:00,3499.531,2052.083667,104.52799999999999,1535.0136660000003
2023-10-25 10:00:00,3434.6223339999997,2044.999667,96.04,1523.598334
2023-10-25 11:00:00,3519.0606669999997,2049.6926670000003,115.88200000000002,1523.579334
2023-10-25 12:00:00,3562.088167,2116.875,111.25699999999999,1533.640001
2023-10-25 13:00:00,3647.508833,2065.303667,106.43799999999999,1590.001667
2023-10-25 14:00:00,3623.260167,2088.192,96.93000000000002,1546.2113330000002
2023-10-25 15:00:00,3652.018,2113.076,107.17500000000001,1575.670665
2023-10-25 16:00:00,3651.6823329999997,2191.478,104.063,1622.441334
2023-10-25 17:00:00,3992.737999,2391.129333,103.245,1827.969665
2023-10-25 18:00:00,4488.991,2660.318667,151.87100000000004,2008.1883320000002
2023-10-25 19:00:00,4708.9130000000005,2905.172,159.08999999999997,2200.485999
2023-10-25 20:00:00,4607.5956670000005,2874.215,158.511,2195.9890029999997
2023-10-25 21:00:00,4498.097667,2795.236333,164.83899999999997,2086.449667
2023-10-25 22:00:00,4252.356667,2493.7703329999995,135.12800000000001,1882.150334
2023-10-25 23:00:00,3638.7299999999996,2243.788667,100.853,1654.843668
2023-10-26 00:00:00,3181.125,2023.0896669999997,84.33000000000001,1442.895001
2023-10-26 01:00:00,2832.917333,1811.403,67.263,1277.737334
2023-10-26 02:00:00,2608.64,1652.487667,62.355000000000004,1234.876667
2023-10-26 03:00:00,2545.295,1616.8033329999998,62.647000000000006,1212.527998
2023-10-26 04:00:00,2479.544,1551.8736669999998,57.82900000000001,1172.399
2023-10-26 05:00:00,2558.902,1578.947333,63.494000000000014,1203.0143309999999
2023-10-26 06:00:00,2843.069,1730.549333,77.302,1300.029333
2023-10-26 07:00:00,3315.507,1962.017667,87.94600000000001,1502.5629979999999
2023-10-26 08:00:00,3532.511,2064.956,96.57999999999998,1602.780666
2023-10-26 09:00:00,3528.663,2121.7470000000003,101.9,1620.9860010000002
2023-10-26 10:00:00,3592.0879999999997,2127.6400000000003,117.952,1539.472002
2023-10-26 11:00:00,3585.332,2152.1099999999997,104.707,1566.8376660000001
2023-10-26 12:00:00,3505.255,2163.8463329999995,114.447,1597.344999
2023-10-26 13:00:00,3544.3626669999994,2131.461667,94.97800000000001,1572.118668
2023-10-26 14:00:00,3496.0206660000003,2080.557667,81.128,1568.903
2023-10-26 15:00:00,3340.8033330000003,1945.8213329999999,77.01499999999999,1527.062334
2023-10-26 16:00:00,3351.833,1971.768333,90.34100000000002,1497.41
2023-10-26 17:00:00,3613.469,2031.325,98.24000000000001,1628.404999
2023-10-26 18:00:00,3998.3940000000002,2332.620667,99.097,1784.100998
2023-10-26 19:00:00,4425.942,2627.357,132.11599999999999,2029.406667
2023-10-26 20:00:00,4620.616667,2696.512667,121.46500000000002,2054.191
2023-10-26 21:00:00,4396.643,2608.7043330000006,133.555,1973.772666
2023-10-26 22:00:00,4094.7296670000005,2498.070667,132.511,1932.0859999999998
2023-10-26 23:00:00,3708.2606669999996,2279.697,111.06099999999999,1758.044668
2023-10-27 00:00:00,3226.913333,2117.166667,100.478,1573.3540010000002
2023-10-27 01:00:00,2928.451333,1912.277,100.87500000000001,1442.140002
2023-10-27 02:00:00,2690.777334,1749.828333,87.364,1339.3190020000002
2023-10-27 03:00:00,2560.8114990000004,1641.173334,70.966,1272.9809989999999
2023-10-27 04:00:00,2526.9746670000004,1599.982,75.549,1245.1583330000003
2023-10-27 05:00:00,2616.7596670000003,1649.596,74.93800000000002,1265.697
2023-10-27 06:00:00,2977.6436670000003,1803.4696669999998,80.553,1334.653001
2023-10-27 07:00:00,3407.336333,2078.112333,88.71000000000001,1546.609334
2023-10-27 08:00:00,3719.019667,2250.833,105.27400000000002,1661.362668
2023-10-27 09:00:00,3808.1590000000006,2325.252667,116.38300000000001,1655.287667
2023-10-27 10:00:00,3742.2076669999997,2244.758,110.76699999999998,1658.885667
2023-10-27 11:00:00,3634.323667,2250.599,106.22100000000002,1638.9826659999999
2023-10-27 12:00:00,3598.8413330000003,2140.093667,102.948,1567.387667
2023-10-27 13:00:00,3552.1435,2107.416667,90.517,1563.338667
2023-10-27 14:00:00,3446.939167,2012.9279999999999,74.771,1523.729334
2023-10-27 15:00:00,3450.565333,1934.5656669999998,65.259,1466.832667
2023-10-27 16:00:00,3436.119333,1965.740334,90.082,1512.9833330000001
2023-10-27 17:00:00,3727.951333,2190.1496669999997,68.56900000000002,1647.138
2023-10-27 18:00:00,4103.148,2309.9083330000003,93.519,1747.229333
2023-10-27 19:00:00,4337.019,2490.595667,123.08000000000001,1896.421
2023-10-27 20:00:00,4385.761,2616.677,143.043,1949.7026660000001
2023-10-27 21:00:00,4224.544,2587.892,131.994,1908.600668
2023-10-27 22:00:00,4086.179667,2455.957,141.975,1887.378
2023-10-27 23:00:00,3784.973667,2375.911,138.595,1793.7200010000001
2023-10-28 00:00:00,3474.6849999999995,2227.9970000000003,111.24300000000001,1709.688668
2023-10-28 01:00:00,3259.159333,2168.415,95.72500000000001,1556.562999
2023-10-28 02:00:00,3069.619667,2046.5449999999998,85.92100000000002,1481.588666
2023-10-28 03:00:00,2929.4358340000003,1951.622,76.56200000000001,1450.193667
2023-10-28 04:00:00,2850.0910000000003,1920.607,87.166,1435.3703329999998
2023-10-28 05:00:00,2890.595667,1946.158,91.237,1464.740666
2023-10-28 06:00:00,2986.79,2017.323,100.269,1541.826666
2023-10-28 07:00:00,3342.682333,2187.43,106.691,1651.905
2023-10-28 08:00:00,3749.9559999999997,2444.313,111.56099999999999,1775.5030000000002
2023-10-28 09:00:00,4303.493667000001,2742.8340000000003,114.08900000000003,1996.752
2023-10-28 10:00:00,4492.336,2929.7740000000003,130.404,2043.3139999999999
2023-10-28 11:00:00,4466.317999999999,2844.798,163.726,2121.294
2023-10-28 12:00:00,4436.417667000001,2734.9030000000002,125.342,2100.1800000000003
2023-10-28 13:00:00,4183.374,2679.544,134.655,1945.6599999999999
2023-10-28 14:00:00,4038.809333,2557.819,131.65500000000003,1835.129
2023-10-28 15:00:00,3934.106667,2425.192,116.473,1867.48
2023-10-28 16:00:00,3845.672667,2519.444,106.197,1827.033
2023-10-28 17:00:00,3966.187333,2494.5769999999998,90.739,1820.5936669999999
2023-10-28 18:00:00,4290.332,2644.71,122.32300000000001,1992.790333
2023-10-28 19:00:00,4471.330333,2806.588,143.955,2108.306
2023-10-28 20:00:00,4407.137666,2741.6899999999996,159.12300000000002,2183.465
2023-10-28 21:00:00,4349.2699999999995,2663.5020000000004,140.01500000000001,2012.49
2023-10-28 22:00:00,4131.168333,2551.709,111.81199999999998,1964.516667
2023-10-28 23:00:00,3871.597667,2457.155,114.38500000000002,1831.8346660000002
2023-10-29 00:00:00,3499.882,2261.58,108.041,1691.0896670000002
2023-10-29 01:00:00,3237.495333,2104.128,96.628,1553.993
2023-10-29 02:00:00,3036.785833,1997.8799999999999,99.222,1458.631
2023-10-29 03:00:00,2939.4695,1925.05,94.943,1416.8229999999999
2023-10-29 04:00:00,2839.683667,1910.156,99.73900000000002,1369.734
2023-10-29 05:00:00,2894.821667,1926.006,104.722,1367.349
2023-10-29 06:00:00,2925.71,1964.871,105.612,1435.497
2023-10-29 07:00:00,3235.5906670000004,2089.835,104.279,1499.848
2023-10-29 08:00:00,3645.151333,2310.687,111.36399999999999,1658.197
2023-10-29 09:00:00,4224.970667,2595.424,118.275,1926.988666
2023-10-29 10:00:00,4526.942000999999,2786.162,130.78499999999997,2034.2466680000002
2023-10-29 11:00:00,4579.830999,2756.045,124.03900000000002,2033.1966670000002
2023-10-29 12:00:00,4436.174667,2656.4449999999997,125.68500000000002,2040.1719990000001
2023-10-29 13:00:00,4249.764999999999,2595.508,121.554,2027.907
2023-10-29 14:00:00,4240.551665999999,2504.498,118.01599999999999,1991.9360000000001
2023-10-29 15:00:00,4072.9133330000004,2408.268,117.21400000000001,1916.293
2023-10-29 16:00:00,4099.991,2383.6279999999997,114.681,1872.665
2023-10-29 17:00:00,4224.955,2531.583,90.47,1969.943
2023-10-29 18:00:00,4576.952667,2649.993,108.013,2164.683
2023-10-29 19:00:00,4986.546333,2885.6929999999998,143.444,2250.018666
2023-10-29 20:00:00,5063.563,2980.355,117.087,2321.161
2023-10-29 21:00:00,4802.764667,2937.29,131.774,2277.461
2023-10-29 22:00:00,4446.12,2757.8089999999997,132.67099999999996,2077.1756670000004
2023-10-29 23:00:00,3945.6746669999998,2493.258,112.842,1898.046668
2023-10-30 00:00:00,3421.400334,2250.6850000000004,95.784,1699.028999
2023-10-30 01:00:00,3121.543168,2028.527,76.61699999999998,1549.8073330000002
2023-10-30 02:00:00,2901.8664999999996,1922.8339999999998,75.786,1435.384333
2023-10-30 03:00:00,2780.117833,1866.473,75.38199999999999,1373.148333
2023-10-30 04:00:00,2789.462667,1855.8600000000001,73.036,1386.321
2023-10-30 05:00:00,2928.0370000000003,1906.451,99.40700000000001,1396.249
2023-10-30 06:00:00,3231.203001,2040.853,104.52099999999999,1509.3126670000001
2023-10-30 07:00:00,3774.291667,2272.212,123.411,1711.335333
2023-10-30 08:00:00,4018.4216669999996,2416.580667,125.201,1827.592666
2023-10-30 09:00:00,4058.6466659999996,2539.4943329999996,113.329,1764.5120000000002
2023-10-30 10:00:00,3949.432334,2416.228333,110.887,1769.259
2023-10-30 11:00:00,3897.688,2446.1539999999995,94.13800000000002,1731.51
2023-10-30 12:00:00,3853.4766670000004,2315.967,113.17500000000003,1665.802
2023-10-30 13:00:00,3655.7200000000003,2215.793,85.875,1668.612
2023-10-30 14:00:00,3580.5161669999998,2187.712,82.672,1657.0683330000002
2023-10-30 15:00:00,3506.179,2107.67,91.41600000000001,1567.376667
2023-10-30 16:00:00,3528.821333,2142.23,83.143,1588.013
2023-10-30 17:00:00,3875.9336670000002,2377.006,78.953,1745.2350000000001
2023-10-30 18:00:00,4261.130999999999,2533.04,97.935,1963.511
2023-10-30 19:00:00,4773.482667,2874.1549999999997,108.48899999999999,2122.5429999999997
2023-10-30 20:00:00,4724.123,2943.3990000000003,116.671,2188.5389999999998
2023-10-30 21:00:00,4612.344666999999,2779.89,122.77199999999999,2170.723
2023-10-30 22:00:00,4252.043667,2613.416,128.571,1975.986
2023-10-30 23:00:00,3842.009,2362.758,115.17099999999999,1787.5349999999999
2023-10-31 00:00:00,3315.7506670000002,2173.964,107.621,1585.9920000000002
2023-10-31 01:00:00,2994.070334,1955.399,98.52199999999999,1405.0249999999999
2023-10-31 02:00:00,2767.047,1832.6819999999998,77.106,1288.621
2023-10-31 03:00:00,2715.016333,1728.547,74.28399999999999,1295.4560000000001
2023-10-31 04:00:00,2664.0556670000005,1715.958,73.204,1301.2020000000002
2023-10-31 05:00:00,2793.514667,1817.304,75.64200000000001,1307.7259999999999
2023-10-31 06:00:00,3121.842167,1994.777,90.44200000000001,1440.876
2023-10-31 07:00:00,3588.5699999999997,2226.299,108.59400000000001,1641.0500000000002
2023-10-31 08:00:00,3828.340333,2293.397,101.421,1765.023
2023-10-31 09:00:00,3833.081667,2346.557,117.16100000000002,1719.4279999999999
2023-10-31 10:00:00,3728.634333,2348.413,112.23,1653.107
2023-10-31 11:00:00,3682.891333,2286.741,94.17499999999998,1624.577
2023-10-31 12:00:00,3597.152,2143.379,107.33300000000001,1583.9840000000002
2023-10-31 13:00:00,3471.9759999999997,2046.8880000000001,85.03399999999999,1528.672
2023-10-31 14:00:00,3306.089,1946.9900000000002,62.898999999999994,1449.7366670000001
2023-10-31 15:00:00,3267.123,1875.0439999999999,63.003,1469.085001
2023-10-31 16:00:00,3305.907,1961.6240000000003,60.27600000000001,1439.5613319999998
2023-10-31 17:00:00,3469.8896670000004,2070.817,65.616,1611.844334
2023-10-31 18:00:00,3793.013,2208.3869999999997,75.54900000000002,1751.224666
2023-10-31 19:00:00,3926.7076669999997,2342.383,95.272,1828.025667
2023-10-31 20:00:00,3879.977,2328.199,93.173,1743.022
2023-10-31 21:00:00,3975.943,2336.223,98.68099999999998,1805.781333
2023-10-31 22:00:00,3845.947,2264.945,101.289,1731.608334
2023-10-31 23:00:00,3454.7426670000004,2107.884,99.76400000000001,1647.874334
2023-11-01 00:00:00,3086.9786670000003,1895.215,94.18100000000001,1475.7516660000001
2023-11-01 01:00:00,2809.461667,1767.308,74.13200000000002,1340.913335
2023-11-01 02:00:00,2619.635167,1631.974,66.944,1253.8286659999999
2023-11-01 03:00:00,2490.3698329999997,1559.546,63.846,1211.086
2023-11-01 04:00:00,2441.344834,1566.699,66.16499999999999,1195.0140000000001
2023-11-01 05:00:00,2498.5006670000002,1608.8449999999998,65.759,1198.798333
2023-11-01 06:00:00,2776.085167,1715.351,72.067,1292.296667
2023-11-01 07:00:00,3148.202167,1908.551,101.14099999999999,1446.061666
2023-11-01 08:00:00,3402.3424999999997,1960.0739999999998,95.114,1522.57
2023-11-01 09:00:00,3523.2864999999997,2091.53,95.56099999999999,1537.615001
2023-11-01 10:00:00,3506.6041670000004,2143.2889999999998,99.19,1542.0720000000001
2023-11-01 11:00:00,3487.504833,2123.048,89.446,1556.206667
2023-11-01 12:00:00,3485.344667,2098.077,98.29199999999999,1569.1596679999998
2023-11-01 13:00:00,3569.867333,2080.6065,101.524,1611.698333
2023-11-01 14:00:00,3582.1576670000004,2137.3385,124.447,1582.735666
2023-11-01 15:00:00,3605.7185,2183.4534999999996,107.96700000000001,1569.011332
2023-11-01 16:00:00,3787.815,2249.0335,86.72399999999999,1689.939666
2023-11-01 17:00:00,4137.787333,2429.1324999999997,107.14600000000002,1858.5280000000002
2023-11-01 18:00:00,4557.414,2721.2655,129.962,2061.824001
2023-11-01 19:00:00,4733.166,2908.3175,138.36499999999998,2129.687666
2023-11-01 20:00:00,4588.683333,2870.306,126.767,2160.323999
2023-11-01 21:00:00,4467.474834,2697.6270000000004,133.412,2083.952332
2023-11-01 22:00:00,4105.393333,2469.319,142.324,1893.471666
2023-11-01 23:00:00,3626.4955,2251.714,109.035,1690.596666
2023-11-02 00:00:00,3161.4536669999998,1986.614,86.45700000000001,1497.375
2023-11-02 01:00:00,2865.098333,1751.1003329999999,68.57500000000002,1360.0603330000001
2023-11-02 02:00:00,2567.65,1628.703667,66.28399999999999,1227.382333
2023-11-02 03:00:00,2395.231834,1559.453667,57.784000000000006,1144.928664
2023-11-02 04:00:00,2361.204668,1542.41,55.86800000000001,1091.7846680000002
2023-11-02 05:00:00,2402.762667,1502.022333,55.708,1135.886668
2023-11-02 06:00:00,2661.824667,1621.5929999999998,60.306,1198.146
2023-11-02 07:00:00,2987.426333,1793.485334,66.406,1308.7459990000002
2023-11-02 08:00:00,3148.489834,1822.522,70.70400000000001,1404.699333
2023-11-02 09:00:00,3210.058167,1815.3016670000002,61.355,1404.935666
2023-11-02 10:00:00,3232.901,1896.9503339999999,67.869,1366.0933340000001
2023-11-02 11:00:00,3233.346667,1908.2496669999998,74.50199999999998,1358.1103329999999
2023-11-02 12:00:00,3213.413667,1881.961,76.57300000000001,1388.237
2023-11-02 13:00:00,3165.856667,1906.3126670000001,75.81599999999999,1359.661
2023-11-02 14:00:00,3167.1316659999998,1776.7313330000002,63.09400000000001,1307.963
2023-11-02 15:00:00,3097.773,1751.098,55.028,1395.761667
2023-11-02 16:00:00,3168.656,1774.029,65.44999999999999,1396.509
2023-11-02 17:00:00,3417.959,1964.864999,66.978,1475.082667
2023-11-02 18:00:00,3851.417,2176.5923340000004,73.59700000000001,1695.1619990000002
2023-11-02 19:00:00,4115.086,2319.9089999999997,88.52099999999999,1746.739666
2023-11-02 20:00:00,4067.9506670000005,2241.9990000000003,92.97999999999999,1715.8916669999999
2023-11-02 21:00:00,3971.2789999999995,2146.7219999999998,79.18599999999998,1609.899998
2023-11-02 22:00:00,3672.8666670000002,2009.8050000000003,93.79,1549.930333
2023-11-02 23:00:00,3300.376667,1861.671,73.95100000000001,1425.79
2023-11-03 00:00:00,2813.106,1692.2289999999998,62.458,1298.247002
2023-11-03 01:00:00,2502.240333,1480.6950000000002,51.004,1160.0523349999999
2023-11-03 02:00:00,2333.597334,1342.805,44.13600000000001,1091.8560009999999
2023-11-03 03:00:00,2266.1696660000002,1292.664,44.475,1049.942333
2023-11-03 04:00:00,2192.1803330000002,1297.575,48.556999999999995,1006.2040010000001
2023-11-03 05:00:00,2262.002,1350.0659999999998,53.571999999999996,1039.302999
2023-11-03 06:00:00,2552.6496669999997,1494.088,59.153,1128.671
2023-11-03 07:00:00,2944.645,1694.917,75.392,1322.6626669999998
2023-11-03 08:00:00,3154.702001,1810.853,80.47299999999998,1414.140002
2023-11-03 09:00:00,3305.023333,2001.2579999999998,86.78,1463.2893319999998
2023-11-03 10:00:00,3352.9800000000005,1973.212,90.056,1463.470668
2023-11-03 11:00:00,3332.105667,1952.029,109.05200000000002,1501.0756660000002
2023-11-03 12:00:00,3288.36,1947.4526669999998,102.46100000000001,1464.248001
2023-11-03 13:00:00,3246.939666,1832.577,68.37100000000001,1424.336668
2023-11-03 14:00:00,3183.7463340000004,1812.1570000000002,67.98700000000001,1408.963333
2023-11-03 15:00:00,3181.345,1711.238,64.59899999999999,1348.6886680000002
2023-11-03 16:00:00,3233.5920000000006,1856.4879999999998,70.113,1458.780001
2023-11-03 17:00:00,3462.2259999999997,1996.9360000000001,64.359,1504.7683319999999
2023-11-03 18:00:00,3853.8279999999995,2128.679,74.853,1668.071666
2023-11-03 19:00:00,3922.4939999999997,2253.296,89.25300000000001,1715.178999
2023-11-03 20:00:00,3836.913,2171.552,99.49600000000001,1638.050666
2023-11-03 21:00:00,3748.7870000000003,2091.675,96.431,1566.049669
2023-11-03 22:00:00,3610.63,1962.5140000000001,88.73200000000001,1514.404002
2023-11-03 23:00:00,3217.828,1820.17,88.946,1452.436666
2023-11-04 00:00:00,2861.112,1632.3450000000003,70.697,1273.451002
2023-11-04 01:00:00,2576.471,1520.509,60.388999999999996,1168.1263319999998
2023-11-04 02:00:00,2380.2180000000003,1391.515,51.013,1085.281501
2023-11-04 03:00:00,2205.541667,1283.374,49.20300000000001,1002.4248319999999
2023-11-04 04:00:00,2048.9880000000003,1229.767,44.635,986.166332
2023-11-04 05:00:00,2070.9840000000004,1231.3293330000001,45.307,977.130667
2023-11-04 06:00:00,2109.918333,1210.490667,42.722,989.273335
2023-11-04 07:00:00,2285.75,1292.393,47.351000000000006,1040.258666
2023-11-04 08:00:00,2553.7079999999996,1456.748,46.629999999999995,1128.308666
2023-11-04 09:00:00,2994.0460000000003,1688.145,65.613,1293.219502
2023-11-04 10:00:00,3299.4513340000003,1855.949,91.652,1397.375666
2023-11-04 11:00:00,3456.815333,1914.156,85.306,1501.597001
2023-11-04 12:00:00,3608.703333,1996.9950000000003,72.485,1507.849334
2023-11-04 13:00:00,3691.9829990000003,1996.745,75.80399999999999,1514.740667
2023-11-04 14:00:00,3672.202334,2019.375,84.008,1523.196334
2023-11-04 15:00:00,3626.598667,1966.5140000000001,85.03099999999999,1537.135
2023-11-04 16:00:00,3550.055668,1978.8799999999997,76.72200000000001,1534.674334
2023-11-04 17:00:00,3740.505333,2021.0469999999998,74.749,1539.138669
2023-11-04 18:00:00,3801.746,2047.786667,70.528,1599.614998
2023-11-04 19:00:00,3936.175,2133.769667,90.598,1677.716001
2023-11-04 20:00:00,3936.072,2066.9359999999997,89.58400000000002,1681.2646659999998
2023-11-04 21:00:00,3813.193,2042.172,85.15499999999999,1563.863999
2023-11-04 22:00:00,3572.0899999999997,1933.17,79.47600000000001,1494.4093309999998
2023-11-04 23:00:00,3293.205,1779.0839999999998,75.745,1389.036665
2023-11-05 00:00:00,2957.788,1707.467,58.26200000000001,1235.196002
2023-11-05 01:00:00,2590.9080005,1517.6555,56.199999999999996,1118.4121655
2023-11-05 02:00:00,2224.0280009999997,1327.844,54.138,1001.628329
2023-11-05 03:00:00,2084.2705,1294.314333,42.63,958.967
2023-11-05 04:00:00,2021.658167,1264.856667,42.81099999999999,934.201333
2023-11-05 05:00:00,2130.152331,1282.469333,48.386,966.0070000000001
2023-11-05 06:00:00,2276.721333,1364.931001,54.221000000000004,1007.352003
2023-11-05 07:00:00,2630.939334,1568.7580010000001,60.571000000000005,1115.787998
2023-11-05 08:00:00,3103.716334,1885.469666,77.978,1306.3749980000002
2023-11-05 09:00:00,3617.462002,2062.083666,87.71199999999999,1535.376
2023-11-05 10:00:00,3871.810667,2224.7409989999996,102.474,1627.140668
2023-11-05 11:00:00,3920.528333,2233.665667,96.224,1701.869999
2023-11-05 12:00:00,3892.3369999999995,2253.727333,103.44,1688.003999
2023-11-05 13:00:00,3838.932,2120.114333,93.954,1683.1429990000001
2023-11-05 14:00:00,3749.8669999999997,2147.732333,66.941,1659.6946659999999
2023-11-05 15:00:00,3760.6366660000003,2137.968,75.40700000000001,1655.047665
2023-11-05 16:00:00,4026.1713339999997,2282.607,83.251,1688.6696670000001
2023-11-05 17:00:00,4288.046667,2408.275333,95.703,1850.735666
2023-11-05 18:00:00,4546.839667,2551.565667,102.89800000000001,1944.247666
2023-11-05 19:00:00,4406.519,2495.471667,98.886,1982.074332
2023-11-05 20:00:00,4152.992,2461.3509999999997,107.29400000000001,1928.34
2023-11-05 21:00:00,4054.0209999999997,2265.915,90.59999999999998,1755.5086660000002
2023-11-05 22:00:00,3719.196999,2054.066,83.935,1633.275666
2023-11-05 23:00:00,3239.326,1872.047,78.57300000000001,1473.0026659999999
2023-11-06 00:00:00,2765.760667,1658.088,76.97800000000001,1284.961667
2023-11-06 01:00:00,2471.962333,1487.822333,52.587,1161.3426650000001
2023-11-06 02:00:00,2268.967333,1379.7160000000001,48.254999999999995,1087.609334
2023-11-06 03:00:00,2194.074,1306.185,45.84499999999999,1020.3793300000001
2023-11-06 04:00:00,2203.811666,1298.777,46.824000000000005,1013.5260010000001
2023-11-06 05:00:00,2302.817333,1388.6496670000001,48.713,1056.7949959999999
2023-11-06 06:00:00,2610.039667,1534.7110000000002,66.696,1167.972332
2023-11-06 07:00:00,3078.438333,1722.723333,66.12500000000001,1317.3603320000002
2023-11-06 08:00:00,3326.1650010000003,1896.045,81.131,1447.373002
2023-11-06 09:00:00,3343.364672,1974.734,75.951,1470.2353360000002
2023-11-06 10:00:00,3221.853,1915.4413330000002,86.364,1474.104334
2023-11-06 11:00:00,3405.61,1963.565333,88.69700000000002,1444.3880000000001
2023-11-06 12:00:00,3448.806333,2000.106,93.57800000000002,1495.877667
2023-11-06 13:00:00,3568.706,2092.6769999999997,91.598,1594.624335
2023-11-06 14:00:00,3571.702,2082.8070000000002,82.96,1600.598665
2023-11-06 15:00:00,3641.757333,2146.402,87.34599999999999,1594.631668
2023-11-06 16:00:00,3737.411333,2217.606,90.261,1658.123333
2023-11-06 17:00:00,4133.405666000001,2418.4629999999997,106.976,1873.5103330000002
2023-11-06 18:00:00,4655.732,2649.13,115.49399999999999,1988.1783339999997
2023-11-06 19:00:00,4669.456,2668.514,108.175,2101.974
2023-11-06 20:00:00,4473.595665999999,2565.241,100.628,2026.605332
2023-11-06 21:00:00,4301.986667,2465.24,109.30199999999999,1878.8090000000002
2023-11-06 22:00:00,3918.4370010000002,2325.4700000000003,112.78099999999999,1765.531333
2023-11-06 23:00:00,3398.963333,2071.44,99.18399999999998,1510.9385
2023-11-07 00:00:00,2970.264334,1839.4989999999998,81.047,1364.687
2023-11-07 01:00:00,2718.8630000000003,1671.2489999999998,65.261,1278.285999
2023-11-07 02:00:00,2474.26,1577.041,55.187,1178.617001
2023-11-07 03:00:00,2406.572333,1473.896,58.911,1150.158331
2023-11-07 04:00:00,2355.249666,1468.118,55.894999999999996,1114.630667
2023-11-07 05:00:00,2440.44,1538.163,60.545,1169.8723329999998
2023-11-07 06:00:00,2825.5740000000005,1709.934,60.595000000000006,1250.1029979999998
2023-11-07 07:00:00,3200.183,1855.103666,78.608,1393.573999
2023-11-07 08:00:00,3377.508167,1941.1860000000001,85.082,1472.0786659999999
2023-11-07 09:00:00,3358.045333,2033.604,86.05,1448.740333
2023-11-07 10:00:00,3330.756001,2025.7800000000002,88.06500000000001,1442.031332
2023-11-07 11:00:00,3239.289167,1991.218,79.29999999999998,1492.592333
2023-11-07 12:00:00,3271.501333,2022.9360000000001,77.474,1470.8539990000002
2023-11-07 13:00:00,3232.642,1974.641,96.79,1444.3246669999999
2023-11-07 14:00:00,3253.097666,1943.5729999999999,74.745,1437.623001
2023-11-07 15:00:00,3238.135665,1915.994,71.31500000000001,1486.8973320000002
2023-11-07 16:00:00,3315.4236659999997,1964.8179999999998,93.35199999999999,1527.786
2023-11-07 17:00:00,3842.5246660000003,2227.4139999999998,89.436,1769.5953339999999
2023-11-07 18:00:00,4458.993,2486.867,114.448,1981.258999
2023-11-07 19:00:00,4571.454333,2594.5969999999998,115.127,2033.233
2023-11-07 20:00:00,4487.462165999999,2557.453,126.489,2045.158666
2023-11-07 21:00:00,4206.247667000001,2418.111,116.52900000000001,1920.291667
2023-11-07 22:00:00,3918.291333,2284.05,101.47800000000001,1813.231999
2023-11-07 23:00:00,3449.4813329999997,2026.5745000000002,94.77799999999999,1667.5496630000002
2023-11-08 00:00:00,3070.795,1838.3065,97.87500000000001,1518.910666
2023-11-08 01:00:00,2729.604666,1734.1355,78.099,1394.505664
2023-11-08 02:00:00,2537.1488339999996,1623.2020000000002,64.21600000000001,1235.879334
2023-11-08 03:00:00,2453.985,1545.193,62.149,1186.217334
2023-11-08 04:00:00,2464.2645,1573.972,69.293,1181.618001
2023-11-08 05:00:00,2663.3813330000003,1666.7559999999999,73.338,1255.6976670000001
2023-11-08 06:00:00,2970.0106669999996,1886.453,84.30199999999999,1349.92633
2023-11-08 07:00:00,3445.959667,2095.184,93.559,1531.952332
2023-11-08 08:00:00,3663.001,2213.469,80.87000000000002,1698.766001
2023-11-08 09:00:00,3687.4049999999997,2201.892,109.248,1622.2779990000001
2023-11-08 10:00:00,3625.15,2248.845,101.378,1599.717998
2023-11-08 11:00:00,3610.3753340000003,2200.629,111.231,1559.8160010000001
2023-11-08 12:00:00,3487.6393339999995,2092.4700000000003,110.69300000000001,1569.140666
2023-11-08 13:00:00,3379.6639999999998,2093.0635,104.93599999999999,1554.9826659999999
2023-11-08 14:00:00,3260.045,1979.6945,82.04,1453.934
2023-11-08 15:00:00,3246.6865,1917.7275,70.712,1459.958333
2023-11-08 16:00:00,3376.013,1979.031833,77.61,1562.321001
2023-11-08 17:00:00,3828.563333,2203.1085000000003,79.37199999999999,1764.409998
2023-11-08 18:00:00,4431.953,2513.385167,106.62100000000001,2067.705169
2023-11-08 19:00:00,4674.066999999999,2730.7484999999997,137.93699999999998,2175.850668
2023-11-08 20:00:00,4730.847,2803.934333,127.40399999999998,2114.580668
2023-11-08 21:00:00,4541.315999,2738.849,142.96099999999998,1980.1763349999999
2023-11-08 22:00:00,4229.697333,2593.666,122.051,1906.642999
2023-11-08 23:00:00,3727.406,2392.2791669999997,104.58200000000001,1755.7835
2023-11-09 00:00:00,3297.116,2226.4215000000004,84.93,1650.678333
2023-11-09 01:00:00,3071.594833,2088.3676670000004,88.486,1519.757334
2023-11-09 02:00:00,2965.6949990000003,1933.4953339999997,89.03399999999999,1458.907334
2023-11-09 03:00:00,2864.474001,1892.3685,84.38400000000001,1420.431668
2023-11-09 04:00:00,2869.737,1916.091,86.358,1423.554999
2023-11-09 05:00:00,2983.554167,1919.940667,89.459,1472.2196680000002
2023-11-09 06:00:00,3290.1833340000003,2128.8810000000003,90.72400000000002,1579.041334
2023-11-09 07:00:00,3783.266667,2366.288001,93.426,1715.715999
2023-11-09 08:00:00,4058.513666,2400.711667,97.915,1836.935
2023-11-09 09:00:00,3912.0559999999996,2473.7369989999997,129.82,1817.798
2023-11-09 10:00:00,3896.656333,2471.0589999999997,115.636,1808.252333
2023-11-09 11:00:00,3852.120667,2349.695,122.61900000000001,1791.8506659999998
2023-11-09 12:00:00,3774.777,2353.754,121.69300000000001,1783.092
2023-11-09 13:00:00,3769.867833,2376.943,104.62299999999999,1773.866333
2023-11-09 14:00:00,3752.967334,2344.535,94.205,1758.623001
2023-11-09 15:00:00,3759.01,2311.5999999999995,99.63,1744.8
2023-11-09 16:00:00,3873.313,2327.518,99.389,1831.532667
2023-11-09 17:00:00,4370.826999999999,2628.443,112.54199999999999,1973.147333
2023-11-09 18:00:00,4864.428,2795.094,121.24599999999998,2136.390667
2023-11-09 19:00:00,4854.721667,2878.358,129.64100000000002,2165.7613340000003
2023-11-09 20:00:00,4771.509667,2880.92,133.58999999999997,2118.280334
2023-11-09 21:00:00,4474.103666,2707.522,130.209,2029.0386660000001
2023-11-09 22:00:00,4172.036334,2509.825,128.397,1870.1611659999999
2023-11-09 23:00:00,3709.663,2315.95,115.699,1709.075164
2023-11-10 00:00:00,3237.6850000000004,2086.5153330000003,97.228,1580.495666
2023-11-10 01:00:00,2935.887,1943.786,105.246,1415.4306659999997
2023-11-10 02:00:00,2749.58,1834.292,77.229,1316.2369990000002
2023-11-10 03:00:00,2550.699667,1701.821333,71.181,1280.443335
2023-11-10 04:00:00,2527.1650010000003,1668.797999,59.461,1275.218
2023-11-10 05:00:00,2613.984667,1698.9436660000001,67.881,1303.043999
2023-11-10 06:00:00,2876.466666,1824.3719999999998,69.126,1363.6656659999999
2023-11-10 07:00:00,3185.768002,1986.8833330000002,76.023,1464.7016680000002
2023-11-10 08:00:00,3499.311667,2123.083667,90.22,1560.607668
2023-11-10 09:00:00,3709.7003330000002,2192.1923340000003,90.62599999999999,1628.493332
2023-11-10 10:00:00,3854.019333,2235.0883329999997,96.757,1606.157332
2023-11-10 11:00:00,3770.856334,2221.683,113.002,1552.96133
2023-11-10 12:00:00,3682.9846669999997,2162.212,90.47200000000001,1653.061999
2023-11-10 13:00:00,3629.160667,2229.619667,79.19500000000001,1605.578998
2023-11-10 14:00:00,3601.7473339999997,2130.371667,98.34499999999998,1632.5959990000001
2023-11-10 15:00:00,3623.679,2102.621666,98.55799999999999,1613.615335
2023-11-10 16:00:00,3734.413,2199.9849999999997,99.10299999999998,1703.429669
2023-11-10 17:00:00,4109.240334,2376.956,91.319,1842.55067
2023-11-10 18:00:00,4449.848001,2559.8140009999997,117.813,1990.705332
2023-11-10 19:00:00,4469.438333,2598.4993329999998,115.03099999999999,1986.558663
2023-11-10 20:00:00,4270.910667,2489.770666,133.37800000000001,1907.124666
2023-11-10 21:00:00,4122.526001,2377.6873330000003,112.55,1790.2016640000002
2023-11-10 22:00:00,3922.500333,2234.067332,106.96599999999998,1699.269334
2023-11-10 23:00:00,3580.7748330000004,2111.974667,86.31999999999998,1589.044668
2023-11-11 00:00:00,3184.8469999999998,1930.2833330000003,83.81299999999999,1475.0583350000002
2023-11-11 01:00:00,2902.844333,1765.985333,63.988,1381.8683330000001
2023-11-11 02:00:00,2748.8250000000003,1629.723666,62.327999999999996,1292.929333
2023-11-11 03:00:00,2555.7476669999996,1552.9906660000001,53.32,1199.100334
2023-11-11 04:00:00,2496.1926670000003,1529.580999,56.419999999999995,1144.313
2023-11-11 05:00:00,2488.4516670000003,1545.4543330000001,56.808,1145.862
2023-11-11 06:00:00,2627.965333,1610.331666,57.104,1197.231999
2023-11-11 07:00:00,2877.798668,1741.325667,65.244,1278.917335
2023-11-11 08:00:00,3228.067,1966.864667,77.933,1444.4
2023-11-11 09:00:00,3679.871666,2216.3516680000002,105.11600000000001,1633.7893330000002
2023-11-11 10:00:00,3983.492667,2416.9856659999996,131.615,1782.969666
2023-11-11 11:00:00,4089.5313340000002,2484.548,118.80900000000001,1789.270332
2023-11-11 12:00:00,4143.601000000001,2485.567,95.872,1845.518666
2023-11-11 13:00:00,4020.347,2465.8326669999997,122.64399999999999,1906.5476669999998
2023-11-11 14:00:00,3946.624334,2400.405667,115.266,1807.468333
2023-11-11 15:00:00,3947.653,2277.431666,104.74199999999999,1759.428668
2023-11-11 16:00:00,4003.768667,2396.402,101.15299999999999,1791.5250019999999
2023-11-11 17:00:00,4292.0590010000005,2540.138333,119.41300000000001,1891.935668
2023-11-11 18:00:00,4515.984667000001,2672.1963339999998,118.32,1996.863332
2023-11-11 19:00:00,4480.68,2634.733667,115.397,1989.9279950000002
2023-11-11 20:00:00,4270.544667,2541.8653329999997,112.06899999999999,1892.399997
2023-11-11 21:00:00,4039.570334,2439.9166670000004,123.708,1789.223332
2023-11-11 22:00:00,3773.9163339999996,2313.8503330000003,104.102,1668.960001
2023-11-11 23:00:00,3520.5991670000003,2083.777333,90.00800000000001,1609.241001
2023-11-12 00:00:00,3181.835666,1927.616667,70.513,1476.621001
2023-11-12 01:00:00,2882.477,1776.95,71.432,1374.5460010000002
2023-11-12 02:00:00,2674.6,1694.295,68.27799999999999,1245.488667
2023-11-12 03:00:00,2501.986333,1602.552,66.554,1188.4793339999999
2023-11-12 04:00:00,2433.288,1568.102,67.39999999999999,1160.373667
2023-11-12 05:00:00,2487.357,1575.852,73.6,1159.732334
2023-11-12 06:00:00,2662.2416670000002,1620.308,73.22800000000001,1191.952001
2023-11-12 07:00:00,2843.182667,1759.2466670000001,90.91100000000002,1266.482333
2023-11-12 08:00:00,3216.818334,2009.975,85.543,1492.584667
2023-11-12 09:00:00,3648.278666,2228.697,104.525,1710.935334
2023-11-12 10:00:00,3813.629667,2482.2039999999997,102.19,1803.1299999999999
2023-11-12 11:00:00,4011.366333,2476.147,129.286,1813.9806669999998
2023-11-12 12:00:00,4055.8804999999998,2433.797,125.45800000000001,1812.275666
2023-11-12 13:00:00,4098.8055,2390.9990000000003,103.16600000000001,1784.820997
2023-11-12 14:00:00,3945.986,2336.7129999999997,84.105,1765.996667
2023-11-12 15:00:00,3920.7565,2293.747,89.731,1762.481999
2023-11-12 16:00:00,3986.7791669999997,2372.41,78.248,1768.8701649999998
2023-11-12 17:00:00,4308.322334,2497.987,93.66600000000001,1923.720667
2023-11-12 18:00:00,4755.685667,2765.216,101.831,2081.6063350000004
2023-11-12 19:00:00,4643.702667,2724.734,103.68599999999999,2130.581331
2023-11-12 20:00:00,4517.849834000001,2554.272,105.717,2111.992001
2023-11-12 21:00:00,4313.796165,2429.492,114.726,1985.70533
2023-11-12 22:00:00,3909.654499,2288.7000000000003,111.352,1893.6393320000002
2023-11-12 23:00:00,3514.110834,2034.4699999999998,94.663,1668.815669
2023-11-13 00:00:00,3047.784334,1828.675,72.373,1459.8469989999999
2023-11-13 01:00:00,2707.889666,1672.895,82.97399999999999,1258.4205000000002
2023-11-13 02:00:00,2507.469,1555.036667,63.349000000000004,1177.976501
2023-11-13 03:00:00,2366.3935,1491.8773330000001,52.11800000000001,1128.3633329999998
2023-11-13 04:00:00,2298.7528329999996,1464.154,58.457,1104.111833
2023-11-13 05:00:00,2406.97,1542.699,59.51100000000001,1110.641663
2023-11-13 06:00:00,2718.012667,1695.5,55.663000000000004,1255.7243349999999
2023-11-13 07:00:00,3133.6450000000004,1870.596333,79.227,1419.883333
2023-11-13 08:00:00,3474.0350000000003,1931.984,77.634,1577.614333
2023-11-13 09:00:00,3503.6059990000003,2071.478,80.53999999999999,1564.266672
2023-11-13 10:00:00,3541.979666,2097.1639999999998,79.64099999999999,1524.354334
2023-11-13 11:00:00,3480.8109999999997,2065.654,87.428,1489.555998
2023-11-13 12:00:00,3524.773333,2093.893,73.963,1484.127
2023-11-13 13:00:00,3459.007,2071.4576669999997,80.49,1514.505667
2023-11-13 14:00:00,3441.019833,2015.701667,73.88,1508.1839989999999
2023-11-13 15:00:00,3373.477333,1989.8700000000001,53.35499999999999,1522.166667
2023-11-13 16:00:00,3545.071667,2046.4089999999999,67.801,1605.959667
2023-11-13 17:00:00,3969.5190000000002,2302.0780000000004,86.46600000000001,1778.4653360000002
2023-11-13 18:00:00,4569.9645,2606.791,121.084,2117.017333
2023-11-13 19:00:00,4744.528667,2849.9620000000004,135.212,2211.6816670000003
2023-11-13 20:00:00,4610.853333000001,2781.5240000000003,132.062,2190.826
2023-11-13 21:00:00,4514.423,2676.947,130.831,2139.442333
2023-11-13 22:00:00,4194.192,2548.337,114.089,1961.4930009999998
2023-11-13 23:00:00,3612.687333,2301.129,101.90800000000002,1769.5499989999998
2023-11-14 00:00:00,3184.587,2101.860333,83.82400000000003,1594.1983320000002
2023-11-14 01:00:00,2945.4711660000003,1924.74,69.01499999999999,1484.912001
2023-11-14 02:00:00,2793.202,1795.2559999999999,69.596,1407.328334
2023-11-14 03:00:00,2721.7886670000003,1717.9279999999999,78.08600000000001,1376.0069990000002
2023-11-14 04:00:00,2704.7276659999998,1755.016,71.774,1345.021667
2023-11-14 05:00:00,2863.547667,1789.174333,70.78799999999998,1354.908
2023-11-14 06:00:00,3258.287666,2019.549667,81.465,1455.2613350000001
2023-11-14 07:00:00,3700.466334,2272.063,105.709,1599.906333
2023-11-14 08:00:00,3975.390667,2363.75,86.483,1743.541667
2023-11-14 09:00:00,3970.372666,2353.7030000000004,102.95199999999998,1778.4286670000001
2023-11-14 10:00:00,3798.041,2346.7980000000002,107.31799999999998,1710.015667
2023-11-14 11:00:00,3590.3833329999998,2256.075667,94.044,1633.043334
2023-11-14 12:00:00,3485.676334,2146.89,84.00600000000001,1612.235334
2023-11-14 13:00:00,3433.807666,2082.329,73.59599999999999,1555.8366649999998
2023-11-14 14:00:00,3331.447333,2061.626,78.37599999999999,1468.8926659999997
2023-11-14 15:00:00,3374.573,1984.7286669999999,84.17200000000001,1532.7400010000001
2023-11-14 16:00:00,3558.001,2066.0280000000002,103.818,1636.824666
2023-11-14 17:00:00,4072.715,2386.6836670000002,104.45700000000001,1920.4673320000002
2023-11-14 18:00:00,4651.965,2714.085666,103.12700000000001,2133.875999
2023-11-14 19:00:00,4805.2,2804.797,125.41,2227.8103309999997
2023-11-14 20:00:00,4656.455,2749.935,112.93200000000002,2208.127001
2023-11-14 21:00:00,4429.328,2660.73,128.115,2036.579
2023-11-14 22:00:00,4124.949,2452.0815000000002,108.15300000000002,1865.0649999999998
2023-11-14 23:00:00,3691.518,2262.803667,103.37999999999998,1716.2393309999998
2023-11-15 00:00:00,3224.2473330000003,2025.178333,90.949,1492.656834
2023-11-15 01:00:00,2911.715,1813.0385,70.675,1392.44133
2023-11-15 02:00:00,2713.573,1700.823,71.48299999999999,1300.155669
2023-11-15 03:00:00,2551.7799999999997,1650.801,55.367,1257.7499979999998
2023-11-15 04:00:00,2471.7583329999998,1638.375667,62.724000000000004,1210.6328330000001
2023-11-15 05:00:00,2610.902666,1668.110333,62.966,1238.780334
2023-11-15 06:00:00,2950.102,1843.551,58.562,1309.783665
2023-11-15 07:00:00,3428.436,2071.9849999999997,79.435,1471.249334
2023-11-15 08:00:00,3671.379,2099.166,81.29,1595.881335
2023-11-15 09:00:00,3665.2570000000005,2157.806999,99.40599999999999,1584.828668
2023-11-15 10:00:00,3648.679,2203.456667,96.787,1618.477333
2023-11-15 11:00:00,3678.434,2196.155,95.603,1644.331333
2023-11-15 12:00:00,3716.23,2199.7039999999997,99.093,1658.799998
2023-11-15 13:00:00,3680.6369999999997,2210.8275000000003,85.266,1646.3046649999999
2023-11-15 14:00:00,3649.724,2199.8925,110.185,1646.7623330000001
2023-11-15 15:00:00,3644.6775,2215.8435,112.954,1637.878999
2023-11-15 16:00:00,3829.684,2274.843833,107.30899999999998,1671.318002
2023-11-15 17:00:00,4184.09,2509.1845000000003,105.23800000000001,1852.9573340000002
2023-11-15 18:00:00,4714.039000000001,2723.5035,118.756,2029.1813319999999
2023-11-15 19:00:00,4849.008,2840.9424999999997,127.485,2117.969334
2023-11-15 20:00:00,4759.287,2737.305,120.57,2113.987665
2023-11-15 21:00:00,4539.523499999999,2582.094,133.965,2028.7473340000001
2023-11-15 22:00:00,4193.013999999999,2514.322667,141.63099999999997,1916.9686660000002
2023-11-15 23:00:00,3748.9895,2269.5225,111.018,1731.346
2023-11-16 00:00:00,3244.866,2050.5035,102.413,1565.036666
2023-11-16 01:00:00,2925.118,1877.711,74.98700000000001,1414.418335
2023-11-16 02:00:00,2731.13,1756.9270000000001,73.239,1328.9456679999998
2023-11-16 03:00:00,2607.8100000000004,1689.5205,62.349000000000004,1286.8016659999998
2023-11-16 04:00:00,2594.601,1678.895,68.91600000000001,1282.930333
2023-11-16 05:00:00,2707.706,1728.469,64.667,1323.7326659999999
2023-11-16 06:00:00,3100.8869999999997,1929.2379999999998,84.033,1426.6680000000001
2023-11-16 07:00:00,3495.517,2083.486,85.946,1561.452332
2023-11-16 08:00:00,3733.5190000000002,2203.1530000000002,87.724,1715.188
2023-11-16 09:00:00,3826.717,2249.9489999999996,94.84499999999998,1687.564332
2023-11-16 10:00:00,3693.306,2192.013,119.242,1676.895332
2023-11-16 11:00:00,3699.045,2160.3599999999997,99.13000000000001,1599.3073339999999
2023-11-16 12:00:00,3649.259,2199.242,108.82499999999999,1616.998001
2023-11-16 13:00:00,3561.453,2196.8149999999996,89.716,1612.207334
2023-11-16 14:00:00,3438.212,2151.382,91.064,1589.8756660000001
2023-11-16 15:00:00,3366.349,2013.713,71.75999999999999,1591.67
2023-11-16 16:00:00,3520.052,2105.209,82.56000000000002,1620.350666
2023-11-16 17:00:00,4019.6549999999997,2389.9539999999997,96.697,1879.516333
2023-11-16 18:00:00,4547.012999999999,2730.873,115.407,2141.036666
2023-11-16 19:00:00,4748.782,2845.1929999999998,127.78000000000002,2225.5230010000005
2023-11-16 20:00:00,4711.620999999999,2835.2340000000004,118.495,2179.026332
2023-11-16 21:00:00,4538.138999999999,2773.745,120.99799999999999,2156.801999
2023-11-16 22:00:00,4194.048000000001,2652.855,140.96400000000003,2073.674667
2023-11-16 23:00:00,3868.773,2418.862,122.502,1896.5049999999999
2023-11-17 00:00:00,2733.719,1789.262,103.64500000000001,1380.9769999999999
2023-11-17 01:00:00,0.0,0.0,0.0,0.0
2023-11-17 02:00:00,0.0,0.0,0.0,0.0
2023-11-17 03:00:00,0.0,0.0,0.0,0.0
2023-11-17 04:00:00,0.0,0.0,0.0,0.0
2023-11-17 05:00:00,0.0,0.0,0.0,0.0
2023-11-17 06:00:00,0.0,0.0,0.0,0.0
2023-11-17 07:00:00,0.0,0.0,0.0,0.0
2023-11-17 08:00:00,0.0,0.0,0.0,0.0
2023-11-17 09:00:00,0.0,0.0,0.0,0.0
2023-11-17 10:00:00,0.0,0.0,0.0,0.0
2023-11-17 11:00:00,0.0,0.0,0.0,0.0
2023-11-17 12:00:00,0.0,0.0,0.0,0.0
2023-11-17 13:00:00,0.0,0.0,0.0,0.0
2023-11-17 14:00:00,0.0,0.0,0.0,0.0
2023-11-17 15:00:00,0.0,0.0,0.0,0.0
2023-11-17 16:00:00,0.0,0.0,0.0,0.0
2023-11-17 17:00:00,0.0,0.0,0.0,0.0
2023-11-17 18:00:00,0.0,0.0,0.0,0.0
2023-11-17 19:00:00,0.0,0.0,0.0,0.0
2023-11-17 20:00:00,0.0,0.0,0.0,0.0
2023-11-17 21:00:00,0.0,0.0,0.0,0.0
2023-11-17 22:00:00,0.0,0.0,0.0,0.0
2023-11-17 23:00:00,0.0,0.0,0.0,0.0
2023-11-18 00:00:00,0.0,0.0,0.0,0.0
2023-11-18 01:00:00,0.0,0.0,0.0,0.0
2023-11-18 02:00:00,0.0,0.0,0.0,0.0
2023-11-18 03:00:00,0.0,0.0,0.0,0.0
2023-11-18 04:00:00,0.0,0.0,0.0,0.0
2023-11-18 05:00:00,0.0,0.0,0.0,0.0
2023-11-18 06:00:00,0.0,0.0,0.0,0.0
2023-11-18 07:00:00,0.0,0.0,0.0,0.0
2023-11-18 08:00:00,0.0,0.0,0.0,0.0
2023-11-18 09:00:00,0.0,0.0,0.0,0.0
2023-11-18 10:00:00,0.0,0.0,0.0,0.0
2023-11-18 11:00:00,0.0,0.0,0.0,0.0
2023-11-18 12:00:00,0.0,0.0,0.0,0.0
2023-11-18 13:00:00,0.0,0.0,0.0,0.0
2023-11-18 14:00:00,0.0,0.0,0.0,0.0
2023-11-18 15:00:00,0.0,0.0,0.0,0.0
2023-11-18 16:00:00,0.0,0.0,0.0,0.0
2023-11-18 17:00:00,0.0,0.0,0.0,0.0
2023-11-18 18:00:00,0.0,0.0,0.0,0.0
2023-11-18 19:00:00,0.0,0.0,0.0,0.0
2023-11-18 20:00:00,0.0,0.0,0.0,0.0
2023-11-18 21:00:00,0.0,0.0,0.0,0.0
2023-11-18 22:00:00,0.0,0.0,0.0,0.0
2023-11-18 23:00:00,0.0,0.0,0.0,0.0
2023-11-19 00:00:00,0.0,0.0,0.0,0.0
2023-11-19 01:00:00,0.0,0.0,0.0,0.0
2023-11-19 02:00:00,0.0,0.0,0.0,0.0
2023-11-19 03:00:00,0.0,0.0,0.0,0.0
2023-11-19 04:00:00,0.0,0.0,0.0,0.0
2023-11-19 05:00:00,0.0,0.0,0.0,0.0
2023-11-19 06:00:00,0.0,0.0,0.0,0.0
2023-11-19 07:00:00,0.0,0.0,0.0,0.0
2023-11-19 08:00:00,0.0,0.0,0.0,0.0
2023-11-19 09:00:00,0.0,0.0,0.0,0.0
2023-11-19 10:00:00,0.0,0.0,0.0,0.0
2023-11-19 11:00:00,0.0,0.0,0.0,0.0
2023-11-19 12:00:00,0.0,0.0,0.0,0.0
2023-11-19 13:00:00,0.0,0.0,0.0,0.0
2023-11-19 14:00:00,0.0,0.0,0.0,0.0
2023-11-19 15:00:00,0.0,0.0,0.0,0.0
2023-11-19 16:00:00,0.0,0.0,0.0,0.0
2023-11-19 17:00:00,0.0,0.0,0.0,0.0
2023-11-19 18:00:00,0.0,0.0,0.0,0.0
2023-11-19 19:00:00,0.0,0.0,0.0,0.0
2023-11-19 20:00:00,0.0,0.0,0.0,0.0
2023-11-19 21:00:00,0.0,0.0,0.0,0.0
2023-11-19 22:00:00,0.0,0.0,0.0,0.0
2023-11-19 23:00:00,0.0,0.0,0.0,0.0
2023-11-20 00:00:00,0.0,0.0,0.0,0.0
2023-11-20 01:00:00,0.0,0.0,0.0,0.0
2023-11-20 02:00:00,0.0,0.0,0.0,0.0
2023-11-20 03:00:00,0.0,0.0,0.0,0.0
2023-11-20 04:00:00,0.0,0.0,0.0,0.0
2023-11-20 05:00:00,0.0,0.0,0.0,0.0
2023-11-20 06:00:00,0.0,0.0,0.0,0.0
2023-11-20 07:00:00,0.0,0.0,0.0,0.0
2023-11-20 08:00:00,0.0,0.0,0.0,0.0
2023-11-20 09:00:00,0.0,0.0,0.0,0.0
2023-11-20 10:00:00,0.0,0.0,0.0,0.0
2023-11-20 11:00:00,0.0,0.0,0.0,0.0
2023-11-20 12:00:00,0.0,0.0,0.0,0.0
2023-11-20 13:00:00,0.0,0.0,0.0,0.0
2023-11-20 14:00:00,0.0,0.0,0.0,0.0
2023-11-20 15:00:00,0.0,0.0,0.0,0.0
2023-11-20 16:00:00,0.0,0.0,0.0,0.0
2023-11-20 17:00:00,0.0,0.0,0.0,0.0
2023-11-20 18:00:00,0.0,0.0,0.0,0.0
2023-11-20 19:00:00,0.0,0.0,0.0,0.0
2023-11-20 20:00:00,0.0,0.0,0.0,0.0
2023-11-20 21:00:00,0.0,0.0,0.0,0.0
2023-11-20 22:00:00,0.0,0.0,0.0,0.0
2023-11-20 23:00:00,0.0,0.0,0.0,0.0
2023-11-21 00:00:00,0.0,0.0,0.0,0.0
2023-11-21 01:00:00,0.0,0.0,0.0,0.0
2023-11-21 02:00:00,0.0,0.0,0.0,0.0
2023-11-21 03:00:00,0.0,0.0,0.0,0.0
2023-11-21 04:00:00,0.0,0.0,0.0,0.0
2023-11-21 05:00:00,0.0,0.0,0.0,0.0
2023-11-21 06:00:00,0.0,0.0,0.0,0.0
2023-11-21 07:00:00,0.0,0.0,0.0,0.0
2023-11-21 08:00:00,0.0,0.0,0.0,0.0
2023-11-21 09:00:00,0.0,0.0,0.0,0.0
2023-11-21 10:00:00,0.0,0.0,0.0,0.0
2023-11-21 11:00:00,0.0,0.0,0.0,0.0
2023-11-21 12:00:00,0.0,0.0,0.0,0.0
2023-11-21 13:00:00,0.0,0.0,0.0,0.0
2023-11-21 14:00:00,0.0,0.0,0.0,0.0
2023-11-21 15:00:00,0.0,0.0,0.0,0.0
2023-11-21 16:00:00,0.0,0.0,0.0,0.0
2023-11-21 17:00:00,0.0,0.0,0.0,0.0
2023-11-21 18:00:00,0.0,0.0,0.0,0.0
2023-11-21 19:00:00,0.0,0.0,0.0,0.0
2023-11-21 20:00:00,0.0,0.0,0.0,0.0
2023-11-21 21:00:00,0.0,0.0,0.0,0.0
2023-11-21 22:00:00,0.0,0.0,0.0,0.0
2023-11-21 23:00:00,0.0,0.0,0.0,0.0
2023-11-22 00:00:00,0.0,0.0,0.0,0.0
2023-11-22 01:00:00,0.0,0.0,0.0,0.0
2023-11-22 02:00:00,0.0,0.0,0.0,0.0
2023-11-22 03:00:00,0.0,0.0,0.0,0.0
2023-11-22 04:00:00,0.0,0.0,0.0,0.0
2023-11-22 05:00:00,0.0,0.0,0.0,0.0
2023-11-22 06:00:00,0.0,0.0,0.0,0.0
2023-11-22 07:00:00,0.0,0.0,0.0,0.0
2023-11-22 08:00:00,0.0,0.0,0.0,0.0
2023-11-22 09:00:00,0.0,0.0,0.0,0.0
2023-11-22 10:00:00,0.0,0.0,0.0,0.0
2023-11-22 11:00:00,0.0,0.0,0.0,0.0
2023-11-22 12:00:00,0.0,0.0,0.0,0.0
2023-11-22 13:00:00,0.0,0.0,0.0,0.0
2023-11-22 14:00:00,0.0,0.0,0.0,0.0
2023-11-22 15:00:00,0.0,0.0,0.0,0.0
2023-11-22 16:00:00,0.0,0.0,0.0,0.0
2023-11-22 17:00:00,0.0,0.0,0.0,0.0
2023-11-22 18:00:00,0.0,0.0,0.0,0.0
2023-11-22 19:00:00,0.0,0.0,0.0,0.0
2023-11-22 20:00:00,0.0,0.0,0.0,0.0
2023-11-22 21:00:00,0.0,0.0,0.0,0.0
2023-11-22 22:00:00,0.0,0.0,0.0,0.0
2023-11-22 23:00:00,0.0,0.0,0.0,0.0
2023-11-23 00:00:00,0.0,0.0,0.0,0.0
2023-11-23 01:00:00,0.0,0.0,0.0,0.0
2023-11-23 02:00:00,0.0,0.0,0.0,0.0
2023-11-23 03:00:00,0.0,0.0,0.0,0.0
2023-11-23 04:00:00,0.0,0.0,0.0,0.0
2023-11-23 05:00:00,0.0,0.0,0.0,0.0
2023-11-23 06:00:00,0.0,0.0,0.0,0.0
2023-11-23 07:00:00,0.0,0.0,0.0,0.0
2023-11-23 08:00:00,0.0,0.0,0.0,0.0
2023-11-23 09:00:00,0.0,0.0,0.0,0.0
2023-11-23 10:00:00,0.0,0.0,0.0,0.0
2023-11-23 11:00:00,0.0,0.0,0.0,0.0
2023-11-23 12:00:00,0.0,0.0,0.0,0.0
2023-11-23 13:00:00,0.0,0.0,0.0,0.0
2023-11-23 14:00:00,0.0,0.0,0.0,0.0
2023-11-23 15:00:00,0.0,0.0,0.0,0.0
2023-11-23 16:00:00,0.0,0.0,0.0,0.0
2023-11-23 17:00:00,0.0,0.0,0.0,0.0
2023-11-23 18:00:00,0.0,0.0,0.0,0.0
2023-11-23 19:00:00,0.0,0.0,0.0,0.0
2023-11-23 20:00:00,0.0,0.0,0.0,0.0
2023-11-23 21:00:00,0.0,0.0,0.0,0.0
2023-11-23 22:00:00,0.0,0.0,0.0,0.0
2023-11-23 23:00:00,0.0,0.0,0.0,0.0
2023-11-24 00:00:00,0.0,0.0,0.0,0.0
2023-11-24 01:00:00,0.0,0.0,0.0,0.0
2023-11-24 02:00:00,0.0,0.0,0.0,0.0
2023-11-24 03:00:00,0.0,0.0,0.0,0.0
2023-11-24 04:00:00,0.0,0.0,0.0,0.0
2023-11-24 05:00:00,0.0,0.0,0.0,0.0
2023-11-24 06:00:00,0.0,0.0,0.0,0.0
2023-11-24 07:00:00,0.0,0.0,0.0,0.0
2023-11-24 08:00:00,0.0,0.0,0.0,0.0
2023-11-24 09:00:00,0.0,0.0,0.0,0.0
2023-11-24 10:00:00,0.0,0.0,0.0,0.0
2023-11-24 11:00:00,0.0,0.0,0.0,0.0
2023-11-24 12:00:00,0.0,0.0,0.0,0.0
2023-11-24 13:00:00,0.0,0.0,0.0,0.0
2023-11-24 14:00:00,0.0,0.0,0.0,0.0
2023-11-24 15:00:00,0.0,0.0,0.0,0.0
2023-11-24 16:00:00,0.0,0.0,0.0,0.0
2023-11-24 17:00:00,0.0,0.0,0.0,0.0
2023-11-24 18:00:00,0.0,0.0,0.0,0.0
2023-11-24 19:00:00,0.0,0.0,0.0,0.0
2023-11-24 20:00:00,0.0,0.0,0.0,0.0
2023-11-24 21:00:00,0.0,0.0,0.0,0.0
2023-11-24 22:00:00,0.0,0.0,0.0,0.0
2023-11-24 23:00:00,0.0,0.0,0.0,0.0
2023-11-25 00:00:00,0.0,0.0,0.0,0.0
2023-11-25 01:00:00,0.0,0.0,0.0,0.0
2023-11-25 02:00:00,0.0,0.0,0.0,0.0
2023-11-25 03:00:00,0.0,0.0,0.0,0.0
2023-11-25 04:00:00,0.0,0.0,0.0,0.0
2023-11-25 05:00:00,0.0,0.0,0.0,0.0
2023-11-25 06:00:00,0.0,0.0,0.0,0.0
2023-11-25 07:00:00,0.0,0.0,0.0,0.0
2023-11-25 08:00:00,0.0,0.0,0.0,0.0
2023-11-25 09:00:00,0.0,0.0,0.0,0.0
2023-11-25 10:00:00,0.0,0.0,0.0,0.0
2023-11-25 11:00:00,0.0,0.0,0.0,0.0
2023-11-25 12:00:00,0.0,0.0,0.0,0.0
2023-11-25 13:00:00,0.0,0.0,0.0,0.0
2023-11-25 14:00:00,0.0,0.0,0.0,0.0
2023-11-25 15:00:00,0.0,0.0,0.0,0.0
2023-11-25 16:00:00,0.0,0.0,0.0,0.0
2023-11-25 17:00:00,0.0,0.0,0.0,0.0
2023-11-25 18:00:00,0.0,0.0,0.0,0.0
2023-11-25 19:00:00,0.0,0.0,0.0,0.0
2023-11-25 20:00:00,0.0,0.0,0.0,0.0
2023-11-25 21:00:00,0.0,0.0,0.0,0.0
2023-11-25 22:00:00,0.0,0.0,0.0,0.0
2023-11-25 23:00:00,0.0,0.0,0.0,0.0
2023-11-26 00:00:00,0.0,0.0,0.0,0.0
2023-11-26 01:00:00,0.0,0.0,0.0,0.0
2023-11-26 02:00:00,0.0,0.0,0.0,0.0
2023-11-26 03:00:00,0.0,0.0,0.0,0.0
2023-11-26 04:00:00,0.0,0.0,0.0,0.0
2023-11-26 05:00:00,0.0,0.0,0.0,0.0
2023-11-26 06:00:00,0.0,0.0,0.0,0.0
2023-11-26 07:00:00,0.0,0.0,0.0,0.0
2023-11-26 08:00:00,0.0,0.0,0.0,0.0
2023-11-26 09:00:00,0.0,0.0,0.0,0.0
2023-11-26 10:00:00,0.0,0.0,0.0,0.0
2023-11-26 11:00:00,0.0,0.0,0.0,0.0
2023-11-26 12:00:00,0.0,0.0,0.0,0.0
2023-11-26 13:00:00,0.0,0.0,0.0,0.0
2023-11-26 14:00:00,0.0,0.0,0.0,0.0
2023-11-26 15:00:00,0.0,0.0,0.0,0.0
2023-11-26 16:00:00,0.0,0.0,0.0,0.0
2023-11-26 17:00:00,0.0,0.0,0.0,0.0
2023-11-26 18:00:00,0.0,0.0,0.0,0.0
2023-11-26 19:00:00,0.0,0.0,0.0,0.0
2023-11-26 20:00:00,0.0,0.0,0.0,0.0
2023-11-26 21:00:00,0.0,0.0,0.0,0.0
2023-11-26 22:00:00,0.0,0.0,0.0,0.0
2023-11-26 23:00:00,0.0,0.0,0.0,0.0
2023-11-27 00:00:00,0.0,0.0,0.0,0.0
2023-11-27 01:00:00,0.0,0.0,0.0,0.0
2023-11-27 02:00:00,0.0,0.0,0.0,0.0
2023-11-27 03:00:00,0.0,0.0,0.0,0.0
2023-11-27 04:00:00,0.0,0.0,0.0,0.0
2023-11-27 05:00:00,0.0,0.0,0.0,0.0
2023-11-27 06:00:00,0.0,0.0,0.0,0.0
2023-11-27 07:00:00,0.0,0.0,0.0,0.0
2023-11-27 08:00:00,0.0,0.0,0.0,0.0
2023-11-27 09:00:00,0.0,0.0,0.0,0.0
2023-11-27 10:00:00,0.0,0.0,0.0,0.0
2023-11-27 11:00:00,0.0,0.0,0.0,0.0
2023-11-27 12:00:00,0.0,0.0,0.0,0.0
2023-11-27 13:00:00,0.0,0.0,0.0,0.0
2023-11-27 14:00:00,0.0,0.0,0.0,0.0
2023-11-27 15:00:00,0.0,0.0,0.0,0.0
2023-11-27 16:00:00,0.0,0.0,0.0,0.0
2023-11-27 17:00:00,0.0,0.0,0.0,0.0
2023-11-27 18:00:00,0.0,0.0,0.0,0.0
2023-11-27 19:00:00,0.0,0.0,0.0,0.0
2023-11-27 20:00:00,0.0,0.0,0.0,0.0
2023-11-27 21:00:00,0.0,0.0,0.0,0.0
2023-11-27 22:00:00,0.0,0.0,0.0,0.0
2023-11-27 23:00:00,0.0,0.0,0.0,0.0
2023-11-28 00:00:00,0.0,0.0,0.0,0.0
2023-11-28 01:00:00,0.0,0.0,0.0,0.0
2023-11-28 02:00:00,0.0,0.0,0.0,0.0
2023-11-28 03:00:00,0.0,0.0,0.0,0.0
2023-11-28 04:00:00,0.0,0.0,0.0,0.0
2023-11-28 05:00:00,0.0,0.0,0.0,0.0
2023-11-28 06:00:00,0.0,0.0,0.0,0.0
2023-11-28 07:00:00,0.0,0.0,0.0,0.0
2023-11-28 08:00:00,0.0,0.0,0.0,0.0
2023-11-28 09:00:00,0.0,0.0,0.0,0.0
2023-11-28 10:00:00,0.0,0.0,0.0,0.0
2023-11-28 11:00:00,0.0,0.0,0.0,0.0
2023-11-28 12:00:00,0.0,0.0,0.0,0.0
2023-11-28 13:00:00,0.0,0.0,0.0,0.0
2023-11-28 14:00:00,0.0,0.0,0.0,0.0
2023-11-28 15:00:00,0.0,0.0,0.0,0.0
2023-11-28 16:00:00,0.0,0.0,0.0,0.0
2023-11-28 17:00:00,0.0,0.0,0.0,0.0
2023-11-28 18:00:00,0.0,0.0,0.0,0.0
2023-11-28 19:00:00,0.0,0.0,0.0,0.0
2023-11-28 20:00:00,0.0,0.0,0.0,0.0
2023-11-28 21:00:00,0.0,0.0,0.0,0.0
2023-11-28 22:00:00,0.0,0.0,0.0,0.0
2023-11-28 23:00:00,0.0,0.0,0.0,0.0
2023-11-29 00:00:00,0.0,0.0,0.0,0.0
2023-11-29 01:00:00,0.0,0.0,0.0,0.0
2023-11-29 02:00:00,0.0,0.0,0.0,0.0
2023-11-29 03:00:00,0.0,0.0,0.0,0.0
2023-11-29 04:00:00,0.0,0.0,0.0,0.0
2023-11-29 05:00:00,0.0,0.0,0.0,0.0
2023-11-29 06:00:00,0.0,0.0,0.0,0.0
2023-11-29 07:00:00,0.0,0.0,0.0,0.0
2023-11-29 08:00:00,0.0,0.0,0.0,0.0
2023-11-29 09:00:00,0.0,0.0,0.0,0.0
2023-11-29 10:00:00,0.0,0.0,0.0,0.0
2023-11-29 11:00:00,0.0,0.0,0.0,0.0
2023-11-29 12:00:00,0.0,0.0,0.0,0.0
2023-11-29 13:00:00,0.0,0.0,0.0,0.0
2023-11-29 14:00:00,0.0,0.0,0.0,0.0
2023-11-29 15:00:00,0.0,0.0,0.0,0.0
2023-11-29 16:00:00,0.0,0.0,0.0,0.0
2023-11-29 17:00:00,0.0,0.0,0.0,0.0
2023-11-29 18:00:00,0.0,0.0,0.0,0.0
2023-11-29 19:00:00,0.0,0.0,0.0,0.0
2023-11-29 20:00:00,0.0,0.0,0.0,0.0
2023-11-29 21:00:00,0.0,0.0,0.0,0.0
2023-11-29 22:00:00,0.0,0.0,0.0,0.0
2023-11-29 23:00:00,0.0,0.0,0.0,0.0
2023-11-30 00:00:00,0.0,0.0,0.0,0.0
2023-11-30 01:00:00,0.0,0.0,0.0,0.0
2023-11-30 02:00:00,0.0,0.0,0.0,0.0
2023-11-30 03:00:00,0.0,0.0,0.0,0.0
2023-11-30 04:00:00,0.0,0.0,0.0,0.0
2023-11-30 05:00:00,0.0,0.0,0.0,0.0
2023-11-30 06:00:00,0.0,0.0,0.0,0.0
2023-11-30 07:00:00,0.0,0.0,0.0,0.0
2023-11-30 08:00:00,0.0,0.0,0.0,0.0
2023-11-30 09:00:00,0.0,0.0,0.0,0.0
2023-11-30 10:00:00,0.0,0.0,0.0,0.0
2023-11-30 11:00:00,0.0,0.0,0.0,0.0
2023-11-30 12:00:00,0.0,0.0,0.0,0.0
2023-11-30 13:00:00,0.0,0.0,0.0,0.0
2023-11-30 14:00:00,0.0,0.0,0.0,0.0
2023-11-30 15:00:00,0.0,0.0,0.0,0.0
2023-11-30 16:00:00,0.0,0.0,0.0,0.0
2023-11-30 17:00:00,0.0,0.0,0.0,0.0
2023-11-30 18:00:00,0.0,0.0,0.0,0.0
2023-11-30 19:00:00,0.0,0.0,0.0,0.0
2023-11-30 20:00:00,0.0,0.0,0.0,0.0
2023-11-30 21:00:00,0.0,0.0,0.0,0.0
2023-11-30 22:00:00,0.0,0.0,0.0,0.0
2023-11-30 23:00:00,0.0,0.0,0.0,0.0
2023-12-01 00:00:00,0.0,0.0,0.0,0.0
2023-12-01 01:00:00,0.0,0.0,0.0,0.0
2023-12-01 02:00:00,0.0,0.0,0.0,0.0
2023-12-01 03:00:00,0.0,0.0,0.0,0.0
2023-12-01 04:00:00,0.0,0.0,0.0,0.0
2023-12-01 05:00:00,0.0,0.0,0.0,0.0
2023-12-01 06:00:00,0.0,0.0,0.0,0.0
2023-12-01 07:00:00,0.0,0.0,0.0,0.0
2023-12-01 08:00:00,0.0,0.0,0.0,0.0
2023-12-01 09:00:00,0.0,0.0,0.0,0.0
2023-12-01 10:00:00,0.0,0.0,0.0,0.0
2023-12-01 11:00:00,0.0,0.0,0.0,0.0
2023-12-01 12:00:00,0.0,0.0,0.0,0.0
2023-12-01 13:00:00,0.0,0.0,0.0,0.0
2023-12-01 14:00:00,0.0,0.0,0.0,0.0
2023-12-01 15:00:00,0.0,0.0,0.0,0.0
2023-12-01 16:00:00,0.0,0.0,0.0,0.0
2023-12-01 17:00:00,0.0,0.0,0.0,0.0
2023-12-01 18:00:00,0.0,0.0,0.0,0.0
2023-12-01 19:00:00,0.0,0.0,0.0,0.0
2023-12-01 20:00:00,0.0,0.0,0.0,0.0
2023-12-01 21:00:00,0.0,0.0,0.0,0.0
2023-12-01 22:00:00,0.0,0.0,0.0,0.0
2023-12-01 23:00:00,0.0,0.0,0.0,0.0
2023-12-02 00:00:00,0.0,0.0,0.0,0.0
2023-12-02 01:00:00,0.0,0.0,0.0,0.0
2023-12-02 02:00:00,0.0,0.0,0.0,0.0
2023-12-02 03:00:00,0.0,0.0,0.0,0.0
2023-12-02 04:00:00,0.0,0.0,0.0,0.0
2023-12-02 05:00:00,0.0,0.0,0.0,0.0
2023-12-02 06:00:00,0.0,0.0,0.0,0.0
2023-12-02 07:00:00,0.0,0.0,0.0,0.0
2023-12-02 08:00:00,0.0,0.0,0.0,0.0
2023-12-02 09:00:00,0.0,0.0,0.0,0.0
2023-12-02 10:00:00,0.0,0.0,0.0,0.0
2023-12-02 11:00:00,0.0,0.0,0.0,0.0
2023-12-02 12:00:00,0.0,0.0,0.0,0.0
2023-12-02 13:00:00,0.0,0.0,0.0,0.0
2023-12-02 14:00:00,0.0,0.0,0.0,0.0
2023-12-02 15:00:00,0.0,0.0,0.0,0.0
2023-12-02 16:00:00,0.0,0.0,0.0,0.0
2023-12-02 17:00:00,0.0,0.0,0.0,0.0
2023-12-02 18:00:00,0.0,0.0,0.0,0.0
2023-12-02 19:00:00,0.0,0.0,0.0,0.0
2023-12-02 20:00:00,0.0,0.0,0.0,0.0
2023-12-02 21:00:00,0.0,0.0,0.0,0.0
2023-12-02 22:00:00,0.0,0.0,0.0,0.0
2023-12-02 23:00:00,0.0,0.0,0.0,0.0
2023-12-03 00:00:00,0.0,0.0,0.0,0.0
2023-12-03 01:00:00,0.0,0.0,0.0,0.0
2023-12-03 02:00:00,0.0,0.0,0.0,0.0
2023-12-03 03:00:00,0.0,0.0,0.0,0.0
2023-12-03 04:00:00,0.0,0.0,0.0,0.0
2023-12-03 05:00:00,0.0,0.0,0.0,0.0
2023-12-03 06:00:00,0.0,0.0,0.0,0.0
2023-12-03 07:00:00,0.0,0.0,0.0,0.0
2023-12-03 08:00:00,0.0,0.0,0.0,0.0
2023-12-03 09:00:00,0.0,0.0,0.0,0.0
2023-12-03 10:00:00,0.0,0.0,0.0,0.0
2023-12-03 11:00:00,0.0,0.0,0.0,0.0
2023-12-03 12:00:00,0.0,0.0,0.0,0.0
2023-12-03 13:00:00,0.0,0.0,0.0,0.0
2023-12-03 14:00:00,0.0,0.0,0.0,0.0
2023-12-03 15:00:00,0.0,0.0,0.0,0.0
2023-12-03 16:00:00,0.0,0.0,0.0,0.0
2023-12-03 17:00:00,0.0,0.0,0.0,0.0
2023-12-03 18:00:00,0.0,0.0,0.0,0.0
2023-12-03 19:00:00,0.0,0.0,0.0,0.0
2023-12-03 20:00:00,0.0,0.0,0.0,0.0
2023-12-03 21:00:00,0.0,0.0,0.0,0.0
2023-12-03 22:00:00,0.0,0.0,0.0,0.0
2023-12-03 23:00:00,0.0,0.0,0.0,0.0
2023-12-04 00:00:00,0.0,0.0,0.0,0.0
2023-12-04 01:00:00,0.0,0.0,0.0,0.0
2023-12-04 02:00:00,0.0,0.0,0.0,0.0
2023-12-04 03:00:00,0.0,0.0,0.0,0.0
2023-12-04 04:00:00,0.0,0.0,0.0,0.0
2023-12-04 05:00:00,0.0,0.0,0.0,0.0
2023-12-04 06:00:00,0.0,0.0,0.0,0.0
2023-12-04 07:00:00,0.0,0.0,0.0,0.0
2023-12-04 08:00:00,0.0,0.0,0.0,0.0
2023-12-04 09:00:00,0.0,0.0,0.0,0.0
2023-12-04 10:00:00,0.0,0.0,0.0,0.0
2023-12-04 11:00:00,0.0,0.0,0.0,0.0
2023-12-04 12:00:00,0.0,0.0,0.0,0.0
2023-12-04 13:00:00,0.0,0.0,0.0,0.0
2023-12-04 14:00:00,0.0,0.0,0.0,0.0
2023-12-04 15:00:00,0.0,0.0,0.0,0.0
2023-12-04 16:00:00,0.0,0.0,0.0,0.0
2023-12-04 17:00:00,0.0,0.0,0.0,0.0
2023-12-04 18:00:00,0.0,0.0,0.0,0.0
2023-12-04 19:00:00,0.0,0.0,0.0,0.0
2023-12-04 20:00:00,0.0,0.0,0.0,0.0
2023-12-04 21:00:00,0.0,0.0,0.0,0.0
2023-12-04 22:00:00,0.0,0.0,0.0,0.0
2023-12-04 23:00:00,0.0,0.0,0.0,0.0
2023-12-05 00:00:00,0.0,0.0,0.0,0.0
2023-12-05 01:00:00,0.0,0.0,0.0,0.0
2023-12-05 02:00:00,0.0,0.0,0.0,0.0
2023-12-05 03:00:00,0.0,0.0,0.0,0.0
2023-12-05 04:00:00,0.0,0.0,0.0,0.0
2023-12-05 05:00:00,0.0,0.0,0.0,0.0
2023-12-05 06:00:00,0.0,0.0,0.0,0.0
2023-12-05 07:00:00,0.0,0.0,0.0,0.0
2023-12-05 08:00:00,0.0,0.0,0.0,0.0
2023-12-05 09:00:00,0.0,0.0,0.0,0.0
2023-12-05 10:00:00,0.0,0.0,0.0,0.0
2023-12-05 11:00:00,0.0,0.0,0.0,0.0
2023-12-05 12:00:00,0.0,0.0,0.0,0.0
2023-12-05 13:00:00,0.0,0.0,0.0,0.0
2023-12-05 14:00:00,0.0,0.0,0.0,0.0
2023-12-05 15:00:00,0.0,0.0,0.0,0.0
2023-12-05 16:00:00,0.0,0.0,0.0,0.0
2023-12-05 17:00:00,0.0,0.0,0.0,0.0
2023-12-05 18:00:00,0.0,0.0,0.0,0.0
2023-12-05 19:00:00,0.0,0.0,0.0,0.0
2023-12-05 20:00:00,0.0,0.0,0.0,0.0
2023-12-05 21:00:00,0.0,0.0,0.0,0.0
2023-12-05 22:00:00,0.0,0.0,0.0,0.0
2023-12-05 23:00:00,0.0,0.0,0.0,0.0
2023-12-06 00:00:00,0.0,0.0,0.0,0.0
2023-12-06 01:00:00,0.0,0.0,0.0,0.0
2023-12-06 02:00:00,0.0,0.0,0.0,0.0
2023-12-06 03:00:00,0.0,0.0,0.0,0.0
2023-12-06 04:00:00,0.0,0.0,0.0,0.0
2023-12-06 05:00:00,0.0,0.0,0.0,0.0
2023-12-06 06:00:00,0.0,0.0,0.0,0.0
2023-12-06 07:00:00,0.0,0.0,0.0,0.0
2023-12-06 08:00:00,0.0,0.0,0.0,0.0
2023-12-06 09:00:00,0.0,0.0,0.0,0.0
2023-12-06 10:00:00,0.0,0.0,0.0,0.0
2023-12-06 11:00:00,0.0,0.0,0.0,0.0
2023-12-06 12:00:00,0.0,0.0,0.0,0.0
2023-12-06 13:00:00,0.0,0.0,0.0,0.0
2023-12-06 14:00:00,0.0,0.0,0.0,0.0
2023-12-06 15:00:00,0.0,0.0,0.0,0.0
2023-12-06 16:00:00,0.0,0.0,0.0,0.0
2023-12-06 17:00:00,0.0,0.0,0.0,0.0
2023-12-06 18:00:00,0.0,0.0,0.0,0.0
2023-12-06 19:00:00,0.0,0.0,0.0,0.0
2023-12-06 20:00:00,0.0,0.0,0.0,0.0
2023-12-06 21:00:00,0.0,0.0,0.0,0.0
2023-12-06 22:00:00,0.0,0.0,0.0,0.0
2023-12-06 23:00:00,0.0,0.0,0.0,0.0
2023-12-07 00:00:00,0.0,0.0,0.0,0.0
2023-12-07 01:00:00,0.0,0.0,0.0,0.0
2023-12-07 02:00:00,0.0,0.0,0.0,0.0
2023-12-07 03:00:00,0.0,0.0,0.0,0.0
2023-12-07 04:00:00,0.0,0.0,0.0,0.0
2023-12-07 05:00:00,0.0,0.0,0.0,0.0
2023-12-07 06:00:00,0.0,0.0,0.0,0.0
2023-12-07 07:00:00,0.0,0.0,0.0,0.0
2023-12-07 08:00:00,0.0,0.0,0.0,0.0
2023-12-07 09:00:00,0.0,0.0,0.0,0.0
2023-12-07 10:00:00,0.0,0.0,0.0,0.0
2023-12-07 11:00:00,0.0,0.0,0.0,0.0
2023-12-07 12:00:00,0.0,0.0,0.0,0.0
2023-12-07 13:00:00,0.0,0.0,0.0,0.0
2023-12-07 14:00:00,0.0,0.0,0.0,0.0
2023-12-07 15:00:00,0.0,0.0,0.0,0.0
2023-12-07 16:00:00,0.0,0.0,0.0,0.0
2023-12-07 17:00:00,0.0,0.0,0.0,0.0
2023-12-07 18:00:00,0.0,0.0,0.0,0.0
2023-12-07 19:00:00,0.0,0.0,0.0,0.0
2023-12-07 20:00:00,0.0,0.0,0.0,0.0
2023-12-07 21:00:00,0.0,0.0,0.0,0.0
2023-12-07 22:00:00,0.0,0.0,0.0,0.0
2023-12-07 23:00:00,0.0,0.0,0.0,0.0
2023-12-08 00:00:00,0.0,0.0,0.0,0.0
2023-12-08 01:00:00,0.0,0.0,0.0,0.0
2023-12-08 02:00:00,0.0,0.0,0.0,0.0
2023-12-08 03:00:00,0.0,0.0,0.0,0.0
2023-12-08 04:00:00,0.0,0.0,0.0,0.0
2023-12-08 05:00:00,0.0,0.0,0.0,0.0
2023-12-08 06:00:00,0.0,0.0,0.0,0.0
2023-12-08 07:00:00,0.0,0.0,0.0,0.0
2023-12-08 08:00:00,0.0,0.0,0.0,0.0
2023-12-08 09:00:00,0.0,0.0,0.0,0.0
2023-12-08 10:00:00,0.0,0.0,0.0,0.0
2023-12-08 11:00:00,0.0,0.0,0.0,0.0
2023-12-08 12:00:00,0.0,0.0,0.0,0.0
2023-12-08 13:00:00,0.0,0.0,0.0,0.0
2023-12-08 14:00:00,0.0,0.0,0.0,0.0
2023-12-08 15:00:00,0.0,0.0,0.0,0.0
2023-12-08 16:00:00,0.0,0.0,0.0,0.0
2023-12-08 17:00:00,0.0,0.0,0.0,0.0
2023-12-08 18:00:00,0.0,0.0,0.0,0.0
2023-12-08 19:00:00,0.0,0.0,0.0,0.0
2023-12-08 20:00:00,0.0,0.0,0.0,0.0
2023-12-08 21:00:00,0.0,0.0,0.0,0.0
2023-12-08 22:00:00,0.0,0.0,0.0,0.0
2023-12-08 23:00:00,0.0,0.0,0.0,0.0
2023-12-09 00:00:00,0.0,0.0,0.0,0.0
2023-12-09 01:00:00,0.0,0.0,0.0,0.0
2023-12-09 02:00:00,0.0,0.0,0.0,0.0
2023-12-09 03:00:00,0.0,0.0,0.0,0.0
2023-12-09 04:00:00,0.0,0.0,0.0,0.0
2023-12-09 05:00:00,0.0,0.0,0.0,0.0
2023-12-09 06:00:00,0.0,0.0,0.0,0.0
2023-12-09 07:00:00,0.0,0.0,0.0,0.0
2023-12-09 08:00:00,0.0,0.0,0.0,0.0
2023-12-09 09:00:00,0.0,0.0,0.0,0.0
2023-12-09 10:00:00,0.0,0.0,0.0,0.0
2023-12-09 11:00:00,0.0,0.0,0.0,0.0
2023-12-09 12:00:00,0.0,0.0,0.0,0.0
2023-12-09 13:00:00,0.0,0.0,0.0,0.0
2023-12-09 14:00:00,0.0,0.0,0.0,0.0
2023-12-09 15:00:00,0.0,0.0,0.0,0.0
2023-12-09 16:00:00,0.0,0.0,0.0,0.0
2023-12-09 17:00:00,0.0,0.0,0.0,0.0
2023-12-09 18:00:00,0.0,0.0,0.0,0.0
2023-12-09 19:00:00,0.0,0.0,0.0,0.0
2023-12-09 20:00:00,0.0,0.0,0.0,0.0
2023-12-09 21:00:00,0.0,0.0,0.0,0.0
2023-12-09 22:00:00,0.0,0.0,0.0,0.0
2023-12-09 23:00:00,0.0,0.0,0.0,0.0
2023-12-10 00:00:00,0.0,0.0,0.0,0.0
2023-12-10 01:00:00,0.0,0.0,0.0,0.0
2023-12-10 02:00:00,0.0,0.0,0.0,0.0
2023-12-10 03:00:00,0.0,0.0,0.0,0.0
2023-12-10 04:00:00,0.0,0.0,0.0,0.0
2023-12-10 05:00:00,0.0,0.0,0.0,0.0
2023-12-10 06:00:00,0.0,0.0,0.0,0.0
2023-12-10 07:00:00,0.0,0.0,0.0,0.0
2023-12-10 08:00:00,0.0,0.0,0.0,0.0
2023-12-10 09:00:00,0.0,0.0,0.0,0.0
2023-12-10 10:00:00,0.0,0.0,0.0,0.0
2023-12-10 11:00:00,0.0,0.0,0.0,0.0
2023-12-10 12:00:00,0.0,0.0,0.0,0.0
2023-12-10 13:00:00,0.0,0.0,0.0,0.0
2023-12-10 14:00:00,0.0,0.0,0.0,0.0
2023-12-10 15:00:00,0.0,0.0,0.0,0.0
2023-12-10 16:00:00,0.0,0.0,0.0,0.0
2023-12-10 17:00:00,0.0,0.0,0.0,0.0
2023-12-10 18:00:00,0.0,0.0,0.0,0.0
2023-12-10 19:00:00,0.0,0.0,0.0,0.0
2023-12-10 20:00:00,0.0,0.0,0.0,0.0
2023-12-10 21:00:00,0.0,0.0,0.0,0.0
2023-12-10 22:00:00,0.0,0.0,0.0,0.0
2023-12-10 23:00:00,0.0,0.0,0.0,0.0
2023-12-11 00:00:00,0.0,0.0,0.0,0.0
2023-12-11 01:00:00,0.0,0.0,0.0,0.0
2023-12-11 02:00:00,0.0,0.0,0.0,0.0
2023-12-11 03:00:00,0.0,0.0,0.0,0.0
2023-12-11 04:00:00,0.0,0.0,0.0,0.0
2023-12-11 05:00:00,0.0,0.0,0.0,0.0
2023-12-11 06:00:00,0.0,0.0,0.0,0.0
2023-12-11 07:00:00,0.0,0.0,0.0,0.0
2023-12-11 08:00:00,0.0,0.0,0.0,0.0
2023-12-11 09:00:00,0.0,0.0,0.0,0.0
2023-12-11 10:00:00,0.0,0.0,0.0,0.0
2023-12-11 11:00:00,0.0,0.0,0.0,0.0
2023-12-11 12:00:00,0.0,0.0,0.0,0.0
2023-12-11 13:00:00,0.0,0.0,0.0,0.0
2023-12-11 14:00:00,0.0,0.0,0.0,0.0
2023-12-11 15:00:00,0.0,0.0,0.0,0.0
2023-12-11 16:00:00,0.0,0.0,0.0,0.0
2023-12-11 17:00:00,0.0,0.0,0.0,0.0
2023-12-11 18:00:00,0.0,0.0,0.0,0.0
2023-12-11 19:00:00,0.0,0.0,0.0,0.0
2023-12-11 20:00:00,0.0,0.0,0.0,0.0
2023-12-11 21:00:00,0.0,0.0,0.0,0.0
2023-12-11 22:00:00,0.0,0.0,0.0,0.0
2023-12-11 23:00:00,0.0,0.0,0.0,0.0
2023-12-12 00:00:00,0.0,0.0,0.0,0.0
2023-12-12 01:00:00,0.0,0.0,0.0,0.0
2023-12-12 02:00:00,0.0,0.0,0.0,0.0
2023-12-12 03:00:00,0.0,0.0,0.0,0.0
2023-12-12 04:00:00,0.0,0.0,0.0,0.0
2023-12-12 05:00:00,0.0,0.0,0.0,0.0
2023-12-12 06:00:00,0.0,0.0,0.0,0.0
2023-12-12 07:00:00,0.0,0.0,0.0,0.0
2023-12-12 08:00:00,0.0,0.0,0.0,0.0
2023-12-12 09:00:00,0.0,0.0,0.0,0.0
2023-12-12 10:00:00,0.0,0.0,0.0,0.0
2023-12-12 11:00:00,0.0,0.0,0.0,0.0
2023-12-12 12:00:00,0.0,0.0,0.0,0.0
2023-12-12 13:00:00,0.0,0.0,0.0,0.0
2023-12-12 14:00:00,0.0,0.0,0.0,0.0
2023-12-12 15:00:00,0.0,0.0,0.0,0.0
2023-12-12 16:00:00,0.0,0.0,0.0,0.0
2023-12-12 17:00:00,0.0,0.0,0.0,0.0
2023-12-12 18:00:00,0.0,0.0,0.0,0.0
2023-12-12 19:00:00,0.0,0.0,0.0,0.0
2023-12-12 20:00:00,0.0,0.0,0.0,0.0
2023-12-12 21:00:00,0.0,0.0,0.0,0.0
2023-12-12 22:00:00,0.0,0.0,0.0,0.0
2023-12-12 23:00:00,0.0,0.0,0.0,0.0
2023-12-13 00:00:00,0.0,0.0,0.0,0.0
2023-12-13 01:00:00,0.0,0.0,0.0,0.0
2023-12-13 02:00:00,0.0,0.0,0.0,0.0
2023-12-13 03:00:00,0.0,0.0,0.0,0.0
2023-12-13 04:00:00,0.0,0.0,0.0,0.0
2023-12-13 05:00:00,0.0,0.0,0.0,0.0
2023-12-13 06:00:00,0.0,0.0,0.0,0.0
2023-12-13 07:00:00,0.0,0.0,0.0,0.0
2023-12-13 08:00:00,0.0,0.0,0.0,0.0
2023-12-13 09:00:00,0.0,0.0,0.0,0.0
2023-12-13 10:00:00,0.0,0.0,0.0,0.0
2023-12-13 11:00:00,0.0,0.0,0.0,0.0
2023-12-13 12:00:00,0.0,0.0,0.0,0.0
2023-12-13 13:00:00,0.0,0.0,0.0,0.0
2023-12-13 14:00:00,0.0,0.0,0.0,0.0
2023-12-13 15:00:00,0.0,0.0,0.0,0.0
2023-12-13 16:00:00,0.0,0.0,0.0,0.0
2023-12-13 17:00:00,0.0,0.0,0.0,0.0
2023-12-13 18:00:00,0.0,0.0,0.0,0.0
2023-12-13 19:00:00,0.0,0.0,0.0,0.0
2023-12-13 20:00:00,0.0,0.0,0.0,0.0
2023-12-13 21:00:00,0.0,0.0,0.0,0.0
2023-12-13 22:00:00,0.0,0.0,0.0,0.0
2023-12-13 23:00:00,0.0,0.0,0.0,0.0
2023-12-14 00:00:00,0.0,0.0,0.0,0.0
2023-12-14 01:00:00,0.0,0.0,0.0,0.0
2023-12-14 02:00:00,0.0,0.0,0.0,0.0
2023-12-14 03:00:00,0.0,0.0,0.0,0.0
2023-12-14 04:00:00,0.0,0.0,0.0,0.0
2023-12-14 05:00:00,0.0,0.0,0.0,0.0
2023-12-14 06:00:00,0.0,0.0,0.0,0.0
2023-12-14 07:00:00,0.0,0.0,0.0,0.0
2023-12-14 08:00:00,0.0,0.0,0.0,0.0
2023-12-14 09:00:00,0.0,0.0,0.0,0.0
2023-12-14 10:00:00,0.0,0.0,0.0,0.0
2023-12-14 11:00:00,0.0,0.0,0.0,0.0
2023-12-14 12:00:00,0.0,0.0,0.0,0.0
2023-12-14 13:00:00,0.0,0.0,0.0,0.0
2023-12-14 14:00:00,0.0,0.0,0.0,0.0
2023-12-14 15:00:00,0.0,0.0,0.0,0.0
2023-12-14 16:00:00,0.0,0.0,0.0,0.0
2023-12-14 17:00:00,0.0,0.0,0.0,0.0
2023-12-14 18:00:00,0.0,0.0,0.0,0.0
2023-12-14 19:00:00,0.0,0.0,0.0,0.0
2023-12-14 20:00:00,0.0,0.0,0.0,0.0
2023-12-14 21:00:00,0.0,0.0,0.0,0.0
2023-12-14 22:00:00,0.0,0.0,0.0,0.0
2023-12-14 23:00:00,0.0,0.0,0.0,0.0
2023-12-15 00:00:00,0.0,0.0,0.0,0.0
2023-12-15 01:00:00,0.0,0.0,0.0,0.0
2023-12-15 02:00:00,0.0,0.0,0.0,0.0
2023-12-15 03:00:00,0.0,0.0,0.0,0.0
2023-12-15 04:00:00,0.0,0.0,0.0,0.0
2023-12-15 05:00:00,0.0,0.0,0.0,0.0
2023-12-15 06:00:00,0.0,0.0,0.0,0.0
2023-12-15 07:00:00,0.0,0.0,0.0,0.0
2023-12-15 08:00:00,0.0,0.0,0.0,0.0
2023-12-15 09:00:00,0.0,0.0,0.0,0.0
2023-12-15 10:00:00,0.0,0.0,0.0,0.0
2023-12-15 11:00:00,0.0,0.0,0.0,0.0
2023-12-15 12:00:00,0.0,0.0,0.0,0.0
2023-12-15 13:00:00,0.0,0.0,0.0,0.0
2023-12-15 14:00:00,0.0,0.0,0.0,0.0
2023-12-15 15:00:00,0.0,0.0,0.0,0.0
2023-12-15 16:00:00,0.0,0.0,0.0,0.0
2023-12-15 17:00:00,0.0,0.0,0.0,0.0
2023-12-15 18:00:00,0.0,0.0,0.0,0.0
2023-12-15 19:00:00,0.0,0.0,0.0,0.0
2023-12-15 20:00:00,0.0,0.0,0.0,0.0
2023-12-15 21:00:00,0.0,0.0,0.0,0.0
2023-12-15 22:00:00,0.0,0.0,0.0,0.0
2023-12-15 23:00:00,0.0,0.0,0.0,0.0
2023-12-16 00:00:00,0.0,0.0,0.0,0.0
2023-12-16 01:00:00,0.0,0.0,0.0,0.0
2023-12-16 02:00:00,0.0,0.0,0.0,0.0
2023-12-16 03:00:00,0.0,0.0,0.0,0.0
2023-12-16 04:00:00,0.0,0.0,0.0,0.0
2023-12-16 05:00:00,0.0,0.0,0.0,0.0
2023-12-16 06:00:00,0.0,0.0,0.0,0.0
2023-12-16 07:00:00,0.0,0.0,0.0,0.0
2023-12-16 08:00:00,0.0,0.0,0.0,0.0
2023-12-16 09:00:00,0.0,0.0,0.0,0.0
2023-12-16 10:00:00,0.0,0.0,0.0,0.0
2023-12-16 11:00:00,0.0,0.0,0.0,0.0
2023-12-16 12:00:00,0.0,0.0,0.0,0.0
2023-12-16 13:00:00,0.0,0.0,0.0,0.0
2023-12-16 14:00:00,0.0,0.0,0.0,0.0
2023-12-16 15:00:00,0.0,0.0,0.0,0.0
2023-12-16 16:00:00,0.0,0.0,0.0,0.0
2023-12-16 17:00:00,0.0,0.0,0.0,0.0
2023-12-16 18:00:00,0.0,0.0,0.0,0.0
2023-12-16 19:00:00,0.0,0.0,0.0,0.0
2023-12-16 20:00:00,0.0,0.0,0.0,0.0
2023-12-16 21:00:00,0.0,0.0,0.0,0.0
2023-12-16 22:00:00,0.0,0.0,0.0,0.0
2023-12-16 23:00:00,0.0,0.0,0.0,0.0
2023-12-17 00:00:00,0.0,0.0,0.0,0.0
2023-12-17 01:00:00,0.0,0.0,0.0,0.0
2023-12-17 02:00:00,0.0,0.0,0.0,0.0
2023-12-17 03:00:00,0.0,0.0,0.0,0.0
2023-12-17 04:00:00,0.0,0.0,0.0,0.0
2023-12-17 05:00:00,0.0,0.0,0.0,0.0
2023-12-17 06:00:00,0.0,0.0,0.0,0.0
2023-12-17 07:00:00,0.0,0.0,0.0,0.0
2023-12-17 08:00:00,0.0,0.0,0.0,0.0
2023-12-17 09:00:00,0.0,0.0,0.0,0.0
2023-12-17 10:00:00,0.0,0.0,0.0,0.0
2023-12-17 11:00:00,0.0,0.0,0.0,0.0
2023-12-17 12:00:00,0.0,0.0,0.0,0.0
2023-12-17 13:00:00,0.0,0.0,0.0,0.0
2023-12-17 14:00:00,0.0,0.0,0.0,0.0
2023-12-17 15:00:00,0.0,0.0,0.0,0.0
2023-12-17 16:00:00,0.0,0.0,0.0,0.0
2023-12-17 17:00:00,0.0,0.0,0.0,0.0
2023-12-17 18:00:00,0.0,0.0,0.0,0.0
2023-12-17 19:00:00,0.0,0.0,0.0,0.0
2023-12-17 20:00:00,0.0,0.0,0.0,0.0
2023-12-17 21:00:00,0.0,0.0,0.0,0.0
2023-12-17 22:00:00,0.0,0.0,0.0,0.0
2023-12-17 23:00:00,0.0,0.0,0.0,0.0
2023-12-18 00:00:00,0.0,0.0,0.0,0.0
2023-12-18 01:00:00,0.0,0.0,0.0,0.0
2023-12-18 02:00:00,0.0,0.0,0.0,0.0
2023-12-18 03:00:00,0.0,0.0,0.0,0.0
2023-12-18 04:00:00,0.0,0.0,0.0,0.0
2023-12-18 05:00:00,0.0,0.0,0.0,0.0
2023-12-18 06:00:00,0.0,0.0,0.0,0.0
2023-12-18 07:00:00,0.0,0.0,0.0,0.0
2023-12-18 08:00:00,0.0,0.0,0.0,0.0
2023-12-18 09:00:00,0.0,0.0,0.0,0.0
2023-12-18 10:00:00,0.0,0.0,0.0,0.0
2023-12-18 11:00:00,0.0,0.0,0.0,0.0
2023-12-18 12:00:00,0.0,0.0,0.0,0.0
2023-12-18 13:00:00,0.0,0.0,0.0,0.0
2023-12-18 14:00:00,0.0,0.0,0.0,0.0
2023-12-18 15:00:00,0.0,0.0,0.0,0.0
2023-12-18 16:00:00,0.0,0.0,0.0,0.0
2023-12-18 17:00:00,0.0,0.0,0.0,0.0
2023-12-18 18:00:00,0.0,0.0,0.0,0.0
2023-12-18 19:00:00,0.0,0.0,0.0,0.0
2023-12-18 20:00:00,0.0,0.0,0.0,0.0
2023-12-18 21:00:00,0.0,0.0,0.0,0.0
2023-12-18 22:00:00,0.0,0.0,0.0,0.0
2023-12-18 23:00:00,0.0,0.0,0.0,0.0
2023-12-19 00:00:00,0.0,0.0,0.0,0.0
2023-12-19 01:00:00,0.0,0.0,0.0,0.0
2023-12-19 02:00:00,0.0,0.0,0.0,0.0
2023-12-19 03:00:00,0.0,0.0,0.0,0.0
2023-12-19 04:00:00,0.0,0.0,0.0,0.0
2023-12-19 05:00:00,0.0,0.0,0.0,0.0
2023-12-19 06:00:00,0.0,0.0,0.0,0.0
2023-12-19 07:00:00,0.0,0.0,0.0,0.0
2023-12-19 08:00:00,0.0,0.0,0.0,0.0
2023-12-19 09:00:00,0.0,0.0,0.0,0.0
2023-12-19 10:00:00,0.0,0.0,0.0,0.0
2023-12-19 11:00:00,0.0,0.0,0.0,0.0
2023-12-19 12:00:00,0.0,0.0,0.0,0.0
2023-12-19 13:00:00,0.0,0.0,0.0,0.0
2023-12-19 14:00:00,0.0,0.0,0.0,0.0
2023-12-19 15:00:00,0.0,0.0,0.0,0.0
2023-12-19 16:00:00,0.0,0.0,0.0,0.0
2023-12-19 17:00:00,0.0,0.0,0.0,0.0
2023-12-19 18:00:00,0.0,0.0,0.0,0.0
2023-12-19 19:00:00,0.0,0.0,0.0,0.0
2023-12-19 20:00:00,0.0,0.0,0.0,0.0
2023-12-19 21:00:00,0.0,0.0,0.0,0.0
2023-12-19 22:00:00,0.0,0.0,0.0,0.0
2023-12-19 23:00:00,0.0,0.0,0.0,0.0
2023-12-20 00:00:00,0.0,0.0,0.0,0.0
2023-12-20 01:00:00,0.0,0.0,0.0,0.0
2023-12-20 02:00:00,0.0,0.0,0.0,0.0
2023-12-20 03:00:00,0.0,0.0,0.0,0.0
2023-12-20 04:00:00,0.0,0.0,0.0,0.0
2023-12-20 05:00:00,0.0,0.0,0.0,0.0
2023-12-20 06:00:00,0.0,0.0,0.0,0.0
2023-12-20 07:00:00,0.0,0.0,0.0,0.0
2023-12-20 08:00:00,0.0,0.0,0.0,0.0
2023-12-20 09:00:00,0.0,0.0,0.0,0.0
2023-12-20 10:00:00,0.0,0.0,0.0,0.0
2023-12-20 11:00:00,0.0,0.0,0.0,0.0
2023-12-20 12:00:00,0.0,0.0,0.0,0.0
2023-12-20 13:00:00,0.0,0.0,0.0,0.0
2023-12-20 14:00:00,0.0,0.0,0.0,0.0
2023-12-20 15:00:00,0.0,0.0,0.0,0.0
2023-12-20 16:00:00,0.0,0.0,0.0,0.0
2023-12-20 17:00:00,0.0,0.0,0.0,0.0
2023-12-20 18:00:00,0.0,0.0,0.0,0.0
2023-12-20 19:00:00,0.0,0.0,0.0,0.0
2023-12-20 20:00:00,0.0,0.0,0.0,0.0
2023-12-20 21:00:00,0.0,0.0,0.0,0.0
2023-12-20 22:00:00,0.0,0.0,0.0,0.0
2023-12-20 23:00:00,0.0,0.0,0.0,0.0
2023-12-21 00:00:00,0.0,0.0,0.0,0.0
2023-12-21 01:00:00,0.0,0.0,0.0,0.0
2023-12-21 02:00:00,0.0,0.0,0.0,0.0
2023-12-21 03:00:00,0.0,0.0,0.0,0.0
2023-12-21 04:00:00,0.0,0.0,0.0,0.0
2023-12-21 05:00:00,0.0,0.0,0.0,0.0
2023-12-21 06:00:00,0.0,0.0,0.0,0.0
2023-12-21 07:00:00,0.0,0.0,0.0,0.0
2023-12-21 08:00:00,0.0,0.0,0.0,0.0
2023-12-21 09:00:00,0.0,0.0,0.0,0.0
2023-12-21 10:00:00,0.0,0.0,0.0,0.0
2023-12-21 11:00:00,0.0,0.0,0.0,0.0
2023-12-21 12:00:00,0.0,0.0,0.0,0.0
2023-12-21 13:00:00,0.0,0.0,0.0,0.0
2023-12-21 14:00:00,0.0,0.0,0.0,0.0
2023-12-21 15:00:00,0.0,0.0,0.0,0.0
2023-12-21 16:00:00,0.0,0.0,0.0,0.0
2023-12-21 17:00:00,0.0,0.0,0.0,0.0
2023-12-21 18:00:00,0.0,0.0,0.0,0.0
2023-12-21 19:00:00,0.0,0.0,0.0,0.0
2023-12-21 20:00:00,0.0,0.0,0.0,0.0
2023-12-21 21:00:00,0.0,0.0,0.0,0.0
2023-12-21 22:00:00,0.0,0.0,0.0,0.0
2023-12-21 23:00:00,0.0,0.0,0.0,0.0
2023-12-22 00:00:00,0.0,0.0,0.0,0.0
2023-12-22 01:00:00,0.0,0.0,0.0,0.0
2023-12-22 02:00:00,0.0,0.0,0.0,0.0
2023-12-22 03:00:00,0.0,0.0,0.0,0.0
2023-12-22 04:00:00,0.0,0.0,0.0,0.0
2023-12-22 05:00:00,0.0,0.0,0.0,0.0
2023-12-22 06:00:00,0.0,0.0,0.0,0.0
2023-12-22 07:00:00,0.0,0.0,0.0,0.0
2023-12-22 08:00:00,0.0,0.0,0.0,0.0
2023-12-22 09:00:00,0.0,0.0,0.0,0.0
2023-12-22 10:00:00,0.0,0.0,0.0,0.0
2023-12-22 11:00:00,0.0,0.0,0.0,0.0
2023-12-22 12:00:00,0.0,0.0,0.0,0.0
2023-12-22 13:00:00,0.0,0.0,0.0,0.0
2023-12-22 14:00:00,0.0,0.0,0.0,0.0
2023-12-22 15:00:00,0.0,0.0,0.0,0.0
2023-12-22 16:00:00,0.0,0.0,0.0,0.0
2023-12-22 17:00:00,0.0,0.0,0.0,0.0
2023-12-22 18:00:00,0.0,0.0,0.0,0.0
2023-12-22 19:00:00,0.0,0.0,0.0,0.0
2023-12-22 20:00:00,0.0,0.0,0.0,0.0
2023-12-22 21:00:00,0.0,0.0,0.0,0.0
2023-12-22 22:00:00,0.0,0.0,0.0,0.0
2023-12-22 23:00:00,0.0,0.0,0.0,0.0
2023-12-23 00:00:00,0.0,0.0,0.0,0.0
2023-12-23 01:00:00,0.0,0.0,0.0,0.0
2023-12-23 02:00:00,0.0,0.0,0.0,0.0
2023-12-23 03:00:00,0.0,0.0,0.0,0.0
2023-12-23 04:00:00,0.0,0.0,0.0,0.0
2023-12-23 05:00:00,0.0,0.0,0.0,0.0
2023-12-23 06:00:00,0.0,0.0,0.0,0.0
2023-12-23 07:00:00,0.0,0.0,0.0,0.0
2023-12-23 08:00:00,0.0,0.0,0.0,0.0
2023-12-23 09:00:00,0.0,0.0,0.0,0.0
2023-12-23 10:00:00,0.0,0.0,0.0,0.0
2023-12-23 11:00:00,0.0,0.0,0.0,0.0
2023-12-23 12:00:00,0.0,0.0,0.0,0.0
2023-12-23 13:00:00,0.0,0.0,0.0,0.0
2023-12-23 14:00:00,0.0,0.0,0.0,0.0
2023-12-23 15:00:00,0.0,0.0,0.0,0.0
2023-12-23 16:00:00,0.0,0.0,0.0,0.0
2023-12-23 17:00:00,0.0,0.0,0.0,0.0
2023-12-23 18:00:00,0.0,0.0,0.0,0.0
2023-12-23 19:00:00,0.0,0.0,0.0,0.0
2023-12-23 20:00:00,0.0,0.0,0.0,0.0
2023-12-23 21:00:00,0.0,0.0,0.0,0.0
2023-12-23 22:00:00,0.0,0.0,0.0,0.0
2023-12-23 23:00:00,0.0,0.0,0.0,0.0
2023-12-24 00:00:00,0.0,0.0,0.0,0.0
2023-12-24 01:00:00,0.0,0.0,0.0,0.0
2023-12-24 02:00:00,0.0,0.0,0.0,0.0
2023-12-24 03:00:00,0.0,0.0,0.0,0.0
2023-12-24 04:00:00,0.0,0.0,0.0,0.0
2023-12-24 05:00:00,0.0,0.0,0.0,0.0
2023-12-24 06:00:00,0.0,0.0,0.0,0.0
2023-12-24 07:00:00,0.0,0.0,0.0,0.0
2023-12-24 08:00:00,0.0,0.0,0.0,0.0
2023-12-24 09:00:00,0.0,0.0,0.0,0.0
2023-12-24 10:00:00,0.0,0.0,0.0,0.0
2023-12-24 11:00:00,0.0,0.0,0.0,0.0
2023-12-24 12:00:00,0.0,0.0,0.0,0.0
2023-12-24 13:00:00,0.0,0.0,0.0,0.0
2023-12-24 14:00:00,0.0,0.0,0.0,0.0
2023-12-24 15:00:00,0.0,0.0,0.0,0.0
2023-12-24 16:00:00,0.0,0.0,0.0,0.0
2023-12-24 17:00:00,0.0,0.0,0.0,0.0
2023-12-24 18:00:00,0.0,0.0,0.0,0.0
2023-12-24 19:00:00,0.0,0.0,0.0,0.0
2023-12-24 20:00:00,0.0,0.0,0.0,0.0
2023-12-24 21:00:00,0.0,0.0,0.0,0.0
2023-12-24 22:00:00,0.0,0.0,0.0,0.0
2023-12-24 23:00:00,0.0,0.0,0.0,0.0
2023-12-25 00:00:00,0.0,0.0,0.0,0.0
2023-12-25 01:00:00,0.0,0.0,0.0,0.0
2023-12-25 02:00:00,0.0,0.0,0.0,0.0
2023-12-25 03:00:00,0.0,0.0,0.0,0.0
2023-12-25 04:00:00,0.0,0.0,0.0,0.0
2023-12-25 05:00:00,0.0,0.0,0.0,0.0
2023-12-25 06:00:00,0.0,0.0,0.0,0.0
2023-12-25 07:00:00,0.0,0.0,0.0,0.0
2023-12-25 08:00:00,0.0,0.0,0.0,0.0
2023-12-25 09:00:00,0.0,0.0,0.0,0.0
2023-12-25 10:00:00,0.0,0.0,0.0,0.0
2023-12-25 11:00:00,0.0,0.0,0.0,0.0
2023-12-25 12:00:00,0.0,0.0,0.0,0.0
2023-12-25 13:00:00,0.0,0.0,0.0,0.0
2023-12-25 14:00:00,0.0,0.0,0.0,0.0
2023-12-25 15:00:00,0.0,0.0,0.0,0.0
2023-12-25 16:00:00,0.0,0.0,0.0,0.0
2023-12-25 17:00:00,0.0,0.0,0.0,0.0
2023-12-25 18:00:00,0.0,0.0,0.0,0.0
2023-12-25 19:00:00,0.0,0.0,0.0,0.0
2023-12-25 20:00:00,0.0,0.0,0.0,0.0
2023-12-25 21:00:00,0.0,0.0,0.0,0.0
2023-12-25 22:00:00,0.0,0.0,0.0,0.0
2023-12-25 23:00:00,0.0,0.0,0.0,0.0
2023-12-26 00:00:00,0.0,0.0,0.0,0.0
2023-12-26 01:00:00,0.0,0.0,0.0,0.0
2023-12-26 02:00:00,0.0,0.0,0.0,0.0
2023-12-26 03:00:00,0.0,0.0,0.0,0.0
2023-12-26 04:00:00,0.0,0.0,0.0,0.0
2023-12-26 05:00:00,0.0,0.0,0.0,0.0
2023-12-26 06:00:00,0.0,0.0,0.0,0.0
2023-12-26 07:00:00,0.0,0.0,0.0,0.0
2023-12-26 08:00:00,0.0,0.0,0.0,0.0
2023-12-26 09:00:00,0.0,0.0,0.0,0.0
2023-12-26 10:00:00,0.0,0.0,0.0,0.0
2023-12-26 11:00:00,0.0,0.0,0.0,0.0
2023-12-26 12:00:00,0.0,0.0,0.0,0.0
2023-12-26 13:00:00,0.0,0.0,0.0,0.0
2023-12-26 14:00:00,0.0,0.0,0.0,0.0
2023-12-26 15:00:00,0.0,0.0,0.0,0.0
2023-12-26 16:00:00,0.0,0.0,0.0,0.0
2023-12-26 17:00:00,0.0,0.0,0.0,0.0
2023-12-26 18:00:00,0.0,0.0,0.0,0.0
2023-12-26 19:00:00,0.0,0.0,0.0,0.0
2023-12-26 20:00:00,0.0,0.0,0.0,0.0
2023-12-26 21:00:00,0.0,0.0,0.0,0.0
2023-12-26 22:00:00,0.0,0.0,0.0,0.0
2023-12-26 23:00:00,0.0,0.0,0.0,0.0
2023-12-27 00:00:00,0.0,0.0,0.0,0.0
2023-12-27 01:00:00,0.0,0.0,0.0,0.0
2023-12-27 02:00:00,0.0,0.0,0.0,0.0
2023-12-27 03:00:00,0.0,0.0,0.0,0.0
2023-12-27 04:00:00,0.0,0.0,0.0,0.0
2023-12-27 05:00:00,0.0,0.0,0.0,0.0
2023-12-27 06:00:00,0.0,0.0,0.0,0.0
2023-12-27 07:00:00,0.0,0.0,0.0,0.0
2023-12-27 08:00:00,0.0,0.0,0.0,0.0
2023-12-27 09:00:00,0.0,0.0,0.0,0.0
2023-12-27 10:00:00,0.0,0.0,0.0,0.0
2023-12-27 11:00:00,0.0,0.0,0.0,0.0
2023-12-27 12:00:00,0.0,0.0,0.0,0.0
2023-12-27 13:00:00,0.0,0.0,0.0,0.0
2023-12-27 14:00:00,0.0,0.0,0.0,0.0
2023-12-27 15:00:00,0.0,0.0,0.0,0.0
2023-12-27 16:00:00,0.0,0.0,0.0,0.0
2023-12-27 17:00:00,0.0,0.0,0.0,0.0
2023-12-27 18:00:00,0.0,0.0,0.0,0.0
2023-12-27 19:00:00,0.0,0.0,0.0,0.0
2023-12-27 20:00:00,0.0,0.0,0.0,0.0
2023-12-27 21:00:00,0.0,0.0,0.0,0.0
2023-12-27 22:00:00,0.0,0.0,0.0,0.0
2023-12-27 23:00:00,0.0,0.0,0.0,0.0
2023-12-28 00:00:00,0.0,0.0,0.0,0.0
2023-12-28 01:00:00,0.0,0.0,0.0,0.0
2023-12-28 02:00:00,0.0,0.0,0.0,0.0
2023-12-28 03:00:00,0.0,0.0,0.0,0.0
2023-12-28 04:00:00,0.0,0.0,0.0,0.0
2023-12-28 05:00:00,0.0,0.0,0.0,0.0
2023-12-28 06:00:00,0.0,0.0,0.0,0.0
2023-12-28 07:00:00,0.0,0.0,0.0,0.0
2023-12-28 08:00:00,0.0,0.0,0.0,0.0
2023-12-28 09:00:00,0.0,0.0,0.0,0.0
2023-12-28 10:00:00,0.0,0.0,0.0,0.0
2023-12-28 11:00:00,0.0,0.0,0.0,0.0
2023-12-28 12:00:00,0.0,0.0,0.0,0.0
2023-12-28 13:00:00,0.0,0.0,0.0,0.0
2023-12-28 14:00:00,0.0,0.0,0.0,0.0
2023-12-28 15:00:00,0.0,0.0,0.0,0.0
2023-12-28 16:00:00,0.0,0.0,0.0,0.0
2023-12-28 17:00:00,0.0,0.0,0.0,0.0
2023-12-28 18:00:00,0.0,0.0,0.0,0.0
2023-12-28 19:00:00,0.0,0.0,0.0,0.0
2023-12-28 20:00:00,0.0,0.0,0.0,0.0
2023-12-28 21:00:00,0.0,0.0,0.0,0.0
2023-12-28 22:00:00,0.0,0.0,0.0,0.0
2023-12-28 23:00:00,0.0,0.0,0.0,0.0
2023-12-29 00:00:00,0.0,0.0,0.0,0.0
2023-12-29 01:00:00,0.0,0.0,0.0,0.0
2023-12-29 02:00:00,0.0,0.0,0.0,0.0
2023-12-29 03:00:00,0.0,0.0,0.0,0.0
2023-12-29 04:00:00,0.0,0.0,0.0,0.0
2023-12-29 05:00:00,0.0,0.0,0.0,0.0
2023-12-29 06:00:00,0.0,0.0,0.0,0.0
2023-12-29 07:00:00,0.0,0.0,0.0,0.0
2023-12-29 08:00:00,0.0,0.0,0.0,0.0
2023-12-29 09:00:00,0.0,0.0,0.0,0.0
2023-12-29 10:00:00,0.0,0.0,0.0,0.0
2023-12-29 11:00:00,0.0,0.0,0.0,0.0
2023-12-29 12:00:00,0.0,0.0,0.0,0.0
2023-12-29 13:00:00,0.0,0.0,0.0,0.0
2023-12-29 14:00:00,0.0,0.0,0.0,0.0
2023-12-29 15:00:00,0.0,0.0,0.0,0.0
2023-12-29 16:00:00,0.0,0.0,0.0,0.0
2023-12-29 17:00:00,0.0,0.0,0.0,0.0
2023-12-29 18:00:00,0.0,0.0,0.0,0.0
2023-12-29 19:00:00,0.0,0.0,0.0,0.0
2023-12-29 20:00:00,0.0,0.0,0.0,0.0
2023-12-29 21:00:00,0.0,0.0,0.0,0.0
2023-12-29 22:00:00,0.0,0.0,0.0,0.0
2023-12-29 23:00:00,0.0,0.0,0.0,0.0
2023-12-30 00:00:00,0.0,0.0,0.0,0.0
2023-12-30 01:00:00,0.0,0.0,0.0,0.0
2023-12-30 02:00:00,0.0,0.0,0.0,0.0
2023-12-30 03:00:00,0.0,0.0,0.0,0.0
2023-12-30 04:00:00,0.0,0.0,0.0,0.0
2023-12-30 05:00:00,0.0,0.0,0.0,0.0
2023-12-30 06:00:00,0.0,0.0,0.0,0.0
2023-12-30 07:00:00,0.0,0.0,0.0,0.0
2023-12-30 08:00:00,0.0,0.0,0.0,0.0
2023-12-30 09:00:00,0.0,0.0,0.0,0.0
2023-12-30 10:00:00,0.0,0.0,0.0,0.0
2023-12-30 11:00:00,0.0,0.0,0.0,0.0
2023-12-30 12:00:00,0.0,0.0,0.0,0.0
2023-12-30 13:00:00,0.0,0.0,0.0,0.0
2023-12-30 14:00:00,0.0,0.0,0.0,0.0
2023-12-30 15:00:00,0.0,0.0,0.0,0.0
2023-12-30 16:00:00,0.0,0.0,0.0,0.0
2023-12-30 17:00:00,0.0,0.0,0.0,0.0
2023-12-30 18:00:00,0.0,0.0,0.0,0.0
2023-12-30 19:00:00,0.0,0.0,0.0,0.0
2023-12-30 20:00:00,0.0,0.0,0.0,0.0
2023-12-30 21:00:00,0.0,0.0,0.0,0.0
2023-12-30 22:00:00,0.0,0.0,0.0,0.0
2023-12-30 23:00:00,0.0,0.0,0.0,0.0
2023-12-31 00:00:00,0.0,0.0,0.0,0.0
2023-12-31 01:00:00,0.0,0.0,0.0,0.0
2023-12-31 02:00:00,0.0,0.0,0.0,0.0
2023-12-31 03:00:00,0.0,0.0,0.0,0.0
2023-12-31 04:00:00,0.0,0.0,0.0,0.0
2023-12-31 05:00:00,0.0,0.0,0.0,0.0
2023-12-31 06:00:00,0.0,0.0,0.0,0.0
2023-12-31 07:00:00,0.0,0.0,0.0,0.0
2023-12-31 08:00:00,0.0,0.0,0.0,0.0
2023-12-31 09:00:00,0.0,0.0,0.0,0.0
2023-12-31 10:00:00,0.0,0.0,0.0,0.0
2023-12-31 11:00:00,0.0,0.0,0.0,0.0
2023-12-31 12:00:00,0.0,0.0,0.0,0.0
2023-12-31 13:00:00,0.0,0.0,0.0,0.0
2023-12-31 14:00:00,0.0,0.0,0.0,0.0
2023-12-31 15:00:00,0.0,0.0,0.0,0.0
2023-12-31 16:00:00,0.0,0.0,0.0,0.0
2023-12-31 17:00:00,0.0,0.0,0.0,0.0
2023-12-31 18:00:00,0.0,0.0,0.0,0.0
2023-12-31 19:00:00,0.0,0.0,0.0,0.0
2023-12-31 20:00:00,0.0,0.0,0.0,0.0
2023-12-31 21:00:00,0.0,0.0,0.0,0.0
2023-12-31 22:00:00,0.0,0.0,0.0,0.0
2023-12-31 23:00:00,0.0,0.0,0.0,0.0
