Datetime,GLENDOVEER-13599 (n=1910),GLENDOVEER-CLIFFGATE (n=1941),GLENDOVEER-NORTHEAST (n=1512),GLENDOVEER-13598 (n=2168),GLENDOVEER-13596 (n=583),GLENDOVEER-13597 (n=1100)
2023-01-01 00:00:00,2266.457834,2301.184,1433.734999,2507.182832,636.952333,1242.9740000000002
2023-01-01 01:00:00,2138.373999,2087.0339999999997,1274.0249989999998,2326.477331,625.9143329999999,1180.0169999999998
2023-01-01 02:00:00,2061.4980020000003,1935.9479999999999,1195.536335,2277.3481620000002,606.954667,1132.948
2023-01-01 03:00:00,1969.938001,1877.232,1174.714667,2175.6011630000003,559.874,1112.529
2023-01-01 04:00:00,1880.834,1872.7640000000001,1150.882334,2049.988499,555.3290000000001,1110.5546669999999
2023-01-01 05:00:00,1836.8225,1845.3290000000002,1179.327334,2056.764333,542.547667,1102.673667
2023-01-01 06:00:00,1902.7730009999998,1944.007,1243.283668,2081.295669,588.973667,1104.374333
2023-01-01 07:00:00,1962.879833,2087.694,1398.382666,2195.005663,609.9556670000001,1150.0456669999999
2023-01-01 08:00:00,2105.807835,2242.991,1519.024668,2409.673165,659.487,1201.344333
2023-01-01 09:00:00,2349.6025,2460.646,1647.731334,2605.5664970000003,748.6009999999999,1305.373333
2023-01-01 10:00:00,2563.430334,2715.664,1783.254999,2892.4836699999996,835.9110000000001,1446.699
2023-01-01 11:00:00,2762.205333,2806.023,1860.993332,3061.417171,841.304,1513.237333
2023-01-01 12:00:00,2968.093336,2884.705,1919.1513330000002,3132.642836,842.138,1535.443
2023-01-01 13:00:00,2913.588001,2862.355,1957.629667,3203.0789990000003,810.457,1567.527333
2023-01-01 14:00:00,2956.48,2858.57,1896.55,3147.092663,799.586,1596.6309999999999
2023-01-01 15:00:00,2910.657999,2815.038,1916.153667,3150.284998,781.734,1592.7730000000001
2023-01-01 16:00:00,2894.1153329999997,2836.848,1921.651667,3234.032002,842.5130000000001,1570.869668
2023-01-01 17:00:00,3102.353002,3266.7799999999997,2125.846334,3304.0495039999996,839.892,1705.004
2023-01-01 18:00:00,3205.1796670000003,3472.4139999999998,2246.897,3534.281,895.1310000000001,1805.4339989999999
2023-01-01 19:00:00,3185.0201660000002,3422.868,2199.634333,3548.335167,927.365,1774.8539999999998
2023-01-01 20:00:00,3148.4993329999998,3370.3109999999997,2138.6263329999997,3542.906167,918.74,1796.892667
2023-01-01 21:00:00,3130.961499,3234.0600000000004,2018.667333,3399.467332,925.2160000000001,1758.4496669999999
2023-01-01 22:00:00,2991.6836670000002,3054.275,1898.201333,3194.459163,888.9369999999999,1689.1109999999999
2023-01-01 23:00:00,2785.803,2717.931,1738.1033329999998,2983.5660000000003,825.327,1582.078334
2023-01-02 00:00:00,2611.718332,2409.1986669999997,1555.774333,2754.1490009999998,717.24,1412.086333
2023-01-02 01:00:00,2367.956667,2180.46,1402.851333,2579.978665,659.8969999999999,1347.492332
2023-01-02 02:00:00,2215.110003,2037.0243330000003,1345.438333,2410.849332,627.044,1293.071
2023-01-02 03:00:00,2112.502001,1996.192667,1288.618333,2340.240669,623.109999,1258.340334
2023-01-02 04:00:00,2112.1980009999997,2010.096334,1286.387333,2315.8579990000003,606.6010000000001,1270.271999
2023-01-02 05:00:00,2159.358667,2103.247666,1356.392666,2379.8933319999996,600.1099999999999,1278.387999
2023-01-02 06:00:00,2242.855334,2210.9173330000003,1447.2920010000003,2526.8903330000003,641.72,1312.359334
2023-01-02 07:00:00,2384.766,2421.003,1579.590333,2622.734668,697.86,1452.815667
2023-01-02 08:00:00,2594.564999,2644.416667,1779.518333,2849.794331,778.125,1539.5003339999998
2023-01-02 09:00:00,2805.5516669999997,2891.624,2002.684667,3086.183665,862.7470000000001,1641.240667
2023-01-02 10:00:00,3046.857667,3058.458,2124.459334,3346.880001,916.9730000000001,1810.133333
2023-01-02 11:00:00,3318.672,3128.302333,2209.1093330000003,3612.812667,989.392,1876.7366670000001
2023-01-02 12:00:00,3442.041335,3191.2156670000004,2245.816667,3690.652,1014.76,1901.755666
2023-01-02 13:00:00,3498.049666,3199.4339999999997,2230.460667,3785.2880010000003,999.806,2002.7160000000001
2023-01-02 14:00:00,3592.6306669999994,3202.632,2179.933,3810.01,959.425,2005.247668
2023-01-02 15:00:00,3607.2363339999997,3139.3630000000003,2181.150667,3824.472669,967.973,1977.668333
2023-01-02 16:00:00,3784.694665,3314.486,2247.478,3893.67,980.1680000000001,2093.314999
2023-01-02 17:00:00,3919.8526649999994,3637.7729999999997,2460.392333,4136.129331,1041.962,2194.597001
2023-01-02 18:00:00,4098.755,3847.298,2558.553,4291.901667,1118.83,2264.5026660000003
2023-01-02 19:00:00,4080.476665,3743.366,2548.8329999999996,4212.037001000001,1120.409,2197.4416659999997
2023-01-02 20:00:00,4017.2936659999996,3672.859,2458.433,4067.0810009999996,1094.61,2161.923667
2023-01-02 21:00:00,3840.2083329999996,3488.5029999999997,2289.5950000000003,3923.4133380000003,1029.7150000000001,2039.5606659999999
2023-01-02 22:00:00,3436.819332,3174.2,2103.155334,3655.1096660000003,1002.2760000000001,1891.0430000000001
2023-01-02 23:00:00,3027.097999,2790.72,1813.532666,3273.199001,886.094,1681.199333
2023-01-03 00:00:00,2777.2949989999997,2465.68,1607.761333,2961.1975,754.617,1445.119333
2023-01-03 01:00:00,2567.373999,2221.145,1445.891,2671.532336,668.89,1338.515666
2023-01-03 02:00:00,2371.925,2096.6099999999997,1367.248333,2445.580502,637.6119999999999,1265.614
2023-01-03 03:00:00,2207.8756679999997,2029.56,1335.403333,2407.874668,608.8109999999999,1241.821667
2023-01-03 04:00:00,2162.0636670000004,2076.304,1327.3583330000001,2373.7159979999997,618.198,1232.5793330000001
2023-01-03 05:00:00,2242.071333,2162.023,1429.7546670000002,2478.170502,654.626,1288.293334
2023-01-03 06:00:00,2406.953001,2394.319,1572.924333,2712.495331,703.756,1375.620333
2023-01-03 07:00:00,2693.879,2678.4700000000003,1781.658,2966.536664,802.816,1516.182334
2023-01-03 08:00:00,2877.4983329999995,2806.3500000000004,1955.944333,3062.455501,907.803,1590.6779999999999
2023-01-03 09:00:00,2898.8896680000003,2841.851,1952.726333,3128.803831,874.3629999999999,1495.110333
2023-01-03 10:00:00,2908.4469990000002,2868.709,1970.115334,3103.286002,872.42,1535.142
2023-01-03 11:00:00,3050.474668,2853.067,2046.282666,3186.040834,875.8629999999999,1534.7129999999997
2023-01-03 12:00:00,3044.548334,2893.9139999999998,2018.903333,3173.074331,882.77,1607.180667
2023-01-03 13:00:00,3074.289999,2807.749,1940.529667,3220.074666,873.403,1650.083
2023-01-03 14:00:00,3080.928333,2835.295,1977.757,3217.5156690000003,877.3520000000001,1666.2713330000001
2023-01-03 15:00:00,3139.0446660000002,2817.208,1945.776,3185.337165,888.575,1682.2459990000002
2023-01-03 16:00:00,3251.360999,2919.1009999999997,1998.894334,3480.0720009999995,897.812,1807.297666
2023-01-03 17:00:00,3485.8846679999997,3261.794,2218.589333,3788.424668,942.106,2017.0756660000002
2023-01-03 18:00:00,3703.3860000000004,3618.344,2357.970333,4071.499667,1066.831,2099.4446669999998
2023-01-03 19:00:00,3721.199334,3703.983,2379.544667,4107.841332,1117.7420000000002,2068.956668
2023-01-03 20:00:00,3655.959331,3587.0950000000003,2268.671667,4046.623335,1088.5720000000001,2062.828001
2023-01-03 21:00:00,3519.178334,3431.378,2181.212333,3906.273999,1027.211,1907.1963340000002
2023-01-03 22:00:00,3318.9303330000002,3126.7209999999995,1996.5220000000002,3576.408335,977.915,1792.477667
2023-01-03 23:00:00,3009.842334,2767.429,1807.939333,3209.220336,883.874,1596.560999
2023-01-04 00:00:00,2652.2173350000003,2423.2079999999996,1533.095667,2852.1538299999997,753.279,1486.340667
2023-01-04 01:00:00,2377.1236670000003,2175.768333,1400.910667,2632.233835,682.529,1355.447334
2023-01-04 02:00:00,2277.059334,2052.4869999999996,1321.7459999999999,2469.619166,639.6600000000001,1317.826
2023-01-04 03:00:00,2175.106667,2004.356,1294.677,2409.513836,632.1590000000001,1269.4016660000002
2023-01-04 04:00:00,2183.3349989999997,2081.502,1316.757,2398.180168,630.792,1271.470334
2023-01-04 05:00:00,2283.9626660000004,2200.285,1362.083333,2532.860337,667.221,1315.533
2023-01-04 06:00:00,2481.3826670000003,2405.205,1534.92,2764.268665,715.588,1398.17
2023-01-04 07:00:00,2811.976001,2695.659667,1779.532333,3007.8234970000003,835.5039999999999,1584.7183330000003
2023-01-04 08:00:00,2962.663333,2938.839333,1947.579666,3250.7826670000004,892.4559999999999,1658.934334
2023-01-04 09:00:00,3018.175333,2866.782333,2051.316667,3263.01483,907.116,1696.089668
2023-01-04 10:00:00,3057.184332,2850.645,2093.9636659999996,3298.075997,894.638,1702.080667
2023-01-04 11:00:00,3067.777833,2873.674333,2100.8050000000003,3314.008335,867.875,1716.775001
2023-01-04 12:00:00,3091.2096659999997,2854.96,2100.7439999999997,3249.6524999999997,903.931,1741.453
2023-01-04 13:00:00,3116.287333,2832.800333,2055.83,3309.005672,911.322,1753.8673329999997
2023-01-04 14:00:00,3106.232167,2866.700333,2003.637,3345.4425020000003,881.939,1808.675667
2023-01-04 15:00:00,3237.5105009999997,2916.333667,2054.755,3449.736336,924.517,1778.443667
2023-01-04 16:00:00,3484.790833,3080.498,2130.8469999999998,3580.4208310000004,944.809,1868.866334
2023-01-04 17:00:00,3791.582666,3413.56,2337.686,3914.508668,1014.6829999999999,2075.889667
2023-01-04 18:00:00,3934.909334,3601.71,2462.843,4183.930001000001,1040.0729999999999,2266.541333
2023-01-04 19:00:00,4033.9591659999996,3669.334,2462.115,4235.052335,1103.392,2175.281333
2023-01-04 20:00:00,3936.994333,3611.945,2324.565,4127.973666,1060.0459999999998,2071.776334
2023-01-04 21:00:00,3776.189,3332.767667,2202.2610000000004,3863.037663,1054.7179999999998,1993.3360000000002
2023-01-04 22:00:00,3554.905666,3100.3396669999997,2010.056333,3599.2020030000003,951.4839999999999,1843.924
2023-01-04 23:00:00,3064.126999,2714.748,1711.051,3191.6493339999997,843.837,1720.5439999999999
2023-01-05 00:00:00,2721.053666,2370.4203329999996,1511.741333,2820.8713340000004,742.0889999999999,1550.022
2023-01-05 01:00:00,2407.2019999999998,2133.867,1345.546333,2524.362667,655.094,1347.411334
2023-01-05 02:00:00,2240.735,2015.2973330000002,1225.4363329999999,2354.769663,623.1759999999999,1232.411333
2023-01-05 03:00:00,2129.6374990000004,1943.8583330000001,1207.537,2280.447,587.335,1185.562
2023-01-05 04:00:00,2102.869167,1954.514334,1218.425333,2242.144999,599.7149999999999,1156.956333
2023-01-05 05:00:00,2140.765499,2012.315,1267.8236670000001,2315.893999,599.825,1191.06
2023-01-05 06:00:00,2301.9106659999998,2236.457667,1464.862333,2547.759168,637.8430000000001,1277.094
2023-01-05 07:00:00,2586.2825,2542.650333,1612.0826670000001,2797.3211679999995,768.8126669999999,1474.3770000000002
2023-01-05 08:00:00,2581.044667,2705.0429999999997,1796.0729999999999,2864.783003,827.9073330000001,1513.926
2023-01-05 09:00:00,2658.623667,2685.510333,1897.0130000000001,2827.4303339999997,827.088667,1404.523
2023-01-05 10:00:00,2657.627833,2660.2259999999997,1839.378333,2846.707668,803.7339999999999,1376.338
2023-01-05 11:00:00,2680.022167,2613.2799999999997,1828.1023329999998,2817.4383369999996,765.422333,1391.412
2023-01-05 12:00:00,2690.7236669999998,2604.918667,1843.630667,2807.369005,772.838667,1379.573
2023-01-05 13:00:00,2621.9848330000004,2667.1910000000003,1823.366,2805.9345000000003,770.4870000000001,1420.1996669999999
2023-01-05 14:00:00,2649.4125,2633.45,1799.2089999999998,2870.541662,754.931,1404.623333
2023-01-05 15:00:00,2637.062,2674.733,1786.4753329999999,2859.332168,753.760667,1394.496
2023-01-05 16:00:00,2741.543167,2664.148,1766.5990000000002,2952.9434979999996,819.1610000000001,1428.2089999999998
2023-01-05 17:00:00,2992.785334,2883.2219999999998,1948.1293329999999,3217.165834,890.9010000000001,1624.6219999999998
2023-01-05 18:00:00,3222.552,3247.5409999999997,2110.3006670000004,3448.488664,928.1030000000001,1730.903
2023-01-05 19:00:00,3390.339,3253.759,2113.868,3575.4070030000003,987.344,1687.158
2023-01-05 20:00:00,3334.9793329999998,3203.316,2094.071,3415.977668,934.948,1708.656
2023-01-05 21:00:00,3119.8716679999998,3038.933,1975.0703330000001,3240.595998,872.917,1589.1309999999999
2023-01-05 22:00:00,2924.656833,2829.0480000000002,1804.3739999999998,2957.0458360000002,847.9960000000001,1489.828
2023-01-05 23:00:00,2596.864,2483.6549999999997,1619.2493330000002,2668.40433,756.463,1358.315
2023-01-06 00:00:00,2330.4155010000004,2195.6839999999997,1368.793333,2380.8395,667.819,1175.1779999999999
2023-01-06 01:00:00,2072.8993339999997,1957.1550000000002,1208.710333,2166.844336,612.445,1077.167
2023-01-06 02:00:00,1940.470333,1807.818,1140.992667,2028.604336,580.935,1017.960667
2023-01-06 03:00:00,1884.243832,1777.6770000000001,1131.788,1973.0508370000002,564.796,1005.7746659999999
2023-01-06 04:00:00,1857.9566679999998,1850.3210000000001,1140.52,1986.5369970000002,583.189,997.3743340000001
2023-01-06 05:00:00,1911.3933339999999,1976.7999999999997,1211.534333,2144.369832,587.613,1089.447001
2023-01-06 06:00:00,2136.990166,2142.1639999999998,1401.9843329999999,2330.9356660000003,639.5249999999999,1165.1999999999998
2023-01-06 07:00:00,2487.4039999999995,2473.412,1648.425,2615.263669,732.6880000000001,1362.246666
2023-01-06 08:00:00,2618.1679999999997,2711.279,1803.953,2794.296332,816.14,1409.395
2023-01-06 09:00:00,2602.125833,2685.771,1804.993,2855.7573380000003,819.5509999999999,1372.7769999999998
2023-01-06 10:00:00,2644.301999,2653.75,1809.268,2864.378165,818.109,1374.025
2023-01-06 11:00:00,2649.753667,2610.812,1832.508,2856.042332,821.22,1364.3600000000001
2023-01-06 12:00:00,2662.099167,2609.838,1764.197,2809.457837,760.7750000000001,1323.82
2023-01-06 13:00:00,2612.859167,2558.803,1764.679,2698.7363379999997,727.472,1330.241
2023-01-06 14:00:00,2553.557667,2538.8459999999995,1716.5,2696.755666,759.5140000000001,1313.547
2023-01-06 15:00:00,2681.8996669999997,2561.5069999999996,1801.566,2754.192164,807.921,1345.659
2023-01-06 16:00:00,2819.7558329999997,2688.526,1879.03,2882.5461649999997,839.468,1440.521333
2023-01-06 17:00:00,3084.7395,2967.632,2001.1129999999998,3133.2721680000004,913.0060000000001,1543.7530000000002
2023-01-06 18:00:00,3158.4865,3130.031,2122.5480000000002,3364.703,942.109,1663.0500000000002
2023-01-06 19:00:00,3246.720167,3120.891,2065.536,3380.986664,941.337,1586.557
2023-01-06 20:00:00,3094.285334,3087.8759999999997,1999.48,3337.48433,871.799,1545.975667
2023-01-06 21:00:00,2922.7918339999997,2876.2,1855.5410000000002,3128.310497,810.405,1480.153333
2023-01-06 22:00:00,2770.562666,2696.968,1696.1930000000002,2962.7335000000003,790.1229999999999,1482.8143329999998
2023-01-06 23:00:00,2553.1749999999997,2444.4480000000003,1536.132,2720.3946619999997,697.58,1344.261667
2023-01-07 00:00:00,2317.267667,2163.415,1395.52,2491.6701669999998,667.001,1202.063001
2023-01-07 01:00:00,2136.394666,1975.732,1287.1689999999999,2274.571167,601.1419999999999,1143.041999
2023-01-07 02:00:00,1994.4535,1854.212,1202.925,2129.573336,567.405,1041.5593330000002
2023-01-07 03:00:00,1866.337,1775.8829999999998,1155.792,2028.7366670000001,562.817333,1011.1536669999999
2023-01-07 04:00:00,1794.4050000000002,1758.616,1107.0240000000001,1970.6926680000001,536.613667,986.86
2023-01-07 05:00:00,1805.031167,1805.031,1132.756,2021.0488330000003,513.046,988.691
2023-01-07 06:00:00,1899.151668,1886.842,1259.896,2082.1245019999997,564.6320000000001,1019.783
2023-01-07 07:00:00,2014.382834,2083.4579999999996,1381.3360000000002,2250.978169,607.402,1128.0649999999998
2023-01-07 08:00:00,2207.807167,2344.786,1579.234,2432.096498,693.1659999999999,1210.634
2023-01-07 09:00:00,2436.6796679999998,2593.65,1790.216,2748.776998,762.447,1325.592
2023-01-07 10:00:00,2703.714,2841.36,1861.212,3015.4316639999997,826.28,1468.752
2023-01-07 11:00:00,2818.294667,2886.0299999999997,2007.576,3087.134672,853.918,1592.038
2023-01-07 12:00:00,2920.3365,2965.116,2016.7923329999999,3048.7276659999998,842.588,1532.993
2023-01-07 13:00:00,2873.083167,2940.8990000000003,2066.9583329999996,3146.3233330000003,817.6999999999999,1605.405
2023-01-07 14:00:00,2972.008,2860.4890000000005,1995.1860000000001,3066.517997,824.847,1581.174333
2023-01-07 15:00:00,2999.012333,2911.85,1958.367,3163.895664,847.977,1562.785334
2023-01-07 16:00:00,2951.431334,2916.41,1968.8790000000001,3228.627996,861.7230000000001,1603.361333
2023-01-07 17:00:00,3081.4475,3046.059,2052.9030000000002,3269.909333,883.645,1611.236667
2023-01-07 18:00:00,3161.618667,3265.543,2159.48,3445.3303320000005,919.515,1659.337
2023-01-07 19:00:00,3125.7015,3195.337,2139.5109999999995,3460.186165,960.4190000000001,1632.888
2023-01-07 20:00:00,3006.2744999999995,3128.0870000000004,2042.8109999999997,3344.88617,928.386,1581.238
2023-01-07 21:00:00,2877.6473340000002,2965.5640000000003,1996.155,3167.807167,856.125,1498.892
2023-01-07 22:00:00,2786.862,2783.751,1789.6819999999998,3038.613328,823.126,1514.491
2023-01-07 23:00:00,2582.9685,2468.906,1619.333,2741.917335,772.1270000000001,1383.6950000000002
2023-01-08 00:00:00,2360.7275,2200.135,1386.3290000000002,2525.769165,679.7349999999999,1246.6470000000002
2023-01-08 01:00:00,2109.498334,2044.095,1254.5120000000002,2317.848163,615.561,1136.162333
2023-01-08 02:00:00,1955.155167,1875.749,1152.531,2131.278667,575.836,1034.556666
2023-01-08 03:00:00,1846.395666,1779.478,1072.914,1991.799336,536.2349999999999,985.721333
2023-01-08 04:00:00,1757.089665,1758.3020000000001,1073.225,1932.8760009999999,530.981,967.107
2023-01-08 05:00:00,1747.843333,1800.896,1101.056,1976.763833,524.1020000000001,990.635
2023-01-08 06:00:00,1803.1080009999998,1852.0639999999999,1167.135,2013.73017,536.392,1047.139
2023-01-08 07:00:00,1888.7234999999998,2010.092,1298.9,2124.589168,553.807,1128.4859999999999
2023-01-08 08:00:00,2128.7343339999998,2303.063,1495.232,2261.69333,649.5,1197.4389999999999
2023-01-08 09:00:00,2405.864833,2604.074,1736.4450000000002,2636.082663,756.657,1355.027
2023-01-08 10:00:00,2689.3774999999996,2820.011,1858.116,2986.582665,855.559,1461.723
2023-01-08 11:00:00,2851.2,2872.4610000000002,1883.886,3093.118167,901.591,1513.07
2023-01-08 12:00:00,2978.443667,2832.4669999999996,1825.0049999999999,3160.0773339999996,808.609,1530.886
2023-01-08 13:00:00,2950.3165,2755.282,1838.909,3085.462501,831.8689999999999,1589.975
2023-01-08 14:00:00,2978.938,2837.865,1874.291,3186.589666,813.9340000000001,1586.2220000000002
2023-01-08 15:00:00,2935.7366669999997,2838.138,1939.402,3234.9483330000003,791.143,1611.880333
2023-01-08 16:00:00,2941.512167,2944.022,1943.738334,3205.064664,805.569,1665.886
2023-01-08 17:00:00,3141.4293339999995,3240.708,2135.3109999999997,3461.024663,869.645,1713.2790009999999
2023-01-08 18:00:00,3334.6268330000003,3415.394,2262.814667,3585.863998,946.252,1773.668333
2023-01-08 19:00:00,3329.925333,3301.083,2195.830334,3665.164831,957.121,1792.137333
2023-01-08 20:00:00,3258.057167,3216.7030000000004,2099.5150000000003,3507.219669,944.463,1742.946
2023-01-08 21:00:00,3106.334667,3054.487,2007.1219999999998,3329.2519999999995,873.4309999999999,1587.018
2023-01-08 22:00:00,2834.484333,2805.474,1806.838334,3124.065996,781.5049999999999,1516.692334
2023-01-08 23:00:00,2510.8125,2429.943,1564.941333,2768.131167,691.399,1357.275999
2023-01-09 00:00:00,2290.795667,2098.045,1317.631333,2433.307667,646.111,1179.0213330000001
2023-01-09 01:00:00,2075.807167,1878.4940000000001,1195.579,2213.022502,556.789,1098.7606660000001
2023-01-09 02:00:00,1911.779,1797.4630000000002,1131.045,2049.1728350000003,526.4549999999999,1015.173
2023-01-09 03:00:00,1817.6975,1700.973,1093.187,1994.1294990000001,501.031,981.303
2023-01-09 04:00:00,1820.1333339999999,1753.567,1105.116,1941.218331,530.8679999999999,994.5889999999999
2023-01-09 05:00:00,1871.482,1837.313,1213.6970000000001,2089.216668,550.268,1007.647
2023-01-09 06:00:00,2020.703501,2107.864,1346.574,2259.699334,575.812,1119.153
2023-01-09 07:00:00,2336.095,2454.0069999999996,1537.87,2532.856833,704.678,1309.799
2023-01-09 08:00:00,2468.7461670000002,2666.659,1743.106,2685.2008339999998,770.036,1367.275
2023-01-09 09:00:00,2452.272167,2576.129,1834.143,2703.890666,785.5169999999999,1351.3919999999998
2023-01-09 10:00:00,2561.7905,2471.5299999999997,1804.605,2696.284837,782.3599999999999,1350.7730000000001
2023-01-09 11:00:00,2516.039333,2452.797,1766.3139999999999,2620.6216640000002,784.643,1396.563
2023-01-09 12:00:00,2553.1351670000004,2428.249,1723.467,2584.34367,741.053,1338.5839999999998
2023-01-09 13:00:00,2608.941833,2505.449,1693.411333,2644.119168,741.126,1317.675
2023-01-09 14:00:00,2542.6443339999996,2434.253,1645.761,2646.698833,743.5409999999999,1360.7269999999999
2023-01-09 15:00:00,2454.0789999999997,2397.8019999999997,1592.6080000000002,2559.8905010000003,697.36,1316.126
2023-01-09 16:00:00,2545.2015,2468.4269999999997,1660.806,2722.9756660000003,705.9069999999999,1394.365
2023-01-09 17:00:00,2828.3903330000003,2781.864,1902.943,3146.676836,802.5550000000001,1560.88
2023-01-09 18:00:00,3082.523,3119.884,2114.23,3416.387169,875.6179999999999,1681.3229999999999
2023-01-09 19:00:00,3194.091,3215.5370000000003,2092.455,3479.404166,913.435,1723.261
2023-01-09 20:00:00,3192.9975,3062.0869999999995,1981.404,3411.203001,865.76,1707.5240000000001
2023-01-09 21:00:00,3126.224,2967.1690000000003,1843.996,3243.577003,841.319,1557.106
2023-01-09 22:00:00,2738.916667,2702.136,1690.412,2897.312336,770.914,1431.8780000000002
2023-01-09 23:00:00,2400.8085,2369.179,1504.149,2634.4226630000003,694.815,1256.386333
2023-01-10 00:00:00,2093.247833,2103.977,1324.962,2332.047332,615.129,1159.059333
2023-01-10 01:00:00,1888.400166,1894.9250000000002,1192.2869999999998,2097.083835,548.24,1053.3443340000001
2023-01-10 02:00:00,1769.603833,1781.256,1114.737,1968.1779999999999,513.326,1007.050333
2023-01-10 03:00:00,1727.7518340000001,1713.4789999999998,1083.983,1883.356501,525.5550000000001,997.605334
2023-01-10 04:00:00,1704.3431659999999,1744.286,1101.7820000000002,1904.530999,506.655,985.318999
2023-01-10 05:00:00,1805.690833,1872.5510000000002,1179.647,2035.7576679999997,531.222,1082.8733339999999
2023-01-10 06:00:00,2040.327166,2105.968,1381.7579999999998,2280.956999,610.6,1176.333666
2023-01-10 07:00:00,2335.3015,2461.731667,1600.636,2564.9896660000004,701.059,1393.286667
2023-01-10 08:00:00,2438.124334,2615.4126669999996,1708.924,2673.0366679999997,793.841,1434.533
2023-01-10 09:00:00,2410.445667,2575.6490000000003,1798.596,2666.908833,781.758,1381.567
2023-01-10 10:00:00,2473.2695,2448.0899999999997,1759.35,2623.2446649999997,755.312,1354.4920000000002
2023-01-10 11:00:00,2480.4030000000002,2396.911,1682.217,2599.002501,760.9000000000001,1331.650667
2023-01-10 12:00:00,2558.7949999999996,2408.1863329999996,1681.163,2572.538,726.782,1371.0046670000002
2023-01-10 13:00:00,2565.9355,2415.131,1700.511,2629.691833,734.576,1384.248333
2023-01-10 14:00:00,2528.241166,2418.287,1695.841,2670.9089999999997,724.217,1388.2333330000001
2023-01-10 15:00:00,2497.202167,2361.212,1652.9070000000002,2706.711669,691.464,1359.1789999999999
2023-01-10 16:00:00,2670.590166,2398.396,1716.536,2852.138497,708.835,1440.2240000000002
2023-01-10 17:00:00,3068.249834,2776.43,1962.7039999999997,3219.999,802.95,1626.558
2023-01-10 18:00:00,3351.142833,3173.468,2168.173666,3532.857667,951.21,1835.277
2023-01-10 19:00:00,3374.716501,3281.286,2149.2253339999997,3655.393333,1016.9709999999999,1772.5349999999999
2023-01-10 20:00:00,3307.389832,3250.5330000000004,2050.516,3599.042667,1018.9970000000001,1793.761
2023-01-10 21:00:00,3142.799167,3056.6279999999997,2031.645,3377.488167,917.374,1714.737
2023-01-10 22:00:00,2891.3105,2835.0699999999997,1834.615,3124.067165,821.8489999999999,1508.573
2023-01-10 23:00:00,2581.251,2451.531,1616.008,2719.2199979999996,744.948,1362.666
2023-01-11 00:00:00,2304.0885,2147.9230000000002,1378.272,2395.053333,647.554,1217.3780000000002
2023-01-11 01:00:00,2034.3861670000001,1972.712,1214.993,2174.7130020000004,557.8689999999999,1128.888
2023-01-11 02:00:00,1901.466333,1800.199,1152.759,2024.961667,523.662,1051.0099999999998
2023-01-11 03:00:00,1830.6206670000001,1772.732,1113.112,1978.065999,509.62800000000004,1005.493
2023-01-11 04:00:00,1825.7465000000002,1770.1970000000001,1112.406,1951.507998,536.569,1022.983
2023-01-11 05:00:00,1885.304,1862.129,1181.168,2032.479669,565.0440000000001,1083.9479999999999
2023-01-11 06:00:00,2059.781,2067.468,1344.893,2218.7203309999995,623.043,1170.5750000000003
2023-01-11 07:00:00,2403.521,2420.087,1605.94,2507.7636660000003,706.6000000000001,1288.845667
2023-01-11 08:00:00,2461.921,2646.91,1762.586,2703.229835,819.029,1401.9413329999998
2023-01-11 09:00:00,2426.263,2516.6969999999997,1777.3419999999999,2667.021329,759.865,1380.746666
2023-01-11 10:00:00,2437.7349990000002,2441.611,1770.25,2612.0706680000003,749.4159999999999,1308.050333
2023-01-11 11:00:00,2489.948501,2477.422,1718.1029999999998,2649.071499,739.1220000000001,1253.142333
2023-01-11 12:00:00,2469.801333,2448.5420000000004,1751.8216670000002,2641.6888329999997,702.077,1303.092333
2023-01-11 13:00:00,2562.549333,2525.5080000000003,1795.3276660000001,2760.1095020000002,751.571,1410.668
2023-01-11 14:00:00,2622.5645,2439.6980000000003,1802.891333,2752.2353359999997,772.5790000000001,1432.155
2023-01-11 15:00:00,2630.470333,2473.714,1728.399,2770.330164,760.304,1463.976
2023-01-11 16:00:00,2733.778667,2607.081,1806.709,2965.9613339999996,830.636,1539.004
2023-01-11 17:00:00,3091.2613330000004,2905.438,2039.85,3310.5068380000002,892.643,1726.676667
2023-01-11 18:00:00,3332.837334,3233.35,2183.3959999999997,3510.513332,956.029,1822.022
2023-01-11 19:00:00,3438.5996659999996,3303.09,2246.566,3641.7088350000004,975.625,1831.517668
2023-01-11 20:00:00,3355.335333,3241.017,2101.250001,3660.7564979999997,977.868,1841.906667
2023-01-11 21:00:00,3227.3819999999996,3044.517,1964.161333,3490.192333,898.204,1681.3380000000002
2023-01-11 22:00:00,3024.567333,2805.616,1817.101,3163.0406700000003,848.4839999999999,1511.0990000000002
2023-01-11 23:00:00,2694.144666,2467.378,1608.9080000000001,2771.751334,766.276,1375.530667
2023-01-12 00:00:00,2318.23,2132.0789999999997,1420.0010000000002,2460.893003,660.307,1290.930667
2023-01-12 01:00:00,2042.3600000000001,1921.930333,1262.5143329999999,2178.895334,602.406,1145.1779999999999
2023-01-12 02:00:00,1895.0600000000002,1767.795,1188.265667,2053.1966629999997,556.6869999999999,1038.156667
2023-01-12 03:00:00,1832.74,1718.7640000000001,1119.9606669999998,1957.910003,520.671,1032.679333
2023-01-12 04:00:00,1771.050334,1784.831,1086.574333,1931.258669,529.287,997.2790000000001
2023-01-12 05:00:00,1809.1643330000002,1848.5120000000002,1167.433,1992.905503,545.6030000000001,1020.8009999999999
2023-01-12 06:00:00,1980.380001,2048.227,1331.637667,2172.739668,589.018,1112.641
2023-01-12 07:00:00,2274.768332,2372.857,1562.3983329999999,2445.448662,706.181,1254.406
2023-01-12 08:00:00,2354.998334,2561.2,1700.526,2627.0976710000004,790.8530000000001,1333.762
2023-01-12 09:00:00,2408.2223329999997,2485.0609999999997,1734.9109999999998,2593.84,780.165,1256.0659999999998
2023-01-12 10:00:00,2421.909666,2543.784,1765.6109999999999,2627.3063380000003,730.9970000000001,1287.6460000000002
2023-01-12 11:00:00,2461.503666,2490.545,1748.8700000000001,2578.159503,720.169,1289.3990000000001
2023-01-12 12:00:00,2404.3696670000004,2496.6530000000002,1762.011,2675.2065,718.0029999999999,1288.017
2023-01-12 13:00:00,2432.635,2426.514,1758.5680000000002,2685.447164,716.3340000000001,1252.806
2023-01-12 14:00:00,2470.7383330000002,2395.1099999999997,1732.505,2571.8194999999996,653.319,1290.695
2023-01-12 15:00:00,2462.8713339999995,2353.321,1757.338,2544.17517,689.972,1264.4720000000002
2023-01-12 16:00:00,2624.1800000000003,2513.881,1819.556,2761.5238339999996,719.703,1343.2069999999999
2023-01-12 17:00:00,2862.098667,2780.309,1927.56,3018.6985,775.669,1529.069
2023-01-12 18:00:00,3065.510666,3121.461,2101.2870000000003,3288.659669,896.1619999999999,1676.8220000000001
2023-01-12 19:00:00,3102.380666,3131.068,2107.01,3372.6648349999996,918.496,1687.024667
2023-01-12 20:00:00,3073.8073329999997,3055.412,2050.898,3250.871166,838.9849999999999,1600.6600010000002
2023-01-12 21:00:00,2872.3633339999997,2879.081,1897.933,3101.310665,827.587,1575.321
2023-01-12 22:00:00,2704.225334,2690.548333,1745.614,2827.054005,781.414,1387.7619999999997
2023-01-12 23:00:00,2395.057667,2353.585,1513.0900000000001,2511.059332,697.056,1218.898666
2023-01-13 00:00:00,2057.431667,2037.7526669999997,1355.0356659999998,2189.2469980000005,602.91,1074.395333
2023-01-13 01:00:00,1797.725,1810.092333,1185.880334,1990.266165,514.4449999999999,938.104
2023-01-13 02:00:00,1650.121999,1635.577667,1090.4956659999998,1795.829503,478.15200000000004,911.125
2023-01-13 03:00:00,1558.875666,1602.8826669999999,1039.462,1725.127003,460.568,877.403
2023-01-13 04:00:00,1561.2076670000001,1632.609,1069.6170000000002,1740.5388280000002,475.758,859.499
2023-01-13 05:00:00,1626.795,1699.22,1085.576333,1800.7294969999998,501.74499999999995,885.383
2023-01-13 06:00:00,1801.820333,1880.889,1253.741001,1988.227997,532.1010000000001,978.518
2023-01-13 07:00:00,2082.85,2168.331,1471.007666,2238.3054979999997,632.045,1149.2779999999998
2023-01-13 08:00:00,2159.6009999999997,2403.16,1625.878,2423.065502,745.578,1186.19
2023-01-13 09:00:00,2227.0536660000002,2396.971,1630.4160000000002,2543.312997,727.9549999999999,1237.821
2023-01-13 10:00:00,2224.622332,2395.2000000000003,1720.008667,2621.256998,699.01,1232.709
2023-01-13 11:00:00,2300.957667,2388.781,1710.5843329999998,2583.9195010000003,708.8,1286.961
2023-01-13 12:00:00,2386.741,2466.813,1686.467,2564.472673,707.183,1311.871
2023-01-13 13:00:00,2415.986,2429.5730000000003,1678.8996670000001,2571.266836,706.49,1279.652
2023-01-13 14:00:00,2370.161,2427.7090000000003,1648.165667,2497.043498,664.345,1252.453
2023-01-13 15:00:00,2390.325667,2362.2,1571.056667,2512.594999,672.56,1274.648667
2023-01-13 16:00:00,2440.002667,2446.877,1604.0839999999998,2676.488664,699.1279999999999,1307.436333
2023-01-13 17:00:00,2667.924,2730.5649999999996,1805.602,2895.752502,774.082,1504.1763329999999
2023-01-13 18:00:00,2931.454334,2923.321667,1995.0949999999998,3064.6345029999998,825.3050000000001,1578.9360000000001
2023-01-13 19:00:00,2922.994667,2991.4746670000004,2023.619334,3148.6998289999997,804.838,1487.6776670000002
2023-01-13 20:00:00,2832.880334,2830.821667,1861.3106670000002,3083.44583,788.097,1470.5883330000001
2023-01-13 21:00:00,2731.9269999999997,2729.9813329999997,1759.559333,2924.155831,743.225,1449.252
2023-01-13 22:00:00,2607.578,2534.9530000000004,1653.014,2663.176998,717.212,1374.5810000000001
2023-01-13 23:00:00,2357.46,2294.424,1454.888,2444.319496,680.336,1218.326
2023-01-14 00:00:00,2104.473,2065.208333,1300.738333,2187.519666,595.584,1118.0910000000001
2023-01-14 01:00:00,1891.329334,1836.316,1151.6529999999998,1963.9229990000001,541.673,974.768
2023-01-14 02:00:00,1688.0325,1681.435,1055.206333,1829.1906700000002,509.934,928.2203340000001
2023-01-14 03:00:00,1600.2015,1574.6509999999998,1040.208333,1753.2096660000002,502.48799999999994,865.169333
2023-01-14 04:00:00,1553.734999,1612.942,1027.485,1706.2023279999999,496.584,873.359667
2023-01-14 05:00:00,1611.2176670000001,1679.7669999999998,1076.747,1763.553499,508.101,910.635
2023-01-14 06:00:00,1664.1850009999998,1787.66,1157.237,1867.5815,506.72200000000004,939.33
2023-01-14 07:00:00,1785.7410009999999,1999.519,1307.324667,2033.030665,567.0409999999999,1057.96
2023-01-14 08:00:00,2082.312,2253.982,1493.753667,2191.379835,644.856,1137.167
2023-01-14 09:00:00,2253.3085,2503.158,1651.387334,2493.5445,767.1700000000001,1260.6770000000001
2023-01-14 10:00:00,2550.697333,2724.924,1849.895333,2791.075167,770.079,1381.4009999999998
2023-01-14 11:00:00,2712.348,2784.369,1935.730665,2907.862169,816.3299999999999,1456.7089999999998
2023-01-14 12:00:00,2846.073,2918.52,2028.094667,2912.220167,853.473,1554.338
2023-01-14 13:00:00,2923.5376669999996,2877.099,2043.6689999999999,3026.172332,894.348,1593.137
2023-01-14 14:00:00,2848.847334,2807.0989999999997,1930.133667,3039.088498,836.425,1552.6779999999999
2023-01-14 15:00:00,2919.1983330000003,2743.322,1888.423667,3027.25733,840.437,1557.583
2023-01-14 16:00:00,2833.3140009999997,2739.1760000000004,1925.988333,2997.835001,809.582,1494.897
2023-01-14 17:00:00,2888.271667,2906.714,1955.381667,3131.514166,827.659,1548.003
2023-01-14 18:00:00,2951.101334,3036.788,2043.305667,3247.9708339999997,877.9200000000001,1622.448
2023-01-14 19:00:00,2911.312,2992.009,1989.355999,3192.809333,860.921,1600.9560000000001
2023-01-14 20:00:00,2916.840333,2878.653,1917.482667,3130.0436689999997,812.778,1481.026
2023-01-14 21:00:00,2704.078334,2738.784,1789.453667,2959.867167,820.1700000000001,1454.772
2023-01-14 22:00:00,2490.349501,2622.601,1664.332,2749.196662,742.761,1340.211
2023-01-14 23:00:00,2361.2566669999997,2356.272,1529.6126669999999,2562.198333,689.2249999999999,1247.343
2023-01-15 00:00:00,2162.984333,2118.1679999999997,1350.588334,2310.3350039999996,634.233,1138.545
2023-01-15 01:00:00,1951.2653340000002,1913.141,1216.0720000000001,2122.150833,553.24,1017.194667
2023-01-15 02:00:00,1829.784333,1776.8519999999999,1091.741333,1976.5885009999997,503.368,922.1439990000001
2023-01-15 03:00:00,1699.904833,1651.348,1058.1823330000002,1791.9585029999998,480.994,909.576
2023-01-15 04:00:00,1660.985333,1616.3220000000001,1055.787667,1742.9080020000001,461.89300000000003,875.4590000000001
2023-01-15 05:00:00,1635.5503329999997,1644.7,1059.779,1785.864335,466.691,893.807
2023-01-15 06:00:00,1663.970334,1764.0919999999999,1137.821,1837.7675020000001,479.594,951.527666
2023-01-15 07:00:00,1792.970333,1938.569,1286.7440000000001,1958.274,528.9060000000001,1032.975666
2023-01-15 08:00:00,1992.687333,2177.5199999999995,1498.397,2266.248166,586.652,1162.48
2023-01-15 09:00:00,2265.099666,2521.351,1705.174,2567.553664,713.384,1300.438
2023-01-15 10:00:00,2558.828333,2710.859,1794.0320000000002,2834.1461630000003,791.99,1463.755
2023-01-15 11:00:00,2795.0118330000005,2731.9120000000003,1904.306,3030.898669,841.691,1559.152
2023-01-15 12:00:00,2901.233,2851.441,1955.516,3130.9608319999998,821.876,1560.1319999999998
2023-01-15 13:00:00,3003.573166,2840.2929999999997,1928.141,3140.788333,848.255,1624.904
2023-01-15 14:00:00,3004.0601670000005,2872.99,1927.4009999999998,3103.916001,832.408,1589.5376660000002
2023-01-15 15:00:00,3034.3808340000005,3006.656,1966.5659999999998,3245.5018320000004,878.4100000000001,1638.472
2023-01-15 16:00:00,3104.0665,3017.371,2051.9069999999997,3233.4748329999998,852.988,1666.3960000000002
2023-01-15 17:00:00,3150.781,3059.2170000000006,2104.83,3295.037,833.4010000000001,1720.355
2023-01-15 18:00:00,3167.6946669999998,3231.922,2177.763,3380.531667,935.069,1741.5513329999999
2023-01-15 19:00:00,3084.318333,3192.781,2052.249,3333.2186659999998,936.673,1700.062
2023-01-15 20:00:00,3055.233333,3037.4329999999995,1964.4360000000001,3241.020165,867.624,1639.779
2023-01-15 21:00:00,2883.745,2845.598,1915.42,3187.111834,829.395,1575.5410000000002
2023-01-15 22:00:00,2752.062,2655.4979999999996,1735.534,2947.2028349999996,795.818,1459.266
2023-01-15 23:00:00,2488.879667,2409.617,1513.054666,2646.762671,677.512,1324.694
2023-01-16 00:00:00,2186.541666,2099.2146669999997,1352.318,2369.143335,620.555,1183.9699999999998
2023-01-16 01:00:00,1923.3193339999998,1884.882,1196.247999,2157.473664,559.7239999999999,1068.0533340000002
2023-01-16 02:00:00,1791.4033359999999,1731.123333,1114.630667,2035.9073349999999,531.8620000000001,1026.4660000000001
2023-01-16 03:00:00,1708.494001,1701.3796670000002,1085.629334,1919.223665,501.65399999999994,986.212668
2023-01-16 04:00:00,1718.835666,1715.134334,1120.6506669999999,1906.7376669999999,507.33299999999997,976.312666
2023-01-16 05:00:00,1779.600667,1796.774,1175.026668,2045.74766,537.068,1026.709999
2023-01-16 06:00:00,1909.1800010000002,1936.831,1311.602334,2159.845333,567.5169999999999,1125.972001
2023-01-16 07:00:00,2088.318,2133.505,1498.090666,2352.51134,621.8109999999999,1205.856335
2023-01-16 08:00:00,2224.939999,2366.439,1674.618333,2478.028002,695.5820000000001,1292.143334
2023-01-16 09:00:00,2460.379,2515.932,1794.381666,2689.880996,772.6370000000001,1408.315
2023-01-16 10:00:00,2615.779667,2593.397,1826.434666,2889.301996,784.9259999999999,1409.5230000000001
2023-01-16 11:00:00,2720.665333,2623.2980000000002,1826.4916670000002,2911.7866700000004,808.369,1424.576
2023-01-16 12:00:00,2798.0350020000005,2641.392,1816.136335,2885.420667,808.0210000000001,1451.5700000000002
2023-01-16 13:00:00,2853.6553329999997,2632.072,1800.8980000000001,2954.789333,769.062,1484.44
2023-01-16 14:00:00,2732.696001,2521.59,1804.359667,2899.860001,763.8779999999999,1482.3360000000002
2023-01-16 15:00:00,2768.9246669999998,2619.2709999999997,1689.190333,2862.734672,764.073,1460.542
2023-01-16 16:00:00,2795.326998,2608.138,1760.157333,2961.302672,788.009,1454.295
2023-01-16 17:00:00,3012.344666,2868.196,1919.166,3110.554332,794.271,1584.536
2023-01-16 18:00:00,3322.4383340000004,3230.176,2116.0009999999997,3493.6209959999996,872.97,1739.368
2023-01-16 19:00:00,3283.636331,3224.009,2158.412333,3563.576003,958.6690000000001,1769.682
2023-01-16 20:00:00,3198.87,3144.301,2047.353666,3475.9926680000003,894.65,1745.8519999999999
2023-01-16 21:00:00,3049.927999,3037.607,1937.2069999999999,3314.884003,816.597,1644.264
2023-01-16 22:00:00,2829.2753329999996,2731.469,1748.478333,2980.408666,773.2159999999999,1456.696666
2023-01-16 23:00:00,2503.928333,2324.8729989999997,1531.347,2649.832335,648.777,1342.447667
2023-01-17 00:00:00,2179.804166,2022.677,1288.0553329999998,2343.2156649999997,601.15,1158.406334
2023-01-17 01:00:00,1953.4973330000003,1806.0439999999999,1152.566,2110.8509990000002,552.215,1027.8803319999997
2023-01-17 02:00:00,1796.867667,1677.874,1106.965001,1933.7366670000001,476.429667,962.618334
2023-01-17 03:00:00,1721.4103340000001,1650.36,1064.837,1836.9255,470.090333,967.0703330000001
2023-01-17 04:00:00,1722.177333,1710.339,1070.7656670000001,1860.89883,492.40433300000007,977.647
2023-01-17 05:00:00,1793.383999,1793.519,1136.681666,1960.513334,541.3489999999999,1054.573
2023-01-17 06:00:00,1958.6319990000002,2062.681,1316.461333,2185.904832,567.481333,1127.9180000000001
2023-01-17 07:00:00,2293.2,2287.4846669999997,1523.1580000000001,2455.678667,663.353,1310.7743329999998
2023-01-17 08:00:00,2375.088667,2488.5420000000004,1705.8256669999998,2562.477667,718.220333,1330.715334
2023-01-17 09:00:00,2371.237333,2480.659667,1720.591334,2612.2638319999996,752.069,1309.889
2023-01-17 10:00:00,2376.579667,2456.8146669999996,1689.222,2608.5879959999997,733.6109999999999,1292.760667
2023-01-17 11:00:00,2408.001667,2409.891,1688.556,2624.6915010000002,705.164,1315.4196670000001
2023-01-17 12:00:00,2517.492334,2397.212,1670.2910000000002,2626.1521660000003,722.797,1280.026667
2023-01-17 13:00:00,2529.128666,2386.4950000000003,1630.624334,2654.0501649999997,711.3009999999999,1320.605333
2023-01-17 14:00:00,2550.928,2329.992,1604.728667,2633.1173310000004,740.5799999999999,1358.9913339999998
2023-01-17 15:00:00,2505.393333,2319.6769999999997,1557.724334,2623.694668,761.265,1339.216333
2023-01-17 16:00:00,2625.595667,2457.388333,1618.777,2709.619999,737.8729999999999,1390.027
2023-01-17 17:00:00,2826.916,2769.200667,1820.570667,2980.3585009999997,780.934,1554.274
2023-01-17 18:00:00,3042.0566660000004,3135.8286669999998,2043.302333,3316.615,861.771,1680.574
2023-01-17 19:00:00,3252.078001,3070.398,2088.879666,3483.327833,918.183,1718.0140000000001
2023-01-17 20:00:00,3199.119665,3022.6726670000003,1992.8899999999999,3403.795501,891.777,1615.744
2023-01-17 21:00:00,3010.809333,2809.103,1874.374667,3223.225501,840.412,1596.4989999999998
2023-01-17 22:00:00,2761.809,2628.3810000000003,1751.282333,2986.5253319999997,756.8389999999999,1430.098
2023-01-17 23:00:00,2442.721667,2311.4486669999997,1524.212666,2687.7723300000002,646.746,1279.616
2023-01-18 00:00:00,2151.166,2010.557667,1324.338333,2318.675834,599.55,1116.217
2023-01-18 01:00:00,1928.311001,1808.5513329999999,1177.1233339999999,2045.081,540.174,1031.281
2023-01-18 02:00:00,1730.188666,1701.342,1074.883334,1923.526002,495.055,960.097
2023-01-18 03:00:00,1728.366334,1629.4230000000002,1038.142667,1849.346331,462.754,946.288
2023-01-18 04:00:00,1672.799333,1687.608,1051.0810000000001,1848.361002,481.65100000000007,942.075
2023-01-18 05:00:00,1723.977,1779.5169999999998,1132.160667,1947.3280009999999,530.032,998.2370000000001
2023-01-18 06:00:00,1923.930333,1974.004,1289.437,2182.7214999999997,554.802,1081.504
2023-01-18 07:00:00,2213.201333,2295.536,1502.813999,2475.7056709999997,675.8430000000001,1251.417
2023-01-18 08:00:00,2362.7200000000003,2509.6630000000005,1601.0933340000001,2555.730665,753.241,1286.771
2023-01-18 09:00:00,2362.221,2431.5429999999997,1663.13,2631.385499,729.638,1293.2939999999999
2023-01-18 10:00:00,2377.199,2385.7999999999997,1681.278333,2566.827667,730.922,1287.521
2023-01-18 11:00:00,2399.603334,2396.661,1683.250667,2606.7923330000003,705.8729999999999,1269.3503329999999
2023-01-18 12:00:00,2501.837167,2462.478,1712.482,2763.9414989999996,709.212,1321.159667
2023-01-18 13:00:00,2581.0023330000004,2532.816,1802.8326659999998,2823.221669,709.3910000000001,1369.203333
2023-01-18 14:00:00,2631.885333,2500.354334,1714.915,2818.758167,721.2289999999999,1343.964666
2023-01-18 15:00:00,2653.525333,2492.470667,1691.8453329999998,2821.1025010000003,740.479,1432.193333
2023-01-18 16:00:00,2763.579,2565.8830000000003,1739.400667,2862.5586649999996,790.318,1541.883667
2023-01-18 17:00:00,3024.4610000000002,2856.924,1920.019,3175.277834,826.3969999999999,1684.3179989999999
2023-01-18 18:00:00,3328.369666,3173.322,2128.178667,3566.44883,946.96,1795.4040009999999
2023-01-18 19:00:00,3351.0621659999997,3292.959,2175.8506669999997,3652.2115049999998,965.347,1905.798334
2023-01-18 20:00:00,3327.167667,3162.49,2089.076333,3658.931168,911.943,1819.119001
2023-01-18 21:00:00,3183.650667,3015.739,1975.4209999999998,3557.845501,878.55,1777.893667
2023-01-18 22:00:00,3022.268,2812.6710000000003,1840.715667,3235.8853390000004,830.849,1626.2993339999998
2023-01-18 23:00:00,2716.4809999999998,2470.969,1619.6670000000001,2833.224668,739.001,1466.009666
2023-01-19 00:00:00,2415.9310000000005,2190.635333,1407.4773340000002,2549.3931700000003,659.6,1270.685332
2023-01-19 01:00:00,2151.132001,1976.871,1246.951,2278.8168370000003,589.191,1139.786666
2023-01-19 02:00:00,1995.153667,1840.248,1175.9086670000002,2132.1855,530.0260000000001,1074.364333
2023-01-19 03:00:00,1866.818,1755.94,1137.594333,2064.648505,521.845,1053.81
2023-01-19 04:00:00,1887.067334,1760.2620000000002,1140.959,2060.464,545.199,1050.627
2023-01-19 05:00:00,1917.7333330000001,1845.494333,1218.343333,2179.53533,570.2529999999999,1098.4396669999999
2023-01-19 06:00:00,2060.5330000000004,2076.619,1357.354667,2375.6356650000002,629.944,1222.432667
2023-01-19 07:00:00,2420.456,2400.614,1581.807334,2628.5436689999997,710.232,1383.352667
2023-01-19 08:00:00,2455.5615000000003,2634.8596669999997,1749.5690000000002,2819.342836,766.5699999999999,1405.089667
2023-01-19 09:00:00,2513.385,2504.736,1746.4516669999998,2758.102335,758.4159999999999,1370.649
2023-01-19 10:00:00,2524.8213339999998,2439.997,1794.885334,2752.459001,726.079,1379.05
2023-01-19 11:00:00,2614.3586670000004,2531.651333,1737.877,2790.3693329999996,718.0920000000001,1424.344
2023-01-19 12:00:00,2652.9320000000002,2534.729666,1812.142668,2904.964499,746.197,1447.814
2023-01-19 13:00:00,2638.3096669999995,2511.727334,1818.291,2896.446,735.770666,1426.652
2023-01-19 14:00:00,2596.411,2527.995667,1770.123667,2836.5806709999997,714.852,1422.260999
2023-01-19 15:00:00,2641.222,2487.851667,1751.258666,2820.8511639999997,731.352,1420.7963340000001
2023-01-19 16:00:00,2773.8536670000003,2576.894334,1810.2286669999999,2992.5410039999997,761.7909999999999,1529.8616670000001
2023-01-19 17:00:00,3098.0683329999997,2740.988,1986.526332,3178.541501,812.935,1651.616333
2023-01-19 18:00:00,3395.2960000000003,3139.004333,2142.483333,3523.469666,888.9100000000001,1871.2903330000001
2023-01-19 19:00:00,3508.456333,3273.9076669999995,2188.510667,3668.4326619999997,963.5930000000001,1880.826667
2023-01-19 20:00:00,3447.062666,3177.318667,2171.297667,3691.573668,957.078,1920.1923339999998
2023-01-19 21:00:00,3422.762667,3102.4709999999995,2079.376334,3574.273336,941.9789999999999,1830.925666
2023-01-19 22:00:00,3246.471,2899.4080000000004,1884.4306669999999,3301.4606670000003,903.479,1712.476333
2023-01-19 23:00:00,2946.0870000000004,2601.126,1677.5470010000001,2962.289667,799.271,1535.3113329999999
2023-01-20 00:00:00,2629.3976669999997,2288.110667,1455.6779999999999,2710.582331,724.0500000000001,1385.4923330000001
2023-01-20 01:00:00,2373.686001,2085.0433329999996,1332.429,2527.582003,658.4000000000001,1290.5569999999998
2023-01-20 02:00:00,2221.956333,1981.473,1292.815333,2363.3046649999997,606.5070000000001,1225.091
2023-01-20 03:00:00,2131.5913330000003,1952.071,1274.5413330000001,2351.610672,602.0559999999999,1250.956334
2023-01-20 04:00:00,2138.392668,1990.6250000000002,1287.402001,2352.488168,606.102,1259.049333
2023-01-20 05:00:00,2190.226001,2060.013999,1417.534,2468.058336,655.585,1298.039334
2023-01-20 06:00:00,2396.8140000000003,2256.603666,1523.800334,2628.9038310000005,689.1800000000001,1388.21
2023-01-20 07:00:00,2667.395,2567.7686670000003,1717.0439999999999,2864.045001,764.0640000000001,1538.653
2023-01-20 08:00:00,2795.548,2766.548,1907.2640000000001,3064.254334,863.595,1567.306
2023-01-20 09:00:00,2837.737333,2730.561,1999.766,3085.2039999999997,847.5360000000001,1550.623
2023-01-20 10:00:00,2931.47,2668.108,1995.659667,3062.12533,828.3029999999999,1570.736667
2023-01-20 11:00:00,2922.136333,2705.237,1969.427333,3077.908335,792.733,1575.5700000000002
2023-01-20 12:00:00,2990.438333,2690.379,1956.162667,3083.2183370000002,804.923,1604.423
2023-01-20 13:00:00,2965.37,2651.473,1935.821999,3115.455,837.886,1588.630667
2023-01-20 14:00:00,2957.054334,2617.053,1894.3920009999997,3093.500997,838.357,1612.358001
2023-01-20 15:00:00,2871.917,2580.6679999999997,1873.757666,3058.5965,834.716,1582.255333
2023-01-20 16:00:00,3027.352,2694.2889999999998,1917.431666,3142.632331,874.173,1678.984
2023-01-20 17:00:00,3268.7263329999996,2891.959,2074.5860009999997,3412.591999,913.435,1778.406
2023-01-20 18:00:00,3420.310333,3106.260333,2223.7066670000004,3641.168334,999.624,1905.869667
2023-01-20 19:00:00,3484.151,3106.058333,2162.125335,3730.399998,933.146,1874.9746670000002
2023-01-20 20:00:00,3473.268333,3049.803333,2096.8893340000004,3687.948998,930.674,1830.8556669999998
2023-01-20 21:00:00,3321.744333,3038.8430000000003,2047.152333,3492.7476639999995,914.679,1727.6763329999999
2023-01-20 22:00:00,3247.950332,2849.386333,1929.889667,3272.966166,883.504,1662.962
2023-01-20 23:00:00,3000.1366669999998,2611.897,1766.348333,3048.507494,812.5980000000001,1601.8416670000001
2023-01-21 00:00:00,2720.6620000000003,2333.669333,1551.767667,2844.125999,763.502,1409.4576670000001
2023-01-21 01:00:00,2543.9313330000004,2169.732667,1426.6976670000001,2678.734999,678.175,1327.518
2023-01-21 02:00:00,2393.74,2057.424,1384.1009999999999,2537.2970020000002,638.8009999999999,1258.488667
2023-01-21 03:00:00,2285.498333,2016.764,1352.676,2403.9355020000003,597.259,1259.542334
2023-01-21 04:00:00,2250.166333,2003.739,1319.569,2403.098496,619.861,1239.523332
2023-01-21 05:00:00,2250.936667,2061.367,1351.5349999999999,2452.2031690000003,616.049,1307.039
2023-01-21 06:00:00,2294.384,2209.177,1457.392666,2560.408835,653.5999999999999,1327.455
2023-01-21 07:00:00,2473.637333,2389.2160000000003,1649.330334,2700.521998,703.005,1438.2180010000002
2023-01-21 08:00:00,2685.244,2622.581,1893.6150000000002,2956.0961670000006,805.918,1564.7973339999999
2023-01-21 09:00:00,2893.4933330000003,2932.286,2044.7676660000002,3258.451164,944.6419999999999,1666.679666
2023-01-21 10:00:00,3243.556166,3078.5969999999998,2163.8926680000004,3573.4973370000002,1030.124,1815.6136660000002
2023-01-21 11:00:00,3367.098333,3192.802,2240.664666,3702.5378360000004,1018.128,1854.0026659999999
2023-01-21 12:00:00,3455.3826670000003,3255.739,2270.209001,3825.8165,1034.7530000000002,1965.142666
2023-01-21 13:00:00,3533.604,3181.041333,2301.531,3773.6311670000005,998.157,1983.556
2023-01-21 14:00:00,3512.419999,3081.028,2139.5950000000003,3623.629167,970.0740000000001,1940.137
2023-01-21 15:00:00,3464.713667,2991.469,1996.784333,3550.5833319999997,938.87,1860.17
2023-01-21 16:00:00,3326.748667,2933.044,2017.627332,3400.166166,930.834,1798.852
2023-01-21 17:00:00,3339.8669999999997,3043.320334,2056.501667,3493.040166,912.588,1849.778667
2023-01-21 18:00:00,3483.3874990000004,3191.128,2223.5233339999995,3682.257834,1000.239,1932.1873340000002
2023-01-21 19:00:00,3437.973666,3236.2380000000003,2192.8623319999997,3663.672667,997.4410000000001,1909.745
2023-01-21 20:00:00,3328.5916660000003,3136.325333,2146.716,3647.8513359999997,956.172,1800.3890000000001
2023-01-21 21:00:00,3209.4329989999997,3034.316667,2119.284667,3495.615334,894.1600000000001,1730.6730000000002
2023-01-21 22:00:00,3061.625,2857.7219999999998,1944.3523330000003,3267.2576659999995,826.185,1696.09
2023-01-21 23:00:00,2872.3726669999996,2563.068,1741.493333,3002.08383,763.807,1529.5459999999998
2023-01-22 00:00:00,2595.091667,2288.901,1491.808667,2767.181672,680.173,1370.086333
2023-01-22 01:00:00,2366.772667,2071.6980000000003,1358.5500000000002,2520.288663,609.796,1228.610333
2023-01-22 02:00:00,2146.999,1926.929667,1243.5993330000001,2315.9785030000003,614.415,1139.6616669999999
2023-01-22 03:00:00,2088.205333,1892.027,1189.275334,2239.716337,564.369,1170.7020000000002
2023-01-22 04:00:00,2041.891333,1836.432333,1189.194667,2174.2268329999997,584.8620000000001,1134.368
2023-01-22 05:00:00,2019.507,1855.891,1208.66,2184.8401700000004,583.8299999999999,1131.693999
2023-01-22 06:00:00,2062.6360000000004,1966.753667,1310.102333,2318.438005,609.046,1156.686666
2023-01-22 07:00:00,2240.958668,2195.583667,1459.0643329999998,2452.8318329999997,648.4770000000001,1260.344666
2023-01-22 08:00:00,2514.8395,2435.9413329999998,1625.2620000000002,2679.715002,731.4490000000001,1386.007334
2023-01-22 09:00:00,2776.6364999999996,2775.859,1834.494,2997.041663,823.524,1562.677334
2023-01-22 10:00:00,3031.973,2924.1989999999996,1978.4146660000001,3248.241666,908.903,1618.63
2023-01-22 11:00:00,3145.902666,2969.1719999999996,2029.2703330000002,3409.758001,932.629,1677.554
2023-01-22 12:00:00,3229.3023329999996,2897.2650000000003,2021.467334,3422.7529969999996,906.287,1690.922
2023-01-22 13:00:00,3174.173666,2881.132,1991.6666670000002,3405.2198310000003,889.929,1691.754666
2023-01-22 14:00:00,3112.163668,2851.325,1921.164,3396.475331,819.9840000000002,1640.616667
2023-01-22 15:00:00,3025.921667,2810.032,1903.672333,3316.4043309999997,815.972,1641.469
2023-01-22 16:00:00,3073.321666,2966.2519999999995,1911.254668,3205.5746630000003,819.9879999999999,1720.452
2023-01-22 17:00:00,3134.877333,3016.678,2039.9009999999998,3370.857664,847.229,1695.6599999999999
2023-01-22 18:00:00,3395.562,3412.7119999999995,2179.705666,3529.4439949999996,923.427,1745.499
2023-01-22 19:00:00,3416.993333,3255.0460000000003,2166.861,3671.6246680000004,917.634,1794.936333
2023-01-22 20:00:00,3377.844667,3177.149,2107.2939990000004,3618.716668,943.7049999999999,1765.8200000000002
2023-01-22 21:00:00,3193.7690000000002,3035.0699999999997,1984.555,3488.507171,908.132,1722.004
2023-01-22 22:00:00,2985.5366670000003,2779.408,1834.4209999999998,3133.8615010000003,821.404,1606.126
2023-01-22 23:00:00,2719.9310000000005,2398.735,1581.9163330000001,2864.364498,747.776,1434.317667
2023-01-23 00:00:00,2406.642667,2075.9629999999997,1368.7415,2515.898332,640.549,1277.8035
2023-01-23 01:00:00,2121.8456670000005,1894.8990000000001,1253.6084999999998,2262.928665,564.8800000000001,1137.3155
2023-01-23 02:00:00,1994.475667,1798.277,1151.966,2104.9191659999997,511.139,1070.945166
2023-01-23 03:00:00,1887.2549999999999,1739.752,1122.8319999999999,2040.798832,512.544,1014.710001
2023-01-23 04:00:00,1892.0925000000002,1781.269,1148.6080000000002,2039.0563350000002,531.7810000000001,1084.322167
2023-01-23 05:00:00,2016.0685,1923.133,1232.3813329999998,2190.048167,544.12,1110.237001
2023-01-23 06:00:00,2139.8325000000004,2163.1279999999997,1417.427333,2389.210666,595.645,1213.0315
2023-01-23 07:00:00,2445.3104999999996,2525.872,1596.638334,2751.590001,727.258,1410.188
2023-01-23 08:00:00,2642.926,2655.608,1857.4360000000001,2947.1028340000003,785.461,1508.853333
2023-01-23 09:00:00,2667.6014999999998,2651.03,1850.303001,2951.586829,788.8439999999999,1446.992667
2023-01-23 10:00:00,2739.161,2566.325,1810.8783329999999,2817.4141680000002,754.986,1426.397
2023-01-23 11:00:00,2644.775667,2471.3469999999998,1764.121167,2759.914164,729.29,1387.6059999999998
2023-01-23 12:00:00,2635.7776670000003,2432.721,1707.6028339999998,2712.549,742.49,1330.665
2023-01-23 13:00:00,2553.405334,2353.958,1670.695833,2653.716502,662.0733339999999,1325.982
2023-01-23 14:00:00,2503.0198339999997,2286.629,1599.098,2633.838833,696.327,1309.257
2023-01-23 15:00:00,2456.246334,2210.6895,1582.198834,2638.239333,698.341,1308.07
2023-01-23 16:00:00,2671.135,2389.147,1674.628001,2777.353502,741.721,1459.384
2023-01-23 17:00:00,2979.147333,2715.627,1882.9925010000002,3145.947,801.856,1650.003333
2023-01-23 18:00:00,3191.648667,3058.7960000000003,2116.340333,3458.791999,916.925,1771.4646670000002
2023-01-23 19:00:00,3251.202,3107.274,2143.0190000000002,3574.604002,1009.631,1740.0913329999998
2023-01-23 20:00:00,3274.294167,3074.426,2038.982834,3530.866999,931.0889999999999,1663.646
2023-01-23 21:00:00,3136.2605,2857.7569999999996,1899.602834,3336.129668,834.7740000000001,1658.538
2023-01-23 22:00:00,2900.822,2691.0480000000002,1739.608999,3057.551333,766.098334,1512.9499999999998
2023-01-23 23:00:00,2630.590667,2387.663,1511.748666,2760.207831,699.797,1401.3890000000001
2023-01-24 00:00:00,2288.5063330000003,2064.17,1328.574332,2413.256664,637.981,1242.477
2023-01-24 01:00:00,2055.322333,1863.513,1170.379,2204.975333,566.0260000000001,1095.2820000000002
2023-01-24 02:00:00,1928.470667,1732.445,1101.965,2085.902165,498.597,1049.587
2023-01-24 03:00:00,1805.116667,1724.467,1100.743665,1945.534335,511.2779999999999,1013.287666
2023-01-24 04:00:00,1806.8490000000002,1724.942,1093.679333,1967.697671,534.7690000000001,1037.185
2023-01-24 05:00:00,1871.290333,1837.063,1170.5496669999998,2118.925002,565.526,1073.326999
2023-01-24 06:00:00,2045.8559999999998,2072.1360000000004,1331.211333,2364.5809959999997,601.7560000000001,1195.215
2023-01-24 07:00:00,2422.7296670000005,2362.3776669999997,1580.028,2706.066667,716.512,1375.556333
2023-01-24 08:00:00,2500.171001,2626.286667,1743.9066659999999,2809.7399969999997,782.981,1445.7226660000001
2023-01-24 09:00:00,2568.6513330000002,2506.4449999999997,1782.0213330000001,2742.293667,739.1670000000001,1418.750666
2023-01-24 10:00:00,2575.032333,2410.701,1717.213333,2753.366333,753.8699999999999,1398.3029999999999
2023-01-24 11:00:00,2524.745667,2426.893,1741.278,2785.075831,733.953,1393.653667
2023-01-24 12:00:00,2473.953,2349.385,1671.631666,2648.678335,686.6569999999999,1386.134667
2023-01-24 13:00:00,2375.231333,2265.722667,1603.425334,2566.652999,643.745,1326.548666
2023-01-24 14:00:00,2361.896334,2157.532,1553.6693329999998,2439.673334,634.152,1276.673334
2023-01-24 15:00:00,2418.4573339999997,2166.219,1458.9866670000001,2457.571331,665.4870000000001,1302.75
2023-01-24 16:00:00,2525.291667,2334.903333,1564.110333,2681.690667,662.4380000000001,1349.105667
2023-01-24 17:00:00,2819.8953330000004,2673.743667,1821.004666,3022.4559980000004,708.467,1516.871
2023-01-24 18:00:00,3181.587,3029.812667,2074.2270009999997,3316.9568310000004,868.096,1734.982
2023-01-24 19:00:00,3216.200333,3126.820333,2047.608666,3579.241,876.538,1772.211
2023-01-24 20:00:00,3249.904333,3037.585334,1979.4336660000001,3527.709165,884.5129999999999,1741.483667
2023-01-24 21:00:00,3097.335333,2947.536666,1865.516,3371.965838,805.01,1691.0246670000001
2023-01-24 22:00:00,2887.469333,2741.882667,1711.569,3067.736164,801.3489999999999,1562.555333
2023-01-24 23:00:00,2612.634333,2373.162667,1523.132666,2685.6174929999997,711.927,1363.522001
2023-01-25 00:00:00,2323.473,2086.525,1337.231001,2365.824503,643.6199999999999,1204.436333
2023-01-25 01:00:00,2034.9060000000002,1898.9080000000001,1216.432334,2158.755667,570.0830000000001,1090.298667
2023-01-25 02:00:00,1876.316334,1780.076333,1111.996,2007.4115000000002,518.11,1015.2
2023-01-25 03:00:00,1750.373,1740.928,1088.277333,1949.614665,511.10900000000004,990.132
2023-01-25 04:00:00,1775.001667,1719.518,1085.719001,1930.646665,521.7090000000001,987.626
2023-01-25 05:00:00,1875.643666,1820.049,1145.376002,2040.30317,554.7280000000001,1047.431
2023-01-25 06:00:00,2003.4189999999999,2040.8220000000001,1346.5973330000002,2328.1266619999997,611.018,1156.4270000000001
2023-01-25 07:00:00,2286.3523330000003,2350.669,1567.7259989999998,2505.3575,689.3109999999999,1291.132
2023-01-25 08:00:00,2416.773333,2540.717,1650.6570000000002,2619.9036610000003,766.473,1305.453
2023-01-25 09:00:00,2358.569,2510.2160000000003,1684.618999,2685.3948370000003,795.824,1343.048
2023-01-25 10:00:00,2496.817,2445.483,1710.507998,2741.622496,733.125,1327.247667
2023-01-25 11:00:00,2528.857,2474.67,1641.546001,2755.9346640000003,750.52,1385.3903329999998
2023-01-25 12:00:00,2580.661,2395.206,1721.268999,2712.581165,700.929,1427.033
2023-01-25 13:00:00,2615.7754999999997,2451.925,1751.9990010000001,2701.842664,712.417,1431.193
2023-01-25 14:00:00,2530.565,2372.874,1649.787666,2713.002166,695.723,1419.46
2023-01-25 15:00:00,2538.905167,2370.608,1610.3976659999998,2741.213832,713.61,1402.181
2023-01-25 16:00:00,2717.2383339999997,2371.3509999999997,1693.783334,2841.7381649999998,698.4870000000001,1496.759
2023-01-25 17:00:00,2967.52,2663.033,1805.2926659999998,3171.775998,794.7639999999999,1633.019
2023-01-25 18:00:00,3252.1966660000003,2991.427,2018.931,3471.3880019999997,844.9110000000001,1822.444
2023-01-25 19:00:00,3308.169,3149.581,2053.904001,3610.782833,909.988,1816.2563329999998
2023-01-25 20:00:00,3290.719333,3062.2799999999997,1948.7289999999998,3417.1783350000005,881.893,1777.828
2023-01-25 21:00:00,3155.7110000000002,2926.352,1932.878333,3364.356335,842.245,1678.391667
2023-01-25 22:00:00,2946.867,2639.4220000000005,1749.171999,3117.415003,789.382,1493.283
2023-01-25 23:00:00,2549.6459999999997,2308.007,1509.7110010000001,2747.09833,681.5509999999999,1369.9569999999999
2023-01-26 00:00:00,2259.257,2027.283,1306.8220000000001,2428.225495,593.055001,1209.37
2023-01-26 01:00:00,2013.703667,1817.748,1152.229668,2164.161666,561.5633339999999,1074.035
2023-01-26 02:00:00,1827.774667,1661.9250000000002,1067.025666,2023.357333,503.157667,985.765333
2023-01-26 03:00:00,1743.755001,1658.807,1056.646667,1918.452163,465.327333,955.606666
2023-01-26 04:00:00,1713.467334,1680.141,1045.083333,1920.0568349999999,484.660667,953.0790000000001
2023-01-26 05:00:00,1830.25,1769.834,1143.0549999999998,2052.026669,513.761,1002.434
2023-01-26 06:00:00,1972.273,2017.1949999999997,1293.878667,2238.985666,556.53,1073.940667
2023-01-26 07:00:00,2311.377332,2322.34,1522.178335,2523.462505,675.094,1325.1356660000001
2023-01-26 08:00:00,2434.0993339999995,2520.459,1688.464669,2635.726004,752.796,1403.5073340000001
2023-01-26 09:00:00,2417.906,2462.248,1761.937667,2682.6928340000004,741.289,1362.567
2023-01-26 10:00:00,2406.801,2430.461,1707.671001,2734.5980010000003,704.615,1345.553
2023-01-26 11:00:00,2461.737,2444.657,1735.379334,2670.991663,718.656,1317.078
2023-01-26 12:00:00,2466.597,2455.994,1743.650001,2694.55166,720.9720010000001,1414.8020000000001
2023-01-26 13:00:00,2537.916666,2483.6799999999994,1732.347334,2772.164005,679.294667,1430.319
2023-01-26 14:00:00,2554.3956670000002,2377.7160000000003,1727.011667,2709.5385029999998,709.985,1390.884
2023-01-26 15:00:00,2602.875666,2393.428,1671.3583320000002,2722.779831,675.357,1427.907334
2023-01-26 16:00:00,2621.500333,2507.162,1715.9403340000001,2866.7131660000005,717.2309999999999,1458.978
2023-01-26 17:00:00,2906.747667,2672.9539999999997,1879.025334,3122.4333319999996,744.9490000000001,1620.7259999999999
2023-01-26 18:00:00,3123.696,3010.479,2051.179999,3448.4736660000003,874.416,1792.728
2023-01-26 19:00:00,3331.165,3130.007,2039.295,3609.4991649999997,900.891,1742.783
2023-01-26 20:00:00,3283.017667,3080.6279999999997,1990.361335,3446.3570010000003,931.3910000000001,1704.4339999999997
2023-01-26 21:00:00,3112.011333,2908.513,1855.701334,3325.121668,855.3,1621.8809999999999
2023-01-26 22:00:00,2845.137666,2656.9619999999995,1735.469666,3098.8333329999996,796.559,1502.711333
2023-01-26 23:00:00,2588.5390009999996,2353.007,1557.223334,2702.437331,696.16,1391.034333
2023-01-27 00:00:00,2331.191334,2086.108,1341.278667,2494.140002,620.404,1198.981666
2023-01-27 01:00:00,2042.8286670000002,1884.922,1192.211667,2254.799999,568.164,1080.1290000000001
2023-01-27 02:00:00,1895.103999,1795.876,1104.175334,2042.331833,539.238,1005.5110000000001
2023-01-27 03:00:00,1856.8920000000003,1738.9230000000002,1118.756333,1985.0009999999997,503.89300000000003,1006.603333
2023-01-27 04:00:00,1849.9353339999998,1775.5500000000002,1125.188667,1987.947834,526.2940000000001,1018.215
2023-01-27 05:00:00,1908.6553330000002,1853.228,1180.781334,2053.8630000000003,539.718,1065.900001
2023-01-27 06:00:00,2042.0689999999997,2083.08,1331.1473330000001,2260.3161659999996,585.318,1122.034334
2023-01-27 07:00:00,2280.598,2374.0460000000003,1562.830333,2553.102667,714.1859999999999,1318.652333
2023-01-27 08:00:00,2414.627,2556.7960000000003,1721.368666,2719.7706700000003,802.836,1386.9940000000001
2023-01-27 09:00:00,2491.934,2633.3320000000003,1767.583999,2851.663,807.2620000000001,1381.4330000000002
2023-01-27 10:00:00,2611.1189999999997,2570.745,1766.906334,2790.373661,762.802,1414.0990000000002
2023-01-27 11:00:00,2739.113,2540.303,1752.901333,2856.1720020000002,774.181,1426.861333
2023-01-27 12:00:00,2700.4230000000002,2498.052,1711.716,2744.8049980000005,746.315,1389.819667
2023-01-27 13:00:00,2679.068333,2383.5649999999996,1636.076999,2715.263999,687.571333,1374.467333
2023-01-27 14:00:00,2627.728333,2332.9159999999997,1603.7433339999998,2699.297669,675.7,1315.453
2023-01-27 15:00:00,2568.451666,2301.55,1583.932333,2665.654501,679.8399999999999,1337.8763330000002
2023-01-27 16:00:00,2660.6753339999996,2424.5539999999996,1629.217667,2822.087998,733.607,1436.03
2023-01-27 17:00:00,2838.369666,2586.636,1812.495668,2984.164668,724.6610000000001,1524.645
2023-01-27 18:00:00,2953.5480000000002,2870.477,1894.414667,3092.9140019999995,806.4770000000001,1638.2130000000002
2023-01-27 19:00:00,3005.748,2908.3940000000002,1952.102334,3171.1921679999996,803.708,1577.425
2023-01-27 20:00:00,3029.419667,2816.317,1863.311667,3083.786002,790.431,1533.153999
2023-01-27 21:00:00,2853.283668,2686.526,1744.8203330000001,2973.425332,764.507,1457.7730000000001
2023-01-27 22:00:00,2655.892333,2515.893,1627.9316669999998,2798.255002,725.738,1360.022
2023-01-27 23:00:00,2440.3770000000004,2253.005,1443.002333,2535.895833,650.855,1237.217
2023-01-28 00:00:00,2182.1346670000003,2027.2040000000002,1290.302667,2313.4034979999997,603.2,1182.276667
2023-01-28 01:00:00,1925.7350000000001,1837.85,1195.055666,2116.246332,537.1949999999999,1078.670666
2023-01-28 02:00:00,1824.193667,1713.452,1097.582335,1984.3866659999999,486.31,987.94
2023-01-28 03:00:00,1740.695667,1671.8429999999998,1064.699,1898.742001,480.88300000000004,958.6339999999999
2023-01-28 04:00:00,1713.2195000000002,1684.603,1055.404667,1878.4388330000002,487.87800000000004,912.763
2023-01-28 05:00:00,1687.3229999999999,1740.4009999999998,1084.032332,1905.468838,467.831,956.603333
2023-01-28 06:00:00,1841.7868330000001,1796.3220000000001,1164.851,1984.197332,508.009667,966.4416659999999
2023-01-28 07:00:00,1917.392667,2013.4249999999997,1318.6799999999998,2105.070669,561.8513330000001,1099.203667
2023-01-28 08:00:00,2140.428666,2218.208333,1530.1270020000002,2365.914666,654.441,1225.925
2023-01-28 09:00:00,2507.5370000000003,2539.291,1743.120999,2672.641331,744.765666,1375.703
2023-01-28 10:00:00,2674.7815,2667.947,1842.595002,2975.811332,779.726334,1505.693999
2023-01-28 11:00:00,2830.2613330000004,2803.6910000000003,1892.173667,3158.3088369999996,813.924,1600.572667
2023-01-28 12:00:00,2916.592334,2762.2000000000003,1865.3139999999999,3188.227501,812.214,1585.921
2023-01-28 13:00:00,2928.7166669999997,2765.8190000000004,1858.154,3201.017503,818.3609999999999,1632.632
2023-01-28 14:00:00,2907.612334,2614.261,1819.643333,3100.491666,772.1879999999999,1566.98
2023-01-28 15:00:00,2875.0833329999996,2639.136,1778.7353329999999,3090.819502,777.313,1555.0
2023-01-28 16:00:00,2824.717334,2663.863,1854.941333,3101.761333,814.7280000000001,1557.990333
2023-01-28 17:00:00,2971.494667,2975.053,1972.697667,3299.565498,875.952,1584.631667
2023-01-28 18:00:00,3193.3113329999996,3245.314,2189.901667,3417.078834,862.1220000000001,1717.248666
2023-01-28 19:00:00,3223.595167,3150.264,2158.142,3481.288335,924.588,1678.8029999999999
2023-01-28 20:00:00,3154.1783330000003,3036.7380000000003,2079.8046670000003,3392.0038320000003,903.0260000000001,1671.404999
2023-01-28 21:00:00,3080.9663330000003,2911.263,1966.6616669999999,3352.522333,853.35,1667.635334
2023-01-28 22:00:00,2957.806,2833.65,1824.5426659999998,3128.734001,804.893,1617.007667
2023-01-28 23:00:00,2805.951166,2587.466,1648.994334,2913.3196669999998,744.458,1509.83
2023-01-29 00:00:00,2604.9079999999994,2375.1549999999997,1524.723,2716.780336,747.4000000000001,1382.482333
2023-01-29 01:00:00,2440.8940000000002,2228.5250000000005,1411.576334,2534.058333,669.863,1294.290999
2023-01-29 02:00:00,2312.9961670000002,2096.584,1370.6136660000002,2442.6386650000004,631.9970000000001,1295.923667
2023-01-29 03:00:00,2195.486334,1982.559,1361.434,2392.7706660000003,626.95,1264.494667
2023-01-29 04:00:00,2182.8469999999998,1971.069,1331.990001,2371.905832,630.173,1289.657334
2023-01-29 05:00:00,2222.8113329999996,2033.446,1378.8826669999999,2466.232498,651.585,1305.0686660000001
2023-01-29 06:00:00,2309.0829999999996,2256.688,1479.893667,2590.411669,655.932,1355.541999
2023-01-29 07:00:00,2468.297,2449.253,1665.859666,2722.891666,730.155,1490.658999
2023-01-29 08:00:00,2824.985,2697.7309999999998,1915.062333,3092.622667,817.419,1627.573668
2023-01-29 09:00:00,3163.824,3018.859,2158.772,3397.611166,942.321,1837.2106669999998
2023-01-29 10:00:00,3358.7345,3141.397,2190.6189999999997,3646.8938310000003,1010.8370000000001,1898.734668
2023-01-29 11:00:00,3432.6008330000004,3296.5190000000002,2234.3940000000002,3838.491833,1023.2840000000001,1995.3796660000003
2023-01-29 12:00:00,3568.2923339999998,3345.8720000000003,2271.156667,3928.1961659999997,1116.1970000000001,2084.387668
2023-01-29 13:00:00,3510.045833,3264.153,2236.3266670000003,3782.820668,1036.067,1990.9923330000001
2023-01-29 14:00:00,3448.453834,3130.5209999999997,2120.2529999999997,3670.034166,968.929,1852.7596669999998
2023-01-29 15:00:00,3407.468667,3062.013,2174.776,3665.506334,990.498,1818.814999
2023-01-29 16:00:00,3556.004,3156.774,2159.6130009999997,3630.68633,1015.26,1936.145333
2023-01-29 17:00:00,3694.2903330000004,3264.2799999999997,2290.641,3962.046332,1091.942,1978.1703340000001
2023-01-29 18:00:00,3817.662333,3672.9799999999996,2538.358333,4188.004499000001,1150.156,2106.709
2023-01-29 19:00:00,3957.9733340000002,3745.97,2510.4300000000003,4394.565828999999,1144.565,2221.807333
2023-01-29 20:00:00,3970.3136670000004,3659.964,2478.626999,4302.960002,1099.059,2265.844666
2023-01-29 21:00:00,3931.1949999999997,3519.7520000000004,2335.3816669999997,4146.687334,1087.961,2184.001667
2023-01-29 22:00:00,3590.679,3299.498,2163.224333,3878.206335,1036.433,2038.8200000000002
2023-01-29 23:00:00,3300.035,2886.125,1866.4633330000001,3536.0806700000003,931.774,1905.200334
2023-01-30 00:00:00,3051.894667,2532.338,1712.042,3178.963334,823.153,1745.376166
2023-01-30 01:00:00,2808.0280000000002,2382.435,1590.8220000000001,3000.6809980000003,769.569,1625.47
2023-01-30 02:00:00,2663.8109990000003,2266.6620000000003,1531.0555,2854.630667,727.363,1564.2865
2023-01-30 03:00:00,2604.39,2199.531,1516.864,2794.729166,730.241,1533.5919999999999
2023-01-30 04:00:00,2579.6449999999995,2245.531,1553.354,2845.3435010000003,752.096,1555.605
2023-01-30 05:00:00,2694.66,2365.844,1619.577,2933.7190009999995,775.1690000000001,1556.754
2023-01-30 06:00:00,2899.661,2577.13,1825.422,3181.006835,798.764,1663.144333
2023-01-30 07:00:00,3152.5829999999996,2924.3163329999998,2043.663,3471.054831,911.3790000000001,1866.330667
2023-01-30 08:00:00,3345.184333,3211.214667,2291.937,3738.7873339999996,1009.352,1966.214333
2023-01-30 09:00:00,3376.2709999999997,3140.5950000000003,2342.598,3795.984167,1057.6870000000001,1917.750666
2023-01-30 10:00:00,3430.2529999999997,3013.1899999999996,2233.1549999999997,3751.1875,1012.0600000000001,1853.656
2023-01-30 11:00:00,3483.099,2926.125,2145.108,3653.2920000000004,953.2199999999999,1823.711334
2023-01-30 12:00:00,3475.5183319999996,2899.035,2081.784,3674.7166669999997,921.596,1869.1036670000003
2023-01-30 13:00:00,3489.992333,2837.867,2005.982,3562.8923349999995,905.7719999999999,1814.907667
2023-01-30 14:00:00,3344.5513339999998,2823.547,1937.9445,3397.799167,870.558,1710.65
2023-01-30 15:00:00,3342.5343329999996,2754.687,1876.765,3301.021167,855.0169999999999,1703.5463330000002
2023-01-30 16:00:00,3388.587333,2683.4139999999998,1916.3760000000002,3474.079001,877.39,1792.107334
2023-01-30 17:00:00,3732.392334,3028.089,2089.459,3702.99,988.242,2013.69
2023-01-30 18:00:00,4005.102,3528.617,2405.398,4144.526168,1048.068,2166.062333
2023-01-30 19:00:00,4181.898999999999,3692.1980000000003,2496.444,4402.916665000001,1137.6970000000001,2208.511
2023-01-30 20:00:00,4112.498,3606.6306670000004,2472.1349999999998,4301.028333,1105.877,2128.658
2023-01-30 21:00:00,3875.337,3490.340333,2287.0150000000003,4136.5635,1079.1970000000001,2092.0116660000003
2023-01-30 22:00:00,3659.9500000000003,3188.8193330000004,2080.884332,3762.47,1003.4970000000001,1987.808333
2023-01-30 23:00:00,3243.6009999999997,2791.183333,1836.68,3463.446832,887.3910000000001,1774.322667
2023-01-31 00:00:00,2960.161833,2487.321,1652.180667,3026.164002,796.005,1656.859
2023-01-31 01:00:00,2698.942333,2277.626667,1513.2500009999999,2826.516169,721.402,1497.775
2023-01-31 02:00:00,2590.555667,2178.326,1429.1606660000002,2710.857168,696.129,1423.168
2023-01-31 03:00:00,2516.459,2169.1310000000003,1402.237667,2666.9721689999997,682.268,1421.6809990000002
2023-01-31 04:00:00,2513.136333,2188.496,1450.5359990000002,2706.927004,687.761,1414.232667
2023-01-31 05:00:00,2612.164334,2325.273667,1534.0676680000001,2911.0126630000004,731.5409999999999,1467.7423330000001
2023-01-31 06:00:00,2841.683,2531.275,1710.508333,3142.021168,783.391,1573.909333
2023-01-31 07:00:00,3153.674,2798.1040000000003,1975.372333,3384.5696660000003,886.082,1761.8343340000001
2023-01-31 08:00:00,3238.232,2993.536,2154.904666,3545.046829,1005.979,1835.763666
2023-01-31 09:00:00,3204.154334,2973.5696669999998,2205.8063330000004,3550.750507,968.423,1790.748666
2023-01-31 10:00:00,3225.6414999999997,2886.2259999999997,2121.3653329999997,3420.637168,935.415,1725.167
2023-01-31 11:00:00,3178.5859990000004,2745.691,1953.485334,3347.472999,875.462,1754.940667
2023-01-31 12:00:00,3159.126667,2743.6089999999995,1945.8686670000002,3357.328333,873.9549999999999,1774.952334
2023-01-31 13:00:00,3152.1440000000002,2693.079667,1870.589,3275.52733,872.528,1733.2379999999998
2023-01-31 14:00:00,3096.62,2530.856,1858.459333,3204.6798289999997,863.789,1657.67
2023-01-31 15:00:00,3078.515,2515.82,1793.741333,3182.8025000000002,853.864,1669.1390000000001
2023-01-31 16:00:00,3147.812,2563.8730000000005,1825.304,3219.0631700000004,821.903,1748.732333
2023-01-31 17:00:00,3346.274,2865.78,1995.838,3573.755335,904.289,1883.113667
2023-01-31 18:00:00,3651.954,3231.072,2225.714,3964.3636699999997,1007.4660000000001,2052.519333
2023-01-31 19:00:00,3911.5485,3370.902,2309.8193330000004,4140.540833999999,1068.659,2100.026
2023-01-31 20:00:00,3871.3845,3362.526,2220.952666,4220.740833,1069.982,2065.313334
2023-01-31 21:00:00,3673.789,3163.8959999999997,2137.749667,3918.754664,1027.302,1983.760334
2023-01-31 22:00:00,3404.0249999999996,2968.506,1982.8869989999998,3701.569169,941.659,1871.062666
2023-01-31 23:00:00,3039.919,2656.308333,1750.384333,3305.910997,824.2669999999999,1681.099001
2023-02-01 00:00:00,2716.293167,2296.1086670000004,1557.229667,2908.724499,774.495,1501.5826659999998
2023-02-01 01:00:00,2536.061334,2181.8113329999996,1503.019,2695.615165,698.453,1392.763334
2023-02-01 02:00:00,2393.7081660000003,2097.1349999999998,1434.479333,2622.62,670.5740000000001,1402.5276669999998
2023-02-01 03:00:00,2399.238332,2084.1989999999996,1359.255,2585.2666689999996,649.7460000000001,1392.361333
2023-02-01 04:00:00,2415.103666,2115.279,1383.3246669999999,2652.8713319999997,675.037,1383.529
2023-02-01 05:00:00,2551.6106680000003,2209.785,1465.609,2744.650668,722.173,1426.228001
2023-02-01 06:00:00,2726.112665,2422.564,1645.402,2983.251332,760.809,1490.805667
2023-02-01 07:00:00,3050.7839999999997,2751.893,1859.623,3280.453335,873.738,1691.5413330000001
2023-02-01 08:00:00,3168.7776670000003,2875.387,2025.252,3423.8973340000002,964.516,1767.9536659999999
2023-02-01 09:00:00,3091.847334,2864.5,2064.268,3442.243004,961.6110000000001,1749.489333
2023-02-01 10:00:00,3075.885,2719.891,2027.893666,3301.490662,923.6750000000001,1693.6770000000001
2023-02-01 11:00:00,2983.943167,2729.7889999999998,1931.482334,3177.6609989999997,856.6899999999999,1654.546001
2023-02-01 12:00:00,2950.084667,2618.785,1946.8936669999998,3143.760169,827.693,1636.2723339999998
2023-02-01 13:00:00,2833.644334,2548.678,1826.2523340000002,3065.991167,780.966,1596.623333
2023-02-01 14:00:00,2740.0845,2414.523,1759.3976659999998,2864.059335,756.5340000000001,1546.2469999999998
2023-02-01 15:00:00,2636.346333,2281.006,1640.1313340000002,2812.966168,723.283,1468.411333
2023-02-01 16:00:00,2828.277,2366.4139999999998,1693.840667,2894.4590040000003,714.173,1517.744333
2023-02-01 17:00:00,3081.561666,2683.737,1873.636667,3151.592835,806.309,1687.831666
2023-02-01 18:00:00,3443.1775,3082.561,2157.627333,3532.1315,939.8209999999999,1873.802333
2023-02-01 19:00:00,3769.218166,3276.107,2218.222667,3770.7461660000004,983.963,1951.6056680000002
2023-02-01 20:00:00,3727.8869989999994,3230.7529999999997,2128.646666,3846.924334,966.134,1919.980333
2023-02-01 21:00:00,3548.358668,3158.7829999999994,2019.559666,3743.5246690000004,947.991,1884.158
2023-02-01 22:00:00,3233.634334,2859.4339999999997,1912.3059990000002,3489.1703319999997,887.483,1740.6846679999999
2023-02-01 23:00:00,2941.886,2536.4489999999996,1691.7849999999999,3098.4256680000003,823.927,1589.703334
2023-02-02 00:00:00,2637.1346670000003,2235.7659999999996,1438.305666,2817.0356650000003,734.719,1422.639
2023-02-02 01:00:00,2430.410667,2080.492,1323.861666,2556.496664,664.309,1346.532667
2023-02-02 02:00:00,2321.977,1959.6129999999998,1279.985332,2415.957336,619.982,1317.968666
2023-02-02 03:00:00,2259.4669999999996,1937.3739999999998,1281.1903329999998,2381.502997,597.7729999999999,1266.348333
2023-02-02 04:00:00,2239.849,1958.325,1295.206334,2429.811998,622.238,1292.3003319999998
2023-02-02 05:00:00,2366.870333,2136.416,1426.6473330000001,2607.5686639999994,677.0519999999999,1383.786333
2023-02-02 06:00:00,2577.2583329999998,2337.888,1660.315666,2892.654501,719.288,1476.8413349999998
2023-02-02 07:00:00,2901.077667,2700.891,1883.866334,3230.927001,820.8890000000001,1689.1689999999999
2023-02-02 08:00:00,3043.902,2908.379333,2069.4023340000003,3405.8900000000003,932.199,1813.474667
2023-02-02 09:00:00,3084.965,2761.8216669999997,2104.1893330000003,3378.6885,906.0820000000001,1716.648
2023-02-02 10:00:00,3061.959667,2680.946333,1998.627,3254.0218320000004,892.4680000000001,1693.2459999999999
2023-02-02 11:00:00,2916.5206660000003,2687.611,1884.815,3180.9901680000003,867.903,1635.868
2023-02-02 12:00:00,2867.337,2633.174333,1787.425001,3043.928001,834.4590000000001,1597.98
2023-02-02 13:00:00,2854.054666,2571.0676670000003,1783.450333,2843.928668,781.467,1505.495
2023-02-02 14:00:00,2729.5699999999997,2425.012667,1652.7050009999998,2768.6351680000002,772.912,1406.741
2023-02-02 15:00:00,2767.889333,2395.4880000000003,1610.7473329999998,2819.175663,736.1390000000001,1419.3670000000002
2023-02-02 16:00:00,2739.4120000000003,2414.536333,1627.243,2978.599169,733.517,1469.386
2023-02-02 17:00:00,3044.3533340000004,2740.566,1861.373999,3228.447669,833.3169999999999,1654.965667
2023-02-02 18:00:00,3386.91,3090.626,2088.016333,3537.8798340000003,931.548,1836.547
2023-02-02 19:00:00,3528.878667,3206.191,2170.675,3751.2595,961.335,1885.743
2023-02-02 20:00:00,3483.08,3181.407,2106.243333,3699.925664,963.23,1895.0793330000001
2023-02-02 21:00:00,3369.5879999999997,2990.066,2033.5316670000002,3529.981833,927.466,1786.5093339999999
2023-02-02 22:00:00,3149.175,2714.79,1845.780333,3207.741332,847.021,1615.673333
2023-02-02 23:00:00,2805.928,2461.32,1644.864001,2915.781002,729.77,1495.3773330000001
2023-02-03 00:00:00,2522.17,2181.895,1409.881334,2606.073166,683.8990000000001,1348.3303329999999
2023-02-03 01:00:00,2205.945333,2041.602,1312.7020000000002,2396.042168,626.3489999999999,1249.717332
2023-02-03 02:00:00,2054.869666,1930.5030000000002,1229.097,2288.439836,596.514,1165.765666
2023-02-03 03:00:00,2029.864333,1871.5410000000002,1209.7310000000002,2248.2203339999996,597.5310000000001,1164.358334
2023-02-03 04:00:00,2030.4051670000001,1925.1729999999998,1212.529333,2241.573332,580.403,1138.264333
2023-02-03 05:00:00,2123.3106669999997,1972.978,1284.001667,2315.6925,622.739,1146.414167
2023-02-03 06:00:00,2253.885333,2196.7870000000003,1445.663666,2473.898995,655.942,1231.080334
2023-02-03 07:00:00,2536.194001,2427.465,1693.2379999999998,2738.135499,741.972,1375.737
2023-02-03 08:00:00,2640.668334,2594.924,1789.398333,2928.076501,828.4859999999999,1437.44
2023-02-03 09:00:00,2735.287333,2646.357,1875.798999,2930.975166,793.719,1525.7056659999998
2023-02-03 10:00:00,2758.312333,2696.937,1817.157334,2947.814332,837.418,1585.269999
2023-02-03 11:00:00,2848.585833,2678.095,1827.002333,2978.9521649999997,847.768,1572.670333
2023-02-03 12:00:00,2866.992,2744.815667,1875.461667,2998.4333340000003,865.236,1564.627667
2023-02-03 13:00:00,2880.2070000000003,2691.98,1915.373666,2995.491504,862.021,1531.554333
2023-02-03 14:00:00,2756.6040000000003,2623.544667,1778.548334,2954.948668,839.442,1513.6909999999998
2023-02-03 15:00:00,2694.924,2503.8099999999995,1692.4293329999998,2918.815333,793.0269999999999,1502.3413329999998
2023-02-03 16:00:00,2819.3199999999997,2547.568,1752.178666,2975.210999,818.972,1544.228
2023-02-03 17:00:00,2953.99,2681.673,1800.4810009999999,3066.5825,862.5020000000001,1623.009
2023-02-03 18:00:00,3151.769667,2964.0586670000002,1999.5976660000001,3296.6340010000004,886.806,1703.373
2023-02-03 19:00:00,3296.9856670000004,3030.1189999999997,2027.103001,3316.441833,917.2280000000001,1715.971
2023-02-03 20:00:00,3105.589,2942.4356669999997,1901.145334,3270.7611669999997,859.773,1557.211
2023-02-03 21:00:00,2894.900333,2750.1409999999996,1783.8893329999999,3101.380998,815.233,1491.138
2023-02-03 22:00:00,2737.978333,2558.105,1672.701332,2911.8413359999995,748.001,1419.4299999999998
2023-02-03 23:00:00,2502.732,2349.94,1529.46,2662.615667,692.976,1340.175
2023-02-04 00:00:00,2218.183,2072.123,1379.109668,2400.664002,639.548,1194.098
2023-02-04 01:00:00,2015.832667,1865.6680000000001,1209.431,2157.325669,555.292,1040.443
2023-02-04 02:00:00,1829.871667,1722.0810000000001,1111.721667,1998.313999,508.87300000000005,957.344
2023-02-04 03:00:00,1785.708,1630.117,1094.695,1884.834667,490.95799999999997,948.8679999999999
2023-02-04 04:00:00,1733.3673330000001,1644.9569999999999,1051.291333,1930.077335,483.659,928.082
2023-02-04 05:00:00,1714.5353340000001,1718.336333,1100.0533329999998,1957.1493349999996,491.719,932.223
2023-02-04 06:00:00,1842.094,1841.786333,1242.340999,2040.1585,534.2760000000001,981.943
2023-02-04 07:00:00,1909.097,2012.8286669999998,1368.165666,2149.315501,571.944,1065.338667
2023-02-04 08:00:00,2107.966,2277.023667,1541.0609989999998,2374.492833,708.371,1187.314333
2023-02-04 09:00:00,2382.755333,2644.856667,1770.524,2661.4581660000003,762.192,1348.757
2023-02-04 10:00:00,2628.452,2771.6586669999997,1866.591001,2937.233999,807.619,1516.272
2023-02-04 11:00:00,2787.452667,2889.016667,1944.424,3069.6820020000005,826.266,1600.441
2023-02-04 12:00:00,2931.421667,2890.911667,1993.217333,3155.3826670000003,817.311,1547.38
2023-02-04 13:00:00,2913.7555,2843.3999999999996,1967.1450009999999,3131.028667,793.882,1535.085667
2023-02-04 14:00:00,2912.9775,2833.310667,1929.250667,3046.124002,793.631,1487.749333
2023-02-04 15:00:00,2913.751333,2774.406,1912.702667,3080.699667,778.985,1534.012666
2023-02-04 16:00:00,2893.3643329999995,2893.949,1920.178334,3140.691335,762.6039999999999,1568.948334
2023-02-04 17:00:00,3022.894,2968.241,1948.218,3145.799668,816.0500000000001,1586.2363330000003
2023-02-04 18:00:00,3093.3016669999997,3166.2929999999997,2052.0846659999997,3311.134663,853.991,1609.295333
2023-02-04 19:00:00,3121.295,3026.441,2009.402334,3306.1275020000003,847.534,1639.504334
2023-02-04 20:00:00,3052.5335,2908.88,1979.597999,3248.052333,837.7839999999999,1569.8426670000001
2023-02-04 21:00:00,2901.08,2829.407,1834.179999,3098.673667,795.15,1518.122
2023-02-04 22:00:00,2700.1220000000003,2680.678,1680.289332,2852.0973320000003,716.9549999999999,1378.853
2023-02-04 23:00:00,2481.0055,2348.2650000000003,1522.498335,2706.446337,675.848,1274.8180000000002
2023-02-05 00:00:00,2273.485333,2137.041,1395.8686659999998,2389.717335,661.9350000000001,1179.635
2023-02-05 01:00:00,2029.657333,1925.694,1227.562,2196.399999,570.6800000000001,1066.106
2023-02-05 02:00:00,1893.6946670000002,1826.79,1137.206668,2073.427337,520.055,1011.697
2023-02-05 03:00:00,1795.737,1729.0900000000001,1094.3030009999998,1942.872838,492.249,943.8900000000001
2023-02-05 04:00:00,1763.017,1725.441,1065.636333,1902.9640020000002,484.045,959.376
2023-02-05 05:00:00,1745.080999,1713.868,1064.0760010000001,1914.702668,482.3430000000001,943.2503330000001
2023-02-05 06:00:00,1775.923334,1810.4450000000002,1163.400334,2019.619498,520.034,961.453667
2023-02-05 07:00:00,1916.687335,1960.96,1318.717333,2132.8446649999996,550.191,1059.7946660000002
2023-02-05 08:00:00,2132.896665,2272.271,1562.0009989999999,2430.164333,667.6659999999999,1201.3250000000003
2023-02-05 09:00:00,2431.437166,2625.976,1742.436001,2720.336329,759.943,1337.976
2023-02-05 10:00:00,2737.1893330000003,2699.322,1843.9023339999999,2979.915331,829.426,1517.599
2023-02-05 11:00:00,2831.4026670000003,2708.794,1845.822667,3021.7478330000004,837.8589999999999,1621.565
2023-02-05 12:00:00,2898.858999,2764.7160000000003,1885.1370000000002,3181.275,831.97,1661.688
2023-02-05 13:00:00,2993.9560009999996,2930.882,1938.914001,3233.581336,857.7249999999999,1688.7540000000001
2023-02-05 14:00:00,2938.251001,2956.09,1982.6620010000001,3275.404831,809.97,1653.8220000000001
2023-02-05 15:00:00,2961.731001,2965.765,1932.353001,3151.41533,820.218,1630.133
2023-02-05 16:00:00,2996.883334,3033.728,2020.122333,3230.240167,862.353,1665.268666
2023-02-05 17:00:00,3197.142,3180.495,2112.737333,3357.4715,860.9970000000001,1779.1270009999998
2023-02-05 18:00:00,3361.406999,3321.466,2276.016333,3415.219003,923.8989999999999,1842.769
2023-02-05 19:00:00,3238.757334,3320.5429999999997,2207.887667,3420.699166,937.9269999999999,1725.346
2023-02-05 20:00:00,3108.7903340000003,3207.232,2045.779,3366.2885020000003,913.892,1702.6480000000001
2023-02-05 21:00:00,3038.5209990000003,3021.405,1968.5,3278.180998,877.903,1684.9070000000002
2023-02-05 22:00:00,2901.7863340000004,2718.334,1781.708,3034.324998,782.869,1591.693
2023-02-05 23:00:00,2618.728333,2365.848,1542.2073329999998,2689.1626699999997,669.398,1360.518
2023-02-06 00:00:00,2281.055333,2002.6979999999999,1326.638167,2388.438333,600.8610000000001,1177.2943329999998
2023-02-06 01:00:00,2017.7463340000002,1783.95,1201.1186659999998,2214.6088339999997,540.435,1051.299
2023-02-06 02:00:00,1876.616667,1709.0049999999999,1090.976668,2052.766667,503.959,1001.0643329999999
2023-02-06 03:00:00,1802.143667,1689.955,1081.602666,1993.1236669999998,513.9950000000001,986.475
2023-02-06 04:00:00,1777.578333,1752.905,1088.9439989999998,1979.287166,511.091,1010.848667
2023-02-06 05:00:00,1822.6663330000001,1820.498333,1149.854001,2055.434832,546.0840000000001,1044.828
2023-02-06 06:00:00,1959.5330000000001,1997.4453330000001,1333.4283329999998,2287.2120019999998,576.498,1125.432
2023-02-06 07:00:00,2281.393999,2364.7129999999997,1568.503333,2493.3456699999997,677.479,1308.471
2023-02-06 08:00:00,2433.1758330000002,2531.74,1735.299501,2747.5008319999997,777.024,1383.576
2023-02-06 09:00:00,2459.9716660000004,2519.0429999999997,1781.406333,2785.951668,778.027,1386.649
2023-02-06 10:00:00,2521.4768329999997,2526.978,1783.0696669999998,2840.062336,738.693,1330.311
2023-02-06 11:00:00,2436.224,2495.9440000000004,1729.2816670000002,2804.641666,737.4259999999999,1376.7179999999998
2023-02-06 12:00:00,2557.766,2453.011,1704.094333,2752.2971669999997,733.4580000000001,1397.228
2023-02-06 13:00:00,2607.788333,2427.357,1674.2926659999998,2722.392999,702.944,1350.0729999999999
2023-02-06 14:00:00,2514.075001,2419.728,1605.688666,2734.893166,660.602,1365.42
2023-02-06 15:00:00,2504.242333,2394.964,1622.331,2696.904501,698.617,1379.6170000000002
2023-02-06 16:00:00,2658.912333,2426.242,1651.6109999999999,2840.403667,708.9680000000001,1457.8539999999998
2023-02-06 17:00:00,2877.0,2676.7039999999997,1843.5293330000002,3158.0698330000005,753.087,1542.714
2023-02-06 18:00:00,3114.2166669999997,2980.99,2054.342666,3372.281666,861.6840000000001,1643.287
2023-02-06 19:00:00,3271.8163329999998,3167.0550000000003,2083.481999,3578.412333,933.8989999999999,1747.518
2023-02-06 20:00:00,3191.547334,3113.156,1982.3523329999998,3475.088835,899.394,1704.8290000000002
2023-02-06 21:00:00,2956.117001,2951.5049999999997,1822.426334,3242.213168,852.483,1579.33
2023-02-06 22:00:00,2781.831666,2630.95,1703.9206669999999,2951.9031649999997,771.838,1461.016
2023-02-06 23:00:00,2445.318,2266.766,1473.403333,2679.568835,683.2160000000001,1283.094
2023-02-07 00:00:00,2102.1721669999997,1991.24,1321.1633319999999,2374.434667,607.826,1176.5413330000001
2023-02-07 01:00:00,1904.063,1765.135,1154.1946659999999,2082.870836,535.548,1035.3
2023-02-07 02:00:00,1759.565,1672.857,1063.795334,1916.100668,502.05000000000007,964.115
2023-02-07 03:00:00,1682.178999,1593.993,1029.529332,1854.9881639999999,478.27000000000004,916.143
2023-02-07 04:00:00,1689.1680000000001,1645.683,1065.039,1863.716664,484.70799999999997,995.45
2023-02-07 05:00:00,1752.288,1726.045,1111.7566669999999,2000.884002,523.7049999999999,1012.21
2023-02-07 06:00:00,1920.338335,1969.359,1265.498999,2219.9843330000003,553.9669999999999,1055.4750000000001
2023-02-07 07:00:00,2220.903333,2272.126,1517.630334,2502.033999,643.1759999999999,1219.721
2023-02-07 08:00:00,2281.1496669999997,2446.3950000000004,1643.3413329999998,2591.722336,707.656,1312.131333
2023-02-07 09:00:00,2355.210333,2410.876,1656.4643330000001,2611.2506710000002,722.086,1278.598334
2023-02-07 10:00:00,2319.392166,2402.8329999999996,1649.548,2595.606501,707.0360000000001,1291.5610000000001
2023-02-07 11:00:00,2393.020332,2413.13,1641.242001,2582.8685020000003,708.433,1272.556
2023-02-07 12:00:00,2413.304999,2411.705,1629.6840000000002,2670.77167,702.26,1370.549
2023-02-07 13:00:00,2503.517667,2364.799,1671.197999,2762.524668,684.534,1381.9723330000002
2023-02-07 14:00:00,2530.602333,2360.691,1567.963333,2689.3373309999997,682.018,1356.3110000000001
2023-02-07 15:00:00,2544.845667,2291.2609999999995,1535.182,2662.886496,675.569,1297.142667
2023-02-07 16:00:00,2665.998501,2297.033,1555.942667,2674.741333,699.3530000000001,1346.122333
2023-02-07 17:00:00,2749.782166,2543.2259999999997,1766.1763339999998,2925.3713310000003,745.4259999999999,1453.4340000000002
2023-02-07 18:00:00,3061.212666,2920.37,1970.1063329999997,3319.9411710000004,854.744,1639.8400000000001
2023-02-07 19:00:00,3127.4296679999998,3075.6690000000003,2032.2503330000002,3495.093503,916.682,1688.345
2023-02-07 20:00:00,3218.7043329999997,3074.581,2015.188666,3380.01917,882.999,1699.22
2023-02-07 21:00:00,3091.2070000000003,2970.1310000000003,1893.8373339999998,3235.8358279999998,884.902,1659.529
2023-02-07 22:00:00,2904.600667,2619.535,1770.676998,2966.96,818.721,1564.98
2023-02-07 23:00:00,2587.293999,2352.407,1521.280665,2700.802662,704.626,1374.364
2023-02-08 00:00:00,2246.341501,2081.291,1337.827001,2391.002999,650.473,1231.6419999999998
2023-02-08 01:00:00,2054.062667,1910.779,1214.865667,2122.934664,569.3050000000001,1121.642
2023-02-08 02:00:00,1867.208333,1775.6680000000001,1120.5263329999998,2022.2546659999998,539.733,1039.868
2023-02-08 03:00:00,1820.699834,1739.806,1083.523667,1947.563001,549.355,1026.71
2023-02-08 04:00:00,1836.039666,1740.156,1130.900666,1987.962331,548.874,1061.068
2023-02-08 05:00:00,1924.519001,1828.034,1195.110334,2119.149334,582.712,1093.191334
2023-02-08 06:00:00,2086.245666,2055.942,1366.023001,2393.201999,617.14,1149.822
2023-02-08 07:00:00,2395.465,2455.84,1638.844667,2649.629666,692.1379999999999,1323.984
2023-02-08 08:00:00,2565.391668,2601.535,1760.308333,2890.8134980000004,787.3969999999999,1467.6970000000001
2023-02-08 09:00:00,2524.511167,2551.906,1767.906333,2885.0478350000003,813.115,1424.234
2023-02-08 10:00:00,2500.1643329999997,2395.643333,1697.692665,2720.892832,771.432,1355.8203330000001
2023-02-08 11:00:00,2368.141334,2284.9710000000005,1650.024668,2637.747337,711.742,1298.8493330000001
2023-02-08 12:00:00,2365.440333,2238.5513330000003,1608.556,2655.439833,714.686,1288.004
2023-02-08 13:00:00,2425.598666,2155.165333,1571.9530009999999,2625.2426649999998,661.551,1285.523
2023-02-08 14:00:00,2403.8006670000004,2060.355667,1500.4346650000002,2523.602334,653.928,1221.558
2023-02-08 15:00:00,2358.0910000000003,2094.4713330000004,1426.8446669999998,2484.3131670000002,658.8929999999999,1250.775333
2023-02-08 16:00:00,2374.7263330000005,2130.004333,1481.088667,2544.476333,692.673,1238.7759999999998
2023-02-08 17:00:00,2628.1369990000003,2372.01,1611.7939999999999,2782.228833,721.451,1383.791334
2023-02-08 18:00:00,2879.544333,2752.35,1889.3490000000002,3164.558501,818.496,1645.659
2023-02-08 19:00:00,3094.068333,3067.171667,2044.583,3297.9043300000003,908.242,1725.7669999999998
2023-02-08 20:00:00,3140.831,3032.383667,2005.6226659999998,3295.8270030000003,905.892,1687.6589999999999
2023-02-08 21:00:00,3140.596666,2775.807,1862.3566660000001,3250.050334,872.963,1621.6930000000002
2023-02-08 22:00:00,2911.349666,2621.6809999999996,1716.311999,3028.0060009999997,796.554,1509.382
2023-02-08 23:00:00,2532.841333,2348.851,1500.6273350000001,2671.858335,679.2589999999999,1330.344333
2023-02-09 00:00:00,2222.124166,2044.531333,1346.6786660000002,2394.193666,623.849,1193.227
2023-02-09 01:00:00,1992.743332,1834.4263329999999,1198.3036670000001,2156.913666,542.1743329999999,1088.458333
2023-02-09 02:00:00,1811.790333,1746.984666,1112.3283339999998,2017.614502,529.513333,1046.218333
2023-02-09 03:00:00,1804.818334,1703.538,1082.239333,1976.384166,497.74066700000003,1059.059001
2023-02-09 04:00:00,1787.4776650000001,1748.7060000000001,1090.626002,1977.950666,508.889667,1042.895
2023-02-09 05:00:00,1857.440668,1859.87,1164.029333,2087.667164,565.244333,1064.959666
2023-02-09 06:00:00,2107.743,2060.088667,1341.8776659999999,2310.927999,623.833333,1155.088667
2023-02-09 07:00:00,2403.680666,2413.0933330000003,1585.572,2666.439172,734.1283330000001,1335.088667
2023-02-09 08:00:00,2474.3180009999996,2616.797334,1766.902,2788.1295010000003,805.8003329999999,1440.003667
2023-02-09 09:00:00,2482.083333,2486.933334,1762.186999,2781.8701659999997,810.086,1322.313333
2023-02-09 10:00:00,2394.9783340000004,2332.760667,1711.154664,2615.874667,711.6556660000001,1320.1696670000001
2023-02-09 11:00:00,2484.157332,2276.462002,1616.4186650000001,2546.311833,709.533334,1325.984667
2023-02-09 12:00:00,2411.8023329999996,2261.3263269999998,1593.382663,2533.000002,643.744665,1306.102333
2023-02-09 13:00:00,2382.130667,2161.547333,1503.3568340000002,2449.365334,638.398999,1238.592
2023-02-09 14:00:00,2228.1130000000003,2082.053334,1412.144999,2325.635832,595.688669,1189.798
2023-02-09 15:00:00,2167.2573329999996,2065.663665,1352.507669,2284.252833,570.0106659999999,1136.446
2023-02-09 16:00:00,2225.228666,2081.758,1354.622666,2395.476835,617.0229999999999,1234.462
2023-02-09 17:00:00,2508.5476659999995,2392.1549999999997,1598.2066690000001,2698.5825059999997,716.078667,1360.703
2023-02-09 18:00:00,2754.942334,2684.4213320000003,1837.665669,3069.8481650000003,816.5360009999999,1510.7890000000002
2023-02-09 19:00:00,2946.4093329999996,2953.558666,1967.8581629999999,3203.475665,840.9526659999999,1585.211
2023-02-09 20:00:00,2991.356666,2979.491,1915.7438339999999,3275.3213349999996,846.6400000000001,1595.931
2023-02-09 21:00:00,2907.643001,2870.2780000000002,1837.614334,3135.547665,836.793,1485.5610000000001
2023-02-09 22:00:00,2633.502334,2603.2690000000002,1703.296001,2834.25483,750.173,1355.8319999999999
2023-02-09 23:00:00,2373.2696659999997,2222.547,1457.763001,2553.9245,644.194,1220.319
2023-02-10 00:00:00,2114.3704999999995,1972.4270000000001,1259.279666,2226.898003,588.072,1058.896
2023-02-10 01:00:00,1829.3626669999999,1779.714,1148.798,2005.212334,521.8109999999999,994.3340000000001
2023-02-10 02:00:00,1672.042,1662.5030000000002,1072.773667,1886.9245030000002,496.757,937.48
2023-02-10 03:00:00,1599.818833,1604.853,1012.637001,1836.2603290000002,454.991,897.8553320000001
2023-02-10 04:00:00,1578.232667,1659.838,1060.091999,1824.9241659999998,467.30099999999993,883.382333
2023-02-10 05:00:00,1704.935667,1769.761333,1113.759,1839.018832,507.20300000000003,900.173
2023-02-10 06:00:00,1907.3229999999999,1947.9266669999997,1261.406332,2088.975998,579.0609999999999,1014.2349999999999
2023-02-10 07:00:00,2195.209,2292.273333,1483.8,2331.115335,651.5260000000001,1174.6840000000002
2023-02-10 08:00:00,2288.797334,2547.812,1699.117999,2576.2733319999998,756.274,1300.964
2023-02-10 09:00:00,2362.332,2561.047667,1718.980667,2644.8073329999997,759.076,1303.005333
2023-02-10 10:00:00,2380.398667,2460.924667,1729.576167,2605.283502,696.125,1332.901333
2023-02-10 11:00:00,2381.194167,2396.719,1615.2791670000001,2594.601831,697.456,1299.2330000000002
2023-02-10 12:00:00,2326.6256670000002,2300.254667,1570.474166,2513.7079969999995,710.971,1231.1796669999999
2023-02-10 13:00:00,2323.838001,2241.089,1519.184667,2430.992502,679.481,1129.089333
2023-02-10 14:00:00,2237.589333,2208.424,1426.1019999999999,2314.066003,671.892,1190.214
2023-02-10 15:00:00,2182.882001,2090.826,1407.796667,2291.313666,629.351,1162.4930000000002
2023-02-10 16:00:00,2267.5713339999998,2062.1130000000003,1412.959,2302.805998,658.174,1137.432
2023-02-10 17:00:00,2435.148333,2243.453,1598.601833,2541.577498,688.0310000000001,1297.013
2023-02-10 18:00:00,2709.471,2603.654,1787.2940010000002,2829.168332,772.024,1416.451666
2023-02-10 19:00:00,2870.8563329999997,2724.094,1818.840333,3041.9448319999997,808.3480000000001,1493.788667
2023-02-10 20:00:00,2781.235334,2713.365,1812.535,2985.1976640000003,820.6990000000001,1440.09
2023-02-10 21:00:00,2705.486999,2722.076,1766.696,2939.433,803.555,1452.0980000000002
2023-02-10 22:00:00,2546.206667,2548.0910000000003,1641.1628329999999,2757.473,717.337,1360.34
2023-02-10 23:00:00,2362.0669999999996,2286.425,1491.851334,2582.220999,666.991,1239.841
2023-02-11 00:00:00,2182.035001,2026.9470000000001,1317.198,2350.429999,580.5840000000001,1132.623668
2023-02-11 01:00:00,1971.966,1854.696,1196.1885000000002,2190.1563340000002,532.007,1013.500333
2023-02-11 02:00:00,1854.4210000000003,1753.461,1095.091,2023.9023309999998,507.14,982.9666669999999
2023-02-11 03:00:00,1767.8576659999999,1673.032,1102.110667,1988.749334,491.405,997.2736669999999
2023-02-11 04:00:00,1751.910666,1706.5859999999998,1103.335333,1917.964663,485.673,976.9280000000001
2023-02-11 05:00:00,1760.955333,1742.257,1155.7806659999999,1964.4141690000001,498.419,1018.332334
2023-02-11 06:00:00,1899.198334,1879.464,1228.288666,2098.945338,537.211,1083.207
2023-02-11 07:00:00,1991.5179990000001,2068.941,1413.913666,2213.6183330000003,587.5709999999999,1155.600666
2023-02-11 08:00:00,2223.252,2297.614,1644.9103329999998,2514.142331,682.2230000000001,1258.513
2023-02-11 09:00:00,2479.7363319999995,2657.765,1824.657334,2848.467329,781.0360000000001,1454.8539999999998
2023-02-11 10:00:00,2725.4663339999997,2842.178,1929.132333,3045.906334,893.339,1523.975
2023-02-11 11:00:00,2871.617666,2787.913,1927.225,3123.3140009999997,859.3610000000001,1561.023334
2023-02-11 12:00:00,2965.732166,2770.33,1883.365666,3129.351666,856.5360000000001,1559.0140000000001
2023-02-11 13:00:00,2792.362167,2671.365,1849.7870010000001,2972.880335,774.321,1486.3393330000001
2023-02-11 14:00:00,2700.283834,2519.645,1716.758333,2863.5536650000004,767.2819999999999,1351.7200000000003
2023-02-11 15:00:00,2601.380334,2352.978,1684.794334,2749.17317,650.712,1321.23
2023-02-11 16:00:00,2541.488,2366.7980000000002,1653.7036669999998,2669.346335,652.832,1336.116
2023-02-11 17:00:00,2679.7233340000002,2556.746,1817.7630009999998,2795.760166,740.826,1385.3999999999999
2023-02-11 18:00:00,2855.1540000000005,2795.4939999999997,1939.081333,3006.815165,841.0840000000001,1516.281
2023-02-11 19:00:00,2914.0879990000003,2956.1220000000003,2003.040333,3197.634501,857.962,1534.707
2023-02-11 20:00:00,2878.187667,2919.305,1908.619666,3165.774665,853.5319999999999,1595.299667
2023-02-11 21:00:00,2864.073666,2845.936,1867.716,3068.389334,791.6809999999999,1575.2406660000001
2023-02-11 22:00:00,2672.343667,2638.629,1753.185665,2938.2865,772.6200000000001,1452.136
2023-02-11 23:00:00,2579.962334,2443.349,1589.2290010000002,2749.921668,710.8000000000001,1380.059666
2023-02-12 00:00:00,2395.023999,2208.873,1384.027666,2576.137331,676.8499999999999,1276.161333
2023-02-12 01:00:00,2157.8393319999996,2041.727,1244.853334,2305.5730009999997,592.135,1208.522333
2023-02-12 02:00:00,2021.2943329999998,1955.652,1213.148667,2229.418,576.832,1167.614
2023-02-12 03:00:00,1990.325334,1882.451,1194.138334,2191.959836,569.193,1164.6276670000002
2023-02-12 04:00:00,1960.738999,1867.799,1196.7346670000002,2193.5253329999996,569.008,1189.1200010000002
2023-02-12 05:00:00,1966.4339999999997,1946.1879999999999,1253.243,2222.062,578.505,1174.938999
2023-02-12 06:00:00,2086.717334,2097.233,1356.9830000000002,2302.864662,604.316,1253.9335
2023-02-12 07:00:00,2200.919333,2243.0159999999996,1538.141,2522.443669,644.1579999999999,1325.660667
2023-02-12 08:00:00,2494.1589999999997,2533.719,1805.483999,2852.405998,764.721,1428.422667
2023-02-12 09:00:00,2876.7470000000003,2859.8230000000003,1964.7733319999998,3220.12867,880.303,1635.831667
2023-02-12 10:00:00,3082.8605,3013.243,2070.326666,3515.733997,984.4739999999999,1743.245333
2023-02-12 11:00:00,3206.431,3018.932,2060.978333,3602.224334,988.6109999999999,1790.277667
2023-02-12 12:00:00,3173.5746670000003,3104.835,2098.1133330000002,3520.8846670000003,993.6110000000001,1791.969
2023-02-12 13:00:00,3066.741833,3099.6110000000003,2048.754667,3349.750336,955.09,1730.288
2023-02-12 14:00:00,2917.348,2953.48,1921.792,3185.6493339999997,892.474,1579.315
2023-02-12 15:00:00,2841.6505,2775.129,1888.1180019999997,3072.409996,840.9019999999999,1453.3359999999998
2023-02-12 16:00:00,2802.9049999999997,2610.5383330000004,1773.5550010000002,3029.0703320000002,788.394,1433.895
2023-02-12 17:00:00,2730.6805,2662.837,1766.724667,3032.5536669999997,775.294,1495.5900000000001
2023-02-12 18:00:00,2917.8045,2878.651,1891.302999,3157.778332,826.3,1628.479
2023-02-12 19:00:00,3091.8545,3051.515,1992.277333,3295.7455,875.088,1643.581
2023-02-12 20:00:00,3121.8153330000005,3070.7879999999996,1984.3113329999999,3392.511834,907.483,1642.842
2023-02-12 21:00:00,3055.462833,3050.72,1930.62,3432.5606660000003,891.069,1639.116
2023-02-12 22:00:00,2871.9959999999996,2733.673,1731.1566670000002,3123.7835010000003,816.0809999999999,1507.5210000000002
2023-02-12 23:00:00,2585.918834,2320.609,1519.006667,2766.239667,712.0070000000001,1302.85
2023-02-13 00:00:00,2176.9846669999997,1968.857,1293.943334,2437.170837,630.623,1191.312
2023-02-13 01:00:00,1958.991833,1759.8490000000002,1132.310333,2116.261333,517.5070000000001,1067.8850000000002
2023-02-13 02:00:00,1844.8685,1662.3359999999998,1071.767,2012.0906679999998,502.312,999.759
2023-02-13 03:00:00,1750.432333,1592.133,1020.8000000000001,1869.3635020000002,497.51500000000004,978.444
2023-02-13 04:00:00,1733.9601670000002,1610.157,1031.969333,1850.266,488.85699999999997,973.191
2023-02-13 05:00:00,1821.5958329999999,1720.587,1109.535001,1958.4479999999999,506.486,1011.248
2023-02-13 06:00:00,1943.034667,1943.628,1312.971333,2190.1553329999997,570.281,1111.885
2023-02-13 07:00:00,2223.926833,2295.8686669999997,1531.9099999999999,2476.711002,664.889,1275.274
2023-02-13 08:00:00,2445.8621669999998,2531.376,1728.488,2683.6755,747.0360000000001,1324.758
2023-02-13 09:00:00,2460.4375,2598.054333,1760.299,2734.667665,770.759,1360.392666
2023-02-13 10:00:00,2507.3151669999997,2492.257667,1725.2399999999998,2709.0758349999996,750.1790000000001,1359.8220000000001
2023-02-13 11:00:00,2517.5295,2410.335,1683.393,2782.1450030000005,733.347,1379.071
2023-02-13 12:00:00,2528.6635,2462.812,1732.27,2718.463336,729.049,1401.966
2023-02-13 13:00:00,2562.0074999999997,2470.495,1712.286,2747.762335,705.169,1402.162
2023-02-13 14:00:00,2550.693667,2397.709,1598.707666,2625.472832,681.707,1370.9119999999998
2023-02-13 15:00:00,2631.8230000000003,2408.488,1623.769333,2613.6223330000003,669.137,1397.839
2023-02-13 16:00:00,2840.9735,2602.398,1758.635,2813.250503,748.7629999999999,1473.4560000000001
2023-02-13 17:00:00,3089.773,2785.96,1901.1970000000001,3134.3334999999997,812.7810000000001,1670.9180000000001
2023-02-13 18:00:00,3316.711,3105.5950000000003,2137.746333,3503.2164999999995,906.653,1846.454666
2023-02-13 19:00:00,3430.934,3275.7659999999996,2220.327666,3708.5015,972.563,1933.4923329999997
2023-02-13 20:00:00,3406.9939999999997,3261.6040000000003,2182.760667,3687.071665,951.4159999999999,1902.728999
2023-02-13 21:00:00,3381.5460000000003,3121.581,2085.670999,3660.454836,917.125,1847.548334
2023-02-13 22:00:00,3188.827,2839.8979999999997,1891.473,3352.6833340000003,888.988,1711.986667
2023-02-13 23:00:00,2849.0605,2540.651,1652.4969999999998,2964.490833,753.924,1556.479667
2023-02-14 00:00:00,2518.331833,2192.0829999999996,1439.6840000000002,2676.458169,674.0920000000001,1375.804001
2023-02-14 01:00:00,2273.402,2008.7859999999998,1318.003667,2476.018332,643.906,1245.041
2023-02-14 02:00:00,2124.325667,1946.071,1303.596333,2358.318502,594.211,1212.971334
2023-02-14 03:00:00,2065.4353319999996,1878.3360000000002,1233.281332,2294.1624979999997,594.732,1174.864333
2023-02-14 04:00:00,2052.115,1915.272,1257.418001,2311.212999,606.985,1193.114333
2023-02-14 05:00:00,2188.8720000000003,2018.316,1354.1793329999998,2419.323168,641.958,1218.6453330000002
2023-02-14 06:00:00,2398.146001,2282.008,1519.5516659999998,2641.9990000000003,673.392,1346.0233329999999
2023-02-14 07:00:00,2700.494667,2538.531,1788.2433350000001,2914.6944989999997,745.287,1488.1793320000002
2023-02-14 08:00:00,2731.102334,2762.042,1922.161,3194.930499,848.85,1623.6563330000001
2023-02-14 09:00:00,2727.733666,2705.2380000000003,1964.8063339999999,3164.561667,835.031,1559.039334
2023-02-14 10:00:00,2769.533333,2634.928,1841.993,3040.606668,828.1709999999999,1608.549
2023-02-14 11:00:00,2800.5393329999997,2635.746,1826.734668,3111.5103339999996,813.123,1586.518333
2023-02-14 12:00:00,2786.840999,2595.74,1839.907334,3096.887836,802.452,1585.0796659999999
2023-02-14 13:00:00,2863.8160000000003,2578.944,1800.568666,3115.686834,784.215,1515.268333
2023-02-14 14:00:00,2747.821333,2473.025,1767.513,2968.1539970000003,812.634,1512.083
2023-02-14 15:00:00,2752.874,2422.926,1716.8373339999998,2967.751499,780.405,1512.361001
2023-02-14 16:00:00,2813.171667,2483.4880000000003,1713.147332,2998.594335,780.2950000000001,1591.948333
2023-02-14 17:00:00,3028.844999,2742.3230000000003,1843.375333,3223.168666,845.287,1756.117
2023-02-14 18:00:00,3348.909334,3089.6420000000003,2044.479665,3690.0340029999998,931.701,1832.8220000000001
2023-02-14 19:00:00,3500.694334,3310.791,2101.263667,3703.756667,979.969,1865.7913330000001
2023-02-14 20:00:00,3490.227334,3185.157,2052.551,3644.705836,973.694,1800.893333
2023-02-14 21:00:00,3283.736,2968.465667,1912.058667,3540.851165,920.683,1805.332334
2023-02-14 22:00:00,3043.7696669999996,2779.713667,1789.083,3324.4251639999998,860.943,1621.936999
2023-02-14 23:00:00,2784.526999,2541.009,1613.440001,3019.145668,777.971,1512.4106649999999
2023-02-15 00:00:00,2533.1943330000004,2261.008,1451.5639999999999,2691.049999,692.1,1415.501334
2023-02-15 01:00:00,2238.2093330000002,2081.614,1353.042332,2498.223497,647.769,1305.575668
2023-02-15 02:00:00,2121.632001,1998.8020000000001,1321.988667,2379.131669,609.615,1246.961
2023-02-15 03:00:00,2119.050667,1983.542,1303.794668,2364.3691630000003,607.1129999999999,1270.511334
2023-02-15 04:00:00,2171.856666,2068.5240000000003,1364.916666,2430.5313300000003,616.8679999999999,1314.157334
2023-02-15 05:00:00,2300.970001,2174.5370000000003,1440.270667,2565.8000030000003,671.888,1343.679
2023-02-15 06:00:00,2525.658666,2430.0609999999997,1649.3266680000002,2832.140332,709.547,1472.534334
2023-02-15 07:00:00,2830.350333,2730.373,1888.4786669999999,3117.979668,823.1700000000001,1638.5393330000002
2023-02-15 08:00:00,2957.9466679999996,2953.842,2014.96,3374.285833,938.1320000000001,1745.770999
2023-02-15 09:00:00,2914.943667,2822.02,2080.339,3396.929001,958.571,1727.354
2023-02-15 10:00:00,2915.279667,2768.1526670000003,1956.532666,3344.139335,916.4939999999999,1714.297
2023-02-15 11:00:00,2874.8963329999997,2700.737,1865.5010000000002,3157.946665,892.955,1620.765001
2023-02-15 12:00:00,2817.031,2535.2473330000003,1760.119666,2979.343334,779.978,1592.583
2023-02-15 13:00:00,2747.900001,2442.901,1687.8323329999998,2943.503997,764.926,1494.217333
2023-02-15 14:00:00,2643.695667,2251.3360000000002,1649.282,2820.1299980000003,712.618,1417.4896660000002
2023-02-15 15:00:00,2581.959668,2175.6310000000003,1554.030333,2751.030001,726.606,1356.3319999999999
2023-02-15 16:00:00,2752.8906660000002,2285.6769999999997,1609.7583339999999,2786.380666,753.185,1408.3556669999998
2023-02-15 17:00:00,2966.7676659999997,2466.147,1766.408666,3064.482663,792.1850000000001,1523.7839999999999
2023-02-15 18:00:00,3232.424999,2941.3909999999996,2014.260001,3491.436165,911.4970000000001,1791.251
2023-02-15 19:00:00,3497.671333,3250.2520000000004,2139.348333,3836.1855020000003,997.578,1889.242334
2023-02-15 20:00:00,3501.918999,3221.5389999999998,2111.549333,3796.7121660000003,1022.4289999999999,1933.8796659999998
2023-02-15 21:00:00,3406.036,3176.267,2066.597334,3686.457332,944.499,1870.1496659999998
2023-02-15 22:00:00,3199.432999,2942.2039999999997,1922.309999,3436.585333,915.146,1768.495666
2023-02-15 23:00:00,2943.9313329999995,2601.030667,1662.5243340000002,3083.156333,835.35,1597.380333
2023-02-16 00:00:00,2571.156999,2313.956,1532.637666,2791.434328,725.4279999999999,1469.6946670000002
2023-02-16 01:00:00,2373.318665,2160.4449999999997,1375.774,2551.332503,672.631,1337.43
2023-02-16 02:00:00,2298.3046670000003,2053.341333,1320.748,2458.628002,648.527,1318.154667
2023-02-16 03:00:00,2208.9106659999998,2032.392,1317.23,2423.614668,636.6920000000001,1297.905334
2023-02-16 04:00:00,2203.681999,2062.056,1308.412,2360.6065,625.9590000000001,1301.370333
2023-02-16 05:00:00,2263.5730000000003,2128.195333,1385.8853319999998,2524.8009979999997,646.931,1338.172333
2023-02-16 06:00:00,2508.872666,2354.3666670000002,1573.2316660000001,2737.188496,710.5060000000001,1412.7126669999998
2023-02-16 07:00:00,2819.338334,2675.4613329999997,1837.3629999999998,3026.685168,828.966,1672.0843340000001
2023-02-16 08:00:00,2932.4759999999997,2877.580667,2032.157668,3240.412333,929.72,1768.719333
2023-02-16 09:00:00,2858.0973329999997,2734.8913329999996,1979.4593329999998,3199.247667,855.637,1613.768333
2023-02-16 10:00:00,2861.209,2649.017,1929.6256669999998,3082.821331,859.746,1527.716333
2023-02-16 11:00:00,2795.487666,2514.802,1839.4406669999998,3031.138835,805.2139999999999,1527.748333
2023-02-16 12:00:00,2820.197667,2525.232,1762.951666,2936.271833,771.532,1471.7289999999998
2023-02-16 13:00:00,2655.2036669999998,2389.3676669999995,1677.769334,2887.730999,754.174,1448.893
2023-02-16 14:00:00,2633.0000010000003,2351.65,1619.741333,2812.093498,742.5219999999999,1405.1236669999998
2023-02-16 15:00:00,2581.425667,2322.624,1562.53,2780.8978349999998,722.142,1432.334666
2023-02-16 16:00:00,2706.971667,2292.315,1597.636333,2759.567331,706.4639999999999,1471.7933329999998
2023-02-16 17:00:00,2929.925,2633.795,1792.8943330000002,3061.390668,827.947,1641.1950000000002
2023-02-16 18:00:00,3189.63,2898.0419999999995,2055.3450000000003,3342.284998,894.582,1770.3233329999998
2023-02-16 19:00:00,3291.165333,3065.317,2127.6020009999997,3505.487331,932.942,1843.946999
2023-02-16 20:00:00,3323.4186680000003,3043.9759999999997,2037.973167,3515.691164,907.4580000000001,1767.326333
2023-02-16 21:00:00,3221.4570009999998,2891.348,1962.6109989999998,3407.119164,880.53,1748.6949990000003
2023-02-16 22:00:00,3023.514001,2707.812,1805.615334,3138.574332,825.771,1620.168333
2023-02-16 23:00:00,2631.4006659999995,2401.186,1605.111666,2868.359332,745.691,1472.281
2023-02-17 00:00:00,2329.187667,2088.340333,1396.492334,2544.3739990000004,712.6869999999999,1281.4906660000001
2023-02-17 01:00:00,2111.6226669999996,1895.1339999999998,1216.368668,2243.043501,618.172,1163.7
2023-02-17 02:00:00,2004.061667,1795.5240000000001,1174.3003330000001,2095.793831,549.3320000000001,1106.041999
2023-02-17 03:00:00,1907.8476660000001,1741.432,1123.623333,2066.2831640000004,543.115,1104.1939980000002
2023-02-17 04:00:00,1898.692333,1775.032,1144.683165,2076.158501,549.461,1088.063667
2023-02-17 05:00:00,1959.5663329999998,1861.1319999999998,1201.965333,2190.266666,579.164,1113.932833
2023-02-17 06:00:00,2157.404667,2071.118,1413.458999,2383.936503,650.076,1184.547499
2023-02-17 07:00:00,2362.764667,2394.7250000000004,1636.882333,2614.7391660000003,728.31,1347.077667
2023-02-17 08:00:00,2592.5136679999996,2589.768,1794.766333,2825.408168,767.308,1421.836334
2023-02-17 09:00:00,2633.9626660000004,2609.821,1857.829001,2909.528162,793.9730000000001,1434.189334
2023-02-17 10:00:00,2606.251667,2635.1949999999997,1883.597,2875.1211700000003,775.527,1542.259667
2023-02-17 11:00:00,2766.7140010000003,2560.3229999999994,1796.453333,2974.012165,759.077,1528.17
2023-02-17 12:00:00,2776.3540000000003,2522.784,1747.088666,2874.647333,698.313,1478.0819999999999
2023-02-17 13:00:00,2604.485334,2422.687,1653.592999,2781.309005,733.5500000000001,1406.531
2023-02-17 14:00:00,2479.6223330000003,2351.044,1559.2053339999998,2618.289835,681.132,1363.8629999999998
2023-02-17 15:00:00,2510.111668,2355.849,1557.191,2622.3883319999995,707.5989999999999,1320.469
2023-02-17 16:00:00,2544.139334,2336.476,1600.343832,2724.046162,743.281,1375.0680000000002
2023-02-17 17:00:00,2693.804333,2465.5299999999997,1679.3765010000002,2899.747337,740.2239999999999,1471.3139999999999
2023-02-17 18:00:00,2904.6609999999996,2784.1639999999998,1907.593834,3071.069998,834.077,1589.818
2023-02-17 19:00:00,2992.8643329999995,2922.1710000000003,1948.9633330000001,3200.082501,852.201,1688.656
2023-02-17 20:00:00,2921.935,2888.3469999999998,1898.027333,3167.877833,805.066,1551.656
2023-02-17 21:00:00,2819.148666,2742.432,1819.7666669999999,3072.887999,786.4680000000001,1520.9830000000002
2023-02-17 22:00:00,2671.0,2526.575333,1671.7835,2927.808669,746.499,1437.6019999999999
2023-02-17 23:00:00,2480.463,2297.0860000000002,1464.964668,2731.856166,667.509,1334.2279999999998
2023-02-18 00:00:00,2226.662002,2034.0636670000004,1300.635334,2422.433498,644.735,1229.5230000000001
2023-02-18 01:00:00,1987.2269999999999,1850.869666,1178.416334,2135.7235020000003,578.981,1081.083
2023-02-18 02:00:00,1859.686333,1701.309,1120.6583329999999,1983.951165,525.419,987.8616669999999
2023-02-18 03:00:00,1768.3850000000002,1652.2103339999999,1057.446,1923.2495000000001,510.697,972.192334
2023-02-18 04:00:00,1719.940666,1652.624666,1058.986333,1895.256002,484.54999999999995,945.294
2023-02-18 05:00:00,1704.451332,1721.9146690000002,1078.624,1862.576999,481.34400000000005,999.733
2023-02-18 06:00:00,1808.1236680000002,1803.343334,1175.295333,2009.251839,518.381,1034.59
2023-02-18 07:00:00,1957.1139990000001,2015.851,1390.393999,2220.333834,575.363,1133.1319999999998
2023-02-18 08:00:00,2188.375667,2305.169667,1592.907332,2461.365001,658.538,1284.416
2023-02-18 09:00:00,2442.172666,2566.4030000000002,1766.8670000000002,2754.359168,739.741,1409.1689999999999
2023-02-18 10:00:00,2705.846001,2656.559,1813.0506659999999,2951.542333,830.274,1535.708
2023-02-18 11:00:00,2894.429666,2733.58,1840.7041660000002,3117.9931699999997,834.471,1543.604
2023-02-18 12:00:00,2939.449666,2709.285,1893.417,3130.4831670000003,826.395,1516.279667
2023-02-18 13:00:00,2820.647333,2624.52,1723.2653340000002,3042.0568359999997,762.0709999999999,1457.178333
2023-02-18 14:00:00,2711.725834,2544.0159999999996,1679.757834,2922.4030009999997,736.7830000000001,1389.0140000000001
2023-02-18 15:00:00,2677.602334,2439.959,1698.896168,2862.440001,733.991,1387.174667
2023-02-18 16:00:00,2686.31,2523.6079999999997,1695.907834,2949.854167,728.2139999999999,1389.6309999999999
2023-02-18 17:00:00,2804.144834,2621.185,1765.090001,3011.8405000000002,765.576,1515.0349999999999
2023-02-18 18:00:00,2907.3940000000002,2850.54,1851.6953330000001,3054.721999,820.181,1543.347333
2023-02-18 19:00:00,2898.618166,2906.923,1927.4221659999998,3050.702667,842.0790000000001,1566.567667
2023-02-18 20:00:00,2915.0899999999997,2843.716,1865.151999,3031.8125040000004,820.5740000000001,1522.0079999999998
2023-02-18 21:00:00,2737.867666,2749.45,1771.1253330000002,2936.037165,797.154,1450.499
2023-02-18 22:00:00,2613.496667,2587.5830000000005,1665.011165,2807.694501,732.6500000000001,1347.8566669999998
2023-02-18 23:00:00,2442.270334,2340.922,1517.076667,2580.038168,644.221,1321.286333
2023-02-19 00:00:00,2216.7409989999996,2114.432,1398.279665,2368.897334,630.375,1202.754334
2023-02-19 01:00:00,2012.6986660000002,1910.702,1229.416834,2148.4376650000004,561.781,1126.996999
2023-02-19 02:00:00,1927.708666,1768.125,1137.1448340000002,1990.952501,523.394,1085.130667
2023-02-19 03:00:00,1773.676669,1712.788,1098.3003330000001,1945.40467,507.65700000000004,1020.248333
2023-02-19 04:00:00,1751.956332,1723.583667,1121.256,1900.9448350000002,501.409,985.4836670000001
2023-02-19 05:00:00,1748.411667,1704.873333,1128.607833,1896.027005,503.66200000000003,1012.174333
2023-02-19 06:00:00,1871.765,1819.360667,1202.9113320000001,2004.027501,531.815,1008.3460000000001
2023-02-19 07:00:00,1951.5213330000001,1987.430667,1348.337333,2159.82233,575.354,1129.037
2023-02-19 08:00:00,2186.073333,2249.705667,1561.9315000000001,2392.485001,670.225,1242.6019999999999
2023-02-19 09:00:00,2478.6499999999996,2543.910667,1706.056666,2676.1984979999997,779.9799999999999,1352.1860000000001
2023-02-19 10:00:00,2707.939499,2759.52,1860.223,2969.3028299999996,823.5229999999999,1525.2769999999998
2023-02-19 11:00:00,2909.000333,2755.996,1891.924,3094.711001,849.885,1590.35
2023-02-19 12:00:00,2941.072,2847.269333,1911.246,3159.818335,839.6120000000001,1628.8619999999999
2023-02-19 13:00:00,2909.479833,2788.3239999999996,1833.4395000000002,3082.4363359999998,839.4669999999999,1645.338
2023-02-19 14:00:00,2830.4010000000003,2684.1180000000004,1825.4335,3044.3798319999996,778.9340000000001,1537.534
2023-02-19 15:00:00,2848.5186670000003,2634.3690000000006,1870.5549999999998,3022.027997,745.816,1509.6943339999998
2023-02-19 16:00:00,2937.175666,2698.224,1848.8245000000002,3044.988999,757.2149999999999,1561.966333
2023-02-19 17:00:00,2969.1155,2840.8500000000004,1935.004333,3131.582996,834.27,1588.3200000000002
2023-02-19 18:00:00,3084.718833,3060.735,1993.827167,3233.288501,865.097,1688.254
2023-02-19 19:00:00,3089.2068329999997,3109.889333,2000.8545,3307.72983,918.308,1675.1
2023-02-19 20:00:00,3112.7926669999997,2987.266333,1966.4339999999997,3261.9336679999997,884.696,1595.1009999999999
2023-02-19 21:00:00,2872.9984999999997,2792.7780000000002,1863.9660000000001,3109.4104960000004,807.993,1563.197
2023-02-19 22:00:00,2643.438,2528.939,1673.452,2837.818668,735.835,1433.474
2023-02-19 23:00:00,2414.815834,2194.071,1460.1950000000002,2540.527165,638.276,1252.151
2023-02-20 00:00:00,2142.991999,1957.405667,1299.9829989999998,2266.477333,591.6310000000001,1100.81
2023-02-20 01:00:00,1930.1143339999999,1748.114,1171.694334,2037.6859980000002,545.29,994.932
2023-02-20 02:00:00,1814.5146690000001,1656.031333,1083.011334,1886.964668,482.63699999999994,981.8489999999999
2023-02-20 03:00:00,1656.275334,1605.447667,1026.402666,1795.587337,456.363,973.2130000000001
2023-02-20 04:00:00,1635.5320000000002,1591.1723339999999,1035.4430000000002,1773.555666,470.818,960.066
2023-02-20 05:00:00,1718.627,1645.619666,1099.513,1846.153331,513.398,978.1679999999999
2023-02-20 06:00:00,1840.484,1838.554334,1176.0116659999999,2051.754336,555.768,1033.165
2023-02-20 07:00:00,1992.500332,2067.836999,1405.7656670000001,2199.2859989999997,602.982,1135.279334
2023-02-20 08:00:00,2140.4859989999995,2218.531667,1593.585333,2327.305679,666.274,1236.8609999999999
2023-02-20 09:00:00,2332.7276659999998,2392.1,1715.1063330000002,2569.316992,698.7919999999999,1304.444334
2023-02-20 10:00:00,2521.003002,2476.775,1739.1950000000002,2768.4899990000004,727.969,1419.961
2023-02-20 11:00:00,2655.527333,2534.5699999999997,1746.005,2779.774332,756.362,1394.332
2023-02-20 12:00:00,2662.907668,2428.402,1734.720667,2767.058671,751.178,1453.27
2023-02-20 13:00:00,2694.9620000000004,2529.149,1742.397333,2843.026334,747.482,1440.573
2023-02-20 14:00:00,2628.6963330000003,2506.1890000000003,1687.163,2820.8526629999997,723.781,1450.308333
2023-02-20 15:00:00,2659.244667,2549.525,1659.0693339999998,2851.5556690000003,692.2760000000001,1494.467667
2023-02-20 16:00:00,2709.9726650000002,2621.034,1631.842,2952.052334,703.774,1415.254
2023-02-20 17:00:00,2841.825,2817.027,1782.2869999999998,3044.2666689999996,778.507,1531.924
2023-02-20 18:00:00,3020.123335,3121.335,2006.174334,3328.7589980000002,870.307,1649.669
2023-02-20 19:00:00,3092.529665,3133.699,2048.259333,3431.784002,878.9569999999999,1736.98
2023-02-20 20:00:00,3036.392999,3095.202,2003.793,3367.171331,838.585,1678.084
2023-02-20 21:00:00,2931.218,2941.909,1873.288333,3245.705003,796.0169999999999,1564.038
2023-02-20 22:00:00,2664.786333,2655.1890000000003,1773.1729999999998,3000.841668,758.7570000000001,1423.8916669999999
2023-02-20 23:00:00,2371.997333,2321.1760000000004,1524.3656660000001,2607.285662,668.574,1246.28
2023-02-21 00:00:00,2136.006166,1998.965,1268.258833,2262.508497,598.769,1111.308667
2023-02-21 01:00:00,1908.636,1814.1950000000002,1112.3024999999998,2049.0658329999997,495.361,1015.0313329999999
2023-02-21 02:00:00,1777.4563329999999,1673.1129999999998,1044.3575,1910.372666,459.733,940.706
2023-02-21 03:00:00,1696.086999,1658.44,1031.591,1818.377667,467.52799999999996,985.545333
2023-02-21 04:00:00,1739.546,1692.0919999999999,1037.449,1819.586665,476.25600000000003,940.442
2023-02-21 05:00:00,1782.8459990000001,1785.153,1125.356,1954.758335,499.82300000000004,999.249
2023-02-21 06:00:00,1977.342334,2019.07,1302.0621660000002,2185.6346649999996,569.427,1078.171
2023-02-21 07:00:00,2283.266667,2365.288,1546.543001,2558.7596670000003,674.884,1262.314
2023-02-21 08:00:00,2473.5606660000003,2600.9610000000002,1746.338333,2733.5460000000003,735.3820000000001,1358.164
2023-02-21 09:00:00,2497.579666,2568.763,1794.237833,2736.2368349999997,723.949,1342.125
2023-02-21 10:00:00,2509.1988330000004,2490.797,1743.291999,2643.7943320000004,736.9979999999999,1363.065
2023-02-21 11:00:00,2595.4723329999997,2455.2740000000003,1721.099667,2752.599333,725.2810000000001,1415.0040000000001
2023-02-21 12:00:00,2642.388333,2455.151,1670.936332,2689.0548360000003,747.832,1413.335666
2023-02-21 13:00:00,2617.567001,2491.447,1682.022,2651.229001,715.475,1432.964
2023-02-21 14:00:00,2609.1536669999996,2386.9120000000003,1654.5569999999998,2764.348667,718.3789999999999,1449.001
2023-02-21 15:00:00,2671.063333,2492.826,1679.661834,2872.953837,743.073,1475.909001
2023-02-21 16:00:00,2826.7515009999997,2543.239,1765.905999,2935.4986660000004,768.21,1531.732668
2023-02-21 17:00:00,3034.479666,2783.254,1893.3826670000003,3207.818166,818.096,1703.841
2023-02-21 18:00:00,3251.9175,3054.684,2073.965,3590.469835,876.771,1823.548
2023-02-21 19:00:00,3407.412334,3242.2650000000003,2190.2005,3773.675335,994.873,1908.087666
2023-02-21 20:00:00,3360.049,3194.1279999999997,2051.84,3708.0385,935.033,1885.772334
2023-02-21 21:00:00,3242.393333,2994.5379999999996,1970.374,3561.33733,903.03,1750.1860000000001
2023-02-21 22:00:00,2945.073667,2858.938,1839.0335,3298.3991659999997,853.816,1666.165333
2023-02-21 23:00:00,2633.5343330000005,2517.861,1647.4569999999999,2891.698167,791.9490000000001,1554.0895
2023-02-22 00:00:00,2427.368333,2221.6859999999997,1389.046,2542.675836,699.197,1361.8739999999998
2023-02-22 01:00:00,2229.864667,2010.9970000000003,1287.833333,2372.822,623.684,1226.740668
2023-02-22 02:00:00,2068.7213330000004,1933.708,1225.607667,2264.88967,565.391,1212.774667
2023-02-22 03:00:00,1987.3165009999998,1868.562,1210.214,2170.5055,557.9230000000001,1208.325667
2023-02-22 04:00:00,1989.657666,1916.2580000000003,1272.7696660000001,2206.1256670000002,569.111,1175.685167
2023-02-22 05:00:00,2093.030667,2035.1270000000002,1311.754666,2339.561667,634.238,1219.9959999999999
2023-02-22 06:00:00,2295.196666,2218.5710000000004,1539.120667,2563.518999,676.3679999999999,1342.109
2023-02-22 07:00:00,2607.1753320000003,2532.777,1756.999334,2822.510832,736.575,1510.0696670000002
2023-02-22 08:00:00,2798.8286669999998,2750.713,1900.064333,3056.669335,860.588,1558.639666
2023-02-22 09:00:00,2779.7839999999997,2673.495,1922.5696659999999,3075.356001,875.568,1595.178334
2023-02-22 10:00:00,2821.139,2597.9080000000004,1886.376167,3048.250834,879.96,1600.8639990000001
2023-02-22 11:00:00,2952.238667,2731.329,1967.201,3188.488336,870.249,1659.4863340000002
2023-02-22 12:00:00,3116.494666,2848.235,2098.3485,3243.242333,905.378,1726.0559990000002
2023-02-22 13:00:00,3148.785666,2911.08,2175.012166,3402.377665,883.5899999999999,1761.701666
2023-02-22 14:00:00,3147.128834,2891.951,2127.635333,3399.020334,881.392,1806.467
2023-02-22 15:00:00,3386.863,2985.478,2166.242,3605.695167,959.861,1859.141667
2023-02-22 16:00:00,3564.031333,3084.574,2249.2675,3792.3444990000003,1043.491,2097.755333
2023-02-22 17:00:00,3763.104333,3305.294,2388.407833,4001.7339949999996,1082.943,2186.783666
2023-02-22 18:00:00,3961.666666,3614.232,2505.3505,4308.661333,1165.382,2265.1476669999997
2023-02-22 19:00:00,4056.661333,3789.174,2533.2835,4445.546335,1248.685,2236.5013339999996
2023-02-22 20:00:00,4091.6496660000003,3715.728667,2492.301,4290.962834,1216.754,2229.667333
2023-02-22 21:00:00,3958.109667,3560.3833329999998,2367.287,4168.619002,1166.594,2184.756333
2023-02-22 22:00:00,3798.0023330000004,3272.4990000000003,2225.672,3947.9706659999997,1088.8000000000002,2075.707333
2023-02-22 23:00:00,3476.885666,2975.074667,2003.832,3660.214,994.0640000000001,1886.984167
2023-02-23 00:00:00,3222.938,2735.571,1850.7420000000002,3353.389001,900.193,1722.685333
2023-02-23 01:00:00,2930.244665,2466.508,1716.2130000000002,3075.638333,813.96,1650.576501
2023-02-23 02:00:00,2744.909334,2419.0873330000004,1618.342,2932.408833,777.1610000000001,1594.3695
2023-02-23 03:00:00,2622.299,2337.538,1597.762,2846.935833,766.389,1525.51
2023-02-23 04:00:00,2571.4006659999995,2351.7619999999997,1585.256,2861.0525,791.39,1516.9540000000002
2023-02-23 05:00:00,2677.6446669999996,2409.489333,1689.506,2961.589666,818.816,1573.3020000000001
2023-02-23 06:00:00,2765.126999,2560.202667,1819.683,3092.686665,839.182,1636.0165
2023-02-23 07:00:00,2955.770334,2782.509,2053.357,3285.0865009999998,887.54,1785.607666
2023-02-23 08:00:00,3338.808334,3076.525,2346.855,3655.586666,1038.0529999999999,1955.564667
2023-02-23 09:00:00,3678.897333,3303.715,2501.692,3993.5538340000003,1101.0120000000002,2115.216
2023-02-23 10:00:00,3947.805667,3511.739,2602.635333,4230.127167000001,1170.5720000000001,2204.8289999999997
2023-02-23 11:00:00,4151.7626660000005,3567.915,2603.143,4482.973667,1244.787,2313.829334
2023-02-23 12:00:00,4310.873,3612.306,2614.3593330000003,4513.343499,1224.6660000000002,2306.675666
2023-02-23 13:00:00,4286.640668,3563.178,2600.372,4525.525666,1206.547,2324.130333
2023-02-23 14:00:00,4172.422335,3482.266,2456.175,4297.542498999999,1172.655,2306.335
2023-02-23 15:00:00,4083.546667,3370.225,2393.0260000000003,4226.957667999999,1139.397,2208.347334
2023-02-23 16:00:00,4029.4213330000002,3444.1130000000003,2423.496,4269.543333,1142.959,2244.3846670000003
2023-02-23 17:00:00,4236.486333,3556.51,2517.368,4373.754003,1167.8680000000002,2301.004
2023-02-23 18:00:00,4466.905333000001,3898.732,2685.011,4708.719333999999,1243.97,2486.8623340000004
2023-02-23 19:00:00,4587.885332,4120.428,2864.7659999999996,4983.964502,1315.825,2657.6393340000004
2023-02-23 20:00:00,4526.217334,3953.91,2691.548,4828.868998,1259.386,2516.0919999999996
2023-02-23 21:00:00,4203.932334000001,3709.848,2505.865,4584.188661,1195.777,2406.340667
2023-02-23 22:00:00,4028.002,3371.7799999999997,2326.314667,4217.599004,1101.1409999999998,2308.741
2023-02-23 23:00:00,3677.724999,3040.294,2038.476,3860.412332,1061.795,2115.018666
2023-02-24 00:00:00,3369.29,2760.46,1882.4499999999998,3519.167833,922.911,1953.103666
2023-02-24 01:00:00,3154.993334,2573.633,1785.677,3296.5406629999998,863.627,1861.673333
2023-02-24 02:00:00,2978.532833,2480.391,1734.096,3193.6660030000003,817.9530000000001,1763.8763330000002
2023-02-24 03:00:00,2857.383,2471.428,1700.339,3105.6326639999997,815.8309999999999,1722.854668
2023-02-24 04:00:00,2823.2093330000002,2496.0670000000005,1753.012,3086.371333,805.4830000000001,1742.471
2023-02-24 05:00:00,2900.433,2568.22,1810.668,3184.214164,845.708,1804.357
2023-02-24 06:00:00,2972.663001,2699.009,1930.3609999999999,3337.477666,868.492,1868.854834
2023-02-24 07:00:00,3206.0223340000002,2877.758667,2076.999,3592.297165,948.968,1959.114667
2023-02-24 08:00:00,3535.626335,3075.259,2319.885,3896.266834,1048.7649999999999,2115.045
2023-02-24 09:00:00,3708.239332,3257.294,2414.298,4070.094166,1153.471,2152.5236670000004
2023-02-24 10:00:00,3893.1969980000003,3387.424,2484.084,4156.9099989999995,1164.383,2207.74
2023-02-24 11:00:00,4016.743999,3392.198,2452.6079999999997,4229.692161000001,1127.237,2282.4120000000003
2023-02-24 12:00:00,4098.329,3393.496,2424.0460000000003,4259.222165,1124.24,2230.8379999999997
2023-02-24 13:00:00,3946.1846680000003,3338.14,2383.3540000000003,4112.199833000001,1095.29,2103.057333
2023-02-24 14:00:00,3860.454333,3202.743,2286.863,3931.2343330000003,1048.007,2074.4843330000003
2023-02-24 15:00:00,3803.241501,3133.0099999999998,2210.132,3872.529004,1021.399,2106.171666
2023-02-24 16:00:00,3794.385,3087.7250000000004,2192.548,3890.309829,1035.5320000000002,2042.4073329999999
2023-02-24 17:00:00,3832.9666669999997,3247.428,2313.8740000000003,3932.688335,1096.3809999999999,2109.101
2023-02-24 18:00:00,4003.0190000000002,3550.2219999999998,2542.4390000000003,4255.233496,1171.3560000000002,2169.280333
2023-02-24 19:00:00,4197.639666,3811.774,2624.6800000000003,4400.738003,1214.827,2307.701666
2023-02-24 20:00:00,4129.624,3580.002,2493.1009999999997,4353.473335000001,1180.0339999999999,2289.2256669999997
2023-02-24 21:00:00,3937.5486659999997,3401.385,2304.1949999999997,4207.218666,1153.6239999999998,2202.991334
2023-02-24 22:00:00,3665.718001,3146.413,2193.594,3972.7753330000005,1088.596,2075.119334
2023-02-24 23:00:00,3440.821,2802.076,1920.096,3651.2056679999996,982.245,1955.616
2023-02-25 00:00:00,3139.466001,2620.4,1795.6309999999999,3368.9619979999998,922.29,1832.1383340000002
2023-02-25 01:00:00,2973.658,2440.035,1693.8359999999998,3142.96533,825.805,1688.1363339999998
2023-02-25 02:00:00,2802.982333,2358.54,1645.0839999999998,2984.631667,785.28,1659.5396660000001
2023-02-25 03:00:00,2706.472833,2321.642,1619.1860000000001,2929.343502,752.578,1602.6150010000001
2023-02-25 04:00:00,2669.171666,2343.755,1579.1609999999998,2910.831,757.936,1585.747333
2023-02-25 05:00:00,2711.6063329999997,2388.541,1621.226,2944.074501,757.981,1624.719
2023-02-25 06:00:00,2860.3750010000003,2479.697,1746.656,3082.7956679999998,790.4369999999999,1667.458999
2023-02-25 07:00:00,3007.460333,2654.867,1916.731,3244.2768300000002,851.113,1793.6963329999999
2023-02-25 08:00:00,3288.6056670000003,2926.204,2154.2743339999997,3538.418497,962.3310000000001,1918.952667
2023-02-25 09:00:00,3551.7926660000003,3133.472,2288.9620010000003,3808.6865,1068.846,2042.730667
2023-02-25 10:00:00,3618.771001,3246.2383330000002,2283.572,3945.4371659999997,1111.6109999999999,2083.017333
2023-02-25 11:00:00,3691.870666,3226.981667,2338.028333,4002.5946659999995,1055.897,2143.2889999999998
2023-02-25 12:00:00,3728.615166,3220.52,2262.562667,3875.7530020000004,1071.618,2047.087
2023-02-25 13:00:00,3610.784667,3112.55,2204.2920000000004,3765.3296680000003,999.3919999999999,1967.6909999999998
2023-02-25 14:00:00,3453.362,2878.125,2082.721,3577.668997,968.6850000000002,1919.902
2023-02-25 15:00:00,3469.297168,2778.499667,1986.37,3437.6851699999997,926.673,1807.068
2023-02-25 16:00:00,3407.4415,2792.904667,1975.344333,3366.404337,904.197,1727.006666
2023-02-25 17:00:00,3414.396834,2956.3593330000003,2095.955,3509.9055,943.813,1755.964333
2023-02-25 18:00:00,3543.8140000000003,3228.571667,2183.332668,3681.5204989999997,1046.336,1849.047
2023-02-25 19:00:00,3665.4534989999997,3369.7086670000003,2333.574332,3893.827502,1110.7379999999998,1975.336999
2023-02-25 20:00:00,3665.809666,3347.997,2207.617666,3836.054335,1086.676,1942.857333
2023-02-25 21:00:00,3528.442666,3170.8770000000004,2138.012667,3747.2271659999997,1046.9409999999998,1905.986333
2023-02-25 22:00:00,3278.416667,2957.551333,1990.705334,3524.874832,971.141,1874.008
2023-02-25 23:00:00,3023.1263340000005,2653.4849999999997,1819.395333,3275.346833,843.527,1662.2289999999998
2023-02-26 00:00:00,2757.049666,2407.151667,1579.853333,3012.6006660000003,753.505,1531.261167
2023-02-26 01:00:00,2632.5156660000002,2260.992,1468.561667,2708.321665,686.3589999999999,1443.3258329999999
2023-02-26 02:00:00,2408.802666,2113.716,1402.233334,2598.8541649999997,664.549,1366.822334
2023-02-26 03:00:00,2282.663501,2025.06,1374.075333,2511.117667,675.884,1305.355
2023-02-26 04:00:00,2252.802499,2022.583,1340.7140000000002,2433.4083360000004,637.4209999999999,1309.106
2023-02-26 05:00:00,2236.302,2073.782,1393.946,2484.612499,673.97,1328.167333
2023-02-26 06:00:00,2319.948334,2198.217,1473.4769999999999,2562.829167,700.8230000000001,1378.295167
2023-02-26 07:00:00,2418.284333,2363.378667,1598.047,2698.5123329999997,747.152,1438.025
2023-02-26 08:00:00,2677.124,2589.175999,1895.8866659999999,2945.000835,855.578,1564.9756659999998
2023-02-26 09:00:00,2943.907,2897.0173320000004,2076.965333,3286.0473330000004,892.251,1711.797
2023-02-26 10:00:00,3241.806,3061.6050000000005,2197.1029999999996,3594.434664,962.711,1854.1689999999999
2023-02-26 11:00:00,3462.265,3145.168667,2183.9930000000004,3705.0883329999997,1009.7629999999999,1934.2469999999998
2023-02-26 12:00:00,3631.8050009999997,3183.440667,2276.9026670000003,3837.247168,1061.9720000000002,1962.723999
2023-02-26 13:00:00,3580.310167,3263.7886670000003,2342.7853330000003,3857.507004,1049.913,1919.255667
2023-02-26 14:00:00,3500.8763339999996,3219.757333,2197.795667,3806.3641660000003,1037.832,1933.710666
2023-02-26 15:00:00,3574.186333,3184.399,2164.356333,3806.963001,1047.1109999999999,1898.872335
2023-02-26 16:00:00,3580.209,3184.546667,2154.963667,3835.722503,984.238,1884.783999
2023-02-26 17:00:00,3567.518499,3267.529,2269.0489989999996,3894.9788310000004,1014.041,1868.489333
2023-02-26 18:00:00,3738.6795,3489.528333,2386.5426660000003,4034.4851659999995,1054.15,1956.387667
2023-02-26 19:00:00,3698.083499,3581.504,2454.0789999999997,4096.049495,1146.748,2093.078
2023-02-26 20:00:00,3674.214,3517.389,2330.9033329999997,4036.6429989999997,1128.2020000000002,2101.504333
2023-02-26 21:00:00,3531.0784999999996,3310.05,2160.724,3884.2859980000003,1022.0549999999998,1943.946
2023-02-26 22:00:00,3263.352667,3037.7290000000003,1961.2140009999998,3518.850671,950.7720000000002,1812.5176680000002
2023-02-26 23:00:00,2938.3686669999997,2629.256,1703.0749999999998,3183.87266,833.3910000000001,1650.9773329999998
2023-02-27 00:00:00,2680.571333,2340.649,1511.800666,2846.386496,740.231,1492.3395
2023-02-27 01:00:00,2424.4305,2133.068,1356.477999,2589.2310009999997,664.167,1337.245
2023-02-27 02:00:00,2279.8785000000003,2037.9969999999998,1310.871333,2397.5769990000003,617.26,1264.9458329999998
2023-02-27 03:00:00,2162.820666,2036.7340000000002,1310.257333,2381.363333,605.855,1248.343167
2023-02-27 04:00:00,2142.956166,2020.056,1321.6833339999998,2395.3518350000004,626.5620000000001,1260.248166
2023-02-27 05:00:00,2246.1301670000003,2131.687,1398.038333,2494.1081700000004,648.0519999999999,1274.810833
2023-02-27 06:00:00,2400.804834,2308.846,1548.470333,2654.0938349999997,685.4580000000001,1384.606667
2023-02-27 07:00:00,2584.9044999999996,2529.084,1746.007667,2834.085836,779.5049999999999,1535.7490010000001
2023-02-27 08:00:00,2762.2651669999996,2784.652,1957.7910000000002,3148.829502,867.5559999999999,1604.6889999999999
2023-02-27 09:00:00,2934.241833,2889.6240000000003,2057.498,3213.867505,878.116,1679.535332
2023-02-27 10:00:00,3034.528333,2845.359,1982.7559999999999,3216.709166,894.3820000000001,1624.921333
2023-02-27 11:00:00,3106.5731669999996,2752.554,1939.7150000000001,3192.6446670000005,889.845,1595.674
2023-02-27 12:00:00,3104.557834,2728.726,1972.5120000000002,3296.527002,872.297,1695.67
2023-02-27 13:00:00,3120.491167,2716.5640000000003,1997.3490000000002,3317.729499,873.896,1672.703667
2023-02-27 14:00:00,3007.8515,2680.516,1935.1929999999998,3201.4726689999998,907.6890000000001,1621.7723330000001
2023-02-27 15:00:00,3004.8864999999996,2635.519,1896.889,3165.109834,861.984,1641.483999
2023-02-27 16:00:00,3081.927166,2644.999,1872.847,3151.307166,848.818,1643.961334
2023-02-27 17:00:00,3313.1543329999995,2893.01,1978.018,3417.527503,916.393,1808.899001
2023-02-27 18:00:00,3576.751334,3168.9300000000003,2183.5550000000003,3731.1679990000002,1005.473,1937.1419999999998
2023-02-27 19:00:00,3686.464667,3361.425,2299.807,3978.429835,1040.942,2037.7758339999998
2023-02-27 20:00:00,3640.7195,3297.722,2242.612,3970.264831,997.809,1991.1121679999999
2023-02-27 21:00:00,3548.707166,3234.401,2136.136,3794.012334,980.549,1931.7973330000002
2023-02-27 22:00:00,3304.818999,2925.096,1938.78,3507.326164,923.27,1784.896667
2023-02-27 23:00:00,2984.3334990000003,2543.281,1722.3120000000001,3070.8829969999997,847.258,1624.750833
2023-02-28 00:00:00,2628.5785,2276.627,1526.045,2763.82017,743.23,1449.565666
2023-02-28 01:00:00,2373.465666,2129.248,1363.933,2553.187833,668.273,1320.453
2023-02-28 02:00:00,2245.8603350000003,2028.7430000000002,1312.0393330000002,2428.543667,628.422,1261.252
2023-02-28 03:00:00,2177.3563329999997,2000.2890000000002,1296.057666,2389.5534989999996,606.766,1249.6963329999999
2023-02-28 04:00:00,2132.0425,1977.938,1310.737,2385.581001,626.7719999999999,1272.208
2023-02-28 05:00:00,2211.5200000000004,2116.4170000000004,1367.002,2495.720002,649.144,1331.421834
2023-02-28 06:00:00,2468.822834,2284.3959999999997,1505.3480009999998,2715.4701649999997,706.653,1380.5456669999999
2023-02-28 07:00:00,2699.937332,2595.319,1766.172333,3026.8036650000004,793.8199999999999,1589.790333
2023-02-28 08:00:00,2820.4275,2770.718,1956.6259999999997,3161.422832,888.718,1605.266334
2023-02-28 09:00:00,2870.094833,2721.54,1976.793333,3078.950165,862.735,1584.236334
2023-02-28 10:00:00,2822.789833,2639.874,1926.4783329999998,3051.1753340000005,854.853,1606.3003330000001
2023-02-28 11:00:00,2895.767834,2657.9170000000004,1928.0883330000001,3022.3799980000003,819.929,1601.371667
2023-02-28 12:00:00,2951.445501,2693.174,1935.218666,3036.0845010000003,809.744,1603.666667
2023-02-28 13:00:00,2978.175667,2704.463,1925.8233329999998,3120.926498,802.5840000000001,1596.5900000000001
2023-02-28 14:00:00,3018.078667,2626.0119999999997,1860.075667,3098.5156580000003,756.4050000000001,1586.907667
2023-02-28 15:00:00,3008.5,2674.912,1836.004331,3108.895334,789.5740000000001,1605.4336660000001
2023-02-28 16:00:00,3169.5950000000003,2697.559,1938.3776659999999,3178.4460010000003,798.3009999999999,1706.3319999999999
2023-02-28 17:00:00,3369.440333,2906.379,2108.559333,3432.658001,861.9169999999999,1881.7166670000001
2023-02-28 18:00:00,3598.5256659999995,3272.485,2260.775331,3788.859663,975.484,2000.4253319999998
2023-02-28 19:00:00,3752.6394999999998,3452.989,2341.603998,4092.821168,1042.233,2098.999
2023-02-28 20:00:00,3665.371833,3409.072,2277.492334,4102.812994,1038.788666,2089.83
2023-02-28 21:00:00,3577.6700010000004,3187.4849999999997,2124.272,3832.2001629999995,1044.275,1935.860333
2023-02-28 22:00:00,3297.580667,2973.279,1961.706001,3492.338501,965.9649999999999,1768.045
2023-02-28 23:00:00,2963.937,2548.072,1717.766998,3125.467335,834.5909999999999,1589.225666
2023-03-01 00:00:00,2638.655334,2249.169,1495.740667,2780.059337,739.588,1424.544
2023-03-01 01:00:00,2403.5195009999998,2078.299,1382.169,2513.177997,663.0859999999999,1324.5639999999999
2023-03-01 02:00:00,2185.844666,1974.483,1286.8200000000002,2395.3166679999995,630.376,1285.782
2023-03-01 03:00:00,2127.335333,1926.158,1284.3253320000001,2328.671499,622.135,1256.06
2023-03-01 04:00:00,2153.492333,1974.011,1294.949001,2355.391667,620.95,1252.682
2023-03-01 05:00:00,2231.205666,2068.969,1371.923667,2486.149828,673.852,1309.9006669999999
2023-03-01 06:00:00,2476.0901670000003,2254.303,1543.974999,2717.067005,722.853,1420.389333
2023-03-01 07:00:00,2767.375167,2611.791,1773.924667,3031.468164,811.154,1542.655667
2023-03-01 08:00:00,2936.686499,2872.15,2007.9959990000002,3192.421667,931.982,1644.591333
2023-03-01 09:00:00,2849.925666,2720.529,1990.4969999999998,3169.091497,892.2793330000001,1608.239333
2023-03-01 10:00:00,2818.5571659999996,2674.134,1874.514,3113.534,879.523333,1532.8833330000002
2023-03-01 11:00:00,2771.8365000000003,2556.5649999999996,1812.381667,3035.609834,828.788,1527.554
2023-03-01 12:00:00,2762.288834,2516.8500000000004,1780.168332,2921.428167,786.385,1494.3466669999998
2023-03-01 13:00:00,2774.818667,2447.706,1725.904,2851.182,762.213,1414.2930000000001
2023-03-01 14:00:00,2756.092,2364.9930000000004,1664.9099999999999,2724.885334,724.996,1415.8229999999999
2023-03-01 15:00:00,2652.5735000000004,2279.0370000000003,1627.8419999999999,2698.340833,732.882,1391.048
2023-03-01 16:00:00,2659.0480000000002,2400.091,1661.1660000000002,2792.95417,734.308,1430.0956660000002
2023-03-01 17:00:00,2903.818,2632.005999,1834.446,2988.552495,807.6020000000001,1489.8329999999999
2023-03-01 18:00:00,3227.9829999999997,2872.051666,2010.943,3326.979002,909.6980000000001,1695.404
2023-03-01 19:00:00,3411.7340000000004,3156.5150000000003,2165.657334,3589.329831,944.0500000000001,1835.215
2023-03-01 20:00:00,3439.8280000000004,3059.4390000000003,2115.281667,3606.165498,957.9860000000001,1824.843667
2023-03-01 21:00:00,3371.1975,2940.104,2009.434333,3530.945998,940.8439999999999,1724.1673329999999
2023-03-01 22:00:00,3095.245333,2757.663,1835.8546660000002,3251.384334,875.96,1636.628667
2023-03-01 23:00:00,2767.5558330000003,2412.426,1655.149333,2887.373002,797.031,1418.578667
2023-03-02 00:00:00,2492.5786669999998,2139.48,1410.009666,2546.3720009999997,694.252,1310.4516660000002
2023-03-02 01:00:00,2248.873,1931.9669999999999,1278.221,2316.6768330000004,601.212,1195.687333
2023-03-02 02:00:00,2122.2345,1835.277,1201.556001,2204.900333,586.0,1136.569333
2023-03-02 03:00:00,2000.3605,1811.431,1182.1996669999999,2126.996997,558.6659999999999,1133.799
2023-03-02 04:00:00,1988.605,1830.6419999999998,1209.7199999999998,2135.769497,550.068,1119.514
2023-03-02 05:00:00,2102.2235,1926.684,1221.6970000000001,2255.664332,584.857,1195.2359999999999
2023-03-02 06:00:00,2329.373,2151.257,1453.5729999999999,2481.164168,636.364,1274.434666
2023-03-02 07:00:00,2569.9979999999996,2487.2110000000002,1649.7689999999998,2757.951002,764.02,1454.534333
2023-03-02 08:00:00,2782.9656670000004,2699.526,1853.298,3018.9499990000004,882.9680000000001,1555.417334
2023-03-02 09:00:00,2738.8689999999997,2600.4139999999998,1889.913,3062.430001,843.579,1518.781
2023-03-02 10:00:00,2799.937833,2578.569,1793.0529999999999,3000.867669,819.433,1483.4376670000001
2023-03-02 11:00:00,2774.8046669999994,2598.248,1827.492333,2959.114667,825.6700000000001,1538.961333
2023-03-02 12:00:00,2815.630999,2586.066,1788.01,2980.041999,793.93,1566.0746669999999
2023-03-02 13:00:00,2816.6855,2545.8450000000003,1761.589667,2890.0528329999997,769.423,1540.0810000000001
2023-03-02 14:00:00,2744.4400000000005,2421.1409999999996,1652.675,2784.86467,744.634,1437.324
2023-03-02 15:00:00,2610.8375,2363.7470000000003,1642.666667,2702.227832,697.213,1379.723667
2023-03-02 16:00:00,2653.7548340000003,2474.242,1710.7333330000001,2790.948331,752.3459999999999,1477.3156669999998
2023-03-02 17:00:00,2784.6886670000004,2630.174,1818.148334,3027.343167,783.606,1509.897
2023-03-02 18:00:00,3130.287167,2941.125,2029.031333,3288.0845,871.1129999999999,1723.8449999999998
2023-03-02 19:00:00,3395.0429999999997,3111.775,2175.8436659999998,3666.620998,935.934,1886.24
2023-03-02 20:00:00,3452.884,3200.3450000000003,2104.7286670000003,3676.331666,999.6370000000001,1871.8903329999998
2023-03-02 21:00:00,3319.0415000000003,3036.08,2020.9183340000002,3573.820665,940.226,1820.653334
2023-03-02 22:00:00,3101.213667,2838.1090000000004,1911.582001,3286.686335,883.907,1669.2656670000001
2023-03-02 23:00:00,2830.611333,2532.9700000000003,1675.9270000000001,2968.122999,798.001,1499.804667
2023-03-03 00:00:00,2507.826833,2230.602,1472.389666,2651.7923339999998,722.077,1362.606
2023-03-03 01:00:00,2264.2865,2041.7150000000001,1347.499334,2360.329664,636.2520000000001,1286.4163330000001
2023-03-03 02:00:00,2134.2495,1921.105,1286.940666,2257.586836,598.05,1238.1279989999998
2023-03-03 03:00:00,2039.2845,1888.103,1238.3950009999999,2244.693,615.54,1199.655667
2023-03-03 04:00:00,2019.8283339999998,1938.613,1257.907667,2258.398333,603.289,1196.489001
2023-03-03 05:00:00,2134.052333,2034.812,1306.266333,2365.8536670000003,635.19,1254.3123329999999
2023-03-03 06:00:00,2372.3255010000003,2211.5029999999997,1515.853667,2571.000168,669.937,1334.8106670000002
2023-03-03 07:00:00,2687.8846670000003,2522.423,1749.1243330000002,2856.546997,759.931,1474.154334
2023-03-03 08:00:00,2802.932166,2743.9220000000005,1997.165666,3091.235831,859.8209999999999,1580.891666
2023-03-03 09:00:00,2893.282166,2687.793667,1935.4543330000001,3080.221501,861.009,1584.1766670000002
2023-03-03 10:00:00,2885.152,2616.563,1895.9209999999998,3048.447667,841.384667,1549.6770000000001
2023-03-03 11:00:00,2797.5575000000003,2587.6549999999997,1885.6909999999998,2997.5745009999996,792.745,1513.891
2023-03-03 12:00:00,2771.611667,2544.738,1795.6810019999998,2976.520499,757.678,1440.389332
2023-03-03 13:00:00,2749.3395,2473.25,1718.512,2975.061501,736.971,1456.972
2023-03-03 14:00:00,2696.8355,2480.365,1647.994334,2909.7254999999996,709.615,1504.411334
2023-03-03 15:00:00,2708.580834,2468.5113330000004,1682.796666,2878.399999,722.42,1479.980334
2023-03-03 16:00:00,2846.275167,2518.2569999999996,1765.2516660000001,3014.9218280000005,763.3839999999999,1525.724666
2023-03-03 17:00:00,3090.927167,2753.7626659999996,1920.833336,3250.621829,836.975,1620.345999
2023-03-03 18:00:00,3165.943167,2985.648333,2009.4689990000002,3496.0105009999997,885.751334,1804.8376680000001
2023-03-03 19:00:00,3326.809,3067.1339989999997,2130.9126650000003,3501.776336,963.241,1852.269999
2023-03-03 20:00:00,3342.857333,2998.016667,2066.348668,3491.038336,957.4343329999999,1748.292665
2023-03-03 21:00:00,3210.7996649999995,2881.016334,1964.918668,3365.722332,905.8863329999999,1761.758001
2023-03-03 22:00:00,2986.026167,2758.684334,1820.2786660000002,3132.47,881.8790000000001,1639.476001
2023-03-03 23:00:00,2844.6123340000004,2555.451333,1632.6073350000001,2911.796335,798.146,1494.553001
2023-03-04 00:00:00,2561.6425,2214.6853330000004,1439.075001,2646.192166,721.7249999999999,1352.630332
2023-03-04 01:00:00,2358.342166,1973.198333,1338.3946660000001,2467.5879990000003,607.547,1264.651668
2023-03-04 02:00:00,2174.978832,1891.7443319999998,1207.164334,2291.102164,576.940333,1184.160332
2023-03-04 03:00:00,2038.236501,1823.590333,1197.878666,2227.2903340000003,567.386,1150.693332
2023-03-04 04:00:00,1999.723666,1811.5670010000001,1209.435331,2146.1905009999996,555.7386670000001,1148.724334
2023-03-04 05:00:00,2002.7523330000001,1866.1013309999998,1219.751,2185.883834,565.647333,1147.958666
2023-03-04 06:00:00,2118.641333,1996.9600009999997,1316.136334,2273.386001,596.795,1207.254666
2023-03-04 07:00:00,2252.170833,2138.105336,1531.599999,2456.9383390000003,651.452333,1284.6696689999999
2023-03-04 08:00:00,2501.846666,2465.558334,1687.166001,2739.5248300000003,741.698334,1388.432333
2023-03-04 09:00:00,2792.2714990000004,2816.195999,1903.774668,3133.609329,898.387667,1568.1406670000001
2023-03-04 10:00:00,3009.713168,2907.683999,1997.9263340000002,3271.671166,928.906333,1700.115667
2023-03-04 11:00:00,3080.1886670000004,2904.5763349999997,2039.7263349999998,3345.989668,944.903,1795.661333
2023-03-04 12:00:00,3111.7445,2952.096,2058.868001,3392.376835,912.9069999999999,1801.074666
2023-03-04 13:00:00,3141.6391670000003,2937.514666,2038.1836670000002,3381.054333,900.154,1782.132
2023-03-04 14:00:00,3084.9433329999997,2856.9813329999997,1953.013331,3290.66017,833.301,1680.741667
2023-03-04 15:00:00,2952.4565,2687.508667,1921.5173340000001,3173.474164,891.702333,1649.9750000000001
2023-03-04 16:00:00,3008.371166,2763.218334,1905.100999,3227.590999,821.003333,1595.498333
2023-03-04 17:00:00,3019.400834,2839.265334,1929.604667,3213.04967,860.1200000000001,1669.508668
2023-03-04 18:00:00,3166.787166,3022.803334,2000.2833339999997,3296.167993,916.396333,1687.483
2023-03-04 19:00:00,3211.0836660000004,3161.696333,2084.0696669999998,3387.541327,930.143333,1720.749667
2023-03-04 20:00:00,3169.0044989999997,3090.855335,2046.5289989999999,3339.908668,932.837,1628.159668
2023-03-04 21:00:00,3113.668,2944.185,1915.545666,3212.5171649999997,897.775667,1630.7099990000002
2023-03-04 22:00:00,2868.2256669999997,2762.239332,1811.225334,3079.2973309999998,834.683,1574.7416680000001
2023-03-04 23:00:00,2707.423834,2454.9813320000003,1677.548334,2937.3164939999997,760.586667,1476.4816680000001
2023-03-05 00:00:00,2500.427667,2223.573665,1497.347334,2725.5518300000003,744.277,1374.2813350000001
2023-03-05 01:00:00,2336.912333,2081.911999,1328.596667,2470.490167,670.193001,1253.0070019999998
2023-03-05 02:00:00,2200.5148339999996,1969.360666,1274.492334,2326.5854950000003,624.3696669999999,1206.9306660000002
2023-03-05 03:00:00,2121.003001,1903.754667,1250.0289980000002,2256.497166,597.3240000000001,1200.931999
2023-03-05 04:00:00,2107.186334,1918.608666,1245.5299989999999,2263.8834939999997,607.3330000000001,1178.552667
2023-03-05 05:00:00,2136.3153329999996,1956.2593339999999,1298.7410009999999,2320.0596649999998,614.51,1218.0333329999999
2023-03-05 06:00:00,2219.003834,2055.739666,1403.5406659999999,2395.0226709999997,644.788,1268.353334
2023-03-05 07:00:00,2359.427334,2276.816667,1582.895336,2532.972328,703.6676669999999,1364.234665
2023-03-05 08:00:00,2669.812,2572.703666,1827.9826679999999,2869.5048340000003,817.0973329999999,1526.4773329999998
2023-03-05 09:00:00,2981.543332,2880.109333,1994.5336659999998,3242.304663,911.774,1665.989666
2023-03-05 10:00:00,3157.4255000000003,2995.620333,2088.221001,3452.942669,942.323,1773.799667
2023-03-05 11:00:00,3293.05,2983.904,2073.307337,3493.718998,916.6790000000001,1865.727001
2023-03-05 12:00:00,3353.026001,2987.340333,2131.8349989999997,3487.3585029999995,940.169333,1802.7649999999999
2023-03-05 13:00:00,3253.8753340000003,2906.3050009999997,2060.830336,3392.909001,913.969,1786.734999
2023-03-05 14:00:00,3272.038,2879.187333,1956.445334,3378.7893329999997,911.380333,1718.0409989999998
2023-03-05 15:00:00,3189.0235009999997,2810.3526659999998,1962.269666,3365.488997,932.070667,1681.074001
2023-03-05 16:00:00,3198.761,2879.991334,1977.6503360000002,3389.6293330000003,893.517333,1735.655667
2023-03-05 17:00:00,3236.821667,3048.557332,2052.3013330000003,3540.626499,915.828667,1777.587333
2023-03-05 18:00:00,3341.766668,3178.382333,2152.6313339999997,3670.544665,969.0226670000001,1834.5339990000002
2023-03-05 19:00:00,3363.940667,3391.467,2167.951997,3775.9093249999996,970.801334,1873.610334
2023-03-05 20:00:00,3523.478667,3384.468667,2190.5033350000003,3823.011832,1019.004334,1910.589334
2023-03-05 21:00:00,3409.198335,3269.088333,2064.062336,3606.078005,995.523333,1834.784666
2023-03-05 22:00:00,3195.4633329999997,3027.582666,1871.991334,3390.517495,903.0726669999999,1706.55
2023-03-05 23:00:00,2869.371667,2641.463998,1674.431666,3060.5978299999997,823.3679999999999,1553.474667
2023-03-06 00:00:00,2544.979,2216.165333,1451.990002,2725.6034950000003,733.1163329999999,1393.7423320000003
2023-03-06 01:00:00,2310.899999,1994.978665,1320.719334,2466.051168,647.1473329999999,1280.1076659999999
2023-03-06 02:00:00,2145.611333,1898.592667,1273.4043339999998,2292.793001,607.381,1205.4720009999999
2023-03-06 03:00:00,2061.470334,1828.3039990000002,1218.786,2221.8193330000004,580.666333,1183.628001
2023-03-06 04:00:00,2066.228334,1829.2096669999999,1227.952002,2224.413833,590.287,1186.8616670000001
2023-03-06 05:00:00,2158.744668,1941.297,1323.086,2377.5148400000003,602.941,1191.515334
2023-03-06 06:00:00,2331.979335,2160.3140000000003,1468.277333,2623.7163339999997,641.43,1335.1226669999999
2023-03-06 07:00:00,2640.048334,2537.09,1737.152666,2900.87417,756.24,1495.792
2023-03-06 08:00:00,2801.894667,2728.35,1953.809333,3097.6261670000004,868.47,1608.256666
2023-03-06 09:00:00,2862.5399989999996,2663.675,1941.950332,3141.202835,875.8629999999999,1567.206001
2023-03-06 10:00:00,2871.468,2634.839,1883.740668,3119.752835,840.29,1562.8856660000001
2023-03-06 11:00:00,2804.3205,2583.818,1821.260667,3065.3621700000003,812.095,1536.091666
2023-03-06 12:00:00,2820.4160010000005,2580.3540000000003,1791.6560000000002,3017.996502,825.6769999999999,1493.8680009999998
2023-03-06 13:00:00,2825.4986659999995,2493.286,1756.647,3007.819168,791.945,1480.1313340000002
2023-03-06 14:00:00,2760.470667,2466.05,1738.0096669999998,2933.710836,760.233,1470.456667
2023-03-06 15:00:00,2716.5625,2416.924,1705.8983329999999,2862.713164,776.256,1455.9923330000001
2023-03-06 16:00:00,2925.2163330000003,2523.2830000000004,1716.176,3033.979335,759.1389999999999,1480.1129999999998
2023-03-06 17:00:00,3045.835,2730.74,1889.268,3256.984002,823.1,1597.420334
2023-03-06 18:00:00,3318.8636669999996,3076.9126669999996,2105.4390009999997,3543.848999,906.3290000000001,1773.215001
2023-03-06 19:00:00,3455.740668,3216.4599999999996,2216.645334,3713.726834,980.015,1863.737
2023-03-06 20:00:00,3581.121833,3265.2200000000003,2155.4840000000004,3697.112498,983.7860000000001,1817.9429989999999
2023-03-06 21:00:00,3324.5185,3123.494,2014.895333,3562.378666,965.5609999999999,1756.0136669999997
2023-03-06 22:00:00,3062.8195,2785.833666,1836.1586670000002,3343.01183,880.642,1655.735001
2023-03-06 23:00:00,2699.763667,2433.210334,1587.8056669999999,2978.789332,814.3109999999999,1486.1
2023-03-07 00:00:00,2428.486,2174.1676660000003,1384.947666,2618.781667,703.94,1362.829999
2023-03-07 01:00:00,2225.327333,1942.898334,1278.8029989999998,2378.708503,628.517,1220.3966659999999
2023-03-07 02:00:00,2078.670667,1891.717333,1196.304666,2257.368999,577.532,1163.2896660000001
2023-03-07 03:00:00,1986.585,1852.877,1174.434,2163.669669,560.003,1175.430334
2023-03-07 04:00:00,1957.874,1879.758667,1213.437668,2196.075498,571.475,1172.61
2023-03-07 05:00:00,2120.352667,1948.574333,1285.702334,2319.692999,609.501,1190.740667
2023-03-07 06:00:00,2307.3773330000004,2173.828333,1435.8599990000002,2582.564171,668.048,1340.533334
2023-03-07 07:00:00,2634.155332,2556.583667,1703.5923340000002,2911.52739,752.213,1486.266
2023-03-07 08:00:00,2687.447333,2718.874333,1890.4703329999998,3094.6590859999997,875.424,1560.31
2023-03-07 09:00:00,2697.424666,2611.776667,1899.6543339999998,2988.089623,832.958,1479.532
2023-03-07 10:00:00,2672.8785,2514.4303330000002,1773.595,2874.6431599999996,812.614,1463.3169990000001
2023-03-07 11:00:00,2592.818168,2457.456,1713.726666,2846.622863,804.048,1458.347667
2023-03-07 12:00:00,2605.424666,2406.230667,1718.651666,2798.396898,755.253,1389.8110000000001
2023-03-07 13:00:00,2594.365334,2356.821333,1685.610334,2730.532264,749.531,1356.836667
2023-03-07 14:00:00,2421.388333,2134.8849999999998,1558.2183340000001,2583.217627,687.672,1283.2813340000002
2023-03-07 15:00:00,2482.3815000000004,2102.736667,1515.407001,2545.459667,688.8910000000001,1289.139666
2023-03-07 16:00:00,2561.2245,2286.474667,1523.576,2686.7817029999997,689.741,1396.131667
2023-03-07 17:00:00,2759.219,2579.8683330000003,1791.8133319999997,2925.995069,758.938,1601.546667
2023-03-07 18:00:00,3108.321334,2853.507,2025.514668,3303.012435,867.5920000000001,1726.87
2023-03-07 19:00:00,3360.1429989999997,3170.631333,2115.9759999999997,3497.431437,917.557,1831.191
2023-03-07 20:00:00,3368.0316669999997,3150.772333,2085.5049989999998,3634.287495,1000.2279999999998,1856.054
2023-03-07 21:00:00,3341.7076660000002,2996.304,2041.4366659999998,3577.879332,928.1590000000001,1760.4750000000001
2023-03-07 22:00:00,3102.204334,2760.693,1883.87,3280.874335,889.446,1655.045334
2023-03-07 23:00:00,2753.21,2445.9489999999996,1664.434333,2968.704668,784.385,1465.8593329999999
2023-03-08 00:00:00,2484.1319999999996,2152.2969999999996,1426.640333,2602.264502,711.9780000000001,1318.635001
2023-03-08 01:00:00,2234.7870000000003,2011.768,1316.352666,2381.522332,617.15,1209.0596670000002
2023-03-08 02:00:00,2108.941,1889.408,1280.540666,2300.412006,595.156,1185.3063339999999
2023-03-08 03:00:00,2070.074,1905.726001,1249.9196670000001,2271.2553390000003,591.977,1181.048667
2023-03-08 04:00:00,2103.365333,1950.04,1264.9500010000002,2297.329666,591.506,1206.393333
2023-03-08 05:00:00,2172.1800000000003,2026.227667,1347.265332,2411.8476630000005,651.227,1225.371668
2023-03-08 06:00:00,2382.9710000000005,2232.749667,1464.092333,2684.9335069999997,698.5649999999999,1320.196
2023-03-08 07:00:00,2698.322333,2604.3469999999998,1725.399333,2944.2115000000003,792.745,1491.930333
2023-03-08 08:00:00,2875.824333,2767.563,1968.0516659999998,3088.501335,906.973,1583.048
2023-03-08 09:00:00,2847.928001,2719.561667,1986.6363339999998,3148.623828,868.599,1628.183666
2023-03-08 10:00:00,2875.697667,2692.450667,1925.3813340000002,3149.683164,826.687,1604.005
2023-03-08 11:00:00,2908.448,2740.3060000000005,1956.030001,3200.224665,905.421,1663.594
2023-03-08 12:00:00,2869.482667,2733.8549999999996,1926.911,3236.884168,838.672,1680.1473340000002
2023-03-08 13:00:00,2798.846334,2614.571,1843.903001,3109.9743369999997,843.345,1591.8873330000001
2023-03-08 14:00:00,2716.6231660000003,2513.567,1804.482,3056.2113339999996,823.585,1501.04
2023-03-08 15:00:00,2684.826833,2397.7780000000002,1684.877668,2882.535333,753.5989999999999,1430.864333
2023-03-08 16:00:00,2753.365667,2417.304,1670.049333,2998.7070000000003,761.187,1464.62
2023-03-08 17:00:00,2997.514333,2713.488,1837.190334,3253.710331,835.174,1633.7326669999998
2023-03-08 18:00:00,3323.432,2997.217,2042.203666,3518.607168,884.098,1786.941667
2023-03-08 19:00:00,3474.402333,3157.621,2103.580667,3758.300161,969.0060000000001,1850.2666669999999
2023-03-08 20:00:00,3505.7335,3223.763,2104.739001,3731.7499980000002,976.801,1876.470666
2023-03-08 21:00:00,3418.8335,3064.5640000000003,2002.538,3687.4316630000003,984.406,1777.7393339999999
2023-03-08 22:00:00,3078.8895,2848.626,1839.1116670000001,3326.584332,859.5649999999999,1628.541666
2023-03-08 23:00:00,2719.6935,2508.246,1616.2483339999999,2941.976836,800.998,1434.523334
2023-03-09 00:00:00,2507.457334,2194.889,1400.721,2562.974335,717.008,1302.9386679999998
2023-03-09 01:00:00,2274.3109999999997,1997.705,1271.231667,2372.346499,625.028,1197.068999
2023-03-09 02:00:00,2112.887667,1842.2440000000001,1197.580333,2218.237,585.203,1158.7150000000001
2023-03-09 03:00:00,1980.8286669999998,1811.173,1151.190333,2154.1730009999997,583.999,1110.661333
2023-03-09 04:00:00,1988.987334,1866.889,1197.271001,2142.9281650000003,561.988,1125.958
2023-03-09 05:00:00,2108.416334,1926.212,1258.289999,2269.591336,585.08,1169.974331
2023-03-09 06:00:00,2305.569666,2143.438,1420.0893330000001,2484.211832,682.586,1248.203334
2023-03-09 07:00:00,2628.374666,2496.504,1676.289,2803.615832,726.167,1451.75
2023-03-09 08:00:00,2718.108334,2662.859,1856.366333,3028.419167,825.4469999999999,1466.3216670000002
2023-03-09 09:00:00,2712.988333,2641.121,1891.949332,3007.191331,830.6880000000001,1457.1686679999998
2023-03-09 10:00:00,2794.253666,2593.2470000000003,1870.2053320000002,2933.202831,842.97,1474.994333
2023-03-09 11:00:00,2839.438666,2618.323,1908.0663339999999,2943.460999,816.608,1512.091667
2023-03-09 12:00:00,2883.049666,2725.559,1906.594333,3001.209835,836.6120000000001,1536.835
2023-03-09 13:00:00,2900.889,2695.7970000000005,1898.386,3012.641501,828.5799999999999,1530.8443329999998
2023-03-09 14:00:00,2812.895,2592.0739999999996,1787.757335,2996.48233,820.3919999999999,1473.628333
2023-03-09 15:00:00,2928.483,2563.22,1830.9070000000002,2994.319999,852.5550000000001,1560.3733339999999
2023-03-09 16:00:00,3141.9625,2683.723,1912.9536659999999,3216.892166,825.946,1663.1860000000001
2023-03-09 17:00:00,3365.644,2984.336,2052.6246659999997,3496.923332,942.9649999999999,1870.055667
2023-03-09 18:00:00,3502.5330000000004,3210.045,2146.319334,3780.4419980000002,956.216,1880.762334
2023-03-09 19:00:00,3662.3276670000005,3307.561,2179.687667,3896.509669,1009.1229999999999,1964.543667
2023-03-09 20:00:00,3681.436667,3314.249,2147.4486660000002,3885.616335,1004.5450000000001,1987.458999
2023-03-09 21:00:00,3401.8845,3167.076,2038.9676670000001,3710.448835,1008.88,1872.732333
2023-03-09 22:00:00,3240.1825,2844.017,1867.732334,3440.629668,916.6289999999999,1715.236
2023-03-09 23:00:00,2844.706333,2539.0280000000002,1643.705666,3074.3741680000003,805.8389999999999,1530.4070000000002
2023-03-10 00:00:00,2484.106666,2236.833,1420.666999,2700.164833,707.738,1393.653333
2023-03-10 01:00:00,2258.375333,1999.175,1282.617667,2392.6526679999997,616.953,1254.0103330000002
2023-03-10 02:00:00,2122.6318319999996,1881.428,1183.2133320000003,2268.1906639999997,582.8199999999999,1173.0606670000002
2023-03-10 03:00:00,1985.434667,1775.3690000000001,1151.7100010000001,2183.371166,577.7359999999999,1133.875333
2023-03-10 04:00:00,1996.621333,1815.609,1203.481334,2172.381504,553.801,1141.319667
2023-03-10 05:00:00,2112.428,1912.199,1229.120333,2256.69317,575.3520000000001,1190.304334
2023-03-10 06:00:00,2302.48175,2127.519,1421.252,2444.8985000000002,642.318,1266.304668
2023-03-10 07:00:00,2582.9259159999997,2461.8900000000003,1650.680334,2844.953163,723.961,1408.0496660000001
2023-03-10 08:00:00,2727.9106659999998,2602.5466659999997,1851.1859989999998,2991.4041660000003,834.979,1474.2586649999998
2023-03-10 09:00:00,2774.3163329999998,2548.876667,1912.998333,3040.1678309999998,840.512,1492.797333
2023-03-10 10:00:00,2799.8413330000003,2560.964666,1861.812667,3052.3431689999998,815.3499999999999,1519.223665
2023-03-10 11:00:00,2734.6949999999997,2558.749,1791.942666,2969.132504,825.025,1495.933
2023-03-10 12:00:00,2791.151,2580.784667,1789.5453349999998,2979.676501,775.9759999999999,1563.973667
2023-03-10 13:00:00,2688.299333,2501.003667,1712.31,2885.0218370000002,764.755,1433.3000000000002
2023-03-10 14:00:00,2630.366333,2394.165333,1684.921668,2726.6683380000004,752.909,1403.666001
2023-03-10 15:00:00,2578.493,2319.645667,1601.688,2687.8678330000002,727.404,1323.958333
2023-03-10 16:00:00,2692.229,2366.429,1626.0749990000002,2760.933332,719.673,1428.583334
2023-03-10 17:00:00,2882.8650000000002,2538.3109999999997,1735.718335,2964.463834,819.308,1554.292667
2023-03-10 18:00:00,2953.1400000000003,2720.2439999999997,1818.540999,3174.452831,872.197,1619.210667
2023-03-10 19:00:00,3178.2300000000005,2947.992,1947.851334,3391.1474980000003,917.4030000000001,1691.484
2023-03-10 20:00:00,3196.8779999999997,2922.259,1910.938668,3399.3440010000004,911.981,1653.396667
2023-03-10 21:00:00,3061.142333,2852.191,1848.388,3218.4248350000003,859.9680000000001,1597.9569999999999
2023-03-10 22:00:00,2788.897,2694.869667,1720.695666,3020.669664,841.615,1522.048667
2023-03-10 23:00:00,2558.758,2378.8860000000004,1527.8629999999998,2794.795593,726.547,1421.955667
2023-03-11 00:00:00,2398.33,2078.232,1346.316,2486.576339,677.793,1234.437666
2023-03-11 01:00:00,2215.415,1986.978,1235.525001,2318.059427,636.448,1138.846667
2023-03-11 02:00:00,2031.9503329999998,1844.089334,1166.816667,2161.5285089999998,575.563,1076.088001
2023-03-11 03:00:00,1934.192666,1784.0499989999998,1135.401999,2080.32674,538.8409999999999,1049.955666
2023-03-11 04:00:00,1925.559667,1750.651,1121.7403319999999,2018.781164,524.56,1044.145
2023-03-11 05:00:00,1949.545667,1777.143,1165.496668,2014.850666,513.095,1045.482333
2023-03-11 06:00:00,2032.7813330000001,1923.238,1278.765668,2181.101663,535.433,1111.183667
2023-03-11 07:00:00,2173.051167,2125.359333,1420.964667,2420.565172,612.966,1235.9283330000003
2023-03-11 08:00:00,2469.6600000000003,2412.580334,1678.065668,2658.6501639999997,732.449,1384.996334
2023-03-11 09:00:00,2689.9260000000004,2688.264666,1857.979335,2920.4075000000003,795.9070000000002,1464.8223329999998
2023-03-11 10:00:00,2846.692667,2779.415001,1884.709333,3142.317003,852.243,1577.700667
2023-03-11 11:00:00,3015.88,2693.941334,1878.0170000000003,3179.276168,823.9929999999999,1575.808
2023-03-11 12:00:00,2989.8959999999997,2649.790999,1879.774336,3024.590336,773.704,1529.954667
2023-03-11 13:00:00,2995.953,2664.186666,1906.2453340000002,2989.502164,772.944,1523.2243330000001
2023-03-11 14:00:00,2810.821333,2533.662333,1746.597667,2868.317003,739.797,1466.9446659999999
2023-03-11 15:00:00,2655.477666,2458.9356669999997,1670.4810000000002,2761.254005,728.839,1349.634667
2023-03-11 16:00:00,2635.840668,2488.8323339999997,1645.549333,2763.8536670000003,723.693,1370.9833330000001
2023-03-11 17:00:00,2699.7065,2507.8526660000007,1722.2469999999998,2765.2066649999997,723.754,1402.097666
2023-03-11 18:00:00,2797.848668,2690.563667,1794.6886670000001,3056.757662,790.136,1453.9383340000002
2023-03-11 19:00:00,2868.4318329999996,2816.673333,1888.739001,3180.596667,828.976,1563.258334
2023-03-11 20:00:00,2868.126333,2846.038334,1869.865667,3153.595004,855.884,1531.938
2023-03-11 21:00:00,2786.080668,2729.5240000000003,1817.568001,3082.971165,801.885,1495.387667
2023-03-11 22:00:00,2657.337,2583.972334,1691.877332,2888.329831,753.446,1470.094001
2023-03-11 23:00:00,2534.4483330000003,2400.1846670000004,1539.9646679999998,2702.619499,693.5160000000001,1369.666334
2023-03-12 00:00:00,2300.1606659999998,2193.2036669999998,1396.7630020000001,2515.881665,639.674,1253.742667
2023-03-12 01:00:00,2172.056666,1996.907,1296.074333,2299.3196660000003,599.3789999999999,1180.4603339999999
2023-03-12 02:00:00,2110.0351665,1952.4758335000001,1257.2783335000001,2236.6562485,574.6185,1162.6478335000002
2023-03-12 03:00:00,2048.0136669999997,1908.044667,1218.482334,2173.9928310000005,549.8580000000001,1144.835333
2023-03-12 04:00:00,1964.660167,1867.613667,1204.262667,2120.8528370000004,550.047,1154.372668
2023-03-12 05:00:00,1945.942167,1851.296666,1221.8933339999999,2130.872336,570.966,1115.915999
2023-03-12 06:00:00,1964.024333,1944.755,1263.473,2156.548334,590.145,1147.920333
2023-03-12 07:00:00,2052.425333,2124.743,1387.257334,2242.6814990000003,626.067,1224.421666
2023-03-12 08:00:00,2254.552666,2304.513,1542.7263349999998,2449.050498,688.4549999999999,1301.0426650000002
2023-03-12 09:00:00,2529.278333,2583.9519999999998,1750.4073329999999,2663.971334,787.386,1436.136666
2023-03-12 10:00:00,2729.2475,2766.22,1869.044999,2977.920832,838.289,1511.624334
2023-03-12 11:00:00,2966.2445,2820.127,1996.979335,3180.180499,862.261,1645.3433340000001
2023-03-12 12:00:00,3155.045,2945.322,2005.417333,3298.319165,910.496,1706.316667
2023-03-12 13:00:00,3244.306,3030.989,2036.872333,3424.859501,941.3130000000001,1693.313666
2023-03-12 14:00:00,3206.104,3048.4089999999997,2003.266333,3412.6581690000003,979.953,1689.357
2023-03-12 15:00:00,3178.265,2992.79,2019.237334,3415.4134969999996,919.2540000000001,1742.536667
2023-03-12 16:00:00,3142.643,3031.002,1991.664,3461.6281659999995,941.5729999999999,1664.6476670000002
2023-03-12 17:00:00,3095.34,3124.099,2084.689333,3499.9816659999997,960.6999999999999,1726.843999
2023-03-12 18:00:00,3136.8089999999997,3196.6083329999997,2115.817334,3491.721335,966.587,1753.38
2023-03-12 19:00:00,3222.4,3255.936667,2104.686332,3563.2549959999997,979.914,1730.434
2023-03-12 20:00:00,3355.649,3310.108,2157.712667,3683.628998,981.773,1784.3490000000002
2023-03-12 21:00:00,3256.943,3151.109,2047.938333,3485.271499,977.807,1775.063333
2023-03-12 22:00:00,3045.9890000000005,2954.7290000000003,1862.7150000000001,3264.95516,929.502,1613.265333
2023-03-12 23:00:00,2723.2990000000004,2642.882,1617.6313340000002,2915.746329,804.767,1454.130667
2023-03-13 00:00:00,2412.754,2189.745,1393.6693340000002,2525.8628309999995,682.367,1269.736
2023-03-13 01:00:00,2112.856,1933.084,1242.608334,2211.359498,611.937,1105.771666
2023-03-13 02:00:00,1892.1416669999999,1792.373,1154.623001,2042.8170020000002,557.9060000000001,1023.367332
2023-03-13 03:00:00,1779.253667,1734.958,1086.471334,1914.629828,512.762,970.1046670000001
2023-03-13 04:00:00,1729.239333,1703.31,1060.483002,1883.793329,531.884,958.041333
2023-03-13 05:00:00,1807.507,1805.154,1156.3029999999999,2013.3943330000002,536.223,978.6620009999999
2023-03-13 06:00:00,1964.456667,1964.804,1294.987666,2164.1364970000004,575.4639999999999,1067.4486670000001
2023-03-13 07:00:00,2175.581999,2257.273,1487.668999,2386.7683319999996,670.31,1213.1689999999999
2023-03-13 08:00:00,2275.41,2493.949,1652.204666,2538.5123329999997,734.406,1288.3766660000001
2023-03-13 09:00:00,2392.871,2496.446,1702.142332,2645.10733,745.721,1251.187
2023-03-13 10:00:00,2502.761,2508.358,1752.635335,2709.931334,771.787,1325.904001
2023-03-13 11:00:00,2606.674,2511.909,1757.683666,2770.930168,787.84,1374.205333
2023-03-13 12:00:00,2657.544,2607.818,1843.0176669999998,2874.7283340000004,786.683,1439.5186670000003
2023-03-13 13:00:00,2768.535,2682.252,1855.502,2917.983336,785.1386669999999,1454.035334
2023-03-13 14:00:00,2753.334667,2588.37,1856.144667,2895.134171,758.7693330000001,1493.729333
2023-03-13 15:00:00,2847.845666,2598.7960000000003,1837.686999,2977.552333,784.0620000000001,1536.728
2023-03-13 16:00:00,3018.385333,2702.293,1791.3163339999999,3098.3374999999996,784.8820000000001,1564.735334
2023-03-13 17:00:00,3148.067,2881.152,2005.0953329999998,3316.749834,867.5640000000001,1715.0000009999999
2023-03-13 18:00:00,3295.4390000000003,3044.046,2038.608334,3454.551333,935.9169999999999,1777.422
2023-03-13 19:00:00,3313.236,3140.645,2062.786,3541.230834,976.223,1813.852667
2023-03-13 20:00:00,3380.9129999999996,3186.031,2117.788667,3664.041999,981.169,1846.9286670000001
2023-03-13 21:00:00,3398.245,3147.001,2024.238667,3587.5220010000003,973.383,1781.241333
2023-03-13 22:00:00,3230.636,2864.362,1900.691666,3295.219663,887.884,1712.965667
2023-03-13 23:00:00,2792.524,2546.5290000000005,1646.263667,2957.847169,790.298,1458.339333
2023-03-14 00:00:00,2542.468667,2220.946,1443.9703330000002,2595.571498,693.296,1300.3419989999998
2023-03-14 01:00:00,2251.643333,2039.4139999999998,1254.900001,2385.049165,620.628,1204.880667
2023-03-14 02:00:00,2068.2125,1931.7493329999998,1247.539999,2206.623004,571.002,1126.2580010000001
2023-03-14 03:00:00,1986.8256660000002,1843.3319999999999,1194.099001,2121.933171,532.215,1136.2336679999999
2023-03-14 04:00:00,1989.502332,1796.102667,1172.838335,2091.591832,542.048,1118.8763330000002
2023-03-14 05:00:00,2060.022667,1935.362,1253.6713340000001,2183.6510019999996,590.22,1126.0666660000002
2023-03-14 06:00:00,2241.323167,2121.882333,1397.794332,2370.098837,633.829,1213.5420009999998
2023-03-14 07:00:00,2507.7016670000003,2428.4216669999996,1636.590334,2706.3154990000003,741.414,1367.779333
2023-03-14 08:00:00,2644.2844999999998,2656.799333,1789.118,2895.270501,822.076,1533.540334
2023-03-14 09:00:00,2649.0045,2575.991667,1870.3013340000002,2960.908498,796.3570000000001,1482.7093329999998
2023-03-14 10:00:00,2598.424333,2471.389333,1773.935667,2840.7208699999996,795.114,1357.574999
2023-03-14 11:00:00,2542.0699999999997,2311.1800000000003,1661.101999,2801.7068579999996,738.077,1332.739
2023-03-14 12:00:00,2414.913,2262.329667,1594.5179990000001,2620.306797,692.87,1341.736
2023-03-14 13:00:00,2506.7946669999997,2196.303,1579.5533340000002,2518.804898,660.046,1284.061333
2023-03-14 14:00:00,2304.7803330000006,2025.1896669999999,1450.762001,2391.384663,632.727,1197.703667
2023-03-14 15:00:00,2229.9975,2004.348,1415.8736680000002,2276.357271,599.4159999999999,1147.539667
2023-03-14 16:00:00,2310.361,1995.6419999999998,1362.5826670000001,2258.011877,573.937,1157.6856659999999
2023-03-14 17:00:00,2388.363,2269.015,1530.792665,2481.5839779999997,619.099,1203.978334
2023-03-14 18:00:00,2638.243001,2476.4049999999997,1674.672335,2759.988914,717.553,1287.382
2023-03-14 19:00:00,2796.587667,2645.091,1750.404333,2968.612677,753.801,1394.390666
2023-03-14 20:00:00,2977.549667,2819.4579999999996,1796.578331,3186.7012809999997,813.269,1543.6259989999999
2023-03-14 21:00:00,2991.436999,2757.285,1832.658,3228.913719,834.3689999999999,1548.8220000000001
2023-03-14 22:00:00,2784.2933350000003,2622.45,1704.909001,3052.9336460000004,807.227,1472.764334
2023-03-14 23:00:00,2490.407667,2293.199,1568.2926670000002,2687.789001,698.5630000000001,1324.699667
2023-03-15 00:00:00,2141.918001,2073.051,1312.888666,2347.593332,594.2769999999999,1220.329001
2023-03-15 01:00:00,1943.0533329999998,1884.551,1150.000999,2153.475499,519.08,1100.3139999999999
2023-03-15 02:00:00,1817.5703319999998,1768.07,1098.861666,1994.605669,498.40500000000003,1044.8126670000001
2023-03-15 03:00:00,1702.2069999999999,1684.572,1105.9533339999998,1897.844502,491.865,1033.203668
2023-03-15 04:00:00,1726.793667,1698.271,1100.921333,1881.1161730000001,486.80499999999995,1019.470665
2023-03-15 05:00:00,1854.004833,1784.781,1132.549,1970.2561649999998,535.5830000000001,1066.869667
2023-03-15 06:00:00,2062.407333,1985.617,1308.8993329999998,2234.710997,573.7810000000001,1127.4410010000001
2023-03-15 07:00:00,2297.552999,2275.9,1547.3653330000002,2505.8211680000004,662.001,1309.635999
2023-03-15 08:00:00,2483.691667,2531.0370000000003,1678.487,2691.384169,769.711,1376.897333
2023-03-15 09:00:00,2553.7813340000002,2540.701,1716.166334,2712.633328,758.014,1360.495333
2023-03-15 10:00:00,2461.94,2357.162,1687.590001,2642.844497,743.924,1281.452
2023-03-15 11:00:00,2403.23,2353.066,1620.9310019999998,2568.6954960000003,674.336,1306.091666
2023-03-15 12:00:00,2418.862667,2287.6270000000004,1638.953,2519.0456679999998,662.984,1313.612334
2023-03-15 13:00:00,2425.342001,2255.396667,1628.174001,2465.340833,691.1139999999999,1264.739333
2023-03-15 14:00:00,2295.8135,2184.660667,1579.024001,2484.312332,639.142,1225.331666
2023-03-15 15:00:00,2359.983,2071.174,1524.685669,2469.319669,632.662,1249.1783329999998
2023-03-15 16:00:00,2370.137334,2152.2436669999997,1502.929666,2513.5226700000003,637.774,1300.8853330000002
2023-03-15 17:00:00,2516.3913329999996,2299.906333,1579.901001,2695.096502,682.1990000000001,1348.508666
2023-03-15 18:00:00,2674.465,2552.990333,1727.520334,2889.926335,772.8720000000001,1465.667665
2023-03-15 19:00:00,2879.633667,2725.05,1777.4983339999999,3057.619996,806.3330010000001,1535.653667
2023-03-15 20:00:00,3065.1155000000003,2874.3946670000005,1888.231668,3350.3913330000005,871.941334,1571.372332
2023-03-15 21:00:00,3062.1455,2927.770333,1826.673666,3388.423001,843.4066670000001,1564.556334
2023-03-15 22:00:00,2879.1324999999997,2744.589333,1797.6626689999998,3129.634333,791.8726670000001,1459.984
2023-03-15 23:00:00,2565.9855,2425.76,1582.387,2771.347668,733.4506670000001,1355.057334
2023-03-16 00:00:00,2263.9919999999997,2099.544333,1329.2859979999998,2408.8220009999995,671.689667,1220.186
2023-03-16 01:00:00,2114.5281670000004,1944.709,1227.219999,2267.1400009999998,587.012333,1158.226334
2023-03-16 02:00:00,1940.648667,1841.2306669999998,1178.6376670000002,2129.868831,541.548,1151.1190000000001
2023-03-16 03:00:00,1871.442001,1820.696,1167.382,2112.613834,545.2596659999999,1130.6989999999998
2023-03-16 04:00:00,1928.882001,1844.6390000000001,1183.846001,2141.2094939999997,557.343334,1138.21
2023-03-16 05:00:00,2024.9313339999999,1991.688,1271.436999,2299.137502,628.774001,1187.727999
2023-03-16 06:00:00,2242.360666,2201.360333,1502.585666,2554.193827,682.403,1301.455001
2023-03-16 07:00:00,2576.808333,2620.84,1755.784334,2832.734499,765.726,1491.976666
2023-03-16 08:00:00,2656.9485,2864.837,1944.284666,3013.172668,860.483,1571.364
2023-03-16 09:00:00,2701.394999,2742.406,1900.9203340000001,3031.123498,868.2660000000001,1533.1700019999998
2023-03-16 10:00:00,2589.8465,2572.122333,1800.926664,2823.8384969999997,782.066,1410.9189999999999
2023-03-16 11:00:00,2607.4700009999997,2474.934,1699.4629999999997,2716.720836,761.4259999999999,1377.425667
2023-03-16 12:00:00,2401.168664,2442.304,1608.991002,2690.2020030000003,694.8389999999999,1389.7183329999998
2023-03-16 13:00:00,2372.15,2280.949,1510.824,2562.608668,645.6690000000001,1305.8943329999997
2023-03-16 14:00:00,2222.943667,2139.1409999999996,1403.093334,2440.355332,626.5060000000001,1232.711667
2023-03-16 15:00:00,2154.026,2110.242,1395.2163340000002,2305.9539990000003,591.991,1171.248333
2023-03-16 16:00:00,2191.8669999999997,2099.741,1380.3099989999998,2337.983332,582.2829999999999,1126.270667
2023-03-16 17:00:00,2226.402,2182.615,1478.775999,2460.468998,586.163,1176.8870000000002
2023-03-16 18:00:00,2458.244999,2414.4829999999997,1564.249002,2667.071,657.605,1318.4263339999998
2023-03-16 19:00:00,2693.3756670000002,2565.1810000000005,1692.708667,2916.992003,721.003,1372.336667
2023-03-16 20:00:00,2868.1835,2795.4809999999998,1847.444999,3141.563999,800.769,1484.367999
2023-03-16 21:00:00,2934.881,2823.3316670000004,1871.333001,3169.426668,839.2320000000001,1525.617
2023-03-16 22:00:00,2748.9619999999995,2666.711667,1796.119334,2848.6929999999998,833.65,1482.342
2023-03-16 23:00:00,2418.4919999999997,2312.6,1583.3976659999998,2560.5886689999998,703.003,1260.0880000000002
2023-03-17 00:00:00,2077.0068330000004,2038.603,1299.417666,2298.031666,621.438,1104.101333
2023-03-17 01:00:00,1890.929666,1849.9289999999999,1205.3996670000001,2039.1380040000001,546.421,1002.0479989999999
2023-03-17 02:00:00,1753.227333,1732.598,1109.6473330000001,1923.595498,494.674,955.831332
2023-03-17 03:00:00,1693.44,1678.4080000000001,1059.568,1854.5990000000002,480.93300000000005,937.7776660000001
2023-03-17 04:00:00,1659.7225,1684.711,1074.932334,1844.6426689999998,490.405,933.527334
2023-03-17 05:00:00,1762.1275,1764.559,1126.153334,1880.034331,509.03,991.2533330000001
2023-03-17 06:00:00,1916.544,1989.17,1291.5179990000001,2088.360666,583.9169999999999,1098.801667
2023-03-17 07:00:00,2196.4919999999997,2326.946,1511.6039999999998,2382.7646649999997,665.2470000000001,1210.021666
2023-03-17 08:00:00,2362.6085,2545.3199999999997,1681.0083329999998,2575.936834,770.403,1282.411666
2023-03-17 09:00:00,2407.3571669999997,2488.117,1677.1206659999998,2679.5264989999996,735.519,1266.696
2023-03-17 10:00:00,2363.7983329999997,2393.9030000000002,1595.9319999999998,2610.207834,704.0450000000001,1287.9956659999998
2023-03-17 11:00:00,2313.2973329999995,2318.444,1606.0119989999998,2571.475335,618.7370000000001,1265.940333
2023-03-17 12:00:00,2262.127666,2224.816,1553.589002,2472.009999,600.99,1228.688667
2023-03-17 13:00:00,2245.699666,2146.383,1463.3360010000001,2383.085333,591.977,1175.6710000000003
2023-03-17 14:00:00,2118.8069990000004,2067.192,1388.302334,2281.666668,565.1519999999999,1102.459334
2023-03-17 15:00:00,2011.2020000000002,2024.482,1280.817,2205.603832,542.2339999999999,1068.981666
2023-03-17 16:00:00,1996.047333,1975.4589999999998,1294.533333,2131.293998,534.972,1023.2996669999999
2023-03-17 17:00:00,2103.888833,2162.348,1413.224668,2304.212167,545.892,1089.276667
2023-03-17 18:00:00,2236.748334,2253.1360000000004,1544.423667,2429.6403339999997,642.855,1158.642333
2023-03-17 19:00:00,2371.551,2442.88,1578.229,2643.9931640000004,693.1479999999999,1243.261333
2023-03-17 20:00:00,2458.9473340000004,2478.0699999999997,1654.280001,2709.433667,734.165,1306.0210000000002
2023-03-17 21:00:00,2370.7346669999997,2450.3,1637.768,2684.418834,671.461,1331.313
2023-03-17 22:00:00,2299.4535,2362.6180000000004,1536.4543330000001,2523.064331,630.328,1216.334
2023-03-17 23:00:00,2147.101334,2124.5329999999994,1386.5406669999998,2311.490001,610.1669999999999,1113.400667
2023-03-18 00:00:00,1877.068667,1921.6160000000002,1209.094001,2096.596498,534.7750000000001,1014.9689989999999
2023-03-18 01:00:00,1733.0230000000001,1794.9630000000002,1121.6860000000001,1891.0765350000001,489.238,892.3
2023-03-18 02:00:00,1574.256666,1647.705,1027.6039999999998,1720.853565,446.87699999999995,859.8986659999999
2023-03-18 03:00:00,1510.6580009999998,1526.7939999999999,957.3189990000001,1620.406234,436.60300000000007,809.4709990000001
2023-03-18 04:00:00,1478.902666,1536.763,954.517999,1626.2239980000002,418.952,819.452
2023-03-18 05:00:00,1522.5313339999998,1567.95,990.530667,1691.480666,407.05,825.749
2023-03-18 06:00:00,1585.8555000000001,1698.104333,1098.144667,1758.4674990000003,461.89300000000003,906.3593330000001
2023-03-18 07:00:00,1763.7820000000002,1924.299,1268.924,1938.01,530.78,1021.7379999999999
2023-03-18 08:00:00,1978.761333,2205.799,1449.310668,2193.784001,640.874,1187.596
2023-03-18 09:00:00,2284.796667,2444.585,1615.888,2487.656503,704.5219999999999,1227.033
2023-03-18 10:00:00,2424.080667,2577.5550000000003,1646.9246660000001,2569.2516699999996,767.673,1274.989
2023-03-18 11:00:00,2532.195333,2493.8899999999994,1695.7873330000002,2650.9045020000003,732.6,1278.059
2023-03-18 12:00:00,2408.673667,2379.131,1622.316167,2575.954,685.406,1240.3503329999999
2023-03-18 13:00:00,2317.3379999999997,2346.348,1652.010002,2521.2198310000003,656.1590000000001,1228.9256670000002
2023-03-18 14:00:00,2239.4743329999997,2181.4579999999996,1514.721666,2357.118001,619.075,1133.7526669999997
2023-03-18 15:00:00,2106.112666,2085.572,1419.426001,2268.264835,583.1379999999999,1008.802334
2023-03-18 16:00:00,2034.377,2089.643,1345.630999,2211.395162,560.131,1002.724
2023-03-18 17:00:00,1995.4593329999998,2151.866,1399.761665,2150.336335,545.889,1028.884
2023-03-18 18:00:00,2036.3519999999999,2202.4880000000003,1415.358,2288.8653320000003,564.743,1065.3173339999998
2023-03-18 19:00:00,2071.724166,2283.7780000000002,1486.995335,2391.8675000000003,631.326,1083.312667
2023-03-18 20:00:00,2313.343832,2473.467,1504.785333,2440.3018309999998,664.9,1097.748667
2023-03-18 21:00:00,2227.578,2421.852,1542.512335,2475.4843309999997,631.8810000000001,1138.379667
2023-03-18 22:00:00,2038.504,2279.5730000000003,1431.442666,2290.032666,610.3530000000001,1105.8270000000002
2023-03-18 23:00:00,1874.344,2047.4969999999998,1295.059001,2065.625834,565.0899999999999,1023.3506669999999
2023-03-19 00:00:00,1726.4579999999999,1829.161,1143.531667,1815.316336,493.905,894.5566670000001
2023-03-19 01:00:00,1489.2226660000001,1667.7820000000002,1020.671333,1653.437167,408.254,800.858
2023-03-19 02:00:00,1374.580667,1489.523,927.784834,1542.9127090000002,386.752,730.7636669999999
2023-03-19 03:00:00,1305.945,1404.277,886.49,1449.1744170000002,351.92,728.3603330000001
2023-03-19 04:00:00,1288.306833,1412.7040000000002,859.2493330000001,1414.8273789999998,358.868,703.8026669999999
2023-03-19 05:00:00,1282.778166,1459.2549999999999,896.559667,1443.471003,384.411,716.172
2023-03-19 06:00:00,1331.084667,1548.73,945.665333,1504.295834,383.37199999999996,775.887
2023-03-19 07:00:00,1453.548,1756.1979999999999,1069.279334,1632.304162,448.084,853.525333
2023-03-19 08:00:00,1655.277666,2098.063,1322.545,1939.2261680000001,551.983,955.245666
2023-03-19 09:00:00,1996.046,2397.732,1521.404,2178.9743329999997,682.9830000000001,1136.5173340000001
2023-03-19 10:00:00,2252.970666,2575.9039999999995,1631.132333,2355.2373359999997,671.883,1204.138666
2023-03-19 11:00:00,2439.758001,2507.182,1656.801668,2655.322502,696.639,1247.7526670000002
2023-03-19 12:00:00,2434.396833,2491.17,1668.4066670000002,2732.8334999999997,664.2620000000001,1328.713667
2023-03-19 13:00:00,2464.110333,2686.099,1743.262667,2721.3925010000003,721.8009999999999,1342.861666
2023-03-19 14:00:00,2367.664167,2628.967,1687.135667,2602.392167,739.5339999999999,1269.438
2023-03-19 15:00:00,2453.152333,2524.1639999999998,1699.784,2612.363334,689.116,1311.4856670000001
2023-03-19 16:00:00,2504.7385000000004,2578.8149999999996,1730.494666,2630.559334,718.2049999999999,1333.0046670000002
2023-03-19 17:00:00,2564.323,2694.425,1832.1779999999999,2769.9191650000002,739.93,1419.5069990000002
2023-03-19 18:00:00,2607.050668,2817.988,1842.4713339999998,2877.5716700000003,772.9939999999999,1464.606
2023-03-19 19:00:00,2625.67,2945.593,1873.401665,3047.20383,821.217,1505.733
2023-03-19 20:00:00,2732.443334,2949.8500000000004,1909.068667,3077.624167,849.585,1491.760667
2023-03-19 21:00:00,2707.273834,2882.733,1876.591,3024.085003,810.892,1409.847333
2023-03-19 22:00:00,2548.6549999999997,2599.9483330000003,1648.860666,2797.725833,707.3870000000001,1378.488333
2023-03-19 23:00:00,2171.21,2276.648333,1442.125,2441.547831,655.5899999999999,1219.389666
2023-03-20 00:00:00,1883.895,1968.273,1222.555002,2122.49367,546.161,1056.083666
2023-03-20 01:00:00,1716.9070000000002,1688.118666,1085.505,1832.889665,485.494,969.6988329999999
2023-03-20 02:00:00,1523.674,1546.393,988.675499,1676.7323379999998,435.81,891.5559989999999
2023-03-20 03:00:00,1424.332,1494.3470000000002,954.803667,1585.6689979999999,413.63599999999997,822.322166
2023-03-20 04:00:00,1431.951001,1535.393,951.0515009999999,1562.902499,411.312,804.9678329999999
2023-03-20 05:00:00,1520.485667,1640.268,1003.071167,1686.537997,428.53499999999997,824.008667
2023-03-20 06:00:00,1635.3593340000002,1824.127,1156.387167,1844.8608339999998,476.884,924.772834
2023-03-20 07:00:00,1937.930001,2135.416,1376.003166,2139.816667,573.75,1083.515166
2023-03-20 08:00:00,2079.5739999999996,2353.049,1570.945499,2343.424999,684.0730000000001,1167.066333
2023-03-20 09:00:00,2172.501333,2360.254,1573.238499,2409.626499,675.7120000000001,1150.4675
2023-03-20 10:00:00,2216.8419999999996,2308.241,1548.9838340000001,2333.225999,661.892,1173.3315000000002
2023-03-20 11:00:00,2227.102667,2259.628,1478.7214989999998,2353.844501,660.936,1183.8395
2023-03-20 12:00:00,2290.2500000000005,2253.825,1533.742,2392.1225000000004,649.8570000000001,1198.078
2023-03-20 13:00:00,2233.7045,2269.197,1529.5173330000002,2357.291333,643.065,1182.6405
2023-03-20 14:00:00,2142.104,2196.053,1492.543667,2367.317999,632.2539999999999,1176.2861670000002
2023-03-20 15:00:00,2234.7120000000004,2277.268,1429.7008320000002,2433.5355,626.197,1185.7143339999998
2023-03-20 16:00:00,2352.371,2261.1440000000002,1490.328834,2590.0698350000002,635.5630000000001,1279.706166
2023-03-20 17:00:00,2590.796,2476.737,1656.950166,2797.9225,700.529,1366.081
2023-03-20 18:00:00,2817.670333,2721.231667,1779.087666,3038.893336,779.516,1497.527
2023-03-20 19:00:00,2920.0726659999996,2848.265667,1848.945999,3117.660167,843.713,1499.782
2023-03-20 20:00:00,2957.6949999999997,2895.9300000000003,1944.635,3112.3288350000003,870.4090000000001,1538.7875
2023-03-20 21:00:00,2910.9629999999997,2878.791667,1848.382501,3062.547835,833.769,1548.5695
2023-03-20 22:00:00,2703.389333,2700.252,1750.041166,2888.716164,752.4390000000001,1485.4005000000002
2023-03-20 23:00:00,2322.884167,2326.710999,1467.1049990000001,2545.5200029999996,669.925,1283.210501
2023-03-21 00:00:00,1965.799334,2020.195666,1231.945166,2231.095002,579.95,1122.018333
2023-03-21 01:00:00,1746.1743339999998,1783.591,1088.3946689999998,2029.2409969999999,508.0079999999999,1016.252
2023-03-21 02:00:00,1652.397667,1639.854333,1040.296332,1862.899672,449.30400000000003,955.104001
2023-03-21 03:00:00,1560.177833,1570.868,995.2316680000001,1764.960669,458.63800000000003,905.096001
2023-03-21 04:00:00,1556.737665,1620.961667,995.3163340000001,1759.1440010000001,460.937,894.944
2023-03-21 05:00:00,1589.6053339999999,1718.7526670000002,1061.585001,1849.404166,465.06399999999996,972.5633330000001
2023-03-21 06:00:00,1798.7223330000002,1947.3663339999998,1254.630664,2074.6215,524.188,1039.417668
2023-03-21 07:00:00,2075.483,2276.4173330000003,1479.2810000000002,2431.5684969999998,615.198,1199.236
2023-03-21 08:00:00,2195.443667,2506.742333,1615.8153320000001,2574.307832,711.7539999999999,1305.550667
2023-03-21 09:00:00,2235.2389999999996,2442.353999,1675.7943340000002,2606.010335,728.3430000000001,1275.01
2023-03-21 10:00:00,2280.251167,2390.351666,1618.593666,2645.974334,686.9100000000001,1292.911666
2023-03-21 11:00:00,2302.425167,2344.975,1573.741667,2502.245336,697.472,1301.500667
2023-03-21 12:00:00,2207.8100000000004,2196.7880000000005,1461.846333,2382.005833,614.402,1206.2779999999998
2023-03-21 13:00:00,2128.280333,2064.569,1388.239667,2245.687335,564.058,1156.2886669999998
2023-03-21 14:00:00,1990.706333,1899.734,1299.997668,2130.9015,548.7339999999999,1080.363999
2023-03-21 15:00:00,1927.191,1826.411,1233.797,2109.903339,495.004,965.556334
2023-03-21 16:00:00,1954.045,1843.466,1205.9283329999998,2099.697833,520.812,1017.651666
2023-03-21 17:00:00,2099.682,2042.663,1334.817332,2217.753667,534.5120000000001,1031.8633340000001
2023-03-21 18:00:00,2195.129334,2239.656,1449.262002,2348.6916659999997,636.796,1099.499667
2023-03-21 19:00:00,2336.917667,2399.1710000000003,1593.8229999999999,2581.431333,702.4200000000001,1188.2243330000001
2023-03-21 20:00:00,2508.0919999999996,2582.196,1644.664999,2779.624166,773.081333,1263.5936669999999
2023-03-21 21:00:00,2583.940666,2573.849,1627.437001,2820.704001,750.342333,1401.108999
2023-03-21 22:00:00,2401.099333,2380.7129999999997,1590.207668,2574.364833,730.246,1299.102666
2023-03-21 23:00:00,2141.2803329999997,2131.0150000000003,1403.625168,2298.134665,616.953,1143.031001
2023-03-22 00:00:00,1935.803668,1837.4899999999998,1220.378666,2000.999034,518.011,1007.72
2023-03-22 01:00:00,1650.265333,1671.112,1052.569332,1817.640637,464.836,895.539667
2023-03-22 02:00:00,1540.1743330000002,1564.4740000000002,1022.0969999999999,1688.832834,444.477,858.4756669999999
2023-03-22 03:00:00,1480.1933320000003,1553.0659999999998,982.644,1651.278,431.532,842.4556670000001
2023-03-22 04:00:00,1524.6734999999999,1580.115,1008.8680009999999,1679.497004,441.671,858.005001
2023-03-22 05:00:00,1616.9969999999998,1705.988,1070.528666,1793.084101,469.08299999999997,950.929333
2023-03-22 06:00:00,1839.670999,1926.1670000000001,1248.0146650000002,2023.451933,526.154,1028.8583330000001
2023-03-22 07:00:00,2072.6684990000003,2292.817,1481.3190000000002,2335.754968,631.287,1184.684999
2023-03-22 08:00:00,2191.9476670000004,2506.819,1615.535001,2531.313832,730.156,1246.480333
2023-03-22 09:00:00,2215.5106669999996,2435.72,1630.8753319999998,2470.258166,705.086,1266.3073329999997
2023-03-22 10:00:00,2256.614,2249.053,1542.4480010000002,2451.903665,643.5329999999999,1204.1950000000002
2023-03-22 11:00:00,2257.7850000000003,2188.8990000000003,1472.2676689999998,2375.704332,618.855,1136.7939999999999
2023-03-22 12:00:00,2147.2935,2122.212,1360.0063330000003,2316.505832,579.3299999999999,1131.229667
2023-03-22 13:00:00,2062.443,1986.904667,1331.606001,2242.966672,521.626,1070.333333
2023-03-22 14:00:00,1944.8619999999999,1873.17,1279.046333,2162.9263309999997,493.76300000000003,942.375333
2023-03-22 15:00:00,1891.151,1817.2890000000002,1210.2870010000001,2102.029,463.113,949.987333
2023-03-22 16:00:00,1925.04,1837.208,1224.6236669999998,2068.916166,475.84400000000005,1004.6993340000001
2023-03-22 17:00:00,2013.222,1984.878,1312.675667,2236.2304990000002,559.034,1108.539334
2023-03-22 18:00:00,2237.038,2255.809,1458.1446660000001,2392.874665,643.408,1149.130333
2023-03-22 19:00:00,2397.817,2375.365,1559.882667,2573.306998,697.499,1220.558333
2023-03-22 20:00:00,2570.5675,2573.842,1643.762,2796.805832,726.885,1281.8429999999998
2023-03-22 21:00:00,2635.277,2606.818,1618.9679999999998,2695.570166,687.512,1282.6850009999998
2023-03-22 22:00:00,2401.5640000000003,2378.648,1552.740334,2472.218497,656.404,1232.204333
2023-03-22 23:00:00,2073.1800000000003,2078.452,1345.0586670000002,2198.5461640000003,574.955,1103.0996679999998
2023-03-23 00:00:00,1800.835,1752.574,1116.933333,1974.349,517.546,908.363
2023-03-23 01:00:00,1542.666001,1592.9579999999999,1037.1599999999999,1735.347832,433.32500000000005,848.262334
2023-03-23 02:00:00,1402.587666,1479.933,972.021334,1634.426332,409.986,790.877
2023-03-23 03:00:00,1394.1283329999999,1441.609,945.7143330000001,1576.683165,403.402,731.4106670000001
2023-03-23 04:00:00,1408.128667,1489.4660000000001,953.29,1538.5813329999999,425.081,776.8493330000001
2023-03-23 05:00:00,1490.114,1561.8159999999998,997.088332,1674.629333,424.42999999999995,854.963666
2023-03-23 06:00:00,1655.3960000000002,1806.6109999999999,1151.758666,1856.873333,476.041,935.5590010000001
2023-03-23 07:00:00,1870.123,2139.8410000000003,1337.163333,2131.499331,566.8340000000001,1083.058666
2023-03-23 08:00:00,1994.1750000000002,2334.202,1492.351666,2277.175999,688.643,1182.059667
2023-03-23 09:00:00,2126.065667,2363.315,1529.261333,2380.705669,655.188,1130.021334
2023-03-23 10:00:00,2241.2866670000003,2387.375,1588.5379990000001,2427.939334,663.46,1151.702999
2023-03-23 11:00:00,2328.925,2348.861,1600.806667,2403.575836,646.8340000000001,1231.096334
2023-03-23 12:00:00,2448.6220000000003,2313.102,1579.835666,2551.2358369999997,642.069,1290.2416660000001
2023-03-23 13:00:00,2473.989,2388.0606669999997,1657.422,2622.944668,658.881,1230.388
2023-03-23 14:00:00,2457.712,2318.723667,1545.2413339999998,2626.997666,697.3340000000001,1275.121666
2023-03-23 15:00:00,2479.429,2355.2256669999997,1508.846334,2629.233667,674.0219999999999,1311.964001
2023-03-23 16:00:00,2536.303666,2454.1009999999997,1633.9596660000002,2711.4308309999997,694.201,1392.8400000000001
2023-03-23 17:00:00,2657.884332,2549.4040000000005,1704.797666,2892.1169969999996,725.625,1472.581
2023-03-23 18:00:00,2847.910999,2759.6940000000004,1827.0563339999999,3095.6846670000004,819.8530000000001,1582.088001
2023-03-23 19:00:00,3141.9300009999997,2899.147,1943.342667,3375.903002,886.988,1654.861667
2023-03-23 20:00:00,3119.1698340000003,3019.499,1971.905666,3411.698999,910.2429999999999,1708.9779999999998
2023-03-23 21:00:00,3031.013334,2942.602,1967.199668,3273.830836,915.6990000000001,1669.469333
2023-03-23 22:00:00,2829.8293329999997,2712.343,1791.811667,3049.8196660000003,823.8240000000001,1544.249667
2023-03-23 23:00:00,2505.203833,2414.3363339999996,1547.8546660000002,2787.532668,728.4000000000001,1415.673334
2023-03-24 00:00:00,2228.5334999999995,2120.1716669999996,1348.9813330000002,2437.394163,635.508,1240.012666
2023-03-24 01:00:00,1997.377333,1911.0256669999999,1206.7585,2158.531999,558.969,1126.460333
2023-03-24 02:00:00,1903.704667,1839.422333,1168.9245,2055.8035,523.691,1094.8146649999999
2023-03-24 03:00:00,1881.35,1788.549667,1133.432667,2011.634333,519.719,1056.5406659999999
2023-03-24 04:00:00,1890.13,1805.3576670000002,1133.33,2020.0953330000002,526.208,1076.559334
2023-03-24 05:00:00,1911.828332,1868.8693329999999,1192.441,2107.2549989999998,565.326,1088.7160010000002
2023-03-24 06:00:00,2157.237833,2085.487,1377.8625,2301.95116,616.749,1200.219
2023-03-24 07:00:00,2302.586667,2412.0950000000003,1586.709,2577.823169,717.479,1362.086
2023-03-24 08:00:00,2436.676334,2682.462,1764.6895,2766.1306680000002,810.6850000000001,1461.850999
2023-03-24 09:00:00,2547.965834,2677.9480000000003,1903.126667,2928.0465000000004,811.269,1496.911666
2023-03-24 10:00:00,2748.788333,2761.467,1909.1895,3029.928666,846.385,1548.9539989999998
2023-03-24 11:00:00,2879.114,2776.758,1911.5515,3094.940833,842.144,1601.227
2023-03-24 12:00:00,2962.4269999999997,2668.837,1867.03,3206.165501,787.692,1553.0273339999999
2023-03-24 13:00:00,2947.029,2681.114,1828.9724999999999,3094.034335,796.502,1559.435
2023-03-24 14:00:00,2729.7349999999997,2507.578,1664.602,2898.8388330000002,736.299,1464.326667
2023-03-24 15:00:00,2706.5939999999996,2389.7,1609.0513329999999,2782.315998,731.226,1456.000333
2023-03-24 16:00:00,2688.1169999999997,2394.907333,1590.822166,2814.143665,725.057,1467.653668
2023-03-24 17:00:00,2831.592,2577.081333,1713.248001,2994.860834,803.1179999999999,1520.793667
2023-03-24 18:00:00,2963.278,2818.483334,1820.184667,3223.9443349999997,858.109,1599.594333
2023-03-24 19:00:00,3103.8443340000003,2817.396667,1922.117667,3231.6381659999997,872.0319999999999,1624.8433330000003
2023-03-24 20:00:00,3124.861499,2864.032334,1917.3353319999999,3244.6408300000003,896.736,1626.102001
2023-03-24 21:00:00,3103.204333,2869.754666,1896.7749999999999,3199.7984989999995,850.936,1617.4959999999999
2023-03-24 22:00:00,2935.5053339999995,2770.907,1768.788835,3103.064999,818.162,1556.298333
2023-03-24 23:00:00,2762.998334,2523.942,1584.0945,2931.9359609999997,792.7049999999999,1464.608666
2023-03-25 00:00:00,2490.220333,2243.187,1431.141667,2660.699086,697.836,1300.903002
2023-03-25 01:00:00,2175.513,2030.3690000000001,1272.651335,2423.423915,630.4080000000001,1178.42
2023-03-25 02:00:00,2071.867667,1920.7820000000002,1189.148666,2218.780251,575.376,1115.519333
2023-03-25 03:00:00,1994.301667,1848.604,1160.281833,2133.588459,550.651,1086.744334
2023-03-25 04:00:00,1945.590001,1845.955,1160.941499,2105.133833,560.4449999999999,1107.955
2023-03-25 05:00:00,1975.633667,1868.663,1198.132833,2124.3171650000004,579.476,1146.7563340000002
2023-03-25 06:00:00,2079.190333,1941.343667,1308.565333,2211.670663,592.332,1150.511334
2023-03-25 07:00:00,2155.8056659999997,2143.191333,1494.533167,2353.595668,632.7710000000001,1240.364333
2023-03-25 08:00:00,2406.6153329999997,2426.864,1711.552166,2660.584333,720.3140000000001,1372.615
2023-03-25 09:00:00,2799.966667,2676.836333,1853.1415,3027.311666,852.765,1538.3946660000001
2023-03-25 10:00:00,2945.451333,2818.182999,1967.9785000000002,3140.136835,891.204,1658.6963340000002
2023-03-25 11:00:00,3063.3819999999996,2880.397,2018.335333,3232.217503,880.826,1642.739333
2023-03-25 12:00:00,3115.9536669999998,2793.784333,1979.2399999999998,3175.2980009999997,873.942,1658.859668
2023-03-25 13:00:00,3020.4443330000004,2766.873667,1899.4845,3114.338997,853.162,1558.019334
2023-03-25 14:00:00,2900.607,2673.8356670000003,1815.7595,2964.423667,838.626,1436.891665
2023-03-25 15:00:00,2857.135,2519.463333,1712.6754999999998,2907.205,794.562,1395.352667
2023-03-25 16:00:00,2786.157,2431.122333,1638.3065,2856.283499,745.705,1396.2566649999999
2023-03-25 17:00:00,2647.6270000000004,2442.385333,1654.4865,2906.8438340000002,735.9590000000001,1329.856334
2023-03-25 18:00:00,2683.352,2464.3779999999997,1650.5736659999998,2943.650002,748.774,1359.694666
2023-03-25 19:00:00,2798.035,2602.777,1742.446167,3093.449833,786.6229999999999,1434.5896659999999
2023-03-25 20:00:00,2924.96,2711.346,1793.313333,3201.032497,834.6479999999999,1465.7056670000002
2023-03-25 21:00:00,2924.25,2772.658,1816.4401670000002,3204.6,851.1700000000001,1449.4736669999998
2023-03-25 22:00:00,2778.323,2621.3500000000004,1737.1744990000002,2968.917835,788.186,1434.114333
2023-03-25 23:00:00,2541.9825,2364.466,1525.2543329999999,2755.413,708.895,1360.9593340000001
2023-03-26 00:00:00,2287.8485,2111.685,1374.146834,2506.294501,653.039,1237.6763329999999
2023-03-26 01:00:00,2181.94,1894.782,1227.7511650000001,2254.085834,600.3009999999999,1152.954335
2023-03-26 02:00:00,1996.8600000000001,1766.533,1138.701667,2133.894041,567.283,1132.8323329999998
2023-03-26 03:00:00,1906.8665,1690.949,1100.385667,2037.309913,531.039,1061.327
2023-03-26 04:00:00,1902.0004999999999,1699.174,1119.555667,2033.239542,520.637,1071.760667
2023-03-26 05:00:00,1910.6975,1745.732,1145.1088330000002,2026.9745,521.691,1055.840333
2023-03-26 06:00:00,1912.3063339999999,1820.837,1229.5463340000001,2125.273111,549.047,1097.571
2023-03-26 07:00:00,2104.503666,2016.303,1400.4921649999999,2250.42755,593.229,1137.7496660000002
2023-03-26 08:00:00,2336.704167,2335.959,1614.6386670000002,2497.496658,708.342,1290.712333
2023-03-26 09:00:00,2593.166333,2621.876,1786.079334,2852.706333,826.804,1429.419334
2023-03-26 10:00:00,2775.781,2780.1490000000003,1875.147001,3163.697001,884.479,1557.116
2023-03-26 11:00:00,2914.0429999999997,2730.002,1891.551,3152.7776670000003,847.095,1594.789667
2023-03-26 12:00:00,3040.546,2608.871,1839.823167,3069.061332,824.365,1567.2343340000002
2023-03-26 13:00:00,2912.7599999999998,2676.645,1795.084833,3037.468833,789.1419999999999,1515.1231670000002
2023-03-26 14:00:00,2739.454,2585.1879999999996,1727.924,2971.307,761.9010000000001,1445.167833
2023-03-26 15:00:00,2620.4555,2554.447,1688.7345,2828.421665,738.079,1325.169166
2023-03-26 16:00:00,2635.422,2590.028333,1792.9783340000001,2958.3285020000003,785.205,1413.0901669999998
2023-03-26 17:00:00,2786.904,2674.38,1848.3838329999999,3106.238165,793.33,1471.4643330000001
2023-03-26 18:00:00,2960.983,2782.5950000000003,1923.6095,3157.862502,819.05,1509.9621660000003
2023-03-26 19:00:00,3018.550999,2987.563,1930.074834,3247.8386689999998,886.2130000000001,1568.949001
2023-03-26 20:00:00,3022.14,3077.910333,1941.0969989999999,3262.514832,955.186,1648.684501
2023-03-26 21:00:00,3059.7783339999996,2923.589333,1953.929166,3283.203669,905.443,1659.7855009999998
2023-03-26 22:00:00,2886.819333,2695.2430000000004,1783.2775000000001,3048.7564999999995,813.5340000000001,1622.168333
2023-03-26 23:00:00,2523.7206669999996,2418.611333,1551.971333,2751.692999,717.361,1398.2683339999999
2023-03-27 00:00:00,2260.766334,2126.450667,1366.5751659999999,2516.640332,648.0509999999999,1230.618667
2023-03-27 01:00:00,2079.733333,1954.5860000000002,1206.172,2286.623164,608.858,1150.630667
2023-03-27 02:00:00,1977.095667,1863.0120000000002,1157.219001,2163.3896699999996,568.7863339999999,1110.902666
2023-03-27 03:00:00,1904.415,1812.435,1171.313334,2151.7650009999998,547.935334,1121.298999
2023-03-27 04:00:00,1960.1689999999999,1811.91,1197.645333,2144.3959999999997,553.936333,1117.434333
2023-03-27 05:00:00,1999.1689999999999,1949.196,1260.5459990000002,2271.5068279999996,605.4559999999999,1176.249
2023-03-27 06:00:00,2164.795,2111.826,1415.5773330000002,2465.5406649999995,614.7249999999999,1247.5393339999998
2023-03-27 07:00:00,2339.319167,2367.474,1588.362666,2685.393835,699.049,1354.606333
2023-03-27 08:00:00,2521.383666,2565.788,1763.74,2841.41617,786.723,1450.2033339999998
2023-03-27 09:00:00,2610.203,2716.5919999999996,1832.938,2919.615166,825.196,1510.9569999999999
2023-03-27 10:00:00,2647.774,2649.661,1879.728,2997.530667,784.727,1407.97
2023-03-27 11:00:00,2716.745,2528.284,1792.616,2923.8130010000004,770.7760000000001,1427.7740000000001
2023-03-27 12:00:00,2750.946,2441.4339999999997,1720.201667,2801.162166,712.3699999999999,1399.94
2023-03-27 13:00:00,2636.719,2400.1716669999996,1582.873,2762.744502,696.344,1361.255
2023-03-27 14:00:00,2424.3685,2280.037,1509.1750000000002,2679.139333,663.456,1305.9769999999999
2023-03-27 15:00:00,2453.785,2246.44,1523.955,2600.456001,637.6120000000001,1310.904333
2023-03-27 16:00:00,2533.658,2302.139,1518.426,2694.6833349999997,684.754,1363.406667
2023-03-27 17:00:00,2650.444,2485.132,1677.558,2874.4488330000004,691.201,1412.1840000000002
2023-03-27 18:00:00,2771.612,2730.704,1760.957,2981.131999,767.646,1446.420333
2023-03-27 19:00:00,2974.4925,2872.08,1897.5790000000002,3156.040167,864.909,1590.525001
2023-03-27 20:00:00,2951.513,2860.033,1908.7599999999998,3190.7619999999997,842.019,1571.241333
2023-03-27 21:00:00,2967.4269999999997,2755.748,1802.181,3137.525166,831.277,1541.6083320000002
2023-03-27 22:00:00,2729.124,2543.968,1673.352667,2909.7738339999996,773.383,1417.275999
2023-03-27 23:00:00,2410.857167,2260.9310000000005,1458.655667,2561.665835,693.691,1274.4089999999999
2023-03-28 00:00:00,2053.4909989999996,1980.2929999999997,1261.310333,2294.8885010000004,601.491,1136.014667
2023-03-28 01:00:00,1842.7216669999998,1797.406,1116.445334,2065.20183,531.488,1044.7704999999999
2023-03-28 02:00:00,1717.2073329999998,1683.074,1025.8506670000002,1888.880169,513.192,947.593833
2023-03-28 03:00:00,1676.8899999999999,1635.655,998.126,1822.147166,484.36400000000003,942.431
2023-03-28 04:00:00,1657.970333,1618.946,1010.1974999999999,1851.142832,475.34700000000004,936.9105
2023-03-28 05:00:00,1746.412667,1694.01,1085.3470000000002,1957.081999,502.55300000000005,956.720667
2023-03-28 06:00:00,1868.253833,1883.317,1227.9585000000002,2092.9493310000003,555.904,1064.4405000000002
2023-03-28 07:00:00,2027.322,2147.6310000000003,1443.8580000000002,2324.407166,623.83,1146.9355
2023-03-28 08:00:00,2181.8766669999995,2372.759,1574.759834,2503.673498,704.1379999999999,1191.7555000000002
2023-03-28 09:00:00,2322.6256670000002,2491.166,1715.1084999999998,2669.671832,714.2259999999999,1331.498501
2023-03-28 10:00:00,2493.5225,2572.643,1790.871,2711.2103340000003,731.5129999999999,1392.6660000000002
2023-03-28 11:00:00,2727.1503340000004,2636.437,1806.063333,2807.837001,764.529,1411.459834
2023-03-28 12:00:00,2780.333333,2666.634,1727.5803329999999,2877.637166,789.2180000000001,1510.0945000000002
2023-03-28 13:00:00,2741.630333,2621.788,1783.2186669999999,2856.780666,774.857,1498.517333
2023-03-28 14:00:00,2636.4895009999996,2516.964,1695.601666,2851.077832,752.862,1482.543166
2023-03-28 15:00:00,2598.405667,2407.063,1661.081001,2816.9130020000002,697.8009999999999,1466.2286669999999
2023-03-28 16:00:00,2740.063,2435.1989999999996,1652.270333,2785.921832,717.318,1560.1645
2023-03-28 17:00:00,2923.902,2618.124,1806.3576659999999,2958.823168,783.605,1592.775666
2023-03-28 18:00:00,3100.834,2857.728,1929.052335,3344.7924970000004,845.002,1726.985833
2023-03-28 19:00:00,3225.4579999999996,3024.9790000000003,1986.137666,3488.931834,900.6390000000001,1765.951333
2023-03-28 20:00:00,3229.752333,2949.299,1966.848333,3469.0049989999998,947.687,1713.0513329999999
2023-03-28 21:00:00,3138.316,2953.78,1924.608334,3360.006334,911.7909999999999,1644.2528320000001
2023-03-28 22:00:00,2878.823667,2698.553,1705.344002,3123.692333,800.5179999999999,1591.6570000000002
2023-03-28 23:00:00,2635.63,2423.062,1565.5958340000002,2790.962167,720.946,1419.508167
2023-03-29 00:00:00,2335.735667,2135.482,1366.072166,2535.5420000000004,655.943,1270.3343329999998
2023-03-29 01:00:00,2055.488999,1903.9969999999998,1247.0708330000002,2236.141497,585.263,1188.2975
2023-03-29 02:00:00,1935.160667,1839.563,1184.555333,2132.869664,541.704,1135.498333
2023-03-29 03:00:00,1887.998,1797.112,1165.708,2086.414836,538.634,1090.762001
2023-03-29 04:00:00,1878.4470000000001,1772.177,1125.505667,2109.722666,540.213,1097.191834
2023-03-29 05:00:00,1933.5569999999998,1870.437,1223.9653329999999,2141.09354,571.238,1115.458999
2023-03-29 06:00:00,2090.198,1983.067,1350.4740000000002,2323.8740610000004,614.745,1201.942834
2023-03-29 07:00:00,2324.8729999999996,2188.6320000000005,1528.124667,2521.101097,679.816,1297.0536660000002
2023-03-29 08:00:00,2462.391667,2432.551,1664.9103340000001,2683.730124,770.6569999999999,1416.006168
2023-03-29 09:00:00,2559.858667,2574.01,1762.243166,2785.7998310000003,788.499,1426.4773340000002
2023-03-29 10:00:00,2603.274,2562.998,1727.291166,2796.4034970000002,754.192,1416.309334
2023-03-29 11:00:00,2591.884,2518.037,1698.7786680000002,2724.600168,737.7950000000001,1413.931
2023-03-29 12:00:00,2527.859668,2388.683,1652.920666,2684.0325,715.3870000000001,1417.235999
2023-03-29 13:00:00,2496.1456670000002,2264.73,1522.6795000000002,2597.0533349999996,685.792,1309.240167
2023-03-29 14:00:00,2327.512667,2127.268,1434.710834,2482.541832,642.6859999999999,1201.619333
2023-03-29 15:00:00,2195.0240000000003,2011.1419999999998,1370.0908329999997,2371.838333,605.9159999999999,1150.805667
2023-03-29 16:00:00,2170.0420000000004,2000.907,1343.730333,2338.587332,582.7429999999999,1139.792167
2023-03-29 17:00:00,2183.1526670000003,2097.2200000000003,1391.6115,2351.706999,580.914,1169.8809999999999
2023-03-29 18:00:00,2335.267334,2203.42,1481.8674999999998,2465.735834,637.101,1227.7851660000001
2023-03-29 19:00:00,2481.674,2327.5879999999997,1565.23,2654.404,677.6009999999999,1272.387667
2023-03-29 20:00:00,2657.5825,2468.642,1598.1253339999998,2810.283168,715.8580000000001,1288.3201669999999
2023-03-29 21:00:00,2637.789167,2503.8769999999995,1629.068001,2932.476665,726.4169999999999,1396.969999
2023-03-29 22:00:00,2494.419667,2348.474,1530.976667,2785.70733,693.446,1314.453333
2023-03-29 23:00:00,2274.990334,2116.0020000000004,1392.804999,2443.546667,622.8639999999999,1220.611834
2023-03-30 00:00:00,2067.168,1827.209,1213.846333,2116.0206630000002,557.5640000000001,1049.296
2023-03-30 01:00:00,1810.806,1662.395,1056.427499,1870.350998,480.7289999999999,921.2848329999999
2023-03-30 02:00:00,1657.536999,1520.941,1000.4129999999999,1729.761668,438.956,872.9651670000001
2023-03-30 03:00:00,1550.688,1486.1170000000002,933.639334,1675.662832,409.178,863.712
2023-03-30 04:00:00,1558.846334,1509.393,950.4,1677.281999,427.145,865.515834
2023-03-30 05:00:00,1640.859,1585.8359999999998,1007.3564999999999,1777.794165,449.2180000000001,909.3041669999999
2023-03-30 06:00:00,1796.8629999999998,1710.258,1161.5275000000001,1958.239335,491.2579999999999,972.9495
2023-03-30 07:00:00,1947.640333,1982.159,1321.846,2141.648166,568.8679999999999,1102.557
2023-03-30 08:00:00,2021.448333,2235.176,1506.6303329999998,2309.421168,630.025,1112.761667
2023-03-30 09:00:00,2153.89,2272.5969999999998,1603.3169990000001,2373.703667,694.2750000000001,1158.4915
2023-03-30 10:00:00,2309.346,2308.6169999999997,1555.0136670000002,2501.0063330000003,706.2760000000001,1224.744
2023-03-30 11:00:00,2409.58,2316.312,1587.1419999999998,2519.7698309999996,672.739,1250.0845
2023-03-30 12:00:00,2399.191001,2287.411,1582.951,2503.938834,658.8120000000001,1272.541
2023-03-30 13:00:00,2450.489667,2199.323,1516.576,2427.006336,652.163,1202.4035
2023-03-30 14:00:00,2245.941334,2124.488,1457.0904999999998,2344.556331,618.855,1222.5769999999998
2023-03-30 15:00:00,2265.911333,2044.863,1407.1454999999999,2290.604999,582.1690000000001,1159.73
2023-03-30 16:00:00,2327.321,2069.831,1433.1934999999999,2382.781,579.9639999999999,1200.1321659999999
2023-03-30 17:00:00,2470.459667,2307.1530000000002,1502.0465,2626.263,642.2450000000001,1252.5696659999999
2023-03-30 18:00:00,2664.521667,2550.768,1682.1970000000001,2882.353001,726.637,1384.6736680000001
2023-03-30 19:00:00,2723.15,2596.16,1723.2245,2926.031503,776.9749999999999,1418.0825
2023-03-30 20:00:00,2822.103,2604.607,1771.6185,3002.9693319999997,821.324,1490.266333
2023-03-30 21:00:00,2711.776,2629.358,1753.175,3013.359002,819.6120000000001,1414.896333
2023-03-30 22:00:00,2527.536,2500.243,1651.025,2755.888999,748.373,1347.7965
2023-03-30 23:00:00,2289.159,2224.9449999999997,1463.391,2451.517167,659.224,1177.1506669999999
2023-03-31 00:00:00,2035.6109999999999,1936.824,1248.8055000000002,2203.155833,576.393,1081.246
2023-03-31 01:00:00,1800.654333,1783.442,1125.9789999999998,2023.609001,522.659,984.8345
2023-03-31 02:00:00,1699.8056669999999,1672.001667,1039.807,1887.8766679999999,494.671,930.0219999999999
2023-03-31 03:00:00,1603.094333,1579.811667,1013.698,1830.6185000000003,479.793,896.963499
2023-03-31 04:00:00,1578.596,1559.42,1006.021,1824.319162,451.457,916.2611669999999
2023-03-31 05:00:00,1659.917,1665.562,1048.635,1911.880169,478.13800000000003,940.3253319999999
2023-03-31 06:00:00,1814.185,1834.2839999999999,1189.347,2106.3923320000004,513.213,987.669667
2023-03-31 07:00:00,1975.7299999999998,2087.075,1340.386,2229.156106,613.171,1140.3795
2023-03-31 08:00:00,2178.142333,2220.755,1508.818,2414.4808000000003,667.3629999999998,1219.177166
2023-03-31 09:00:00,2305.064334,2331.739,1618.511,2501.976141,685.697,1266.534
2023-03-31 10:00:00,2463.102668,2396.4700000000003,1652.15,2576.619649,702.8229999999999,1285.6308330000002
2023-03-31 11:00:00,2449.6980000000003,2398.4700000000003,1641.9340000000002,2593.3448660000004,702.481,1321.8891669999998
2023-03-31 12:00:00,2609.556,2349.835,1657.617,2672.950667,681.725,1381.7076670000001
2023-03-31 13:00:00,2618.148,2404.0959999999995,1636.326,2684.037002,698.468,1403.710333
2023-03-31 14:00:00,2508.967333,2329.662,1603.225,2594.936331,694.4649999999999,1380.1145000000001
2023-03-31 15:00:00,2488.033667,2290.2110000000002,1590.8690000000001,2688.76293,691.057,1389.4955
2023-03-31 16:00:00,2560.7833339999997,2363.2700000000004,1579.264,2774.8610740000004,659.546,1432.190666
2023-03-31 17:00:00,2666.7650009999998,2490.831,1704.933,2861.043998,747.768,1450.902334
2023-03-31 18:00:00,2859.350333,2689.388,1795.173667,3001.556833,813.928,1544.433
2023-03-31 19:00:00,3032.422667,2752.797,1853.268,3124.7390020000003,891.23,1519.292833
2023-03-31 20:00:00,2913.460333,2775.0380000000005,1846.1596670000001,3101.0205,842.544,1556.863666
2023-03-31 21:00:00,2922.870666,2680.273,1821.139333,3055.0081659999996,761.883,1436.924667
2023-03-31 22:00:00,2746.7293339999997,2521.228,1661.740333,2885.231338,723.381,1463.808333
2023-03-31 23:00:00,2484.0559999999996,2307.53,1517.210667,2659.050513,685.983,1370.0055
2023-04-01 00:00:00,2276.079,2059.2789999999995,1309.183667,2425.997185,616.177,1183.218503
2023-04-01 01:00:00,2055.733,1860.8200000000002,1181.010333,2191.5836849999996,526.688,1076.807166
2023-04-01 02:00:00,1834.5079999999998,1695.9900000000002,1105.507,2006.8775259999998,520.659,978.959834
2023-04-01 03:00:00,1739.645,1616.2220000000002,1046.009,1892.542848,492.455,933.632667
2023-04-01 04:00:00,1704.879,1643.9609999999998,1053.156667,1881.9965,482.36,904.6816670000001
2023-04-01 05:00:00,1744.093,1645.373,1072.042,1935.572666,476.96399999999994,941.709167
2023-04-01 06:00:00,1802.9283329999998,1750.882,1177.808,2000.8413320000002,481.606,1005.7415
2023-04-01 07:00:00,1892.2775000000001,1974.032,1316.222,2135.154165,538.817,1090.8596670000002
2023-04-01 08:00:00,2075.284,2240.385,1528.6309999999999,2401.665666,659.585,1207.2214999999999
2023-04-01 09:00:00,2419.489,2510.405,1695.1779999999999,2642.216832,753.9449999999999,1333.121666
2023-04-01 10:00:00,2684.777,2662.543,1787.8400000000001,2817.1586660000003,792.492,1443.776333
2023-04-01 11:00:00,2837.235333,2717.5679999999998,1838.2549999999999,2939.720336,774.231,1529.3281660000002
2023-04-01 12:00:00,2772.730667,2678.7889999999998,1865.899,3055.126167,818.202,1491.456502
2023-04-01 13:00:00,2771.052,2578.9336670000002,1813.415,3065.511332,764.601,1562.684834
2023-04-01 14:00:00,2840.642,2606.095333,1803.1799999999998,3039.735333,767.579,1531.9270000000001
2023-04-01 15:00:00,2810.6375,2581.8140000000003,1697.033,2888.4416650000003,717.5830000000001,1430.872334
2023-04-01 16:00:00,2789.0116669999998,2509.754,1705.548,2922.5045,695.2049999999999,1372.980666
2023-04-01 17:00:00,2716.675,2584.043,1676.658,2873.815669,759.499,1442.107833
2023-04-01 18:00:00,2583.726,2596.196,1705.674,2922.4644989999997,738.704,1476.085
2023-04-01 19:00:00,2740.948,2656.0559999999996,1792.079,3059.632668,808.9449999999999,1466.224666
2023-04-01 20:00:00,2858.8075,2765.882,1818.562,3047.5656660000004,805.338,1445.1146669999998
2023-04-01 21:00:00,2894.4970000000003,2844.376,1811.063,3123.111665,820.0619999999999,1513.778333
2023-04-01 22:00:00,2735.258,2633.2529999999997,1732.367,2907.3756670000002,798.3299999999999,1437.261833
2023-04-01 23:00:00,2593.179,2363.672,1540.677333,2706.773001,704.471,1369.9541680000002
2023-04-02 00:00:00,2359.8003340000005,2159.6440000000002,1353.576,2419.2463319999997,624.6500000000001,1215.6968339999999
2023-04-02 01:00:00,2158.433333,1937.394,1225.177333,2242.268,558.815,1126.645334
2023-04-02 02:00:00,2004.760333,1797.3410000000001,1130.782333,2022.117001,536.6610000000001,1048.6463330000001
2023-04-02 03:00:00,1921.2379999999998,1731.0439999999999,1092.9013329999998,1999.693671,504.711,1025.3029999999999
2023-04-02 04:00:00,1851.923667,1698.6509999999998,1077.896,1969.006333,496.83500000000004,1016.1101669999999
2023-04-02 05:00:00,1841.83,1729.578,1110.9499999999998,1990.318668,501.07500000000005,1034.1219999999998
2023-04-02 06:00:00,1908.286,1805.0639999999999,1189.269333,2060.4706109999997,527.7139999999999,1066.794834
2023-04-02 07:00:00,2010.834,2031.607,1322.105,2173.507883,566.4490000000001,1159.3604999999998
2023-04-02 08:00:00,2233.7039999999997,2298.502,1543.278333,2455.1568230000003,660.934,1244.5715
2023-04-02 09:00:00,2533.496,2587.692,1740.5839999999998,2769.1015,756.5640000000001,1322.4895
2023-04-02 10:00:00,2756.303,2762.6140000000005,1902.807,3003.999669,833.987,1428.662166
2023-04-02 11:00:00,2866.999,2776.291,1885.104,3109.92017,851.625,1527.777
2023-04-02 12:00:00,2957.688,2869.996,1963.583,3182.817001,872.6179999999999,1672.168
2023-04-02 13:00:00,2969.764,2933.635,1994.3000000000002,3375.500997,891.635,1708.028333
2023-04-02 14:00:00,3039.0789999999997,2810.353,1889.963,3231.475001,852.9460000000001,1652.2286680000002
2023-04-02 15:00:00,3012.755,2776.0199999999995,1886.5839999999998,3147.240999,797.23,1624.8626669999999
2023-04-02 16:00:00,2980.0519999999997,2867.1040000000003,1907.9270000000001,3191.214999,813.797,1588.6370000000002
2023-04-02 17:00:00,3066.696,2831.7610000000004,1894.8143329999998,3183.608,844.289,1616.4806670000003
2023-04-02 18:00:00,3103.9700000000003,3043.3199999999997,1958.016333,3431.6470019999997,882.061,1679.199666
2023-04-02 19:00:00,3142.4759999999997,3094.7129999999997,2126.876001,3462.223168,920.2099999999999,1756.956333
2023-04-02 20:00:00,3259.1175000000003,3235.478,2082.730666,3592.880499,940.191,1738.501
2023-04-02 21:00:00,3309.056,3195.9840000000004,2084.415333,3499.950165,956.579,1795.6830009999999
2023-04-02 22:00:00,3207.675,2872.949,1925.7259999999999,3309.240002,845.3520000000001,1660.8050010000002
2023-04-02 23:00:00,2899.121,2539.036,1685.7216669999998,2967.866333,761.852,1523.5990000000002
2023-04-03 00:00:00,2500.1143330000004,2163.4179999999997,1431.3396670000002,2620.098667,681.184,1301.924667
2023-04-03 01:00:00,2243.3930010000004,1955.9470000000001,1293.895,2355.015668,576.5790000000001,1190.340999
2023-04-03 02:00:00,2062.886334,1856.878,1230.9086670000002,2196.241669,541.0920000000001,1139.265
2023-04-03 03:00:00,1961.508667,1775.976,1161.929334,2110.2475000000004,521.474,1100.54
2023-04-03 04:00:00,1962.1723339999999,1766.7910000000002,1226.367666,2103.1721669999997,536.626,1113.6483320000002
2023-04-03 05:00:00,2032.8320010000002,1929.522,1265.080999,2256.467665,567.876,1129.486666
2023-04-03 06:00:00,2194.21,2085.462,1398.576,2408.1039979999996,623.804,1246.899
2023-04-03 07:00:00,2470.726,2442.315,1636.2793330000002,2699.9285010000003,717.4219999999999,1401.173999
2023-04-03 08:00:00,2624.836,2712.096,1815.391334,2919.840001,802.482,1512.940666
2023-04-03 09:00:00,2719.793667,2631.498,1803.488666,2965.142498,801.8589999999999,1509.186333
2023-04-03 10:00:00,2778.7960000000003,2524.533,1806.8376670000002,2960.6843320000003,785.838,1473.672333
2023-04-03 11:00:00,2643.513,2520.237,1742.534667,2855.3759980000004,795.4530000000001,1426.773333
2023-04-03 12:00:00,2697.3166659999997,2500.748,1736.8619999999999,2836.7416670000002,754.923,1433.1616669999999
2023-04-03 13:00:00,2742.3419999999996,2450.837,1749.516,2788.655339,722.428,1439.2326659999999
2023-04-03 14:00:00,2649.4605,2303.196,1614.891,2614.9451660000004,650.706,1342.429667
2023-04-03 15:00:00,2561.126,2192.166,1512.237,2511.8071680000003,626.104,1273.2233339999998
2023-04-03 16:00:00,2644.451333,2220.299,1582.938,2603.9181689999996,633.134,1371.061665
2023-04-03 17:00:00,2815.508667,2428.953,1667.645,2795.974334,679.248,1495.9150009999998
2023-04-03 18:00:00,2984.092333,2638.909,1769.490667,3151.595668,776.7339999999999,1568.855
2023-04-03 19:00:00,3110.224333,2693.3680000000004,1867.240333,3225.001835,827.867,1507.399
2023-04-03 20:00:00,3151.739333,2879.643,1962.577001,3297.036664,852.42,1550.676
2023-04-03 21:00:00,3205.462,2930.2960000000003,1938.217666,3329.977664,888.152,1641.6623329999998
2023-04-03 22:00:00,3005.129666,2646.632,1804.1556659999999,3130.926665,850.841,1600.627333
2023-04-03 23:00:00,2697.749834,2290.746,1533.848333,2805.25,700.8779999999999,1448.971
2023-04-04 00:00:00,2352.446,2057.6000000000004,1349.547,2439.259498,646.844,1254.606333
2023-04-04 01:00:00,2080.811,1874.228,1176.5430000000001,2242.841499,541.2049999999999,1136.847
2023-04-04 02:00:00,1953.484667,1784.551667,1113.893999,2074.304501,507.387,1054.3880000000001
2023-04-04 03:00:00,1899.243833,1713.8186660000001,1095.139666,2021.557832,496.767,1057.203
2023-04-04 04:00:00,1866.3190000000002,1701.222,1094.132,2094.3651659999996,509.38199999999995,1054.954667
2023-04-04 05:00:00,1965.6000000000001,1834.0459999999998,1153.6280000000002,2190.648002,558.577,1099.333666
2023-04-04 06:00:00,2126.331,2047.337,1342.700332,2384.181998,598.7,1204.2690010000001
2023-04-04 07:00:00,2385.8900000000003,2342.816,1582.462667,2701.2673320000004,704.9810000000001,1366.213999
2023-04-04 08:00:00,2487.128,2565.862,1724.133333,2859.562668,791.939,1406.1543319999998
2023-04-04 09:00:00,2542.4669999999996,2544.0969999999998,1746.525,2793.8358310000003,769.001,1374.32
2023-04-04 10:00:00,2570.448,2451.8089999999997,1702.134667,2797.881166,748.895,1322.5140000000001
2023-04-04 11:00:00,2602.280833,2390.42,1698.464,2753.853998,740.019,1355.788666
2023-04-04 12:00:00,2568.090999,2350.7700000000004,1647.453,2641.577,700.135,1365.954
2023-04-04 13:00:00,2515.093,2332.5460000000003,1645.2275,2559.8923349999995,667.755,1316.558333
2023-04-04 14:00:00,2368.531,2200.6769999999997,1534.873,2566.5310010000003,646.523,1267.2456670000001
2023-04-04 15:00:00,2273.373,2019.752,1395.5045,2411.767669,620.4070000000002,1200.356334
2023-04-04 16:00:00,2338.421166,2009.0,1359.9074999999998,2445.4715020000003,628.724,1191.771334
2023-04-04 17:00:00,2511.827666,2230.754,1511.8604999999998,2604.296502,660.9440000000001,1298.625999
2023-04-04 18:00:00,2783.436333,2493.9130000000005,1711.463,3037.685332,752.9359999999999,1504.202
2023-04-04 19:00:00,3003.013,2753.491,1900.2289999999998,3261.5036680000003,794.583,1622.496333
2023-04-04 20:00:00,3095.102,2875.194,1903.5625,3297.9525,872.2819999999999,1633.247001
2023-04-04 21:00:00,3138.638,2867.955,1836.221667,3231.2123330000004,829.158,1621.0373329999998
2023-04-04 22:00:00,2869.0429999999997,2686.781,1696.685333,3004.151835,754.2520000000001,1489.367666
2023-04-04 23:00:00,2581.195,2294.385,1515.356833,2756.463168,668.662,1379.435
2023-04-05 00:00:00,2203.751,1946.1999999999998,1306.041333,2386.496169,592.1179999999999,1174.5030000000002
2023-04-05 01:00:00,2002.5495,1772.394333,1183.102667,2144.680331,537.5930000000001,1073.5130009999998
2023-04-05 02:00:00,1852.288,1695.404,1091.871,2031.6248309999999,505.548,1029.9686659999998
2023-04-05 03:00:00,1787.0249999999999,1668.711,1095.653333,1989.3436689999999,485.11233400000003,1000.3173340000001
2023-04-05 04:00:00,1784.825,1662.494,1063.455,1979.576163,472.72700000000003,1012.293
2023-04-05 05:00:00,1881.768,1776.174,1129.749,2119.815,538.992,1025.208333
2023-04-05 06:00:00,2097.103,1935.076,1342.8870000000002,2324.086169,578.986,1148.0200009999999
2023-04-05 07:00:00,2362.103,2341.016,1549.806,2639.752834,697.5590000000001,1250.234
2023-04-05 08:00:00,2409.2210000000005,2572.5190000000002,1722.414,2773.3986640000003,789.89,1333.2559999999999
2023-04-05 09:00:00,2476.509,2453.344,1736.635,2721.625169,752.335,1365.0549999999998
2023-04-05 10:00:00,2477.1450000000004,2346.397,1641.699,2659.917666,744.102,1274.982
2023-04-05 11:00:00,2384.377333,2259.8959999999997,1544.372,2542.6533360000003,699.6279999999999,1220.058
2023-04-05 12:00:00,2347.714,2112.748,1542.055,2526.112001,638.028,1235.694
2023-04-05 13:00:00,2267.923334,2109.7270000000003,1545.42,2497.001333,621.4359999999999,1170.005334
2023-04-05 14:00:00,2200.095,2038.31,1457.265333,2430.566831,582.239,1090.3763330000002
2023-04-05 15:00:00,2149.326334,2033.7669999999998,1395.282333,2329.58433,602.679,1190.366333
2023-04-05 16:00:00,2230.739667,2100.195,1407.184667,2451.4338310000003,611.2339999999999,1210.305667
2023-04-05 17:00:00,2442.6586660000003,2285.482,1585.775333,2698.5393329999997,634.3593329999999,1341.380667
2023-04-05 18:00:00,2599.053,2504.6890000000003,1701.675,2898.131834,733.1279999999999,1422.425333
2023-04-05 19:00:00,2706.553,2654.062,1793.403,3073.568003,764.040667,1450.607
2023-04-05 20:00:00,2873.9798330000003,2677.8729999999996,1796.907667,3194.697005,806.826,1442.3003330000001
2023-04-05 21:00:00,2903.586667,2772.362,1734.6116670000001,3119.032498,779.591,1512.248
2023-04-05 22:00:00,2700.0515,2486.598,1622.3220000000001,2926.973334,749.757333,1428.761
2023-04-05 23:00:00,2410.950833,2199.065,1432.353,2528.227668,667.673667,1279.5606669999997
2023-04-06 00:00:00,2065.759333,1920.8220000000001,1248.648333,2225.430165,563.3093329999999,1115.7060000000001
2023-04-06 01:00:00,1816.5046670000002,1700.977,1093.960333,2046.74817,511.08866700000004,980.981
2023-04-06 02:00:00,1723.390666,1596.144333,1025.0620000000001,1847.3705,451.289667,911.812
2023-04-06 03:00:00,1660.991,1523.3899999999999,993.6220000000001,1793.0173340000001,454.719333,932.725
2023-04-06 04:00:00,1639.4603339999999,1540.0140000000001,1014.386667,1778.451834,458.5210000000001,901.416334
2023-04-06 05:00:00,1682.386,1653.214,1052.651667,1888.558168,489.46500000000003,923.1659999999999
2023-04-06 06:00:00,1899.067333,1887.979,1235.425,2067.64483,529.9129999999999,1044.8539999999998
2023-04-06 07:00:00,2137.652001,2184.279,1413.054,2348.7574990000003,622.8010000000002,1156.8339999999998
2023-04-06 08:00:00,2229.279,2353.480667,1610.665667,2506.066997,720.892,1230.171333
2023-04-06 09:00:00,2254.8646660000004,2358.075667,1625.796667,2549.1689979999996,689.404,1227.2456670000001
2023-04-06 10:00:00,2320.051999,2332.229,1650.382,2507.938667,642.351,1194.9360000000001
2023-04-06 11:00:00,2375.0370000000003,2310.2036669999998,1627.031,2488.8799989999998,654.282,1196.299667
2023-04-06 12:00:00,2315.233333,2320.284667,1629.407,2516.831995,644.9860000000001,1200.0173330000002
2023-04-06 13:00:00,2352.901666,2349.2529999999997,1619.317,2552.546999,632.9359999999999,1187.495
2023-04-06 14:00:00,2301.363667,2241.145333,1604.3756670000002,2462.153164,617.696666,1175.5079999999998
2023-04-06 15:00:00,2315.615667,2259.4803330000004,1552.6779999999999,2422.389335,638.617,1190.01
2023-04-06 16:00:00,2386.890999,2377.224,1545.297667,2530.2914950000004,651.122333,1242.1390000000001
2023-04-06 17:00:00,2699.751001,2564.9593330000002,1677.048667,2839.228833,766.999,1409.403
2023-04-06 18:00:00,2783.986999,2739.836667,1787.957334,2965.773166,829.0540000000001,1502.5279999999998
2023-04-06 19:00:00,2918.1506660000005,2779.149333,1819.957333,3143.700334,854.684,1524.856333
2023-04-06 20:00:00,2907.8109999999997,2738.12,1746.6240010000001,3132.7986659999997,811.579,1498.485666
2023-04-06 21:00:00,2806.371667,2774.258,1772.556333,3054.968165,788.567,1445.263
2023-04-06 22:00:00,2584.785667,2519.62,1601.636667,2839.9961670000002,758.916,1362.497667
2023-04-06 23:00:00,2358.3365,2241.873,1431.2853329999998,2453.9234969999998,677.93,1202.3666669999998
2023-04-07 00:00:00,1974.3094999999998,1918.766,1217.115999,2164.383335,595.441,1024.4516669999998
2023-04-07 01:00:00,1759.519667,1710.847,1068.3880000000001,1940.8115,496.677,934.1859999999999
2023-04-07 02:00:00,1616.455,1577.788333,982.273667,1765.304495,458.913,858.230333
2023-04-07 03:00:00,1520.2140000000002,1510.0353329999998,947.238,1672.875331,427.571,816.694667
2023-04-07 04:00:00,1498.865334,1499.045,929.2189999999999,1617.987663,419.848,798.339999
2023-04-07 05:00:00,1539.7406660000001,1582.929,998.885333,1727.7381650000002,456.643,841.769333
2023-04-07 06:00:00,1722.5759990000001,1783.83,1153.0926670000001,1919.927003,501.36300000000006,908.5373339999999
2023-04-07 07:00:00,1936.967666,2067.286,1357.818999,2186.8671640000002,552.5749999999999,1038.0916670000001
2023-04-07 08:00:00,2071.0005,2333.243,1536.0213340000003,2382.238499,683.346,1131.9140000000002
2023-04-07 09:00:00,2146.547,2336.59,1535.374,2387.143666,678.1320000000001,1108.830333
2023-04-07 10:00:00,2169.607666,2299.473,1527.355,2406.189666,650.15,1136.868666
2023-04-07 11:00:00,2221.0845,2257.639,1455.322,2405.363335,637.437,1112.0839999999998
2023-04-07 12:00:00,2246.572667,2237.6310000000003,1481.4389999999999,2452.486664,603.5649999999999,1194.114
2023-04-07 13:00:00,2268.167999,2198.891,1512.157,2507.9583350000003,620.487667,1161.604333
2023-04-07 14:00:00,2170.683001,2166.1276669999997,1488.194333,2432.8126679999996,596.795333,1179.831001
2023-04-07 15:00:00,2111.666,2103.8456669999996,1396.002333,2321.7924999999996,594.382333,1109.9409999999998
2023-04-07 16:00:00,2229.292668,2111.218333,1408.348333,2380.973,582.0046669999999,1120.357666
2023-04-07 17:00:00,2423.811167,2301.482,1570.345667,2532.337,621.890333,1204.749
2023-04-07 18:00:00,2405.548,2420.685,1550.7903330000001,2517.860166,656.4689999999999,1212.430332
2023-04-07 19:00:00,2499.226667,2512.370333,1590.505001,2715.685499,667.654667,1269.2563329999998
2023-04-07 20:00:00,2486.1733329999997,2496.5699999999997,1688.394,2742.752501,703.5129999999999,1291.7886670000003
2023-04-07 21:00:00,2539.649667,2619.9306669999996,1672.1280000000002,2704.9713300000003,708.307,1308.3106670000002
2023-04-07 22:00:00,2433.693334,2495.8199999999997,1608.639667,2667.042836,699.951,1261.246
2023-04-07 23:00:00,2209.9303339999997,2254.1269999999995,1408.537,2418.3306679999996,612.698,1183.795667
2023-04-08 00:00:00,1990.4895,1957.157,1281.674333,2274.7531630000003,568.719,1110.0063329999998
2023-04-08 01:00:00,1783.875,1788.99,1130.1190000000001,1996.0718340000003,507.23300000000006,985.7370000000001
2023-04-08 02:00:00,1655.959001,1615.386,1049.888667,1868.768169,462.029,885.031333
2023-04-08 03:00:00,1608.595334,1573.6219999999998,976.902333,1802.658834,443.273,855.677666
2023-04-08 04:00:00,1569.3093330000002,1538.428,971.538,1730.0096680000001,426.672,813.326001
2023-04-08 05:00:00,1601.466,1561.674667,1006.0633330000001,1737.882502,426.924,865.481
2023-04-08 06:00:00,1643.44,1658.411,1080.2763329999998,1822.2293319999999,443.737,918.547
2023-04-08 07:00:00,1776.887,1891.443,1281.121,2008.8759980000002,511.114,962.629
2023-04-08 08:00:00,2015.946,2168.217,1492.174,2308.086832,611.3879999999999,1119.0533329999998
2023-04-08 09:00:00,2263.049,2466.2650000000003,1654.132,2491.633832,713.7429999999999,1214.1263330000002
2023-04-08 10:00:00,2501.151,2627.947,1765.304,2722.061498,739.1100000000001,1306.751
2023-04-08 11:00:00,2640.1719999999996,2498.7560000000003,1795.124,2693.7524999999996,755.875,1330.273333
2023-04-08 12:00:00,2621.973,2409.1516659999998,1756.471667,2650.258833,729.059,1304.171001
2023-04-08 13:00:00,2544.503,2426.7110000000002,1699.1680000000001,2637.912499,719.336,1272.5316670000002
2023-04-08 14:00:00,2465.1850000000004,2371.898,1620.0449999999998,2633.027115,679.2080000000001,1264.871
2023-04-08 15:00:00,2340.3265,2239.401,1581.7816670000002,2599.643726,661.5799999999999,1212.076332
2023-04-08 16:00:00,2347.744,2341.3190000000004,1601.5456669999999,2562.493667,631.2439999999999,1210.4426669999998
2023-04-08 17:00:00,2360.876333,2417.959,1718.689667,2633.8521650000002,676.8710000000001,1246.643
2023-04-08 18:00:00,2430.432667,2502.9126669999996,1783.850667,2717.8451649999997,708.758,1292.4356659999999
2023-04-08 19:00:00,2420.977,2573.3413330000003,1709.8526669999999,2769.654001,722.847,1306.882001
2023-04-08 20:00:00,2528.5695,2644.0060000000003,1728.304,2745.072002,741.585,1328.503334
2023-04-08 21:00:00,2464.212,2534.017,1706.3023329999999,2711.637334,706.196,1243.598
2023-04-08 22:00:00,2314.201,2362.241,1586.145333,2586.178335,723.866,1146.8200000000002
2023-04-08 23:00:00,2137.8199999999997,2159.184,1405.8020000000001,2297.497616,646.08,1072.319001
2023-04-09 00:00:00,1942.1096670000002,1896.382,1259.441333,2081.771766,564.095,960.547
2023-04-09 01:00:00,1731.244001,1724.0876669999998,1089.2166670000001,1906.389243,503.41900000000004,854.071334
2023-04-09 02:00:00,1533.8533340000001,1565.183,978.787333,1719.7983920000001,446.778,804.234667
2023-04-09 03:00:00,1479.563,1478.413,928.861667,1595.00321,407.212,768.734667
2023-04-09 04:00:00,1429.2163340000002,1445.496,914.6890000000001,1571.6426900000001,390.359,767.617
2023-04-09 05:00:00,1447.473667,1493.545,940.617666,1609.95184,390.04900000000004,795.6726659999999
2023-04-09 06:00:00,1518.1575000000003,1565.2069999999999,1021.979,1668.410488,417.34,783.416667
2023-04-09 07:00:00,1631.87,1785.3740000000003,1177.9116669999999,1832.15397,481.605,926.592667
2023-04-09 08:00:00,1859.613,2185.051,1445.183666,2102.3766020000003,602.886,1036.008333
2023-04-09 09:00:00,2182.273,2477.28,1646.553333,2400.840499,710.716,1134.043
2023-04-09 10:00:00,2430.079667,2603.6600000000003,1701.804,2691.2996599999997,777.9,1301.0839999999998
2023-04-09 11:00:00,2587.04,2658.2000000000003,1787.142001,2836.896168,777.6659999999999,1356.507333
2023-04-09 12:00:00,2731.333334,2739.802,1781.266001,2966.115666,777.351667,1440.511666
2023-04-09 13:00:00,2702.6775000000002,2786.626,1839.180333,2883.820001,783.5286669999999,1427.653
2023-04-09 14:00:00,2699.116,2788.967,1827.5819999999999,2817.9199989999997,798.254333,1400.141334
2023-04-09 15:00:00,2612.544,2758.192,1759.7533329999999,2746.4855,756.213667,1308.729
2023-04-09 16:00:00,2651.906,2633.508,1735.674,2796.489001,761.7819999999999,1300.813333
2023-04-09 17:00:00,2659.343,2665.369,1776.263999,2883.199334,716.838667,1348.3296670000002
2023-04-09 18:00:00,2626.515,2706.57,1788.519334,2850.5226669999997,730.395,1335.197333
2023-04-09 19:00:00,2550.1589999999997,2708.3716670000003,1838.4266660000003,2911.1925,701.4933329999999,1333.582667
2023-04-09 20:00:00,2568.138,2819.461667,1785.87,2980.2870000000003,720.328,1319.3336669999999
2023-04-09 21:00:00,2515.188833,2693.368,1774.393333,2884.657665,705.6500000000001,1323.1056669999998
2023-04-09 22:00:00,2461.911333,2574.701,1627.038333,2733.593334,689.14,1248.4443350000001
2023-04-09 23:00:00,2144.5150000000003,2174.333,1384.726666,2371.556498,585.856,1122.694333
2023-04-10 00:00:00,1837.224834,1811.652,1108.956333,2009.7081680000001,503.3,1019.230667
2023-04-10 01:00:00,1590.458333,1600.346,978.662001,1746.634998,446.52200000000005,853.447665
2023-04-10 02:00:00,1483.090666,1462.29,927.1020000000001,1600.72914,407.17600000000004,764.616668
2023-04-10 03:00:00,1427.892,1417.161,906.686167,1545.338732,379.495,743.3106660000001
2023-04-10 04:00:00,1379.7223330000002,1445.337,896.8444999999999,1572.68599,395.426,739.569333
2023-04-10 05:00:00,1466.125,1530.8490000000002,962.448333,1657.185079,389.77200000000005,793.517333
2023-04-10 06:00:00,1618.525667,1674.9370000000001,1084.9144999999999,1829.373834,451.057,863.888334
2023-04-10 07:00:00,1796.686667,2047.877,1306.037,2087.849927,528.836,1001.135
2023-04-10 08:00:00,1991.2469999999998,2262.489,1446.623667,2340.584361,639.69,1099.284
2023-04-10 09:00:00,2116.868,2312.853,1523.753667,2292.296336,624.6890000000001,1107.783333
2023-04-10 10:00:00,2213.6976670000004,2302.5560000000005,1513.4193340000002,2326.2356680000003,624.415,1095.0463330000002
2023-04-10 11:00:00,2200.462,2231.913,1561.9536659999999,2376.006997,613.9630000000001,1099.383666
2023-04-10 12:00:00,2266.089,2269.485,1528.049333,2385.275668,652.209,1134.685001
2023-04-10 13:00:00,2365.938666,2339.2870000000003,1605.716333,2427.913007,627.4279999999999,1183.053333
2023-04-10 14:00:00,2326.628667,2293.8640000000005,1534.979001,2426.566999,596.5179999999999,1146.564667
2023-04-10 15:00:00,2291.909834,2289.5113330000004,1558.203333,2361.0118330000005,604.6279999999999,1160.938
2023-04-10 16:00:00,2374.763333,2299.642,1525.3106669999997,2541.603665,629.1279999999999,1198.495333
2023-04-10 17:00:00,2561.672001,2478.348,1632.439,2719.673167,656.9209999999999,1320.635334
2023-04-10 18:00:00,2760.116,2790.9970000000003,1876.152,2977.417999,778.2539999999999,1421.042333
2023-04-10 19:00:00,2880.214,2898.42,1935.6746669999998,3187.055668,813.4490000000001,1541.510667
2023-04-10 20:00:00,2911.8070000000002,2912.79,1911.120334,3241.5291660000003,807.7040000000001,1492.845667
2023-04-10 21:00:00,2913.8920000000003,2842.592,1848.458333,3101.437997,782.6959999999999,1504.047999
2023-04-10 22:00:00,2742.3630000000003,2637.46,1727.6109999999999,2830.826,742.087,1363.7263329999998
2023-04-10 23:00:00,2373.1150000000002,2274.38,1482.304,2566.9605,663.187,1261.509
2023-04-11 00:00:00,2063.531,1979.1619999999998,1288.185166,2277.979832,578.075,1133.7035
2023-04-11 01:00:00,1828.064667,1760.0230000000001,1134.064666,1994.0851630000002,498.346,996.814335
2023-04-11 02:00:00,1736.313666,1654.779,1072.7199999999998,1881.002834,458.187,943.3199979999999
2023-04-11 03:00:00,1648.6249990000001,1615.009,1002.0693329999999,1797.610002,441.557,932.265668
2023-04-11 04:00:00,1656.583333,1587.713,1002.193,1793.363167,453.506,902.350999
2023-04-11 05:00:00,1756.335,1697.3503329999999,1069.3203330000001,1882.415501,497.606,1004.198334
2023-04-11 06:00:00,1920.3,1940.0410000000002,1269.996334,2133.222166,542.236,1030.0656669999998
2023-04-11 07:00:00,2173.6425,2245.999,1468.969,2527.652168,641.1210000000001,1210.9296669999999
2023-04-11 08:00:00,2250.781667,2495.453,1685.737334,2639.101503,764.03,1278.3523329999998
2023-04-11 09:00:00,2333.79,2417.437,1692.465666,2534.8046649999997,741.0840000000001,1279.609
2023-04-11 10:00:00,2406.8766669999995,2378.818,1700.3233329999998,2533.953999,716.566,1265.118666
2023-04-11 11:00:00,2400.8193340000003,2327.609,1607.44,2491.482331,711.149,1272.089334
2023-04-11 12:00:00,2424.674666,2208.5029999999997,1534.767,2516.513833,655.5440000000001,1219.483667
2023-04-11 13:00:00,2333.8593330000003,2184.787,1496.174,2478.5370000000003,587.7180000000001,1200.311666
2023-04-11 14:00:00,2291.142666,2102.7970000000005,1468.528,2437.3439999999996,563.985,1135.867
2023-04-11 15:00:00,2250.5480000000002,2003.999,1402.017,2317.752834,573.9780000000001,1153.446334
2023-04-11 16:00:00,2237.2799999999997,2057.265667,1372.845,2297.2855010000003,587.278,1177.264667
2023-04-11 17:00:00,2367.059333,2178.983,1493.1709999999998,2454.962499,598.777,1194.3129999999999
2023-04-11 18:00:00,2425.3383330000006,2408.496,1580.8353339999999,2693.6863329999996,705.905,1207.7376669999999
2023-04-11 19:00:00,2555.9026670000003,2549.165,1743.946334,2847.5545,784.863,1324.0539999999999
2023-04-11 20:00:00,2798.866333,2726.449,1776.591667,3012.889669,824.9649999999999,1380.202
2023-04-11 21:00:00,2961.587667,2773.5823330000003,1821.441666,3146.8953330000004,829.875,1456.218
2023-04-11 22:00:00,2690.308333,2556.068,1700.173001,2965.661164,769.731,1400.3346660000002
2023-04-11 23:00:00,2450.735333,2285.95,1470.485834,2576.498168,714.0649999999999,1239.960333
2023-04-12 00:00:00,2090.2481669999997,1947.4430000000002,1258.8925000000002,2297.55583,618.769,1111.5703330000001
2023-04-12 01:00:00,1898.657166,1777.22,1143.552667,2001.3488320000001,504.19599999999997,998.115667
2023-04-12 02:00:00,1726.104,1695.954,1074.62,1802.134167,486.324,954.1676659999999
2023-04-12 03:00:00,1639.149334,1598.331,1012.551667,1751.3486659999999,469.381,925.0363340000001
2023-04-12 04:00:00,1659.563,1607.843,1032.98,1787.5410000000002,449.95500000000004,939.433
2023-04-12 05:00:00,1742.947,1723.976,1118.051,1930.93621,510.93,1005.933
2023-04-12 06:00:00,1995.336666,1979.399,1283.463,2152.7247509999997,584.5219999999999,1078.638334
2023-04-12 07:00:00,2269.113666,2343.9979999999996,1525.2069999999999,2463.231707,686.925,1238.706333
2023-04-12 08:00:00,2414.195666,2550.279,1758.655,2641.0206670000002,783.306,1345.437666
2023-04-12 09:00:00,2522.914334,2512.083,1723.748,2673.9178319999996,747.231,1338.753001
2023-04-12 10:00:00,2517.144333,2491.659,1734.9160000000002,2690.212496,757.81,1368.579
2023-04-12 11:00:00,2403.649333,2434.545,1743.7763340000001,2639.942,736.355,1334.817333
2023-04-12 12:00:00,2402.286333,2377.158,1675.550332,2637.9933330000003,693.7429999999999,1357.3793329999999
2023-04-12 13:00:00,2436.191167,2311.942,1665.3343340000001,2695.969329,692.876,1266.958
2023-04-12 14:00:00,2326.6440000000002,2272.1899999999996,1597.357,2561.672221,669.846,1234.0266660000002
2023-04-12 15:00:00,2385.932334,2203.087,1482.010667,2568.466603,643.749,1221.993
2023-04-12 16:00:00,2397.4443330000004,2173.227,1479.388999,2533.665498,633.1020000000001,1242.364
2023-04-12 17:00:00,2515.704667,2247.506,1609.558667,2628.980666,642.797,1293.024666
2023-04-12 18:00:00,2678.350999,2383.873333,1668.482999,2738.9663330000003,699.514,1335.447333
2023-04-12 19:00:00,2830.076,2493.2430000000004,1734.491,2923.505004,761.295,1421.739001
2023-04-12 20:00:00,2874.216,2627.041,1776.677666,3112.5381669999997,778.921,1494.339333
2023-04-12 21:00:00,2884.991,2779.553,1742.8880000000001,3075.019664,799.0240000000001,1566.516
2023-04-12 22:00:00,2822.429,2609.516,1654.521333,2903.483001,796.8820000000001,1457.044
2023-04-12 23:00:00,2504.2506670000002,2291.8370000000004,1490.777667,2588.099333,672.4269999999999,1343.908001
2023-04-13 00:00:00,2137.4660000000003,2001.0159999999998,1306.1630010000001,2272.332002,611.438,1152.9850000000001
2023-04-13 01:00:00,1939.5466659999997,1828.951,1178.010668,2091.462666,534.435,1046.487
2023-04-13 02:00:00,1790.526167,1718.1889999999999,1123.1493329999998,1954.2196689999998,495.472,994.249666
2023-04-13 03:00:00,1716.427334,1661.2160000000001,1064.59,1912.705165,475.29366600000003,991.6616670000001
2023-04-13 04:00:00,1739.5980009999998,1708.295,1067.606333,1908.7855009999998,480.52433399999995,962.248333
2023-04-13 05:00:00,1878.8673330000001,1774.597,1131.9719999999998,2040.9470010000002,519.861667,1027.907667
2023-04-13 06:00:00,1997.145,2000.272,1338.5363340000001,2262.634995,583.344666,1107.217
2023-04-13 07:00:00,2334.1625,2324.4839999999995,1544.811,2582.3116689999997,660.980667,1286.7230009999998
2023-04-13 08:00:00,2398.070001,2534.7830000000004,1687.723,2730.154667,769.5120000000001,1364.592
2023-04-13 09:00:00,2462.689666,2350.272,1678.784,2589.289498,748.7570000000001,1283.54
2023-04-13 10:00:00,2415.002834,2281.4089999999997,1544.0870000000002,2529.8103330000004,660.156,1265.735334
2023-04-13 11:00:00,2362.980333,2244.409,1536.6190000000001,2533.499503,644.512,1242.8899999999999
2023-04-13 12:00:00,2296.673,2196.159,1512.343,2408.410664,625.3580000000001,1194.019
2023-04-13 13:00:00,2258.008334,2121.7839999999997,1454.141,2393.248331,616.5659990000001,1174.7130000000002
2023-04-13 14:00:00,2133.1819990000004,2093.372,1425.470667,2312.158165,607.6346659999999,1179.450667
2023-04-13 15:00:00,2063.3779999999997,1958.142,1286.5553330000002,2216.675,600.1766670000001,1086.276334
2023-04-13 16:00:00,2114.587668,1938.996,1297.7806659999999,2236.219167,567.495,1111.889333
2023-04-13 17:00:00,2245.245668,2078.592,1418.357333,2360.5623379999997,609.5930000000001,1113.362
2023-04-13 18:00:00,2449.132333,2279.235667,1563.7673330000002,2491.213664,658.5269999999999,1263.31
2023-04-13 19:00:00,2536.053166,2424.0303329999997,1638.768333,2777.084663,667.527,1329.231999
2023-04-13 20:00:00,2658.505,2502.561,1692.244333,2927.428668,712.8599999999999,1345.749999
2023-04-13 21:00:00,2711.4359999999997,2613.756,1746.1083330000001,2970.3278339999997,774.1200000000001,1398.090667
2023-04-13 22:00:00,2531.9220000000005,2412.556333,1569.672,2777.07,723.2539999999999,1295.856
2023-04-13 23:00:00,2242.6059999999998,2124.347334,1412.072666,2404.481829,632.78,1158.559
2023-04-14 00:00:00,1962.4470000000001,1839.450333,1225.6390000000001,2112.290667,552.3389999999999,1048.776334
2023-04-14 01:00:00,1765.071,1681.335,1116.7450000000001,1926.337996,487.773,940.870333
2023-04-14 02:00:00,1624.499166,1562.2526659999999,1019.1893349999999,1765.2838299999999,471.42999900000007,887.934666
2023-04-14 03:00:00,1568.657334,1553.9986669999998,985.630001,1743.343996,439.77299899999997,885.061334
2023-04-14 04:00:00,1613.226833,1597.242667,1006.3653340000001,1791.2476649999999,454.285666,896.249667
2023-04-14 05:00:00,1694.7076670000001,1686.647,1083.775333,1904.2566739999997,498.74033299999996,964.1590000000001
2023-04-14 06:00:00,1827.9735,1954.9,1271.0023339999998,2123.219337,575.582,1086.536333
2023-04-14 07:00:00,2080.8590000000004,2291.788,1576.7813339999998,2452.943666,668.389,1259.8926660000002
2023-04-14 08:00:00,2276.5200000000004,2409.1,1711.248,2619.371505,726.877,1290.308
2023-04-14 09:00:00,2359.653,2368.0469999999996,1635.0249999999999,2608.770832,742.685,1268.967334
2023-04-14 10:00:00,2386.803,2342.23,1550.3796670000002,2483.944335,704.844,1197.808
2023-04-14 11:00:00,2320.0063330000003,2173.493,1485.971333,2370.2148340000003,644.875,1149.356999
2023-04-14 12:00:00,2275.399667,2089.4210000000003,1453.402333,2316.949831,605.714,1098.654
2023-04-14 13:00:00,2244.813666,2031.549,1459.308667,2302.0183340000003,580.2729999999999,1074.829666
2023-04-14 14:00:00,2056.1583339999997,1963.053,1394.321,2178.306168,535.0,1050.436
2023-04-14 15:00:00,2000.864,1927.9539999999997,1308.160666,2116.4190009999998,525.761,1004.455334
2023-04-14 16:00:00,1959.4446659999999,1883.7150000000001,1291.745,2057.455333,536.1179999999999,992.2876660000002
2023-04-14 17:00:00,2062.686,1973.4660000000001,1417.824667,2175.3908349999997,539.4340000000001,974.9069999999999
2023-04-14 18:00:00,2167.465,2186.366,1497.588,2292.051388,611.508,1008.3900000000001
2023-04-14 19:00:00,2226.372,2122.334,1491.102667,2426.265343,638.478,1031.9519999999998
2023-04-14 20:00:00,2251.467,2195.902,1489.4536659999999,2407.996303,697.997,1113.218
2023-04-14 21:00:00,2341.422,2307.669,1565.9640009999998,2570.154591,711.5830000000001,1168.1239999999998
2023-04-14 22:00:00,2291.264666,2216.8320000000003,1499.145667,2428.120055,641.8050000000001,1160.005334
2023-04-14 23:00:00,2100.434,1976.424,1390.8826669999999,2220.947846,591.4929999999999,1075.961334
2023-04-15 00:00:00,1905.718,1786.2459999999999,1214.994334,2061.1624659999998,529.965,977.008333
2023-04-15 01:00:00,1678.6203339999997,1647.000332,1097.587,1864.481593,467.368,878.1769999999999
2023-04-15 02:00:00,1561.824834,1548.1166669999998,1018.9173329999999,1740.0118819999998,414.47133299999996,848.842667
2023-04-15 03:00:00,1547.342,1515.268,967.8885,1713.986864,413.376333,798.693
2023-04-15 04:00:00,1530.1170000000002,1498.938,978.6455000000001,1700.8065000000001,417.04433300000005,836.696
2023-04-15 05:00:00,1583.568,1565.184,1008.4251669999999,1713.5615,444.452,885.0799999999999
2023-04-15 06:00:00,1647.795,1705.346,1142.6425,1802.5011200000001,482.958,928.2229990000001
2023-04-15 07:00:00,1796.539,1944.007,1372.302333,2063.1031470000003,555.4849999999999,1093.008667
2023-04-15 08:00:00,2087.688333,2209.172,1513.4355,2375.392834,643.262,1138.562
2023-04-15 09:00:00,2348.802667,2461.223,1648.72,2555.977363,719.428,1218.905667
2023-04-15 10:00:00,2446.100333,2525.841,1676.0095,2704.2552180000002,735.896,1271.766
2023-04-15 11:00:00,2558.5699999999997,2489.51,1658.5680009999999,2712.061331,740.524,1282.790667
2023-04-15 12:00:00,2623.600499,2442.4579999999996,1662.162666,2706.102331,685.689,1288.003334
2023-04-15 13:00:00,2466.686332,2329.951,1604.306666,2553.7067509999997,666.3770000000001,1251.253667
2023-04-15 14:00:00,2315.867333,2190.8630000000003,1513.481333,2539.5988310000002,635.341,1217.6589999999999
2023-04-15 15:00:00,2260.559667,2122.507,1467.422666,2454.834584,644.207,1174.737
2023-04-15 16:00:00,2247.923,2083.214,1454.667,2420.666834,626.478,1092.41
2023-04-15 17:00:00,2308.476,2177.036,1486.853667,2361.200497,606.8969999999999,1100.605333
2023-04-15 18:00:00,2278.068,2279.638,1498.7760010000002,2399.302166,647.03,1128.741333
2023-04-15 19:00:00,2378.746,2326.023,1565.457,2459.817169,628.646,1119.8320010000002
2023-04-15 20:00:00,2410.8639999999996,2397.288,1562.421667,2586.135333,668.0809999999999,1208.609667
2023-04-15 21:00:00,2461.491,2494.331,1574.063666,2553.189666,666.0709999999999,1204.605
2023-04-15 22:00:00,2226.65,2288.7839999999997,1458.222333,2394.871999,654.856,1167.185
2023-04-15 23:00:00,2110.007,2002.5880000000002,1327.481666,2175.709832,583.249,1092.301667
2023-04-16 00:00:00,1814.2405,1767.963,1146.47,1971.3641670000002,494.88,964.658667
2023-04-16 01:00:00,1652.3621670000002,1618.856,1052.1950000000002,1802.1718329999999,451.14766599999996,825.930666
2023-04-16 02:00:00,1505.822,1467.1779999999999,957.637667,1621.438166,387.292667,762.354333
2023-04-16 03:00:00,1433.078,1430.047,939.751334,1545.921337,381.783,737.971
2023-04-16 04:00:00,1370.712,1421.755,928.6055,1547.210497,370.472,724.99
2023-04-16 05:00:00,1422.149,1450.697,927.212,1541.891836,386.13199999999995,743.4556670000001
2023-04-16 06:00:00,1442.466,1540.4850000000001,1006.567334,1573.7546659999998,397.58700000000005,808.238
2023-04-16 07:00:00,1594.779,1781.8470000000002,1121.016,1721.185832,476.78000000000003,854.391667
2023-04-16 08:00:00,1815.914,2008.078,1316.620667,1971.940001,545.5070000000001,963.7099999999999
2023-04-16 09:00:00,2185.411,2322.9889999999996,1502.736667,2238.469333,671.323,1111.1223329999998
2023-04-16 10:00:00,2375.3695,2487.131,1603.481,2538.2416670000002,719.9390000000001,1198.133667
2023-04-16 11:00:00,2502.7434999999996,2538.1240000000003,1686.497,2786.7863369999995,777.583,1281.653333
2023-04-16 12:00:00,2718.433334,2678.596,1758.259,2873.1504990000003,799.3700000000001,1446.4740000000002
2023-04-16 13:00:00,2660.8805,2705.396,1782.9940000000001,2946.123832,782.092,1457.193
2023-04-16 14:00:00,2553.2749999999996,2651.5969999999998,1750.034,2868.7456680000005,719.3330000000001,1400.596333
2023-04-16 15:00:00,2500.7700000000004,2553.977667,1742.676,2778.768499,710.963,1422.0743340000001
2023-04-16 16:00:00,2576.0190000000002,2554.048999,1687.2269999999999,2797.5921670000002,679.6499999999999,1387.25
2023-04-16 17:00:00,2597.434666,2637.175666,1791.56,2856.7480020000003,747.97,1351.516334
2023-04-16 18:00:00,2631.0480000000002,2691.603,1796.478,2963.094999,743.3879999999999,1402.8849999999998
2023-04-16 19:00:00,2640.692,2750.4179999999997,1793.138,3038.5633340000004,734.449,1407.0639999999999
2023-04-16 20:00:00,2764.816,2860.841,1766.1380000000001,3103.397668,747.861,1417.8899999999999
2023-04-16 21:00:00,2802.037,2919.388,1762.4479999999999,3092.221336,784.684,1421.336
2023-04-16 22:00:00,2666.865,2617.096,1658.447,2912.112169,762.999,1358.322667
2023-04-16 23:00:00,2376.343,2265.851,1471.779,2589.899165,662.0150000000001,1230.171
2023-04-17 00:00:00,2112.3469999999998,1930.1529999999998,1276.287,2252.304168,561.23,1059.803667
2023-04-17 01:00:00,1829.437333,1768.997,1125.308,1999.6056680000002,510.534333,947.3473329999999
2023-04-17 02:00:00,1641.691,1642.058,1038.326,1852.464,484.76266699999996,920.7523329999999
2023-04-17 03:00:00,1608.595,1634.814,1007.221,1796.414664,446.445667,893.791
2023-04-17 04:00:00,1588.4846670000002,1613.372,1022.586,1792.110501,442.194,897.901333
2023-04-17 05:00:00,1685.0826670000001,1748.541,1059.574,1930.857785,476.39300000000003,968.7403340000001
2023-04-17 06:00:00,1822.0500000000002,1911.949,1250.5009999999997,2139.7247770000004,550.174667,1047.452
2023-04-17 07:00:00,2138.0666659999997,2265.216,1525.5400000000002,2448.7044370000003,625.819,1221.24
2023-04-17 08:00:00,2267.5370000000003,2417.67,1665.087,2587.536607,709.5053330000001,1216.3629999999998
2023-04-17 09:00:00,2299.200167,2337.358,1642.882,2480.6508360000003,694.252,1158.4739999999997
2023-04-17 10:00:00,2270.0406669999998,2279.844,1524.639,2423.3778350000002,652.3209999999999,1098.552001
2023-04-17 11:00:00,2251.510334,2204.092667,1493.691,2328.7361650000003,629.375,1143.433
2023-04-17 12:00:00,2385.498333,2270.222667,1581.7179999999998,2392.5139980000004,641.771,1216.217334
2023-04-17 13:00:00,2476.425,2359.0260000000003,1618.442,2503.168001,649.008,1293.0803329999999
2023-04-17 14:00:00,2414.489667,2318.92,1655.7489999999998,2567.478334,659.308,1340.813
2023-04-17 15:00:00,2447.664833,2268.688,1553.377,2485.554001,629.085,1313.502667
2023-04-17 16:00:00,2422.567,2187.064,1443.39,2500.0183349999998,639.587,1249.3873330000001
2023-04-17 17:00:00,2463.1333329999998,2370.758,1595.0900000000001,2688.4285010000003,677.8710000000001,1324.943333
2023-04-17 18:00:00,2704.906,2642.527,1799.764666,2932.1110019999996,733.475,1417.1796669999999
2023-04-17 19:00:00,2829.6949999999997,2851.536,1842.919,3232.102,830.647,1541.4050000000002
2023-04-17 20:00:00,2909.5609999999997,2823.4809999999998,1830.2150000000001,3190.505475,877.707,1563.706667
2023-04-17 21:00:00,3055.042,2855.212,1830.662,3162.990359,808.4280000000001,1534.159334
2023-04-17 22:00:00,2874.448,2668.112,1729.312,2995.6247860000003,766.048,1476.314333
2023-04-17 23:00:00,2527.54,2340.609,1449.458,2654.8352160000004,726.299,1425.381666
2023-04-18 00:00:00,2196.923334,2003.9520000000002,1302.769,2332.5761460000003,605.528,1209.3836660000002
2023-04-18 01:00:00,1960.004167,1860.4669999999999,1168.1039999999998,2152.7404070000002,547.102667,1107.463667
2023-04-18 02:00:00,1798.6903340000001,1732.828,1123.1129999999998,2011.198339,507.00733399999996,1020.163667
2023-04-18 03:00:00,1763.7575,1685.286,1046.621,1959.7151010000002,480.289,990.211667
2023-04-18 04:00:00,1749.5605,1677.9160000000002,1083.7469999999998,1947.17103,497.403,977.035667
2023-04-18 05:00:00,1857.546,1790.2129999999997,1145.133,2085.735126,522.611,1008.442667
2023-04-18 06:00:00,2011.1860000000001,2053.632,1349.5880000000002,2311.098718,573.56,1122.1509999999998
2023-04-18 07:00:00,2327.5879999999997,2338.01,1606.8439999999998,2646.4158340000004,662.467,1308.926
2023-04-18 08:00:00,2511.6890000000003,2579.761,1690.0529999999999,2712.067167,781.869,1338.81
2023-04-18 09:00:00,2496.723,2511.433,1715.3670000000002,2721.686999,772.803,1362.624333
2023-04-18 10:00:00,2453.1800000000003,2468.651,1645.7330000000002,2611.235001,745.732,1331.258667
2023-04-18 11:00:00,2404.563,2385.926,1606.304,2625.028168,726.912,1317.933999
2023-04-18 12:00:00,2462.598666,2349.4480000000003,1587.7089999999998,2591.669834,692.915,1319.0516670000002
2023-04-18 13:00:00,2375.982333,2296.3469999999998,1503.6509999999998,2508.281999,687.9300000000001,1268.410333
2023-04-18 14:00:00,2314.797999,2213.772,1533.382,2422.690834,662.931,1217.899333
2023-04-18 15:00:00,2344.9539999999997,2176.489,1454.12,2406.264168,631.836,1235.687001
2023-04-18 16:00:00,2421.764334,2295.1929999999998,1472.068,2496.068833,648.0456670000001,1313.196334
2023-04-18 17:00:00,2626.392,2399.7529999999997,1574.5929999999998,2688.6568340000003,684.871667,1418.763333
2023-04-18 18:00:00,2835.5606669999997,2702.524,1741.7,3017.8834990000005,715.318667,1491.612
2023-04-18 19:00:00,2962.343,2767.615,1802.605,3155.650665,805.316,1558.673
2023-04-18 20:00:00,3043.298,2932.183,1829.0149999999999,3239.024833,833.189,1568.946
2023-04-18 21:00:00,3014.065,2809.549,1882.799,3204.073503,861.173,1582.741667
2023-04-18 22:00:00,2758.781,2580.105,1702.051,2992.0548320000003,806.940333,1417.595
2023-04-18 23:00:00,2427.2343339999998,2339.1670000000004,1500.0890000000002,2652.9110819999996,736.679333,1322.313333
2023-04-19 00:00:00,2106.546,1965.42,1264.158,2317.0099149999996,612.2860000000001,1183.700333
2023-04-19 01:00:00,1939.1339999999998,1764.296,1098.0620000000001,2057.306333,537.318,1077.4006669999999
2023-04-19 02:00:00,1747.469,1662.8159999999998,1038.6490000000001,1904.434666,484.572,988.6916659999999
2023-04-19 03:00:00,1691.4336660000001,1614.93,1015.657,1902.6559980000002,482.48299999999995,965.71
2023-04-19 04:00:00,1684.854,1640.6909999999998,1027.81,1919.293,470.589,965.722
2023-04-19 05:00:00,1795.67,1735.3400000000001,1103.8690000000001,2043.9351649999999,503.564,1029.1009999999999
2023-04-19 06:00:00,2040.9359989999998,1963.304,1302.929,2224.398706,553.6410000000001,1091.956666
2023-04-19 07:00:00,2315.1526670000003,2277.178,1510.714,2542.316251,660.587,1218.7923329999999
2023-04-19 08:00:00,2375.862,2498.849,1692.79,2667.5540389999996,750.905,1299.083333
2023-04-19 09:00:00,2434.8813330000003,2466.577,1687.1570000000002,2695.787998,721.704,1345.529
2023-04-19 10:00:00,2444.635,2427.170667,1649.5810000000001,2656.14333,696.704,1296.741333
2023-04-19 11:00:00,2413.5995000000003,2403.292,1626.477,2695.272667,695.115,1306.632333
2023-04-19 12:00:00,2461.204,2355.2169999999996,1641.269,2689.282332,691.82,1315.562666
2023-04-19 13:00:00,2367.202,2297.517,1572.622,2607.1265,676.434,1249.741667
2023-04-19 14:00:00,2300.793,2209.381,1483.0529999999999,2514.5826669999997,630.5219999999999,1276.8490000000002
2023-04-19 15:00:00,2264.65,2169.388,1432.8400000000001,2450.015421,621.487,1214.353333
2023-04-19 16:00:00,2465.939167,2290.3280000000004,1543.941,2590.2890049999996,682.862,1292.863334
2023-04-19 17:00:00,2539.559,2426.554,1598.746,2727.9400100000003,708.941,1397.432333
2023-04-19 18:00:00,2658.159999,2526.599,1707.3129999999999,2811.076847,721.4060000000001,1405.5210000000002
2023-04-19 19:00:00,2720.687,2588.9700000000003,1709.981,2972.396019,793.453,1453.855667
2023-04-19 20:00:00,2932.469166,2595.569,1767.8586670000002,3150.2968610000003,810.394,1477.1399999999999
2023-04-19 21:00:00,2935.440333,2730.016,1807.6276670000002,3221.374097,814.0450000000001,1494.2193320000001
2023-04-19 22:00:00,2851.1530000000002,2595.745,1642.8573330000002,3047.211832,771.5459999999999,1385.488
2023-04-19 23:00:00,2506.650667,2315.8520000000003,1472.2259999999999,2674.043835,704.4570000000001,1292.0496669999998
2023-04-20 00:00:00,2219.3935,2010.6979999999999,1278.719,2414.388333,615.2539999999999,1182.6616669999999
2023-04-20 01:00:00,2023.7945,1837.219,1144.451,2177.0640000000003,525.075,1078.8020000000001
2023-04-20 02:00:00,1860.55,1751.402,1062.757,2041.926172,501.85,1046.133666
2023-04-20 03:00:00,1828.575,1752.33,1051.395,2005.993,513.78,1030.6073339999998
2023-04-20 04:00:00,1843.549166,1778.004,1091.713667,2060.127335,523.677,1026.219667
2023-04-20 05:00:00,1941.346666,1900.976,1165.014999,2170.059501,551.677,1065.7713330000001
2023-04-20 06:00:00,2130.671667,2088.251,1337.5123330000001,2369.569499,619.773,1162.3539999999998
2023-04-20 07:00:00,2410.5546670000003,2439.654,1650.1039999999998,2718.6471659999997,714.407,1336.2869999999998
2023-04-20 08:00:00,2494.8726669999996,2623.257,1752.400667,2845.375501,800.1289999999999,1359.7269999999999
2023-04-20 09:00:00,2537.4753339999997,2505.5350000000003,1784.214667,2760.5863309999995,734.232,1348.1399999999999
2023-04-20 10:00:00,2533.133667,2436.1009999999997,1758.794,2716.383834,709.363,1371.4229999999998
2023-04-20 11:00:00,2496.046332,2404.953667,1704.141,2708.4576690000004,708.572,1365.851
2023-04-20 12:00:00,2507.7969999999996,2400.679,1659.5700000000002,2729.443169,668.414,1345.288
2023-04-20 13:00:00,2510.494334,2448.331,1723.1639999999998,2693.0796680000003,706.6610000000001,1349.304333
2023-04-20 14:00:00,2495.707333,2354.24,1644.851334,2616.406167,691.862,1371.221001
2023-04-20 15:00:00,2546.8173340000003,2379.263,1624.9140000000002,2643.676501,711.097,1333.571001
2023-04-20 16:00:00,2604.971334,2449.036,1671.1923339999998,2786.9490029999997,743.174,1423.5166669999999
2023-04-20 17:00:00,2815.931168,2574.473,1780.3386670000002,2928.550668,807.678,1503.696
2023-04-20 18:00:00,3027.463168,2757.418,1954.288,3206.7275,897.9413340000001,1614.957667
2023-04-20 19:00:00,3126.604,2879.581,2043.739666,3287.031997,898.296667,1702.886
2023-04-20 20:00:00,3113.348,2887.8520000000003,1944.792,3252.1530000000002,904.933,1641.458
2023-04-20 21:00:00,3027.577333,2851.677,1826.3980000000001,3211.498666,860.1030000000001,1564.262666
2023-04-20 22:00:00,2795.603,2572.5699999999997,1650.446,2937.6386629999997,770.116,1459.095
2023-04-20 23:00:00,2522.7030000000004,2306.617,1447.496,2633.6989980000003,664.429,1306.252333
2023-04-21 00:00:00,2166.988666,1927.618,1293.366,2338.3811640000004,573.389,1143.590667
2023-04-21 01:00:00,1938.374667,1750.076,1109.584,2086.567161,509.101,995.983334
2023-04-21 02:00:00,1796.4009999999998,1668.464,1048.3799999999999,1946.779664,480.37733299999996,915.847334
2023-04-21 03:00:00,1683.123,1598.682,984.261,1825.8308319999999,447.061666,913.4269999999999
2023-04-21 04:00:00,1657.422,1559.601,1008.572,1804.929498,464.356,911.2653339999999
2023-04-21 05:00:00,1726.349,1615.282,1041.623,1881.021666,463.194,955.767333
2023-04-21 06:00:00,1856.0205,1818.563,1208.0349999999999,2073.751001,525.618,984.077333
2023-04-21 07:00:00,2152.388167,2103.189,1432.9299999999998,2375.133167,595.692,1210.384666
2023-04-21 08:00:00,2249.386334,2344.5280000000002,1622.7620000000002,2570.9136660000004,704.052,1213.8200000000002
2023-04-21 09:00:00,2268.6586660000003,2294.1440000000002,1584.9040000000002,2465.958331,679.8789999999999,1191.593001
2023-04-21 10:00:00,2212.0785,2232.716,1522.969,2519.533498,686.759,1158.5729999999999
2023-04-21 11:00:00,2250.6623339999996,2191.718,1499.808,2392.006998,622.484,1175.687
2023-04-21 12:00:00,2210.489333,2116.124,1439.555,2323.4053329999997,626.685,1153.782333
2023-04-21 13:00:00,2116.5583340000003,2076.3720000000003,1407.763,2292.798,590.346,1086.904667
2023-04-21 14:00:00,2034.3154999999997,2027.583,1366.846333,2284.925332,562.043,1059.3799990000002
2023-04-21 15:00:00,1978.6423330000002,1968.901,1327.897,2263.931331,549.276,1070.700333
2023-04-21 16:00:00,2062.7690000000002,2051.672,1311.105,2299.917168,542.401,1085.328667
2023-04-21 17:00:00,2250.786333,2174.5950000000003,1424.4140000000002,2488.350166,588.867,1156.661333
2023-04-21 18:00:00,2392.950333,2324.234,1589.055001,2584.69167,649.7739999999999,1186.385
2023-04-21 19:00:00,2438.3650000000002,2299.3239999999996,1585.450333,2610.749661,664.6500000000001,1221.3503340000002
2023-04-21 20:00:00,2369.017,2333.927,1529.205,2630.1338339999998,671.2990000000001,1213.9170020000001
2023-04-21 21:00:00,2366.924,2416.5299999999997,1547.9560000000001,2635.0650020000003,657.231,1199.959333
2023-04-21 22:00:00,2334.9160009999996,2320.531,1495.3169990000001,2548.811169,630.3969999999999,1170.5810000000001
2023-04-21 23:00:00,2125.665,2073.665,1315.760999,2290.5885019999996,546.0889999999999,1101.864668
2023-04-22 00:00:00,1815.7510000000002,1850.876,1188.526,2064.148501,505.34000000000003,983.941667
2023-04-22 01:00:00,1695.992,1674.8290000000002,1054.265001,1829.4565010000001,443.012333,874.1413329999999
2023-04-22 02:00:00,1510.650666,1508.512,950.9856669999999,1674.290833,402.484666,821.488334
2023-04-22 03:00:00,1423.389667,1451.484,900.439667,1576.579171,387.098001,736.5980000000001
2023-04-22 04:00:00,1443.998999,1442.0439999999999,896.0400000000001,1552.703998,374.673,732.016
2023-04-22 05:00:00,1434.518333,1444.9990000000003,928.9596670000001,1575.016998,392.539,755.559
2023-04-22 06:00:00,1521.974333,1536.54,1002.5230000000001,1663.086002,409.64700000000005,774.7909999999999
2023-04-22 07:00:00,1637.910333,1757.9399999999998,1138.589,1851.443506,466.16700000000003,867.1600000000001
2023-04-22 08:00:00,1777.593667,2061.772,1311.4470000000001,2094.908163,553.75,1000.8373330000001
2023-04-22 09:00:00,2118.4449999999997,2260.504,1510.953,2342.534001,611.442,1141.8270000000002
2023-04-22 10:00:00,2241.488333,2362.248,1615.319999,2533.3546659999997,651.3530000000001,1133.005
2023-04-22 11:00:00,2289.089333,2392.102,1572.735999,2557.1621670000004,676.1210000000001,1166.138
2023-04-22 12:00:00,2258.071833,2304.3450000000003,1536.513333,2498.569331,642.951,1200.4630000000002
2023-04-22 13:00:00,2229.5566679999997,2144.09,1496.441333,2430.6528319999998,625.86,1147.8410000000001
2023-04-22 14:00:00,2131.8540000000003,2098.539333,1396.197333,2300.588834,566.9370000000001,1085.4866670000001
2023-04-22 15:00:00,2047.0774999999999,1990.8540000000003,1353.156,2311.084502,531.356,1038.963667
2023-04-22 16:00:00,2026.528,2003.828,1322.548667,2230.347667,525.594,1001.3006660000001
2023-04-22 17:00:00,1973.281833,2083.602667,1355.231,2228.594166,578.473,1021.554333
2023-04-22 18:00:00,2057.9623340000003,2184.4889999999996,1462.143001,2192.267,561.343,990.219
2023-04-22 19:00:00,2075.75,2227.29,1470.722,2287.7313320000003,591.375,1050.6760000000002
2023-04-22 20:00:00,2140.034,2238.4519999999998,1432.307333,2287.2585,609.297,1012.6846670000001
2023-04-22 21:00:00,2207.2290000000003,2210.5020000000004,1472.908,2351.830836,613.0249999999999,1031.945
2023-04-22 22:00:00,2048.529,2083.551,1372.5013330000002,2208.254241,577.5319999999999,984.872333
2023-04-22 23:00:00,1864.4679999999998,1883.63,1236.283332,2099.42799,532.1659999999999,926.0450000000001
2023-04-23 00:00:00,1673.414,1688.9740000000002,1050.393333,1836.23224,464.11,847.865
2023-04-23 01:00:00,1506.271,1563.906,945.187999,1615.668491,416.345,743.666666
2023-04-23 02:00:00,1274.193999,1402.347,844.625667,1452.759426,333.64,652.203666
2023-04-23 03:00:00,1173.112666,1296.47,807.899,1356.679333,298.321,624.249333
2023-04-23 04:00:00,1155.257,1231.515,784.763,1302.5809980000001,305.98499999999996,567.0629999999999
2023-04-23 05:00:00,1133.384,1220.388,787.444,1262.8084979999999,312.265,597.341999
2023-04-23 06:00:00,1220.437,1316.5120000000002,838.762,1312.039998,314.96299999999997,614.416667
2023-04-23 07:00:00,1337.0610000000001,1496.606,969.857,1462.2793340000003,365.89099999999996,701.841667
2023-04-23 08:00:00,1514.884,1815.968,1210.4070000000002,1767.822666,455.584,844.558667
2023-04-23 09:00:00,1780.3336669999999,2143.458,1417.633,1953.233832,557.009,942.2589989999999
2023-04-23 10:00:00,2061.050334,2319.0150000000003,1533.2069999999999,2261.92667,646.162,1045.2133330000001
2023-04-23 11:00:00,2256.090001,2445.9139999999998,1614.7980000000002,2431.5303350000004,701.674,1125.046333
2023-04-23 12:00:00,2358.786333,2562.266,1760.21,2559.221666,702.825,1241.480666
2023-04-23 13:00:00,2438.4610000000002,2616.5570000000002,1765.1910000000003,2616.051501,700.742,1256.105
2023-04-23 14:00:00,2418.5649999999996,2599.734,1696.4920000000002,2635.444662,694.06,1300.636333
2023-04-23 15:00:00,2360.7030000000004,2463.568,1626.296,2612.0693309999997,695.353,1230.4979990000002
2023-04-23 16:00:00,2346.839,2483.538,1644.716,2530.614998,703.252,1268.335667
2023-04-23 17:00:00,2492.860667,2616.8540000000003,1745.2269999999999,2684.413834,698.2729999999999,1354.754
2023-04-23 18:00:00,2591.619333,2766.535,1824.237,2837.173567,682.879,1375.8000000000002
2023-04-23 19:00:00,2564.3106669999997,2770.16,1777.559,2915.388767,749.9780000000001,1362.012667
2023-04-23 20:00:00,2586.389,2789.88,1748.44,2902.8201660000004,728.092,1321.430666
2023-04-23 21:00:00,2650.2039999999997,2732.566,1740.4,2879.034334,723.645,1345.551
2023-04-23 22:00:00,2448.551,2478.365,1604.531,2691.8863370000004,699.7959999999999,1266.575
2023-04-23 23:00:00,2155.3819999999996,2153.853,1408.211,2408.2223329999997,606.234,1144.391666
2023-04-24 00:00:00,1891.123334,1852.187334,1220.603,2053.735001,499.09900000000005,955.507
2023-04-24 01:00:00,1696.1386669999997,1638.675,1012.3049999999998,1794.845334,434.48600000000005,847.778
2023-04-24 02:00:00,1516.827667,1500.601,947.308,1644.40567,409.742,772.179
2023-04-24 03:00:00,1432.4180000000001,1471.569,884.644,1563.420675,385.611,773.719
2023-04-24 04:00:00,1387.9456670000002,1460.6326669999999,936.1590000000001,1543.986331,408.73,748.112666
2023-04-24 05:00:00,1484.774,1564.6223329999998,970.246,1681.031332,427.423,790.7889989999999
2023-04-24 06:00:00,1651.25,1791.4406669999998,1127.963,1823.602494,487.29400000000004,895.9290000000001
2023-04-24 07:00:00,1927.1779999999999,2083.3280000000004,1372.577,2115.490499,554.0160000000001,1070.186
2023-04-24 08:00:00,2018.8120000000001,2295.715,1515.989,2265.5644979999997,615.576,1089.021667
2023-04-24 09:00:00,2064.422667,2207.657,1525.8999999999999,2239.511003,619.8530000000001,1076.063
2023-04-24 10:00:00,2066.5730009999997,2113.4759999999997,1440.1190000000001,2244.922665,593.4379999999999,1001.227332
2023-04-24 11:00:00,2070.641001,2104.469,1446.607,2277.1716680000004,614.674,1029.213666
2023-04-24 12:00:00,2040.195,2120.4139999999998,1439.097,2246.912833,591.7850000000001,1079.862333
2023-04-24 13:00:00,2076.1229999999996,2013.732,1414.3029999999999,2222.645501,543.09,1078.177667
2023-04-24 14:00:00,1992.768,1965.217,1338.534,2156.248671,507.176,1025.010333
2023-04-24 15:00:00,2023.0426670000002,1981.974,1293.52,2137.4278320000003,502.21999999999997,1053.8829999999998
2023-04-24 16:00:00,2074.3326660000002,2003.6009999999999,1296.679,2172.577504,531.8629999999999,1059.473333
2023-04-24 17:00:00,2223.5553330000002,2143.166,1440.75,2369.415664,555.6650000000001,1110.951667
2023-04-24 18:00:00,2429.308,2427.191,1591.0320000000002,2551.592667,643.122,1182.263
2023-04-24 19:00:00,2414.04,2527.1949999999997,1649.919,2713.063669,704.007,1244.892333
2023-04-24 20:00:00,2473.502,2483.613,1634.844,2700.115669,705.517,1287.235667
2023-04-24 21:00:00,2571.4519999999998,2514.5879999999997,1608.117667,2757.1793310000003,674.367,1292.9569999999999
2023-04-24 22:00:00,2409.826333,2357.639333,1565.1583329999999,2534.136334,646.499,1205.929
2023-04-24 23:00:00,2089.691,2080.54,1331.5566669999998,2226.351163,581.01,1097.204666
2023-04-25 00:00:00,1810.4720000000002,1765.149,1114.680333,1943.767173,539.768,974.130666
2023-04-25 01:00:00,1566.114667,1559.534,986.7886669999999,1740.678996,457.613,845.141
2023-04-25 02:00:00,1470.7296660000002,1499.862,974.8320000000001,1563.612338,410.15700000000004,781.274
2023-04-25 03:00:00,1420.42,1470.013,912.061,1520.778835,408.418,757.190333
2023-04-25 04:00:00,1419.223,1486.277,916.241333,1531.277002,411.191,798.8969999999999
2023-04-25 05:00:00,1514.045,1603.978,1011.8190000000001,1686.999167,434.723,839.033
2023-04-25 06:00:00,1709.876,1851.788,1168.238,1888.281667,498.09000000000003,920.526333
2023-04-25 07:00:00,1972.575,2153.6310000000003,1371.546667,2260.245004,591.859,1047.014333
2023-04-25 08:00:00,2055.59,2323.096,1494.531,2324.450997,637.197,1105.431333
2023-04-25 09:00:00,2037.916667,2186.678,1466.651,2238.364669,624.4390000000001,1034.093001
2023-04-25 10:00:00,2005.3953339999998,2076.9179999999997,1413.05,2185.421838,585.152,1069.2286669999999
2023-04-25 11:00:00,1888.179,1885.376,1339.038,2045.835501,573.6379999999999,986.828
2023-04-25 12:00:00,1948.9970000000003,1875.642,1302.08,2092.2201649999997,501.116,952.339333
2023-04-25 13:00:00,1842.7019999999998,1839.8719999999998,1222.1039999999998,2004.4591639999999,486.126333,942.029
2023-04-25 14:00:00,1762.241,1779.1640000000002,1147.5539999999999,1865.984998,443.13800000000003,919.127666
2023-04-25 15:00:00,1773.319,1733.7980000000002,1117.512667,1845.9451720000002,445.470333,894.235667
2023-04-25 16:00:00,1823.676,1750.558,1168.257667,1889.665166,460.46166500000004,925.936334
2023-04-25 17:00:00,1941.552,1859.1789999999999,1264.129333,2018.8474970000002,484.4440000000001,951.199667
2023-04-25 18:00:00,2006.704334,2043.319,1367.444,2138.265503,574.6990089999999,1024.0879989999999
2023-04-25 19:00:00,2055.5636670000004,2153.2129999999997,1483.197334,2296.902834,396.012001,1079.9646670000002
2023-04-25 20:00:00,2187.704,2261.067,1475.345333,2451.652503,459.747,1092.8473330000002
2023-04-25 21:00:00,2336.580999,2327.634,1464.997667,2511.0844989999996,661.547,1113.641333
2023-04-25 22:00:00,2275.539,2246.348,1450.220334,2438.140335,607.5966669999999,1144.915999
2023-04-25 23:00:00,1969.6889999999999,1927.402,1277.575333,2121.13654,545.3413330000001,973.87
2023-04-26 00:00:00,1674.092333,1641.7150000000001,1069.7526659999999,1802.613251,453.827,823.026
2023-04-26 01:00:00,1466.8695,1452.8220000000001,913.043999,1533.780037,347.93566699999997,712.69
2023-04-26 02:00:00,1311.847667,1357.261,848.347667,1440.428669,324.510667,658.359
2023-04-26 03:00:00,1278.489667,1299.449,833.093001,1378.936998,337.514,681.866667
2023-04-26 04:00:00,1290.9699999999998,1320.95,830.318334,1388.4106649999999,333.952,668.183333
2023-04-26 05:00:00,1405.021,1412.9370000000001,876.3116669999999,1520.196001,375.044,717.779
2023-04-26 06:00:00,1569.603,1616.991,1032.381668,1724.0721669999998,424.25300000000004,775.996999
2023-04-26 07:00:00,1843.989,1966.78,1281.972,2044.665838,535.502,894.278
2023-04-26 08:00:00,1944.571,2125.141,1351.885667,2163.397662,604.547,926.77
2023-04-26 09:00:00,1973.504,2065.562,1344.766,2105.729663,566.965,977.176334
2023-04-26 10:00:00,1903.307333,1990.047,1268.556332,2060.226495,513.573,963.354334
2023-04-26 11:00:00,1796.830334,1892.069,1235.032333,1987.715499,507.182,886.3199999999999
2023-04-26 12:00:00,1753.506333,1773.1149999999998,1218.968667,1926.741369,444.75,893.947334
2023-04-26 13:00:00,1724.4303340000001,1726.0620000000001,1166.578333,1861.263752,442.159,850.509666
2023-04-26 14:00:00,1581.3760000000002,1712.5030000000002,1134.222667,1775.8572089999998,394.265,826.108333
2023-04-26 15:00:00,1541.3523340000002,1700.412,1140.7793330000002,1739.384672,419.61800000000005,772.998
2023-04-26 16:00:00,1620.6799999999998,1735.242,1128.602667,1822.2985,419.774,844.0329999999999
2023-04-26 17:00:00,1778.9416660000002,1931.292,1240.69,1956.502834,449.396,906.309
2023-04-26 18:00:00,1957.381,2138.476,1384.358667,2105.389505,530.022,964.079667
2023-04-26 19:00:00,2024.533,2251.1099999999997,1427.856,2282.2418319999997,620.0169999999999,985.76
2023-04-26 20:00:00,2143.009,2252.194,1406.320667,2350.764334,615.046,1046.7443329999999
2023-04-26 21:00:00,2151.5776669999996,2350.8280000000004,1438.346,2483.578,585.066,1079.212
2023-04-26 22:00:00,2046.905667,2220.83,1388.863333,2356.0536620000003,564.525,1061.745
2023-04-26 23:00:00,1810.599,1877.649,1218.422,1979.8796670000002,480.169,904.677
2023-04-27 00:00:00,1510.491,1548.392,1015.0943320000001,1646.47817,428.19500000000005,709.028
2023-04-27 01:00:00,1294.489,1400.898667,887.1773330000001,1460.260998,332.101,605.9276669999999
2023-04-27 02:00:00,1144.076333,1284.3429999999998,782.312334,1292.411002,302.488,557.518334
2023-04-27 03:00:00,1056.878334,1201.148333,753.235334,1239.9816700000001,284.466,522.158
2023-04-27 04:00:00,1040.675667,1218.441,755.966334,1208.972334,291.588,525.3226669999999
2023-04-27 05:00:00,1142.961,1247.209667,784.554333,1308.283993,313.805,558.8986669999999
2023-04-27 06:00:00,1286.439,1423.084,908.300999,1454.1920020000002,357.9340000000001,637.345334
2023-04-27 07:00:00,1604.476,1778.922333,1108.432667,1762.389504,441.106,802.337
2023-04-27 08:00:00,1655.796,1927.1906669999998,1235.912,1854.238665,505.025,848.4583339999999
2023-04-27 09:00:00,1727.5755,1845.693667,1217.595668,1792.979002,476.40200000000004,819.300333
2023-04-27 10:00:00,1638.3200000000002,1834.232,1217.683667,1776.065665,464.81899999999996,809.681333
2023-04-27 11:00:00,1602.3670000000002,1740.0539999999999,1183.500333,1769.2091719999999,459.25300000000004,838.4100000000001
2023-04-27 12:00:00,1640.745,1743.766333,1208.44,1781.9150439999999,418.596,870.201999
2023-04-27 13:00:00,1598.279,1769.054,1171.454667,1844.056586,420.639,814.396
2023-04-27 14:00:00,1579.518333,1697.034,1137.1970000000001,1747.657046,410.78,812.671667
2023-04-27 15:00:00,1599.808,1736.565,1164.726666,1727.281333,431.97800000000007,827.272
2023-04-27 16:00:00,1640.750335,1811.8509999999999,1191.0729999999999,1784.969502,418.796,856.886
2023-04-27 17:00:00,1773.443334,2034.056,1296.286333,1985.568666,451.65,951.442
2023-04-27 18:00:00,1979.269333,2346.166,1503.0929999999998,2122.5326689999997,540.693,1021.7379999999998
2023-04-27 19:00:00,2035.228333,2442.04,1561.731,2274.628243,591.1659999999999,1114.5586669999998
2023-04-27 20:00:00,2063.745667,2484.968,1591.358667,2356.464999,585.5719999999999,1076.253
2023-04-27 21:00:00,2143.010667,2482.8450000000003,1616.8049999999998,2440.5433310000003,601.768,1060.9013340000001
2023-04-27 22:00:00,2127.8493329999997,2325.9,1490.4260009999998,2343.2660020000003,576.6690000000001,1063.485667
2023-04-27 23:00:00,1845.5589989999999,1976.923,1299.2709999999997,2015.5042990000002,487.03999999999996,918.959333
2023-04-28 00:00:00,1523.358666,1683.838,1042.672001,1678.1528039999998,385.154,774.479666
2023-04-28 01:00:00,1261.2060000000001,1480.3020000000001,889.3416659999999,1457.562147,329.591,623.8900000000001
2023-04-28 02:00:00,1074.4243350000002,1308.247,819.4363340000001,1254.592478,299.628,582.720333
2023-04-28 03:00:00,1017.468001,1213.384,738.483333,1188.837671,261.373,509.624
2023-04-28 04:00:00,994.8599999999999,1202.383,750.824667,1156.9338320000002,257.291,501.823
2023-04-28 05:00:00,1062.285999,1211.1580000000001,761.292333,1226.3444989999998,269.66700000000003,530.868666
2023-04-28 06:00:00,1180.602666,1338.7269999999999,864.769333,1340.195166,308.40999999999997,592.3199999999999
2023-04-28 07:00:00,1420.0120000000002,1637.847333,1033.176,1577.241837,399.025,706.954
2023-04-28 08:00:00,1511.883333,1837.797667,1140.0476669999998,1773.4576900000002,456.576,790.403
2023-04-28 09:00:00,1607.298334,1783.2200000000003,1207.793333,1782.3011569999999,458.714,805.575
2023-04-28 10:00:00,1609.299833,1805.3359999999998,1193.108667,1805.7441279999998,445.882,827.0930000000001
2023-04-28 11:00:00,1666.915333,1764.527,1244.3336669999999,1815.139436,427.839,835.869
2023-04-28 12:00:00,1731.938666,1839.598,1279.279,1840.971243,433.69899999999996,899.3269999999999
2023-04-28 13:00:00,1765.375667,1855.232,1344.207333,1959.5440019999999,468.35699999999997,852.279
2023-04-28 14:00:00,1753.124667,1911.598,1345.402,2014.6593300000002,486.47300000000007,889.2909999999999
2023-04-28 15:00:00,1793.134,2056.13,1418.145667,2068.578,509.40500000000003,934.777
2023-04-28 16:00:00,1883.977,2278.334,1554.277,2163.936495,481.408,991.479
2023-04-28 17:00:00,2004.7923329999999,2555.696,1693.6580000000001,2347.541666,543.925,1082.85
2023-04-28 18:00:00,2149.119334,2823.465,1845.162,2499.667996,629.4739999999999,1118.305334
2023-04-28 19:00:00,2185.940666,2903.794,1844.680667,2543.851355,676.657,1128.3069990000001
2023-04-28 20:00:00,2165.204334,2876.307,1849.3236670000001,2547.964202,695.6700000000001,1116.357
2023-04-28 21:00:00,2142.563,2789.489,1798.852667,2510.10038,657.3910000000001,1185.238333
2023-04-28 22:00:00,2073.820334,2637.227,1657.762333,2522.194053,593.1990000000001,1047.105333
2023-04-28 23:00:00,1876.782666,2354.307,1489.539,2180.0960649999997,517.659,927.312667
2023-04-29 00:00:00,1618.3629999999998,1974.0720000000001,1250.577334,1905.710906,478.503,819.427
2023-04-29 01:00:00,1395.505666,1659.2930000000001,1047.7763330000002,1646.7967479999998,375.80799999999994,697.688666
2023-04-29 02:00:00,1242.448666,1441.461,914.896,1423.1329230000001,324.43100000000004,602.7850000000001
2023-04-29 03:00:00,1080.4683340000001,1309.327,825.773335,1299.7689340000002,284.207,542.9843330000001
2023-04-29 04:00:00,1050.7491670000002,1251.5100000000002,768.855,1214.800613,267.141,525.964
2023-04-29 05:00:00,1033.784999,1221.107,769.962999,1221.955802,256.153,522.246
2023-04-29 06:00:00,1058.455,1250.216,790.651665,1258.1500019999999,284.962,517.487333
2023-04-29 07:00:00,1176.632666,1366.181,921.225,1357.938166,323.669,597.134001
2023-04-29 08:00:00,1343.1893340000001,1635.95,1102.732334,1639.136238,399.94599999999997,734.197667
2023-04-29 09:00:00,1630.427667,1917.0120000000002,1244.467666,1919.800425,474.25800000000004,848.864
2023-04-29 10:00:00,1785.704,2088.3266670000003,1331.984666,2092.465169,516.391,944.102667
2023-04-29 11:00:00,1941.8660009999999,2099.394,1419.830667,2138.671667,568.545,1002.574
2023-04-29 12:00:00,2005.4155,2117.44,1448.4973329999998,2210.447333,562.888,1050.739
2023-04-29 13:00:00,2003.945001,2253.411,1537.542666,2266.312668,557.4670000000001,1007.098
2023-04-29 14:00:00,2016.419667,2393.2209999999995,1552.7886669999998,2294.745164,540.869,1047.711333
2023-04-29 15:00:00,2082.404333,2630.1770000000006,1685.0156670000001,2328.380504,569.68,1084.1153339999998
2023-04-29 16:00:00,2080.0845,2744.4440000000004,1763.043,2473.2124999999996,621.417,1197.8070000000002
2023-04-29 17:00:00,2159.8740009999997,2950.611,1848.453,2551.862665,644.046,1202.204
2023-04-29 18:00:00,2218.1000000000004,3233.558,1943.2416670000002,2664.799669,682.651,1198.7546670000002
2023-04-29 19:00:00,2181.6616670000003,3244.048,1959.337667,2609.151662,687.33,1181.8850000000002
2023-04-29 20:00:00,2199.401667,3133.069,1850.081334,2527.988406,691.142,1167.987
2023-04-29 21:00:00,2180.87,2899.785,1758.5513329999999,2503.525159,639.6469999999999,1129.6686670000001
2023-04-29 22:00:00,2080.6913329999998,2598.555,1573.811334,2349.707464,592.7719999999999,1082.701
2023-04-29 23:00:00,1869.965333,2300.407,1353.893333,2081.8370999999997,537.914,950.173
2023-04-30 00:00:00,1602.711167,1873.5970000000002,1138.634334,1823.580733,434.36,797.152
2023-04-30 01:00:00,1366.6280000000002,1587.5430000000001,972.728668,1539.001871,383.60300000000007,675.258
2023-04-30 02:00:00,1187.385332,1371.272,875.2660000000001,1399.0283439999998,337.674,591.271
2023-04-30 03:00:00,1067.373666,1271.319,810.822668,1243.7008110000002,287.17400000000004,531.021
2023-04-30 04:00:00,1013.038667,1216.804,759.1179999999999,1199.460279,272.702,525.606
2023-04-30 05:00:00,994.218833,1178.9499999999998,741.079,1157.0410769999999,280.02700000000004,493.304
2023-04-30 06:00:00,1055.407834,1186.427,786.982666,1190.801215,261.16600000000005,499.67499999999995
2023-04-30 07:00:00,1134.163001,1403.161,890.407667,1326.581685,306.485,600.589333
2023-04-30 08:00:00,1352.8620010000002,1648.4740000000002,1067.955,1529.410175,388.45799999999997,684.591001
2023-04-30 09:00:00,1605.867001,1897.07,1252.5590000000002,1793.936334,455.91600000000005,809.618
2023-04-30 10:00:00,1834.794834,2068.7200000000003,1361.239,2021.7161639999997,516.54,917.0916669999999
2023-04-30 11:00:00,2024.0724999999998,2127.87,1382.768,2121.529835,526.769,987.337001
2023-04-30 12:00:00,2137.829666,2192.002,1428.371667,2234.075001,543.941,1038.042
2023-04-30 13:00:00,2012.1909999999998,2223.511,1454.2890000000002,2186.700333,586.258,1050.473668
2023-04-30 14:00:00,2024.000667,2187.491,1406.255667,2229.068163,533.604,1029.418666
2023-04-30 15:00:00,1910.979,2131.132,1360.992,2098.189998,509.251,1031.717
2023-04-30 16:00:00,1978.3229999999999,2095.625,1417.893667,2104.2969999999996,527.383,1030.076333
2023-04-30 17:00:00,2001.819333,2189.451,1538.493333,2196.5011649999997,522.884,1036.182333
2023-04-30 18:00:00,2048.557334,2321.567,1564.3766679999999,2301.252501,551.94,1060.486334
2023-04-30 19:00:00,1996.2820000000002,2318.5739999999996,1516.187001,2318.469834,556.2729999999999,1052.8559999999998
2023-04-30 20:00:00,2059.536,2376.6549999999997,1502.223999,2364.079708,557.146,1046.517667
2023-04-30 21:00:00,2223.932,2383.547,1544.7640000000001,2430.078748,632.6499999999999,1109.188667
2023-04-30 22:00:00,2171.2200000000003,2259.401,1451.779,2313.8862099999997,628.1479999999999,1068.442
2023-04-30 23:00:00,1874.469,1974.9579999999999,1248.821001,2051.912835,490.40000000000003,894.5169999999999
2023-05-01 00:00:00,1560.4180000000001,1632.011,1067.520333,1713.6516659999998,406.825,808.0436669999999
2023-05-01 01:00:00,1303.889333,1385.926,903.659999,1523.020999,328.888,676.320334
2023-05-01 02:00:00,1124.671667,1259.2910000000002,797.5893329999999,1359.5920019999999,300.532,574.557333
2023-05-01 03:00:00,1072.0739999999998,1203.337,771.018667,1245.875998,283.555,531.498667
2023-05-01 04:00:00,1054.961001,1210.365,752.1213339999999,1222.757335,296.226,521.56
2023-05-01 05:00:00,1112.129333,1273.81,793.1490000000001,1302.2666669999999,293.706,550.9739999999999
2023-05-01 06:00:00,1257.984,1396.718,915.496667,1458.035508,339.93,637.3969999999999
2023-05-01 07:00:00,1457.4006669999999,1754.315,1069.388,1725.256677,427.5,786.693667
2023-05-01 08:00:00,1626.8416670000001,1934.8139999999999,1221.356,1852.383997,475.356,834.272333
2023-05-01 09:00:00,1630.9006669999999,1900.756,1300.213999,1883.65617,476.183,853.159667
2023-05-01 10:00:00,1681.0273339999999,1958.828,1240.906667,1945.512496,472.581,859.834333
2023-05-01 11:00:00,1741.411334,1932.871,1308.697,1953.254997,488.453,850.644
2023-05-01 12:00:00,1767.831,1899.255,1341.742667,1955.378502,457.865,911.348667
2023-05-01 13:00:00,1725.9899999999998,1847.066,1273.195666,1908.849331,469.172,896.050666
2023-05-01 14:00:00,1805.1509999999998,1797.2956669999999,1229.2599989999999,1916.3263339999999,447.174,887.1689999999999
2023-05-01 15:00:00,1799.513667,1858.102667,1179.3473330000002,1862.119663,449.927,883.6210000000001
2023-05-01 16:00:00,1843.512,1908.085,1270.250666,1952.401171,453.61199999999997,952.383
2023-05-01 17:00:00,1979.4569999999999,2071.6849999999995,1391.825667,2106.963167,513.578,1055.981
2023-05-01 18:00:00,2117.723999,2280.4809999999998,1585.369666,2270.473333,594.418,1102.8890000000001
2023-05-01 19:00:00,2230.358,2351.5,1509.1129999999998,2448.3843349999997,630.5239999999999,1170.2673340000001
2023-05-01 20:00:00,2185.309,2333.395,1502.751334,2486.727334,648.322,1171.877
2023-05-01 21:00:00,2237.0690000000004,2313.272,1538.3190009999998,2472.008002,607.4689999999999,1171.681667
2023-05-01 22:00:00,2216.8160000000003,2181.099,1478.848334,2309.121366,603.855,1111.746
2023-05-01 23:00:00,1907.518,1876.5300000000002,1219.440666,2080.173798,522.3610000000001,953.048333
2023-05-02 00:00:00,1554.3070000000002,1584.625,1022.9356670000001,1779.42,431.16900000000004,807.28
2023-05-02 01:00:00,1344.7669999999998,1430.108,883.491666,1513.7306700000001,359.33500000000004,688.302
2023-05-02 02:00:00,1216.211667,1342.6599999999999,812.282999,1374.315167,327.688,620.576667
2023-05-02 03:00:00,1172.943,1270.012,790.659333,1308.7496620000002,317.10299999999995,614.8176659999999
2023-05-02 04:00:00,1160.388,1285.0099999999998,785.162333,1315.847003,315.723,607.6686659999999
2023-05-02 05:00:00,1234.839333,1328.151,838.5366670000001,1393.2946670000001,327.889,670.292333
2023-05-02 06:00:00,1384.217333,1489.4679999999998,978.184,1561.655499,381.241,715.4283330000001
2023-05-02 07:00:00,1614.090334,1815.677666,1197.7100010000001,1859.8013310000001,490.977,846.344
2023-05-02 08:00:00,1688.292,2020.7106669999998,1244.5539999999999,1942.9046689999998,520.539,901.322
2023-05-02 09:00:00,1726.743334,1968.6350000000002,1267.232,1906.7804979999999,489.568,859.863334
2023-05-02 10:00:00,1737.696999,1865.433,1253.5803329999999,1938.661668,455.55899999999997,889.539
2023-05-02 11:00:00,1727.4023339999999,1842.104,1239.992667,1891.881998,436.45799999999997,891.835
2023-05-02 12:00:00,1760.116334,1824.784,1200.884333,1885.2361660000001,420.444,895.2296670000001
2023-05-02 13:00:00,1764.155667,1773.863,1197.374,1861.700659,433.869,872.4159999999999
2023-05-02 14:00:00,1609.283334,1699.888,1133.471,1806.721751,416.824,849.52
2023-05-02 15:00:00,1684.143333,1678.863,1102.899666,1704.612008,415.97399999999993,809.724
2023-05-02 16:00:00,1784.940333,1732.384,1082.395667,1820.845845,427.14200000000005,852.654667
2023-05-02 17:00:00,1925.8985,1902.694,1221.493667,2003.8340819999999,464.725,950.292
2023-05-02 18:00:00,2019.344833,2066.571,1348.722334,2184.232836,554.279,1016.532332
2023-05-02 19:00:00,2075.581667,2191.053,1454.908,2268.7913360000002,586.75,1056.579666
2023-05-02 20:00:00,2156.251,2168.205,1424.573667,2390.643498,601.296,1067.517
2023-05-02 21:00:00,2228.826666,2284.4080000000004,1480.357333,2453.8134959999998,613.5409999999999,1076.7690010000001
2023-05-02 22:00:00,2087.0006670000002,2094.8940000000002,1409.241999,2272.156331,561.58,1041.895333
2023-05-02 23:00:00,1806.569,1916.3609999999999,1231.119333,1976.7916639999999,478.44500000000005,912.365
2023-05-03 00:00:00,1530.6860000000001,1603.9520000000002,1026.000666,1662.061335,389.653,761.292668
2023-05-03 01:00:00,1344.247,1374.533,856.062332,1398.6859989999998,345.243,661.6533340000001
2023-05-03 02:00:00,1164.382,1258.097,776.4413339999999,1283.270493,305.102,586.8993330000001
2023-05-03 03:00:00,1087.6933330000002,1198.255,760.219668,1231.009497,288.328,555.830667
2023-05-03 04:00:00,1100.312,1205.859,753.9726660000001,1227.912168,289.9,559.3646659999999
2023-05-03 05:00:00,1151.51,1273.859,808.909999,1319.4674989999999,301.231,620.771666
2023-05-03 06:00:00,1335.63,1409.324,941.899667,1493.869166,357.601,688.8799999999999
2023-05-03 07:00:00,1622.059333,1733.175,1126.0213330000001,1791.745664,437.05899999999997,785.7926659999999
2023-05-03 08:00:00,1695.801,1941.145,1235.739333,1959.8183279999998,499.11799999999994,830.4383339999999
2023-05-03 09:00:00,1706.8766660000001,1861.372,1268.9733339999998,1873.1888330000002,471.48100000000005,824.647333
2023-05-03 10:00:00,1712.165166,1814.326,1216.943667,1815.056544,469.073,870.960333
2023-05-03 11:00:00,1635.7795,1764.122,1178.879,1784.610999,424.689,863.4879999999999
2023-05-03 12:00:00,1681.109332,1706.996,1182.465334,1779.125786,434.919,844.6433339999999
2023-05-03 13:00:00,1672.081,1697.459,1153.4823339999998,1770.1474990000002,415.846,807.656333
2023-05-03 14:00:00,1607.161334,1679.1570000000002,1181.317333,1703.696169,415.254,793.3109999999999
2023-05-03 15:00:00,1602.277667,1684.279,1135.753667,1741.60567,405.621,792.518667
2023-05-03 16:00:00,1686.9470000000001,1823.335,1187.476666,1777.452999,425.87800000000004,826.882
2023-05-03 17:00:00,1818.052499,2031.2099999999998,1314.504334,1939.0475,493.944,899.9636659999999
2023-05-03 18:00:00,2004.863167,2199.285,1401.7379999999998,2196.285167,528.606,978.9223320000001
2023-05-03 19:00:00,2073.289667,2297.1360000000004,1458.849,2330.173165,573.432,1019.759333
2023-05-03 20:00:00,2200.8869999999997,2288.029,1543.851667,2376.751332,573.5310000000001,1076.0443329999998
2023-05-03 21:00:00,2180.293667,2259.138,1523.689999,2307.7128359999997,524.311,1106.299
2023-05-03 22:00:00,2062.457667,2102.219,1439.396666,2186.971001,534.7270000000001,1003.162
2023-05-03 23:00:00,1784.661666,1942.2889999999998,1206.058667,1917.418667,485.134,862.702
2023-05-04 00:00:00,1463.9836670000002,1572.005,998.604666,1623.582335,379.799,718.3233339999999
2023-05-04 01:00:00,1226.414667,1385.286,897.9309999999999,1420.285499,330.291,623.8903339999999
2023-05-04 02:00:00,1094.2623330000001,1257.366,800.465333,1262.387998,282.251,533.876667
2023-05-04 03:00:00,1042.667333,1196.7730000000001,772.194334,1207.744666,281.76599999999996,538.49
2023-05-04 04:00:00,1059.263667,1166.593,764.437334,1183.466335,281.029,517.301
2023-05-04 05:00:00,1095.839,1215.175,786.0086670000001,1260.176496,291.405,544.506667
2023-05-04 06:00:00,1279.9463329999999,1372.873,906.6523340000001,1406.963138,333.255,616.499667
2023-05-04 07:00:00,1527.422333,1688.7279999999998,1075.746,1704.4962019999998,415.808,756.5450000000001
2023-05-04 08:00:00,1634.822333,1960.459,1203.464,1824.1093329999999,472.095,860.545334
2023-05-04 09:00:00,1669.9246669999998,1927.6660000000002,1291.0963339999998,1812.0135,485.44100000000003,875.920666
2023-05-04 10:00:00,1725.107833,1845.8570000000002,1287.4756659999998,1819.365332,473.98,872.703
2023-05-04 11:00:00,1769.8286659999999,1953.0,1326.3973340000002,1896.226767,461.233,912.061333
2023-05-04 12:00:00,1879.871334,2018.048333,1350.080667,2020.8025510000002,496.87800000000004,996.025332
2023-05-04 13:00:00,1899.9436660000001,2161.160333,1380.4086670000002,2098.424502,504.64599999999996,987.5413329999999
2023-05-04 14:00:00,1861.91,2054.320667,1395.518667,2037.646499,499.942,967.5653339999999
2023-05-04 15:00:00,1935.407999,1978.857,1362.896,2053.3355,510.05699999999996,960.872666
2023-05-04 16:00:00,2016.400666,2046.184667,1335.592999,2151.8106669999997,543.144,1049.4850000000001
2023-05-04 17:00:00,2169.008167,2173.998667,1411.242333,2319.529837,579.935,1122.8793329999999
2023-05-04 18:00:00,2335.3435,2306.124,1542.683,2457.503837,634.466,1150.695667
2023-05-04 19:00:00,2409.165999,2431.137,1572.200668,2655.684167,708.336333,1259.700334
2023-05-04 20:00:00,2448.818666,2432.925,1539.309333,2660.1759979999997,699.888,1258.252
2023-05-04 21:00:00,2431.914334,2432.1143329999995,1536.628666,2685.50533,667.884,1211.189333
2023-05-04 22:00:00,2265.969667,2213.956,1470.2683339999999,2415.637555,641.028,1130.184333
2023-05-04 23:00:00,1992.577334,2017.528,1251.330332,2151.176306,558.124,971.272667
2023-05-05 00:00:00,1655.173333,1705.437,1082.428333,1919.113226,459.721,825.113
2023-05-05 01:00:00,1433.6766670000002,1529.507,946.365332,1665.961808,372.45799999999997,754.603
2023-05-05 02:00:00,1321.024666,1402.277,873.301001,1477.464399,345.528,687.0433330000001
2023-05-05 03:00:00,1266.884334,1330.804,837.485666,1420.6226480000003,332.54099999999994,654.681
2023-05-05 04:00:00,1249.2350000000001,1323.205,842.9490000000001,1418.095665,347.37699999999995,653.305
2023-05-05 05:00:00,1341.492,1390.1080000000002,871.287333,1506.6786690000001,354.827,714.539
2023-05-05 06:00:00,1479.7743329999998,1580.855,1015.848333,1612.8125000000002,394.66600000000005,778.682666
2023-05-05 07:00:00,1767.5155,1896.304,1219.538,2009.283508,486.13,906.7049999999999
2023-05-05 08:00:00,1782.8890000000001,2072.355,1335.964667,2118.626341,571.2860000000001,972.643
2023-05-05 09:00:00,1910.341,2069.7070000000003,1430.592667,2178.1436679999997,555.2869999999999,945.1139999999999
2023-05-05 10:00:00,1918.413333,2058.088,1430.4026669999998,2128.7110000000002,555.117,973.211667
2023-05-05 11:00:00,1965.166666,2018.9270000000001,1397.7040000000002,2163.027803,538.989,1019.556666
2023-05-05 12:00:00,1946.102166,1984.028,1372.517667,2140.2655210000003,557.848,1034.5233329999999
2023-05-05 13:00:00,1942.434833,1980.096,1367.774,2143.23724,518.0550000000001,978.7919999999999
2023-05-05 14:00:00,1846.258999,1932.8609999999999,1285.920667,2068.1231239999997,480.618,930.598999
2023-05-05 15:00:00,1821.3770009999998,1885.2140000000002,1263.6986670000001,2026.0123449999999,508.6809999999999,953.6193340000001
2023-05-05 16:00:00,1874.1313329999998,1934.655,1333.3923340000001,2100.280892,512.203,977.548333
2023-05-05 17:00:00,2078.528333,2074.012,1431.113667,2194.088121,526.233,1041.568333
2023-05-05 18:00:00,2183.368167,2239.898,1510.531,2292.677831,594.8130000000001,1108.0720000000001
2023-05-05 19:00:00,2197.3656659999997,2245.923,1539.893001,2336.775052,638.7270000000001,1104.585666
2023-05-05 20:00:00,2240.820999,2261.436,1547.668668,2426.730106,643.5640000000001,1046.0746669999999
2023-05-05 21:00:00,2198.5961660000003,2288.558,1502.143,2422.241325,585.142,1070.476999
2023-05-05 22:00:00,2067.964833,2231.624,1435.6523320000001,2229.712209,576.504,1045.221666
2023-05-05 23:00:00,1888.527666,1988.0880000000002,1281.956334,2017.594995,526.046,950.85
2023-05-06 00:00:00,1690.918333,1732.673,1114.029167,1819.091,462.225,845.737
2023-05-06 01:00:00,1472.1963340000002,1565.5030000000002,990.8379990000001,1619.2971659999998,387.513,769.5533330000001
2023-05-06 02:00:00,1342.110166,1429.195,908.328999,1514.6546630000003,354.896,709.9469999999999
2023-05-06 03:00:00,1256.096833,1343.747,845.4426669999999,1427.7036630000002,343.448333,665.840333
2023-05-06 04:00:00,1231.1045,1311.719,840.689667,1370.988169,343.705333,666.1863329999999
2023-05-06 05:00:00,1247.606833,1347.244,853.8713319999999,1394.9253350000001,335.197,670.682
2023-05-06 06:00:00,1333.7683339999999,1421.661,941.8739989999999,1464.322668,372.643332,695.366
2023-05-06 07:00:00,1471.650999,1627.233,1100.541334,1632.270666,437.178335,793.4830010000001
2023-05-06 08:00:00,1632.967667,1844.565,1276.114,1831.811572,499.18500000000006,897.6170000000001
2023-05-06 09:00:00,1770.857334,2009.5620000000001,1395.5866660000002,2096.934758,559.672,976.754
2023-05-06 10:00:00,1891.096666,2123.361667,1430.856333,2193.2529999999997,567.765,1026.733
2023-05-06 11:00:00,2048.247167,2111.664999,1403.731333,2283.797668,611.4359999999999,1012.632
2023-05-06 12:00:00,2138.2309999999998,2112.885,1477.7423330000001,2333.403666,581.2239999999999,1047.123
2023-05-06 13:00:00,2153.1775,2132.07,1460.143333,2291.641668,601.8600000000001,1019.0820000000001
2023-05-06 14:00:00,2158.101,2091.938,1450.5826670000001,2214.91867,558.347,1029.264
2023-05-06 15:00:00,2058.319166,2115.269,1425.8220000000001,2203.475168,523.719,1002.323
2023-05-06 16:00:00,2020.014167,2159.184,1395.249333,2186.3795010000003,555.8420000000001,1041.313333
2023-05-06 17:00:00,2073.3625,2213.0769999999998,1428.269333,2226.202333,556.12,1048.755333
2023-05-06 18:00:00,2110.918667,2203.45,1484.866667,2251.880666,563.505,1003.4723339999999
2023-05-06 19:00:00,2091.1795,2240.265,1442.603666,2281.378664,601.913,977.969
2023-05-06 20:00:00,2180.473,2258.799,1427.275334,2330.091165,617.113,1026.372999
2023-05-06 21:00:00,2100.452,2237.6270000000004,1403.029999,2377.667332,579.976,1040.655333
2023-05-06 22:00:00,2063.497,2147.584,1407.389667,2194.490834,565.386,1010.6600000000001
2023-05-06 23:00:00,1909.196,1960.301,1235.042333,1999.7931660000002,519.29,943.49
2023-05-07 00:00:00,1708.957834,1702.295,1087.7836659999998,1783.413165,443.538,831.9606660000001
2023-05-07 01:00:00,1492.144999,1548.558,959.044001,1635.2208340000002,380.477,742.155
2023-05-07 02:00:00,1321.115333,1415.292,924.984666,1531.514663,355.568,693.288666
2023-05-07 03:00:00,1251.702001,1334.641,843.1543340000001,1430.8346689999998,338.65000000000003,644.791333
2023-05-07 04:00:00,1243.146,1294.141,828.202,1381.510999,324.569,637.934
2023-05-07 05:00:00,1268.4496660000002,1322.158,840.319667,1345.031332,326.605,648.651333
2023-05-07 06:00:00,1300.4940000000001,1405.536,880.494666,1404.477831,352.058,666.3853330000001
2023-05-07 07:00:00,1421.2893339999998,1646.5729999999999,1043.638666,1562.9989130000001,394.485,779.371333
2023-05-07 08:00:00,1633.961667,1870.965,1212.2053329999999,1814.80651,470.404,888.187
2023-05-07 09:00:00,1883.249667,2147.2,1401.6983340000002,2083.649439,568.7639999999999,968.801001
2023-05-07 10:00:00,2012.903833,2217.8610000000003,1464.0069999999998,2264.707166,628.511,1090.7133330000001
2023-05-07 11:00:00,2164.376,2214.56,1507.048667,2342.427501,610.764,1117.728667
2023-05-07 12:00:00,2210.6875,2209.373,1508.678333,2374.575668,615.494,1104.370666
2023-05-07 13:00:00,2195.6364999999996,2216.7690000000002,1497.797333,2378.9281659999997,615.4449999999999,1119.942667
2023-05-07 14:00:00,2207.446167,2169.147,1454.646667,2275.917499,544.7710000000001,1116.035333
2023-05-07 15:00:00,2054.844333,2105.9629999999997,1407.944333,2187.674999,525.732,1040.479667
2023-05-07 16:00:00,2075.752667,2098.48,1340.8683340000002,2200.769336,514.246,1054.461333
2023-05-07 17:00:00,2069.251999,2138.901,1428.8543330000002,2309.866833,523.995,1089.585333
2023-05-07 18:00:00,2079.981001,2316.555,1480.842333,2271.754668,561.313,1085.1680000000001
2023-05-07 19:00:00,2085.805999,2338.7980000000002,1517.857,2358.790001,633.832,1074.422
2023-05-07 20:00:00,2156.992334,2373.9410000000003,1493.264666,2507.451406,616.759,1110.772
2023-05-07 21:00:00,2305.9973330000003,2437.451,1594.658,2580.5414819999996,656.548,1142.1689999999999
2023-05-07 22:00:00,2253.276333,2249.961,1509.880999,2425.862644,576.3199999999999,1109.647
2023-05-07 23:00:00,1972.567332,1962.836,1283.459332,2098.602836,502.24600000000004,966.464666
2023-05-08 00:00:00,1656.893333,1646.4089999999999,1048.041666,1817.3790009999998,433.495,816.664334
2023-05-08 01:00:00,1379.131166,1468.386333,921.800665,1554.233495,386.569666,673.208
2023-05-08 02:00:00,1264.020333,1385.102,836.873999,1373.1535009999998,329.729,644.208333
2023-05-08 03:00:00,1228.1996669999999,1304.618666,845.043,1313.544832,305.215666,623.099333
2023-05-08 04:00:00,1213.426668,1309.4386670000001,822.362001,1335.998506,314.535,624.238
2023-05-08 05:00:00,1284.791334,1412.003667,872.948001,1447.222494,337.6909999999999,677.3810000000001
2023-05-08 06:00:00,1453.124667,1583.282,1050.2816669999997,1651.450997,396.015,775.633
2023-05-08 07:00:00,1665.843667,1955.395,1259.458,1952.243664,488.71000000000004,930.437
2023-05-08 08:00:00,1792.644667,2112.455,1345.2166670000001,2027.259328,526.919,904.473
2023-05-08 09:00:00,1833.0349999999999,1993.7959999999998,1370.095001,2037.6570009999998,530.078,899.310999
2023-05-08 10:00:00,1882.4876680000002,1943.636,1356.443667,2058.030163,520.774,918.501666
2023-05-08 11:00:00,1816.960666,1916.908,1337.655667,2049.451329,507.127,893.2249999999999
2023-05-08 12:00:00,1829.9739989999998,1842.23,1269.6003329999999,2027.017834,472.568,879.388334
2023-05-08 13:00:00,1801.368332,1868.8400000000001,1252.7633329999999,1971.113665,476.172,912.906
2023-05-08 14:00:00,1732.121334,1769.174,1216.8543329999998,1940.4258340000001,489.571,858.1966659999999
2023-05-08 15:00:00,1733.490333,1739.3629999999998,1146.7306669999998,1851.586168,466.726,881.803001
2023-05-08 16:00:00,1788.405334,1804.72,1164.954333,1960.086835,457.108,910.102
2023-05-08 17:00:00,2004.926,2075.054,1366.462666,2181.354835,539.3829999999999,1033.548
2023-05-08 18:00:00,2145.028999,2383.165,1570.176667,2523.8248350000003,603.8199999999999,1143.343667
2023-05-08 19:00:00,2258.5254999999997,2476.704,1606.505,2618.54517,679.463,1177.4650000000001
2023-05-08 20:00:00,2322.611001,2384.273,1594.786333,2632.418165,672.735,1157.95
2023-05-08 21:00:00,2230.382333,2360.768,1565.3573350000001,2452.664665,646.991,1159.8700000000001
2023-05-08 22:00:00,2171.140333,2175.102,1442.1236669999998,2314.795998,592.7149999999999,1073.7559999999999
2023-05-08 23:00:00,1879.3106670000002,1944.46,1202.5696659999999,2072.315501,518.689,954.0176670000001
2023-05-09 00:00:00,1574.198335,1644.401,1039.278001,1774.9290019999999,402.615,802.5350020000001
2023-05-09 01:00:00,1376.629,1476.0819999999999,936.964667,1573.5778340000002,359.553,672.458334
2023-05-09 02:00:00,1223.440666,1363.141,861.1893319999999,1467.446833,332.716,621.1279999999999
2023-05-09 03:00:00,1200.445667,1307.356,830.052,1369.2404940000001,317.438,639.480333
2023-05-09 04:00:00,1198.382334,1353.227,839.83,1343.900162,326.155667,628.250667
2023-05-09 05:00:00,1262.612333,1383.319,865.326001,1458.3300020000001,349.834,687.261
2023-05-09 06:00:00,1450.603666,1607.306,1045.870999,1634.814838,402.952,766.658
2023-05-09 07:00:00,1716.9013329999998,1935.4669999999999,1235.435668,1996.588332,480.34000000000003,930.6293330000001
2023-05-09 08:00:00,1788.9359989999998,2153.683,1387.26,2109.696001,554.6790000000001,956.954667
2023-05-09 09:00:00,1803.828,2070.253,1330.988,2028.3099970000003,551.2,950.166999
2023-05-09 10:00:00,1786.9153350000001,2039.509,1323.4903330000002,2056.809497,534.8009999999999,896.9200000000001
2023-05-09 11:00:00,1775.170666,1874.82,1273.553667,2019.4826639999999,505.21500000000003,910.573334
2023-05-09 12:00:00,1777.907334,1854.511,1308.527333,1919.483667,488.855,901.615667
2023-05-09 13:00:00,1769.201,1825.576,1250.844333,1906.341494,482.48299999999995,847.201
2023-05-09 14:00:00,1666.170999,1725.58,1214.702,1785.341,441.93000000000006,872.612333
2023-05-09 15:00:00,1629.1099989999998,1661.725,1129.786333,1802.430214,411.562,843.016667
2023-05-09 16:00:00,1731.907667,1763.173,1163.084667,1868.178258,424.895,865.437334
2023-05-09 17:00:00,1844.8181670000001,1884.5,1251.306333,2011.2622959999999,449.316,948.914999
2023-05-09 18:00:00,1933.9195,2072.616,1342.6853339999998,2125.907007,542.846,1020.6089999999999
2023-05-09 19:00:00,2051.398333,2206.023,1389.993666,2235.9340460000003,583.088,1088.843
2023-05-09 20:00:00,2073.0373339999996,2227.748,1360.593668,2333.268254,591.446,1072.940667
2023-05-09 21:00:00,2155.160333,2245.822,1415.605001,2430.152627,585.324,1081.685
2023-05-09 22:00:00,2159.887334,2158.36,1369.610666,2352.09533,556.645,1031.5230000000001
2023-05-09 23:00:00,1924.246,1923.548,1245.342,2024.045209,468.52199999999993,913.7586670000001
2023-05-10 00:00:00,1604.2484999999997,1615.78,1040.137001,1700.291923,406.823,792.160667
2023-05-10 01:00:00,1327.4696669999998,1411.23,890.005666,1489.056125,316.046,729.4659999999999
2023-05-10 02:00:00,1192.2616659999999,1327.294,805.552666,1340.6993309999998,318.75700000000006,619.986
2023-05-10 03:00:00,1125.993334,1269.8629999999998,779.506666,1283.164666,286.05,595.7819999999999
2023-05-10 04:00:00,1123.088,1273.7350000000001,794.126334,1294.492831,306.143334,596.8729999999999
2023-05-10 05:00:00,1219.4709990000001,1360.717999,835.718332,1377.4409999999998,323.957667,667.1080000000001
2023-05-10 06:00:00,1415.499334,1510.825,976.656668,1597.996711,395.895,751.175
2023-05-10 07:00:00,1707.413335,1814.1003329999999,1156.5513329999999,1910.915749,448.361,854.692
2023-05-10 08:00:00,1750.670667,1999.674,1253.7456670000001,1949.7897070000001,516.3050000000001,901.507333
2023-05-10 09:00:00,1704.025333,1886.504,1265.903,1914.070165,482.40799999999996,871.083333
2023-05-10 10:00:00,1656.33,1767.6109999999999,1267.397667,1847.045945,472.737,851.551
2023-05-10 11:00:00,1633.8611660000001,1721.81,1227.518667,1801.996554,435.226,848.6206669999999
2023-05-10 12:00:00,1673.838667,1738.558,1153.492,1737.9906700000001,413.236,802.329999
2023-05-10 13:00:00,1657.276668,1737.918,1182.703333,1779.916502,436.827,838.1006669999999
2023-05-10 14:00:00,1550.606,1697.617,1115.9036659999997,1798.467234,437.034,818.672
2023-05-10 15:00:00,1617.3951670000001,1695.467,1137.019,1797.0804990000001,426.53,803.3833339999999
2023-05-10 16:00:00,1665.403999,1777.398,1192.7599989999999,1815.388145,443.33900000000006,892.699667
2023-05-10 17:00:00,1836.3960000000002,2022.9809989999999,1338.9443340000003,1960.827826,465.825,938.187
2023-05-10 18:00:00,1976.114333,2292.2416670000002,1472.414665,2131.011806,548.662,1018.2973340000001
2023-05-10 19:00:00,2107.105334,2407.933,1466.238001,2288.638689,585.4180000000001,1084.663001
2023-05-10 20:00:00,2122.8820020000003,2440.177,1417.0258330000001,2323.9561329999997,609.255,1108.547666
2023-05-10 21:00:00,2088.151,2431.6440000000002,1431.613333,2361.099495,609.098,1101.262334
2023-05-10 22:00:00,2091.647834,2260.367,1386.4263329999999,2191.459863,535.9470000000001,994.299667
2023-05-10 23:00:00,1831.567333,1977.688,1170.5845,1976.40603,488.895,876.874667
2023-05-11 00:00:00,1468.6509999999998,1643.644,994.550334,1680.7289289999999,418.91200000000003,716.970999
2023-05-11 01:00:00,1194.481334,1409.453,893.980667,1420.213508,359.868,611.688333
2023-05-11 02:00:00,1098.151333,1275.464,792.093666,1262.85495,301.15,561.1790000000001
2023-05-11 03:00:00,1018.1700020000001,1189.6730000000002,730.125665,1202.884118,278.573,518.8689999999999
2023-05-11 04:00:00,1012.1816670000001,1160.411,747.0833329999999,1193.240862,295.929,515.6526670000001
2023-05-11 05:00:00,1075.177001,1232.385,776.6376660000001,1244.396566,304.29100000000005,540.834333
2023-05-11 06:00:00,1252.025,1389.799,895.8530000000001,1436.483613,341.225,637.057333
2023-05-11 07:00:00,1466.897,1639.17,1067.735667,1685.6170160000001,413.76699999999994,743.913333
2023-05-11 08:00:00,1545.1666679999998,1818.716,1167.614665,1820.977121,461.332,806.492333
2023-05-11 09:00:00,1539.126168,1751.089,1210.9590010000002,1749.348163,438.60400000000004,818.235
2023-05-11 10:00:00,1531.4401670000002,1784.008,1195.228667,1757.290648,452.784667,809.589
2023-05-11 11:00:00,1550.541833,1713.818,1149.515335,1776.843962,424.081333,787.2336670000001
2023-05-11 12:00:00,1628.247668,1740.169,1149.558999,1742.972413,419.080333,786.81
2023-05-11 13:00:00,1662.421333,1755.299,1122.316333,1757.798365,410.89700000000005,829.512666
2023-05-11 14:00:00,1573.479334,1772.212,1094.3936660000002,1800.887666,416.95799999999997,852.701333
2023-05-11 15:00:00,1656.342999,1838.916,1142.798333,1845.401628,440.67600000000004,851.683
2023-05-11 16:00:00,1676.091332,2094.004,1231.533332,1893.957965,430.764,877.140667
2023-05-11 17:00:00,1874.6603340000001,2341.505,1384.6270009999998,2089.997699,514.4300000000001,980.1823330000001
2023-05-11 18:00:00,2028.7819990000003,2535.084,1528.245668,2273.425495,577.683,1064.5120000000002
2023-05-11 19:00:00,2095.8370000000004,2740.679,1675.154,2409.327599,626.846,1110.788
2023-05-11 20:00:00,2133.534834,2697.199333,1633.104334,2495.764997,625.973,1099.7440000000001
2023-05-11 21:00:00,2164.361667,2653.188667,1606.9203320000001,2569.5056649999997,621.942,1128.236
2023-05-11 22:00:00,2174.721668,2516.412334,1568.0693350000001,2371.670004,606.741,1006.016
2023-05-11 23:00:00,1840.945333,2143.752334,1363.8696650000002,2053.195829,517.454,902.776666
2023-05-12 00:00:00,1523.600335,1721.013333,1099.651999,1666.492932,430.11,769.048
2023-05-12 01:00:00,1297.703668,1467.582668,928.389666,1465.7286330000002,331.42,622.349667
2023-05-12 02:00:00,1133.485666,1218.878,833.977001,1318.302638,298.231,561.306
2023-05-12 03:00:00,1022.9388319999999,1167.827,764.897999,1194.085365,274.556,524.985667
2023-05-12 04:00:00,998.987835,1168.2119999999998,751.784667,1161.291801,268.321,512.482667
2023-05-12 05:00:00,1045.778002,1192.741,767.9820010000001,1246.596465,274.83799999999997,518.621667
2023-05-12 06:00:00,1192.5249999999999,1299.433,883.0909999999999,1360.774796,317.159,602.624667
2023-05-12 07:00:00,1489.568667,1643.4569999999999,1056.5546669999999,1615.369828,385.583,693.4253350000001
2023-05-12 08:00:00,1596.869333,1812.307,1149.4266670000002,1736.0480360000001,468.76099999999997,752.122001
2023-05-12 09:00:00,1629.246,1817.041,1191.574,1767.5087290000001,456.19899999999996,781.175667
2023-05-12 10:00:00,1606.0013330000002,1800.4850000000001,1230.752333,1810.629431,452.98199999999997,807.604334
2023-05-12 11:00:00,1656.2756669999999,1750.639,1240.6683320000002,1886.9097279999999,435.403,870.518
2023-05-12 12:00:00,1753.6891660000001,1814.675,1259.718335,1857.5487640000001,448.753,881.674668
2023-05-12 13:00:00,1836.624499,1926.542,1330.145,1984.097601,483.711,911.835333
2023-05-12 14:00:00,1815.3975,2070.139,1387.161666,2064.0338249999995,485.617,919.421
2023-05-12 15:00:00,1884.887333,2344.5879999999997,1530.278333,2148.461036,535.864,974.223
2023-05-12 16:00:00,2054.033,2761.602,1713.1150010000001,2353.808257,574.195,1077.683
2023-05-12 17:00:00,2226.7484999999997,3149.0640000000003,1969.019667,2628.840013,682.872,1167.645333
2023-05-12 18:00:00,2398.796167,3408.3289999999997,2159.536,2697.191661,733.645,1241.9376659999998
2023-05-12 19:00:00,2401.2309999999998,3653.419,2190.669667,2835.695191,786.511,1243.6979999999999
2023-05-12 20:00:00,2397.122667,3591.527667,2066.326665,2809.931128,755.466666,1226.6779999999999
2023-05-12 21:00:00,2339.2663329999996,3379.883333,1937.888001,2673.667324,704.4106669999999,1143.444
2023-05-12 22:00:00,2204.2906669999998,3047.419,1812.6896649999999,2590.386362,665.4883339999999,1116.9180000000001
2023-05-12 23:00:00,1989.911834,2507.936333,1522.007835,2349.139199,571.948333,990.1929990000001
2023-05-13 00:00:00,1667.239333,2013.083333,1259.356832,2027.7121610000002,505.955,870.0513329999999
2023-05-13 01:00:00,1401.937,1663.1533330000002,1076.005333,1708.3369500000001,422.162,741.461333
2023-05-13 02:00:00,1194.6631659999998,1456.935,938.5719999999999,1464.0772200000001,361.903,643.089333
2023-05-13 03:00:00,1102.163168,1322.038,846.7763339999999,1319.8672530000001,318.822666,591.5053330000001
2023-05-13 04:00:00,1047.559001,1234.905,780.9216650000001,1263.523364,289.75300000000004,538.3203330000001
2023-05-13 05:00:00,1026.2591670000002,1209.7350000000001,796.6796689999999,1236.5289360000002,287.255,520.5353329999999
2023-05-13 06:00:00,1096.056834,1279.454,826.316,1254.290602,298.26300000000003,534.5450000000001
2023-05-13 07:00:00,1221.498998,1502.694333,940.310332,1414.157494,344.867,628.6370000000001
2023-05-13 08:00:00,1386.2285000000002,1736.2746670000001,1098.998,1661.792133,399.637,720.845
2023-05-13 09:00:00,1582.599334,1978.611,1276.255001,1899.495933,488.913,853.012
2023-05-13 10:00:00,1803.1891660000001,2147.544,1411.965001,2100.870766,527.115,962.7656670000001
2023-05-13 11:00:00,1976.1883329999998,2265.223667,1481.816667,2260.39723,548.631,1063.629
2023-05-13 12:00:00,2139.038333,2495.210333,1617.4586669999999,2425.049065,568.437,1099.879667
2023-05-13 13:00:00,2291.369167,2876.6643329999997,1755.338666,2587.778636,659.492,1154.0119999999997
2023-05-13 14:00:00,2384.809667,3269.433333,1941.893,2750.146465,692.118,1254.4940000000001
2023-05-13 15:00:00,2562.410667,3558.535,2142.6683329999996,2848.204731,745.7180000000001,1287.199
2023-05-13 16:00:00,2664.6313339999997,3906.9256669999995,2337.015,3006.1370690000003,789.411,1383.8713329999998
2023-05-13 17:00:00,2765.134,4193.738667,2473.5453319999997,3093.131459,861.505,1428.876333
2023-05-13 18:00:00,2803.723,4443.817333,2623.679666,3170.1231310000003,899.597,1413.287
2023-05-13 19:00:00,2699.728,4362.8,2596.342333,3192.1747640000003,881.712,1432.5169999999998
2023-05-13 20:00:00,2661.531667,4162.298667,2484.310001,3143.432032,852.975,1399.566334
2023-05-13 21:00:00,2649.3143339999997,3774.359,2264.818001,3089.4593320000004,800.102,1320.203334
2023-05-13 22:00:00,2545.3756670000002,3429.095667,2054.6673339999998,2820.0247339999996,746.9649999999999,1239.679
2023-05-13 23:00:00,2235.2123330000004,2953.211,1812.378668,2481.219645,667.328,1144.801333
2023-05-14 00:00:00,1854.662334,2346.259333,1505.752666,2126.598421,561.6089999999999,957.9119989999999
2023-05-14 01:00:00,1573.271667,1987.5720000000001,1206.4943329999999,1857.5899,445.909,805.705
2023-05-14 02:00:00,1370.728167,1675.645,1072.310998,1621.324575,378.62,688.683
2023-05-14 03:00:00,1214.416334,1502.627,960.9,1467.279665,337.699,617.197
2023-05-14 04:00:00,1136.7725,1391.7269999999999,894.903333,1368.530933,304.334,570.9689999999999
2023-05-14 05:00:00,1101.194168,1309.1429999999998,868.9780000000001,1322.985166,290.392,547.005
2023-05-14 06:00:00,1137.054001,1342.286,886.594333,1356.291495,291.841,575.0
2023-05-14 07:00:00,1237.536666,1570.47,1034.508667,1548.662256,337.471,663.956
2023-05-14 08:00:00,1537.838333,1896.1799999999998,1237.5469999999998,1830.972088,443.38199999999995,789.319
2023-05-14 09:00:00,1848.5259999999998,2274.865001,1505.748,2134.2054230000003,532.5939999999999,924.4216670000001
2023-05-14 10:00:00,2084.556333,2627.2193340000003,1697.5746669999999,2384.703596,630.64,1067.8473330000002
2023-05-14 11:00:00,2224.717,2832.2,1777.016666,2546.263132,665.182,1161.2469999999998
2023-05-14 12:00:00,2329.375333,3157.1639999999998,1880.105665,2738.171965,689.8430000000001,1258.6823330000002
2023-05-14 13:00:00,2425.339333,3531.728,2156.0073330000005,2935.0626970000003,751.124,1322.4143330000002
2023-05-14 14:00:00,2578.4336670000002,3746.4120000000003,2295.614333,3108.0890950000003,805.0319999999999,1383.1616669999999
2023-05-14 15:00:00,2696.506,4004.9120000000003,2475.8250000000003,3183.8772989999998,847.32,1376.8319999999999
2023-05-14 16:00:00,2776.071667,4351.153,2617.5556669999996,3331.9278010000003,918.8240000000001,1468.963
2023-05-14 17:00:00,2848.2924999999996,4591.971,2811.625,3434.1213669999997,907.549,1507.4686660000002
2023-05-14 18:00:00,2994.5893340000002,4869.697,2923.953999,3556.697298,939.859,1603.717667
2023-05-14 19:00:00,2977.4409990000004,4907.135,2902.158,3580.953566,977.6890000000001,1583.733
2023-05-14 20:00:00,2964.7166660000003,4733.09,2778.943665,3494.873163,968.087,1591.420667
2023-05-14 21:00:00,2901.514668,4476.427,2630.725002,3446.539799,926.217,1543.5806669999997
2023-05-14 22:00:00,2774.6838340000004,3893.132,2333.589331,3264.80867,820.9796670000001,1465.977667
2023-05-14 23:00:00,2500.034667,3210.982,1982.759333,2824.359501,708.1413339999999,1266.236666
2023-05-15 00:00:00,2019.563331,2583.3280000000004,1578.271667,2350.765234,602.108667,1074.889667
2023-05-15 01:00:00,1689.6158340000002,2049.2560000000003,1309.760333,1997.3128980000001,489.59066700000005,893.214667
2023-05-15 02:00:00,1493.702335,1716.3570000000002,1110.230999,1742.0209,424.272,775.467666
2023-05-15 03:00:00,1346.515666,1553.9989999999998,991.9873349999999,1589.687932,400.40600000000006,700.744667
2023-05-15 04:00:00,1265.884834,1488.405,919.749667,1490.473699,382.573,663.426667
2023-05-15 05:00:00,1250.413,1434.6709999999998,924.6366679999999,1501.9822589999999,365.635,681.085
2023-05-15 06:00:00,1320.016334,1504.372,998.283333,1598.9355580000001,377.015,691.5120000000001
2023-05-15 07:00:00,1524.841,1787.946,1138.941667,1786.882565,447.62300000000005,812.0490000000001
2023-05-15 08:00:00,1662.034666,2010.984,1265.052334,1932.3191640000002,499.80899999999997,842.1026670000001
2023-05-15 09:00:00,1715.638,1975.615,1353.793333,1951.223762,518.318,888.781334
2023-05-15 10:00:00,1751.5563339999999,2055.8509999999997,1412.918667,2090.838261,519.893,916.77
2023-05-15 11:00:00,1978.6689999999999,2367.951,1574.106999,2304.501195,556.543,1040.258668
2023-05-15 12:00:00,2134.108333,2783.036,1782.540667,2569.228131,594.022,1158.241666
2023-05-15 13:00:00,2332.529,3346.6969999999997,2087.876001,2776.6818300000004,719.2629999999999,1247.5353329999998
2023-05-15 14:00:00,2516.1800000000003,3761.7129999999997,2325.0789999999997,3000.078799,759.162,1370.1513329999998
2023-05-15 15:00:00,2705.4123339999996,4235.767,2603.355,3198.9071999999996,824.662,1422.256335
2023-05-15 16:00:00,2833.056,4613.817999999999,2807.8869999999997,3432.854636,864.124,1494.034333
2023-05-15 17:00:00,3011.9395,4813.586,2933.833,3589.2329689999997,919.508,1617.1660000000002
2023-05-15 18:00:00,3068.910334,4758.527,2874.802666,3643.240761,935.408,1643.670666
2023-05-15 19:00:00,2890.3818330000004,4392.784000000001,2598.971001,3531.7546650000004,891.3679999999999,1552.867667
2023-05-15 20:00:00,2769.070667,3856.022,2305.731998,3326.445866,847.938,1430.7576669999999
2023-05-15 21:00:00,2685.965333,3378.1,2094.9103330000003,3185.025494,742.7719999999999,1374.518
2023-05-15 22:00:00,2489.995666,3015.058,1960.455332,2951.314317,686.1740000000001,1289.5529999999999
2023-05-15 23:00:00,2133.590666,2471.1549999999997,1599.971334,2507.185232,601.335,1121.345333
2023-05-16 00:00:00,1773.960501,2041.6979999999999,1311.088333,2087.786965,468.70899999999995,918.869667
2023-05-16 01:00:00,1495.6743339999998,1694.809,1075.922999,1761.7989940000002,398.93,806.15
2023-05-16 02:00:00,1299.2906659999999,1507.241,956.913667,1560.8724670000001,356.389,703.9096669999999
2023-05-16 03:00:00,1208.697668,1384.331,880.301665,1440.551059,328.60699999999997,638.3446670000001
2023-05-16 04:00:00,1166.1205,1301.3506670000002,860.8563330000001,1385.8777300000002,317.16,578.205666
2023-05-16 05:00:00,1178.737334,1312.143333,873.1553349999999,1422.8724350000002,319.703,580.786667
2023-05-16 06:00:00,1261.064001,1392.1526640000002,989.947666,1523.845566,346.278,637.646334
2023-05-16 07:00:00,1492.6079989999998,1671.519,1109.579667,1770.5902310000001,410.634,764.7703329999999
2023-05-16 08:00:00,1592.338,1848.886,1203.800666,1876.202267,458.92100000000005,797.88
2023-05-16 09:00:00,1588.9063350000001,1808.6570000000002,1232.2473340000001,1827.4978239999998,481.608,821.576667
2023-05-16 10:00:00,1616.4686669999999,1834.5910000000001,1253.7939999999999,1891.704933,445.26599999999996,896.5403329999999
2023-05-16 11:00:00,1710.036834,1929.2369999999999,1343.758667,1971.774068,466.03,932.8953329999999
2023-05-16 12:00:00,1818.412832,2055.752,1403.968332,2088.816394,494.31199999999995,942.534
2023-05-16 13:00:00,1888.6855,2341.26,1563.744334,2244.768629,532.822,1052.959666
2023-05-16 14:00:00,2040.361166,2610.1130000000003,1714.868,2360.133859,592.806,1123.358
2023-05-16 15:00:00,2151.284999,2980.773,1858.8173299999999,2544.3423319999997,645.94,1191.6796669999999
2023-05-16 16:00:00,2347.340334,3278.397,2014.399,2739.194132,680.625,1292.1349989999999
2023-05-16 17:00:00,2515.170667,3665.915,2283.2429979999997,2947.620167,722.484,1343.2196669999998
2023-05-16 18:00:00,2711.629667,3927.529,2474.555332,3152.565764,830.5609999999999,1435.9209999999998
2023-05-16 19:00:00,2784.297001,4101.148,2569.1748319999997,3261.9793,871.84,1473.879
2023-05-16 20:00:00,2736.648666,4064.298,2390.0974969999997,3233.742569,850.05,1440.856
2023-05-16 21:00:00,2774.082833,3701.558,2260.558167,3192.41483,796.5060000000001,1447.0510000000002
2023-05-16 22:00:00,2596.7700010000003,3313.143,2149.248501,2974.979194,738.835,1356.7893330000002
2023-05-16 23:00:00,2228.4356669999997,2715.143,1754.317333,2609.3157979999996,623.539,1180.9476670000001
2023-05-17 00:00:00,1852.425666,2186.871,1426.2181679999999,2186.9326340000002,534.674,962.7090000000001
2023-05-17 01:00:00,1505.359167,1823.718,1183.612998,1845.748897,403.712,809.3340000000001
2023-05-17 02:00:00,1305.98,1586.4989999999998,1026.374665,1656.029595,353.51599999999996,723.372333
2023-05-17 03:00:00,1202.715001,1414.716,924.228666,1485.811232,323.59000000000003,681.0953330000001
2023-05-17 04:00:00,1122.704333,1331.655,882.301002,1390.610962,330.943,617.0310000000001
2023-05-17 05:00:00,1151.3933330000002,1336.728,891.115,1398.6961299999998,338.409,631.646
2023-05-17 06:00:00,1254.277333,1424.6183330000001,965.052666,1488.511598,374.644,651.907
2023-05-17 07:00:00,1495.243334,1648.808,1122.346333,1721.5810430000001,433.918,731.335333
2023-05-17 08:00:00,1526.120167,1947.5369999999998,1227.049666,1822.7646409999998,469.419,862.798
2023-05-17 09:00:00,1591.353,1917.3990000000001,1259.9066659999999,1872.1345970000002,482.94000000000005,845.847
2023-05-17 10:00:00,1685.7815,1995.853,1321.163667,1916.838933,477.6,870.0346669999999
2023-05-17 11:00:00,1743.970499,2035.9119999999998,1407.423334,1988.875565,511.767,951.722334
2023-05-17 12:00:00,1860.4575,2220.009,1569.324666,2162.9729310000002,544.327,1018.402
2023-05-17 13:00:00,1968.476169,2526.13,1722.3003330000001,2340.7447979999997,599.35,1083.3200000000002
2023-05-17 14:00:00,2137.501166,2998.3940000000002,1870.6063330000002,2524.2069,656.075,1137.8343340000001
2023-05-17 15:00:00,2286.138333,3504.567333,2136.814334,2690.7570969999997,724.074,1242.3469999999998
2023-05-17 16:00:00,2606.412,3966.702,2424.7013349999997,2994.7658309999997,809.5219999999999,1391.134
2023-05-17 17:00:00,2909.749334,4499.945667,2729.789001,3349.9396370000004,888.8519999999999,1544.467334
2023-05-17 18:00:00,3062.5988340000004,4827.761333,2999.596333,3533.15643,977.525,1657.104
2023-05-17 19:00:00,3079.914667,4988.286333,3072.3760009999996,3653.172238,1007.7700000000001,1656.877
2023-05-17 20:00:00,3108.2046689999997,4789.893,2890.940333,3630.8380960000004,978.752,1641.343333
2023-05-17 21:00:00,3040.955,4390.411,2690.657333,3550.107066,959.896,1583.038333
2023-05-17 22:00:00,2844.858001,3947.316,2419.659335,3413.83227,872.375,1515.993
2023-05-17 23:00:00,2489.172333,3289.004,2039.580665,2897.8108349999998,767.062,1313.065333
2023-05-18 00:00:00,1972.090667,2629.272,1633.1476659999998,2379.4328619999997,624.4739999999999,1097.862666
2023-05-18 01:00:00,1677.810667,2147.392,1318.848334,2052.956036,499.13599999999997,929.297333
2023-05-18 02:00:00,1489.861333,1797.281,1144.241501,1761.000802,435.669,793.5160000000001
2023-05-18 03:00:00,1338.014001,1628.47,1015.421666,1602.161132,382.849,719.527333
2023-05-18 04:00:00,1271.124002,1510.3339999999998,937.399001,1490.049466,351.345,669.733334
2023-05-18 05:00:00,1251.109333,1469.399,932.936334,1503.196126,363.838,673.142
2023-05-18 06:00:00,1342.8706659999998,1537.15,1005.737331,1575.774128,384.89199999999994,735.0836669999999
2023-05-18 07:00:00,1521.980333,1796.677,1133.375333,1750.318832,435.5,776.618333
2023-05-18 08:00:00,1612.845667,2017.367,1238.463667,1857.892002,477.663,854.584333
2023-05-18 09:00:00,1649.583,2010.8329999999999,1312.399668,1887.859129,492.09000000000003,885.1196669999999
2023-05-18 10:00:00,1675.645,2026.474,1344.770333,1911.706462,508.714,884.185999
2023-05-18 11:00:00,1715.1125000000002,2126.58,1439.7003330000002,2043.0166279999999,545.48,929.430334
2023-05-18 12:00:00,1872.535667,2373.055,1577.194,2162.300867,554.855,1016.2133329999999
2023-05-18 13:00:00,2007.071001,2648.371,1735.460666,2337.345598,592.871,1080.5409989999998
2023-05-18 14:00:00,2181.503001,2966.036,1896.4146690000002,2522.7071969999997,647.171,1124.7759999999998
2023-05-18 15:00:00,2311.930666,3415.528,2116.738334,2736.064104,703.939,1205.153667
2023-05-18 16:00:00,2538.921,3765.803,2405.3596660000003,2987.7162359999998,780.981,1323.249667
2023-05-18 17:00:00,2753.7145,4186.812,2707.464334,3281.089229,873.2710000000001,1454.563333
2023-05-18 18:00:00,2906.734,4516.201,2884.3469999999998,3395.584529,927.042,1613.252
2023-05-18 19:00:00,2894.087499,4551.309,2798.217333,3439.9857309999998,963.683,1565.5410000000002
2023-05-18 20:00:00,2800.228167,4225.756667,2583.261168,3375.8698640000002,926.959,1488.788
2023-05-18 21:00:00,2721.297,3768.075667,2295.666164,3211.186027,837.995,1385.813333
2023-05-18 22:00:00,2666.556667,3251.056666,2056.397167,2950.521766,771.493,1304.3160000000003
2023-05-18 23:00:00,2224.829666,2647.7593340000003,1714.2926659999998,2540.5004670000003,676.828,1119.410666
2023-05-19 00:00:00,1781.703,2061.522667,1364.9336680000001,2076.700426,538.5519999999999,921.7133329999999
2023-05-19 01:00:00,1423.983334,1660.486,1100.159666,1724.619131,400.177,777.716333
2023-05-19 02:00:00,1259.817667,1438.585,959.654667,1510.3094330000001,351.627,673.530001
2023-05-19 03:00:00,1213.6266660000001,1343.0140000000001,877.779001,1395.282393,322.92166700000007,607.151667
2023-05-19 04:00:00,1132.772,1230.99,846.0559979999999,1315.6133949999999,303.515,600.881667
2023-05-19 05:00:00,1139.492667,1254.551,840.201335,1334.624232,308.911667,589.919001
2023-05-19 06:00:00,1221.0635000000002,1379.056,939.1489990000001,1429.2563830000001,343.083667,646.456333
2023-05-19 07:00:00,1457.802834,1619.42,1089.198001,1617.204232,388.584,716.471
2023-05-19 08:00:00,1478.222333,1817.775,1189.929666,1710.780671,443.22966699999995,745.2370000000001
2023-05-19 09:00:00,1491.112334,1744.42,1176.157333,1708.1685929999999,443.946,760.7249999999999
2023-05-19 10:00:00,1512.6523320000001,1781.582,1182.2526669999997,1779.363503,446.395667,786.425
2023-05-19 11:00:00,1557.154168,1811.928,1179.824665,1817.5645,463.717333,804.96
2023-05-19 12:00:00,1631.103666,1834.275,1278.643001,1960.336515,464.85299999999995,866.8679999999999
2023-05-19 13:00:00,1720.420666,1904.664,1359.4769999999999,1985.0757600000002,483.73900000000003,924.912333
2023-05-19 14:00:00,1824.509,2087.087,1447.938,2048.9068939999997,504.94900000000007,963.246333
2023-05-19 15:00:00,1918.116334,2387.399,1613.132333,2257.3538659999995,536.739,976.5676659999999
2023-05-19 16:00:00,2072.038666,2772.6800000000003,1772.7930000000001,2469.270567,571.9649999999999,1158.848
2023-05-19 17:00:00,2362.154334,3264.705,1954.759667,2743.1323979999997,705.038,1262.8486670000002
2023-05-19 18:00:00,2549.579667,3642.5509999999995,2300.5679999999998,2948.313298,777.925,1373.816
2023-05-19 19:00:00,2556.661,3927.812,2372.407333,3086.836867,837.919,1377.8590000000002
2023-05-19 20:00:00,2501.782667,3759.538333,2244.5315,3033.195232,829.0540000000001,1320.721
2023-05-19 21:00:00,2414.323333,3471.708667,2099.608667,2862.516925,761.92,1280.497667
2023-05-19 22:00:00,2331.3041660000004,3145.221334,1930.2913329999997,2751.186265,769.213,1229.308334
2023-05-19 23:00:00,2130.054334,2635.841,1713.235833,2510.30123,640.594,1104.750666
2023-05-20 00:00:00,1818.702334,2135.728666,1419.1675,2138.567263,509.943,958.828333
2023-05-20 01:00:00,1565.2475,1765.226667,1179.602667,1811.757534,425.10900000000004,798.299333
2023-05-20 02:00:00,1351.465831,1508.371333,1012.2078329999999,1579.0907160000002,365.356,694.596667
2023-05-20 03:00:00,1212.891168,1378.720334,892.055834,1410.063989,328.728,635.1426670000001
2023-05-20 04:00:00,1155.2246670000002,1279.290667,824.754499,1306.175366,299.78999999999996,562.947667
2023-05-20 05:00:00,1123.514166,1280.372666,815.5813350000001,1285.9861680000001,288.81,564.482
2023-05-20 06:00:00,1125.5591670000001,1277.9479999999999,849.151333,1285.431497,296.586,570.810334
2023-05-20 07:00:00,1247.164,1418.992,954.7476650000001,1411.598798,352.617667,626.1363329999999
2023-05-20 08:00:00,1327.1683329999998,1632.041,1121.238666,1601.665497,405.29766699999993,721.1426670000001
2023-05-20 09:00:00,1526.9573340000002,1832.118,1234.7580010000001,1813.906131,459.486001,858.844999
2023-05-20 10:00:00,1797.8135,1961.906,1271.900334,2004.839163,525.675,949.1173330000001
2023-05-20 11:00:00,1889.0838330000001,2076.893,1310.455333,2105.1677019999997,547.623,960.303667
2023-05-20 12:00:00,1979.542833,2137.283,1420.154666,2193.2887339999997,549.4169999999999,989.193333
2023-05-20 13:00:00,2054.8720000000003,2251.274666,1486.0883319999998,2265.9939999999997,560.0409999999999,993.0129999999999
2023-05-20 14:00:00,2081.470666,2370.825,1574.539001,2369.228297,597.5140000000001,1098.172
2023-05-20 15:00:00,2195.340167,2686.616,1664.462334,2513.3375969999997,624.365,1149.9826669999998
2023-05-20 16:00:00,2342.160001,3026.313333,1863.4559990000002,2629.559566,660.935,1256.520334
2023-05-20 17:00:00,2468.449001,3430.187,2069.9413320000003,2828.2200270000003,736.059,1333.012
2023-05-20 18:00:00,2468.3313340000004,3756.4680000000003,2258.8019999999997,2920.352994,799.2280000000001,1317.629
2023-05-20 19:00:00,2461.455667,3752.537,2272.127001,2932.7036609999996,798.8679999999999,1292.956666
2023-05-20 20:00:00,2344.0690000000004,3415.865,2071.3293329999997,2809.84313,740.688,1268.492001
2023-05-20 21:00:00,2352.575334,3019.4793329999998,1907.7361669999998,2668.158533,690.22,1205.674
2023-05-20 22:00:00,2196.430501,2652.8686669999997,1715.594834,2513.88847,644.165,1128.5790000000002
2023-05-20 23:00:00,1930.831667,2294.47,1496.655166,2232.92243,554.098,1029.279
2023-05-21 00:00:00,1655.100501,1895.0079999999998,1205.6301640000001,1941.392964,459.11400000000003,846.0070000000001
2023-05-21 01:00:00,1407.0268330000001,1561.194,1006.5053330000001,1657.444059,378.98299999999995,716.461667
2023-05-21 02:00:00,1195.698167,1396.019,886.588,1459.461396,320.90999999999997,633.834333
2023-05-21 03:00:00,1126.952,1282.004,827.348,1318.478593,310.203,588.196335
2023-05-21 04:00:00,1084.9235,1221.223,792.504998,1237.4773639999999,287.914,533.361332
2023-05-21 05:00:00,1054.624501,1210.004,761.8403340000001,1217.70563,277.009,528.994
2023-05-21 06:00:00,1039.401668,1238.164667,782.547667,1189.116198,293.103,550.074333
2023-05-21 07:00:00,1099.479332,1403.758,900.8380000000001,1296.2578999999998,304.514,590.719333
2023-05-21 08:00:00,1275.661,1593.047,1036.927334,1460.949902,371.818,658.3
2023-05-21 09:00:00,1510.362667,1823.8980000000001,1217.677999,1716.708599,417.45466600000003,800.896
2023-05-21 10:00:00,1732.9913330000002,1960.7649999999999,1302.919666,1918.0738629999998,463.76133400000003,859.368334
2023-05-21 11:00:00,1891.000333,1989.8329999999999,1291.881333,2015.1488970000003,529.5150000000001,964.999334
2023-05-21 12:00:00,1920.8763330000002,2070.541,1303.726667,2048.877133,545.315,999.3380000000001
2023-05-21 13:00:00,1887.427999,2050.392,1328.481667,2104.323128,543.787,1053.315
2023-05-21 14:00:00,1881.7690000000002,2008.725,1339.107334,2023.5931339999997,506.817,992.4776669999999
2023-05-21 15:00:00,1866.419334,2047.384,1321.894666,2038.0899940000002,502.352,981.9466670000002
2023-05-21 16:00:00,1976.6625,2039.718,1380.151667,2096.280431,499.023,948.353
2023-05-21 17:00:00,1949.411832,2245.318,1401.583665,2183.427233,512.434,1039.0189999999998
2023-05-21 18:00:00,1999.881666,2412.736,1471.0093350000002,2188.89583,539.328,1061.103001
2023-05-21 19:00:00,2041.5903320000002,2353.483,1471.0666660000002,2277.88883,562.491,1080.4303340000001
2023-05-21 20:00:00,2075.6136670000005,2331.884,1406.822665,2347.6934960000003,591.4970000000001,1054.3373339999998
2023-05-21 21:00:00,2099.1673339999998,2308.784,1432.2561660000001,2327.508832,591.845,1069.391666
2023-05-21 22:00:00,2009.372,2226.7670000000003,1361.2439989999998,2236.5935390000004,524.236,1049.5900000000001
2023-05-21 23:00:00,1767.352,1971.438,1180.7228320000002,1914.927766,490.648,863.917
2023-05-22 00:00:00,1464.402999,1617.295,1014.1843339999999,1676.1956300000002,401.51,688.8399999999999
2023-05-22 01:00:00,1238.379333,1426.5839999999998,870.606333,1434.7216630000003,318.433,600.114
2023-05-22 02:00:00,1110.7610009999999,1253.867,768.2800010000001,1254.464402,315.169,517.854
2023-05-22 03:00:00,1028.93,1191.164,741.8720000000001,1168.52143,264.13800000000003,497.189667
2023-05-22 04:00:00,1028.085833,1162.173,713.4166660000001,1152.527831,281.04999999999995,503.419334
2023-05-22 05:00:00,1051.430667,1210.212,771.4533359999999,1218.0534280000002,291.05,532.117
2023-05-22 06:00:00,1136.9896680000002,1339.1390000000001,885.4100000000001,1340.627633,334.73799999999994,594.680333
2023-05-22 07:00:00,1351.118333,1639.368,1066.2749999999999,1599.0239649999999,381.471,687.116
2023-05-22 08:00:00,1472.8856660000001,1826.286,1148.720667,1768.259362,432.154,790.292333
2023-05-22 09:00:00,1507.480167,1808.737,1180.310333,1750.81626,429.274,802.2230010000001
2023-05-22 10:00:00,1570.976001,1782.7779999999998,1164.953668,1759.5999310000002,456.78700000000003,826.093333
2023-05-22 11:00:00,1600.482,1764.6960000000001,1167.379334,1746.3870630000001,429.767,837.491
2023-05-22 12:00:00,1687.320667,1807.319667,1190.457001,1801.51213,428.179,846.309
2023-05-22 13:00:00,1678.710333,1806.459333,1158.941334,1814.7258029999998,455.696,831.864
2023-05-22 14:00:00,1650.018667,1755.9360000000001,1142.539335,1746.619126,463.969,886.503333
2023-05-22 15:00:00,1643.110668,1717.9899999999998,1157.2483320000001,1744.7929600000002,457.313,887.0490009999999
2023-05-22 16:00:00,1711.431001,1766.51,1172.973001,1834.2695680000002,446.914,870.508
2023-05-22 17:00:00,1841.1313329999998,1904.152,1295.717335,1961.766265,484.828,926.533
2023-05-22 18:00:00,1947.8063339999999,2122.27,1351.8899999999999,2085.056831,523.9300000000001,988.8523329999999
2023-05-22 19:00:00,1915.2620000000002,2220.02,1441.156668,2130.9398650000003,571.0219999999999,1011.5996670000001
2023-05-22 20:00:00,2064.91,2238.41,1380.976332,2224.974228,575.8040000000001,996.7719999999999
2023-05-22 21:00:00,2160.885999,2227.6319999999996,1431.508333,2265.342267,569.829,1029.8229999999999
2023-05-22 22:00:00,2083.645332,2185.7780000000002,1406.294666,2165.60913,572.487,1008.59
2023-05-22 23:00:00,1758.505,1901.883,1238.826834,1896.849268,482.189,868.78
2023-05-23 00:00:00,1422.061667,1598.366,1017.827499,1615.681491,394.118,731.677
2023-05-23 01:00:00,1256.975667,1416.938,872.445166,1424.917543,335.092,628.631
2023-05-23 02:00:00,1125.669332,1304.33,806.556334,1279.264726,311.793,564.915666
2023-05-23 03:00:00,1113.863668,1260.0369999999998,782.081999,1208.894331,281.15999999999997,546.382334
2023-05-23 04:00:00,1081.3000000000002,1246.449,763.3273330000001,1167.4311819999998,289.547,552.367333
2023-05-23 05:00:00,1137.2493330000002,1273.829,795.5086670000001,1274.981261,288.28200000000004,584.203667
2023-05-23 06:00:00,1289.142667,1447.639,942.138001,1441.993061,354.922,696.388334
2023-05-23 07:00:00,1566.278666,1727.779,1115.930667,1707.987263,415.002,774.1600000000001
2023-05-23 08:00:00,1607.0063340000002,1936.535,1202.643665,1876.784001,480.817,853.193
2023-05-23 09:00:00,1554.4026669999998,1828.3899999999999,1167.7976669999998,1732.5665330000002,475.47799999999995,826.0219999999999
2023-05-23 10:00:00,1585.951001,1780.5339999999999,1204.226667,1744.495476,438.231,792.722
2023-05-23 11:00:00,1569.055666,1792.134,1193.028334,1756.60224,450.722,810.5310000000001
2023-05-23 12:00:00,1655.041666,1774.673,1189.0243329999998,1760.313141,425.21900000000005,862.363333
2023-05-23 13:00:00,1723.543668,1773.578,1194.676,1794.854437,450.01,861.805666
2023-05-23 14:00:00,1643.3870000000002,1670.897,1132.2683339999999,1739.387632,418.277333,838.486667
2023-05-23 15:00:00,1600.079833,1648.923,1092.288,1723.375426,422.98566600000004,842.7370000000001
2023-05-23 16:00:00,1674.108667,1725.8670000000002,1087.4806660000002,1812.2824569999998,456.356,860.839333
2023-05-23 17:00:00,1789.7628339999999,1905.0279999999998,1201.8593329999999,1985.848822,517.423,904.894667
2023-05-23 18:00:00,1928.5958340000002,2096.183,1312.121332,2074.498803,553.852,999.644
2023-05-23 19:00:00,2028.172,2202.333,1369.4245,2201.679998,553.932,1007.3299999999999
2023-05-23 20:00:00,2068.492666,2203.3729999999996,1338.550833,2219.058967,549.1779999999999,1040.558333
2023-05-23 21:00:00,2132.6048330000003,2178.2300000000005,1360.026501,2260.6458960000004,540.7629999999999,1033.25
2023-05-23 22:00:00,2071.775334,2134.3900000000003,1364.0493339999998,2165.127231,509.663,956.739
2023-05-23 23:00:00,1800.3593329999999,1898.042,1198.7391659999998,1921.169831,446.606,873.2933330000001
2023-05-24 00:00:00,1512.5176659999997,1572.929,1008.448,1566.262533,371.565,747.688
2023-05-24 01:00:00,1256.674,1371.457,861.0929980000001,1403.0339979999999,339.73300000000006,640.3323330000001
2023-05-24 02:00:00,1127.9726660000001,1274.9859999999999,786.750666,1276.553797,302.02933299999995,571.212999
2023-05-24 03:00:00,1074.7768330000001,1209.5810000000001,758.389667,1214.5591880000002,287.96500100000003,575.5353320000002
2023-05-24 04:00:00,1031.660666,1209.493,757.816667,1202.9048050000001,283.953667,556.118667
2023-05-24 05:00:00,1107.2743340000002,1250.345,807.972001,1247.106389,294.705,587.395
2023-05-24 06:00:00,1275.368,1435.671,878.329,1432.816397,334.98,647.952
2023-05-24 07:00:00,1517.418334,1723.284,1092.205,1705.927046,415.26200000000006,739.994
2023-05-24 08:00:00,1579.1119990000002,1875.2166670000001,1213.214333,1827.706821,463.257,808.483667
2023-05-24 09:00:00,1588.932834,1858.5189999999998,1219.6599999999999,1813.3997009999998,477.29600000000005,835.099
2023-05-24 10:00:00,1551.911,1793.125,1162.1400010000002,1815.0333249999999,448.949,836.383
2023-05-24 11:00:00,1580.392666,1767.574333,1136.655334,1755.087014,444.134,823.935001
2023-05-24 12:00:00,1611.663,1691.9279999999999,1091.323999,1709.7005589999999,460.658,894.967999
2023-05-24 13:00:00,1639.4003340000002,1716.944333,1131.212667,1761.311867,432.832,859.448668
2023-05-24 14:00:00,1610.8788330000002,1712.007,1092.106334,1761.595634,425.829,779.703667
2023-05-24 15:00:00,1593.3521660000001,1735.146667,1123.552333,1765.3670620000003,428.71500000000003,766.356
2023-05-24 16:00:00,1645.2019999999998,1843.137667,1120.8323340000002,1791.3637629999998,455.233,832.798333
2023-05-24 17:00:00,1827.875334,2053.324,1283.493166,1992.0232620000002,453.35400000000004,966.989
2023-05-24 18:00:00,1846.386,2273.596667,1468.3903340000002,2099.589134,528.1320000000001,1024.033667
2023-05-24 19:00:00,2007.7376669999999,2378.4573330000003,1497.5663350000002,2290.279265,607.9259999999999,1040.015666
2023-05-24 20:00:00,2085.033334,2393.17,1478.096668,2337.109,607.2549999999999,1026.7853330000003
2023-05-24 21:00:00,2110.278,2363.869667,1421.5383339999998,2345.482428,570.351,1034.649001
2023-05-24 22:00:00,2137.749334,2253.298,1434.787666,2214.128033,533.568,985.881666
2023-05-24 23:00:00,1784.8371670000001,1995.6709999999998,1250.899666,2006.3916319999998,453.6,879.4980009999999
2023-05-25 00:00:00,1449.5026670000002,1679.7220000000002,1021.3556659999999,1675.713296,381.47399999999993,723.999667
2023-05-25 01:00:00,1248.0023339999998,1435.4450000000002,882.7263330000001,1409.201935,325.952667,600.665333
2023-05-25 02:00:00,1117.517666,1312.875,808.233665,1260.956025,299.665667,526.525333
2023-05-25 03:00:00,1019.3640009999999,1213.681,746.2336680000001,1222.237161,270.560333,511.05099999999993
2023-05-25 04:00:00,997.9676669999999,1176.174,737.933667,1181.554201,265.076,501.6826669999999
2023-05-25 05:00:00,1043.595,1207.28,767.885667,1238.369064,273.53999999999996,536.552334
2023-05-25 06:00:00,1191.4816660000001,1335.971,900.285667,1396.4041310000002,318.75600000000003,611.9566669999999
2023-05-25 07:00:00,1402.994333,1631.981,1050.7306669999998,1589.19271,385.96100000000007,730.366
2023-05-25 08:00:00,1501.524334,1758.094,1174.285667,1757.172405,433.23199999999997,766.173
2023-05-25 09:00:00,1466.4315,1732.232,1149.328333,1718.13643,420.887,746.658667
2023-05-25 10:00:00,1513.562,1715.811,1134.007667,1703.367901,407.10600000000005,761.813666
2023-05-25 11:00:00,1507.899667,1760.689,1150.366667,1694.6344949999998,424.430667,806.9730000000001
2023-05-25 12:00:00,1570.5406659999999,1802.359,1176.215,1765.446532,403.53799999999995,856.831
2023-05-25 13:00:00,1618.284666,1839.3049999999998,1212.723,1840.869965,441.48366699999997,844.145
2023-05-25 14:00:00,1648.182334,1983.922,1269.872,1861.117497,473.929,873.1489999999999
2023-05-25 15:00:00,1742.797333,2084.828,1332.121667,1962.6078969999999,482.845,946.962333
2023-05-25 16:00:00,1889.8909999999998,2394.865333,1520.046001,2115.703966,530.6186670000001,1001.0053340000001
2023-05-25 17:00:00,2106.6580000000004,2864.36,1710.4873349999998,2339.026229,607.205333,1137.821
2023-05-25 18:00:00,2240.2749999999996,3217.619,1940.720001,2585.022226,661.6120000000001,1258.6329999999998
2023-05-25 19:00:00,2341.4273330000005,3325.884,1987.032667,2729.129831,717.919333,1306.2109999999998
2023-05-25 20:00:00,2290.725,3238.133,1904.054165,2735.219631,746.837333,1260.8339999999998
2023-05-25 21:00:00,2309.6496660000003,3042.512,1801.5796659999999,2764.8891989999997,722.608667,1222.526333
2023-05-25 22:00:00,2265.385667,2852.705,1766.063167,2659.445399,665.0239999999999,1132.8013329999999
2023-05-25 23:00:00,2048.389334,2369.2889999999998,1537.920834,2271.253997,562.444,980.714
2023-05-26 00:00:00,1628.1713329999998,1938.811,1243.820335,1938.291808,476.677,843.143
2023-05-26 01:00:00,1333.5626670000001,1616.339,1014.897333,1608.885365,378.772334,696.415667
2023-05-26 02:00:00,1174.049,1443.127,880.789502,1423.4699030000002,329.356999,623.057667
2023-05-26 03:00:00,1074.1789990000002,1331.9479999999999,811.669335,1310.9246429999998,292.113334,579.579333
2023-05-26 04:00:00,1048.571,1239.6109999999999,764.608,1256.210642,293.616,530.362
2023-05-26 05:00:00,1059.279834,1228.027,769.781668,1263.8992589999998,301.573,525.317
2023-05-26 06:00:00,1184.1405,1354.091,851.5060000000001,1335.6492660000001,324.94599999999997,604.931
2023-05-26 07:00:00,1364.747001,1565.2269999999999,984.6600000000001,1618.079084,379.23,661.9870000000001
2023-05-26 08:00:00,1487.6063330000002,1760.002,1112.297999,1668.7998670000002,434.323,723.408
2023-05-26 09:00:00,1538.473,1815.261,1173.775334,1742.877579,449.034,776.288
2023-05-26 10:00:00,1627.516666,1916.685,1232.237333,1851.6158990000001,440.303,820.533
2023-05-26 11:00:00,1684.008834,1922.13,1263.9196659999998,2013.221774,484.522,881.0163329999999
2023-05-26 12:00:00,1739.425166,2097.993,1418.896,2106.859985,480.76,972.471667
2023-05-26 13:00:00,1879.7406660000001,2247.235,1514.296,2186.855678,533.213,981.697
2023-05-26 14:00:00,1914.1239999999998,2610.3190000000004,1625.842333,2349.764456,565.717,1021.4173330000001
2023-05-26 15:00:00,2021.2638339999999,2958.1839999999997,1778.2763329999998,2468.4704819999997,630.718,1146.554
2023-05-26 16:00:00,2284.508332,3333.585,1927.593333,2701.743738,691.466,1253.4903339999998
2023-05-26 17:00:00,2460.593167,3693.9170000000004,2175.631667,2851.211276,779.282,1336.8960000000002
2023-05-26 18:00:00,2564.325667,3933.052667,2386.3553340000003,3030.3611419999997,824.7639999999999,1366.0700000000002
2023-05-26 19:00:00,2534.339333,3936.206,2314.845,3079.0812130000004,794.999,1391.112333
2023-05-26 20:00:00,2407.498,3731.3859999999995,2142.726333,2892.037769,767.434,1335.858333
2023-05-26 21:00:00,2351.9390000000003,3204.817,1916.482666,2780.395971,740.746,1228.557
2023-05-26 22:00:00,2258.307,2893.4539999999997,1765.2600000000002,2570.376004,668.367,1168.5
2023-05-26 23:00:00,2008.510334,2432.658,1480.1623319999999,2314.7825380000004,599.215,1042.8020000000001
2023-05-27 00:00:00,1682.1796669999999,1969.76,1247.0414999999998,1952.965577,483.154,878.867
2023-05-27 01:00:00,1407.853999,1681.397,1069.3328349999997,1647.448174,408.048334,743.870333
2023-05-27 02:00:00,1195.2965,1440.656,921.4169999999999,1457.12677,337.480333,642.230667
2023-05-27 03:00:00,1120.717334,1310.2620000000002,839.3803340000001,1381.868394,314.171667,600.6526670000001
2023-05-27 04:00:00,1033.589001,1224.315666,772.196334,1285.056732,293.329,531.235334
2023-05-27 05:00:00,1021.774833,1210.3070000000002,767.356499,1253.063404,276.063,523.377
2023-05-27 06:00:00,1020.228,1243.7169999999999,792.8375000000001,1268.7757040000001,284.158,542.383667
2023-05-27 07:00:00,1131.441333,1394.5900000000001,900.1229989999999,1350.5786280000002,312.256,598.9043330000001
2023-05-27 08:00:00,1294.1723330000002,1584.472,1023.3185000000001,1536.297768,366.16900000000004,703.5790000000001
2023-05-27 09:00:00,1542.585167,1839.766,1150.731334,1765.298795,424.624,791.681333
2023-05-27 10:00:00,1669.4479999999999,1973.0,1270.2404999999999,1913.052964,450.384,881.137
2023-05-27 11:00:00,1801.766833,1977.4460000000001,1349.890667,2064.939233,498.401,912.9590000000001
2023-05-27 12:00:00,1850.6936660000001,2030.5749999999998,1415.055667,2087.9033659999996,513.008,968.192333
2023-05-27 13:00:00,1885.648,2152.42,1363.516667,2074.095196,508.683,980.355667
2023-05-27 14:00:00,1876.700666,2180.337,1380.7199999999998,2095.137111,525.96,988.135
2023-05-27 15:00:00,1930.340667,2234.55,1459.1783329999998,2136.914687,515.815,1013.915667
2023-05-27 16:00:00,2030.1623339999996,2433.5280000000002,1497.35,2239.774827,534.79,1054.455334
2023-05-27 17:00:00,2115.741,2562.7183330000003,1638.130833,2346.6178,575.631,1068.008
2023-05-27 18:00:00,2131.8230000000003,2803.292,1690.113333,2369.214296,579.1580000000001,1142.362
2023-05-27 19:00:00,2180.315,2815.495333,1732.036167,2379.0657929999998,641.0530000000001,1185.5520000000001
2023-05-27 20:00:00,2125.593667,2705.642667,1650.623,2365.080566,611.475,1071.2243330000001
2023-05-27 21:00:00,2076.255334,2481.358333,1514.7626670000002,2316.0324920000003,555.184,1049.46
2023-05-27 22:00:00,2025.853667,2305.662667,1454.7171669999998,2171.2500050000003,528.694,994.114
2023-05-27 23:00:00,1777.453333,2034.3513329999998,1284.8183330000002,1970.3590199999999,450.009,889.481667
2023-05-28 00:00:00,1560.7633329999999,1736.287,1072.803666,1721.2528730000001,397.177,746.579666
2023-05-28 01:00:00,1300.4569999999999,1484.5516670000002,930.809334,1497.880056,348.999,658.274667
2023-05-28 02:00:00,1099.786167,1311.135333,813.179666,1317.1974500000001,312.626667,575.872
2023-05-28 03:00:00,1032.019667,1225.152,779.520666,1231.9542,277.514,547.535668
2023-05-28 04:00:00,979.2736669999999,1192.799,725.4996659999999,1174.9980300000002,249.87633300000002,512.7513329999999
2023-05-28 05:00:00,974.756333,1174.382,749.827666,1174.540728,251.598,504.294
2023-05-28 06:00:00,1056.325667,1239.012,767.904333,1160.012076,259.83500000000004,531.828
2023-05-28 07:00:00,1094.774332,1390.566,849.743667,1322.904885,307.659,585.501333
2023-05-28 08:00:00,1283.4823339999998,1611.943,1014.558667,1431.89183,355.28700000000003,694.433
2023-05-28 09:00:00,1515.059666,1826.373,1150.603333,1700.586836,411.985,786.287
2023-05-28 10:00:00,1731.541332,1955.12,1214.606333,1829.769046,483.417,846.673
2023-05-28 11:00:00,1788.231001,1970.928,1212.5903329999999,1955.9618930000001,507.749,896.605
2023-05-28 12:00:00,1813.898333,1999.2150000000001,1250.5520000000001,1955.083232,474.421,880.8600000000001
2023-05-28 13:00:00,1796.027,2001.389,1292.971667,1991.276541,520.2460000000001,956.982
2023-05-28 14:00:00,1824.048334,1993.125,1283.7048340000001,1979.356287,486.613,961.673667
2023-05-28 15:00:00,1761.974,1941.342,1246.304166,2013.937729,484.94500000000005,951.098333
2023-05-28 16:00:00,1842.876667,2045.597,1237.312834,2030.74187,500.60999999999996,985.405
2023-05-28 17:00:00,1881.5075,2120.649667,1337.2649999999999,2028.78805,516.589,996.388
2023-05-28 18:00:00,1915.2533329999999,2291.593,1467.000334,2136.411532,555.353,986.735
2023-05-28 19:00:00,1949.0863330000002,2381.329667,1487.4861660000001,2163.240925,561.405,969.472
2023-05-28 20:00:00,2014.357667,2379.736,1474.448499,2199.9830439999996,585.9950000000001,998.6189999999999
2023-05-28 21:00:00,2013.437334,2348.477,1454.452833,2259.535139,570.152,1010.4269999999999
2023-05-28 22:00:00,1969.082334,2230.551333,1410.821334,2156.3426379999996,518.36,994.987334
2023-05-28 23:00:00,1815.358334,2017.1416669999999,1245.044333,1928.0068340000003,467.50300000000004,853.451
2023-05-29 00:00:00,1498.410333,1729.1399999999999,1057.759,1676.359927,404.514,762.096333
2023-05-29 01:00:00,1291.0819999999999,1458.894667,929.944334,1447.294195,345.553,659.398333
2023-05-29 02:00:00,1123.552334,1296.7126670000002,802.312666,1336.4006330000002,323.341999,569.207
2023-05-29 03:00:00,1051.045001,1210.155667,726.4993320000001,1203.704302,289.88966600000003,516.634999
2023-05-29 04:00:00,1010.055666,1162.3049999999998,714.138334,1179.459229,269.029667,477.27866700000004
2023-05-29 05:00:00,1004.106333,1169.008,724.841334,1138.519631,271.601,493.394
2023-05-29 06:00:00,1081.761,1191.173,748.7713329999999,1171.7936639999998,287.86699999999996,517.9929999999999
2023-05-29 07:00:00,1172.065667,1334.973,874.126332,1280.411065,301.365,575.188
2023-05-29 08:00:00,1246.737333,1530.333,984.693666,1439.7707729999997,350.504,656.9110000000001
2023-05-29 09:00:00,1490.991332,1828.535,1150.940666,1698.152597,428.221,730.599
2023-05-29 10:00:00,1721.2196669999998,1986.586,1308.4933340000002,1916.6892389999998,501.101,828.4190000000001
2023-05-29 11:00:00,1892.793666,2043.458,1388.9386670000001,2059.155267,490.394,891.133
2023-05-29 12:00:00,1975.537667,2116.502,1369.068,2194.290933,527.749,988.1643329999999
2023-05-29 13:00:00,2015.630333,2083.502,1377.753333,2213.561532,486.531,1008.6856670000001
2023-05-29 14:00:00,1963.564001,2079.6359999999995,1343.507001,2238.483831,482.467333,1003.252
2023-05-29 15:00:00,1976.682999,2132.482,1354.3320009999998,2231.775235,501.237333,1042.23
2023-05-29 16:00:00,2067.057333,2316.895,1454.151,2303.636131,565.879,1070.4340000000002
2023-05-29 17:00:00,2181.559667,2571.0,1571.059,2517.9064989999997,589.3530000000001,1160.0860000000002
2023-05-29 18:00:00,2262.272666,2849.9809999999998,1793.961334,2594.573829,612.89,1206.042
2023-05-29 19:00:00,2223.0723319999997,2990.995,1817.897,2638.4464620000003,648.134,1215.1239999999998
2023-05-29 20:00:00,2235.7586659999997,2906.737,1769.3359999999998,2643.070431,634.998,1184.1986659999998
2023-05-29 21:00:00,2246.083333,2654.6910000000003,1729.284333,2695.0719,612.0040000000001,1222.7346670000002
2023-05-29 22:00:00,2178.239,2554.318,1564.2039989999998,2493.7290629999998,584.829,1098.107
2023-05-29 23:00:00,1886.1999999999998,2068.396,1375.9023339999999,2083.837,506.25266700000003,905.1859999999999
2023-05-30 00:00:00,1539.3518330000002,1724.754,1100.2509989999999,1769.352524,393.575333,751.227667
2023-05-30 01:00:00,1306.574001,1427.304,953.5785000000001,1469.8549269999999,312.346667,618.942
2023-05-30 02:00:00,1152.2314999999999,1264.833,866.471333,1283.423999,283.447667,545.279333
2023-05-30 03:00:00,1044.723,1206.339,780.282332,1200.638433,272.906334,515.133333
2023-05-30 04:00:00,1010.916333,1180.5230000000001,759.698333,1166.106797,269.459333,493.056333
2023-05-30 05:00:00,1030.0720000000001,1223.194,788.269,1248.886762,274.564,537.242
2023-05-30 06:00:00,1168.1421670000002,1362.0520000000001,862.620001,1344.486032,310.974,633.0319999999999
2023-05-30 07:00:00,1425.602667,1627.303,1016.56,1582.8800649999998,390.597,724.759333
2023-05-30 08:00:00,1452.6055000000001,1764.241,1114.67,1685.9559940000001,432.15099999999995,744.395332
2023-05-30 09:00:00,1479.027,1775.9499999999998,1183.101334,1677.446608,430.17100000000005,741.327666
2023-05-30 10:00:00,1503.125333,1759.6530000000002,1180.363667,1779.062794,408.004,730.6879999999999
2023-05-30 11:00:00,1577.936,1744.1970000000001,1179.6019999999999,1775.627247,413.26700000000005,773.7429999999999
2023-05-30 12:00:00,1607.922333,1789.357,1198.245001,1795.8121270000001,422.611,825.158334
2023-05-30 13:00:00,1626.383167,1792.6100000000001,1201.126,1780.4659310000002,408.91999999999996,795.548
2023-05-30 14:00:00,1606.663667,1711.563,1113.8076660000002,1751.278601,397.221,787.431333
2023-05-30 15:00:00,1544.013,1699.28,1104.151666,1748.408532,419.758,806.572
2023-05-30 16:00:00,1667.711,1783.866,1132.565664,1797.758629,425.68,888.9830000000001
2023-05-30 17:00:00,1860.6656659999999,1984.301,1243.954334,1914.605097,478.15,918.653
2023-05-30 18:00:00,1899.454334,2141.08,1392.4111659999999,2046.3309719999997,536.806,977.3829999999999
2023-05-30 19:00:00,1992.4313339999999,2271.4159999999997,1477.9810000000002,2236.346732,557.187,1034.011
2023-05-30 20:00:00,2028.021666,2221.6140000000005,1420.4335,2200.5934340000003,551.882,1025.2980000000002
2023-05-30 21:00:00,2073.8469999999998,2213.24,1413.504334,2317.625563,524.608,1040.193
2023-05-30 22:00:00,2022.649334,2183.53,1376.499333,2214.2135009999997,541.119,996.694
2023-05-30 23:00:00,1731.004,1928.748,1252.260333,1882.274935,455.722,847.183
2023-05-31 00:00:00,1470.145332,1591.984,1040.6530010000001,1614.722972,378.197,732.502333
2023-05-31 01:00:00,1220.614,1394.9199999999998,882.137168,1389.261646,330.10866699999997,596.668999
2023-05-31 02:00:00,1143.221167,1262.888,783.262168,1220.200098,304.353333,540.516667
2023-05-31 03:00:00,1087.121334,1201.432,753.929666,1152.969936,285.944,559.5749999999999
2023-05-31 04:00:00,1061.083334,1210.598,742.902334,1182.4859940000001,287.291,520.653334
2023-05-31 05:00:00,1110.645168,1232.423,796.887665,1231.894506,296.7,550.6510000000001
2023-05-31 06:00:00,1258.746666,1387.489,883.2053330000001,1337.9223129999998,349.77700000000004,608.9133340000001
2023-05-31 07:00:00,1441.348334,1651.5939999999998,1040.733,1604.711479,412.068,703.6189999999999
2023-05-31 08:00:00,1482.1499990000002,1781.567,1117.392666,1730.660927,451.938,774.315
2023-05-31 09:00:00,1577.077334,1810.786,1140.056001,1719.773195,447.92,801.8019999999999
2023-05-31 10:00:00,1572.229999,1752.73,1132.5693339999998,1738.660037,429.24399999999997,804.337
2023-05-31 11:00:00,1612.304,1744.119667,1137.356,1703.4492690000002,429.27,793.859667
2023-05-31 12:00:00,1596.2028340000002,1751.8870000000002,1151.286334,1701.4906019999999,405.45000000000005,856.665
2023-05-31 13:00:00,1614.409166,1744.693,1131.752667,1772.990433,414.629,856.480667
2023-05-31 14:00:00,1575.660667,1638.0819999999999,1064.223666,1715.450034,419.09299999999996,842.9386669999999
2023-05-31 15:00:00,1542.7413339999998,1565.904,1105.879333,1697.312227,416.59299999999996,807.088
2023-05-31 16:00:00,1608.631168,1690.308,1145.0310009999998,1789.215162,422.52966599999996,859.442
2023-05-31 17:00:00,1729.6760000000002,1861.6399999999999,1262.611334,1878.4023280000001,499.73800000000006,918.883
2023-05-31 18:00:00,1928.747,2069.344,1391.7105000000001,2067.680634,492.558,995.5726669999999
2023-05-31 19:00:00,1974.168667,2130.385,1370.948,2184.82377,545.614,1042.107
2023-05-31 20:00:00,2016.077667,2144.985,1338.246667,2191.463683,549.0740000000001,1002.292
2023-05-31 21:00:00,2050.7796660000004,2094.166,1364.1796669999999,2190.060296,544.744,1025.158
2023-05-31 22:00:00,2043.8279989999999,2109.5910000000003,1332.664,2146.957063,558.009,992.2070000000001
2023-05-31 23:00:00,1780.503333,1851.973,1191.657332,1913.653698,490.80166699999995,845.615
2023-06-01 00:00:00,1469.943667,1550.979,1004.825667,1632.487463,394.825667,712.892666
2023-06-01 01:00:00,1286.6233320000001,1387.312,875.6606670000001,1427.007534,332.610666,618.721
2023-06-01 02:00:00,1162.659668,1257.5720000000001,812.4236659999999,1282.697729,287.03100000000006,571.903
2023-06-01 03:00:00,1105.188001,1199.037,757.0699999999999,1190.953483,272.774,532.0833339999999
2023-06-01 04:00:00,1092.7466670000001,1199.92,757.995666,1189.579954,268.239,522.6776669999999
2023-06-01 05:00:00,1122.2949990000002,1255.6370000000002,805.571666,1287.7637989999998,277.991667,556.908
2023-06-01 06:00:00,1328.939,1411.091,922.321334,1423.7851999999998,342.350333,644.6479999999999
2023-06-01 07:00:00,1572.3608319999998,1729.2910000000002,1105.579332,1645.202841,400.711666,760.7950000000001
2023-06-01 08:00:00,1600.042333,1868.073,1186.005666,1819.818295,470.158,802.005
2023-06-01 09:00:00,1596.366667,1812.856,1205.719999,1767.841511,447.716,778.3969999999999
2023-06-01 10:00:00,1608.796,1822.567,1220.914999,1788.248705,442.812,784.0740000000001
2023-06-01 11:00:00,1596.139333,1789.351,1219.873334,1786.975621,428.5,818.516
2023-06-01 12:00:00,1566.432332,1701.87,1221.042667,1806.405597,410.97499999999997,794.051666
2023-06-01 13:00:00,1526.8813340000002,1721.6039999999998,1146.376667,1746.779965,407.204,790.447
2023-06-01 14:00:00,1551.991666,1724.2240000000002,1121.8690000000001,1698.181599,424.76,785.521
2023-06-01 15:00:00,1545.324667,1676.234,1117.048,1755.762964,421.868,768.555333
2023-06-01 16:00:00,1625.7483339999999,1767.308,1134.375333,1804.041232,443.486,801.675334
2023-06-01 17:00:00,1774.6,1964.557,1256.840334,1913.2172939999998,490.28499999999997,876.195334
2023-06-01 18:00:00,1908.8320010000002,2179.468,1383.851668,2021.919429,528.328,944.261334
2023-06-01 19:00:00,1924.388666,2246.7789999999995,1436.697166,2209.162567,551.713,989.98
2023-06-01 20:00:00,1985.398333,2264.952333,1368.9335,2240.834466,532.272,987.291
2023-06-01 21:00:00,2026.5950010000001,2239.675,1363.725333,2231.924994,533.552,983.042334
2023-06-01 22:00:00,1977.295334,2224.667,1378.293667,2211.02043,539.701,1008.168334
2023-06-01 23:00:00,1813.5961670000002,1967.5030000000002,1235.6060000000002,1950.480787,469.41433300000006,902.2270000000001
2023-06-02 00:00:00,1490.544333,1632.142,1025.6191680000002,1616.088227,396.392667,722.3653340000001
2023-06-02 01:00:00,1263.085333,1409.2779999999998,878.161166,1472.8096249999999,336.952667,635.3506669999999
2023-06-02 02:00:00,1161.822834,1246.1009999999999,792.167002,1289.1867710000001,295.427,546.3420000000001
2023-06-02 03:00:00,1094.354667,1199.5589999999997,759.402334,1211.85994,279.31233299999997,530.044
2023-06-02 04:00:00,1025.556666,1178.455,741.590333,1189.163254,269.845,512.048
2023-06-02 05:00:00,1081.043668,1213.07,774.145,1243.530422,272.770333,532.32
2023-06-02 06:00:00,1287.633,1359.133,871.261999,1383.323696,326.81100000000004,611.129
2023-06-02 07:00:00,1450.9156659999999,1617.2930000000001,1034.672,1599.439301,393.78999999999996,719.229
2023-06-02 08:00:00,1501.276333,1778.9900000000002,1136.574666,1710.850944,471.52266699999996,748.011667
2023-06-02 09:00:00,1578.5036670000002,1729.401,1158.283,1757.020353,416.41266700000006,802.6759999999999
2023-06-02 10:00:00,1568.464,1742.048,1145.784,1783.521629,395.737,753.673
2023-06-02 11:00:00,1561.600334,1742.945,1140.448,1759.490456,408.457,813.914
2023-06-02 12:00:00,1611.147833,1763.592,1173.018,1788.6534230000002,426.337,845.208667
2023-06-02 13:00:00,1567.9731659999998,1771.891,1149.442,1782.6067699999999,444.52200000000005,844.851
2023-06-02 14:00:00,1607.289,1810.3536669999999,1169.676,1798.628312,418.616,805.814332
2023-06-02 15:00:00,1624.2535,1901.989,1188.931333,1849.274492,427.231,898.732
2023-06-02 16:00:00,1712.2995019999998,2021.506,1246.653,1935.5256020000002,458.983,921.71
2023-06-02 17:00:00,1818.858499,2300.141,1405.243666,2082.856823,513.1469999999999,1017.718667
2023-06-02 18:00:00,1972.181,2553.7119999999995,1520.2133330000001,2182.2777639999995,549.637,1085.744666
2023-06-02 19:00:00,2026.4711670000002,2681.066,1559.735334,2279.873503,591.088,1052.2479990000002
2023-06-02 20:00:00,2024.620835,2622.75,1493.046333,2277.6476979999998,616.722,1012.815
2023-06-02 21:00:00,2027.5651659999999,2455.112,1462.165,2265.9484930000003,578.1800000000001,962.511
2023-06-02 22:00:00,1945.1444999999999,2268.844,1445.194334,2131.186932,547.231,961.2316669999999
2023-06-02 23:00:00,1796.649333,1991.6840000000002,1288.848334,1939.034564,494.704,899.2660000000001
2023-06-03 00:00:00,1514.275334,1695.6930000000002,1094.093,1717.931233,422.112,734.2749999999999
2023-06-03 01:00:00,1313.037001,1479.874,925.302333,1462.6744720000002,350.553,615.1666670000001
2023-06-03 02:00:00,1129.836168,1333.706,819.0261659999999,1292.722237,336.183,558.7613329999999
2023-06-03 03:00:00,1059.819499,1279.185,786.3613330000001,1192.760668,291.14799999999997,529.963667
2023-06-03 04:00:00,1014.1073350000001,1214.917,745.857333,1160.9498640000002,268.11299999999994,509.775
2023-06-03 05:00:00,1003.007333,1177.073,742.610666,1165.4335330000001,262.498,507.139
2023-06-03 06:00:00,1056.33,1231.7150000000001,792.4879999999999,1207.047837,299.337,511.99633300000005
2023-06-03 07:00:00,1147.268165,1410.9099999999999,932.631667,1321.757092,342.159,585.224334
2023-06-03 08:00:00,1301.793166,1631.817,1050.637166,1519.088299,381.68899999999996,682.3189990000001
2023-06-03 09:00:00,1520.9226669999998,1849.525333,1160.141334,1753.5595950000002,451.79,790.595667
2023-06-03 10:00:00,1645.661834,1918.107334,1243.325666,1943.0932260000002,507.71400000000006,921.4986670000001
2023-06-03 11:00:00,1749.7788340000002,2037.709333,1280.411333,2014.2038890000003,498.111,922.034
2023-06-03 12:00:00,1823.975,2072.5060000000003,1325.8723329999998,2021.4570029999998,509.805,931.458668
2023-06-03 13:00:00,1844.9263329999999,2134.491,1342.384666,2134.846418,497.397,958.110334
2023-06-03 14:00:00,1897.666834,2158.462,1350.692,2122.766804,492.241,974.388666
2023-06-03 15:00:00,1862.001833,2243.2290000000003,1381.3029999999999,2185.7949559999997,503.871,988.316
2023-06-03 16:00:00,1984.2816659999999,2501.802,1490.702,2314.873864,559.181,1096.589666
2023-06-03 17:00:00,2082.121833,2664.019667,1636.786,2407.9885560000002,595.491,1136.253667
2023-06-03 18:00:00,2051.608334,2916.969001,1754.568,2438.213708,631.907,1157.6206670000001
2023-06-03 19:00:00,2138.6625000000004,2986.4783339999994,1770.776,2463.2065190000003,637.4559999999999,1145.5936669999999
2023-06-03 20:00:00,2104.129333,2859.895,1691.383667,2373.1147060000003,625.45,1130.519
2023-06-03 21:00:00,2035.0169999999998,2585.3680000000004,1572.621333,2388.486753,600.8510000000001,1067.3056669999999
2023-06-03 22:00:00,1937.165333,2354.103,1456.689667,2163.258503,542.244,981.9373330000001
2023-06-03 23:00:00,1806.1406670000001,2089.4880000000003,1333.8445000000002,1998.491079,506.009,898.923
2023-06-04 00:00:00,1514.603166,1792.946,1113.039166,1748.658797,412.48800000000006,756.734667
2023-06-04 01:00:00,1342.3213340000002,1545.087,937.1564989999999,1520.5836689999999,369.11400000000003,645.076667
2023-06-04 02:00:00,1186.3603329999999,1326.9520000000002,822.741667,1339.7302960000002,322.587,566.889334
2023-06-04 03:00:00,1091.9401670000002,1220.747,767.9726680000001,1199.301996,286.239,543.861999
2023-06-04 04:00:00,1039.277501,1177.0140000000001,729.155,1169.3944660000002,259.709,495.106666
2023-06-04 05:00:00,991.744833,1168.3310000000001,746.2239999999999,1163.278798,262.752,473.87866699999995
2023-06-04 06:00:00,1022.9486670000001,1223.0639999999999,775.381333,1192.997768,270.769,511.97999999999996
2023-06-04 07:00:00,1093.846166,1394.09,877.519333,1303.452697,311.14599999999996,553.096
2023-06-04 08:00:00,1237.312834,1582.998,1047.6309999999999,1491.367632,355.13599999999997,622.905
2023-06-04 09:00:00,1525.7980000000002,1873.375,1227.2079999999999,1797.4784680000002,449.12199999999996,778.903333
2023-06-04 10:00:00,1702.087833,1965.033,1279.002,1933.586668,482.01699999999994,872.7213340000001
2023-06-04 11:00:00,1820.38,1988.415,1321.658,2012.057299,504.442,939.2099999999999
2023-06-04 12:00:00,1846.4771660000001,2048.551,1382.5149999999999,2060.522631,542.4879999999999,975.972
2023-06-04 13:00:00,1898.8203330000001,2072.324,1410.7530000000002,2082.7564310000002,548.894,991.623
2023-06-04 14:00:00,1887.738834,2126.946,1403.995,2145.6666029999997,588.124,1002.899667
2023-06-04 15:00:00,1865.231499,2172.6150000000002,1425.013,2168.57046,559.009,1071.996666
2023-06-04 16:00:00,1941.6271660000002,2349.420333,1506.433,2252.1095960000002,538.802,1123.306333
2023-06-04 17:00:00,2049.106831,2533.682667,1586.336333,2368.033095,580.114,1158.865
2023-06-04 18:00:00,2086.5384990000002,2794.629,1729.566334,2460.688982,607.5863339999999,1188.1280000000002
2023-06-04 19:00:00,2112.7974990000002,2877.064,1802.339334,2541.329609,633.4613339999999,1226.277
2023-06-04 20:00:00,2159.206835,2775.307,1694.602167,2508.294137,675.6800000000001,1149.482333
2023-06-04 21:00:00,2206.6908350000003,2603.108,1661.401,2549.8401230000004,600.114,1132.132999
2023-06-04 22:00:00,2111.742167,2433.791,1560.9323329999997,2362.355367,574.6579999999999,1069.298667
2023-06-04 23:00:00,1851.6591680000001,2081.177,1359.418666,2043.1740680000003,500.867,954.2719999999999
2023-06-05 00:00:00,1512.644166,1668.873,1116.559665,1703.219036,408.551,807.0103330000001
2023-06-05 01:00:00,1277.899834,1399.104,935.710334,1441.435935,326.692,622.880666
2023-06-05 02:00:00,1130.9921669999999,1265.811,805.735999,1240.56983,290.34000000000003,546.385
2023-06-05 03:00:00,1026.536834,1225.3449999999998,745.572334,1171.771098,264.34400000000005,500.51800000000003
2023-06-05 04:00:00,997.108166,1189.915,742.5036660000001,1131.0430959999999,261.424,494.321
2023-06-05 05:00:00,1026.755999,1252.7160000000001,773.0683329999999,1186.63497,273.93000000000006,519.6
2023-06-05 06:00:00,1153.330833,1361.565,850.3063339999999,1297.9109630000003,300.65700000000004,588.617
2023-06-05 07:00:00,1365.572832,1603.085,1010.8193329999999,1490.473333,356.903,664.665
2023-06-05 08:00:00,1478.078001,1768.6239999999998,1130.810667,1697.330066,425.103,730.868
2023-06-05 09:00:00,1509.574667,1722.594,1122.0800000000002,1672.960535,444.375,771.6493330000001
2023-06-05 10:00:00,1478.720501,1776.567,1149.445,1699.128264,434.895,781.400666
2023-06-05 11:00:00,1520.399666,1760.4830000000002,1163.314,1696.7200930000001,437.241,829.75
2023-06-05 12:00:00,1569.0190010000001,1785.134,1200.606667,1784.899631,418.589,837.106
2023-06-05 13:00:00,1684.2946659999998,1874.5900000000001,1295.934667,1839.756268,406.85900000000004,897.470333
2023-06-05 14:00:00,1746.706001,1922.1100000000001,1275.513,1918.071294,427.509,900.2076669999999
2023-06-05 15:00:00,1766.503833,2097.9049999999997,1370.4315000000001,1948.742726,491.47,930.312
2023-06-05 16:00:00,1929.671667,2342.4480000000003,1485.410667,2182.974063,535.656,1035.123
2023-06-05 17:00:00,2146.4785,2773.563,1733.932334,2389.9568299999996,595.4253329999999,1164.663
2023-06-05 18:00:00,2287.350499,3101.0860000000002,1947.4973339999997,2598.406462,668.854333,1221.804
2023-06-05 19:00:00,2321.9968339999996,3255.856667,2010.697667,2756.713802,694.451333,1278.798
2023-06-05 20:00:00,2327.277999,3153.596,1905.435333,2674.4762650000002,695.765,1203.895
2023-06-05 21:00:00,2239.017,2849.5699999999997,1774.199333,2600.933435,656.079,1178.763
2023-06-05 22:00:00,2168.3008339999997,2620.09,1601.927666,2458.192694,596.0640000000001,1063.849
2023-06-05 23:00:00,1841.8193339999998,2199.567,1386.6076669999998,2128.137401,504.70400000000006,930.363999
2023-06-06 00:00:00,1561.107666,1745.819,1119.279668,1772.878907,403.305,782.165667
2023-06-06 01:00:00,1327.1675,1487.915,939.6186680000001,1503.328947,345.551,688.9359999999999
2023-06-06 02:00:00,1140.7563329999998,1298.7389999999998,833.483499,1318.443897,307.78466699999996,578.78
2023-06-06 03:00:00,1063.995665,1237.9360000000001,750.5169999999999,1206.7420120000002,264.673667,542.397
2023-06-06 04:00:00,1024.1858339999999,1197.103,759.133,1161.964106,272.720333,504.679
2023-06-06 05:00:00,1070.3700010000002,1215.7289999999998,777.725999,1188.5571020000002,270.726333,517.396
2023-06-06 06:00:00,1181.8485,1335.862,891.1590000000001,1311.398397,302.969333,579.049
2023-06-06 07:00:00,1380.3200000000002,1519.2079999999999,1002.2283329999999,1578.053233,382.592667,694.8040000000001
2023-06-06 08:00:00,1413.555834,1714.208,1102.001333,1701.772729,428.846667,701.986
2023-06-06 09:00:00,1433.911999,1747.481,1167.0723320000002,1652.3217650000001,417.619667,720.648667
2023-06-06 10:00:00,1437.868333,1706.962,1168.109001,1683.1408680000002,448.91233300000005,703.023999
2023-06-06 11:00:00,1509.901833,1740.087,1234.176998,1734.4618329999998,472.384667,804.4363330000001
2023-06-06 12:00:00,1630.0316659999999,1855.6309999999999,1274.534666,1862.616664,476.376,829.8310000000001
2023-06-06 13:00:00,1753.3110000000001,2083.6670000000004,1351.0516659999998,1971.0182990000003,508.82599999999996,895.936999
2023-06-06 14:00:00,1842.452166,2315.212,1426.896667,2111.276632,530.192,979.37
2023-06-06 15:00:00,2036.805834,2749.26,1645.342667,2321.924901,603.175,1067.347
2023-06-06 16:00:00,2206.994333,3351.466,2013.163666,2642.7354290000003,675.3800000000001,1260.079
2023-06-06 17:00:00,2552.5584989999998,3992.279,2429.2743330000003,3005.653825,805.278,1405.996
2023-06-06 18:00:00,2769.148833,4479.683,2737.4966670000003,3297.873138,888.7,1516.459667
2023-06-06 19:00:00,2869.0235000000002,4695.812,2835.6655,3477.400197,919.473,1593.676334
2023-06-06 20:00:00,2867.8346659999997,4596.848667,2765.6223330000003,3497.715331,941.367,1607.3593329999999
2023-06-06 21:00:00,2820.197001,4312.232333,2562.8125,3344.236026,882.721,1544.764001
2023-06-06 22:00:00,2672.3310009999996,3858.444,2343.999834,3088.6630029999997,828.74,1472.596
2023-06-06 23:00:00,2289.5505000000003,3239.509,2009.482833,2638.440496,744.601,1215.016
2023-06-07 00:00:00,1886.7800000000002,2502.081,1553.0784999999998,2273.2862969999996,605.944,1013.5310000000001
2023-06-07 01:00:00,1577.344,2008.31,1240.883833,1883.385637,493.68899999999996,828.968
2023-06-07 02:00:00,1395.8175,1660.3600000000001,1036.863167,1621.4317999999998,401.542333,737.1709999999999
2023-06-07 03:00:00,1264.0766680000002,1485.728,907.346667,1432.236864,340.162333,644.539667
2023-06-07 04:00:00,1158.023001,1361.977,849.5709999999999,1349.282464,323.93899999999996,596.8726670000001
2023-06-07 05:00:00,1167.101001,1334.085333,842.756,1334.730569,330.362,604.7650000000001
2023-06-07 06:00:00,1244.93,1448.851,914.1664999999999,1392.220996,354.73400000000004,625.765
2023-06-07 07:00:00,1380.557667,1640.42,1070.0473349999997,1618.455762,400.634,715.051333
2023-06-07 08:00:00,1414.532999,1795.4119999999998,1125.630666,1735.0739290000001,457.204,735.853333
2023-06-07 09:00:00,1480.661501,1749.1390000000001,1163.353667,1689.951726,457.02099999999996,782.186667
2023-06-07 10:00:00,1494.6111660000001,1781.995,1154.9663329999998,1718.5490300000001,462.41700000000003,778.5103340000001
2023-06-07 11:00:00,1552.2489999999998,1806.437,1184.7343339999998,1776.4617250000001,452.596,817.4576669999999
2023-06-07 12:00:00,1633.480667,1856.7559999999999,1209.0403339999998,1842.8310030000002,464.279,836.84
2023-06-07 13:00:00,1723.8929990000001,2010.2640000000001,1358.2873330000002,1959.792137,487.914,893.889
2023-06-07 14:00:00,1749.4365009999997,2223.672,1443.8623340000001,2028.224565,524.7429999999999,939.203
2023-06-07 15:00:00,1804.760834,2457.705,1564.014001,2204.4485640000003,558.3800000000001,989.855
2023-06-07 16:00:00,2004.8906670000001,2856.8630000000003,1776.420001,2436.960168,664.957,1135.9
2023-06-07 17:00:00,2319.349333,3472.201,2096.757333,2754.261759,734.4300000000001,1304.539
2023-06-07 18:00:00,2564.0558330000003,3869.872,2358.6515,3050.853832,806.0799999999999,1408.66
2023-06-07 19:00:00,2652.382167,4092.717,2542.549167,3170.709394,857.6890000000001,1452.397999
2023-06-07 20:00:00,2666.8154990000003,4102.654,2409.5465000000004,3241.495699,859.2890000000001,1486.305
2023-06-07 21:00:00,2618.4358329999995,3776.0429999999997,2224.158167,3150.3708669999996,834.0809999999999,1435.303332
2023-06-07 22:00:00,2549.0078329999997,3426.094,2087.408999,2905.255729,782.682,1347.386333
2023-06-07 23:00:00,2211.528833,2829.357,1706.631165,2450.1698269999997,669.8430000000001,1155.389333
2023-06-08 00:00:00,1816.682667,2206.081,1348.9613330000002,2042.330763,540.355,974.634333
2023-06-08 01:00:00,1520.428499,1799.092,1109.722167,1693.877068,429.071,814.1293329999999
2023-06-08 02:00:00,1300.265002,1558.833,963.821666,1519.5124970000002,358.93000000000006,695.706333
2023-06-08 03:00:00,1211.2035,1423.2240000000002,862.9093330000001,1362.701498,310.47900000000004,621.564333
2023-06-08 04:00:00,1117.156833,1332.157,821.5293310000001,1307.379165,297.91299999999995,600.8963329999999
2023-06-08 05:00:00,1128.5703319999998,1298.413,829.549666,1332.260563,300.465,619.6610000000001
2023-06-08 06:00:00,1226.1755,1395.069,914.8066670000001,1400.166332,325.599,633.87
2023-06-08 07:00:00,1372.5404990000002,1610.3919999999998,1048.776667,1558.2708619999999,392.962,723.6890000000001
2023-06-08 08:00:00,1422.2906659999999,1720.0349999999999,1121.191667,1675.195993,440.488,783.962
2023-06-08 09:00:00,1471.1639999999998,1750.757,1185.799,1666.4415990000002,425.221,742.685667
2023-06-08 10:00:00,1455.766335,1751.577,1148.5240000000001,1672.416968,412.431,758.849
2023-06-08 11:00:00,1456.859333,1730.34,1176.367331,1718.612333,409.04499999999996,837.5740000000001
2023-06-08 12:00:00,1541.697333,1812.049,1233.118,1758.712931,429.26099999999997,865.431
2023-06-08 13:00:00,1647.2223330000002,1928.353,1233.243,1823.582692,432.902,873.884
2023-06-08 14:00:00,1612.592166,1997.8899999999999,1227.566334,1829.052659,445.05199999999996,844.331
2023-06-08 15:00:00,1639.107,1990.5810000000001,1287.808,1873.111567,475.486,895.0780000000001
2023-06-08 16:00:00,1708.4181669999998,2176.0819999999994,1341.443,1972.345064,470.498,939.452
2023-06-08 17:00:00,1819.226167,2329.812,1419.304001,2156.6256710000002,510.35999999999996,995.6279999999999
2023-06-08 18:00:00,1910.208501,2534.3199999999997,1541.9136669999998,2230.069227,573.803,998.903
2023-06-08 19:00:00,1967.5918330000002,2528.063,1576.020001,2286.9741400000003,597.454,1039.8290000000002
2023-06-08 20:00:00,2070.460833,2537.6629999999996,1533.297333,2366.611732,599.183,1035.324
2023-06-08 21:00:00,2171.497,2470.465,1522.6841679999998,2425.7059630000003,606.906,1037.293
2023-06-08 22:00:00,2053.592834,2463.17,1521.231167,2329.410163,567.7910000000002,1013.910667
2023-06-08 23:00:00,1848.454501,2125.517,1335.950167,2008.4143629999999,488.36899999999997,903.381333
2023-06-09 00:00:00,1563.269999,1780.654,1111.517667,1716.956963,418.041,774.023001
2023-06-09 01:00:00,1308.048167,1479.4009999999998,940.7973340000001,1493.1560279999999,359.716,665.3250009999999
2023-06-09 02:00:00,1155.470168,1290.5539999999999,843.3686680000001,1313.339069,291.18899999999996,616.387
2023-06-09 03:00:00,1081.2289999999998,1210.8609999999999,749.349667,1224.601305,273.127,557.545
2023-06-09 04:00:00,1063.6485,1178.281,746.404999,1180.8006639999999,266.227,530.468333
2023-06-09 05:00:00,1067.750501,1190.427,767.065332,1215.920647,282.844,537.535
2023-06-09 06:00:00,1164.744167,1288.888,838.173,1288.859185,322.667,578.697
2023-06-09 07:00:00,1305.463,1529.694,982.072666,1484.715465,378.395,664.123
2023-06-09 08:00:00,1345.234167,1718.5230000000001,1113.670666,1612.650322,415.382,696.2913330000001
2023-06-09 09:00:00,1457.877001,1715.821,1121.578667,1610.533999,406.924,752.164334
2023-06-09 10:00:00,1506.9266659999998,1796.853,1152.724001,1681.971863,428.842,755.154667
2023-06-09 11:00:00,1489.678834,1795.7733329999999,1196.013001,1732.030297,413.56800000000004,767.621667
2023-06-09 12:00:00,1542.1609990000002,1781.5446670000001,1192.539,1742.758331,396.351,796.241667
2023-06-09 13:00:00,1552.3760000000002,1799.5059999999999,1203.387333,1782.803997,439.65100000000007,870.859667
2023-06-09 14:00:00,1591.998334,1792.517667,1167.8700010000002,1750.785999,415.16499999999996,833.469
2023-06-09 15:00:00,1588.635333,1786.059667,1159.605,1777.281532,438.76800000000003,825.424
2023-06-09 16:00:00,1691.7093340000001,1758.1036669999999,1201.783335,1792.6967359999999,440.10400000000004,838.6300000000001
2023-06-09 17:00:00,1744.1279989999998,1850.123,1248.4649969999998,1902.7183650000002,494.578,920.5469999999999
2023-06-09 18:00:00,1847.097667,2053.1949999999997,1342.092998,1945.129001,494.642,933.6850000000001
2023-06-09 19:00:00,1857.289,2023.982,1368.4113340000001,2091.293634,520.545,936.322
2023-06-09 20:00:00,1911.416167,1970.246,1308.727334,2095.492899,535.636,938.774334
2023-06-09 21:00:00,1926.590499,1942.803,1333.1821679999998,2079.063964,499.64200000000005,852.1
2023-06-09 22:00:00,1838.226666,2018.917,1308.011832,2025.3714599999998,491.36,884.326
2023-06-09 23:00:00,1674.423334,1768.2620000000002,1197.298334,1819.373798,429.591,825.4850000000001
2023-06-10 00:00:00,1504.5288339999997,1592.9470000000001,1031.901834,1596.921266,389.69100000000003,688.5619999999999
2023-06-10 01:00:00,1283.298501,1442.891,910.247833,1393.0127029999999,338.26800000000003,639.1596669999999
2023-06-10 02:00:00,1139.8913340000001,1307.558,818.0305,1244.4300739999999,310.52599999999995,597.362999
2023-06-10 03:00:00,1055.837666,1239.2980000000002,750.654499,1183.822372,279.59,532.0816669999999
2023-06-10 04:00:00,1038.920835,1179.7019999999998,730.040667,1157.461201,259.296,508.08399999999995
2023-06-10 05:00:00,1022.284333,1179.0749999999998,743.729666,1133.1464019999999,261.44766699999997,507.562
2023-06-10 06:00:00,1092.7469999999998,1229.8069999999998,832.418,1164.749496,281.87133300000005,541.354
2023-06-10 07:00:00,1175.340666,1364.006,909.844333,1283.563996,347.532334,604.921
2023-06-10 08:00:00,1335.4769999999999,1610.8449999999998,1052.1719990000001,1499.032594,383.712,693.748334
2023-06-10 09:00:00,1530.9089999999999,1867.509,1211.787001,1742.866763,439.106,783.732
2023-06-10 10:00:00,1685.7963340000001,1943.005,1249.4356659999999,1918.597961,510.851,862.571334
2023-06-10 11:00:00,1758.7633340000002,1966.4180000000001,1309.311667,1942.6809070000002,512.4770000000001,918.627
2023-06-10 12:00:00,1787.2886669999998,2075.388,1332.8139999999999,2016.7524680000001,506.539,952.078
2023-06-10 13:00:00,1784.052999,2044.4260000000002,1340.0703330000001,2059.816487,509.673,930.6969999999999
2023-06-10 14:00:00,1849.684667,2092.3280000000004,1315.8609999999999,2097.993211,489.72399999999993,918.6990000000001
2023-06-10 15:00:00,1843.204667,2154.076,1319.632666,2079.0067950000002,495.36499999999995,937.732
2023-06-10 16:00:00,1885.028333,2211.793,1382.6606660000002,2077.0465489999997,518.134,1022.365
2023-06-10 17:00:00,1899.560999,2419.898,1440.2443329999999,2253.532666,558.5609999999999,1050.9070000000002
2023-06-10 18:00:00,1995.3239999999998,2583.364999,1538.403334,2274.8988,591.818,1048.7
2023-06-10 19:00:00,1977.9176670000002,2621.773333,1599.085,2367.67246,596.61,1074.614667
2023-06-10 20:00:00,1961.110667,2524.6090000000004,1511.462667,2334.440962,594.5220000000002,1019.346333
2023-06-10 21:00:00,1938.743,2414.674,1509.152,2218.9113239999997,559.421,1004.098
2023-06-10 22:00:00,1922.063,2289.402,1447.9493320000001,2148.895007,553.207,993.254
2023-06-10 23:00:00,1820.918666,2038.059,1322.415,1984.665767,491.21299999999997,914.038667
2023-06-11 00:00:00,1595.921333,1660.281,1110.975166,1799.7743480000001,406.415,773.494333
2023-06-11 01:00:00,1338.599667,1451.4879999999998,966.6263309999999,1504.157874,348.60699999999997,686.241333
2023-06-11 02:00:00,1159.0406679999999,1310.5320000000002,855.060001,1372.182479,313.986,585.878667
2023-06-11 03:00:00,1082.8493330000001,1230.4139999999998,796.8639989999999,1253.7186120000001,287.111,527.849999
2023-06-11 04:00:00,1025.095501,1166.4160000000002,746.883167,1187.739169,271.355,505.68
2023-06-11 05:00:00,1030.098166,1145.995,748.1661670000001,1160.8023280000002,259.214,496.596333
2023-06-11 06:00:00,1060.3105,1212.556,773.238331,1145.8896320000001,260.176,522.4153329999999
2023-06-11 07:00:00,1096.984833,1363.255,854.595667,1242.512837,301.968,570.251667
2023-06-11 08:00:00,1238.112834,1540.508,1015.3346670000001,1434.655366,344.707,648.8216669999999
2023-06-11 09:00:00,1524.0500000000002,1742.8780000000002,1198.56,1708.256798,441.169,760.231333
2023-06-11 10:00:00,1694.220333,1971.491,1298.536,1914.7324909999998,496.826,865.4090000000001
2023-06-11 11:00:00,1810.372666,2015.894,1298.3793329999999,2039.880298,502.892,957.184
2023-06-11 12:00:00,1950.768167,2147.871,1393.219,2111.255278,538.033,1000.293333
2023-06-11 13:00:00,1922.5096660000002,2343.859,1518.2620000000002,2219.327775,556.561,1069.609333
2023-06-11 14:00:00,1948.138001,2520.7709999999997,1524.449,2310.754141,575.268,1111.019
2023-06-11 15:00:00,1984.2155,2723.933,1620.577,2481.1907380000002,593.324,1140.8583330000001
2023-06-11 16:00:00,2107.772333,2940.5660000000003,1768.340667,2554.919007,654.835,1190.429
2023-06-11 17:00:00,2201.1343319999996,3201.533667,1951.929666,2685.1839040000004,643.356,1299.3249999999998
2023-06-11 18:00:00,2292.476667,3430.958,2052.766334,2812.519669,712.6189999999999,1320.881
2023-06-11 19:00:00,2302.254,3503.352333,2094.571333,2875.4605009999996,751.7170000000001,1377.549
2023-06-11 20:00:00,2399.852667,3329.5960000000005,2008.9071670000003,2782.3525329999998,749.198,1327.749
2023-06-11 21:00:00,2407.584333,3111.6800000000003,1915.467668,2676.247563,696.8499999999999,1246.381
2023-06-11 22:00:00,2254.689,2837.7,1775.079334,2543.6164949999998,621.121,1130.452
2023-06-11 23:00:00,2124.962668,2466.45,1536.139,2238.316696,560.9490000000001,993.1270000000001
2023-06-12 00:00:00,1742.954,1982.982,1235.819831,1920.3268990000001,456.25200000000007,874.6500000000001
2023-06-12 01:00:00,1441.6323320000001,1621.678,1050.776333,1623.4142430000002,355.605,706.518
2023-06-12 02:00:00,1237.9150020000002,1376.7530000000002,880.720167,1410.427748,306.654,609.726
2023-06-12 03:00:00,1141.601667,1303.0320000000002,814.407166,1301.047113,279.15700000000004,581.896
2023-06-12 04:00:00,1074.764999,1260.0790000000002,787.666332,1196.083265,277.079,551.0643339999999
2023-06-12 05:00:00,1088.4279999999999,1243.117,806.494166,1223.521999,267.363,573.199667
2023-06-12 06:00:00,1174.277,1342.1350000000002,879.151333,1298.3912970000001,313.13,614.995
2023-06-12 07:00:00,1395.976,1572.355,1006.123666,1516.931157,390.984,710.217
2023-06-12 08:00:00,1449.4446669999998,1739.23,1126.5749999999998,1671.373299,435.957,757.3199999999999
2023-06-12 09:00:00,1552.151834,1824.690667,1173.508999,1734.3392020000001,436.524,759.981
2023-06-12 10:00:00,1649.8646680000002,1868.01,1236.029666,1829.600774,444.164,808.7950000000001
2023-06-12 11:00:00,1722.346666,2013.6750000000002,1305.742667,1885.392343,498.873,873.385
2023-06-12 12:00:00,1829.852,2196.86,1491.226667,2080.534904,516.231,957.576
2023-06-12 13:00:00,1946.693332,2546.387,1582.742667,2259.790931,569.3793330000001,1043.342
2023-06-12 14:00:00,2071.774001,2910.324,1777.698333,2426.135434,631.603,1157.586334
2023-06-12 15:00:00,2227.967333,3367.107,2035.2380000000003,2582.0439319999996,698.912667,1233.637334
2023-06-12 16:00:00,2532.483001,3841.691,2390.3450000000003,2882.271893,744.589,1366.912667
2023-06-12 17:00:00,2765.5943340000003,4379.584,2677.906,3324.7680649999998,858.495,1522.922667
2023-06-12 18:00:00,2972.223999,4805.901,2930.9093329999996,3544.8461989999996,953.077,1676.991333
2023-06-12 19:00:00,3074.202,4871.62,2995.254833,3575.183167,993.831,1727.917
2023-06-12 20:00:00,3090.968333,4751.656000000001,2888.7580009999997,3492.225436,959.251,1666.325
2023-06-12 21:00:00,2961.6893330000003,4367.751,2685.555,3428.05856,916.461,1573.8746660000002
2023-06-12 22:00:00,2792.201333,3934.434,2492.692333,3209.032763,853.146,1505.043
2023-06-12 23:00:00,2424.784334,3233.721,1949.315333,2768.018003,706.748,1295.543
2023-06-13 00:00:00,2004.956666,2516.561,1572.346665,2317.061766,561.875,1053.481668
2023-06-13 01:00:00,1655.757667,2023.091,1303.7860019999998,1960.4116649999999,458.582,877.474667
2023-06-13 02:00:00,1421.705499,1694.931,1090.9793319999999,1690.370232,411.095,745.014334
2023-06-13 03:00:00,1276.081666,1504.4560000000001,945.525667,1500.170668,355.31100000000004,682.927
2023-06-13 04:00:00,1217.7785020000001,1394.2259999999999,871.851167,1375.632034,319.30899999999997,610.349
2023-06-13 05:00:00,1171.771334,1360.4923330000001,880.080999,1359.187233,323.64,609.978667
2023-06-13 06:00:00,1261.246,1417.0086669999998,950.223832,1434.96143,339.602,656.839334
2023-06-13 07:00:00,1435.020667,1624.058,1036.274999,1651.411266,377.34800000000007,749.889001
2023-06-13 08:00:00,1449.699333,1810.373333,1142.460999,1732.8986949999999,420.492,772.9796670000001
2023-06-13 09:00:00,1540.744499,1806.020333,1182.4016669999999,1704.690032,398.415,761.2996660000001
2023-06-13 10:00:00,1509.203667,1857.7240000000002,1128.128667,1715.086502,419.672,788.637001
2023-06-13 11:00:00,1562.413333,1835.347667,1203.283666,1736.7496030000002,432.136,811.8236670000001
2023-06-13 12:00:00,1594.99,1876.094,1185.548,1815.5511259999998,433.431,874.168
2023-06-13 13:00:00,1684.013167,1952.634334,1284.063,1918.3692620000002,446.53100000000006,893.784666
2023-06-13 14:00:00,1701.484501,2090.349,1362.6460000000002,1962.2457,475.634,897.508667
2023-06-13 15:00:00,1770.310666,2257.977333,1454.228,2125.768933,510.77,946.292
2023-06-13 16:00:00,1952.4534989999997,2458.955667,1555.636333,2265.7214,568.2800000000001,1016.9069999999999
2023-06-13 17:00:00,2130.9906659999997,2784.998,1718.4629999999997,2466.1561300000003,594.1759999999999,1136.58
2023-06-13 18:00:00,2231.259335,2985.205,1828.461667,2616.318494,632.7750000000001,1212.6059999999998
2023-06-13 19:00:00,2235.196334,2914.594,1863.5415,2685.080262,687.704,1220.8629999999998
2023-06-13 20:00:00,2239.672666,2774.521,1771.885,2619.3627639999995,653.414,1193.953
2023-06-13 21:00:00,2193.1226669999996,2600.2169999999996,1627.2510000000002,2516.472331,610.241,1108.077
2023-06-13 22:00:00,2054.905667,2368.759,1542.259,2399.4234970000007,569.902,1050.848667
2023-06-13 23:00:00,1801.342334,2018.2599999999998,1365.738,2118.2910979999997,488.327,916.3109999999999
2023-06-14 00:00:00,1546.2543329999999,1652.8580000000002,1086.7269999999999,1735.2569640000002,398.375,764.8046670000001
2023-06-14 01:00:00,1267.284333,1408.88,917.8605,1453.0144629999998,331.826,656.977333
2023-06-14 02:00:00,1131.0296669999998,1287.348,811.928167,1327.972133,298.20799999999997,565.865
2023-06-14 03:00:00,1026.996334,1215.308,768.195667,1229.934963,275.767,527.434
2023-06-14 04:00:00,988.8533339999999,1196.963,748.4286669999999,1161.766432,253.727,516.463
2023-06-14 05:00:00,1028.361001,1239.0610000000001,776.996667,1210.8876989999999,273.67,547.9466669999999
2023-06-14 06:00:00,1145.653333,1327.238,856.839667,1305.905199,307.18399999999997,572.743667
2023-06-14 07:00:00,1343.601334,1478.31,970.981333,1502.4719960000002,359.776,656.896667
2023-06-14 08:00:00,1361.622999,1724.1190000000001,1099.558333,1625.637899,421.057,729.0983330000001
2023-06-14 09:00:00,1446.545001,1687.297,1112.8780000000002,1598.491261,435.78999999999996,735.6993339999999
2023-06-14 10:00:00,1451.102333,1721.261,1118.964,1653.318066,412.626,752.4333340000001
2023-06-14 11:00:00,1503.673667,1744.2810000000002,1095.6860000000001,1671.035864,420.911,800.4383339999999
2023-06-14 12:00:00,1472.014,1728.49,1079.300667,1688.7872320000001,415.245,842.1136670000001
2023-06-14 13:00:00,1526.519999,1737.912667,1110.422666,1774.377433,417.0590000000001,814.5699999999999
2023-06-14 14:00:00,1504.870334,1782.897,1111.8293320000002,1782.201364,426.73400000000004,794.553
2023-06-14 15:00:00,1550.2230009999998,1745.8629999999998,1151.559999,1733.93733,422.33500000000004,754.4390000000001
2023-06-14 16:00:00,1632.5501669999999,1828.483,1134.0439999999999,1844.650269,438.64599999999996,806.609
2023-06-14 17:00:00,1731.574167,2000.797,1209.378333,1936.1586320000001,480.646,911.492
2023-06-14 18:00:00,1875.076,2174.827,1379.004833,2075.24983,534.1199999999999,955.367
2023-06-14 19:00:00,1942.495667,2370.706,1492.4376670000001,2232.203899,558.076,995.4449999999999
2023-06-14 20:00:00,1921.8779989999998,2340.336,1399.962333,2246.599465,564.63,998.822
2023-06-14 21:00:00,1977.416834,2243.5009999999997,1412.742,2195.549194,530.958333,1009.0139999999999
2023-06-14 22:00:00,1953.3346659999997,2179.2039999999997,1377.159166,2172.877166,527.2576670000001,981.476333
2023-06-14 23:00:00,1675.3493330000001,1954.7109999999998,1216.749333,1885.4411380000001,465.479333,850.437667
2023-06-15 00:00:00,1415.96,1641.933,1029.918333,1592.600233,379.388,703.481
2023-06-15 01:00:00,1228.273333,1382.9850000000001,881.2876679999999,1353.414237,324.76733299999995,633.169
2023-06-15 02:00:00,1097.876002,1245.242,785.9630010000001,1222.542867,287.247667,570.0989999999999
2023-06-15 03:00:00,1025.496333,1204.7040000000002,745.952669,1170.003633,282.397667,521.843666
2023-06-15 04:00:00,972.8976660000001,1165.91,744.341335,1134.591168,264.023333,479.807668
2023-06-15 05:00:00,1019.7541659999999,1230.638,764.541667,1197.882857,286.849333,535.757666
2023-06-15 06:00:00,1123.7920010000003,1362.788,894.352666,1300.895693,321.706,593.828
2023-06-15 07:00:00,1309.926332,1561.629,1032.2473340000001,1502.545528,376.991,712.198
2023-06-15 08:00:00,1407.954666,1728.795,1112.002334,1625.457198,423.414,749.2149999999999
2023-06-15 09:00:00,1493.787334,1747.622,1170.2900009999998,1645.0831349999999,395.62800000000004,774.0503329999999
2023-06-15 10:00:00,1472.7120009999999,1758.731,1173.964333,1622.681729,406.007,785.852
2023-06-15 11:00:00,1525.1603330000003,1716.9840000000002,1153.578,1710.4896330000001,417.867,804.0519999999999
2023-06-15 12:00:00,1570.6970000000001,1717.558,1166.650333,1791.4140360000001,424.95900000000006,820.074
2023-06-15 13:00:00,1540.617666,1733.5520000000001,1119.022999,1769.154131,429.61400000000003,812.141
2023-06-15 14:00:00,1590.462666,1744.05,1142.696666,1768.111994,398.511,756.0919999999999
2023-06-15 15:00:00,1609.715667,1767.969,1087.553333,1827.9113690000001,417.40600000000006,765.154
2023-06-15 16:00:00,1687.1178340000001,1855.183,1208.483,1870.212665,450.90000000000003,819.434
2023-06-15 17:00:00,1778.660667,2178.473,1339.826333,2083.573836,525.6320000000001,989.516
2023-06-15 18:00:00,1935.0246670000001,2363.353,1507.3733339999999,2217.338331,580.518,1069.903
2023-06-15 19:00:00,2066.7976660000004,2546.622,1582.9299999999998,2336.4290300000002,571.7170000000001,1119.9660000000001
2023-06-15 20:00:00,2000.241,2580.364,1531.047001,2371.970002,573.7520000000001,1099.179
2023-06-15 21:00:00,2082.326667,2447.389,1482.761667,2300.120832,562.909,1114.583
2023-06-15 22:00:00,2023.5758329999999,2405.6499999999996,1490.6946659999999,2244.100797,534.1129999999999,1098.214
2023-06-15 23:00:00,1838.916834,2130.895,1329.738833,2057.853775,500.036,943.294
2023-06-16 00:00:00,1491.642832,1761.82,1099.412667,1736.6302369999999,434.503,773.305
2023-06-16 01:00:00,1295.8153340000001,1501.469,895.746667,1450.129892,348.202,632.7379999999999
2023-06-16 02:00:00,1086.261834,1299.6440000000002,787.743665,1267.709398,296.29100000000005,564.956
2023-06-16 03:00:00,1050.792666,1213.537,755.670834,1205.521669,274.28700000000003,520.157
2023-06-16 04:00:00,989.379667,1188.787,728.4050010000001,1162.2005960000001,254.697,521.1840000000001
2023-06-16 05:00:00,982.208668,1202.257,760.3941669999999,1190.187991,272.841,507.442333
2023-06-16 06:00:00,1104.488667,1339.8719999999998,828.5615,1260.708235,309.409,568.8863329999999
2023-06-16 07:00:00,1200.258,1544.092,982.0040019999999,1444.196069,380.71500000000003,674.348
2023-06-16 08:00:00,1296.347999,1706.4789999999998,1063.044333,1585.3773929999998,417.82300000000004,707.7339999999999
2023-06-16 09:00:00,1421.832,1741.0680000000002,1141.5860010000001,1677.292398,422.027,762.586
2023-06-16 10:00:00,1500.737666,1743.9410000000003,1145.971,1761.296703,458.407,776.312
2023-06-16 11:00:00,1556.7129989999999,1781.4479999999999,1175.8356669999998,1866.054969,422.033,820.086
2023-06-16 12:00:00,1677.449,1861.694,1201.7150000000001,1950.5028029999999,442.26599999999996,906.889
2023-06-16 13:00:00,1769.460001,1965.220667,1256.446,2028.541466,508.076,969.041
2023-06-16 14:00:00,1795.907334,2162.6053330000004,1340.124,2048.014595,529.8,998.8330000000001
2023-06-16 15:00:00,1868.8,2438.236,1459.5349999999999,2185.766998,557.167,1009.702
2023-06-16 16:00:00,1991.822167,2589.8779999999997,1591.656,2242.546802,580.546,1064.836
2023-06-16 17:00:00,2052.914166,2824.4170000000004,1713.566333,2366.1752939999997,637.534,1143.424
2023-06-16 18:00:00,2170.5820000000003,2973.371667,1810.431667,2462.9967319999996,673.62,1202.0529999999999
2023-06-16 19:00:00,2169.931999,2878.212667,1788.177334,2457.382932,676.4770000000001,1141.68
2023-06-16 20:00:00,2072.8975,2612.0403330000004,1606.1113329999998,2361.0588319999997,638.415,1092.667
2023-06-16 21:00:00,1964.942499,2455.029,1506.9979990000002,2330.4416659999997,632.4159999999999,1005.791333
2023-06-16 22:00:00,1899.033666,2354.51,1477.864666,2200.4884979999997,576.4200000000001,1003.745333
2023-06-16 23:00:00,1778.3015,2109.6310000000003,1346.438334,2018.759203,500.124,927.9680000000001
2023-06-17 00:00:00,1519.2013339999999,1806.0629999999999,1111.608,1798.882267,446.965,786.662333
2023-06-17 01:00:00,1309.359001,1574.03,975.0039999999999,1565.8983719999999,363.958333,679.3316669999999
2023-06-17 02:00:00,1177.541,1400.6660000000002,847.895,1412.333478,317.775667,613.124667
2023-06-17 03:00:00,1066.275,1265.7430000000002,807.771833,1301.0081710000002,293.474,565.0699999999999
2023-06-17 04:00:00,1005.182834,1205.089,758.4333340000001,1194.304231,287.005333,543.523
2023-06-17 05:00:00,1006.15,1180.1260000000002,739.171,1188.579399,259.864667,534.157667
2023-06-17 06:00:00,1054.7459999999999,1209.3000000000002,775.276667,1193.2431040000001,276.25866699999995,523.732333
2023-06-17 07:00:00,1137.8286659999999,1365.786,863.3523339999999,1268.2629630000001,323.38200000000006,602.987
2023-06-17 08:00:00,1240.1135,1561.8270000000002,988.74,1489.794499,387.156,687.998333
2023-06-17 09:00:00,1435.6236669999998,1800.2459999999999,1193.87,1686.7536049999999,448.76599999999996,760.4396660000001
2023-06-17 10:00:00,1608.1391669999998,1913.772,1225.2436659999998,1830.055493,475.308667,829.288
2023-06-17 11:00:00,1704.9618340000002,1981.4470000000001,1279.930667,1929.473394,495.89,843.661
2023-06-17 12:00:00,1743.022833,1970.665,1278.4679999999998,1984.671898,487.00600000000003,896.357
2023-06-17 13:00:00,1760.918666,1987.4249999999997,1274.222,1952.6719309999999,490.659,972.131
2023-06-17 14:00:00,1784.962667,1927.5629999999999,1295.366,1944.3980999999997,487.276,909.229
2023-06-17 15:00:00,1731.618,1944.116,1274.877,1976.105231,456.044,882.994
2023-06-17 16:00:00,1748.864,1933.063,1213.797,1949.7912,452.226,908.658
2023-06-17 17:00:00,1732.164,2023.184,1292.8899999999999,2016.07913,475.552,901.268
2023-06-17 18:00:00,1769.133334,2099.76,1386.989,2070.465937,514.065,898.2760000000001
2023-06-17 19:00:00,1751.539667,2079.478,1368.741,2120.471002,506.089,956.254333
2023-06-17 20:00:00,1777.246667,2053.2389999999996,1304.033,2118.867663,507.86800000000005,925.095
2023-06-17 21:00:00,1816.501,2095.0649999999996,1316.5406669999998,2097.257364,475.12800000000004,899.076
2023-06-17 22:00:00,1769.630667,2015.934,1250.6295,2046.278797,444.899,892.953
2023-06-17 23:00:00,1609.7073340000002,1873.137,1159.4755,1860.4895659999997,431.063,814.263
2023-06-18 00:00:00,1430.600666,1674.244,1003.489833,1651.532803,422.26300000000003,724.668
2023-06-18 01:00:00,1189.2516670000002,1418.354,858.0160000000001,1445.35222,374.986,635.865
2023-06-18 02:00:00,1121.696,1297.742,795.503001,1282.011402,316.524,561.9850000000001
2023-06-18 03:00:00,1010.824667,1197.572,736.208333,1183.0501239999999,273.94399999999996,533.961
2023-06-18 04:00:00,971.439666,1165.711,712.858168,1126.316933,252.50900000000001,483.66633299999995
2023-06-18 05:00:00,957.533999,1184.0259999999998,724.296167,1110.4591,264.943,486.489
2023-06-18 06:00:00,996.147,1235.4160000000002,750.9066660000001,1140.248901,273.135,511.55600000000004
2023-06-18 07:00:00,1061.226666,1392.962,862.7520010000001,1255.195631,301.637,577.4090000000001
2023-06-18 08:00:00,1196.7126680000001,1601.267,1005.6216669999999,1443.961862,371.342,666.608
2023-06-18 09:00:00,1491.1203340000002,1869.059,1185.527335,1633.312934,446.12800000000004,743.3009999999999
2023-06-18 10:00:00,1641.703332,2078.7200000000003,1342.544667,1824.48763,466.063,878.4366669999999
2023-06-18 11:00:00,1731.968333,2018.129,1384.226667,1998.873344,511.926,951.8799999999999
2023-06-18 12:00:00,1980.085833,2102.36,1410.1126669999999,2110.8518510000004,536.656,1001.786
2023-06-18 13:00:00,1886.576334,2114.424,1475.598666,2082.720465,548.432,1001.330667
2023-06-18 14:00:00,1917.633335,2138.497333,1476.3423340000002,2077.1935980000003,536.672,991.863001
2023-06-18 15:00:00,1929.071,2168.988,1426.843667,2136.418465,547.502,987.002333
2023-06-18 16:00:00,1932.2053329999999,2190.763667,1415.7863350000002,2154.617897,555.3050000000001,978.6210000000001
2023-06-18 17:00:00,1987.226999,2258.357667,1470.851999,2253.2622330000004,557.093,1003.298
2023-06-18 18:00:00,1999.450333,2304.800667,1482.034001,2203.422999,576.594,1022.6669999999999
2023-06-18 19:00:00,1924.8543329999998,2227.3213330000003,1468.357666,2183.8307,573.5630000000001,1031.169
2023-06-18 20:00:00,1987.895667,2228.561667,1454.202334,2223.860466,579.3629999999999,1018.8229999999999
2023-06-18 21:00:00,1908.628834,2203.252,1405.702167,2248.296531,552.157,1013.488
2023-06-18 22:00:00,1875.44,2105.542,1336.103668,2119.84083,537.825,988.265
2023-06-18 23:00:00,1686.820001,1907.1999999999998,1176.678998,1899.019394,499.80899999999997,852.672
2023-06-19 00:00:00,1400.291334,1658.81,1005.868333,1667.858999,435.31899999999996,717.912
2023-06-19 01:00:00,1227.1605,1467.795,903.72,1451.105362,357.18399999999997,619.893
2023-06-19 02:00:00,1124.88,1343.489,805.0616660000001,1343.370203,303.670334,591.584
2023-06-19 03:00:00,1062.521,1289.283,799.2318339999999,1269.580737,288.644,549.69
2023-06-19 04:00:00,1027.136001,1258.0349999999999,773.144333,1240.322436,295.299,544.0740000000001
2023-06-19 05:00:00,1077.403666,1313.551,821.5755,1254.286064,316.01,571.6610000000001
2023-06-19 06:00:00,1194.9,1403.511,877.151167,1366.67183,335.35699999999997,614.4000000000001
2023-06-19 07:00:00,1310.8995,1580.6190000000001,1027.475,1482.896699,353.388,723.142333
2023-06-19 08:00:00,1404.9055,1761.6640000000002,1159.718,1644.8113660000001,413.764,797.8246669999999
2023-06-19 09:00:00,1469.746834,1820.593,1231.676667,1761.6609669999998,449.57099999999997,814.859667
2023-06-19 10:00:00,1614.444833,1903.627,1264.406,1906.5771949999998,471.71,884.248
2023-06-19 11:00:00,1722.8565,1923.819,1299.051334,1905.8452849999999,509.38433299999997,879.81
2023-06-19 12:00:00,1792.4713330000002,1996.757333,1309.564,1974.5598470000002,502.58733299999994,941.6776669999999
2023-06-19 13:00:00,1841.635166,2051.9809999999998,1326.303334,2029.0885680000001,496.943,983.288
2023-06-19 14:00:00,1833.784833,2044.835666,1391.559667,2043.52333,485.152,992.915
2023-06-19 15:00:00,1834.4128329999999,1974.3029999999999,1289.39,1998.449923,466.70899999999995,972.802001
2023-06-19 16:00:00,1787.697833,2005.093,1290.356333,2028.124945,475.693,920.681334
2023-06-19 17:00:00,1920.4948330000002,2211.01,1410.7640000000001,2133.215677,524.81,1024.6763329999999
2023-06-19 18:00:00,2118.5845,2401.285,1520.510001,2318.3305960000002,592.0550000000001,1105.100333
2023-06-19 19:00:00,2099.263,2321.4139999999998,1504.604333,2308.3610559999997,586.506,1084.3643339999999
2023-06-19 20:00:00,2110.583,2215.444,1420.068501,2239.259615,562.582,1106.198333
2023-06-19 21:00:00,2027.929,2166.441,1442.5546669999999,2311.5678390000003,554.723,1099.664334
2023-06-19 22:00:00,1982.2890000000002,2108.841,1394.803998,2235.5907449999995,560.085,1032.8799999999999
2023-06-19 23:00:00,1802.5335,1924.5149999999999,1251.121001,1976.280964,479.82000000000005,896.219666
2023-06-20 00:00:00,1470.135333,1645.0430000000001,1073.919666,1659.884435,420.043,751.1683330000001
2023-06-20 01:00:00,1317.232,1415.499,910.883668,1447.549103,351.243666,609.990999
2023-06-20 02:00:00,1141.685333,1283.511,839.4493339999999,1314.34947,318.258666,588.514
2023-06-20 03:00:00,1051.072666,1254.137,771.779,1254.015465,302.75966500000004,549.7919999999999
2023-06-20 04:00:00,1054.99,1246.159,766.5566670000001,1223.017033,282.573,534.104
2023-06-20 05:00:00,1091.295001,1300.972,797.4169989999999,1275.847694,308.245,607.4639999999999
2023-06-20 06:00:00,1167.742666,1419.3139999999999,916.5260000000001,1372.733999,349.188,638.154
2023-06-20 07:00:00,1369.041667,1622.0839999999998,1051.153001,1557.666201,391.206667,720.056
2023-06-20 08:00:00,1418.5593330000002,1799.3200000000002,1153.355333,1665.1584619999999,423.623667,738.3960010000001
2023-06-20 09:00:00,1495.899833,1801.605,1212.144334,1681.6150969999999,449.808,788.3116669999999
2023-06-20 10:00:00,1525.092667,1846.493,1246.985333,1819.5049629999999,457.433,803.0250000000001
2023-06-20 11:00:00,1596.073667,1814.722,1233.872666,1810.5319359999999,462.008333,832.5730000000001
2023-06-20 12:00:00,1625.9253330000001,1810.776,1229.591333,1774.758697,467.50200000000007,870.138
2023-06-20 13:00:00,1633.0246670000001,1844.244,1177.2093329999998,1784.3810990000002,451.804,858.479333
2023-06-20 14:00:00,1641.874334,1824.302,1156.1256669999998,1816.450833,459.058,838.4733329999999
2023-06-20 15:00:00,1591.558,1793.729,1166.511333,1775.5709390000002,435.709,835.2923329999999
2023-06-20 16:00:00,1639.206668,1836.35,1158.910167,1764.3188169999999,443.544,869.432
2023-06-20 17:00:00,1775.734167,1947.031,1258.6755000000003,1935.684434,501.23800000000006,946.2
2023-06-20 18:00:00,1891.3863339999998,2130.5420000000004,1428.973333,2137.087564,536.8,988.016
2023-06-20 19:00:00,1954.043334,2175.532,1437.4588340000003,2208.868234,575.799,1025.173
2023-06-20 20:00:00,1960.779333,2129.964,1380.2624999999998,2211.166895,564.0419999999999,973.377
2023-06-20 21:00:00,1997.600333,2086.487,1356.311334,2197.250927,571.172,984.526
2023-06-20 22:00:00,1893.3053329999998,2078.33,1320.271667,2190.7394990000003,557.583,986.147
2023-06-20 23:00:00,1748.997167,1882.731,1231.714499,1919.5202680000002,490.731,889.751
2023-06-21 00:00:00,1468.8044989999999,1605.622,1048.371333,1640.745926,414.432,734.139
2023-06-21 01:00:00,1214.6595000000002,1383.2653329999998,902.4626659999999,1452.1759969999998,354.035333,650.99
2023-06-21 02:00:00,1074.594,1277.690999,808.768166,1294.468429,323.744335,584.189001
2023-06-21 03:00:00,1004.0820000000001,1232.683666,766.947833,1198.825898,305.848332,557.6640010000001
2023-06-21 04:00:00,1011.6535000000001,1208.880667,742.879501,1154.132733,283.18266600000004,529.614
2023-06-21 05:00:00,1055.5945000000002,1285.7306660000002,773.490333,1225.37513,297.299,590.150001
2023-06-21 06:00:00,1161.8315,1360.192001,842.4966669999999,1314.232295,333.50800000000004,637.5476669999999
2023-06-21 07:00:00,1305.403667,1538.7420000000002,999.8491670000001,1474.5343010000001,379.222,717.7090000000001
2023-06-21 08:00:00,1358.348,1740.2580000000003,1100.1003340000002,1585.084867,438.87300000000005,739.419
2023-06-21 09:00:00,1442.0695,1804.089,1150.146667,1636.39209,442.185,773.476
2023-06-21 10:00:00,1494.2179999999998,1773.078,1158.037333,1700.3659659999998,441.734,771.015
2023-06-21 11:00:00,1523.6550000000002,1726.257,1161.863999,1718.325368,446.742,816.752666
2023-06-21 12:00:00,1547.132,1757.7,1218.598,1834.599034,440.561,840.43
2023-06-21 13:00:00,1602.627,1834.638,1253.346334,1854.4461609999998,453.373,855.153
2023-06-21 14:00:00,1588.7379999999998,1850.279,1206.2330000000002,1851.328897,448.949,870.976
2023-06-21 15:00:00,1655.712,1931.169,1218.331667,1915.438237,461.435,839.019666
2023-06-21 16:00:00,1713.221,2051.0009999999997,1313.639333,1988.166929,511.881,944.131667
2023-06-21 17:00:00,1919.1664999999998,2340.979667,1462.972,2179.411832,558.709,1042.9560000000001
2023-06-21 18:00:00,2044.4654999999998,2617.584333,1606.720499,2363.950531,610.809,1098.5439999999999
2023-06-21 19:00:00,2137.5195,2801.82,1695.170501,2471.3083,659.124,1161.028
2023-06-21 20:00:00,2158.559,2773.726,1694.994833,2412.654498,637.424,1176.875
2023-06-21 21:00:00,2097.957333,2676.913,1622.3860020000002,2452.300362,622.625,1127.37
2023-06-21 22:00:00,2077.1273330000004,2530.029,1553.4726660000001,2359.431863,612.193,1079.521
2023-06-21 23:00:00,1804.2868330000001,2254.135,1409.4530009999999,2133.6158640000003,540.307,965.1959999999999
2023-06-22 00:00:00,1562.6591669999998,1899.873,1146.226668,1797.6076990000001,439.944667,811.234
2023-06-22 01:00:00,1313.045,1548.393333,957.310167,1552.8700019999999,363.215335,663.526
2023-06-22 02:00:00,1126.5865,1352.673667,828.9250000000001,1426.8937999999998,314.931334,594.6429999999999
2023-06-22 03:00:00,1029.934501,1249.582333,775.204668,1259.977695,286.69400099999996,547.508
2023-06-22 04:00:00,987.9895,1207.772,748.165334,1238.110934,286.78,517.8029999999999
2023-06-22 05:00:00,1010.209167,1222.925333,766.1593330000001,1276.3715240000001,293.128333,538.8420000000001
2023-06-22 06:00:00,1079.4005,1311.283,869.904835,1310.039628,320.468,594.8969999999999
2023-06-22 07:00:00,1207.243501,1507.064668,974.578667,1448.132231,359.94266700000003,632.572
2023-06-22 08:00:00,1284.540165,1674.443667,1063.185999,1554.9796979999999,399.67933400000004,719.985
2023-06-22 09:00:00,1376.5508330000002,1774.1096659999998,1126.559999,1636.937399,419.976001,718.492
2023-06-22 10:00:00,1443.675,1816.7976680000002,1176.497667,1704.777299,422.254,773.2876669999999
2023-06-22 11:00:00,1649.409,1837.943667,1203.427,1816.633664,425.116334,831.047
2023-06-22 12:00:00,1696.7914999999998,1974.727333,1298.304666,1906.6845710000002,466.192001,940.714334
2023-06-22 13:00:00,1753.2730000000001,2166.558,1425.458,2070.7037250000003,509.505,950.8503330000001
2023-06-22 14:00:00,1858.752833,2482.6630000000005,1574.7409989999999,2264.1765990000004,528.037,999.475334
2023-06-22 15:00:00,2063.127001,2849.669,1746.4383320000002,2400.736702,584.685,1139.358
2023-06-22 16:00:00,2242.0971670000004,3176.6226669999996,1921.473334,2553.309304,668.431,1230.25
2023-06-22 17:00:00,2422.435333,3682.955999,2271.375333,2847.3221949999997,744.36,1383.4160000000002
2023-06-22 18:00:00,2618.6535000000003,4049.158001,2465.588334,3087.3329649999996,826.115,1470.4140000000002
2023-06-22 19:00:00,2663.659167,4194.185667,2555.5201660000002,3202.7391939999998,863.517,1442.574333
2023-06-22 20:00:00,2610.2714990000004,4026.9750000000004,2460.771001,3161.5055,848.088,1484.592334
2023-06-22 21:00:00,2550.778666,3701.919,2231.8675000000003,3058.6799220000003,811.117,1385.3229999999999
2023-06-22 22:00:00,2416.5479990000003,3369.3940000000002,2013.031166,2888.733927,734.6869999999999,1303.107
2023-06-22 23:00:00,2097.484,2816.714334,1781.742334,2520.9580969999997,668.099,1125.723
2023-06-23 00:00:00,1757.5745,2256.3949999999995,1435.509666,2157.098767,548.626,946.9889999999999
2023-06-23 01:00:00,1480.050667,1918.958,1205.387,1802.146831,445.194667,785.4079999999999
2023-06-23 02:00:00,1281.549833,1613.287,1036.0454989999998,1585.518233,384.90999999999997,679.9069999999999
2023-06-23 03:00:00,1176.3645000000001,1444.094,907.7494999999999,1403.315205,331.148001,648.292
2023-06-23 04:00:00,1095.556167,1321.2839999999999,858.024334,1317.445203,320.774,570.8800000000001
2023-06-23 05:00:00,1064.7350000000001,1300.199334,829.234833,1313.8306779999998,324.74399999999997,570.811
2023-06-23 06:00:00,1148.2178330000002,1372.2496660000002,887.3043339999999,1349.1372179999998,331.08500000000004,607.957
2023-06-23 07:00:00,1263.222499,1589.99,971.880001,1508.33977,365.302,670.714333
2023-06-23 08:00:00,1331.021001,1741.249333,1103.915,1637.666532,436.312,758.5020010000001
2023-06-23 09:00:00,1459.4758339999998,1861.624667,1146.755667,1769.4941279999998,446.142,827.3963329999999
2023-06-23 10:00:00,1588.7731669999998,2015.3673330000001,1228.548,1917.250432,496.606,864.232
2023-06-23 11:00:00,1679.1283329999999,2104.404,1354.941333,2035.404,529.825,938.8256670000001
2023-06-23 12:00:00,1794.172667,2353.7520000000004,1525.535667,2229.522132,546.242,1026.0046670000002
2023-06-23 13:00:00,1890.552667,2644.642,1627.25,2337.945501,588.483,1067.353
2023-06-23 14:00:00,2054.572833,2987.474,1855.589332,2455.8009329999995,669.4580000000001,1177.7330000000002
2023-06-23 15:00:00,2194.855833,3310.004,2052.792666,2610.221864,683.367,1269.6203329999998
2023-06-23 16:00:00,2308.239,3673.004,2244.033,2868.482497,768.175,1339.655334
2023-06-23 17:00:00,2468.107333,4003.3959999999997,2486.996333,3103.237667,815.2950000000001,1405.5880000000002
2023-06-23 18:00:00,2532.412334,4036.4710000000005,2514.222667,3104.307198,873.712,1416.464
2023-06-23 19:00:00,2487.5788330000005,3781.219,2341.533334,3005.7297339999996,834.73,1329.0
2023-06-23 20:00:00,2410.639667,3601.016,2163.3469999999998,2910.3224609999997,760.4086669999999,1268.839
2023-06-23 21:00:00,2243.5055,3207.173,1917.2795,2744.1869699999997,722.433333,1260.538
2023-06-23 22:00:00,2121.343166,2906.8289999999997,1753.706667,2528.475396,636.1733330000001,1131.9550000000002
2023-06-23 23:00:00,1923.477167,2412.917,1505.9125,2274.110235,553.6299999999999,1045.1763340000002
2023-06-24 00:00:00,1580.101667,1947.238,1262.445833,1966.005463,461.286,877.5436669999999
2023-06-24 01:00:00,1346.6833339999998,1631.332,1079.9885,1645.386331,374.126,743.439
2023-06-24 02:00:00,1148.415833,1473.2240000000002,924.7438340000001,1403.382799,316.86199999999997,628.7309999999999
2023-06-24 03:00:00,1078.2643329999999,1341.2320000000002,839.3845000000001,1290.692497,298.986,569.5820000000001
2023-06-24 04:00:00,1029.954167,1243.5590000000002,783.578499,1217.567697,270.076,528.538
2023-06-24 05:00:00,1000.4010010000001,1227.529,764.603666,1216.6836349999999,271.518,521.404
2023-06-24 06:00:00,1030.605167,1241.176,830.6525,1231.8510310000001,293.774,558.731
2023-06-24 07:00:00,1121.3335,1384.542,900.536333,1316.614732,332.982,596.794
2023-06-24 08:00:00,1261.872667,1602.587,1055.1186670000002,1492.811064,369.86300000000006,691.778
2023-06-24 09:00:00,1470.741333,1801.196,1146.578999,1721.286667,407.896,781.358
2023-06-24 10:00:00,1623.704,1940.7959999999998,1219.8396659999999,1895.410764,480.164,876.5749999999999
2023-06-24 11:00:00,1731.255333,2024.4070000000002,1320.578333,2029.1088320000001,481.922,938.7930000000001
2023-06-24 12:00:00,1805.747666,2105.725,1388.459667,2092.0544959999997,538.947,958.969
2023-06-24 13:00:00,1810.2620000000002,2175.3720000000003,1423.011,2199.286698,560.778,983.3979999999999
2023-06-24 14:00:00,1851.846167,2297.2940000000003,1478.7623330000001,2252.588665,546.255,991.124
2023-06-24 15:00:00,1856.751167,2461.4130000000005,1593.213333,2371.8992289999997,558.0840000000001,1063.7420000000002
2023-06-24 16:00:00,2089.524167,2826.1000000000004,1716.3156669999998,2427.3319659999997,601.261,1160.346
2023-06-24 17:00:00,2170.947,3084.206,1882.808,2570.14073,664.45,1188.118
2023-06-24 18:00:00,2293.079668,3350.3050000000003,2048.035667,2701.208366,699.159,1238.035
2023-06-24 19:00:00,2255.689168,3426.134,2110.292666,2734.897496,735.058,1264.57
2023-06-24 20:00:00,2225.766667,3303.478,1975.934667,2718.26713,720.389,1246.665333
2023-06-24 21:00:00,2187.3255,3051.3160000000003,1835.1673349999999,2642.8033619999997,726.656,1208.6093340000002
2023-06-24 22:00:00,2059.4939999999997,2720.8129999999996,1735.686833,2452.298962,671.1790000000001,1132.392667
2023-06-24 23:00:00,1929.192499,2438.965,1519.511999,2207.7014289999997,569.488,1029.1799999999998
2023-06-25 00:00:00,1667.844501,2041.806,1289.838833,1995.5322259999998,458.722,883.6690000000001
2023-06-25 01:00:00,1434.3875,1706.173,1083.553333,1698.305961,384.80400000000003,742.171333
2023-06-25 02:00:00,1221.6898340000002,1473.596,921.5208339999999,1498.4501679999998,343.88,650.810333
2023-06-25 03:00:00,1100.3955,1336.663,817.487669,1360.827902,306.696,581.332334
2023-06-25 04:00:00,1027.555,1229.384,791.014668,1255.7483,286.565,550.023
2023-06-25 05:00:00,996.413,1210.118,776.3765000000001,1217.4757610000001,270.746,540.8789999999999
2023-06-25 06:00:00,1045.5835,1232.548,803.663334,1232.941802,264.782,545.156
2023-06-25 07:00:00,1080.5190000000002,1391.3690000000001,908.2266669999999,1318.283901,319.198,597.318
2023-06-25 08:00:00,1272.3975,1593.617,1028.650666,1539.458396,384.821,687.106
2023-06-25 09:00:00,1509.421,1843.961,1205.6873329999999,1703.772997,437.738,820.466
2023-06-25 10:00:00,1684.178666,2037.324,1299.173666,1951.3320330000001,489.596,944.174
2023-06-25 11:00:00,1763.0018329999998,2119.1940000000004,1342.603333,2072.98616,518.34,1006.152
2023-06-25 12:00:00,1854.1673329999999,2344.714,1418.118666,2244.178199,534.395,1064.608
2023-06-25 13:00:00,2022.8305,2411.478,1528.214667,2335.372296,561.223333,1127.225
2023-06-25 14:00:00,2049.3174999999997,2663.326,1639.815667,2451.002398,618.2643330000001,1163.899666
2023-06-25 15:00:00,2108.419,3026.701,1790.253333,2568.9492339999997,635.757,1180.081333
2023-06-25 16:00:00,2265.9545,3270.425,1978.889667,2748.917198,657.668667,1294.751333
2023-06-25 17:00:00,2421.3845,3648.563,2167.328334,2909.0309669999997,777.8006670000001,1353.092
2023-06-25 18:00:00,2543.5375000000004,3998.5550000000003,2383.1545,3044.240129,817.837667,1420.205
2023-06-25 19:00:00,2536.0696669999998,4030.7480000000005,2426.395,3110.048302,853.0523330000001,1376.2920000000001
2023-06-25 20:00:00,2529.8689999999997,3934.309,2352.578334,3091.66003,814.6426670000001,1392.4
2023-06-25 21:00:00,2387.586167,3588.3360000000002,2181.2839999999997,2965.142929,755.261,1323.966
2023-06-25 22:00:00,2301.6653340000003,3095.089,1969.864333,2697.7030609999997,673.834,1252.339
2023-06-25 23:00:00,2036.7661669999998,2601.97,1672.721,2346.8792919999996,604.173,1101.994
2023-06-26 00:00:00,1712.324834,2030.4119999999998,1320.0720000000001,2005.014937,510.822,914.628
2023-06-26 01:00:00,1431.857334,1694.942,1049.365166,1712.077972,426.99399999999997,751.502
2023-06-26 02:00:00,1232.434667,1450.959,922.9555,1462.658316,372.297,662.0393329999999
2023-06-26 03:00:00,1117.329666,1320.094333,831.068833,1319.1276360000002,323.812,581.830001
2023-06-26 04:00:00,1050.3503329999999,1243.192667,798.6196659999999,1267.529466,296.369,543.192667
2023-06-26 05:00:00,1035.829,1237.1766670000002,811.988832,1278.799696,292.423,548.323
2023-06-26 06:00:00,1125.345667,1340.481667,849.485165,1362.9357969999999,316.648,579.1800000000001
2023-06-26 07:00:00,1216.536,1470.09,967.845,1449.2911009999998,345.28,647.543
2023-06-26 08:00:00,1282.001666,1648.635667,1055.9953329999998,1521.393298,396.031,691.5193330000001
2023-06-26 09:00:00,1397.059,1719.294333,1094.3596659999998,1635.892267,402.548,739.338
2023-06-26 10:00:00,1487.71,1802.7963330000002,1114.650334,1708.0683009999998,409.68399999999997,760.266
2023-06-26 11:00:00,1573.2656670000001,1848.898333,1174.616667,1752.746748,420.024,830.154
2023-06-26 12:00:00,1648.017667,1877.404333,1271.6596670000001,1920.32788,448.56399999999996,862.933
2023-06-26 13:00:00,1716.4586669999999,1975.152,1323.900333,1945.5482009999998,477.46700000000004,960.826
2023-06-26 14:00:00,1857.642,2046.4719999999998,1400.029,2043.7455009999999,494.324,1008.784
2023-06-26 15:00:00,1964.457,2340.607,1487.659333,2200.133987,528.839,1069.109
2023-06-26 16:00:00,2121.6130000000003,2588.7670000000003,1670.357333,2356.104953,602.1200000000001,1145.225
2023-06-26 17:00:00,2332.2715,3130.421,1923.757333,2661.806652,665.312,1286.768666
2023-06-26 18:00:00,2476.994,3376.702,2143.822334,2873.853182,729.662,1415.731334
2023-06-26 19:00:00,2470.128,3611.6530000000002,2212.5265,2994.704009,736.017,1449.6149999999998
2023-06-26 20:00:00,2437.296,3409.0060000000003,2107.9056659999997,2883.2751089999997,729.402,1372.394
2023-06-26 21:00:00,2399.8329999999996,3051.209,1881.356,2835.56043,693.326,1244.219
2023-06-26 22:00:00,2276.697333,2771.197,1743.6873329999999,2641.7609009999996,677.789,1166.432
2023-06-26 23:00:00,2017.594667,2383.947,1500.992166,2281.371663,559.736,1049.928
2023-06-27 00:00:00,1663.869833,1910.2710000000002,1212.7510000000002,1915.1917990000002,454.28200000000004,880.2299990000001
2023-06-27 01:00:00,1353.0916670000001,1585.505,1015.1436659999999,1602.7993999999999,380.231,722.311668
2023-06-27 02:00:00,1168.737,1368.206,880.8565000000001,1394.147598,332.234,633.918
2023-06-27 03:00:00,1073.780333,1264.884,804.2166669999999,1293.037699,305.774,583.837
2023-06-27 04:00:00,1000.334333,1258.392,768.740501,1239.103964,296.66499999999996,565.7843330000001
2023-06-27 05:00:00,1030.7105000000001,1253.31,792.8824999999999,1247.0465060000001,289.428,559.844
2023-06-27 06:00:00,1107.486667,1336.783,856.338666,1313.3689010000003,313.44399999999996,612.739333
2023-06-27 07:00:00,1185.921,1457.8556660000002,985.6776669999999,1436.2365020000002,354.502333,671.769667
2023-06-27 08:00:00,1310.401333,1605.8220000000001,1050.4833330000001,1525.101602,385.340667,696.9383330000001
2023-06-27 09:00:00,1362.966833,1721.995,1096.9700010000001,1566.383131,383.156333,702.600334
2023-06-27 10:00:00,1423.7979999999998,1757.935,1177.799666,1664.976498,394.784333,753.874667
2023-06-27 11:00:00,1519.191334,1790.214,1207.6589989999998,1682.9347360000002,410.953667,777.206999
2023-06-27 12:00:00,1666.045333,1847.6570000000002,1230.285666,1817.6417609999999,447.227,845.966
2023-06-27 13:00:00,1620.487167,1887.1509999999998,1290.528999,1955.1412019999998,450.43699999999995,896.355
2023-06-27 14:00:00,1719.579,2102.695,1334.4823339999998,2018.795967,468.65999999999997,975.23
2023-06-27 15:00:00,1854.4895000000001,2303.1040000000003,1393.497667,2166.320728,497.341,1003.1270000000001
2023-06-27 16:00:00,2028.5345,2612.577,1561.4199999999998,2320.611699,544.516,1082.1570000000002
2023-06-27 17:00:00,2249.5996669999995,3054.818,1820.961667,2645.038928,641.565,1228.3940000000002
2023-06-27 18:00:00,2452.464,3486.919,2145.2966669999996,2801.130499,758.6120000000001,1356.53
2023-06-27 19:00:00,2500.1766669999997,3654.5969999999998,2226.997334,2945.931198,787.88,1427.663
2023-06-27 20:00:00,2486.0770009999997,3595.965,2162.795667,2897.163298,798.6970000000001,1361.6779999999999
2023-06-27 21:00:00,2463.097667,3284.303,2037.125334,2850.217361,761.327,1278.921
2023-06-27 22:00:00,2242.398,3008.96,1855.799333,2661.354665,696.679,1243.507
2023-06-27 23:00:00,2007.835335,2519.7870000000003,1632.992499,2276.5422,589.931,1136.475
2023-06-28 00:00:00,1661.751,2076.331,1357.002666,1965.443996,500.932,899.038
2023-06-28 01:00:00,1450.062668,1685.272,1110.258335,1697.853196,404.11300000000006,760.336
2023-06-28 02:00:00,1219.6586659999998,1461.3690000000001,939.2208330000001,1504.460067,339.59000000000003,649.430667
2023-06-28 03:00:00,1101.9669990000002,1335.8139999999999,836.981166,1366.9717699999999,301.857,595.629334
2023-06-28 04:00:00,1071.204666,1314.2160000000001,795.420334,1294.388693,294.13800000000003,576.0033330000001
2023-06-28 05:00:00,1056.767,1279.479,802.747333,1310.670261,301.31399999999996,577.505
2023-06-28 06:00:00,1133.068,1335.2939999999999,866.365833,1359.3551979999997,327.38599999999997,625.187
2023-06-28 07:00:00,1233.6039999999998,1480.4343330000002,1014.16,1509.692368,367.293,673.799
2023-06-28 08:00:00,1295.2966669999998,1636.3149999999998,1063.509,1558.394706,398.999,693.175
2023-06-28 09:00:00,1381.280667,1730.412,1133.8029999999999,1630.6418330000001,401.764,735.913
2023-06-28 10:00:00,1483.02,1819.911,1171.465334,1671.888433,399.88,767.257
2023-06-28 11:00:00,1607.584333,1851.472,1207.5156670000001,1785.21546,431.269,881.925
2023-06-28 12:00:00,1663.1326669999999,2021.663,1337.779,1993.7571,435.04299999999995,971.2449999999999
2023-06-28 13:00:00,1805.4613330000002,2255.9390000000003,1436.5586660000001,2107.738564,497.62899999999996,999.953
2023-06-28 14:00:00,1925.801334,2486.6719999999996,1582.552334,2200.6305979999997,549.9559999999999,1090.603
2023-06-28 15:00:00,2101.534334,2839.3509999999997,1733.4560000000001,2414.8179010000003,612.042,1147.0659999999998
2023-06-28 16:00:00,2282.887001,3315.464,2008.2310000000002,2644.143697,673.5550000000001,1283.638
2023-06-28 17:00:00,2517.303,3814.162,2317.3959999999997,2982.9577339999996,762.113,1430.5829999999999
2023-06-28 18:00:00,2758.212667,4352.295,2604.5485,3198.586198,856.9570000000001,1531.6029999999998
2023-06-28 19:00:00,2770.102333,4401.179,2713.325834,3384.977566,908.4069999999999,1574.2939999999999
2023-06-28 20:00:00,2705.1073319999996,4247.782999999999,2596.4858329999997,3233.4261269999997,913.034,1531.163
2023-06-28 21:00:00,2665.0969999999998,3898.214,2385.047334,3120.73556,848.55,1441.6370000000002
2023-06-28 22:00:00,2495.188668,3402.527,2155.411666,2926.317172,758.05,1375.5510000000002
2023-06-28 23:00:00,2264.910333,2853.814667,1801.1753330000001,2533.108234,665.5,1190.752
2023-06-29 00:00:00,1784.519666,2298.279667,1427.3881669999998,2148.0768310000003,542.6759999999999,1039.691
2023-06-29 01:00:00,1491.1036669999999,1870.118,1199.3576659999999,1806.9187379999998,456.345,871.315
2023-06-29 02:00:00,1329.037333,1605.092667,1004.030167,1568.0767959999998,396.206,740.9390000000001
2023-06-29 03:00:00,1202.354334,1418.626,918.035668,1413.022528,338.50700000000006,667.1679999999999
2023-06-29 04:00:00,1128.2253329999999,1320.441667,848.239166,1336.405233,312.42900000000003,620.670333
2023-06-29 05:00:00,1122.8020000000001,1297.663667,846.769501,1307.312864,315.855,635.2800000000001
2023-06-29 06:00:00,1192.848333,1354.2939999999999,914.5901669999998,1387.579466,335.133,641.467333
2023-06-29 07:00:00,1294.454999,1545.669,1033.952333,1490.574335,389.972,727.981
2023-06-29 08:00:00,1376.4586669999999,1745.934,1117.5964999999999,1608.5306,405.96500000000003,763.909333
2023-06-29 09:00:00,1517.226334,1823.0149999999999,1172.0213330000001,1702.101132,432.028,810.6413339999999
2023-06-29 10:00:00,1560.8253329999998,1957.009,1288.0046670000002,1781.951151,461.904,828.5020000000001
2023-06-29 11:00:00,1705.546335,2144.01,1388.1019999999999,1928.176389,480.201,926.312
2023-06-29 12:00:00,1922.999667,2344.6839999999997,1540.338,2129.2816070000003,518.499,1069.8600000000001
2023-06-29 13:00:00,1990.5919990000002,2664.999,1728.534667,2317.456399,584.9079999999999,1157.5
2023-06-29 14:00:00,2156.1939999999995,3085.607,1997.036,2457.339118,665.649,1207.881
2023-06-29 15:00:00,2308.920667,3500.4880000000003,2206.036334,2704.125674,749.7719999999999,1293.596
2023-06-29 16:00:00,2549.622333,3983.803,2440.303334,2912.2135310000003,783.71,1423.0700000000002
2023-06-29 17:00:00,2780.911666,4356.521,2690.7794999999996,3185.117179,857.3409999999999,1587.925
2023-06-29 18:00:00,2984.0063339999997,4670.363,2884.622666,3418.880498,927.45,1665.254
2023-06-29 19:00:00,2912.638,4675.3640000000005,2921.7965,3573.884399,951.739,1672.717
2023-06-29 20:00:00,2932.751333,4601.192,2812.9109999999996,3484.745028,891.2149999999999,1656.563
2023-06-29 21:00:00,2735.392667,4234.463,2597.827,3346.281533,879.395,1519.542
2023-06-29 22:00:00,2607.359333,3700.9179999999997,2302.5276679999997,3123.040464,770.687,1378.386
2023-06-29 23:00:00,2261.7709999999997,3111.777,1953.321,2739.6473690000003,680.182,1243.868
2023-06-30 00:00:00,1962.773,2491.423,1613.527333,2322.572497,582.567,1046.275
2023-06-30 01:00:00,1624.1105,2045.6420000000003,1319.835832,1966.882631,481.702,893.829
2023-06-30 02:00:00,1441.077,1686.563,1134.828667,1711.600571,418.98400000000004,784.0640000000001
2023-06-30 03:00:00,1286.5373329999998,1516.669333,999.990667,1558.9781280000002,379.43100000000004,691.54
2023-06-30 04:00:00,1188.183667,1425.353666,899.427833,1460.030602,347.63599999999997,643.446
2023-06-30 05:00:00,1158.4976669999999,1381.0240000000001,894.153166,1412.497625,336.966,650.461
2023-06-30 06:00:00,1246.412,1429.549,928.3684999999999,1420.681228,361.33799999999997,683.832
2023-06-30 07:00:00,1319.279667,1552.7440000000001,997.5371660000001,1495.8426330000002,382.839,740.1676669999999
2023-06-30 08:00:00,1359.603333,1725.213333,1100.767167,1611.5961690000001,427.96500000000003,745.462001
2023-06-30 09:00:00,1506.8943330000002,1809.264,1194.858333,1717.1997959999999,436.67400000000004,786.688666
2023-06-30 10:00:00,1566.4009999999998,1941.753333,1281.248,1816.953098,470.138,835.38
2023-06-30 11:00:00,1714.252333,2115.2526669999997,1363.3580000000002,2016.9000999999998,489.947,909.163
2023-06-30 12:00:00,1876.976667,2282.662667,1505.446,2160.650733,530.141,1027.824
2023-06-30 13:00:00,2020.1626660000002,2575.9483330000003,1699.606667,2344.5146970000005,595.8140000000001,1133.0369999999998
2023-06-30 14:00:00,2190.536667,3003.1896669999996,1874.473,2515.2470000000003,633.595,1191.06
2023-06-30 15:00:00,2341.717668,3427.559,2100.553,2732.198106,713.23,1292.788666
2023-06-30 16:00:00,2517.741332,3806.782333,2329.111666,2897.828208,797.471,1392.907334
2023-06-30 17:00:00,2669.8879989999996,4142.918333,2570.249667,3101.022562,867.949,1525.981
2023-06-30 18:00:00,2778.471001,4357.242,2732.319167,3341.5745960000004,882.5889999999999,1542.086333
2023-06-30 19:00:00,2786.768666,4403.885333,2768.286334,3382.9067349999996,896.947,1491.269667
2023-06-30 20:00:00,2671.429333,4177.405,2573.786166,3315.5795,904.832,1466.944667
2023-06-30 21:00:00,2523.7963339999997,3748.3239999999996,2274.5144999999998,3133.0751629999995,844.116,1359.383
2023-06-30 22:00:00,2411.7293339999997,3220.857,1998.5235,2893.948932,711.845,1302.449
2023-06-30 23:00:00,2124.825334,2694.8590000000004,1746.375666,2497.304532,637.308,1146.4069999999997
2023-07-01 00:00:00,1816.527333,2171.029,1433.0254989999999,2141.8166650000003,512.909,958.254
2023-07-01 01:00:00,1541.382667,1830.047,1198.772668,1822.673092,429.89099999999996,831.320334
2023-07-01 02:00:00,1289.999667,1570.056,984.0303329999999,1554.388739,364.678,718.648
2023-07-01 03:00:00,1178.381167,1378.676,843.672167,1377.977041,341.422,645.499
2023-07-01 04:00:00,1128.7644999999998,1280.022,795.139833,1297.15256,304.563,584.3499999999999
2023-07-01 05:00:00,1071.6856670000002,1219.837,783.662167,1269.5825,288.405,566.899
2023-07-01 06:00:00,1090.48,1272.1280000000002,843.234333,1251.3956620000001,285.706,581.751
2023-07-01 07:00:00,1136.606667,1402.2420000000002,925.422667,1346.3962980000001,325.762,633.068
2023-07-01 08:00:00,1251.674,1572.6460000000002,1026.2696660000001,1505.6939929999999,364.3,708.258
2023-07-01 09:00:00,1506.284834,1820.968,1235.7623330000001,1679.216271,433.193,792.2730000000001
2023-07-01 10:00:00,1696.2073329999998,1948.972,1286.064667,1896.9093950000001,502.759,904.181
2023-07-01 11:00:00,1823.8135,2100.5389999999998,1379.861333,1980.8173689999999,490.036,971.385333
2023-07-01 12:00:00,1858.883167,2176.857,1424.7836670000002,2124.522865,493.88300000000004,1010.3413330000001
2023-07-01 13:00:00,1928.088667,2302.997,1523.012667,2256.021365,525.127,1077.382
2023-07-01 14:00:00,2060.246668,2479.6670000000004,1645.662667,2314.600516,568.683,1078.9879999999998
2023-07-01 15:00:00,2191.691001,2809.4539999999997,1830.0483330000002,2498.3390790000003,602.433,1156.037
2023-07-01 16:00:00,2271.9973339999997,3196.4120000000003,1984.962667,2651.060971,668.7740000000001,1272.4720000000002
2023-07-01 17:00:00,2408.632333,3608.652,2221.2556670000004,2913.0012619999998,738.421,1333.366
2023-07-01 18:00:00,2487.301,3924.425,2369.982334,3007.338326,801.794,1387.308
2023-07-01 19:00:00,2455.472667,3913.813,2421.5219990000005,3036.354362,799.4490000000001,1390.0969999999998
2023-07-01 20:00:00,2399.04,3755.923,2290.289664,2913.049328,778.885,1396.852
2023-07-01 21:00:00,2343.310334,3404.854666,2047.271667,2709.2934960000002,720.845,1295.3
2023-07-01 22:00:00,2168.1113330000003,2982.8636669999996,1819.152167,2633.065465,660.144,1214.844
2023-07-01 23:00:00,1997.4516669999998,2544.947001,1647.6996669999999,2315.387266,581.319,1054.496
2023-07-02 00:00:00,1760.713667,2192.927,1335.187,2051.050698,506.108,882.303
2023-07-02 01:00:00,1502.2620000000002,1847.013,1147.7015000000001,1734.119963,418.57,774.442
2023-07-02 02:00:00,1269.399667,1565.8249999999998,973.451168,1540.475598,358.64099999999996,669.9549999999999
2023-07-02 03:00:00,1189.465834,1376.2379999999998,864.0971669999999,1400.336531,329.725,614.374
2023-07-02 04:00:00,1076.982665,1288.4250000000002,808.323334,1285.6327,298.029,567.1750000000001
2023-07-02 05:00:00,1029.439332,1244.156,767.5609999999999,1241.136831,290.28599999999994,548.383
2023-07-02 06:00:00,1061.651,1269.6779999999999,805.0335,1267.711233,297.63,558.508
2023-07-02 07:00:00,1129.512334,1393.9720000000002,883.7555,1358.325468,308.044,606.6566660000001
2023-07-02 08:00:00,1272.733,1544.078,982.334999,1491.937133,353.422,676.655667
2023-07-02 09:00:00,1491.407333,1805.685,1170.0656669999998,1686.5308300000002,423.71799999999996,771.123667
2023-07-02 10:00:00,1669.851,1957.14,1260.474,1876.720432,443.119,889.6796670000001
2023-07-02 11:00:00,1822.305167,2104.996,1401.8310000000001,2030.7998650000002,501.659,958.6206669999999
2023-07-02 12:00:00,1904.019333,2258.161,1509.2269999999999,2212.2357979999997,533.3580000000001,1037.156334
2023-07-02 13:00:00,1952.714667,2529.192,1618.127,2308.887597,602.298,1113.924667
2023-07-02 14:00:00,2116.646667,2805.4399999999996,1741.163,2498.802501,622.6120000000001,1185.981
2023-07-02 15:00:00,2260.7165,3278.943,1985.6100000000001,2718.010933,698.941,1224.903
2023-07-02 16:00:00,2419.224,3715.609,2233.008,2847.12193,750.492,1344.909
2023-07-02 17:00:00,2598.473333,4085.1259999999997,2483.6009999999997,3056.7481289999996,818.29,1440.013
2023-07-02 18:00:00,2714.7749999999996,4330.778,2703.157667,3270.22656,854.855,1493.077333
2023-07-02 19:00:00,2683.017333,4371.066,2667.509666,3361.807173,913.593,1515.038
2023-07-02 20:00:00,2615.3650000000002,4217.761,2544.0806669999997,3202.3753640000004,862.448,1478.711
2023-07-02 21:00:00,2566.888333,3778.935,2320.1496669999997,3058.7945330000002,845.831,1422.248
2023-07-02 22:00:00,2427.2693329999997,3295.852,2030.116333,2910.1479,747.2629999999999,1342.174
2023-07-02 23:00:00,2179.002668,2797.98,1766.043667,2519.807832,651.6030000000001,1155.2759999999998
2023-07-03 00:00:00,1817.8263350000002,2292.5823330000003,1402.301666,2166.571534,546.092,971.471
2023-07-03 01:00:00,1535.924001,1874.554,1119.1686650000001,1836.591377,434.92499899999996,800.8533339999999
2023-07-03 02:00:00,1315.4613330000002,1601.011,972.665,1619.009916,353.89833300000004,696.9380000000001
2023-07-03 03:00:00,1177.801334,1374.324,880.583334,1426.3829369999999,312.38,640.884
2023-07-03 04:00:00,1086.155333,1300.862,815.7143330000001,1330.3199650000001,296.02599999999995,588.963
2023-07-03 05:00:00,1059.5133329999999,1312.5479999999998,798.857166,1291.187132,293.55899999999997,583.044
2023-07-03 06:00:00,1127.105333,1345.505,833.408999,1346.370598,305.745,616.93
2023-07-03 07:00:00,1183.8200000000002,1508.4389999999999,945.142333,1449.701966,346.84000000000003,655.9680000000001
2023-07-03 08:00:00,1305.191,1649.1509999999998,1077.392332,1594.0114640000002,400.33399999999995,700.927333
2023-07-03 09:00:00,1461.114333,1820.9769999999999,1230.668333,1737.8027299999999,421.463,795.6990000000001
2023-07-03 10:00:00,1562.662667,1950.2620000000002,1281.542334,1868.788298,458.91200000000003,860.626667
2023-07-03 11:00:00,1751.424,2135.431,1350.3290000000002,2062.844631,484.793,924.832
2023-07-03 12:00:00,1907.4923330000001,2284.645,1532.307333,2189.824562,523.737,1004.4660000000001
2023-07-03 13:00:00,2052.5029999999997,2645.32,1683.1609999999998,2344.603783,593.396,1102.6239999999998
2023-07-03 14:00:00,2151.0913339999997,3093.786,1880.558,2513.547375,644.6679999999999,1220.4919999999997
2023-07-03 15:00:00,2301.549667,3552.424,2129.195333,2719.203488,713.658,1299.297
2023-07-03 16:00:00,2557.6153329999997,4038.987,2408.650334,2928.940317,758.632,1408.6830000000002
2023-07-03 17:00:00,2769.427333,4466.024,2700.7839999999997,3218.323367,836.246,1534.413666
2023-07-03 18:00:00,2910.8266670000003,4673.205,2888.1646659999997,3337.354396,909.647,1605.301
2023-07-03 19:00:00,2896.848,4652.628000000001,2885.3395,3390.7732340000002,977.164,1577.092667
2023-07-03 20:00:00,2799.6966669999997,4459.353,2760.5126659999996,3331.7575309999997,963.8480000000001,1532.3196669999998
2023-07-03 21:00:00,2653.741333,4095.192,2508.916667,3243.004997,870.8210000000001,1511.087
2023-07-03 22:00:00,2525.3399999999997,3611.475,2252.840834,3022.092436,809.693,1393.9279999999999
2023-07-03 23:00:00,2320.852,3157.1913329999998,1886.9293340000002,2735.70103,697.894,1281.3700000000001
2023-07-04 00:00:00,2018.8738320000002,2583.493332,1536.0216639999999,2365.869497,589.9110000000001,1064.9343330000002
2023-07-04 01:00:00,1667.0949990000001,2085.962667,1251.067666,2042.6943999999999,503.664666,897.754
2023-07-04 02:00:00,1395.033334,1735.312333,1074.117332,1788.839737,408.825334,779.862
2023-07-04 03:00:00,1272.6063330000002,1505.72,935.395667,1584.1280070000003,350.94100000000003,696.711667
2023-07-04 04:00:00,1155.976332,1395.704334,867.5583340000001,1428.876898,334.00199999999995,629.7123330000001
2023-07-04 05:00:00,1129.030001,1327.485,858.184001,1359.109937,315.0899999999999,596.4739999999999
2023-07-04 06:00:00,1144.127667,1337.4189999999999,853.5100010000001,1349.406835,312.53600000000006,612.302
2023-07-04 07:00:00,1148.672002,1406.0043339999997,937.261334,1415.197396,335.437,627.962667
2023-07-04 08:00:00,1307.797667,1599.975,1055.6033320000001,1543.123572,357.777,712.931333
2023-07-04 09:00:00,1544.995666,1878.1619999999998,1203.586666,1819.148099,425.62100000000004,857.074001
2023-07-04 10:00:00,1747.838,2163.0409999999997,1369.1363339999998,2090.249834,531.726,969.1370000000001
2023-07-04 11:00:00,1932.7353320000002,2493.7129999999997,1629.043667,2369.891638,594.45,1133.8926669999998
2023-07-04 12:00:00,2170.130668,2885.974666,1846.569334,2621.271167,671.5830000000001,1260.344333
2023-07-04 13:00:00,2441.931001,3399.8280000000004,2144.072667,2914.344329,754.712,1346.655
2023-07-04 14:00:00,2687.673001,4009.067,2465.8543339999997,3139.3760039999997,821.978,1487.2333330000001
2023-07-04 15:00:00,2906.0346659999996,4632.495999999999,2778.1213340000004,3436.522332,913.634,1607.0913329999998
2023-07-04 16:00:00,2978.716333,5036.493,3071.383667,3622.951569,983.942,1723.537
2023-07-04 17:00:00,3116.5820000000003,5225.483,3125.628667,3747.4926,1007.513,1739.638667
2023-07-04 18:00:00,3178.8076659999997,5324.963,3297.6440000000002,3777.283735,1028.9499999999998,1745.973667
2023-07-04 19:00:00,3069.753998,5246.847,3270.166667,3794.5923009999997,1032.477,1698.1673329999999
2023-07-04 20:00:00,3001.918666,5080.677,3076.9053320000003,3657.029759,990.118,1695.112333
2023-07-04 21:00:00,2849.340666,4734.701,2870.225665,3454.903335,929.066,1605.3739999999998
2023-07-04 22:00:00,2673.795666,4306.35,2551.2893329999997,3248.74344,841.74,1497.3519999999999
2023-07-04 23:00:00,2458.188334,3705.496,2273.014,2974.1534330000004,763.398,1350.976667
2023-07-05 00:00:00,2210.928333,3164.868667,1906.403666,2607.7294359999996,682.1769999999999,1246.420333
2023-07-05 01:00:00,1929.365,2556.4063340000002,1556.6833339999998,2263.1390629999996,590.3303330000001,1053.8740000000003
2023-07-05 02:00:00,1610.549333,2027.3973330000001,1298.057999,1928.7754,483.265333,921.240667
2023-07-05 03:00:00,1432.2879990000001,1757.9160000000002,1107.829999,1684.453332,433.453667,827.710001
2023-07-05 04:00:00,1303.7186660000002,1576.958666,1024.521999,1544.449065,384.211,747.4363330000001
2023-07-05 05:00:00,1226.463667,1496.7773339999999,982.981666,1503.914832,369.40833399999997,703.604
2023-07-05 06:00:00,1266.092334,1506.681,977.744335,1495.0639339999998,390.55999999999995,717.876333
2023-07-05 07:00:00,1304.599999,1631.5910010000002,1059.7401670000002,1584.895664,397.26099999999997,763.518666
2023-07-05 08:00:00,1440.797,1777.574,1122.603165,1711.746566,426.41700000000003,788.536333
2023-07-05 09:00:00,1608.652,1988.706333,1301.794,1838.437568,475.574,841.6759999999999
2023-07-05 10:00:00,1787.3966659999999,2244.762333,1451.990666,1974.838147,515.279,960.7349999999999
2023-07-05 11:00:00,1957.554666,2610.8549999999996,1647.1553330000002,2218.620128,594.1,1115.174333
2023-07-05 12:00:00,2182.280333,3067.036,1954.9793330000002,2532.466499,675.383,1271.858667
2023-07-05 13:00:00,2412.677667,3656.307,2266.523499,2877.765532,805.419,1390.167667
2023-07-05 14:00:00,2728.642,4325.66,2654.8115,3198.7923339999998,870.343,1518.639667
2023-07-05 15:00:00,2913.876667,4885.844999999999,2958.397,3471.9507000000003,995.224,1659.5703330000001
2023-07-05 16:00:00,3164.977001,5334.697,3264.687,3745.8728969999997,1059.2669999999998,1797.807
2023-07-05 17:00:00,3251.897,5484.674,3373.3530009999995,3904.62563,1060.473,1900.088333
2023-07-05 18:00:00,3404.111334,5793.86,3560.238999,4197.461835,1128.072,1957.639334
2023-07-05 19:00:00,3460.592666,5793.807,3545.952667,4286.9272,1185.5059999999999,1947.149334
2023-07-05 20:00:00,3413.438333,5583.7880000000005,3479.013,4161.088495,1175.2230000000002,1880.5546669999999
2023-07-05 21:00:00,3344.7586659999997,5238.19,3167.385334,3980.077007000001,1070.6190000000001,1847.005
2023-07-05 22:00:00,3134.230667,4720.2080000000005,2914.516001,3793.476697,1005.691,1750.177
2023-07-05 23:00:00,2760.631334,4080.8909999999996,2470.2413340000003,3332.680596,930.11,1506.527
2023-07-06 00:00:00,2364.982,3329.514,2015.4266670000002,2800.956498,763.05,1293.345333
2023-07-06 01:00:00,1977.7146659999999,2730.126,1627.8053340000001,2302.937367,628.186,1096.141333
2023-07-06 02:00:00,1734.411333,2241.1769999999997,1343.722668,1993.297264,527.0129999999999,940.207
2023-07-06 03:00:00,1536.321,1941.9940000000001,1118.060166,1782.449635,462.692,828.0889999999999
2023-07-06 04:00:00,1410.9361669999998,1726.15,1000.6075,1636.869932,406.39000000000004,772.1569999999999
2023-07-06 05:00:00,1338.417167,1558.537,971.934334,1622.241127,388.46299999999997,754.5616669999999
2023-07-06 06:00:00,1391.397167,1592.2060000000001,1014.3885,1635.374562,386.543,778.2650000000001
2023-07-06 07:00:00,1470.0856669999998,1710.862,1095.8830010000001,1667.821532,430.786,803.423666
2023-07-06 08:00:00,1557.85,1925.271,1221.506166,1825.1137290000001,449.682,834.803
2023-07-06 09:00:00,1723.673667,2073.0829999999996,1332.6826649999998,1903.812466,476.397,903.0640000000001
2023-07-06 10:00:00,1799.7780010000001,2223.7709999999997,1413.847833,2039.419762,523.076,961.843666
2023-07-06 11:00:00,1915.367666,2442.2290000000003,1530.165166,2237.764469,558.942,1070.354333
2023-07-06 12:00:00,2133.5096670000003,2832.940667,1737.230332,2432.750633,628.341,1191.517
2023-07-06 13:00:00,2320.301,3251.8750010000003,1946.174999,2690.523636,727.043,1256.226
2023-07-06 14:00:00,2499.143333,3662.3909999999996,2236.216666,2882.5382710000003,750.3,1391.231
2023-07-06 15:00:00,2627.830667,4114.427,2510.4168339999997,3076.628967,822.471,1484.2930000000001
2023-07-06 16:00:00,2800.6879999999996,4550.846,2759.1923340000003,3350.098468,911.2059999999999,1596.1206670000001
2023-07-06 17:00:00,3056.792333,4920.85,3052.147333,3686.443264,978.7990000000001,1740.104
2023-07-06 18:00:00,3228.257333,5199.055,3206.3445,3804.424833,1028.565,1809.443
2023-07-06 19:00:00,3205.2766659999998,5247.076,3185.780667,3903.988432,1033.406,1829.6380000000001
2023-07-06 20:00:00,3084.8763329999997,4907.96,3010.780834,3735.422663,1014.458,1738.8829999999998
2023-07-06 21:00:00,2905.366333,4409.621,2657.6135,3494.2727680000003,937.219,1591.0430000000001
2023-07-06 22:00:00,2662.4570000000003,3764.091,2327.389334,3186.7035669999996,847.717,1454.9679999999998
2023-07-06 23:00:00,2361.408333,3110.5029999999997,1969.583167,2812.968764,735.558,1298.213
2023-07-07 00:00:00,1977.6315,2525.483,1509.378667,2378.719063,606.5260000000001,1101.436
2023-07-07 01:00:00,1680.027832,2016.8650000000002,1216.362499,1982.397765,499.525,915.625667
2023-07-07 02:00:00,1400.399665,1716.087,1035.7178330000002,1701.4120639999999,421.74800000000005,790.8636670000001
2023-07-07 03:00:00,1282.3078340000002,1526.0826670000001,930.1491679999999,1546.249429,353.667001,691.3176669999999
2023-07-07 04:00:00,1180.063667,1425.509,878.834335,1430.5905,324.08900000000006,627.405
2023-07-07 05:00:00,1162.313667,1372.831,852.903,1419.185296,311.714,631.097
2023-07-07 06:00:00,1210.074333,1416.329,921.918334,1444.563755,335.499,660.935
2023-07-07 07:00:00,1267.879334,1531.5929999999998,985.9835,1549.679435,365.922,684.754333
2023-07-07 08:00:00,1398.220667,1645.58,1062.459667,1606.076103,403.35299999999995,730.6313319999999
2023-07-07 09:00:00,1456.054,1751.661,1150.6826660000002,1698.501898,414.626,762.4746660000001
2023-07-07 10:00:00,1533.521333,1846.19,1161.9838340000001,1727.1519000000003,421.66700000000003,783.309667
2023-07-07 11:00:00,1570.6076659999999,1855.962,1213.238001,1801.222566,436.06600000000003,830.763
2023-07-07 12:00:00,1690.4593329999998,1867.327,1287.006834,1848.820663,430.443,884.881
2023-07-07 13:00:00,1689.252999,1885.79,1328.0155,1866.469933,449.803,887.4659999999999
2023-07-07 14:00:00,1777.6696670000001,1947.789,1333.787,1904.325861,453.289,919.2230000000001
2023-07-07 15:00:00,1842.8069999999998,2067.697,1398.9266670000002,2078.030962,489.948,1021.441
2023-07-07 16:00:00,2032.4413329999998,2296.264,1519.231667,2251.498324,518.369,1089.625
2023-07-07 17:00:00,2162.152666,2678.884,1740.6465,2497.190464,556.9630000000001,1165.163
2023-07-07 18:00:00,2346.294,3041.741,1964.8855010000002,2647.5909309999997,676.2249999999999,1251.338
2023-07-07 19:00:00,2451.803333,3291.83,2109.417,2807.874295,707.944,1261.8799999999999
2023-07-07 20:00:00,2370.020333,3205.531,2059.3855000000003,2788.2763940000004,680.575,1219.954
2023-07-07 21:00:00,2269.3483330000004,2952.398,1928.5891649999999,2647.120597,665.4860000000001,1145.21
2023-07-07 22:00:00,2144.472667,2684.311,1726.8290000000002,2440.177768,614.654,1107.538
2023-07-07 23:00:00,1937.2044999999998,2321.6310000000003,1494.7476649999999,2210.180467,553.662,1007.033
2023-07-08 00:00:00,1605.3763330000002,1925.619,1310.317666,1930.022873,445.1120000000001,886.094
2023-07-08 01:00:00,1375.8506670000002,1670.9,1087.852832,1668.084847,374.789,742.461
2023-07-08 02:00:00,1226.3841670000002,1445.984001,919.581333,1425.4462959999998,343.058333,646.583
2023-07-08 03:00:00,1108.9955,1287.515001,841.2941659999999,1303.883297,305.110001,593.585
2023-07-08 04:00:00,1056.6403329999998,1194.655333,797.493999,1278.974726,281.722667,563.24
2023-07-08 05:00:00,1037.919167,1178.480666,787.873168,1237.121597,287.533,540.189333
2023-07-08 06:00:00,1070.605,1215.4470000000001,819.225167,1253.818464,294.399,570.075
2023-07-08 07:00:00,1113.590334,1340.162667,888.91,1338.496101,321.487,585.835
2023-07-08 08:00:00,1189.7873330000002,1537.382,994.592999,1450.2100289999998,345.653,645.917
2023-07-08 09:00:00,1375.8030009999998,1706.761999,1135.331001,1622.6013659999999,399.702,699.703
2023-07-08 10:00:00,1601.0353329999998,1863.745333,1219.4539989999998,1753.640196,458.80400000000003,798.022667
2023-07-08 11:00:00,1636.112668,1883.8773330000001,1319.466332,1877.2970710000002,466.09799999999996,876.8943340000001
2023-07-08 12:00:00,1745.229334,1974.5746669999999,1325.5413330000001,1954.596133,477.687,891.823
2023-07-08 13:00:00,1802.2179999999998,2008.08,1308.7240009999998,2026.3017300000001,482.96,894.438
2023-07-08 14:00:00,1774.860334,2001.5549999999998,1335.414,2035.2067710000001,481.233,924.508
2023-07-08 15:00:00,1822.6280000000002,2136.321,1339.012334,2087.401576,489.15999999999997,995.4100000000001
2023-07-08 16:00:00,1912.7109999999998,2246.871,1455.661,2247.317326,538.978,1055.876334
2023-07-08 17:00:00,2062.870666,2501.374,1652.0216670000002,2414.2934809999997,581.179,1115.95
2023-07-08 18:00:00,2131.617333,2702.948333,1785.6896659999998,2449.435108,663.38,1181.224333
2023-07-08 19:00:00,2135.513667,2898.526,1873.274,2490.682098,678.392,1204.535
2023-07-08 20:00:00,2151.1400000000003,2938.7599999999998,1776.6926670000003,2551.736597,680.635,1161.876
2023-07-08 21:00:00,2118.4391670000005,2845.161,1705.153,2431.0886309999996,651.146,1113.1779999999999
2023-07-08 22:00:00,2013.530333,2609.616,1646.498667,2368.0765309999997,645.592,1068.878333
2023-07-08 23:00:00,1889.761167,2394.816,1515.022667,2116.5478700000003,552.055,1002.4646670000001
2023-07-09 00:00:00,1662.933167,2008.69,1262.8988319999999,1857.36617,459.898,868.454667
2023-07-09 01:00:00,1406.9188330000002,1651.3990000000001,1053.931001,1636.729336,387.947,747.6020000000001
2023-07-09 02:00:00,1211.220167,1440.382,913.266334,1431.971297,352.863,646.574
2023-07-09 03:00:00,1098.732667,1331.562,829.434667,1298.368025,304.504,598.02
2023-07-09 04:00:00,1012.8536649999999,1239.401,777.847167,1251.0239649999999,292.265,555.3299999999999
2023-07-09 05:00:00,985.720666,1192.838,760.269333,1199.152631,273.879,538.2280000000001
2023-07-09 06:00:00,985.649,1220.141,787.584166,1220.4788979999998,279.65,557.137667
2023-07-09 07:00:00,1041.410334,1359.81,848.4448319999999,1283.879899,294.73699999999997,582.111
2023-07-09 08:00:00,1217.259,1487.895,966.982334,1449.363898,332.367,637.331001
2023-07-09 09:00:00,1425.699,1731.6779999999999,1106.963,1633.422066,403.866,702.986
2023-07-09 10:00:00,1557.641333,1866.817,1223.919667,1784.3870689999999,438.21000000000004,867.500333
2023-07-09 11:00:00,1728.815,2009.8739999999998,1283.196,1926.9047970000001,461.128,946.746
2023-07-09 12:00:00,1888.458666,2188.342,1361.7550010000002,2090.653433,511.996,1006.024667
2023-07-09 13:00:00,1955.134668,2338.52,1461.286666,2297.9777289999997,577.252,1104.8846669999998
2023-07-09 14:00:00,2089.1930009999996,2642.313,1656.856667,2495.351064,590.3899999999999,1204.027
2023-07-09 15:00:00,2244.8556670000003,3019.237,1814.7020000000002,2608.828032,656.6859999999999,1299.344
2023-07-09 16:00:00,2361.0483329999997,3397.276,1973.558667,2825.8518999999997,712.791,1377.387334
2023-07-09 17:00:00,2515.725333,3818.306,2240.291666,3023.874465,775.488,1501.339
2023-07-09 18:00:00,2710.732,4146.966,2469.644334,3188.7829629999997,838.4270000000001,1527.523
2023-07-09 19:00:00,2772.643,4355.942,2548.342332,3270.016133,880.983,1541.132
2023-07-09 20:00:00,2674.654334,4166.57,2447.295,3223.7018,879.86,1516.914
2023-07-09 21:00:00,2561.531666,3752.71,2260.523666,3096.790398,847.578,1473.2443329999999
2023-07-09 22:00:00,2396.2110000000002,3254.031,2024.680667,2881.228301,747.466,1360.683666
2023-07-09 23:00:00,2130.418666,2708.6710000000003,1668.086667,2425.6733999999997,647.721,1201.1640000000002
2023-07-10 00:00:00,1703.337167,2148.919,1358.1070009999999,2013.723965,496.46299999999997,988.2730000000001
2023-07-10 01:00:00,1402.237001,1761.493,1118.7726670000002,1692.7325030000002,406.34799999999996,794.653
2023-07-10 02:00:00,1206.050999,1506.761,967.255667,1477.269306,365.362,675.6030000000001
2023-07-10 03:00:00,1121.572667,1387.135,871.048999,1331.542919,321.774,626.028
2023-07-10 04:00:00,1053.778,1299.1870000000001,815.984334,1248.979898,311.207,590.0110000000001
2023-07-10 05:00:00,1043.2273329999998,1295.531,829.038335,1277.110162,327.33500000000004,596.2956670000001
2023-07-10 06:00:00,1129.505,1368.144,869.3073340000001,1347.269831,332.839,608.94
2023-07-10 07:00:00,1170.679,1497.9140000000002,967.323999,1406.1869660000002,345.37699999999995,671.44
2023-07-10 08:00:00,1319.474,1612.2820000000002,1071.5986670000002,1484.091232,397.814,669.402666
2023-07-10 09:00:00,1407.8396659999999,1675.903,1128.186666,1569.302199,414.821,698.924999
2023-07-10 10:00:00,1429.5383339999998,1739.21,1134.862332,1631.807431,423.036,711.7676670000001
2023-07-10 11:00:00,1546.051,1780.781,1183.1456680000001,1765.213492,433.985,778.207667
2023-07-10 12:00:00,1635.2783329999997,1814.859,1191.811333,1789.483561,426.18600000000004,823.951333
2023-07-10 13:00:00,1576.4479999999999,1904.06,1233.099667,1821.470231,425.42499999999995,863.015
2023-07-10 14:00:00,1557.5626670000001,1844.808,1211.345833,1860.8554629999999,448.268,857.075334
2023-07-10 15:00:00,1668.249667,1829.2780000000002,1159.5735,1830.528495,454.744,840.5899999999999
2023-07-10 16:00:00,1727.5463330000002,1927.842,1226.002332,1834.180002,442.624,901.055333
2023-07-10 17:00:00,1839.357,2107.335,1346.0888340000001,1985.670565,503.927,977.702667
2023-07-10 18:00:00,1947.335,2316.6839999999997,1455.584832,2178.0349650000003,555.28,1059.561333
2023-07-10 19:00:00,1966.825999,2418.3859999999995,1498.808,2306.3558000000003,575.443,1073.9393340000001
2023-07-10 20:00:00,2008.498999,2374.447,1562.974833,2311.214635,540.7280000000001,1050.107333
2023-07-10 21:00:00,2048.746666,2367.7200000000003,1508.0578349999998,2287.404704,558.8209999999999,1019.807666
2023-07-10 22:00:00,1886.883667,2355.817,1447.447,2208.364531,529.766,1017.815
2023-07-10 23:00:00,1715.8126670000001,2124.317,1311.8576670000002,1932.647931,481.90599999999995,906.7280000000001
2023-07-11 00:00:00,1435.5600009999998,1736.307,1105.290167,1748.8446020000001,392.87,787.937
2023-07-11 01:00:00,1278.557667,1509.193,929.5635000000001,1457.850498,353.26,678.6990000000001
2023-07-11 02:00:00,1146.989001,1371.411,830.653668,1319.827737,321.86299999999994,596.387
2023-07-11 03:00:00,1071.948001,1288.131,773.253667,1232.479265,284.97,573.191
2023-07-11 04:00:00,1038.681666,1206.0079999999998,756.7719999999999,1188.858632,275.432,534.069333
2023-07-11 05:00:00,1039.4759999999999,1227.031,776.314333,1211.556268,284.79499999999996,555.941333
2023-07-11 06:00:00,1103.955667,1303.875,852.204833,1299.10557,315.249,601.37
2023-07-11 07:00:00,1217.659334,1455.6570000000002,945.0935000000001,1418.5895970000001,351.262,663.380333
2023-07-11 08:00:00,1291.820332,1603.194,1054.566666,1528.613762,371.875,723.7049999999999
2023-07-11 09:00:00,1430.8983329999999,1704.805,1129.545834,1630.23915,416.427,727.3340000000001
2023-07-11 10:00:00,1490.939666,1755.731,1162.250667,1683.388994,425.34900000000005,768.012
2023-07-11 11:00:00,1624.4,1871.933,1239.689666,1824.8624679999998,457.719,824.088
2023-07-11 12:00:00,1702.913,2110.812,1353.6818329999999,1979.300769,472.914,906.6
2023-07-11 13:00:00,1839.122334,2285.064,1492.080165,2102.491411,510.419,971.781
2023-07-11 14:00:00,2001.554334,2547.209,1601.531668,2221.8567430000003,557.9150000000001,1076.002
2023-07-11 15:00:00,2162.174,2850.245,1713.334333,2410.2643180000005,598.0709999999999,1134.607
2023-07-11 16:00:00,2349.480334,3212.201,1903.8625,2542.071024,626.2909999999999,1212.6529999999998
2023-07-11 17:00:00,2499.116666,3624.277,2168.914833,2845.1464220000003,716.3190000000001,1353.6779999999999
2023-07-11 18:00:00,2690.170667,3926.167,2406.206334,3053.972463,804.642,1453.31
2023-07-11 19:00:00,2652.4423340000003,4021.634,2489.547499,3165.566331,831.6229999999999,1492.6380000000001
2023-07-11 20:00:00,2618.260668,3971.208,2430.489166,3138.077303,832.361,1446.0049999999999
2023-07-11 21:00:00,2603.412334,3690.143,2199.352332,2983.24751,797.7069999999999,1421.714
2023-07-11 22:00:00,2486.689666,3286.235,2043.402665,2794.761063,739.904,1325.476
2023-07-11 23:00:00,2141.241667,2754.457,1724.121834,2437.179245,643.293,1144.636
2023-07-12 00:00:00,1795.618999,2255.977,1398.8215,2044.5042430000003,542.6199999999999,987.224
2023-07-12 01:00:00,1495.000335,1820.885,1168.8051649999998,1717.641799,426.24800000000005,814.085
2023-07-12 02:00:00,1309.0323349999999,1556.071,1012.1098320000001,1504.612298,374.92600000000004,715.7139999999999
2023-07-12 03:00:00,1175.1816660000002,1425.766,908.287666,1371.621801,327.61699999999996,669.3679999999999
2023-07-12 04:00:00,1134.254999,1330.433,863.228499,1309.120529,298.57,613.014
2023-07-12 05:00:00,1120.429334,1312.7130000000002,855.5459989999999,1297.959461,289.422,620.5029999999999
2023-07-12 06:00:00,1178.4383340000002,1371.7440000000001,866.872666,1391.565603,310.746,628.063667
2023-07-12 07:00:00,1280.7483339999999,1500.154,988.1173329999999,1509.837601,331.081,693.092
2023-07-12 08:00:00,1369.395666,1666.3850000000002,1072.928668,1589.5056009999998,377.26099999999997,714.329
2023-07-12 09:00:00,1458.293666,1696.911,1141.978332,1622.070901,401.703,751.295667
2023-07-12 10:00:00,1529.842666,1816.8960000000002,1189.751667,1692.347594,430.882,797.227666
2023-07-12 11:00:00,1638.4769999999999,1923.4320000000002,1276.283668,1827.394098,463.78200000000004,889.406334
2023-07-12 12:00:00,1736.3810010000002,2039.5,1357.202333,2076.8316059999997,494.856333,977.649334
2023-07-12 13:00:00,1881.286333,2383.633833,1485.898666,2214.817963,534.123,1058.5639999999999
2023-07-12 14:00:00,2060.462666,2716.233333,1658.491333,2321.085598,589.3230000000001,1124.788
2023-07-12 15:00:00,2203.345666,3094.451333,1841.5610000000001,2551.7635710000004,676.356,1225.058
2023-07-12 16:00:00,2418.269666,3538.5260000000003,2135.018001,2757.0165009999996,744.231,1334.137334
2023-07-12 17:00:00,2594.462,4013.987333,2378.9108330000004,3052.676163,837.679,1452.3319999999999
2023-07-12 18:00:00,2860.456667,4328.851000000001,2630.130333,3315.59613,874.03,1554.7086669999999
2023-07-12 19:00:00,2863.5643330000003,4449.128333000001,2680.502,3406.2935639999996,929.595,1620.937
2023-07-12 20:00:00,2788.093333,4302.626667,2547.108333,3357.521361,899.798,1553.743334
2023-07-12 21:00:00,2616.382999,3914.3379999999997,2386.2736670000004,3116.0627349999995,839.644,1447.4296669999999
2023-07-12 22:00:00,2566.5780000000004,3437.732,2118.379834,2872.414895,767.8349999999999,1359.883
2023-07-12 23:00:00,2216.8469990000003,2839.3,1801.466834,2524.007399,636.973,1171.2730000000001
2023-07-13 00:00:00,1835.1366670000002,2291.867,1437.611334,2160.4876,528.907,989.155
2023-07-13 01:00:00,1590.6203329999998,1888.0059999999999,1196.3275,1809.127996,457.236,850.537
2023-07-13 02:00:00,1375.528333,1591.383,1034.2636670000002,1597.326935,401.756,723.1903339999999
2023-07-13 03:00:00,1208.885834,1455.533,922.1394990000001,1413.9518659999999,340.708,653.319001
2023-07-13 04:00:00,1152.58,1352.334,858.257498,1331.861535,322.90700000000004,619.8720000000001
2023-07-13 05:00:00,1131.713667,1306.789,839.23,1342.849995,324.9,612.569
2023-07-13 06:00:00,1146.5653340000001,1377.3890000000001,882.646666,1423.3783660000001,330.677,637.295667
2023-07-13 07:00:00,1274.764667,1509.751,1012.797999,1516.0351640000001,370.855,715.3969999999999
2023-07-13 08:00:00,1431.026667,1682.88,1112.600664,1617.59743,394.155,767.891
2023-07-13 09:00:00,1507.223,1840.93,1185.842667,1717.9661310000001,418.544,787.095
2023-07-13 10:00:00,1571.9603339999999,1950.753,1241.9543330000001,1788.5185330000002,450.842,847.7396659999999
2023-07-13 11:00:00,1687.127333,2055.306,1349.0233329999999,1977.797831,506.346,903.7149999999999
2023-07-13 12:00:00,1871.7856669999999,2265.527,1545.6566659999999,2120.105101,575.659,1003.434
2023-07-13 13:00:00,1986.481,2636.991,1663.0139990000002,2340.7651610000003,632.7869999999999,1119.3020000000001
2023-07-13 14:00:00,2165.654333,2972.2660000000005,1861.687,2484.3166319999996,671.068,1226.3690000000001
2023-07-13 15:00:00,2345.056667,3472.952,2101.422,2690.5763340000003,725.3330000000001,1311.887
2023-07-13 16:00:00,2535.069666,3901.076,2354.3233330000003,2905.023454,793.144,1412.2713330000001
2023-07-13 17:00:00,2779.5599999999995,4286.969,2613.3203320000002,3115.54723,892.251,1507.714
2023-07-13 18:00:00,2909.366333,4608.261,2875.340333,3396.9943540000004,951.423,1630.931
2023-07-13 19:00:00,2926.665666,4742.231,2925.4923310000004,3469.923063,970.2950000000001,1698.6409999999998
2023-07-13 20:00:00,2906.056,4578.898,2801.063,3480.724534,957.1840000000001,1647.067
2023-07-13 21:00:00,2811.987333,4169.230000000001,2570.611666,3326.893299,900.971,1525.001
2023-07-13 22:00:00,2575.598333,3745.934,2338.726998,3089.315684,829.553,1463.499333
2023-07-13 23:00:00,2380.631666,3206.343,2035.109669,2691.156625,726.354,1254.922333
2023-07-14 00:00:00,1980.6599999999999,2593.8469999999998,1621.7599989999999,2280.7653560000003,587.771,1058.604
2023-07-14 01:00:00,1695.269001,2108.819,1328.3190009999998,2016.5827980000001,488.84299999999996,930.294
2023-07-14 02:00:00,1473.4396649999999,1825.607,1139.358999,1721.6669940000002,420.687,816.4060000000001
2023-07-14 03:00:00,1299.0183339999999,1583.0500000000002,1006.767335,1506.441499,376.245,724.312
2023-07-14 04:00:00,1209.179334,1465.693,940.0616689999999,1427.804631,332.28700000000003,652.5640000000001
2023-07-14 05:00:00,1173.1186659999998,1420.678,888.5179989999999,1415.015574,335.819,660.419999
2023-07-14 06:00:00,1230.411,1450.097,918.446668,1466.718312,351.04499999999996,687.024
2023-07-14 07:00:00,1343.761667,1596.749,1041.7226660000001,1552.386028,378.60699999999997,746.23
2023-07-14 08:00:00,1474.369667,1845.204,1150.078,1719.549064,416.46000000000004,811.6133339999999
2023-07-14 09:00:00,1617.489333,2020.12,1285.368334,1808.754927,462.623667,849.002334
2023-07-14 10:00:00,1736.1850000000002,2172.4139999999998,1371.925669,2014.1994,526.1569999999999,935.688668
2023-07-14 11:00:00,1932.179666,2395.4530000000004,1550.214666,2206.237532,575.8,1064.961667
2023-07-14 12:00:00,2081.42,2716.667,1796.319668,2482.5860940000002,620.539,1169.226
2023-07-14 13:00:00,2307.269,3187.4010000000003,2033.140668,2703.7401959999997,696.707,1268.236
2023-07-14 14:00:00,2469.670667,3729.6150000000002,2303.512001,2934.727799,772.9680000000001,1338.288
2023-07-14 15:00:00,2689.724667,4176.616,2577.875668,3120.550562,859.443,1512.861
2023-07-14 16:00:00,2885.6176669999995,4678.5289999999995,2886.994667,3401.302861,919.234,1593.929
2023-07-14 17:00:00,3057.837333,5057.958666,3172.2466669999994,3603.259298,968.926,1701.9650000000001
2023-07-14 18:00:00,3185.242999,5292.152,3356.569001,3771.656829,1083.6019999999999,1785.792
2023-07-14 19:00:00,3230.260666,5378.046,3438.5913339999997,3842.133929,1130.077,1859.821
2023-07-14 20:00:00,3129.291333,5207.5419999999995,3218.255,3793.024265,1037.895,1774.04
2023-07-14 21:00:00,2988.517001,4902.492,3030.6464989999995,3628.665063,1017.286,1726.7420000000002
2023-07-14 22:00:00,2831.748001,4401.869,2739.4298339999996,3438.245934,924.841,1582.119
2023-07-14 23:00:00,2609.6223330000003,3749.997,2353.617166,3133.869261,842.2719999999999,1391.6629990000001
2023-07-15 00:00:00,2260.145333,3102.911,1951.838999,2692.8926629999996,729.038,1222.766
2023-07-15 01:00:00,1951.4116669999999,2561.283,1606.473998,2300.5840340000004,593.892667,1061.443334
2023-07-15 02:00:00,1660.487167,2132.73,1346.763334,1938.875893,534.859333,932.264
2023-07-15 03:00:00,1459.1161670000001,1811.571,1139.185001,1729.268963,477.931667,834.5623330000001
2023-07-15 04:00:00,1334.4609999999998,1657.468,1011.3091669999999,1556.7256269999998,416.575,765.581667
2023-07-15 05:00:00,1252.906167,1510.2509999999997,950.1475,1507.767132,384.616,744.044
2023-07-15 06:00:00,1245.574,1505.042,951.382502,1469.426929,382.62,699.493
2023-07-15 07:00:00,1321.6163339999998,1622.665,1044.6858339999999,1549.453896,423.539,758.825
2023-07-15 08:00:00,1508.048,1905.3509999999999,1195.163165,1773.2913990000002,474.547,857.0219999999999
2023-07-15 09:00:00,1710.0786670000002,2295.68,1412.8176669999998,2021.6436589999998,535.451,962.622333
2023-07-15 10:00:00,1955.4009999999998,2608.1459999999997,1646.5949999999998,2285.340966,631.2819999999999,1089.6216670000001
2023-07-15 11:00:00,2237.509,3033.641,1866.4119990000002,2538.5762330000002,709.809,1229.996333
2023-07-15 12:00:00,2499.321,3527.039,2210.625332,2829.5349969999997,744.624,1398.0520000000001
2023-07-15 13:00:00,2734.25,4012.865,2495.818667,3113.9857629999997,846.9110000000001,1518.726334
2023-07-15 14:00:00,2953.688667,4498.0380000000005,2814.315333,3403.67667,946.8259999999999,1608.223334
2023-07-15 15:00:00,3099.087333,4953.323667,3115.248166,3668.942872,1011.12,1713.805
2023-07-15 16:00:00,3229.2309999999998,5317.846,3326.022,3930.054766,1074.521,1818.4163330000001
2023-07-15 17:00:00,3336.5256659999995,5672.935333,3520.160001,4132.556483,1097.123,1887.810333
2023-07-15 18:00:00,3404.335666,5803.509667,3576.4068340000003,4149.788738,1123.2749999999999,1887.895
2023-07-15 19:00:00,3361.334667,5745.817333,3518.063667,4083.847564,1121.3890000000001,1895.6570000000002
2023-07-15 20:00:00,3333.875667,5471.7876670000005,3387.866666,3992.1040599999997,1096.724,1829.926
2023-07-15 21:00:00,3066.327334,5089.22,3054.3566659999997,3767.9837989999996,986.568,1721.311667
2023-07-15 22:00:00,2947.527666,4505.327667,2720.985001,3584.699726,933.3969999999999,1566.581
2023-07-15 23:00:00,2666.391667,3891.010334,2356.3130009999995,3157.039733,835.125,1437.225
2023-07-16 00:00:00,2295.157334,3230.692,1961.017332,2725.689962,719.056,1259.413
2023-07-16 01:00:00,1946.3493330000001,2635.104667,1555.553665,2324.275863,593.085333,1058.675
2023-07-16 02:00:00,1699.8029999999999,2143.807667,1294.470333,2009.3806660000002,494.86100000000005,945.075666
2023-07-16 03:00:00,1509.513334,1843.043667,1124.523999,1783.860336,443.80033299999997,835.3910000000001
2023-07-16 04:00:00,1363.5946660000002,1664.8376669999998,1007.139166,1625.405631,404.002667,777.843333
2023-07-16 05:00:00,1307.071333,1534.276333,952.949,1526.364432,376.519,708.550333
2023-07-16 06:00:00,1258.2730000000001,1499.5550000000003,957.967333,1481.805098,364.33299999999997,694.524
2023-07-16 07:00:00,1328.5230000000001,1655.438333,984.3484990000001,1535.3145040000002,394.72900000000004,744.302
2023-07-16 08:00:00,1444.158333,1870.355333,1161.1835,1750.6130979999998,431.774,788.827
2023-07-16 09:00:00,1745.172333,2166.947,1357.1053339999999,2014.6675349999998,526.326,945.9399999999999
2023-07-16 10:00:00,1964.7406660000001,2457.4260000000004,1536.734667,2284.162667,575.625,1015.0790000000001
2023-07-16 11:00:00,2145.564,2703.734,1741.714001,2498.815928,629.3430000000001,1143.816
2023-07-16 12:00:00,2361.172667,3066.865667,1971.991666,2764.019931,708.888,1317.4989999999998
2023-07-16 13:00:00,2546.9,3590.608333,2258.330666,3048.039935,809.134,1469.893
2023-07-16 14:00:00,2749.184667,4135.9763330000005,2566.9419989999997,3265.897299,879.487,1600.125
2023-07-16 15:00:00,2902.7473339999997,4658.472667,2826.835334,3558.829998,929.2729999999999,1689.9540000000002
2023-07-16 16:00:00,3087.114001,4978.567,3115.479665,3802.475063,975.816,1748.484
2023-07-16 17:00:00,3197.6773329999996,5389.003,3326.724833,3940.041796,1052.896,1815.85
2023-07-16 18:00:00,3299.0959999999995,5596.183,3488.512333,4037.731667,1094.6689999999999,1877.316
2023-07-16 19:00:00,3263.2113329999997,5524.483,3436.500334,4053.581968,1117.252,1893.659
2023-07-16 20:00:00,3146.951,5202.386,3182.746,3907.311829,1063.333,1861.63
2023-07-16 21:00:00,2989.3063329999995,4643.388,2890.3996669999997,3604.434866,989.788,1684.791
2023-07-16 22:00:00,2782.750333,3968.1769999999997,2465.4296679999998,3309.523134,907.7239999999999,1501.895
2023-07-16 23:00:00,2379.6976669999995,3332.557,2085.024833,2805.782532,741.7460000000001,1321.753
2023-07-17 00:00:00,2006.868334,2590.947,1594.587335,2354.4831670000003,599.745,1097.1450000000002
2023-07-17 01:00:00,1700.617667,2101.907,1304.3093350000001,1949.789631,508.93833300000006,927.567
2023-07-17 02:00:00,1474.527667,1769.8,1094.411832,1688.536904,420.631666,813.9529990000001
2023-07-17 03:00:00,1298.133334,1570.746,968.982832,1521.9038890000002,365.478333,720.247334
2023-07-17 04:00:00,1196.662666,1448.5859999999998,897.6700020000001,1414.558965,329.666,668.322
2023-07-17 05:00:00,1190.5859990000001,1401.298,899.8636670000001,1433.5586,341.456,662.746
2023-07-17 06:00:00,1235.7566660000002,1434.384,951.595334,1488.3821979999998,347.48400000000004,700.903
2023-07-17 07:00:00,1371.345,1596.3920000000003,998.073668,1576.081496,378.94500000000005,729.984
2023-07-17 08:00:00,1452.162334,1736.0169999999998,1104.480333,1711.341797,407.259,763.116
2023-07-17 09:00:00,1541.579666,1849.625,1259.832832,1818.6775010000001,432.004,807.857
2023-07-17 10:00:00,1586.6820010000001,1901.714,1307.668165,1938.7268,448.124,867.849
2023-07-17 11:00:00,1705.163,1987.3629999999998,1317.993168,1945.851529,446.455,892.217
2023-07-17 12:00:00,1791.147333,2110.053,1374.371667,2020.497693,450.66,936.011
2023-07-17 13:00:00,1899.9070000000002,2172.688,1419.588668,2101.6068640000003,476.66700000000003,1003.8330000000001
2023-07-17 14:00:00,1936.4263340000002,2279.951,1514.802666,2195.7417960000002,523.491,1002.954
2023-07-17 15:00:00,2052.4170000000004,2500.014,1614.201333,2329.1276339999995,532.934,1074.995
2023-07-17 16:00:00,2167.889666,2708.8869999999997,1732.4320010000001,2468.557265,591.987,1141.4450000000002
2023-07-17 17:00:00,2326.513667,3188.5379999999996,2025.7433350000001,2704.297364,665.1659999999999,1247.512
2023-07-17 18:00:00,2475.9656670000004,3619.883,2198.806666,2892.9966,718.912,1339.458
2023-07-17 19:00:00,2475.4523329999997,3698.995,2255.457166,2954.911466,785.1759999999999,1405.958
2023-07-17 20:00:00,2460.124333,3550.353,2222.114666,2928.3844819999995,765.261,1408.753667
2023-07-17 21:00:00,2358.918667,3292.832,1992.481668,2738.1194990000004,706.654,1324.988333
2023-07-17 22:00:00,2212.3296659999996,2938.2160000000003,1816.1289980000001,2667.6655309999996,636.283,1271.388
2023-07-17 23:00:00,1982.6709999999998,2455.7219999999998,1589.331834,2307.657063,556.8040000000001,1113.4009999999998
2023-07-18 00:00:00,1674.256667,2011.165,1298.996502,1938.499332,486.85699999999997,905.127
2023-07-18 01:00:00,1399.877334,1686.8690000000001,1062.3735,1642.2232290000002,393.407,791.1980000000001
2023-07-18 02:00:00,1239.1583340000002,1481.19,942.359835,1427.878068,325.371,678.5540000000001
2023-07-18 03:00:00,1087.2340009999998,1365.266,872.165334,1322.4973610000002,310.03100000000006,626.5409999999999
2023-07-18 04:00:00,1045.2526659999999,1280.549,823.2168340000001,1291.568866,300.503,586.731
2023-07-18 05:00:00,1046.590332,1275.459,808.982334,1262.5772299999999,298.673,582.039
2023-07-18 06:00:00,1146.207333,1331.8829999999998,863.788834,1324.3292669999998,316.60300000000007,604.858
2023-07-18 07:00:00,1254.652335,1493.545,969.660333,1464.0246000000002,345.599333,696.165
2023-07-18 08:00:00,1367.739667,1662.862,1095.777834,1557.460033,382.788,741.3430000000001
2023-07-18 09:00:00,1442.398001,1776.715667,1179.237334,1622.556662,426.908667,760.16
2023-07-18 10:00:00,1519.1136660000002,1832.31,1249.142835,1734.093864,444.986,786.441
2023-07-18 11:00:00,1598.0523339999997,1903.2240000000002,1272.534999,1843.6281320000003,475.199667,852.213
2023-07-18 12:00:00,1752.554666,2084.526,1388.295668,2006.9906659999997,497.71500000000003,957.612
2023-07-18 13:00:00,1902.178667,2322.2340000000004,1476.700666,2168.494497,530.661333,1043.57
2023-07-18 14:00:00,2065.169001,2717.111,1686.088333,2361.3538630000003,582.689,1105.6960000000001
2023-07-18 15:00:00,2221.5406669999998,3120.182667,1944.273333,2591.574265,663.0619999999999,1206.419333
2023-07-18 16:00:00,2409.519334,3626.654334,2234.434333,2801.677828,758.9949999999999,1362.353
2023-07-18 17:00:00,2703.489667,4081.718333,2541.7506670000002,3095.331336,876.4839999999999,1480.308
2023-07-18 18:00:00,2939.795667,4545.892,2802.9863320000004,3367.6744329999997,950.73,1587.225334
2023-07-18 19:00:00,2948.694,4681.553,2923.193999,3470.491667,951.264,1651.673333
2023-07-18 20:00:00,2969.103667,4472.198,2802.995166,3464.7045630000002,962.2650000000001,1660.533
2023-07-18 21:00:00,2815.8666660000004,4164.609,2542.064166,3207.784166,853.8030000000001,1541.087
2023-07-18 22:00:00,2572.621667,3758.332,2269.4240010000003,3057.637594,799.9580000000001,1410.3000000000002
2023-07-18 23:00:00,2343.044667,3135.9139999999998,1927.187667,2588.162935,690.686667,1294.798
2023-07-19 00:00:00,1966.1946659999999,2543.473,1545.043334,2248.735292,596.433,1080.741
2023-07-19 01:00:00,1617.626667,2056.9236659999997,1291.831662,1899.88087,474.991,919.169667
2023-07-19 02:00:00,1418.5053309999998,1721.614334,1103.346165,1685.2951010000002,415.348,802.5666659999999
2023-07-19 03:00:00,1274.727001,1502.386332,969.141835,1497.2983,367.059333,741.387
2023-07-19 04:00:00,1174.676334,1395.311666,904.5708320000001,1411.947701,350.58,667.737666
2023-07-19 05:00:00,1159.2353349999998,1371.807999,885.955499,1377.663299,351.035667,659.001332
2023-07-19 06:00:00,1215.776,1428.426668,919.9421649999999,1433.4570640000002,349.10066600000005,687.843333
2023-07-19 07:00:00,1330.9713350000002,1597.155335,1051.1435000000001,1537.1852979999999,392.275667,752.335333
2023-07-19 08:00:00,1442.0046659999998,1814.337332,1184.0171679999999,1705.859199,428.379,819.2856690000001
2023-07-19 09:00:00,1575.652001,1993.922,1267.94733,1757.452466,449.38833400000004,830.322668
2023-07-19 10:00:00,1668.720666,2167.061667,1362.6050020000002,1936.761765,506.3,919.8406669999999
2023-07-19 11:00:00,1866.405334,2405.619001,1508.739003,2155.875159,549.4086669999999,1001.596
2023-07-19 12:00:00,1993.137334,2724.9086660000003,1740.612669,2400.310634,583.163,1109.165999
2023-07-19 13:00:00,2244.412334,3257.1009990000002,2012.9923319999998,2698.0579319999997,695.577667,1248.476334
2023-07-19 14:00:00,2446.010667,3831.3029989999995,2315.2863310000002,2940.239197,771.2139999999999,1407.817
2023-07-19 15:00:00,2705.677998,4447.207,2673.577666,3231.795862,885.6690000000001,1540.3269990000001
2023-07-19 16:00:00,2985.801665,4996.236335,2975.6353339999996,3506.518736,942.302333,1651.486332
2023-07-19 17:00:00,3221.308,5386.652333,3287.424,3862.5150679999997,1053.344333,1759.2166659999998
2023-07-19 18:00:00,3431.535333,5575.952999000001,3525.426831,4004.928158,1109.3896670000001,1858.772332
2023-07-19 19:00:00,3481.460666,5708.140332999999,3497.857835,4024.574337,1141.656667,1971.7326690000002
2023-07-19 20:00:00,3410.0330010000002,5522.363666,3368.037834,4024.4235329999997,1087.7993330000002,1861.497332
2023-07-19 21:00:00,3261.3053330000002,5116.168666,3149.739999,3915.449896,1016.873667,1799.704667
2023-07-19 22:00:00,3108.378667,4737.838667,2871.883667,3720.1361960000004,989.653667,1702.931
2023-07-19 23:00:00,2715.3900009999998,4025.4526670000005,2452.165168,3234.646335,855.240667,1486.613332
2023-07-20 00:00:00,2349.390002,3247.662999,1999.665167,2748.947533,701.5360000000001,1297.269335
2023-07-20 01:00:00,1979.1303340000002,2732.0150000000003,1615.530834,2288.1915360000003,613.134,1115.9273329999999
2023-07-20 02:00:00,1698.536333,2262.038,1338.416001,1961.924732,542.422,969.388
2023-07-20 03:00:00,1522.0873339999998,1944.1770000000001,1163.392833,1785.502267,489.014,883.025334
2023-07-20 04:00:00,1398.631666,1723.202,1066.9631669999999,1636.470466,431.38800000000003,780.443333
2023-07-20 05:00:00,1342.280667,1628.377,1024.410668,1599.8896989999998,388.337,744.767
2023-07-20 06:00:00,1344.805001,1597.75,1015.093667,1610.391067,396.74899999999997,766.869334
2023-07-20 07:00:00,1417.388,1741.181,1100.936999,1696.153933,416.387,808.873668
2023-07-20 08:00:00,1541.650334,1889.172,1234.818665,1790.287563,446.711,846.591334
2023-07-20 09:00:00,1616.159,2044.85,1340.926667,1912.480501,487.45000000000005,885.0509999999999
2023-07-20 10:00:00,1758.5843340000001,2196.045,1421.312668,1999.5908350000002,534.123,926.719666
2023-07-20 11:00:00,1875.9970000000003,2473.4993329999998,1592.162333,2155.260029,555.4110000000001,1015.9623320000001
2023-07-20 12:00:00,2074.2876669999996,2774.529666,1815.611666,2409.6566749999997,590.8589999999999,1117.866
2023-07-20 13:00:00,2219.3543329999998,3136.663,1967.274999,2632.2467149999998,676.841,1218.062
2023-07-20 14:00:00,2373.701333,3573.967,2204.6756670000004,2790.044176,723.061,1297.981
2023-07-20 15:00:00,2611.476667,3941.17,2473.228333,3047.3208109999996,766.1590000000001,1439.189667
2023-07-20 16:00:00,2828.888,4365.361,2689.8876659999996,3253.834989,873.2729999999999,1553.437
2023-07-20 17:00:00,2974.0820000000003,4742.743,2941.758165,3553.908257,955.39,1635.147
2023-07-20 18:00:00,3111.058333,5078.317,3193.248333,3749.1985270000005,1006.7470000000001,1731.915
2023-07-20 19:00:00,3145.112666,5176.715,3232.655665,3876.452729,1030.012,1781.716
2023-07-20 20:00:00,3104.564,5021.7880000000005,3084.529666,3811.760302,1016.519,1793.211
2023-07-20 21:00:00,2995.4243340000003,4610.517,2807.7753329999996,3604.326895,992.615,1699.962
2023-07-20 22:00:00,2853.3563329999997,4113.264,2508.745,3344.703328,920.723,1571.929
2023-07-20 23:00:00,2518.699333,3344.1400000000003,2121.717,2925.362896,784.1510000000001,1389.72
2023-07-21 00:00:00,2072.1406669999997,2735.721,1659.2556670000001,2405.210062,651.463,1149.04
2023-07-21 01:00:00,1770.766,2206.25,1347.503669,1996.928265,554.6610000000001,968.4946669999999
2023-07-21 02:00:00,1514.238667,1872.357,1169.833167,1709.651024,453.31100000000004,831.5846670000001
2023-07-21 03:00:00,1381.6546660000001,1642.941,1047.5788320000001,1588.215695,415.061667,767.3530000000001
2023-07-21 04:00:00,1279.887,1539.815,986.737333,1479.7305999999999,377.668,697.915
2023-07-21 05:00:00,1274.9123329999998,1486.499,956.2119989999999,1492.327232,362.930333,678.380667
2023-07-21 06:00:00,1294.088666,1513.203,974.1351669999999,1514.970965,384.931333,702.855667
2023-07-21 07:00:00,1363.117334,1593.3790000000001,1043.422,1631.508664,402.706,752.9749999999999
2023-07-21 08:00:00,1437.106667,1718.921,1164.387666,1728.446865,422.843667,764.5400000000001
2023-07-21 09:00:00,1531.2214999999999,1866.161,1244.758335,1823.3822960000002,457.28766700000006,772.044666
2023-07-21 10:00:00,1605.502833,1994.413,1272.007001,1879.412804,472.39200000000005,813.1706670000001
2023-07-21 11:00:00,1745.240834,2096.5249999999996,1327.633333,2055.4377990000003,504.13199999999995,930.0550000000001
2023-07-21 12:00:00,1883.504,2347.629,1532.169336,2243.050462,545.4083330000001,1053.7543329999999
2023-07-21 13:00:00,2080.671667,2644.739,1751.332668,2406.60093,586.620666,1133.9320000000002
2023-07-21 14:00:00,2278.2036669999998,3002.112,1923.609668,2660.785495,642.5329999999999,1244.6236669999998
2023-07-21 15:00:00,2472.658167,3524.977,2238.5583340000003,2919.8231960000003,737.948,1354.109
2023-07-21 16:00:00,2640.985,4046.4809999999998,2483.0773340000005,3137.0890280000003,813.374,1446.2749999999999
2023-07-21 17:00:00,2887.4299999999994,4467.003000000001,2799.764,3352.240798,880.7439999999999,1567.262
2023-07-21 18:00:00,2993.473,4782.023,3032.332335,3506.4880670000002,935.17,1643.828
2023-07-21 19:00:00,2996.395667,4867.168,3054.616333,3586.1625299999996,965.507,1630.8829999999998
2023-07-21 20:00:00,2944.377,4690.67,2898.399665,3508.354767,960.849,1639.005
2023-07-21 21:00:00,2791.753833,4320.322,2695.3561649999997,3363.4910980000004,919.613,1573.111
2023-07-21 22:00:00,2600.0505,3929.029,2397.5344999999998,3124.912061,859.577,1482.127
2023-07-21 23:00:00,2361.4228329999996,3367.023,2063.331834,2818.540566,753.341,1317.9313339999999
2023-07-22 00:00:00,2096.824,2741.721,1712.957833,2422.8335989999996,644.745,1120.4736659999999
2023-07-22 01:00:00,1767.4716680000001,2316.223,1427.652834,2027.007232,537.607,947.903333
2023-07-22 02:00:00,1505.133666,1957.0750000000003,1233.827168,1759.2929319999998,470.476,846.95
2023-07-22 03:00:00,1366.461334,1699.7150000000001,1046.1709999999998,1576.871664,426.98900000000003,772.264
2023-07-22 04:00:00,1235.54,1543.1909999999998,951.868168,1476.518516,384.47,697.5540000000001
2023-07-22 05:00:00,1184.316166,1453.202,920.051501,1416.54063,355.45000000000005,689.24
2023-07-22 06:00:00,1194.5390000000002,1445.62,912.810835,1377.983079,356.245,677.26
2023-07-22 07:00:00,1265.501667,1590.116,1032.163167,1484.0821219999998,373.284,692.6943329999999
2023-07-22 08:00:00,1387.15,1784.2820000000002,1145.178332,1692.38334,404.633,797.9343329999999
2023-07-22 09:00:00,1597.7326670000002,2083.747,1302.070169,1886.906987,468.16999999999996,878.933
2023-07-22 10:00:00,1851.0278329999999,2314.693,1481.5268330000001,2118.674502,550.865,987.954
2023-07-22 11:00:00,2030.6068329999998,2626.425,1653.0175,2405.864221,591.7550000000001,1100.952334
2023-07-22 12:00:00,2204.003333,3013.267,1904.745332,2657.6093370000003,678.1510000000001,1199.994333
2023-07-22 13:00:00,2400.4845000000005,3430.291,2123.077499,2847.68671,743.1370000000001,1321.0700000000002
2023-07-22 14:00:00,2594.1090000000004,3822.24,2414.221334,3068.4209949999995,807.547,1447.045
2023-07-22 15:00:00,2721.2463319999997,4282.463,2631.232,3233.0710099999997,879.5609999999999,1514.1770000000001
2023-07-22 16:00:00,2946.0513330000003,4638.389999999999,2896.691333,3454.1320499999997,914.803,1613.879667
2023-07-22 17:00:00,3076.776666,4953.26,3153.235334,3655.618571,962.052,1641.603667
2023-07-22 18:00:00,3126.4985,5143.870999999999,3247.404501,3776.461604,992.818,1707.277
2023-07-22 19:00:00,3054.1645,5190.124,3217.807334,3778.977873,1009.049,1703.340667
2023-07-22 20:00:00,3016.992333,4927.193,3048.633334,3669.869731,953.9190000000001,1669.6310010000002
2023-07-22 21:00:00,2852.4098329999997,4482.437,2780.639,3453.6372039999997,894.037,1562.9956670000001
2023-07-22 22:00:00,2675.5946670000003,3986.386,2520.6496669999997,3225.682969,864.477333,1513.583
2023-07-22 23:00:00,2374.298167,3430.2070000000003,2146.788667,2772.834705,782.812,1333.356
2023-07-23 00:00:00,2062.568666,2802.192,1781.6260000000002,2397.237397,666.618,1123.6280000000002
2023-07-23 01:00:00,1802.4133319999999,2316.375,1438.011166,2114.9636960000003,570.565,964.3990000000001
2023-07-23 02:00:00,1585.781,1968.149,1234.470167,1850.185696,500.68899999999996,845.745
2023-07-23 03:00:00,1400.217166,1725.393,1080.935332,1652.068095,440.028,768.5250000000001
2023-07-23 04:00:00,1301.496833,1545.342,985.5373340000001,1501.8162650000002,386.18233299999997,702.449
2023-07-23 05:00:00,1228.2248319999999,1461.5349999999999,931.152165,1428.659834,357.35566700000004,679.2383339999999
2023-07-23 06:00:00,1204.018666,1439.327,918.920168,1394.547531,355.305333,659.426
2023-07-23 07:00:00,1275.069834,1564.8239999999998,989.038165,1494.573398,371.805,693.642
2023-07-23 08:00:00,1445.005167,1771.239,1152.263332,1705.831831,418.09000000000003,761.954
2023-07-23 09:00:00,1659.975833,2070.272,1345.870833,1953.934702,487.16700000000003,888.594
2023-07-23 10:00:00,1904.962833,2321.786,1507.7986660000001,2179.437699,559.468,961.563
2023-07-23 11:00:00,2107.070167,2558.693,1656.8036670000001,2369.151332,612.912,1113.253
2023-07-23 12:00:00,2203.7811659999998,2872.617667,1865.2586659999997,2653.984261,692.195,1254.924
2023-07-23 13:00:00,2412.031833,3277.014,2108.791333,2935.275095,784.908,1388.924
2023-07-23 14:00:00,2597.2428330000002,3843.2039999999997,2370.421668,3051.443797,834.634,1457.734
2023-07-23 15:00:00,2742.7225,4216.380000000001,2641.219333,3213.0187,865.043,1549.716
2023-07-23 16:00:00,2831.3693329999996,4522.406,2881.490333,3448.4298,929.001,1630.210667
2023-07-23 17:00:00,3055.0935,4963.341667,3129.146335,3644.674398,986.176,1775.8609999999999
2023-07-23 18:00:00,3190.655167,5193.625,3231.861666,3729.317136,1031.891,1740.333
2023-07-23 19:00:00,3093.0725,5157.683999999999,3239.150667,3845.204065,1057.483,1767.2330000000002
2023-07-23 20:00:00,3067.861166,4919.617,3025.127333,3700.842935,1019.507,1739.415
2023-07-23 21:00:00,2932.451667,4403.929,2645.200334,3480.563467,966.88,1618.219
2023-07-23 22:00:00,2773.1791670000002,3875.826,2381.466332,3236.404863,872.934,1493.685
2023-07-23 23:00:00,2410.544833,3116.977,2000.476836,2750.281063,751.8580000000001,1277.56
2023-07-24 00:00:00,1951.442666,2519.5969999999998,1566.547665,2322.691832,619.4000000000001,1106.009
2023-07-24 01:00:00,1625.0970000000002,2031.0349999999999,1297.963667,1912.026659,516.0050000000001,905.8620000000001
2023-07-24 02:00:00,1395.697167,1695.471,1078.186999,1658.474665,435.766,796.624
2023-07-24 03:00:00,1264.949001,1522.219,958.123165,1504.894966,396.475,727.737
2023-07-24 04:00:00,1166.437,1418.1989999999998,888.105665,1412.4517270000001,358.188,652.62
2023-07-24 05:00:00,1153.3708339999998,1368.7450000000001,851.676666,1382.1144339999998,354.492667,633.232
2023-07-24 06:00:00,1178.6813339999999,1403.922,909.6606690000001,1442.680696,355.90500000000003,654.729
2023-07-24 07:00:00,1286.2546670000002,1533.861,1038.5459999999998,1521.1321950000001,377.12300000000005,723.6679999999999
2023-07-24 08:00:00,1392.776667,1678.909,1130.867001,1637.329897,431.78033300000004,767.624667
2023-07-24 09:00:00,1472.5375,1748.8683330000001,1215.0758329999999,1717.381732,417.21999999999997,766.817
2023-07-24 10:00:00,1564.2815,1873.005,1228.5811660000002,1828.3212979999998,448.40766699999995,825.786
2023-07-24 11:00:00,1675.8508339999998,1936.786,1256.320834,1891.8358970000002,451.97633299999995,842.016667
2023-07-24 12:00:00,1685.605833,1980.467,1324.7956669999999,1953.1096290000003,498.071333,910.6233339999999
2023-07-24 13:00:00,1808.7053339999998,2160.108,1365.5706679999998,1990.978666,504.24899999999997,981.481
2023-07-24 14:00:00,1872.475167,2264.566,1372.3633340000001,2092.12293,527.1220000000001,987.7739999999999
2023-07-24 15:00:00,1924.976,2361.554,1440.3336669999999,2127.887664,562.826,995.3050000000001
2023-07-24 16:00:00,2026.1840000000002,2495.984,1493.01,2237.563049,586.775,1030.967
2023-07-24 17:00:00,2153.2786669999996,2710.3900000000003,1648.313999,2359.2013429999997,626.9270000000001,1117.258
2023-07-24 18:00:00,2306.505333,2899.4610000000002,1851.528,2576.349658,669.778,1191.772333
2023-07-24 19:00:00,2345.714333,3066.17,1904.601999,2642.333265,682.7429999999999,1251.79
2023-07-24 20:00:00,2236.232667,2942.101,1892.677,2651.443902,685.7159999999999,1210.528
2023-07-24 21:00:00,2263.0375,2854.382,1860.5359999999998,2669.620866,665.2909999999999,1187.143
2023-07-24 22:00:00,2241.1941669999997,2776.1230000000005,1786.879332,2536.961364,665.828,1149.969
2023-07-24 23:00:00,1979.7371669999998,2457.603,1590.845,2268.894267,639.6099999999999,1033.507
2023-07-25 00:00:00,1748.744833,2111.792,1346.3023340000002,1946.965831,524.3599999999999,939.922
2023-07-25 01:00:00,1498.8809999999999,1816.746667,1160.222002,1724.910732,465.38800000000003,807.8040000000001
2023-07-25 02:00:00,1327.8895,1629.518333,1025.652666,1546.259034,426.656,719.696667
2023-07-25 03:00:00,1230.1551650000001,1502.4063330000001,957.278167,1420.37256,360.798,666.557334
2023-07-25 04:00:00,1170.825668,1419.453333,895.163,1386.417274,335.34299999999996,651.4770000000001
2023-07-25 05:00:00,1169.885166,1392.2153329999999,895.605999,1378.353244,335.177,634.24
2023-07-25 06:00:00,1212.701666,1416.6186670000002,927.949668,1406.6945999999998,331.877,670.635
2023-07-25 07:00:00,1272.984167,1523.877333,1029.336667,1524.385432,361.088,725.1949999999999
2023-07-25 08:00:00,1410.7489999999998,1650.714333,1092.243333,1639.5229279999999,382.768,724.153
2023-07-25 09:00:00,1494.438333,1789.855,1170.036167,1644.671264,387.39300000000003,747.3420000000001
2023-07-25 10:00:00,1502.112167,1827.364,1221.802003,1778.852464,446.238,783.8629999999999
2023-07-25 11:00:00,1564.505,1871.412333,1237.3448309999999,1866.6637019999998,447.313,819.419
2023-07-25 12:00:00,1643.147167,1995.404333,1309.6726680000002,1911.519201,469.03599999999994,857.952
2023-07-25 13:00:00,1724.9345,2120.9486669999997,1427.225999,1983.651229,501.18399999999997,904.002
2023-07-25 14:00:00,1774.929,2280.228,1490.409666,2097.431409,513.926,984.739667
2023-07-25 15:00:00,1930.2396670000003,2584.964,1607.432335,2260.6696039999997,556.639,1094.835
2023-07-25 16:00:00,2105.911167,2955.151667,1813.646333,2465.4543249999997,629.5550000000001,1169.2040000000002
2023-07-25 17:00:00,2277.0175,3377.676,2063.7470000000003,2693.1581960000003,742.703,1321.442
2023-07-25 18:00:00,2489.531667,3761.564667,2289.0789999999997,2903.1736499999997,803.925,1411.8580000000002
2023-07-25 19:00:00,2618.398,3839.3109999999997,2328.2709999999997,3044.08198,822.937,1432.4499999999998
2023-07-25 20:00:00,2504.7116669999996,3584.181,2170.699001,2972.3262640000003,783.758,1394.532
2023-07-25 21:00:00,2399.830167,3219.778,1980.1120010000002,2779.1785019999998,748.996,1315.024
2023-07-25 22:00:00,2269.1755000000003,2876.531,1836.481,2534.315762,697.7850000000001,1215.491
2023-07-25 23:00:00,2009.1864999999998,2465.28,1589.678665,2214.720895,588.9590000000001,1044.78
2023-07-26 00:00:00,1671.916666,2023.5770000000002,1274.711666,1915.840195,517.136,893.091
2023-07-26 01:00:00,1411.0193339999998,1706.424,1078.5349999999999,1637.3424289999998,410.09000000000003,759.6343330000001
2023-07-26 02:00:00,1241.5121669999999,1514.5189999999998,946.027999,1439.122764,358.723,663.297333
2023-07-26 03:00:00,1136.394666,1381.6,864.031336,1323.567726,319.177,605.758333
2023-07-26 04:00:00,1061.2561660000001,1295.761,814.312332,1261.57397,299.65700000000004,583.5183339999999
2023-07-26 05:00:00,1076.601166,1299.835,824.174,1288.780499,295.067333,592.590666
2023-07-26 06:00:00,1140.303167,1373.3039999999999,861.4143320000001,1320.186367,323.671333,611.827666
2023-07-26 07:00:00,1250.3653330000002,1517.608,967.867666,1461.497564,359.184333,668.6476660000001
2023-07-26 08:00:00,1352.0855000000001,1677.199,1055.703001,1590.197167,417.70066699999995,727.13
2023-07-26 09:00:00,1405.4741669999999,1717.4609999999998,1139.238665,1620.564699,416.058667,722.8683329999999
2023-07-26 10:00:00,1510.964833,1790.693,1187.646501,1750.459137,430.19833300000005,753.221667
2023-07-26 11:00:00,1585.2939999999999,1867.835,1239.2411670000001,1840.227332,486.82633300000003,849.332
2023-07-26 12:00:00,1730.943333,1987.475,1304.8423329999998,1991.414665,478.413333,929.347
2023-07-26 13:00:00,1868.944333,2210.855,1415.181833,2085.3594,523.1610000000001,953.995
2023-07-26 14:00:00,1945.4916669999998,2492.496,1561.4985000000001,2230.0208620000003,562.194,1026.5390000000002
2023-07-26 15:00:00,2079.7206669999996,2875.331,1754.624,2399.8074669999996,597.406,1107.806
2023-07-26 16:00:00,2247.2083330000005,3264.838,1981.4863339999997,2595.550833,664.653,1259.842
2023-07-26 17:00:00,2530.818667,3723.297,2246.2906679999996,2808.622965,749.432,1346.0859999999998
2023-07-26 18:00:00,2642.199667,3992.567,2503.528334,3071.1420239999998,818.4929999999999,1441.778
2023-07-26 19:00:00,2622.2889999999998,4050.942,2510.896167,3096.5195019999996,839.0730000000001,1460.951
2023-07-26 20:00:00,2570.2770009999995,3793.334,2333.611667,3009.6936969999997,818.645,1411.258
2023-07-26 21:00:00,2458.047,3469.778,2109.800499,2893.747934,752.0550000000001,1377.295
2023-07-26 22:00:00,2349.4413329999998,3082.647,1948.2833340000002,2691.231164,700.872,1235.917
2023-07-26 23:00:00,2055.159333,2610.0679999999998,1670.223834,2383.150828,599.475,1091.446
2023-07-27 00:00:00,1695.768333,2111.294,1338.9569999999999,2005.053199,496.97700000000003,953.803
2023-07-27 01:00:00,1430.462333,1779.7509999999997,1119.743166,1713.57153,439.03200000000004,802.553
2023-07-27 02:00:00,1278.509335,1554.362,978.124001,1531.969364,381.971,722.2950000000001
2023-07-27 03:00:00,1197.277999,1429.9809999999998,877.027667,1400.7724600000001,328.89700000000005,656.125
2023-07-27 04:00:00,1117.5553330000002,1320.286,850.110501,1339.5365669999999,317.86400000000003,606.9190000000001
2023-07-27 05:00:00,1108.739666,1333.311,837.077834,1333.7060279999998,306.00699999999995,599.13
2023-07-27 06:00:00,1134.358334,1355.8970000000002,879.813999,1350.9436970000002,310.17199999999997,612.1370000000001
2023-07-27 07:00:00,1217.96,1500.133,975.0596659999999,1492.802095,359.299,686.373
2023-07-27 08:00:00,1338.5386669999998,1680.598,1121.365498,1621.8482339999998,398.981,713.877
2023-07-27 09:00:00,1418.611333,1762.0610000000001,1192.2663329999998,1653.362399,399.418,741.306333
2023-07-27 10:00:00,1539.217,1840.7129999999997,1181.1336689999998,1723.696163,420.01700000000005,797.849667
2023-07-27 11:00:00,1532.5960010000001,1961.2150000000001,1263.061501,1892.155193,460.27099999999996,864.654
2023-07-27 12:00:00,1665.929667,2088.9750000000004,1403.8698339999999,1936.780829,468.63700000000006,936.3820000000001
2023-07-27 13:00:00,1812.136,2319.439,1503.979,2115.8285939999996,514.645,974.306
2023-07-27 14:00:00,1980.740667,2619.008,1689.068501,2321.004132,568.06,1069.5810000000001
2023-07-27 15:00:00,2170.307,3006.587,1824.1233320000001,2454.378911,610.672,1139.933
2023-07-27 16:00:00,2322.099,3397.226,2079.432999,2706.141555,690.969,1317.0369999999998
2023-07-27 17:00:00,2552.989,3861.157,2335.8556670000003,2925.053991,782.328,1451.957
2023-07-27 18:00:00,2665.300333,4155.604,2572.497332,3226.823386,868.1129999999999,1516.555
2023-07-27 19:00:00,2687.0923330000005,4174.033334,2588.460998,3257.257834,890.301,1519.1750000000002
2023-07-27 20:00:00,2624.539667,3990.946667,2462.395,3173.79907,867.0350000000001,1453.255
2023-07-27 21:00:00,2582.276,3599.2170000000006,2279.210001,2981.022868,793.145,1389.442
2023-07-27 22:00:00,2453.8916659999995,3206.9210000000003,1993.621335,2802.589162,728.356,1320.414
2023-07-27 23:00:00,2098.679,2731.148,1744.250666,2441.1900969999997,598.2629999999999,1115.7359999999999
2023-07-28 00:00:00,1763.529666,2222.196,1392.158999,2100.419702,514.4929999999999,935.773666
2023-07-28 01:00:00,1502.136,1846.517,1132.346832,1796.777761,437.44733300000007,810.4369999999999
2023-07-28 02:00:00,1308.9463329999999,1594.334,977.2095009999999,1547.731592,387.59833299999997,703.1870000000001
2023-07-28 03:00:00,1210.0556649999999,1458.745,889.2146680000001,1408.835227,327.346333,643.469333
2023-07-28 04:00:00,1141.1886670000001,1348.299,856.987167,1355.759961,305.93733299999997,615.057667
2023-07-28 05:00:00,1105.405666,1343.054,849.132168,1336.055095,303.211334,598.081
2023-07-28 06:00:00,1198.9436660000001,1367.672,871.282334,1346.4990309999998,334.691,638.704
2023-07-28 07:00:00,1225.173,1527.531,991.110666,1462.0455630000001,370.845667,671.201
2023-07-28 08:00:00,1319.736666,1645.46,1053.833333,1536.216033,387.54666699999996,708.001667
2023-07-28 09:00:00,1410.725667,1739.123,1149.932332,1650.826703,388.869667,734.831666
2023-07-28 10:00:00,1507.2526659999999,1816.886,1202.844666,1732.371865,407.777333,803.984
2023-07-28 11:00:00,1595.1986670000001,1933.3070000000002,1271.656332,1868.43253,432.914,882.413
2023-07-28 12:00:00,1687.5193330000002,2034.698,1336.233667,2003.722635,451.976,959.53
2023-07-28 13:00:00,1777.710667,2236.1059999999998,1450.624667,2100.1923340000003,508.956,1031.519
2023-07-28 14:00:00,1940.108667,2492.9709999999995,1635.6298339999998,2246.670563,557.2149999999999,1103.808
2023-07-28 15:00:00,2131.14,2855.4480000000003,1764.225999,2431.945995,617.633,1161.714
2023-07-28 16:00:00,2324.2619999999997,3256.862,2010.246335,2664.580965,692.264,1296.246
2023-07-28 17:00:00,2552.103333,3645.325,2289.730168,2877.5778680000003,767.5799999999999,1385.637
2023-07-28 18:00:00,2655.3543339999997,3945.2346670000006,2513.513668,3046.746494,831.666,1475.6460000000002
2023-07-28 19:00:00,2683.5106669999996,4052.160333,2612.077499,3167.3331610000005,846.3609999999999,1468.217
2023-07-28 20:00:00,2551.120333,3877.268333,2445.064834,3047.499833,831.126,1386.2559999999999
2023-07-28 21:00:00,2469.252333,3517.999334,2207.5613329999996,2894.804465,760.0600000000001,1344.6390000000001
2023-07-28 22:00:00,2348.557332,3120.1713330000002,1979.573001,2669.0075309999997,706.634,1278.062
2023-07-28 23:00:00,2105.376999,2654.638,1681.4798329999999,2354.15383,625.9259999999999,1118.130334
2023-07-29 00:00:00,1795.8406670000002,2180.193,1378.2478339999998,2026.092231,519.4839999999999,949.1890000000001
2023-07-29 01:00:00,1530.499001,1778.277,1140.013668,1739.131334,432.679,823.688
2023-07-29 02:00:00,1312.8439990000002,1553.8960000000002,1002.0451659999999,1566.0807300000001,380.9,696.9200000000001
2023-07-29 03:00:00,1216.0130009999998,1410.329,909.5268329999999,1392.703568,346.09799999999996,639.6669999999999
2023-07-29 04:00:00,1148.6156660000001,1300.096,841.324667,1311.163531,322.138,591.528
2023-07-29 05:00:00,1101.567,1278.9009999999998,824.1160009999999,1311.153333,310.065,575.697333
2023-07-29 06:00:00,1100.8686659999998,1307.99,853.1203330000001,1245.6095670000002,307.054,577.1466670000001
2023-07-29 07:00:00,1131.9243330000002,1423.9299999999998,925.2635,1348.8613639999999,325.153,618.263
2023-07-29 08:00:00,1285.941333,1592.4119999999998,1026.251333,1523.9290649999998,381.997,694.9490000000001
2023-07-29 09:00:00,1465.104,1814.148,1139.160667,1730.855363,423.26,791.332
2023-07-29 10:00:00,1661.325333,1986.605,1252.968001,1948.384799,478.942,878.1669999999999
2023-07-29 11:00:00,1783.026,2118.732,1353.771332,2089.443266,532.585,997.514
2023-07-29 12:00:00,1882.901666,2266.893,1479.4139989999999,2209.668199,521.032,1049.721
2023-07-29 13:00:00,1978.59,2431.958,1618.522667,2356.0884969999997,580.732,1168.6126669999999
2023-07-29 14:00:00,2095.720668,2663.6589999999997,1703.052833,2483.9022560000003,639.011,1184.374
2023-07-29 15:00:00,2270.231668,3025.531,1837.8970009999998,2656.7168600000005,674.3689999999999,1237.6480000000001
2023-07-29 16:00:00,2393.158667,3366.194,2056.734834,2817.6041800000003,713.3969999999999,1324.3220000000001
2023-07-29 17:00:00,2559.919667,3709.471,2268.003,3029.2047280000006,785.3530000000001,1349.0949999999998
2023-07-29 18:00:00,2582.8783320000002,3909.37,2376.4756669999997,3030.438145,809.152,1435.425
2023-07-29 19:00:00,2529.397,3881.069667,2326.685167,3008.347198,789.284,1432.308
2023-07-29 20:00:00,2343.187333,3512.349001,2128.254667,2859.5025640000003,735.792,1324.4859999999999
2023-07-29 21:00:00,2261.9356660000003,3087.777333,1916.2186649999999,2696.347466,679.875,1235.367
2023-07-29 22:00:00,2087.043334,2746.463,1743.106334,2509.558735,632.0219999999999,1143.425667
2023-07-29 23:00:00,1927.925666,2397.525,1547.333,2211.341633,556.0300000000001,1015.242333
2023-07-30 00:00:00,1692.7506660000001,2033.886,1337.589833,1921.092365,464.516,889.384667
2023-07-30 01:00:00,1448.072999,1743.3509999999999,1093.0646660000002,1677.4739330000002,404.05600000000004,762.542332
2023-07-30 02:00:00,1282.743334,1539.7380000000003,949.3199999999999,1521.8475970000002,357.775,674.4783339999999
2023-07-30 03:00:00,1161.593333,1377.8016659999998,877.78,1380.4119289999999,323.47900000000004,619.771
2023-07-30 04:00:00,1094.205333,1280.2776669999998,817.5203319999999,1304.856529,313.825,579.012
2023-07-30 05:00:00,1061.444001,1266.307334,799.1640010000001,1268.979132,296.069,563.424334
2023-07-30 06:00:00,1088.949334,1292.283,817.570166,1280.1837289999999,288.98,575.034
2023-07-30 07:00:00,1121.926667,1394.176,901.544333,1357.5202629999999,332.128,615.064667
2023-07-30 08:00:00,1282.3059990000002,1562.0679999999998,1021.088998,1504.516094,372.65999999999997,646.219
2023-07-30 09:00:00,1492.832999,1838.23,1138.1541659999998,1683.5606950000001,425.884,759.4010000000001
2023-07-30 10:00:00,1655.841665,1975.857,1317.1439999999998,1893.1682270000001,449.381,899.748
2023-07-30 11:00:00,1824.135334,2066.125,1389.4858339999998,2076.249428,502.43399999999997,975.607
2023-07-30 12:00:00,1958.305334,2254.8849999999998,1443.3528339999998,2239.184733,537.1510000000001,1066.3870000000002
2023-07-30 13:00:00,2071.854334,2551.2239999999997,1617.909167,2411.229969,582.3069999999999,1076.351
2023-07-30 14:00:00,2160.783666,2795.683,1751.751334,2563.259297,664.6800000000001,1160.008333
2023-07-30 15:00:00,2234.445667,3126.06,1940.0656669999998,2656.507797,711.316,1221.096
2023-07-30 16:00:00,2370.363667,3439.732333,2069.364665,2866.4351349999997,740.327,1347.9
2023-07-30 17:00:00,2516.873666,3745.503667,2342.0333339999997,3056.478634,792.5060000000001,1459.5169999999998
2023-07-30 18:00:00,2637.356334,4040.809,2525.608,3190.862502,819.091,1446.0929999999998
2023-07-30 19:00:00,2664.907333,4065.201,2494.518333,3214.6404979999998,854.6209999999999,1477.095
2023-07-30 20:00:00,2633.784333,3778.694,2400.933333,3123.866368,820.8439999999999,1423.33
2023-07-30 21:00:00,2507.480667,3461.5049999999997,2205.182667,2933.3059980000003,790.238,1399.572
2023-07-30 22:00:00,2354.157333,3080.3023329999996,1939.938999,2753.40663,693.0699999999999,1299.6280000000002
2023-07-30 23:00:00,2031.981333,2573.868333,1709.086335,2332.650235,598.109,1090.746
2023-07-31 00:00:00,1739.094,2073.1490000000003,1325.8959989999998,1955.285798,511.67500000000007,930.492667
2023-07-31 01:00:00,1481.806666,1723.176,1089.079166,1703.227965,428.973,766.584666
2023-07-31 02:00:00,1293.6920010000001,1475.783,938.758333,1528.4414940000001,355.701,681.6263329999999
2023-07-31 03:00:00,1171.094668,1376.5516670000002,874.983499,1370.496865,312.71500000000003,610.279666
2023-07-31 04:00:00,1103.226332,1283.627,823.148833,1280.4890649999998,302.999,589.311
2023-07-31 05:00:00,1085.985667,1271.567,829.7680009999999,1284.817068,296.781,589.225
2023-07-31 06:00:00,1132.341,1329.378667,865.452333,1351.928561,307.89200000000005,618.904333
2023-07-31 07:00:00,1258.9270000000001,1494.091,971.216666,1468.339469,348.437,652.9823329999999
2023-07-31 08:00:00,1310.327334,1636.2730000000001,1074.611667,1569.696567,380.105667,691.245333
2023-07-31 09:00:00,1431.0460010000002,1781.583,1136.182167,1645.83573,398.288,725.747333
2023-07-31 10:00:00,1496.304334,1880.652,1161.9540000000002,1750.577965,445.826,775.448
2023-07-31 11:00:00,1654.039335,1973.818,1280.904,1882.332866,470.163,841.4549999999999
2023-07-31 12:00:00,1750.902333,2127.633,1355.035667,2079.601964,486.01300000000003,949.102333
2023-07-31 13:00:00,1868.9176670000002,2398.179,1496.0293339999998,2212.598492,537.468,1015.299333
2023-07-31 14:00:00,2040.327334,2676.131333,1645.687501,2390.4025600000004,582.064,1103.856333
2023-07-31 15:00:00,2177.351,3058.856667,1880.3413329999998,2578.360398,643.6899999999999,1204.357
2023-07-31 16:00:00,2412.960333,3435.266667,2074.418001,2773.634766,728.585,1341.291334
2023-07-31 17:00:00,2565.144667,3858.400333,2321.359166,3017.390833,780.7339999999999,1432.3159999999998
2023-07-31 18:00:00,2736.579333,4238.649667,2582.755833,3203.786529,855.3900000000001,1512.431
2023-07-31 19:00:00,2781.9406660000004,4283.888,2604.119166,3310.1074310000004,904.1700000000001,1544.9569999999999
2023-07-31 20:00:00,2710.513667,4105.626333,2451.204167,3253.9703999999997,860.093,1480.7779999999998
2023-07-31 21:00:00,2577.548667,3719.58,2240.4416659999997,3125.547665,855.666,1417.5990000000002
2023-07-31 22:00:00,2435.129334,3279.7120000000004,1964.406166,2804.365334,726.9050000000001,1289.367
2023-07-31 23:00:00,2135.959667,2754.793,1715.403999,2402.716397,636.1109999999999,1177.210666
2023-08-01 00:00:00,1801.621666,2182.539,1418.7998349999998,2051.562332,523.626,960.002667
2023-08-01 01:00:00,1534.194668,1801.4270000000001,1136.218169,1761.141264,447.033,820.795
2023-08-01 02:00:00,1320.950167,1546.364,1006.686999,1559.384898,376.633,699.846
2023-08-01 03:00:00,1187.394667,1416.981,900.8708340000001,1408.086396,335.91,653.857334
2023-08-01 04:00:00,1108.979666,1360.1589999999999,834.893167,1324.4842310000001,320.28700000000003,592.237
2023-08-01 05:00:00,1112.862,1334.2040000000002,833.2241670000001,1329.119961,315.08000000000004,611.224
2023-08-01 06:00:00,1146.057333,1368.596,880.564334,1331.0066299999999,331.72,625.5530000000001
2023-08-01 07:00:00,1259.672667,1490.595,989.4438339999999,1524.625768,355.694,679.481
2023-08-01 08:00:00,1325.450333,1651.366667,1060.263167,1597.136596,398.892333,724.2446659999999
2023-08-01 09:00:00,1478.1109999999999,1807.8339999999998,1160.806,1674.667533,419.366667,792.6400000000001
2023-08-01 10:00:00,1524.574666,1876.522,1227.169667,1766.11223,432.141,850.913
2023-08-01 11:00:00,1581.402999,1998.935,1300.0483329999997,1933.854029,479.33600000000007,879.1500000000001
2023-08-01 12:00:00,1740.2606660000001,2165.072,1452.062335,2063.8579019999997,530.931333,964.069
2023-08-01 13:00:00,1911.586666,2421.237,1571.2579990000002,2226.7705319999995,580.8436670000001,1057.29
2023-08-01 14:00:00,2079.7436660000003,2854.041,1745.77,2398.255862,620.700333,1133.3246669999999
2023-08-01 15:00:00,2283.625667,3362.0119999999997,2023.566,2665.839299,681.934667,1276.682333
2023-08-01 16:00:00,2462.906,3893.634,2398.704833,2896.474132,785.72,1373.8493330000001
2023-08-01 17:00:00,2722.8059999999996,4312.219,2722.858667,3207.017431,863.9316670000001,1486.557
2023-08-01 18:00:00,2935.863334,4733.058332999999,2915.365334,3445.8741959999998,948.749,1630.961667
2023-08-01 19:00:00,2919.2,4746.029,2970.625834,3506.617161,996.386667,1650.9720000000002
2023-08-01 20:00:00,2854.427667,4578.073333,2819.2704999999996,3412.1833990000005,944.423667,1593.986
2023-08-01 21:00:00,2793.0363340000004,4129.656000000001,2542.987167,3255.7168,872.1010000000001,1552.923
2023-08-01 22:00:00,2610.2470000000003,3612.642,2288.718334,3058.2235650000002,832.89,1451.943
2023-08-01 23:00:00,2251.362167,3050.9359999999997,1932.8778340000001,2658.073467,725.704,1241.137
2023-08-02 00:00:00,1891.932,2419.238,1587.300334,2200.6448619999996,615.414,1044.583
2023-08-02 01:00:00,1642.363666,2019.053,1270.863001,1857.442098,488.928,887.705
2023-08-02 02:00:00,1422.8978339999999,1740.451,1067.26,1628.322865,425.14599999999996,771.636
2023-08-02 03:00:00,1269.664167,1539.601,931.8321679999999,1471.027599,368.33399999999995,705.3683329999999
2023-08-02 04:00:00,1172.068333,1409.953,882.6153340000001,1370.896635,330.533,645.397666
2023-08-02 05:00:00,1162.192,1362.1309999999999,870.503667,1379.709531,326.532,641.365
2023-08-02 06:00:00,1198.014001,1399.8886670000002,908.713168,1404.0858680000001,338.82599999999996,653.616
2023-08-02 07:00:00,1308.282665,1562.7653329999998,998.2461669999999,1531.557063,351.63699999999994,702.031
2023-08-02 08:00:00,1414.375332,1736.442,1100.470167,1687.4784240000001,399.17,751.178
2023-08-02 09:00:00,1507.036333,1845.349,1198.3220000000001,1726.72323,433.19399999999996,790.8436670000001
2023-08-02 10:00:00,1571.928667,1911.233667,1285.6146669999998,1882.634799,474.004,834.4563330000001
2023-08-02 11:00:00,1728.773333,2042.108,1388.6986670000001,2000.1186690000002,497.09333300000003,934.039
2023-08-02 12:00:00,1845.763,2332.0820000000003,1555.362,2158.94513,541.096,1032.517
2023-08-02 13:00:00,1978.109,2721.8136670000004,1799.2215,2409.313935,604.648333,1119.8490000000002
2023-08-02 14:00:00,2277.9740009999996,3210.445667,2024.2583329999998,2679.2218,674.8969999999999,1255.199
2023-08-02 15:00:00,2525.137667,3701.154667,2243.988499,2874.139028,790.952667,1401.006
2023-08-02 16:00:00,2714.9726660000006,4169.675333,2535.6839999999997,3153.3610980000003,862.796333,1508.637
2023-08-02 17:00:00,2937.362334,4617.735000000001,2851.691335,3466.4661050000004,946.0813330000001,1610.453
2023-08-02 18:00:00,3070.611667,4940.905000000001,3034.9871679999997,3594.232398,1032.984333,1688.6309999999999
2023-08-02 19:00:00,2999.772,4872.3896669999995,3056.311667,3684.214234,1046.0613329999999,1678.8899999999999
2023-08-02 20:00:00,2889.1980000000003,4586.131332999999,2773.88,3561.959467,976.583,1621.54
2023-08-02 21:00:00,2820.378667,4140.898,2517.0890010000003,3367.688429,925.453,1571.211667
2023-08-02 22:00:00,2682.4996659999997,3702.848,2262.257668,3103.217563,837.416,1393.899333
2023-08-02 23:00:00,2279.845333,3098.987,1907.206668,2656.497902,719.05,1193.494667
2023-08-03 00:00:00,1887.2788329999998,2451.5460000000003,1537.5085010000003,2270.450396,607.452,1049.921333
2023-08-03 01:00:00,1600.3883329999999,2015.5610000000001,1262.331999,1949.568636,500.23699999999997,888.515333
2023-08-03 02:00:00,1440.000167,1760.996,1095.7694999999999,1697.081531,433.715,783.5250000000001
2023-08-03 03:00:00,1274.1373330000001,1591.0330000000001,967.9666669999999,1542.542166,369.64300000000003,722.825
2023-08-03 04:00:00,1200.357334,1489.417,900.279667,1441.15793,331.473,673.037
2023-08-03 05:00:00,1200.653667,1441.1170000000002,874.398499,1434.347229,338.966,653.6379999999999
2023-08-03 06:00:00,1218.884001,1447.045,923.167998,1477.048461,350.07000000000005,667.355
2023-08-03 07:00:00,1312.221,1593.294,1004.2653320000001,1542.778235,380.18399999999997,721.88
2023-08-03 08:00:00,1360.439667,1696.511,1128.013999,1695.184969,410.21,743.45
2023-08-03 09:00:00,1435.6526660000002,1752.4660000000001,1194.468667,1686.483996,410.02200000000005,783.73
2023-08-03 10:00:00,1529.0423339999998,1849.2359999999999,1187.517667,1821.468969,436.115,781.498
2023-08-03 11:00:00,1699.5473339999999,1988.009,1285.029667,1938.193561,496.729,871.823
2023-08-03 12:00:00,1837.3599999999997,2198.205667,1420.721333,2150.471,543.656,1014.6229999999999
2023-08-03 13:00:00,1976.560333,2576.628667,1620.9981659999999,2372.7710340000003,613.14,1059.3249999999998
2023-08-03 14:00:00,2219.064,3000.9266669999997,1911.2621669999999,2601.2639310000004,669.445,1167.23
2023-08-03 15:00:00,2466.162,3521.9433329999997,2158.073165,2799.545228,742.953,1294.723
2023-08-03 16:00:00,2688.5896679999996,4083.9130000000005,2476.471333,3108.766597,853.548,1448.788
2023-08-03 17:00:00,2916.044001,4573.886,2763.075667,3384.959866,938.094,1579.487
2023-08-03 18:00:00,3041.134002,4944.040666999999,3020.500333,3654.7853959999998,971.9490000000001,1649.02
2023-08-03 19:00:00,3099.599332,5018.310333,3061.9995,3753.169529,977.005,1726.824
2023-08-03 20:00:00,2992.6016680000002,4800.01,2892.0816649999997,3553.314601,982.046,1682.829
2023-08-03 21:00:00,2895.294334,4320.203,2703.203668,3419.590133,952.029,1567.821
2023-08-03 22:00:00,2759.904332,3812.1429999999996,2434.8341680000003,3204.978066,851.393,1456.1840000000002
2023-08-03 23:00:00,2378.175667,3160.523,2050.611333,2734.419196,729.008,1273.126
2023-08-04 00:00:00,1970.357998,2606.0060000000003,1658.063,2356.154004,612.2180000000001,1070.704
2023-08-04 01:00:00,1692.517667,2124.4399999999996,1324.899499,1969.0831360000002,510.69,929.4359999999999
2023-08-04 02:00:00,1548.3425,1834.239,1132.734167,1714.5184610000001,450.058,804.659667
2023-08-04 03:00:00,1357.7539980000001,1601.7649999999999,1024.827333,1563.726928,402.251,709.325
2023-08-04 04:00:00,1257.104667,1499.6779999999999,939.502667,1482.418268,366.105,683.4490000000001
2023-08-04 05:00:00,1211.804666,1430.038,898.683667,1438.927432,362.552,664.9630000000001
2023-08-04 06:00:00,1269.484666,1439.705,928.8933330000001,1472.645461,379.129,679.127
2023-08-04 07:00:00,1345.9050000000002,1559.797,1033.692833,1588.379428,400.58799999999997,746.698
2023-08-04 08:00:00,1487.169332,1699.0790000000002,1123.081999,1685.791062,421.476,762.8960010000001
2023-08-04 09:00:00,1595.585001,1840.179,1213.7003329999998,1757.031636,421.40599999999995,780.623666
2023-08-04 10:00:00,1590.9625,1943.819,1240.2439989999998,1843.1891030000002,471.613,869.032667
2023-08-04 11:00:00,1703.260501,2020.19,1266.5896670000002,1943.972871,478.74,911.362334
2023-08-04 12:00:00,1801.48,2146.774667,1381.784001,2048.965968,516.3739999999999,948.7836669999999
2023-08-04 13:00:00,1905.331999,2432.728,1509.644665,2274.961168,564.316,1022.7650000000001
2023-08-04 14:00:00,2030.4406669999998,2683.094,1685.502667,2398.2998049999997,619.5219999999999,1117.577
2023-08-04 15:00:00,2146.449667,3035.2000000000003,1808.386667,2485.621363,656.606,1162.633
2023-08-04 16:00:00,2224.808999,3265.987,1960.2776669999998,2666.6486990000003,712.591,1258.083666
2023-08-04 17:00:00,2350.648333,3529.509,2164.0705,2784.568932,744.311,1331.750333
2023-08-04 18:00:00,2538.217667,3833.359,2298.2641670000003,2980.937902,815.659,1370.0120000000002
2023-08-04 19:00:00,2508.271667,3934.879,2341.806333,2969.466998,842.191,1428.4669999999999
2023-08-04 20:00:00,2577.1636670000003,3657.604,2252.831834,3005.363896,858.2439999999999,1374.034
2023-08-04 21:00:00,2438.969666,3497.152667,2108.434499,2917.6165300000002,761.1700000000001,1290.924
2023-08-04 22:00:00,2383.096333,3205.674,1974.0515019999998,2739.4521990000003,724.712,1221.509
2023-08-04 23:00:00,2170.9726659999997,2818.777666,1771.262,2459.557232,642.731,1134.9160000000002
2023-08-05 00:00:00,1900.7780000000002,2393.4749999999995,1476.972166,2160.468195,558.803,1003.8789999999999
2023-08-05 01:00:00,1626.533333,2013.408,1280.036333,1928.782766,492.77000000000004,914.5609999999999
2023-08-05 02:00:00,1464.271666,1758.394,1135.0615,1759.8745359999998,436.499,820.9190000000001
2023-08-05 03:00:00,1343.385333,1597.9859999999999,1022.1191650000001,1619.577402,406.16200000000003,766.9853330000001
2023-08-05 04:00:00,1278.7593339999999,1501.261,949.120668,1493.828765,377.747,710.979
2023-08-05 05:00:00,1247.728,1432.8270000000002,928.021,1441.7308979999998,356.563,675.432667
2023-08-05 06:00:00,1251.504333,1426.904,940.383668,1440.42423,346.814,682.499667
2023-08-05 07:00:00,1290.4793330000002,1527.2289999999998,1041.403832,1520.637331,356.737,730.449333
2023-08-05 08:00:00,1427.7266670000001,1708.3799999999999,1119.989668,1663.330998,424.64500000000004,777.146
2023-08-05 09:00:00,1607.304667,1952.804,1249.252,1832.4807270000001,451.113,820.84
2023-08-05 10:00:00,1682.977333,2088.334,1315.273832,1944.7810659999998,483.158,876.162
2023-08-05 11:00:00,1811.4423339999998,2138.95,1373.816333,2051.6703629999997,511.674,1037.1399999999999
2023-08-05 12:00:00,1876.0163329999998,2213.7870000000003,1452.644665,2187.083699,528.482,1052.2530000000002
2023-08-05 13:00:00,1984.3233329999998,2373.851,1523.674166,2257.0659969999997,548.0870000000001,1079.66
2023-08-05 14:00:00,2027.6546680000001,2551.067,1541.221,2323.03849,575.619,1071.836
2023-08-05 15:00:00,2036.9,2670.275,1646.183335,2439.5091,597.9680000000001,1152.964333
2023-08-05 16:00:00,2118.339333,2812.421,1823.501167,2599.429807,681.049,1215.594666
2023-08-05 17:00:00,2306.9166670000004,3072.444,1921.145334,2665.1134620000003,686.284,1276.366
2023-08-05 18:00:00,2376.5233319999998,3258.2169999999996,2027.3534989999998,2766.892678,742.87,1305.069
2023-08-05 19:00:00,2380.7993320000005,3330.243,2029.6528349999999,2808.9353309999997,772.985,1293.341
2023-08-05 20:00:00,2328.7786669999996,3145.821,1929.259501,2747.692831,726.8580000000001,1223.82
2023-08-05 21:00:00,2277.235333,2957.004,1824.0995,2711.22203,716.5409999999999,1222.4920000000002
2023-08-05 22:00:00,2231.63,2789.451,1789.514332,2591.571565,685.607,1171.027
2023-08-05 23:00:00,2012.283999,2513.572,1642.0116659999999,2311.012729,584.0699999999999,1076.083
2023-08-06 00:00:00,1826.942,2147.169,1425.672333,2047.679968,538.44,967.6510000000001
2023-08-06 01:00:00,1597.599667,1816.897,1204.975833,1795.269236,477.089,852.966333
2023-08-06 02:00:00,1407.460667,1629.159,1062.628666,1620.172094,404.48800000000006,766.208333
2023-08-06 03:00:00,1300.6506669999999,1490.2559999999999,951.533166,1500.463828,375.966,694.382
2023-08-06 04:00:00,1223.5853339999999,1365.406,873.2763320000001,1408.062097,346.848,662.6569999999999
2023-08-06 05:00:00,1163.834333,1363.643,871.740001,1349.256764,324.758,637.3530000000001
2023-08-06 06:00:00,1185.440334,1383.212,867.353832,1349.6929650000002,328.47800000000007,639.359
2023-08-06 07:00:00,1195.447667,1458.214,928.252666,1429.036899,352.52599999999995,657.11
2023-08-06 08:00:00,1361.782333,1603.647,1056.219,1602.165794,394.212,715.117
2023-08-06 09:00:00,1594.9386670000001,1845.801,1187.588999,1770.334929,465.617,814.887
2023-08-06 10:00:00,1771.574666,2064.1820000000002,1341.557666,1964.494432,512.685,906.6930000000001
2023-08-06 11:00:00,1881.047,2200.264,1405.5503330000001,2109.5350280000002,548.9190000000001,935.1009999999999
2023-08-06 12:00:00,1981.3976670000002,2282.734,1506.317,2164.1546319999998,540.071,1024.226
2023-08-06 13:00:00,2015.5610000000001,2441.057,1543.0249999999999,2253.470635,596.902,1087.284
2023-08-06 14:00:00,2076.7666660000004,2719.0159999999996,1689.1243329999998,2395.507763,639.589,1149.934
2023-08-06 15:00:00,2174.1049999999996,3028.682,1903.8146649999999,2669.280331,670.764,1178.386
2023-08-06 16:00:00,2327.453,3408.284,2086.47,2875.990261,726.29,1325.68
2023-08-06 17:00:00,2549.317333,3824.1400000000003,2389.3286669999998,3042.590365,819.79,1407.607
2023-08-06 18:00:00,2640.5860000000002,4201.561,2567.6150000000002,3174.1776330000002,866.069,1456.226
2023-08-06 19:00:00,2732.7516669999995,4283.598,2584.181,3189.412695,892.479,1501.732
2023-08-06 20:00:00,2692.321,4008.968,2404.836499,3217.3256340000003,883.98,1464.925
2023-08-06 21:00:00,2662.9966670000003,3633.444,2230.017668,3089.4308300000002,853.499,1436.03
2023-08-06 22:00:00,2482.931,3212.774,2023.259001,2868.4644660000004,770.198,1326.469
2023-08-06 23:00:00,2172.450667,2668.219,1652.381667,2471.890765,636.116,1140.266
2023-08-07 00:00:00,1828.2106669999998,2200.758,1383.391168,2101.5439619999997,553.8620000000001,943.818667
2023-08-07 01:00:00,1589.894999,1820.7250000000001,1165.3568329999998,1813.897828,451.439,821.743334
2023-08-07 02:00:00,1425.999332,1598.768,1013.406333,1642.254731,406.408,747.104666
2023-08-07 03:00:00,1266.3229999999999,1455.8780000000002,910.704667,1498.767599,371.273,685.8853340000001
2023-08-07 04:00:00,1222.113,1385.341,876.6916659999999,1410.621433,365.91999999999996,661.349
2023-08-07 05:00:00,1209.5206669999998,1379.819,893.0173319999999,1428.822265,361.945,657.721001
2023-08-07 06:00:00,1238.457,1404.732,902.317,1477.475634,364.274,663.404666
2023-08-07 07:00:00,1320.6096659999998,1567.688666,1016.283,1573.482104,399.206,734.835333
2023-08-07 08:00:00,1379.145667,1681.4226669999998,1137.988334,1657.811963,415.138,769.653
2023-08-07 09:00:00,1473.680667,1822.435,1190.671501,1739.195935,436.835,773.479
2023-08-07 10:00:00,1567.287333,1916.689667,1244.461333,1842.8863339999998,454.904,786.778
2023-08-07 11:00:00,1690.841667,2012.031,1263.716,1920.597996,495.23400000000004,855.642
2023-08-07 12:00:00,1835.310667,2120.7349999999997,1333.079665,2028.156065,494.14300000000003,913.487
2023-08-07 13:00:00,1903.013667,2312.0969999999998,1426.8395,2112.910496,542.375,1009.434
2023-08-07 14:00:00,2013.247667,2576.946,1625.9531670000001,2329.393527,607.4159999999999,1072.69
2023-08-07 15:00:00,2235.813667,3002.208333,1840.2765,2534.102663,669.701,1229.1370000000002
2023-08-07 16:00:00,2495.872667,3519.482667,2153.857999,2787.723364,727.725,1350.498
2023-08-07 17:00:00,2729.060334,3991.679,2484.8461660000003,3091.156631,827.085,1518.91
2023-08-07 18:00:00,2892.9446660000003,4375.053,2663.885333,3300.571965,896.883,1577.680667
2023-08-07 19:00:00,2867.478,4404.951000000001,2759.774166,3407.299666,958.596,1628.222
2023-08-07 20:00:00,2782.3000009999996,4152.989,2525.697,3256.3925689999996,889.509,1522.4869999999999
2023-08-07 21:00:00,2754.793332,3752.534,2309.276666,3198.0796980000005,836.383,1441.277
2023-08-07 22:00:00,2533.969667,3354.304,2146.869667,2870.459397,767.903,1372.407
2023-08-07 23:00:00,2209.781667,2781.672,1767.398002,2511.982792,658.956,1197.7759999999998
2023-08-08 00:00:00,1875.887833,2265.3900000000003,1447.6378330000002,2121.210929,533.8299999999999,998.6279999999999
2023-08-08 01:00:00,1590.002,1880.0859999999998,1210.0375,1797.7561620000001,463.99499999999995,846.133333
2023-08-08 02:00:00,1409.8703329999998,1641.779,1056.261833,1577.8649639999999,410.486,724.478334
2023-08-08 03:00:00,1278.0183339999999,1487.374,943.187666,1436.6349,373.754,688.983
2023-08-08 04:00:00,1214.056666,1388.9740000000002,880.566167,1368.289228,348.92600000000004,628.385
2023-08-08 05:00:00,1194.961333,1343.935,856.907001,1363.1839650000002,341.687,597.825
2023-08-08 06:00:00,1213.736668,1412.364,907.704332,1396.944633,339.091,628.998667
2023-08-08 07:00:00,1298.010333,1546.286,1005.099167,1510.869699,373.151,684.3996669999999
2023-08-08 08:00:00,1368.2599999999998,1630.357333,1088.992166,1554.061231,386.75699999999995,716.094
2023-08-08 09:00:00,1475.577333,1773.511,1156.5003339999998,1629.8983629999998,418.03599999999994,747.187
2023-08-08 10:00:00,1550.72,1777.232,1167.611666,1696.467995,408.04,771.393
2023-08-08 11:00:00,1575.5626670000001,1842.832,1267.5368330000001,1832.498966,463.579,865.091
2023-08-08 12:00:00,1735.9363320000002,1965.895,1314.121167,1979.7067000000002,468.266,957.983
2023-08-08 13:00:00,1876.770001,2231.0060000000003,1428.318334,2182.1093680000004,528.2239999999999,1042.839333
2023-08-08 14:00:00,2000.240667,2583.149,1649.369833,2385.5794610000003,599.139,1170.6223340000001
2023-08-08 15:00:00,2206.1820000000002,2961.362,1916.840666,2607.2976,660.867,1213.3600000000001
2023-08-08 16:00:00,2495.816667,3485.595,2173.4893330000004,2805.147861,757.669,1364.369
2023-08-08 17:00:00,2752.7796670000002,3972.979,2496.7388330000003,3118.421364,860.845,1489.1480000000001
2023-08-08 18:00:00,2962.846,4497.139999999999,2764.705833,3342.427799,897.739,1586.21
2023-08-08 19:00:00,2966.8959999999997,4599.19,2853.583667,3442.417165,948.1010000000001,1620.835
2023-08-08 20:00:00,2890.917667,4365.579,2705.0780000000004,3345.7861319999997,934.5060000000001,1621.621
2023-08-08 21:00:00,2772.056667,4019.2520000000004,2484.200166,3283.7397,873.2629999999999,1538.959
2023-08-08 22:00:00,2624.787001,3607.357,2220.434667,3062.2706,817.997,1388.629
2023-08-08 23:00:00,2324.423834,3003.586,1886.338,2599.273793,696.125,1223.9520000000002
2023-08-09 00:00:00,1943.6828340000002,2465.898,1497.5865000000001,2170.9786959999997,563.76,1036.712333
2023-08-09 01:00:00,1654.005668,2049.757,1228.432501,1884.51747,464.621,863.4813340000001
2023-08-09 02:00:00,1423.205668,1744.0839999999998,1033.2909989999998,1646.3762339999998,399.10400000000004,778.821666
2023-08-09 03:00:00,1303.123335,1556.143,921.940167,1484.295368,369.97133299999996,692.987667
2023-08-09 04:00:00,1226.6386670000002,1436.129,877.7603300000001,1383.178069,345.976,642.486666
2023-08-09 05:00:00,1201.529333,1406.2179999999998,866.195166,1370.2914999999998,347.47733299999993,620.837
2023-08-09 06:00:00,1270.0533340000002,1408.7240000000002,924.3633320000001,1400.582295,359.556,671.397666
2023-08-09 07:00:00,1312.841332,1578.0529999999999,1011.781667,1523.0337610000001,371.442,707.549666
2023-08-09 08:00:00,1346.629334,1724.23,1079.153334,1685.1289629999999,391.85966699999994,726.052333
2023-08-09 09:00:00,1509.289001,1839.564,1203.2706669999998,1754.8846290000001,433.942,795.457333
2023-08-09 10:00:00,1598.113331,1961.52,1310.200834,1883.5306979999998,474.29999999999995,855.458667
2023-08-09 11:00:00,1795.7229980000002,2186.147,1449.1513329999998,2059.911461,491.04200000000003,989.2570000000001
2023-08-09 12:00:00,1951.537667,2500.525,1636.6006670000002,2266.43233,536.284,1063.209
2023-08-09 13:00:00,2065.6096660000003,2848.15,1829.2366659999998,2473.096795,615.5749999999999,1135.937
2023-08-09 14:00:00,2172.971667,3151.4490000000005,1964.252333,2581.814165,666.5899999999999,1219.499
2023-08-09 15:00:00,2287.068334,3433.254,2054.35,2695.764697,709.01,1301.409
2023-08-09 16:00:00,2387.2793330000004,3634.956,2197.626001,2810.098532,748.28,1360.5149999999999
2023-08-09 17:00:00,2567.115,3876.7110000000002,2299.8073320000003,3049.264729,828.2330000000001,1434.99
2023-08-09 18:00:00,2716.227,4179.055,2470.3933340000003,3170.565333,883.996,1514.082
2023-08-09 19:00:00,2715.759333,4357.287,2604.455,3315.958264,922.992,1568.516
2023-08-09 20:00:00,2731.3846670000003,4090.219,2498.863666,3213.8079310000003,897.19,1473.759666
2023-08-09 21:00:00,2626.839667,3660.324,2262.752166,3004.512499,827.582,1413.393333
2023-08-09 22:00:00,2450.860334,3231.518,2062.479,2796.135898,755.9669999999999,1300.077333
2023-08-09 23:00:00,2179.717666,2686.581,1705.337667,2460.858768,619.031,1150.049
2023-08-10 00:00:00,1823.873,2213.659,1399.575,2113.199727,513.167,1000.2729999999999
2023-08-10 01:00:00,1590.995666,1850.674,1164.608833,1776.7597660000001,448.77,857.8083330000001
2023-08-10 02:00:00,1407.224667,1620.5910000000001,1025.2706660000001,1562.304033,405.8,742.592666
2023-08-10 03:00:00,1271.0723329999998,1466.201,928.643832,1459.3111279999998,371.081,704.3663329999999
2023-08-10 04:00:00,1212.374167,1410.3899999999999,896.243666,1378.895601,342.14500000000004,657.397
2023-08-10 05:00:00,1218.268666,1370.058,890.2885000000001,1411.210067,331.71299999999997,645.673
2023-08-10 06:00:00,1250.8631659999999,1420.452,928.690834,1459.35123,350.50100000000003,670.9590000000001
2023-08-10 07:00:00,1333.0846660000002,1554.529,1032.2933309999999,1546.114834,381.332,711.320001
2023-08-10 08:00:00,1398.8720010000002,1694.8180000000002,1105.929668,1631.242072,395.57,735.517667
2023-08-10 09:00:00,1521.178332,1789.9119999999998,1186.488331,1719.322497,406.59900000000005,772.887
2023-08-10 10:00:00,1577.0836660000002,1810.920333,1229.121999,1845.009437,446.638,809.4306660000001
2023-08-10 11:00:00,1633.455334,1981.5700000000002,1330.613166,1905.9150330000002,470.21000000000004,891.188666
2023-08-10 12:00:00,1806.131667,2174.306334,1444.563833,2077.411096,503.694,971.645667
2023-08-10 13:00:00,1931.5966669999998,2458.082667,1623.6945010000002,2235.331631,541.408,1024.0810000000001
2023-08-10 14:00:00,2102.394999,2707.958,1743.3146669999999,2344.849335,593.157,1070.282667
2023-08-10 15:00:00,2193.108666,2979.484,1864.0986659999999,2475.347662,647.4970000000001,1186.4793339999999
2023-08-10 16:00:00,2367.461002,3296.076,2030.318498,2696.248092,705.0609999999999,1297.8596670000002
2023-08-10 17:00:00,2523.317,3679.151,2267.5786669999998,2853.3152929999997,761.526,1384.741
2023-08-10 18:00:00,2619.1466659999996,3916.746,2410.925333,3031.608225,812.9770000000001,1481.537
2023-08-10 19:00:00,2607.710999,3912.236334,2405.054,3052.864503,820.73,1431.167
2023-08-10 20:00:00,2529.781,3580.619666,2178.492668,2982.870263,793.384,1348.9049999999997
2023-08-10 21:00:00,2443.018333,3282.643,1974.5240010000002,2850.937568,748.742,1246.1309999999999
2023-08-10 22:00:00,2318.4106659999998,2991.260333,1854.315502,2670.339665,705.6569999999999,1192.627
2023-08-10 23:00:00,2032.1406670000001,2480.895,1600.114333,2299.043194,623.462,1076.511
2023-08-11 00:00:00,1738.487333,2077.624,1335.455,1937.178934,503.657,941.789
2023-08-11 01:00:00,1463.917001,1786.122,1103.926665,1687.502464,430.543,786.648
2023-08-11 02:00:00,1301.438999,1557.5030000000002,967.238665,1502.868463,394.73400000000004,670.242667
2023-08-11 03:00:00,1177.667666,1387.461,896.9559999999999,1384.223059,332.68100000000004,626.657667
2023-08-11 04:00:00,1140.537,1323.705,850.805668,1304.179,315.35299999999995,605.3003329999999
2023-08-11 05:00:00,1112.752,1308.359,827.510166,1296.531097,312.734,608.547
2023-08-11 06:00:00,1176.918667,1353.4360000000001,895.140335,1316.4684650000002,325.36899999999997,636.239
2023-08-11 07:00:00,1216.790333,1484.134,975.5386669999999,1458.5312990000002,370.598,665.094
2023-08-11 08:00:00,1330.8343329999998,1657.826,1098.9630000000002,1606.938799,415.692,737.674
2023-08-11 09:00:00,1510.065667,1810.2520000000002,1193.428668,1710.48543,416.866,780.126667
2023-08-11 10:00:00,1555.2640000000001,1929.921,1239.527332,1850.087133,444.34999999999997,835.7636660000001
2023-08-11 11:00:00,1689.318667,2056.484,1352.034666,1975.624899,491.63899999999995,939.523334
2023-08-11 12:00:00,1822.951,2245.694,1509.764834,2130.325296,525.98,1017.2360000000001
2023-08-11 13:00:00,1946.136667,2624.327,1655.402499,2382.485831,554.8149999999999,1126.6950000000002
2023-08-11 14:00:00,2122.880333,2956.633,1853.398999,2552.7025,618.097,1209.058
2023-08-11 15:00:00,2283.639333,3391.73,2037.814,2734.9694259999997,682.63,1283.2040000000002
2023-08-11 16:00:00,2486.0246669999997,3745.208,2295.088001,2964.358596,785.277,1366.6129999999998
2023-08-11 17:00:00,2667.2290000000003,4221.429,2552.16,3238.1116009999996,855.594,1503.23
2023-08-11 18:00:00,2786.096,4507.225,2772.541667,3324.938034,877.0360000000001,1530.096
2023-08-11 19:00:00,2826.846333,4468.8550000000005,2758.811,3323.689335,936.758,1542.674
2023-08-11 20:00:00,2712.531333,4182.841,2570.089999,3267.3453280000003,934.951,1479.315
2023-08-11 21:00:00,2572.348333,3774.184667,2358.450001,3011.2647970000003,841.48,1388.097
2023-08-11 22:00:00,2425.8143330000003,3374.435,2071.200001,2820.7998289999996,812.732,1313.149
2023-08-11 23:00:00,2157.132333,2884.279666,1802.981333,2535.254768,708.337,1167.4099999999999
2023-08-12 00:00:00,1867.405668,2396.737,1486.953,2194.2899660000003,599.363,1011.182
2023-08-12 01:00:00,1621.981,1996.5320000000002,1219.232833,1887.851533,490.382,888.423333
2023-08-12 02:00:00,1437.737666,1698.369666,1067.9405000000002,1694.853267,418.87,770.3536670000001
2023-08-12 03:00:00,1315.312333,1533.133,962.4581660000001,1522.261132,363.749,689.06
2023-08-12 04:00:00,1217.775334,1404.288,894.251,1411.164797,334.048,640.4513330000001
2023-08-12 05:00:00,1178.448,1340.327,853.928001,1348.90293,314.95900000000006,631.9259999999999
2023-08-12 06:00:00,1146.789333,1344.047,864.8993330000001,1322.476232,335.278,634.2846659999999
2023-08-12 07:00:00,1212.505333,1497.114,947.973166,1416.430265,349.781,665.687666
2023-08-12 08:00:00,1371.8636669999999,1689.866333,1113.497499,1597.318194,398.837,755.783334
2023-08-12 09:00:00,1591.372667,1952.595,1240.713166,1870.9740669999999,442.261,858.288667
2023-08-12 10:00:00,1801.795333,2206.476,1396.684667,2065.083761,517.443,993.912
2023-08-12 11:00:00,2016.476,2443.823,1517.189833,2258.698767,573.319,1076.036
2023-08-12 12:00:00,2145.6543330000004,2677.617,1707.334833,2462.785364,616.865,1139.6979999999999
2023-08-12 13:00:00,2267.9480000000003,3058.7940000000003,1928.143333,2690.415432,687.3969999999999,1229.705
2023-08-12 14:00:00,2401.2690009999997,3431.467001,2170.6141669999997,2893.658061,727.227,1326.411
2023-08-12 15:00:00,2610.4543350000004,3969.817001,2440.415167,3147.0848269999997,826.4559999999999,1394.505
2023-08-12 16:00:00,2773.0356659999998,4404.268,2691.647667,3346.944543,912.008,1551.122
2023-08-12 17:00:00,2996.834334,4748.384,2947.2830000000004,3503.371293,983.183,1631.177
2023-08-12 18:00:00,3019.233665,5016.838,3080.913,3621.8996740000002,1044.2379999999998,1647.558
2023-08-12 19:00:00,2995.101333,4925.43,3053.0860000000002,3535.264565,1011.19,1651.5716670000002
2023-08-12 20:00:00,2964.929,4689.092000000001,2824.229166,3440.5086969999998,987.893,1547.691667
2023-08-12 21:00:00,2843.0723319999997,4299.624,2575.8323330000003,3283.5117660000005,936.066,1524.621333
2023-08-12 22:00:00,2661.2700000000004,3841.84,2328.4081669999996,3130.06793,859.107,1419.981001
2023-08-12 23:00:00,2347.882666,3302.4210000000003,2033.0333339999997,2735.649812,751.593333,1280.431332
2023-08-13 00:00:00,2111.5820000000003,2751.7129999999997,1705.3833330000002,2416.238192,642.877666,1115.4940000000001
2023-08-13 01:00:00,1816.0766669999998,2324.068,1428.503001,2063.5321329999997,544.261,945.937999
2023-08-13 02:00:00,1590.805,1970.362666,1207.3291669999999,1828.127214,495.93899999999996,845.0493329999999
2023-08-13 03:00:00,1432.910001,1754.064333,1080.566835,1608.585996,415.24100000000004,791.351667
2023-08-13 04:00:00,1333.895333,1585.206333,971.384167,1520.49696,381.03600000000006,724.2743340000001
2023-08-13 05:00:00,1252.592667,1480.0549999999998,895.098332,1447.404994,360.996,688.8259999999999
2023-08-13 06:00:00,1211.8083339999998,1460.9029999999998,897.133333,1421.18533,357.8,670.877
2023-08-13 07:00:00,1252.171333,1560.356,973.2118330000001,1499.977933,388.12600000000003,736.3720000000001
2023-08-13 08:00:00,1394.500666,1775.0980000000002,1118.266166,1731.457632,445.20400000000006,788.5889999999999
2023-08-13 09:00:00,1679.324334,2086.548,1340.250999,1983.168495,497.7080000000001,910.2360000000001
2023-08-13 10:00:00,1931.108333,2452.499,1585.1364990000002,2306.456696,579.431,1046.092
2023-08-13 11:00:00,2187.132,2816.8509999999997,1821.7531680000002,2592.512268,649.8679999999999,1252.242
2023-08-13 12:00:00,2493.858,3444.9030000000002,2181.704334,2990.0239970000002,790.372,1383.966
2023-08-13 13:00:00,2796.001667,4153.644,2577.304,3385.6151,929.922,1561.79
2023-08-13 14:00:00,3120.262999,4907.438,3072.628169,3807.18493,1036.027,1761.2269999999999
2023-08-13 15:00:00,3357.363334,5580.0070000000005,3485.5943340000003,4060.5814309999996,1111.6689999999999,1869.449
2023-08-13 16:00:00,3512.26,5966.153,3758.121666,4334.36923,1193.713,1998.156
2023-08-13 17:00:00,3666.976331,6247.598,3977.626333,4549.575098,1253.1509999999998,2094.223333
2023-08-13 18:00:00,3722.4203340000004,6228.584000000001,4004.9446660000003,4575.944599,1242.4569999999999,2077.627
2023-08-13 19:00:00,3718.1813349999998,6326.486,4019.771167,4591.0767639999995,1275.6009999999999,2134.075
2023-08-13 20:00:00,3735.9706690000003,6157.089,3812.3980009999996,4535.836799000001,1264.15,2066.145
2023-08-13 21:00:00,3654.662999,5888.335666999999,3648.411669,4389.524199,1223.086,1987.767
2023-08-13 22:00:00,3448.204667,5517.732,3320.4333349999997,4103.864834,1159.371,1911.594
2023-08-13 23:00:00,3112.0816670000004,4718.981333000001,2875.9020010000004,3633.190929,1025.2069999999999,1684.3509999999999
2023-08-14 00:00:00,2694.472334,3907.7263330000005,2350.7511699999995,3154.005961,876.2249999999999,1489.702
2023-08-14 01:00:00,2357.508667,3223.442,1920.8805,2736.0362640000003,743.846,1301.844
2023-08-14 02:00:00,2081.4753339999997,2699.927333,1630.069332,2415.055365,636.672,1135.178333
2023-08-14 03:00:00,1869.742666,2318.360667,1419.934502,2167.898035,563.912,1019.915667
2023-08-14 04:00:00,1726.945667,2085.35,1251.765332,1983.6891999999998,499.74100000000004,962.6786670000001
2023-08-14 05:00:00,1664.212667,1911.1079999999997,1171.513167,1885.481296,476.519,920.598
2023-08-14 06:00:00,1630.4103340000001,1856.0880000000002,1167.882999,1878.3917999999999,457.19100000000003,887.251
2023-08-14 07:00:00,1634.088,1930.756,1266.249167,1900.311669,497.21000000000004,904.75
2023-08-14 08:00:00,1727.843666,2219.222,1438.575167,2119.4489280000003,528.56,984.711
2023-08-14 09:00:00,1918.053665,2568.565,1661.438001,2304.930002,582.6310000000001,1088.3580000000002
2023-08-14 10:00:00,2224.352333,2950.0299999999997,1926.040667,2640.434668,669.7470000000001,1172.373
2023-08-14 11:00:00,2479.07,3407.251,2247.859332,2979.807232,778.495,1360.9009999999998
2023-08-14 12:00:00,2855.403667,4068.5460000000003,2598.3705,3344.428494,878.279,1541.907334
2023-08-14 13:00:00,3192.8790010000002,4853.724,3001.799999,3765.6729970000006,1011.9359999999999,1686.0330000000001
2023-08-14 14:00:00,3433.256666,5575.83,3473.2073339999997,4113.477329,1134.877,1856.562
2023-08-14 15:00:00,3714.3869999999997,6126.58,3885.8206659999996,4392.957223,1198.208,1987.758
2023-08-14 16:00:00,3910.173667,6416.735,4152.395999,4662.837418,1256.625,2151.692
2023-08-14 17:00:00,3999.112,6683.455,4333.032833,4838.601969,1305.911,2229.865667
2023-08-14 18:00:00,4075.3683329999994,6642.048000000001,4338.373332,4796.57781,1328.3220000000001,2285.903333
2023-08-14 19:00:00,4062.201667,6633.7029999999995,4305.897333,4883.091727999999,1391.686,2260.506333
2023-08-14 20:00:00,3962.828334,6441.924,4154.439335,4857.141733,1343.583,2192.206
2023-08-14 21:00:00,3958.0723319999997,6297.515,3947.9021669999997,4759.813265999999,1315.429,2150.496
2023-08-14 22:00:00,3813.931333,5988.071,3671.968334,4552.922699000001,1250.217,2089.9120000000003
2023-08-14 23:00:00,3445.163666,5313.75,3181.3241690000004,4065.912461,1113.431,1891.79
2023-08-15 00:00:00,3065.056333,4568.753,2705.585167,3606.3138369999997,994.721,1690.741
2023-08-15 01:00:00,2719.7625,3965.4970009999997,2303.5969990000003,3116.370935,882.8620000000001,1496.767333
2023-08-15 02:00:00,2399.125,3427.8056669999996,1969.5896659999999,2788.54337,778.7,1332.496667
2023-08-15 03:00:00,2179.313833,2983.403,1735.4135,2505.600568,695.812,1217.166335
2023-08-15 04:00:00,2028.7655,2597.1270000000004,1553.901167,2330.182993,620.0609999999999,1123.5860010000001
2023-08-15 05:00:00,1945.8125,2339.912,1409.403333,2236.278798,584.1740000000001,1083.479333
2023-08-15 06:00:00,1882.395,2192.115,1368.253666,2158.579532,550.929,1032.433333
2023-08-15 07:00:00,1876.4054999999998,2244.425,1430.8273330000002,2169.250569,599.0419999999999,1047.886333
2023-08-15 08:00:00,1925.335,2453.163666,1590.117166,2317.307627,606.377,1125.431333
2023-08-15 09:00:00,2125.355333,2812.188,1844.246834,2518.515265,644.451,1182.254
2023-08-15 10:00:00,2358.261666,3134.812,2061.0159999999996,2788.908733,715.845,1315.088
2023-08-15 11:00:00,2638.2886670000003,3636.2729999999997,2345.2163330000003,3171.0143289999996,826.564,1516.8490000000002
2023-08-15 12:00:00,2905.9853329999996,4261.82,2731.850501,3521.556531,927.863,1660.264667
2023-08-15 13:00:00,3156.486,4869.439,3125.900167,3835.9001,1045.1860000000001,1790.685667
2023-08-15 14:00:00,3412.755666,5351.759,3461.313833,4065.3968649999997,1123.4679999999998,1913.958333
2023-08-15 15:00:00,3522.897333,5766.651,3677.2205,4302.860865000001,1177.859,2037.455667
2023-08-15 16:00:00,3688.567,6099.867,3978.1111659999997,4523.758030000001,1254.833,2116.738
2023-08-15 17:00:00,3835.727667,6183.468000000001,4075.895667,4544.713997999999,1249.504,2189.4536669999998
2023-08-15 18:00:00,3941.9840000000004,6462.5740000000005,4158.693165999999,4704.612291,1301.467,2216.02
2023-08-15 19:00:00,3897.4449999999997,6528.114,4155.434833,4753.698098,1324.092,2245.053
2023-08-15 20:00:00,3860.963334,6388.603,4016.3241669999998,4767.3036329999995,1335.009,2203.5879999999997
2023-08-15 21:00:00,3820.978666,6123.713,3817.379167,4635.489963,1290.157,2145.2169999999996
2023-08-15 22:00:00,3630.0723340000004,5707.432000000001,3486.014666,4347.958701,1216.6399999999999,2054.909
2023-08-15 23:00:00,3381.4741670000003,5150.683,3115.185001,3988.300897,1116.274,1827.990334
2023-08-16 00:00:00,3010.2685,4415.665999999999,2678.3466660000004,3538.904096,973.923,1657.6353330000002
2023-08-16 01:00:00,2675.8021660000004,3796.82,2258.651501,3097.2933700000003,855.568,1463.1413340000001
2023-08-16 02:00:00,2387.6523340000003,3282.846666,1936.320834,2759.740531,763.961,1315.880666
2023-08-16 03:00:00,2176.095666,2833.172,1700.859667,2533.8250660000003,695.5,1229.076667
2023-08-16 04:00:00,2036.496833,2522.4686659999998,1538.0334990000001,2355.2107989999995,638.547,1151.347
2023-08-16 05:00:00,1940.4278339999998,2296.169,1425.2524990000002,2227.002034,590.2160000000001,1090.4986669999998
2023-08-16 06:00:00,1920.895,2214.5240000000003,1397.901167,2174.303968,579.931,1057.596333
2023-08-16 07:00:00,1866.577666,2298.374,1452.5645009999998,2214.074997,586.4449999999999,1077.0109989999999
2023-08-16 08:00:00,1939.721833,2528.085,1634.106332,2378.558526,632.2349999999999,1143.7766669999999
2023-08-16 09:00:00,2124.732167,2869.52,1853.9868350000002,2607.7222659999998,662.706,1251.0790000000002
2023-08-16 10:00:00,2339.8593330000003,3176.195,2064.6148319999998,2829.64596,756.4079999999999,1344.885666
2023-08-16 11:00:00,2561.937333,3566.4809999999998,2385.873833,3135.565896,854.8410000000001,1485.326999
2023-08-16 12:00:00,2813.349,4233.629000000001,2740.302168,3457.623495,912.699,1632.4209999999998
2023-08-16 13:00:00,3140.487,4835.6759999999995,3064.752166,3792.5514630000002,1031.933,1758.8990000000001
2023-08-16 14:00:00,3383.901,5313.6359999999995,3427.6429989999997,4086.377097,1130.969,1900.3336669999999
2023-08-16 15:00:00,3555.6710000000003,5713.317999999999,3695.3035010000003,4230.184196,1176.5929999999998,2001.0693330000001
2023-08-16 16:00:00,3660.5119999999997,6095.501,3909.5703330000006,4516.866464,1230.3139999999999,2144.873667
2023-08-16 17:00:00,3841.736667,6375.380999999999,4108.5181649999995,4708.096530999999,1283.426,2217.044333
2023-08-16 18:00:00,3949.1306670000004,6613.134,4225.5576679999995,4828.342898000001,1357.1009999999999,2289.470667
2023-08-16 19:00:00,3963.618666,6632.508,4278.035001,4886.960596,1343.3000000000002,2302.598667
2023-08-16 20:00:00,3938.241999,6406.409,4074.5620010000002,4843.849063,1313.397,2252.916
2023-08-16 21:00:00,3898.166667,6157.4580000000005,3776.432331,4702.2935019999995,1269.4029999999998,2138.669
2023-08-16 22:00:00,3697.820667,5745.928,3476.4085000000005,4409.1185319999995,1202.911,2050.286
2023-08-16 23:00:00,3279.498333,5001.884,3006.009666,3826.4114660000005,1072.444,1823.317667
2023-08-17 00:00:00,2885.7956669999994,4225.495,2500.698998,3354.987205,933.933,1633.004
2023-08-17 01:00:00,2569.272333,3618.661,2102.365667,2968.907362,816.958,1449.4449990000003
2023-08-17 02:00:00,2311.7,3164.9603340000003,1849.6260000000002,2695.000726,730.961,1297.431666
2023-08-17 03:00:00,2130.566001,2782.2740009999998,1645.1206670000001,2482.202793,657.274,1195.614999
2023-08-17 04:00:00,1976.625,2553.5663329999998,1510.445001,2299.3653329999997,603.712,1106.912334
2023-08-17 05:00:00,1903.1116670000001,2346.804,1364.215999,2211.073597,567.398,1075.989
2023-08-17 06:00:00,1888.3898330000002,2273.422,1350.1131650000002,2124.2067639999996,544.634,1041.688
2023-08-17 07:00:00,1883.9170000000001,2279.464,1431.063666,2137.9565979999998,575.356,1084.036334
2023-08-17 08:00:00,1875.522667,2300.261,1465.8326659999998,2210.256604,582.935,1071.7833329999999
2023-08-17 09:00:00,1954.2233340000002,2440.0469999999996,1600.730834,2345.877234,602.315,1135.368999
2023-08-17 10:00:00,2143.8913329999996,2760.298,1794.0938330000001,2513.4332670000003,648.6940000000001,1206.141
2023-08-17 11:00:00,2269.5280000000002,2984.746,1927.2298340000002,2690.3330370000003,689.215,1280.600667
2023-08-17 12:00:00,2356.704668,3218.635,2071.427,2821.408698,709.454,1370.616999
2023-08-17 13:00:00,2516.028999,3557.868,2227.9891660000003,3057.8864,753.122,1403.945666
2023-08-17 14:00:00,2645.601667,3976.8599999999997,2450.997168,3210.1449629999997,839.164,1515.2200000000003
2023-08-17 15:00:00,2782.5950000000003,4289.09,2645.5910000000003,3340.135294,887.277,1584.0569999999998
2023-08-17 16:00:00,2986.933667,4595.629999999999,2856.351834,3578.6317,958.588,1698.746
2023-08-17 17:00:00,3157.264334,4966.875,3147.3914990000003,3789.5580990000003,1025.935,1793.2600000000002
2023-08-17 18:00:00,3234.329334,5092.216,3215.202,3876.0736319999996,1061.087,1823.113
2023-08-17 19:00:00,3269.7276669999997,5101.075999999999,3186.109,3906.8518929999996,1078.978,1843.462
2023-08-17 20:00:00,3259.8630000000003,4972.216,3071.494501,3923.217994,1061.732,1855.586
2023-08-17 21:00:00,3186.762667,4648.147000000001,2804.6106660000005,3789.1225640000002,1007.626,1753.344
2023-08-17 22:00:00,2976.9120000000003,4089.471,2491.202667,3532.028397,912.525,1584.313
2023-08-17 23:00:00,2655.6850000000004,3354.545,2088.3540000000003,3013.65483,803.8299999999999,1357.17
2023-08-18 00:00:00,2239.331334,2733.0013329999997,1702.7938330000002,2585.300036,667.098,1203.583
2023-08-18 01:00:00,1967.925666,2242.223,1405.614834,2191.66603,545.673,1029.2469999999998
2023-08-18 02:00:00,1690.433,1911.527,1199.807834,1912.4991650000002,479.456,910.153667
2023-08-18 03:00:00,1525.382,1703.5929999999998,1049.6901670000002,1742.521097,426.81899999999996,826.453001
2023-08-18 04:00:00,1418.1889999999999,1596.749,968.8671670000001,1614.1200629999998,384.808,774.418
2023-08-18 05:00:00,1380.372834,1522.5,961.874333,1550.6395320000001,373.472,738.922
2023-08-18 06:00:00,1385.3811660000001,1539.683,1001.5358329999999,1560.359764,384.897,739.876
2023-08-18 07:00:00,1418.1540009999999,1624.704,1055.788833,1637.591066,415.228,786.835
2023-08-18 08:00:00,1502.74,1767.4859999999999,1158.462667,1800.87986,442.775,841.6759999999999
2023-08-18 09:00:00,1625.036666,1885.5410000000002,1230.712666,1866.965,435.288,860.435333
2023-08-18 10:00:00,1706.8576659999999,1986.7959999999998,1333.9608340000002,2038.813361,468.27299999999997,909.8403330000001
2023-08-18 11:00:00,1760.7326670000002,2115.576,1445.907334,2165.5371640000003,503.169,968.507
2023-08-18 12:00:00,1835.545,2256.182,1529.7244999999998,2323.152,562.19,1030.607
2023-08-18 13:00:00,2021.438,2499.6,1651.200666,2442.996332,590.7719999999999,1100.087333
2023-08-18 14:00:00,2130.968,2792.3590000000004,1794.756833,2570.402596,603.156,1164.983666
2023-08-18 15:00:00,2280.027668,3116.21,1913.8188329999998,2705.20363,672.044,1251.119666
2023-08-18 16:00:00,2443.534667,3459.6349999999998,2136.2380000000003,2831.8632669999997,717.755,1305.19
2023-08-18 17:00:00,2591.730001,3795.202,2324.064,3042.666933,779.665,1411.043
2023-08-18 18:00:00,2678.768,4032.6670000000004,2454.4415,3235.1261649999997,872.921,1476.653
2023-08-18 19:00:00,2608.4390000000003,3972.8259999999996,2413.4945,3111.1145650000003,860.749,1441.641
2023-08-18 20:00:00,2456.4750000000004,3588.1420000000003,2159.910667,2975.9663979999996,817.702,1305.5439999999999
2023-08-18 21:00:00,2332.167,3115.467,1925.725335,2828.563263,742.975,1212.124
2023-08-18 22:00:00,2178.24,2704.089,1709.476169,2539.553864,638.197,1129.341
2023-08-18 23:00:00,1956.5529999999999,2317.8979999999997,1461.536167,2188.887734,576.004,1026.2396669999998
2023-08-19 00:00:00,1721.6039999999998,1923.6480000000001,1246.8146669999999,1887.838365,479.70200000000006,839.9590000000001
2023-08-19 01:00:00,1502.156,1658.889,1023.0523329999999,1653.4008989999998,419.08500000000004,716.881333
2023-08-19 02:00:00,1314.353,1487.795,908.872,1450.924597,363.168,659.750667
2023-08-19 03:00:00,1201.931,1369.623,837.594833,1364.698562,318.183,606.466667
2023-08-19 04:00:00,1097.555,1297.604,791.6106669999999,1320.380832,295.783,558.477
2023-08-19 05:00:00,1055.7175,1272.86,781.3426669999999,1269.591027,294.532,559.66
2023-08-19 06:00:00,1086.4483329999998,1293.675,826.678666,1256.00043,302.366,569.261
2023-08-19 07:00:00,1160.777,1377.898,901.181833,1323.939934,327.247,603.701
2023-08-19 08:00:00,1213.310334,1573.57,1042.3476660000001,1509.0436009999999,358.31000000000006,682.938
2023-08-19 09:00:00,1399.152,1798.9279999999999,1156.868999,1694.9896979999999,426.63700000000006,791.6859999999999
2023-08-19 10:00:00,1528.488667,1946.041,1253.891,1857.5893970000002,462.53299999999996,830.688
2023-08-19 11:00:00,1670.289333,1988.828,1352.7240000000002,1953.6540330000003,492.301,927.7589999999999
2023-08-19 12:00:00,1805.9899999999998,2104.34,1426.422833,2084.855232,482.20799999999997,993.915334
2023-08-19 13:00:00,1874.3529999999998,2186.062,1425.696334,2197.8727639999997,505.20500000000004,1048.0316670000002
2023-08-19 14:00:00,1952.5890000000002,2455.182,1595.2465,2314.442259,541.4820000000001,1102.767667
2023-08-19 15:00:00,2184.73,2850.015,1780.201,2623.299151,606.477,1171.781
2023-08-19 16:00:00,2431.0370000000003,3332.585,2047.853,2867.8673099999996,720.679,1315.5330000000001
2023-08-19 17:00:00,2585.566999,3759.952,2266.2520000000004,3020.826473,805.7860000000001,1369.08
2023-08-19 18:00:00,2645.807,4060.8940000000002,2456.342167,3185.6890270000004,854.1990000000001,1447.68
2023-08-19 19:00:00,2629.525,4127.035,2454.8345,3202.826,883.699,1464.8029999999999
2023-08-19 20:00:00,2566.557,3932.031,2275.4485,3099.0223969999997,847.764,1391.1
2023-08-19 21:00:00,2529.7896650000002,3577.554,2131.712334,2915.452297,780.0459999999999,1349.338
2023-08-19 22:00:00,2385.593332,3170.1890000000003,1913.834,2686.971534,710.77,1256.531
2023-08-19 23:00:00,2124.315667,2709.8729999999996,1634.233002,2408.7487600000004,621.652,1084.8020000000001
2023-08-20 00:00:00,1826.2569999999998,2314.6620000000003,1343.235668,2093.989595,531.656,946.471
2023-08-20 01:00:00,1601.531333,1953.2640000000001,1118.867668,1846.602601,461.89,827.488333
2023-08-20 02:00:00,1401.2653340000002,1679.431,981.527,1585.0684649999998,413.658,741.6453329999999
2023-08-20 03:00:00,1257.339,1509.336,904.627835,1441.371799,365.541,680.5899999999999
2023-08-20 04:00:00,1189.1613340000001,1397.125,843.7499989999999,1367.9453050000002,337.442,632.598
2023-08-20 05:00:00,1134.6563330000001,1336.441,817.176166,1319.34004,320.904,607.513666
2023-08-20 06:00:00,1118.4055,1340.181,839.798667,1285.878487,311.226,595.3870000000001
2023-08-20 07:00:00,1142.8311670000003,1415.187,899.602,1341.299456,325.613,637.116
2023-08-20 08:00:00,1294.2651669999998,1552.024,1041.405835,1508.9207270000002,363.691,676.6990000000001
2023-08-20 09:00:00,1508.593167,1790.683,1152.621,1692.757267,413.564,765.317
2023-08-20 10:00:00,1700.012999,1993.629667,1319.7235,1943.093667,461.249,873.079
2023-08-20 11:00:00,1812.836666,2114.8123330000003,1387.1205,2064.059398,502.34400000000005,950.376
2023-08-20 12:00:00,1967.538667,2224.531,1457.672333,2217.1735630000003,554.415,1038.545666
2023-08-20 13:00:00,2048.516667,2509.7529999999997,1581.162333,2377.184367,597.193,1122.9496669999999
2023-08-20 14:00:00,2203.550666,2791.315,1743.502833,2601.757901,645.393,1165.6239999999998
2023-08-20 15:00:00,2303.8046670000003,3246.937,1942.885667,2660.077867,719.827,1237.726
2023-08-20 16:00:00,2475.0933330000003,3649.8489999999997,2128.889333,2885.196973,770.192,1389.376
2023-08-20 17:00:00,2604.767,3976.029,2346.404999,3131.163579,827.864,1441.382
2023-08-20 18:00:00,2705.242333,4157.9310000000005,2406.995167,3110.458083,851.3520000000001,1520.124
2023-08-20 19:00:00,2738.229333,4164.16,2492.728833,3179.154187,850.971,1479.298
2023-08-20 20:00:00,2769.1980000000003,3905.191,2377.1515,3201.4465250000003,846.6669999999999,1471.9679999999998
2023-08-20 21:00:00,2725.2279999999996,3607.871,2250.757334,3137.693719,850.076,1459.8629999999998
2023-08-20 22:00:00,2481.885,3277.966,1990.6626669999998,2875.1633979999997,762.225,1355.459
2023-08-20 23:00:00,2155.387333,2731.185,1708.681501,2405.302198,659.527,1150.696
2023-08-21 00:00:00,1804.9089999999999,2210.367,1350.380167,2069.753531,533.740666,949.03
2023-08-21 01:00:00,1569.3280020000002,1858.622,1113.337834,1775.0071309999998,451.48999999999995,826.646
2023-08-21 02:00:00,1390.579667,1638.21,971.511166,1607.6000210000002,396.433,752.604
2023-08-21 03:00:00,1269.326999,1501.3739999999998,885.366167,1447.281919,362.061333,671.1043340000001
2023-08-21 04:00:00,1194.5849990000002,1433.563,839.555334,1366.2850160000003,347.847,620.846
2023-08-21 05:00:00,1164.5263329999998,1384.8080000000002,825.7615,1341.030821,323.487,617.9386670000001
2023-08-21 06:00:00,1213.844,1434.627,876.9538339999999,1385.1335640000002,314.668334,632.1206669999999
2023-08-21 07:00:00,1250.391999,1541.299,969.225499,1450.964266,358.553,674.7033329999999
2023-08-21 08:00:00,1322.957002,1692.866,1071.5259999999998,1577.243531,407.431001,698.911333
2023-08-21 09:00:00,1371.468333,1746.75,1144.6240010000001,1690.768768,407.23733400000003,786.25
2023-08-21 10:00:00,1468.1766659999998,1805.26,1215.666334,1728.383599,459.441667,792.066
2023-08-21 11:00:00,1543.528999,1860.968,1249.984834,1811.5680630000002,468.978,842.573667
2023-08-21 12:00:00,1662.884332,1935.995,1233.3855,1927.8339999999998,457.563,884.758666
2023-08-21 13:00:00,1707.313334,2078.5649999999996,1345.203333,2047.2880320000002,495.769,935.8130000000001
2023-08-21 14:00:00,1860.2359999999999,2193.121,1435.9869999999999,2174.2701979999997,543.7040000000001,986.469
2023-08-21 15:00:00,2015.641,2503.4040000000005,1531.728667,2363.555635,560.924,1079.5259999999998
2023-08-21 16:00:00,2144.894,2826.458,1752.3783329999999,2559.1608969999997,622.315,1200.243333
2023-08-21 17:00:00,2352.5969999999998,3284.397,1967.221,2757.882999,684.85,1273.472667
2023-08-21 18:00:00,2516.056,3533.9710000000005,2122.7144989999997,2936.982062,746.653,1349.525
2023-08-21 19:00:00,2503.901,3611.371,2157.4610000000002,2950.473198,761.415,1402.799
2023-08-21 20:00:00,2415.104667,3399.7839999999997,2025.9723339999998,2884.5569640000003,751.886,1360.904
2023-08-21 21:00:00,2413.406999,3091.439,1862.990334,2762.8685,715.526333,1248.862
2023-08-21 22:00:00,2220.6453330000004,2732.3540000000003,1700.599001,2477.912861,659.405667,1103.105
2023-08-21 23:00:00,1950.274,2284.4799999999996,1451.8128339999998,2141.121298,541.684,979.417667
2023-08-22 00:00:00,1645.076,1879.6119999999999,1184.7781670000002,1861.0569010000002,453.28999999999996,857.512
2023-08-22 01:00:00,1398.8429999999998,1607.075,1005.348833,1582.349664,382.130333,719.2579999999999
2023-08-22 02:00:00,1239.576,1428.239,886.6021660000001,1415.746565,331.149667,662.669333
2023-08-22 03:00:00,1129.920334,1333.348,805.7346689999999,1316.9184,311.784,611.624335
2023-08-22 04:00:00,1107.3339999999998,1267.881,795.5038340000001,1275.415099,299.01099999999997,599.8613330000001
2023-08-22 05:00:00,1106.037333,1270.384,801.581001,1275.8639320000002,297.1,595.16
2023-08-22 06:00:00,1168.124,1302.643,867.4340020000001,1324.609668,306.245333,608.534
2023-08-22 07:00:00,1222.239,1441.9989999999998,985.862501,1430.433465,357.746,642.187
2023-08-22 08:00:00,1308.6709999999998,1659.1820000000002,1050.2051660000002,1564.0641959999998,392.41999999999996,676.839333
2023-08-22 09:00:00,1422.354,1718.598,1133.9965000000002,1613.655664,402.92100000000005,690.7210009999999
2023-08-22 10:00:00,1531.8249999999998,1754.5330000000001,1193.458167,1679.443532,435.27200000000005,746.135
2023-08-22 11:00:00,1529.773,1815.979,1212.181999,1743.774601,457.217,788.6156659999999
2023-08-22 12:00:00,1614.8120000000001,1919.633,1246.0025,1857.966433,462.649,882.856999
2023-08-22 13:00:00,1704.634,2090.652,1327.140166,1954.4195639999998,471.682,887.118334
2023-08-22 14:00:00,1782.599,2184.048,1340.737,2036.045528,498.46900000000005,934.1936660000001
2023-08-22 15:00:00,1892.7939999999999,2328.401,1345.287668,2099.5220019999997,521.628,1004.410999
2023-08-22 16:00:00,1928.6000000000001,2499.572,1482.917999,2225.6462659999997,565.992,1019.153
2023-08-22 17:00:00,2056.112,2732.35,1581.8393340000002,2348.7776320000003,587.4350000000001,1091.606
2023-08-22 18:00:00,2154.309,2870.679,1697.0225,2484.401197,631.169,1164.8873330000001
2023-08-22 19:00:00,2194.867,2952.909,1731.605167,2578.018234,650.769,1163.449667
2023-08-22 20:00:00,2188.058667,2822.169,1669.352667,2540.023566,687.039,1131.2706669999998
2023-08-22 21:00:00,2227.101334,2662.071,1671.3895,2497.406364,692.906,1114.779333
2023-08-22 22:00:00,2060.971667,2518.385,1584.497499,2234.311196,621.261,1071.405001
2023-08-22 23:00:00,1840.6660000000002,2189.029,1329.7098339999998,1996.315501,520.389,909.403667
2023-08-23 00:00:00,1546.295,1812.32,1101.616834,1745.264966,406.509,788.0323330000001
2023-08-23 01:00:00,1314.142,1559.208,930.560334,1552.3712329999998,357.497667,659.7280000000001
2023-08-23 02:00:00,1183.1329999999998,1423.6940000000002,845.313167,1379.0251629999998,318.382333,599.099999
2023-08-23 03:00:00,1106.744,1329.016,776.524501,1285.164048,292.719333,559.9606670000001
2023-08-23 04:00:00,1054.3950009999999,1277.4540000000002,748.931832,1216.3049460000002,281.034333,529.2033329999999
2023-08-23 05:00:00,1053.519999,1274.3290000000002,796.412834,1226.255666,307.983,548.182667
2023-08-23 06:00:00,1110.8360000000002,1344.913,828.179834,1287.845832,307.697333,586.0583330000001
2023-08-23 07:00:00,1187.2140020000002,1451.128,956.5983360000001,1389.1883289999998,346.055333,628.466332
2023-08-23 08:00:00,1271.331666,1600.4669999999999,1024.7640000000001,1517.2995930000002,378.329667,666.617667
2023-08-23 09:00:00,1378.435666,1665.5349999999999,1085.728501,1586.434997,382.54600000000005,688.0509999999999
2023-08-23 10:00:00,1478.9299999999998,1711.963333,1154.7105,1724.9667969999998,433.53499999999997,753.364333
2023-08-23 11:00:00,1517.821,1774.934333,1156.403833,1783.302835,445.25100000000003,781.915333
2023-08-23 12:00:00,1582.394,1860.713333,1229.997332,1891.1019310000001,444.408,877.9749999999999
2023-08-23 13:00:00,1713.5386669999998,1961.7286669999999,1312.7196669999998,1986.568562,469.086,922.605
2023-08-23 14:00:00,1788.571,2132.376,1397.377,2035.8330310000001,489.83500000000004,961.3969999999999
2023-08-23 15:00:00,1906.938333,2385.3289999999997,1540.019,2180.1007670000004,537.0899999999999,1021.2560000000001
2023-08-23 16:00:00,2110.613,2675.761,1649.9830000000002,2342.30203,588.4369999999999,1083.263
2023-08-23 17:00:00,2232.6409999999996,2925.12,1812.438167,2475.406467,637.5160000000001,1192.471
2023-08-23 18:00:00,2331.387668,3220.712,1960.7056659999998,2577.038917,700.81,1241.007
2023-08-23 19:00:00,2279.275667,3242.7430000000004,1954.221666,2601.4001780000003,735.641,1243.039
2023-08-23 20:00:00,2251.9030000000002,3081.2576660000004,1853.967166,2619.618962,710.011,1218.491
2023-08-23 21:00:00,2258.6800000000003,2976.2043329999997,1739.645833,2620.0234689999997,663.99,1188.1080000000002
2023-08-23 22:00:00,2152.5139999999997,2640.342,1645.148667,2403.4583660000003,644.3520000000001,1080.549
2023-08-23 23:00:00,1868.062,2286.411,1419.4593329999998,2101.263231,549.777,960.285334
2023-08-24 00:00:00,1564.094,1905.7060000000001,1179.1758340000001,1779.9940689999999,464.531,815.001
2023-08-24 01:00:00,1356.6986659999998,1588.440333,1018.7433329999999,1513.041463,389.489667,699.425334
2023-08-24 02:00:00,1231.381,1409.6599999999999,886.945667,1385.23463,343.041667,626.150666
2023-08-24 03:00:00,1136.723,1343.9363329999999,839.3875009999999,1290.710164,305.303667,581.48
2023-08-24 04:00:00,1054.121,1301.9936670000002,799.601166,1243.501299,287.351667,567.488333
2023-08-24 05:00:00,1080.669334,1290.967,808.9185,1242.739965,287.63866700000005,557.214333
2023-08-24 06:00:00,1119.221666,1371.340667,871.978667,1298.2936300000001,300.46299999999997,591.499333
2023-08-24 07:00:00,1230.9639989999998,1474.8380000000002,996.383167,1427.72993,338.073,660.6963330000001
2023-08-24 08:00:00,1336.305,1645.076,1078.049666,1602.866595,393.892,687.069333
2023-08-24 09:00:00,1380.4769999999999,1702.868333,1128.275501,1622.515571,390.77099999999996,703.741667
2023-08-24 10:00:00,1473.315666,1767.1113329999998,1155.783167,1712.426465,404.521,736.9956669999999
2023-08-24 11:00:00,1523.92,1781.97,1186.729501,1797.322964,445.586,845.3916670000001
2023-08-24 12:00:00,1682.178333,1918.712,1249.4814999999999,1872.413861,445.804,909.6030000000001
2023-08-24 13:00:00,1743.814,2133.6413330000005,1335.4545,2051.636599,481.2579999999999,930.579
2023-08-24 14:00:00,1952.432,2480.4120000000003,1529.904,2301.377233,536.992,988.8249999999999
2023-08-24 15:00:00,2124.8106669999997,2997.196,1876.8455,2545.889299,631.7080000000001,1160.106
2023-08-24 16:00:00,2438.208,3599.195334,2183.553,2887.347801,776.3979999999999,1316.585
2023-08-24 17:00:00,2674.161,4112.244,2504.566,3177.9337299999997,860.893,1388.5696670000002
2023-08-24 18:00:00,2855.526,4487.566,2718.571,3388.914928,928.203,1516.752
2023-08-24 19:00:00,2927.7259999999997,4539.117,2749.676,3397.5448659999997,961.594,1546.594
2023-08-24 20:00:00,2899.995,4324.521000000001,2609.049,3359.006972,940.3389999999999,1532.603
2023-08-24 21:00:00,2823.2129999999997,4080.567,2472.451667,3290.3282980000004,910.625,1478.7509999999997
2023-08-24 22:00:00,2626.944,3751.384,2214.0686670000005,3050.833799,860.6490000000001,1398.843
2023-08-24 23:00:00,2318.0950000000003,3228.847,1962.148,2793.7588320000004,740.967,1263.318
2023-08-25 00:00:00,2088.284,2747.822,1703.052,2440.838867,661.36,1109.317
2023-08-25 01:00:00,1796.265,2407.612,1458.8276669999998,2159.122884,564.611,968.767
2023-08-25 02:00:00,1631.266,2140.51,1317.7788339999997,1943.193415,493.712,886.082
2023-08-25 03:00:00,1514.794,1960.3363330000002,1196.428333,1767.258798,442.39300000000003,821.932
2023-08-25 04:00:00,1416.072334,1829.379,1108.605501,1666.402599,416.147,750.721
2023-08-25 05:00:00,1390.308,1711.227667,1055.358,1611.601099,413.98199999999997,752.986668
2023-08-25 06:00:00,1404.986,1690.3046669999999,1084.3710019999999,1659.756461,406.628667,735.327667
2023-08-25 07:00:00,1482.738,1785.119667,1155.159001,1704.5936339999998,430.499,767.6329989999999
2023-08-25 08:00:00,1535.976,1911.788,1237.073833,1842.978227,458.374,822.54
2023-08-25 09:00:00,1734.4479999999999,2120.217,1396.3668340000002,2009.3195970000002,501.36899999999997,944.794333
2023-08-25 10:00:00,1907.1999999999998,2430.633,1608.808834,2227.1732309999998,557.075,1004.4696670000001
2023-08-25 11:00:00,2088.682,2752.12,1783.550833,2489.137361,634.768,1115.884667
2023-08-25 12:00:00,2374.237,3284.986,2104.130835,2760.914733,694.954,1285.6019999999999
2023-08-25 13:00:00,2626.401667,3884.6310000000003,2390.407,3052.51103,775.008,1439.556
2023-08-25 14:00:00,2874.1800000000003,4387.062,2759.483,3303.9966619999996,882.202,1556.7703330000002
2023-08-25 15:00:00,3002.1009999999997,4834.276333,2975.5083329999998,3562.373297,975.691,1685.68
2023-08-25 16:00:00,3187.317,5139.266,3149.5150009999998,3769.8499359999996,1025.1460000000002,1751.231
2023-08-25 17:00:00,3344.9519999999998,5403.732,3347.1758339999997,3987.547098,1074.8159999999998,1845.92
2023-08-25 18:00:00,3430.218,5589.716,3412.714333,4105.3318,1129.6399999999999,1879.647
2023-08-25 19:00:00,3296.9849999999997,5442.031000000001,3350.612001,4049.3105950000004,1133.392,1830.0669999999998
2023-08-25 20:00:00,3259.808,5087.628000000001,3132.981331,3974.508197,1110.148,1782.769
2023-08-25 21:00:00,3128.732,4763.223,2927.361001,3821.5232270000006,1037.7669999999998,1692.4370000000001
2023-08-25 22:00:00,2911.616,4250.566,2622.9473340000004,3542.7062619999997,931.681,1629.1390000000001
2023-08-25 23:00:00,2625.326667,3639.657,2232.8613320000004,3098.7289360000004,796.001,1426.242
2023-08-26 00:00:00,2271.896334,3046.464,1854.5483330000002,2703.6308,703.0049999999999,1229.586
2023-08-26 01:00:00,1985.1673340000002,2554.321,1546.336999,2329.55,593.4100000000001,1057.973999
2023-08-26 02:00:00,1750.149,2178.452,1339.681001,2039.259899,517.8309999999999,953.948668
2023-08-26 03:00:00,1593.6963339999998,1902.365,1177.6425009999998,1840.161361,465.31499999999994,872.116
2023-08-26 04:00:00,1451.688333,1689.947,1060.7285,1703.4662019999998,429.384,794.052
2023-08-26 05:00:00,1381.311332,1570.516,1004.863333,1612.3153320000001,411.356,747.170667
2023-08-26 06:00:00,1343.6633339999998,1527.686,1006.9728339999999,1562.051696,403.619,738.9663340000001
2023-08-26 07:00:00,1406.066001,1597.679,1075.1200000000001,1608.278797,429.63599999999997,761.196
2023-08-26 08:00:00,1477.105667,1776.676,1221.7181659999999,1773.3585979999998,460.505,799.722
2023-08-26 09:00:00,1710.103334,2089.487,1337.656667,2017.924163,500.586,930.46
2023-08-26 10:00:00,1916.7060000000001,2317.6949999999997,1528.714334,2208.4250599999996,578.063,1031.652
2023-08-26 11:00:00,2049.286334,2579.1989999999996,1732.085501,2442.932927,647.9300000000001,1104.5339999999999
2023-08-26 12:00:00,2299.287666,3020.589,1942.0493350000002,2759.5644310000002,714.426,1230.2530000000002
2023-08-26 13:00:00,2516.6003330000003,3516.473,2220.477167,2997.8604000000005,781.88,1363.699
2023-08-26 14:00:00,2719.331333,4090.2309999999998,2486.743665,3306.5271329999996,869.2160000000001,1482.225
2023-08-26 15:00:00,2895.034,4550.8279999999995,2770.884667,3609.949798,962.2919999999999,1635.0010000000002
2023-08-26 16:00:00,3198.39,4969.727,3039.6290010000002,3823.831634,1023.5360000000001,1768.058
2023-08-26 17:00:00,3344.327333,5264.986000000001,3261.335668,3986.1642,1077.7240000000002,1842.996
2023-08-26 18:00:00,3392.761,5405.83,3423.668001,4073.3280640000003,1104.826,1845.25
2023-08-26 19:00:00,3326.492,5308.003000000001,3377.4621669999997,4006.8561340000006,1122.881,1822.507
2023-08-26 20:00:00,3277.274,5062.021000000001,3168.713167,3929.278533,1080.794,1775.095
2023-08-26 21:00:00,3170.447,4724.290999999999,2963.320167,3765.516967,1054.685,1704.975
2023-08-26 22:00:00,2924.6090000000004,4184.852999999999,2578.1004999999996,3524.7004990000005,963.636,1591.907
2023-08-26 23:00:00,2660.6163340000003,3695.2290000000003,2259.017167,3104.6640989999996,852.097,1398.3509999999999
2023-08-27 00:00:00,2310.4910019999998,3097.668,1902.069166,2747.609869,738.52,1251.876
2023-08-27 01:00:00,2000.598667,2574.478,1596.791502,2334.167801,615.5830000000001,1111.837666
2023-08-27 02:00:00,1768.320666,2200.267,1412.3311669999998,2092.358197,531.624,994.5043339999999
2023-08-27 03:00:00,1614.942001,1922.612,1232.2100019999998,1913.418663,470.745,887.152
2023-08-27 04:00:00,1484.1763329999999,1710.183,1127.3821659999999,1765.212164,426.871,812.9680000000001
2023-08-27 05:00:00,1424.0916660000003,1612.434,1022.8693320000001,1639.541866,399.538,764.0820000000001
2023-08-27 06:00:00,1376.170999,1576.995,1025.424333,1590.191467,385.61199999999997,761.405
2023-08-27 07:00:00,1347.175667,1628.4160000000002,1049.329835,1630.7200350000003,402.704,761.896
2023-08-27 08:00:00,1445.7069999999999,1757.269,1186.3883340000002,1796.225164,459.92999999999995,795.789
2023-08-27 09:00:00,1708.320667,2054.6769999999997,1384.348834,2031.061294,510.07399999999996,907.779333
2023-08-27 10:00:00,1919.251667,2320.718,1539.7103339999999,2229.405966,546.792333,1041.205667
2023-08-27 11:00:00,2167.0516669999997,2541.1859999999997,1697.021,2434.9668979999997,604.722667,1149.9520000000002
2023-08-27 12:00:00,2328.342666,2872.215,1939.6665,2748.22943,702.0419999999999,1276.5059999999999
2023-08-27 13:00:00,2488.598,3276.321,2195.5775000000003,2977.9444030000004,762.1840000000001,1376.6420000000003
2023-08-27 14:00:00,2730.526667,3827.361,2461.4856659999996,3186.633962,826.76,1492.9589999999998
2023-08-27 15:00:00,2934.84,4298.348,2662.846998,3381.810431,917.352,1557.382
2023-08-27 16:00:00,3033.2166669999997,4670.035,2854.571834,3662.216099,978.024,1667.1239999999998
2023-08-27 17:00:00,3170.938667,5065.723,3126.371,3834.991733,1028.539,1785.897
2023-08-27 18:00:00,3194.9053329999997,5233.954,3189.755333,3912.8485659999997,1055.0900000000001,1810.3090000000002
2023-08-27 19:00:00,3119.451,5020.819,3151.0043330000003,3878.2936929999996,1050.238,1777.5099999999998
2023-08-27 20:00:00,3032.122999,4725.169,2874.467333,3843.728818,994.1569999999999,1732.9360000000001
2023-08-27 21:00:00,3056.464,4351.472,2625.282834,3669.7505819999997,950.443,1657.558
2023-08-27 22:00:00,2719.0789999999997,3778.8869999999997,2372.056333,3250.1922299999997,813.137,1495.2023330000002
2023-08-27 23:00:00,2350.084001,3081.6490000000003,1926.436833,2739.801362,728.327,1266.3946680000001
2023-08-28 00:00:00,2035.070334,2489.4950000000003,1553.027167,2321.814265,610.58,1081.96
2023-08-28 01:00:00,1687.552667,2064.42,1267.7034989999997,1954.175948,521.133,913.643333
2023-08-28 02:00:00,1500.021334,1750.659,1102.320334,1749.175127,446.348,837.9680000000001
2023-08-28 03:00:00,1388.3690020000001,1635.4569999999999,1006.984833,1615.536,391.772,738.070333
2023-08-28 04:00:00,1317.4360000000001,1563.46,943.106667,1524.862862,376.962,714.574
2023-08-28 05:00:00,1281.7243330000001,1546.975,966.297,1556.578829,379.05899999999997,722.212667
2023-08-28 06:00:00,1326.3130019999999,1586.803,1007.331333,1621.315896,365.55099999999993,717.9459989999999
2023-08-28 07:00:00,1377.1526669999998,1684.2649999999999,1064.387334,1681.0107349999998,398.42499999999995,768.675667
2023-08-28 08:00:00,1459.3486670000002,1782.840667,1173.1706669999999,1767.4656300000001,440.53999999999996,801.1013330000001
2023-08-28 09:00:00,1507.842667,1846.938,1204.523667,1797.3981050000002,449.80100000000004,826.816
2023-08-28 10:00:00,1584.4830000000002,1886.411,1219.726667,1854.560698,455.365,805.914667
2023-08-28 11:00:00,1668.2920009999998,1924.37,1284.5430000000001,1942.1504989999999,450.014,878.154334
2023-08-28 12:00:00,1730.440666,2019.4250000000002,1346.7885,1980.2947659999998,486.221,905.7040000000001
2023-08-28 13:00:00,1779.0696659999999,2033.109,1352.662334,1956.7304589999999,465.11,917.3123330000001
2023-08-28 14:00:00,1812.328334,2036.133,1356.540333,1969.280033,481.211,900.093333
2023-08-28 15:00:00,1807.667999,2043.788,1339.5029989999998,1998.6992930000001,473.946,873.7829999999999
2023-08-28 16:00:00,1768.292334,2070.693,1363.866,2112.7401640000003,470.321,937.98
2023-08-28 17:00:00,1909.728,2275.219,1433.409334,2174.929068,531.0830000000001,994.296333
2023-08-28 18:00:00,2069.755332,2487.775,1560.5995,2295.730196,570.2149999999999,1083.345
2023-08-28 19:00:00,2077.448332,2562.2709999999997,1644.5,2384.72503,609.7529999999999,1094.156
2023-08-28 20:00:00,2120.824334,2559.218,1588.1764999999998,2382.690128,604.143,1107.063
2023-08-28 21:00:00,2062.090333,2496.171,1528.3115,2355.8974319999998,624.043,1061.494
2023-08-28 22:00:00,1947.365001,2252.065,1451.525833,2188.999596,575.656,1005.487
2023-08-28 23:00:00,1713.404999,1974.722,1294.001666,1926.799699,455.409,935.991
2023-08-29 00:00:00,1470.435334,1698.5520000000001,1114.5073340000001,1671.864529,421.18499999999995,793.8760000000001
2023-08-29 01:00:00,1307.967667,1485.498333,965.0464999999999,1458.64596,362.125,690.898334
2023-08-29 02:00:00,1158.738333,1356.8650000000002,883.043001,1350.302099,321.828,600.848
2023-08-29 03:00:00,1092.3960000000002,1306.387667,825.5870010000001,1277.817595,307.32899999999995,568.691667
2023-08-29 04:00:00,1065.1689999999999,1244.402667,809.8085,1246.482035,297.98,535.853666
2023-08-29 05:00:00,1082.953666,1285.077,816.511166,1275.5248279999998,303.181,557.233667
2023-08-29 06:00:00,1134.677667,1353.217667,891.6559990000001,1349.0368640000002,328.77,592.126667
2023-08-29 07:00:00,1200.1966670000002,1504.827,977.362499,1457.5976289999999,367.786,659.616
2023-08-29 08:00:00,1274.4953340000002,1624.837333,1073.056,1567.3903289999998,394.129,687.535
2023-08-29 09:00:00,1362.1889999999999,1681.079667,1127.209333,1625.523234,380.631,708.649334
2023-08-29 10:00:00,1456.9550000000002,1745.196,1141.946001,1675.594807,395.087,736.501333
2023-08-29 11:00:00,1482.288,1833.009333,1184.386333,1711.211274,411.75100000000003,747.644
2023-08-29 12:00:00,1569.1370000000002,1841.642,1228.395333,1801.339945,412.129,813.442333
2023-08-29 13:00:00,1630.366,1906.758,1233.1836669999998,1866.668318,423.29100000000005,855.373
2023-08-29 14:00:00,1633.355333,1908.155,1273.983499,1866.663051,428.07,883.6220000000001
2023-08-29 15:00:00,1690.747667,1905.013,1256.471667,1857.148156,458.669,893.68
2023-08-29 16:00:00,1735.2060000000001,2059.374,1332.2743329999998,1922.90346,466.558,898.925333
2023-08-29 17:00:00,1841.2329999999997,2255.4170000000004,1437.873501,2085.868431,499.908,953.353334
2023-08-29 18:00:00,2009.46,2496.845,1589.918502,2246.152463,539.8249999999999,1065.179333
2023-08-29 19:00:00,2071.352,2545.746,1574.860835,2315.7315949999997,594.415,1094.098333
2023-08-29 20:00:00,2069.4083330000003,2512.457,1546.1793320000002,2384.464134,586.009,1076.497667
2023-08-29 21:00:00,2083.749,2485.0860000000002,1542.3529990000002,2370.700702,603.1969999999999,1090.864
2023-08-29 22:00:00,1904.245333,2278.267,1461.901667,2214.759289,560.307,967.422
2023-08-29 23:00:00,1697.366333,2032.801,1335.1963329999999,1886.500102,496.53000000000003,917.556001
2023-08-30 00:00:00,1468.066,1732.151,1100.533,1667.024562,419.403,769.6833330000001
2023-08-30 01:00:00,1283.029333,1469.4070000000002,946.338335,1493.536628,349.80400000000003,649.011
2023-08-30 02:00:00,1162.637667,1346.9540000000002,853.8093329999999,1338.1236629999999,321.456,613.898
2023-08-30 03:00:00,1082.791667,1303.749,804.160834,1282.666564,297.707,572.693667
2023-08-30 04:00:00,1028.681667,1274.223,779.254,1250.098531,281.44,546.336
2023-08-30 05:00:00,1054.214333,1300.075,786.6976659999999,1265.111669,298.53700000000003,562.616
2023-08-30 06:00:00,1113.943667,1368.9520000000002,863.58,1347.729398,303.16200000000003,566.1193330000001
2023-08-30 07:00:00,1222.0299999999997,1509.049,952.4926659999999,1434.821167,349.172,648.417333
2023-08-30 08:00:00,1288.2946670000001,1652.116,1062.514999,1595.199763,380.198,664.483
2023-08-30 09:00:00,1348.7800000000002,1680.889,1096.228499,1601.4204289999998,390.241,704.6159990000001
2023-08-30 10:00:00,1426.41,1740.921,1110.8871669999999,1654.5169329999999,429.203,736.305667
2023-08-30 11:00:00,1484.105,1832.103,1123.656333,1758.7308320000002,444.159,788.0390010000001
2023-08-30 12:00:00,1554.2440000000001,1866.84,1215.327999,1843.133128,447.83799999999997,877.242
2023-08-30 13:00:00,1629.745,1993.1133329999998,1257.489,1965.3273720000002,474.34499999999997,928.8
2023-08-30 14:00:00,1724.2813330000001,2127.669,1322.0161670000002,1985.66253,486.597,920.8209999999999
2023-08-30 15:00:00,1769.755666,2242.526667,1397.766,2028.445897,477.853,933.700667
2023-08-30 16:00:00,1822.2613339999998,2429.8476670000005,1513.0290009999999,2123.3646350000004,535.888,972.098333
2023-08-30 17:00:00,2014.752,2671.5736669999997,1621.295,2306.006832,572.1120000000001,1054.244
2023-08-30 18:00:00,2061.0856670000003,2876.2583329999998,1668.9025,2404.3302320000003,616.037,1082.2549999999999
2023-08-30 19:00:00,2135.5636670000004,2901.612333,1719.0700000000002,2540.334628,655.4200000000001,1120.181
2023-08-30 20:00:00,2165.1016660000005,2843.6886670000004,1693.933833,2500.648531,623.044,1108.6090000000002
2023-08-30 21:00:00,2193.942333,2707.264,1701.875666,2510.761305,633.597,1156.955
2023-08-30 22:00:00,2033.2443340000002,2474.4629999999997,1588.288168,2358.12313,597.659,1029.405
2023-08-30 23:00:00,1793.918333,2165.392,1386.2051669999998,2019.535264,510.117,908.633
2023-08-31 00:00:00,1532.21,1826.027,1177.4865009999999,1713.221199,442.538,804.027333
2023-08-31 01:00:00,1337.225667,1581.065,986.372834,1526.291031,386.715,698.2536660000001
2023-08-31 02:00:00,1200.761,1433.7179999999998,864.6728350000001,1378.9393329999998,347.08399999999995,620.951333
2023-08-31 03:00:00,1135.140334,1337.962333,816.188668,1278.308129,314.90500000000003,556.684667
2023-08-31 04:00:00,1081.826,1271.221334,797.468333,1252.391564,291.883,534.683
2023-08-31 05:00:00,1083.67,1279.720667,812.1271670000001,1274.3856,296.72,546.13
2023-08-31 06:00:00,1147.251,1350.007,867.294666,1332.413364,322.521,580.867
2023-08-31 07:00:00,1210.447,1523.900333,979.6845000000001,1405.117327,347.874,633.108
2023-08-31 08:00:00,1282.578333,1661.5970000000002,1045.3310000000001,1551.463861,377.18,670.319
2023-08-31 09:00:00,1349.0736670000001,1685.452,1142.5656669999998,1620.465232,384.203,687.837
2023-08-31 10:00:00,1476.869,1770.3439999999998,1143.294667,1679.6269980000002,412.823,732.4830000000001
2023-08-31 11:00:00,1488.2856660000002,1779.895,1174.0111689999999,1736.819528,421.532,749.999
2023-08-31 12:00:00,1546.514333,1821.0639999999999,1247.650333,1776.409267,423.22900000000004,772.4770000000001
2023-08-31 13:00:00,1664.915,1856.52,1196.316,1808.378464,446.59000000000003,821.5909999999999
2023-08-31 14:00:00,1647.545333,1826.788,1205.256333,1750.951136,430.147,819.301667
2023-08-31 15:00:00,1602.456667,1802.744667,1172.924667,1766.1178609999997,409.832,823.4680000000001
2023-08-31 16:00:00,1685.614667,1844.99,1162.764666,1819.333068,447.641,860.6859999999999
2023-08-31 17:00:00,1764.006666,1961.78,1275.8236659999998,1940.1089619999998,471.347,920.837
2023-08-31 18:00:00,1868.897333,2173.849,1364.727667,2057.587236,512.105,992.5730000000001
2023-08-31 19:00:00,1890.041334,2313.5060000000003,1448.298999,2152.8258,544.28,1008.984
2023-08-31 20:00:00,1868.951667,2263.545,1428.3783359999998,2211.393438,558.376,968.586
2023-08-31 21:00:00,1882.5739990000002,2244.767,1428.825332,2193.645801,568.618,961.481
2023-08-31 22:00:00,1836.5823329999998,2126.15,1348.5530019999999,2059.8665659999997,508.689,915.1410000000001
2023-08-31 23:00:00,1595.239334,1807.2469999999998,1171.9238329999998,1841.765067,436.264,812.708
2023-09-01 00:00:00,1397.605666,1621.257,1018.2231670000001,1631.444036,377.431,725.134
2023-09-01 01:00:00,1225.146001,1440.701666,926.456336,1426.06945,326.606,627.3810000000001
2023-09-01 02:00:00,1119.062001,1310.695999,827.031832,1295.896709,304.769,558.781
2023-09-01 03:00:00,1043.0046670000002,1227.553667,783.513833,1207.324768,296.42499999999995,561.796
2023-09-01 04:00:00,1017.332333,1201.5929999999998,778.982333,1190.1794020000002,294.095,525.355
2023-09-01 05:00:00,1042.4279999999999,1219.743,773.853,1227.035531,285.789,518.0930000000001
2023-09-01 06:00:00,1087.686666,1284.2759999999998,849.8508340000001,1320.5937330000002,307.409,554.4100000000001
2023-09-01 07:00:00,1170.259667,1416.667,931.8771670000001,1391.363462,349.619,642.125
2023-09-01 08:00:00,1305.335666,1620.318,1041.2365,1527.4577949999998,403.11,692.076
2023-09-01 09:00:00,1411.440667,1709.489,1137.7321670000001,1574.6986,382.899,712.0439999999999
2023-09-01 10:00:00,1462.118667,1803.939,1143.9545010000002,1680.761299,389.601,767.1590000000001
2023-09-01 11:00:00,1584.3313329999999,1829.801,1156.420667,1783.411267,449.268,815.908
2023-09-01 12:00:00,1592.5410000000002,1951.854,1287.315334,1934.0805,451.88399999999996,938.844
2023-09-01 13:00:00,1722.757,2174.076,1373.518,2000.305263,486.593,949.252
2023-09-01 14:00:00,1798.3799999999999,2295.277,1494.651334,2104.161798,503.702,994.1600000000001
2023-09-01 15:00:00,1900.366,2551.365,1566.985667,2290.930834,574.4079999999999,1037.575
2023-09-01 16:00:00,2014.2889999999998,2785.0690000000004,1696.378333,2458.3353979999997,608.678,1117.363
2023-09-01 17:00:00,2207.374,3050.441,1867.237334,2610.008863,666.635,1198.628
2023-09-01 18:00:00,2251.918,3309.079,2035.673501,2655.972036,726.3860000000001,1198.948
2023-09-01 19:00:00,2250.273334,3299.928,1978.6828329999998,2681.217566,730.6510000000001,1215.3090000000002
2023-09-01 20:00:00,2273.0833329999996,3113.569,1837.604333,2602.6517349999995,699.7650000000001,1223.011
2023-09-01 21:00:00,2211.812667,2992.334,1785.832665,2565.4259629999997,674.675,1121.79
2023-09-01 22:00:00,2120.386,2667.401,1605.898333,2409.886337,646.22,1037.1599999999999
2023-09-01 23:00:00,1930.5336670000002,2368.804,1461.990667,2145.8915700000002,545.189,922.956
2023-09-02 00:00:00,1647.539334,2056.158,1280.495166,1928.695767,482.40200000000004,851.919333
2023-09-02 01:00:00,1399.061667,1774.96,1092.155999,1655.624832,390.606,744.584666
2023-09-02 02:00:00,1233.106667,1511.759,980.878168,1496.018497,344.581,644.6963329999999
2023-09-02 03:00:00,1162.633334,1399.6860000000001,906.3810000000001,1349.403033,315.78499999999997,610.7719999999999
2023-09-02 04:00:00,1097.6940000000002,1303.2240000000002,804.319,1281.193933,301.56800000000004,556.803
2023-09-02 05:00:00,1068.160332,1257.947,791.390333,1255.945332,286.52,549.805333
2023-09-02 06:00:00,1067.501,1271.363,829.9979999999999,1269.927635,293.879,543.256
2023-09-02 07:00:00,1101.2110000000002,1365.77,883.142333,1392.084366,322.712,607.8620000000001
2023-09-02 08:00:00,1259.345333,1542.1470000000002,1027.2575,1583.131297,372.00699999999995,678.952
2023-09-02 09:00:00,1486.662333,1800.271,1159.084333,1724.850998,407.19,782.281
2023-09-02 10:00:00,1660.204,1946.587,1304.977666,1860.552829,470.69899999999996,869.839
2023-09-02 11:00:00,1773.816,2079.55,1382.096334,2065.751332,520.894,939.691667
2023-09-02 12:00:00,1974.075,2342.315,1507.186333,2226.622864,537.236,1064.343001
2023-09-02 13:00:00,2150.718667,2699.684,1689.579,2497.631734,587.596,1163.430333
2023-09-02 14:00:00,2365.7076669999997,3227.053,1966.158001,2725.581899,679.105,1258.063333
2023-09-02 15:00:00,2536.768999,3658.0249999999996,2249.484668,2933.333101,732.628,1396.924334
2023-09-02 16:00:00,2708.958334,4105.825,2502.2425000000003,3170.6872620000004,819.143,1496.092666
2023-09-02 17:00:00,2718.306668,4264.481,2555.166,3230.895733,858.905,1557.112334
2023-09-02 18:00:00,2747.539334,4480.055,2688.544333,3320.7145659999996,898.641,1581.694
2023-09-02 19:00:00,2682.8779999999997,4510.433,2622.898,3327.3726340000003,914.818,1600.5286660000002
2023-09-02 20:00:00,2626.744333,4216.975,2379.696833,3199.473393,887.8530000000001,1512.273
2023-09-02 21:00:00,2569.1036670000003,3892.741,2233.7079999999996,3103.971931,841.374,1508.1003329999999
2023-09-02 22:00:00,2405.4423340000003,3435.5699999999997,2048.6803330000002,2782.826801,758.649,1332.1116670000001
2023-09-02 23:00:00,2131.1593329999996,2908.19,1720.500168,2452.582996,666.6869999999999,1167.0626660000003
2023-09-03 00:00:00,1850.686334,2450.75,1486.0373330000002,2166.097832,595.464,1042.5683330000002
2023-09-03 01:00:00,1627.599001,2065.369,1275.4683329999998,1904.377866,521.706,919.469
2023-09-03 02:00:00,1424.475999,1792.528333,1100.953,1671.487529,430.129,820.851
2023-09-03 03:00:00,1290.0246659999998,1559.233,1000.041334,1503.4184970000001,382.738,710.683
2023-09-03 04:00:00,1209.3400000000001,1439.824,885.475166,1409.5500660000002,360.027,645.169
2023-09-03 05:00:00,1159.834667,1384.8016669999997,862.373666,1349.6625290000002,334.53700000000003,633.3879999999999
2023-09-03 06:00:00,1158.128667,1376.956333,856.334167,1334.612795,318.01,620.141
2023-09-03 07:00:00,1162.8326670000001,1431.1229999999998,934.383832,1401.394799,333.73900000000003,635.803
2023-09-03 08:00:00,1308.750667,1580.203,1031.941167,1530.531729,382.42199999999997,691.841
2023-09-03 09:00:00,1518.844,1777.067667,1168.7773339999999,1724.020595,421.78,784.021
2023-09-03 10:00:00,1665.057667,1930.89,1240.535166,1879.567967,455.16200000000003,875.885
2023-09-03 11:00:00,1709.828,2070.482,1329.9965,1989.855465,481.90700000000004,955.7750000000001
2023-09-03 12:00:00,1816.188333,2120.418334,1371.4533339999998,2050.792731,508.259,964.435333
2023-09-03 13:00:00,1845.8760000000002,2221.9570000000003,1435.655,2134.186397,537.107,1051.589333
2023-09-03 14:00:00,1858.951333,2210.770667,1461.2946670000001,2042.6134920000002,510.70899999999995,1009.1756670000001
2023-09-03 15:00:00,1769.4203340000001,2240.954,1396.117999,2097.7388650000003,524.85,982.633
2023-09-03 16:00:00,1758.8996670000001,2311.465333,1402.645667,2118.925065,548.0450000000001,968.565
2023-09-03 17:00:00,1842.544333,2294.155667,1509.087501,2187.416397,531.328,1017.0129999999999
2023-09-03 18:00:00,1926.9389999999999,2414.157,1512.061667,2238.623733,547.38,1048.1566659999999
2023-09-03 19:00:00,1924.373,2434.331333,1501.9193329999998,2300.6954960000003,603.3230000000001,1046.517333
2023-09-03 20:00:00,1970.3433340000001,2411.953,1528.142999,2328.215731,576.672,1064.683333
2023-09-03 21:00:00,1947.065666,2388.3860000000004,1508.494666,2268.1122640000003,581.921,1042.228333
2023-09-03 22:00:00,1799.829667,2302.7123330000004,1410.260998,2074.0901599999997,518.8420000000001,996.9863330000001
2023-09-03 23:00:00,1661.670333,2003.482333,1282.1573329999999,1926.3508299999999,469.50399999999996,880.260667
2023-09-04 00:00:00,1498.8839990000001,1689.5803329999999,1104.499668,1702.190287,396.218,796.625
2023-09-04 01:00:00,1295.8016659999998,1512.9336670000002,983.496666,1498.677162,356.58000000000004,667.934
2023-09-04 02:00:00,1154.8056660000002,1319.7930000000001,895.941999,1344.0354379999999,309.05499999999995,592.395
2023-09-04 03:00:00,1065.289,1229.646667,805.193002,1242.327266,290.14300000000003,554.618
2023-09-04 04:00:00,1018.7239979999999,1208.8540000000003,765.7756669999999,1203.117001,284.4,523.1659999999999
2023-09-04 05:00:00,991.6903319999999,1197.976,758.687334,1187.18567,272.994,504.879
2023-09-04 06:00:00,990.875668,1233.455667,812.471669,1168.109531,265.805,520.6896670000001
2023-09-04 07:00:00,1051.637001,1312.729,854.231001,1257.982268,289.05499999999995,572.700334
2023-09-04 08:00:00,1165.5826670000001,1498.0386669999998,946.981332,1398.898835,328.953,612.234
2023-09-04 09:00:00,1365.7506660000001,1733.6870000000001,1094.1143339999999,1609.259727,389.973,719.213
2023-09-04 10:00:00,1556.082667,1910.752667,1230.817001,1795.051969,444.32,824.4200000000001
2023-09-04 11:00:00,1686.969999,2148.576333,1333.643665,1937.9994700000002,484.195,927.212
2023-09-04 12:00:00,1850.167334,2142.643667,1383.4636679999999,2050.085099,483.29600000000005,946.451
2023-09-04 13:00:00,1868.491666,2238.573,1395.1076670000002,2071.714999,521.1560000000001,995.511
2023-09-04 14:00:00,1898.850333,2207.206,1350.1693329999998,2051.5494,511.299,984.181
2023-09-04 15:00:00,1943.8503340000002,2193.941,1331.6770000000001,2020.851032,507.068,1007.53
2023-09-04 16:00:00,2005.688332,2207.063,1387.929666,2077.754067,514.333,980.634333
2023-09-04 17:00:00,1952.0743360000001,2303.2470000000003,1458.438333,2073.067165,535.023,996.228
2023-09-04 18:00:00,1958.8033320000002,2398.889,1539.594,2207.5073350000002,574.867,1024.34
2023-09-04 19:00:00,1980.2119980000002,2484.5250000000005,1508.488335,2309.405097,609.117,1078.963
2023-09-04 20:00:00,2057.147334,2539.465,1506.0846649999999,2378.7944639999996,611.202,1043.024
2023-09-04 21:00:00,1994.276665,2414.591,1471.129666,2241.045363,554.9449999999999,1058.1570000000002
2023-09-04 22:00:00,1813.3246669999999,2135.9143329999997,1354.6046660000002,2120.385205,522.6790000000001,962.7349999999999
2023-09-04 23:00:00,1584.850335,1844.6409999999998,1198.007001,1864.336726,470.62899999999996,827.571
2023-09-05 00:00:00,1357.425334,1614.7980000000002,1013.2460000000001,1589.9662010000002,383.18899999999996,717.7466669999999
2023-09-05 01:00:00,1199.247667,1379.816,844.453,1398.3333989999999,316.084,624.543667
2023-09-05 02:00:00,1075.053333,1259.716,788.500166,1243.695663,287.96500000000003,555.781
2023-09-05 03:00:00,980.7763339999999,1225.114,741.345667,1158.282033,265.313,522.094333
2023-09-05 04:00:00,943.5630000000001,1161.922,734.318333,1126.536234,257.51300000000003,519.552
2023-09-05 05:00:00,978.816,1190.342,751.1405,1203.214461,264.27,522.1990000000001
2023-09-05 06:00:00,1086.023001,1309.932,843.146,1267.981196,285.501666,559.404667
2023-09-05 07:00:00,1219.532334,1546.19,978.4240000000001,1408.329157,370.38,659.986
2023-09-05 08:00:00,1342.2179999999998,1710.209,1038.6111660000001,1556.581434,400.965,696.659
2023-09-05 09:00:00,1401.2800000000002,1690.6409999999998,1084.536,1539.5279970000001,392.59299999999996,716.957334
2023-09-05 10:00:00,1406.4660000000001,1749.9009999999998,1089.9089999999999,1605.142331,386.409,746.318
2023-09-05 11:00:00,1457.6233339999999,1716.898,1122.5193330000002,1675.676797,406.37,784.229999
2023-09-05 12:00:00,1508.5,1693.15,1144.635167,1693.803429,379.55600000000004,820.951
2023-09-05 13:00:00,1541.0349999999999,1739.6970000000001,1201.7416670000002,1755.66176,404.05899999999997,855.1790000000001
2023-09-05 14:00:00,1569.454667,1737.708,1171.4593329999998,1737.922298,433.405,827.714334
2023-09-05 15:00:00,1581.929001,1788.238,1192.5735009999999,1744.76893,440.21999999999997,848.377333
2023-09-05 16:00:00,1633.7596669999998,1935.152,1253.1403340000002,1924.5243990000001,449.06600000000003,909.829
2023-09-05 17:00:00,1815.067,2156.677,1381.386667,2145.762095,526.077,969.7570000000001
2023-09-05 18:00:00,1970.0149999999999,2468.9629999999997,1506.147335,2216.468332,550.0609999999999,1035.2640000000001
2023-09-05 19:00:00,2017.804,2552.679,1569.457668,2336.0642639999996,566.234,1064.964333
2023-09-05 20:00:00,2038.189,2517.124,1527.528834,2332.22897,591.976,1097.056
2023-09-05 21:00:00,1996.018334,2454.954,1484.0001670000001,2287.3740319999997,581.4549999999999,1069.993
2023-09-05 22:00:00,1849.791667,2186.3999999999996,1373.628668,2112.950663,519.602,984.800667
2023-09-05 23:00:00,1617.126667,1861.420667,1206.822,1868.0220359999998,471.902,850.357
2023-09-06 00:00:00,1370.336667,1577.620333,1009.626833,1604.708128,401.776,711.852
2023-09-06 01:00:00,1178.4249999999997,1353.1180000000002,857.973667,1382.67283,327.847,615.825
2023-09-06 02:00:00,1029.544666,1250.752,778.6904989999999,1232.4241,281.137,548.629
2023-09-06 03:00:00,984.109333,1202.278,727.557501,1136.647783,260.243,493.98799999999994
2023-09-06 04:00:00,969.1959999999999,1178.2730000000001,721.8491680000001,1112.405346,252.521667,471.37
2023-09-06 05:00:00,987.019333,1202.7530000000002,756.2433330000001,1159.244632,279.31266700000003,505.399
2023-09-06 06:00:00,1140.627334,1331.906,845.018,1286.373794,292.976666,547.49
2023-09-06 07:00:00,1308.386334,1568.512,981.886333,1487.608997,364.357667,644.871667
2023-09-06 08:00:00,1359.383666,1757.822,1053.0230000000001,1577.199028,408.833666,678.2270000000001
2023-09-06 09:00:00,1333.8793329999999,1705.3410000000001,1083.0605,1549.143499,400.30600000000004,722.4993320000001
2023-09-06 10:00:00,1392.493,1685.75,1100.4935,1583.815456,384.03,739.710333
2023-09-06 11:00:00,1648.8669999999997,1694.486333,1090.9560000000001,1618.8854000000001,372.65999999999997,773.850667
2023-09-06 12:00:00,1413.686666,1669.8290000000002,1105.8325,1705.167998,370.11299999999994,806.04
2023-09-06 13:00:00,1516.259333,1771.29,1129.295,1761.450433,402.169,849.8340000000001
2023-09-06 14:00:00,1516.725667,1758.038,1156.378333,1790.826933,405.073,868.561
2023-09-06 15:00:00,1580.942,1857.313,1208.8245,1860.1738639999999,436.164,887.7570000000001
2023-09-06 16:00:00,1689.398,2038.3829999999998,1315.128333,2005.934799,474.74399999999997,962.3496670000001
2023-09-06 17:00:00,1913.030334,2353.2030000000004,1511.143333,2213.1209,525.933,1064.2853340000001
2023-09-06 18:00:00,2050.1360000000004,2606.663667,1642.268333,2332.430531,606.484,1096.429
2023-09-06 19:00:00,2056.7163339999997,2753.874667,1648.4601659999998,2390.9531660000002,638.1400000000001,1106.67
2023-09-06 20:00:00,2162.4353330000004,2718.965,1598.5205,2487.5079029999997,633.108,1072.076
2023-09-06 21:00:00,2152.445,2603.665,1565.8606670000001,2416.766866,601.884,1094.8536669999999
2023-09-06 22:00:00,1973.31,2326.3089999999997,1433.431833,2140.4560300000003,519.629,1001.1006669999999
2023-09-06 23:00:00,1657.846333,1983.59,1257.8875,1871.808859,469.14300000000003,876.4136659999999
2023-09-07 00:00:00,1378.5043329999999,1670.171333,1055.099667,1596.408134,400.58500000000004,729.244334
2023-09-07 01:00:00,1201.3163330000002,1505.1766659999998,914.525,1389.491595,332.17,648.553334
2023-09-07 02:00:00,1089.98,1334.194334,825.519,1246.577666,290.63599999999997,562.677667
2023-09-07 03:00:00,1007.973,1284.389,777.114833,1189.8757300000002,267.58799999999997,537.178001
2023-09-07 04:00:00,1006.3529999999998,1240.0049999999999,761.1883330000001,1161.853999,268.557,504.937
2023-09-07 05:00:00,1005.34,1275.8270000000002,786.008167,1224.577834,269.52500000000003,542.481667
2023-09-07 06:00:00,1099.501333,1334.417,858.4983340000001,1354.576198,293.784,568.5346669999999
2023-09-07 07:00:00,1274.8790000000001,1579.296,975.530834,1517.268266,370.305,668.928667
2023-09-07 08:00:00,1340.317,1719.502,1084.315501,1593.820862,399.059,682.125666
2023-09-07 09:00:00,1384.002,1738.003,1097.467667,1548.5575310000002,378.847,701.5986670000001
2023-09-07 10:00:00,1429.781,1642.791,1092.334833,1540.040897,377.79600000000005,698.750999
2023-09-07 11:00:00,1402.884,1697.912,1108.076,1600.4235979999999,373.73300000000006,719.190667
2023-09-07 12:00:00,1484.973,1719.723,1151.7244999999998,1671.984766,410.95799999999997,757.941
2023-09-07 13:00:00,1508.993,1760.0810000000001,1105.1828340000002,1724.7514700000002,415.752,815.3330000000001
2023-09-07 14:00:00,1554.520667,1863.038,1115.652,1775.61227,423.832,817.1120000000001
2023-09-07 15:00:00,1620.51,1953.915,1211.808333,1794.378272,438.851,890.936333
2023-09-07 16:00:00,1746.958333,2073.015,1295.809666,1956.6947689999997,458.94000000000005,920.947666
2023-09-07 17:00:00,1841.329,2359.089,1430.4625,2173.5336310000002,506.046,987.652
2023-09-07 18:00:00,1971.812,2548.589,1572.265499,2296.775066,574.846,984.244
2023-09-07 19:00:00,2057.326666,2711.802,1641.706833,2400.748897,651.6800000000001,1092.982
2023-09-07 20:00:00,2052.5046669999997,2581.023,1556.2350000000001,2472.040736,632.079,1078.256
2023-09-07 21:00:00,2072.7079999999996,2522.628,1512.7816659999999,2479.2905650000002,576.751,1059.7930000000001
2023-09-07 22:00:00,1894.539333,2290.565,1398.1583340000002,2141.400196,539.588,969.63
2023-09-07 23:00:00,1679.362333,1937.268,1265.397666,1851.198566,454.935,863.79
2023-09-08 00:00:00,1408.303667,1620.364,1036.076665,1580.095698,374.125,735.317333
2023-09-08 01:00:00,1183.6190000000001,1451.179,879.283168,1404.3549950000001,322.21500000000003,614.518999
2023-09-08 02:00:00,1060.633667,1300.884,796.587,1214.44693,287.93899999999996,541.472667
2023-09-08 03:00:00,1012.9583329999999,1225.075,759.4461670000001,1143.345531,285.462,519.392333
2023-09-08 04:00:00,977.613,1188.485,724.296,1120.642766,276.086,498.842
2023-09-08 05:00:00,986.704333,1202.6470000000002,760.374667,1171.130864,285.548,527.3533339999999
2023-09-08 06:00:00,1115.570334,1309.9769999999999,844.755166,1260.349767,308.80966800000004,556.26
2023-09-08 07:00:00,1251.629,1534.4450000000002,956.94,1457.9516999999998,344.114667,664.4449999999999
2023-09-08 08:00:00,1338.633,1723.1390000000001,1079.588,1552.327232,408.409666,697.69
2023-09-08 09:00:00,1383.438667,1699.713,1124.296167,1590.5948640000001,394.18600000000004,688.5
2023-09-08 10:00:00,1446.3266669999998,1690.459,1095.6895,1587.045128,402.805,758.4386670000001
2023-09-08 11:00:00,1491.245,1687.1730000000002,1127.038833,1646.695767,401.825,769.681
2023-09-08 12:00:00,1512.295,1724.214,1109.949333,1706.203098,428.019,817.7356669999999
2023-09-08 13:00:00,1574.1,1765.1930000000002,1223.952334,1769.851364,442.31100000000004,846.2
2023-09-08 14:00:00,1558.546,1786.5549999999998,1247.143167,1863.938797,428.82399999999996,883.467
2023-09-08 15:00:00,1628.028,1902.8509999999999,1308.956,1936.40833,483.233,904.207
2023-09-08 16:00:00,1771.3384999999998,2162.0280000000002,1390.9019990000002,2064.284436,520.764,968.6129999999999
2023-09-08 17:00:00,1932.6730000000002,2523.465,1525.225332,2283.373366,579.808,1093.3990000000001
2023-09-08 18:00:00,2066.416,2781.056,1714.0405,2387.077468,647.979,1133.356
2023-09-08 19:00:00,2072.493,2741.501,1714.8433329999998,2389.7496300000003,654.6070000000001,1102.468333
2023-09-08 20:00:00,1958.576666,2602.733,1606.947666,2315.482761,602.7950000000001,1058.196999
2023-09-08 21:00:00,1938.373333,2515.515,1530.443499,2281.096866,589.204,1025.530667
2023-09-08 22:00:00,1850.4830000000002,2280.9210000000003,1428.5303339999998,2113.6198329999997,520.615,964.175666
2023-09-08 23:00:00,1650.278333,2047.6190000000001,1261.850333,1875.8960970000003,461.09299999999996,852.437
2023-09-09 00:00:00,1461.975333,1738.253,1071.1485,1671.831434,426.09299999999996,747.765
2023-09-09 01:00:00,1255.9370000000001,1494.803,925.488333,1455.3295309999999,379.31399999999996,667.556333
2023-09-09 02:00:00,1174.796,1337.0929999999998,842.316667,1301.546297,332.217,601.440333
2023-09-09 03:00:00,1054.944,1246.256,786.353334,1200.154633,293.241,539.106667
2023-09-09 04:00:00,981.9923330000001,1189.0503330000001,744.144834,1175.0851309999998,277.353,512.591
2023-09-09 05:00:00,967.288334,1162.781334,739.073334,1130.334367,276.529,491.463667
2023-09-09 06:00:00,1024.893,1207.522334,773.817333,1141.944,285.467,501.613
2023-09-09 07:00:00,1080.403666,1351.542001,858.3769990000001,1246.142499,336.74466699999994,552.566
2023-09-09 08:00:00,1271.3596670000002,1568.027333,991.722334,1475.555328,358.786333,645.063
2023-09-09 09:00:00,1497.551667,1790.848666,1132.0085,1643.43263,408.603,731.4110000000001
2023-09-09 10:00:00,1620.538,1937.8923340000001,1259.632501,1804.253564,479.418,825.1186670000001
2023-09-09 11:00:00,1683.019333,1967.384332,1288.276501,1914.451266,514.404,905.654
2023-09-09 12:00:00,1792.9013340000001,2045.102001,1341.6745,2018.479527,523.958,953.892667
2023-09-09 13:00:00,1812.147668,2162.798667,1382.701666,2100.1543659999998,530.726667,961.281
2023-09-09 14:00:00,1969.156,2319.701,1426.0685,2288.3871990000002,566.797,1020.16
2023-09-09 15:00:00,2040.9156659999999,2606.495,1543.5750010000002,2413.6735310000004,597.577,1127.46
2023-09-09 16:00:00,2132.659999,2933.305,1693.9888340000002,2603.084332,666.3019999999999,1220.21
2023-09-09 17:00:00,2240.163334,3299.0109999999995,1975.756167,2776.754664,728.1479999999999,1288.492
2023-09-09 18:00:00,2391.73,3551.037,2129.809333,2911.977934,741.395,1351.382
2023-09-09 19:00:00,2303.4206670000003,3594.567,2144.209667,2918.302165,775.994,1337.038333
2023-09-09 20:00:00,2324.134,3429.63,2032.998834,2861.7538640000002,781.194,1294.9470000000001
2023-09-09 21:00:00,2300.4579999999996,3262.5389999999998,1923.063,2767.565029,740.499,1237.112
2023-09-09 22:00:00,2150.186333,2903.203667,1725.453,2513.7055309999996,656.392,1125.0169999999998
2023-09-09 23:00:00,1876.198334,2480.2073330000003,1523.719999,2236.835666,592.21,1040.402333
2023-09-10 00:00:00,1661.512333,2118.1716669999996,1255.4085,1951.622629,498.851,883.1246659999999
2023-09-10 01:00:00,1435.525333,1781.005,1081.545333,1663.557233,417.711,754.085
2023-09-10 02:00:00,1264.989,1539.16,948.337833,1469.15703,367.28099999999995,677.047
2023-09-10 03:00:00,1145.679,1394.371,852.2926659999999,1361.272831,326.247,621.081333
2023-09-10 04:00:00,1084.840667,1296.725,796.8166679999999,1287.3469989999999,299.52,570.758666
2023-09-10 05:00:00,1057.7749999999999,1266.282,765.853666,1216.056764,281.935,553.119333
2023-09-10 06:00:00,1070.1963329999999,1269.251,777.1416650000001,1229.808065,281.89099999999996,546.509
2023-09-10 07:00:00,1101.064,1354.335,829.278332,1290.398996,315.285,591.3620000000001
2023-09-10 08:00:00,1295.669,1577.6039999999998,979.748999,1442.077295,368.283,673.5740000000001
2023-09-10 09:00:00,1502.626,1845.801,1129.401,1732.481328,419.91999999999996,781.0713330000001
2023-09-10 10:00:00,1711.896,2010.784,1251.200333,1951.5072,492.812,881.4920000000001
2023-09-10 11:00:00,1865.5960000000002,2064.117,1322.4495000000002,2109.535131,518.612,964.8056670000001
2023-09-10 12:00:00,1996.0130000000001,2270.054,1440.043833,2260.620997,554.35,1072.19
2023-09-10 13:00:00,2041.916,2504.66,1568.7334999999998,2430.207997,608.751,1126.529
2023-09-10 14:00:00,2105.757666,2780.648,1678.649333,2482.209663,641.352,1189.618
2023-09-10 15:00:00,2262.063667,3119.058,1850.657833,2647.543464,734.5319999999999,1221.694
2023-09-10 16:00:00,2373.398001,3442.594,2038.0268330000001,2850.026361,787.6500000000001,1356.352
2023-09-10 17:00:00,2485.207,3719.0080000000003,2215.707,3065.9141339999996,808.502,1392.0933329999998
2023-09-10 18:00:00,2580.0856670000003,3930.632,2298.714333,3077.014964,840.113,1439.818333
2023-09-10 19:00:00,2521.49,3828.447,2253.1620000000003,3125.692728,835.8760000000001,1427.209333
2023-09-10 20:00:00,2557.3419999999996,3600.9840000000004,2138.151332,3016.9505010000003,790.506,1406.186666
2023-09-10 21:00:00,2521.3103330000004,3203.9139999999998,2037.1275,2923.297801,772.172,1343.61
2023-09-10 22:00:00,2203.0099999999998,2785.87,1787.7476649999999,2620.1061959999997,698.081,1200.417
2023-09-10 23:00:00,1906.8183330000002,2325.418,1471.5524999999998,2222.347362,575.8340000000001,1039.657667
2023-09-11 00:00:00,1597.819333,1870.22,1169.141334,1877.016733,460.066,840.830999
2023-09-11 01:00:00,1363.4553329999999,1575.1850000000002,988.838333,1608.654533,382.447,690.542334
2023-09-11 02:00:00,1218.416667,1379.029,888.1298340000001,1425.4319639999999,339.788,638.5419999999999
2023-09-11 03:00:00,1103.005333,1285.79,823.272167,1340.755231,315.39700000000005,583.468334
2023-09-11 04:00:00,1066.965333,1253.974,774.993166,1245.2442299999998,299.672,569.327
2023-09-11 05:00:00,1039.6506669999999,1305.1240000000003,807.615667,1258.2554,303.151,571.197
2023-09-11 06:00:00,1160.697002,1383.472,861.1518329999999,1368.396765,319.709,606.515
2023-09-11 07:00:00,1272.295,1579.089,983.117,1525.672528,370.897,689.226
2023-09-11 08:00:00,1380.260999,1773.0140000000001,1063.793166,1653.0973330000002,406.975,698.1959999999999
2023-09-11 09:00:00,1433.865334,1724.1619999999998,1092.3916669999999,1591.709002,392.695,694.127
2023-09-11 10:00:00,1446.129334,1769.9589999999998,1103.6266660000001,1666.702163,395.712,701.919
2023-09-11 11:00:00,1499.1803340000001,1761.019,1143.7478330000001,1696.6685320000001,420.549,801.126
2023-09-11 12:00:00,1571.9599990000002,1841.087,1178.7620000000002,1785.6150320000002,439.316,854.377
2023-09-11 13:00:00,1654.886,1956.8200000000002,1221.0390000000002,1856.8992620000001,459.251,887.2460000000001
2023-09-11 14:00:00,1701.411,2069.0299999999997,1281.702166,1940.552597,495.52400000000006,916.7040000000001
2023-09-11 15:00:00,1737.3100000000002,2177.991334,1357.857332,2015.0655960000001,535.481,963.4570000000001
2023-09-11 16:00:00,1848.285334,2286.665333,1359.041,2066.3786029999997,558.779,1016.364
2023-09-11 17:00:00,2063.660334,2527.289334,1462.308,2267.106031,614.497,1089.6689999999999
2023-09-11 18:00:00,2183.097,2812.181,1649.313333,2475.1162649999997,649.731,1190.3220000000001
2023-09-11 19:00:00,2217.1319999999996,2924.362,1739.601334,2567.867565,659.906,1273.7359999999999
2023-09-11 20:00:00,2288.631,2882.8233329999994,1727.563333,2606.155268,691.685,1204.068
2023-09-11 21:00:00,2299.283,2750.537332,1729.364333,2517.47673,662.2560000000001,1170.257
2023-09-11 22:00:00,2003.6606669999999,2446.366667,1561.059833,2228.780132,607.158,1090.347
2023-09-11 23:00:00,1694.626,2076.251,1286.6136669999999,1904.2957660000002,509.13599999999997,938.145667
2023-09-12 00:00:00,1452.752,1770.554,1134.2481659999999,1673.160201,443.63699999999994,783.0233330000001
2023-09-12 01:00:00,1317.58,1522.385,960.550833,1456.8594710000002,366.794,661.9183330000001
2023-09-12 02:00:00,1146.356,1349.121,846.299166,1313.643,325.736,588.4369999999999
2023-09-12 03:00:00,1068.054,1265.232,789.8905,1184.112562,307.548,553.1260000000001
2023-09-12 04:00:00,1031.6393329999999,1229.961,765.5625,1148.044329,297.634,531.707
2023-09-12 05:00:00,1020.063,1254.2230000000002,758.479167,1196.310266,302.008,536.978
2023-09-12 06:00:00,1122.118333,1334.3380000000002,855.654833,1298.920797,302.637334,562.297
2023-09-12 07:00:00,1280.998,1595.414,984.469334,1511.014698,364.641999,671.323
2023-09-12 08:00:00,1371.0040000000001,1728.8319999999999,1022.0120000000001,1609.2273930000001,410.540667,710.4010000000001
2023-09-12 09:00:00,1415.1276670000002,1737.5529999999999,1039.2208329999999,1540.65783,427.744,692.928
2023-09-12 10:00:00,1497.846667,1735.9520000000002,1128.343667,1657.226531,409.217,724.358
2023-09-12 11:00:00,1507.961,1713.909,1182.155833,1650.520568,416.879,751.786334
2023-09-12 12:00:00,1528.984,1780.4660000000001,1195.398333,1730.8516300000001,440.80400000000003,823.71
2023-09-12 13:00:00,1600.1889999999999,1921.325,1199.5018329999998,1814.0464299999999,469.543,859.163
2023-09-12 14:00:00,1678.1306670000001,2037.0283330000002,1300.526833,1936.6510269999999,494.243,896.097
2023-09-12 15:00:00,1815.376,2270.0280000000002,1415.746667,2078.284234,534.569,982.251
2023-09-12 16:00:00,1933.932,2549.5879999999997,1505.6036669999999,2268.9592939999998,567.6109999999999,1063.0729999999999
2023-09-12 17:00:00,2108.853,2914.7700000000004,1728.5874999999999,2464.331198,604.523,1166.59
2023-09-12 18:00:00,2198.05,3089.049,1782.5095000000001,2631.1528639999997,709.744,1248.347
2023-09-12 19:00:00,2218.2309999999998,3013.496,1765.4476670000001,2578.6109269999997,699.954,1207.9120000000003
2023-09-12 20:00:00,2295.545,2925.037001,1726.4323319999999,2588.7191949999997,691.0450000000001,1151.505
2023-09-12 21:00:00,2260.1380000000004,2708.8100000000004,1637.3296639999999,2537.913629,626.888,1176.7450000000001
2023-09-12 22:00:00,1964.2450000000001,2412.352,1447.6821679999998,2293.8217670000004,558.806,1062.0679999999998
2023-09-12 23:00:00,1714.268,2096.768,1266.7186660000002,1987.4292339999997,523.035,909.0799999999999
2023-09-13 00:00:00,1476.183333,1750.272,1055.991333,1715.3679009999998,424.931,769.185
2023-09-13 01:00:00,1317.5736660000002,1496.953,912.3785,1508.960966,359.926,664.517
2023-09-13 02:00:00,1185.6886670000001,1344.335,877.3140000000001,1349.3201299999998,305.25399999999996,595.345
2023-09-13 03:00:00,1119.473,1291.254,814.355,1271.6676630000002,291.789,571.0110000000001
2023-09-13 04:00:00,1086.739333,1244.539,773.9549999999999,1225.8794269999999,282.346,539.787
2023-09-13 05:00:00,1109.6970000000001,1295.3890000000001,791.072667,1258.4618010000002,291.134,545.033666
2023-09-13 06:00:00,1204.3626669999999,1373.009,880.3491670000001,1364.996163,297.36,601.718667
2023-09-13 07:00:00,1349.261,1638.773,1005.817334,1532.736666,350.254,654.681
2023-09-13 08:00:00,1407.935332,1788.49,1044.252333,1656.5933650000002,427.68000000000006,745.473
2023-09-13 09:00:00,1457.199334,1708.546,1081.842667,1635.343063,407.538,734.4530000000001
2023-09-13 10:00:00,1476.5973330000002,1751.346,1087.0313330000001,1671.103693,400.681,750.732333
2023-09-13 11:00:00,1552.1913330000002,1798.0030000000002,1137.761,1678.788936,412.23800000000006,776.12
2023-09-13 12:00:00,1586.525,1842.076,1149.674333,1762.6564640000001,407.783,810.2183339999999
2023-09-13 13:00:00,1601.580666,1957.2569999999998,1177.462333,1873.201167,427.589,860.3656659999999
2023-09-13 14:00:00,1657.781667,2023.312,1278.8180000000002,1884.0325990000001,452.50800000000004,896.001667
2023-09-13 15:00:00,1755.214,2263.876,1413.5946669999998,2013.692899,528.45,983.434
2023-09-13 16:00:00,1908.7310000000002,2629.275,1594.059999,2193.121302,591.283,1054.722
2023-09-13 17:00:00,2211.139667,3067.672,1844.923666,2450.890731,654.789,1186.249
2023-09-13 18:00:00,2369.9309999999996,3329.602,1925.2979999999998,2655.831661,694.283,1228.429
2023-09-13 19:00:00,2338.1186669999997,3286.5640000000003,1956.004999,2783.7089029999997,717.7639999999999,1238.93
2023-09-13 20:00:00,2365.4206669999994,3149.71,1866.0929999999998,2742.1454970000004,727.597,1210.897
2023-09-13 21:00:00,2386.353,2901.243332,1751.796,2640.931563,704.467,1234.869333
2023-09-13 22:00:00,2086.937667,2541.871666,1598.208665,2335.6550979999997,629.966,1115.214
2023-09-13 23:00:00,1755.2563329999998,2156.528333,1340.336167,1985.504062,519.843,946.749
2023-09-14 00:00:00,1507.632667,1834.5459999999998,1137.009,1751.298266,458.491,788.8389999999999
2023-09-14 01:00:00,1330.967,1571.646,967.4140010000001,1522.537703,383.901333,657.123667
2023-09-14 02:00:00,1141.867667,1369.176,832.6883330000001,1345.379097,332.082,577.5856670000001
2023-09-14 03:00:00,1073.311,1292.767,781.872666,1253.862432,305.823,548.697666
2023-09-14 04:00:00,1017.5166670000001,1234.652,748.2273339999999,1221.422201,280.834,529.870001
2023-09-14 05:00:00,1051.044668,1240.457,796.413167,1231.102232,282.03499999999997,520.597334
2023-09-14 06:00:00,1149.384667,1347.058,878.8599999999999,1348.654063,303.67100000000005,557.2703329999999
2023-09-14 07:00:00,1332.1589999999999,1585.725,989.272001,1531.573132,386.33,658.558666
2023-09-14 08:00:00,1405.7379999999998,1750.0886679999999,1045.424166,1610.503336,410.988,709.419667
2023-09-14 09:00:00,1421.1550000000002,1708.9149989999999,1047.684833,1645.2443990000002,392.096,730.080333
2023-09-14 10:00:00,1453.028,1721.656,1073.592835,1656.554835,415.06100000000004,729.107334
2023-09-14 11:00:00,1479.297333,1719.298,1101.569501,1667.464498,396.12,762.978666
2023-09-14 12:00:00,1556.1153330000002,1815.466,1150.2109999999998,1762.0769990000001,412.769,830.8223330000001
2023-09-14 13:00:00,1644.9206669999999,1937.1,1240.026,1900.321028,471.82300000000004,886.908
2023-09-14 14:00:00,1759.3110000000001,2100.3019999999997,1333.552333,2005.8978370000002,492.428,952.808
2023-09-14 15:00:00,1912.542,2425.2659999999996,1510.048,2284.217564,564.002,1047.965333
2023-09-14 16:00:00,2156.435333,2911.5159999999996,1745.168333,2555.149399,644.502,1195.2089999999998
2023-09-14 17:00:00,2432.031,3607.325,2111.796999,2935.087329,736.3860000000001,1355.6770000000001
2023-09-14 18:00:00,2629.5159999999996,4021.101,2292.4213330000002,3199.830404,832.067,1402.516
2023-09-14 19:00:00,2653.1679999999997,4054.7430000000004,2316.809667,3250.338466,872.72,1452.31
2023-09-14 20:00:00,2648.432,3753.2929999999997,2226.551333,3111.4349700000002,843.5160000000001,1466.8149999999998
2023-09-14 21:00:00,2556.5739999999996,3433.7529999999997,2063.513999,2958.16379,794.81,1362.036
2023-09-14 22:00:00,2277.720667,2863.389,1784.650334,2552.641329,683.518333,1201.892
2023-09-14 23:00:00,1917.274334,2386.08,1525.107333,2233.319069,580.534666,1017.6949999999999
2023-09-15 00:00:00,1660.827334,2015.641,1237.941,1946.400032,471.447,848.265
2023-09-15 01:00:00,1408.0933329999998,1683.689,1046.9196659999998,1660.589064,390.342,712.269
2023-09-15 02:00:00,1247.127,1461.118,910.460667,1454.1733330000002,331.42100000000005,611.444
2023-09-15 03:00:00,1110.788,1325.726,836.645332,1318.703501,309.719,562.593
2023-09-15 04:00:00,1088.1409999999998,1271.5929999999998,807.490334,1262.925271,289.30899999999997,560.5729999999999
2023-09-15 05:00:00,1097.4253330000001,1280.672,808.267834,1294.3943319999998,293.52200000000005,553.3020000000001
2023-09-15 06:00:00,1172.8580000000002,1370.500667,875.5241659999999,1364.7019360000002,321.92999999999995,591.751
2023-09-15 07:00:00,1292.4350010000003,1606.5386669999998,985.917998,1510.010131,355.09,672.8489999999999
2023-09-15 08:00:00,1378.880001,1792.912667,1077.703333,1641.5138299999999,415.004,724.771
2023-09-15 09:00:00,1415.156,1754.3980000000001,1086.022,1586.2977030000002,401.539,738.7060000000001
2023-09-15 10:00:00,1567.306333,1784.154,1121.364667,1755.018299,426.531,761.434
2023-09-15 11:00:00,1574.449333,1914.156,1146.4596660000002,1827.719839,434.55600000000004,803.6569999999999
2023-09-15 12:00:00,1693.8023329999999,1996.759,1225.824,2022.040269,488.20599999999996,912.584
2023-09-15 13:00:00,1867.587333,2245.806667,1366.4736659999999,2248.575065,528.7180000000001,1006.9029999999999
2023-09-15 14:00:00,2088.135333,2643.1856669999997,1644.934666,2347.373195,553.178,1124.327
2023-09-15 15:00:00,2278.8916670000003,3213.465,1882.146999,2659.987497,652.002,1257.952
2023-09-15 16:00:00,2470.2873329999998,3697.8680000000004,2174.170001,2955.960192,758.798,1394.433
2023-09-15 17:00:00,2674.273999,4208.582,2490.005333,3250.3323980000005,851.5339999999999,1515.088
2023-09-15 18:00:00,2849.7700000000004,4539.612,2679.136001,3406.9432319999996,926.4490000000001,1572.138
2023-09-15 19:00:00,2749.139333,4430.004999999999,2638.396667,3343.899861,928.194,1541.5590000000002
2023-09-15 20:00:00,2620.104334,4057.776,2395.654332,3166.3544650000003,903.409,1460.2549999999999
2023-09-15 21:00:00,2494.081666,3732.584,2170.9746649999997,2964.092162,817.019,1356.377666
2023-09-15 22:00:00,2299.779,3174.673,1919.334,2645.022226,726.2749999999999,1250.059667
2023-09-15 23:00:00,2027.449333,2673.8149999999996,1604.923334,2330.166533,614.542,1096.148666
2023-09-16 00:00:00,1778.374667,2243.332,1357.502333,2045.839669,512.845,956.521
2023-09-16 01:00:00,1536.280999,1830.529,1135.906999,1769.302768,448.38699999999994,800.306
2023-09-16 02:00:00,1332.0586669999998,1585.848,1013.929334,1545.810596,400.246,706.195
2023-09-16 03:00:00,1240.601,1449.897,911.731,1414.958831,358.136,642.2073330000001
2023-09-16 04:00:00,1153.160666,1309.859,841.1538330000001,1340.732697,330.95566599999995,589.712667
2023-09-16 05:00:00,1116.440334,1301.652,831.7950000000001,1310.096634,308.498667,564.124333
2023-09-16 06:00:00,1099.596,1315.0040000000001,857.354333,1278.7640959999999,316.62966600000004,565.092
2023-09-16 07:00:00,1164.1933330000002,1435.029,899.664,1362.750231,331.455334,618.140334
2023-09-16 08:00:00,1332.9089999999999,1664.1309999999999,1030.3175,1535.981366,360.069,708.681667
2023-09-16 09:00:00,1518.639999,1900.178,1140.254,1775.759427,423.11600000000004,801.243999
2023-09-16 10:00:00,1680.895666,1989.4279999999999,1264.788,1909.6163960000001,491.379,854.004
2023-09-16 11:00:00,1851.1670000000001,2080.326,1375.7565,2029.554532,506.944,938.760667
2023-09-16 12:00:00,1994.698667,2222.312,1445.737167,2183.3519,531.961,1017.321667
2023-09-16 13:00:00,2122.329667,2456.063,1534.2756669999999,2351.9904930000002,575.241,1066.458334
2023-09-16 14:00:00,2223.955333,2742.2826670000004,1715.624833,2507.741864,638.9649999999999,1123.193334
2023-09-16 15:00:00,2402.800999,3134.318667,1920.223334,2691.671363,708.156,1182.2109999999998
2023-09-16 16:00:00,2454.530667,3445.724333,2055.481167,2875.570968,767.688,1326.476333
2023-09-16 17:00:00,2495.752001,3820.477,2237.589501,2998.795332,797.913,1421.525
2023-09-16 18:00:00,2583.375,3905.366,2288.496333,3074.255833,862.297,1420.473
2023-09-16 19:00:00,2499.3136669999994,3721.528667,2175.2695000000003,3015.507334,815.508,1364.5299999999997
2023-09-16 20:00:00,2408.2963330000002,3399.974,1986.5390009999999,2877.3420969999997,800.716,1286.890999
2023-09-16 21:00:00,2306.4049999999997,2936.156,1835.1426659999997,2607.79313,706.6790000000001,1203.200667
2023-09-16 22:00:00,1988.594,2600.971667,1607.610333,2358.552298,605.134,1045.9560000000001
2023-09-16 23:00:00,1756.7289999999998,2215.9530000000004,1393.727666,2080.3500990000002,527.182,967.414
2023-09-17 00:00:00,1552.6150000000002,1896.69,1144.939999,1837.630427,449.344,851.8
2023-09-17 01:00:00,1353.907,1602.181,1007.481333,1586.594536,374.82,710.867
2023-09-17 02:00:00,1183.892333,1437.021,885.125,1359.4494639999998,342.992,635.7139999999999
2023-09-17 03:00:00,1095.0133340000002,1330.125,799.626166,1269.901564,322.547,558.7180000000001
2023-09-17 04:00:00,1038.165334,1236.208,756.086834,1193.1976319999999,292.798,532.797
2023-09-17 05:00:00,1009.4063329999999,1216.5370000000003,751.2645,1141.9282309999999,278.126,509.539
2023-09-17 06:00:00,1003.471,1249.44,777.493999,1178.716226,280.085,516.221
2023-09-17 07:00:00,1077.6349999999998,1363.229,846.885166,1245.906465,309.36,558.739
2023-09-17 08:00:00,1255.7930000000001,1584.028,971.494166,1432.4158300000001,366.627,628.5450000000001
2023-09-17 09:00:00,1493.980667,1781.414,1164.762834,1627.8010669999999,425.063,773.759333
2023-09-17 10:00:00,1741.7336679999999,1984.036,1244.695667,1848.5176999999999,460.08500000000004,868.122666
2023-09-17 11:00:00,1799.201334,2039.799,1292.014334,1964.954426,488.846,947.596
2023-09-17 12:00:00,1850.179001,2132.907,1347.855833,2114.748203,521.145,995.234
2023-09-17 13:00:00,1868.6616669999999,2222.329,1371.780834,2178.895963,534.456,1010.25
2023-09-17 14:00:00,1864.738668,2248.278,1368.285666,2247.869801,561.5640000000001,1043.173
2023-09-17 15:00:00,1939.5900000000001,2432.581333,1462.0651659999999,2297.3144629999997,532.855,1081.123
2023-09-17 16:00:00,1930.4506669999998,2489.6839999999997,1482.678834,2324.6630320000004,562.028,1110.314
2023-09-17 17:00:00,2006.8559989999999,2555.4663339999997,1539.4613339999999,2409.644762,575.238,1192.4340000000002
2023-09-17 18:00:00,2042.944,2636.834,1637.973334,2382.192462,598.784,1182.601
2023-09-17 19:00:00,2038.0510000000002,2676.167,1605.7060000000001,2360.80256,602.096,1180.2379999999998
2023-09-17 20:00:00,2130.709,2706.512,1650.934666,2468.851496,617.289,1171.706
2023-09-17 21:00:00,2106.397,2552.184,1612.535002,2335.0525930000003,591.324,1103.334
2023-09-17 22:00:00,1902.4016659999998,2308.125,1430.643999,2146.413698,510.735,1004.4749999999999
2023-09-17 23:00:00,1633.7243330000001,1924.192,1206.028501,1874.524109,461.505,858.6479999999999
2023-09-18 00:00:00,1403.653334,1636.067,1002.9265,1605.703805,372.796,709.2270000000001
2023-09-18 01:00:00,1208.233,1430.705,868.865501,1415.618282,334.962,618.2323329999999
2023-09-18 02:00:00,1097.553334,1305.618,800.974833,1244.873429,298.674,544.103333
2023-09-18 03:00:00,1013.777,1205.8629999999998,757.511334,1184.504296,291.1,528.442
2023-09-18 04:00:00,972.3280000000001,1203.255,734.332168,1140.619531,280.175,514.5730000000001
2023-09-18 05:00:00,1003.7586670000001,1260.103,764.0084999999999,1197.938001,275.106,520.9093330000001
2023-09-18 06:00:00,1116.546,1332.135,838.2505,1277.2958979999999,305.536,560.3199999999999
2023-09-18 07:00:00,1286.682,1588.612,957.833333,1439.3057640000002,359.353,640.901333
2023-09-18 08:00:00,1415.3029999999999,1743.025,1053.576334,1602.585099,416.134,667.479
2023-09-18 09:00:00,1467.93,1766.0970000000002,1095.3180000000002,1555.5520620000002,395.35299999999995,708.1013330000001
2023-09-18 10:00:00,1495.739,1796.109,1122.6324999999997,1597.429863,430.19300000000004,739.115667
2023-09-18 11:00:00,1465.8780000000002,1787.81,1138.8211660000002,1636.629371,424.014,754.794333
2023-09-18 12:00:00,1505.969,1808.74,1179.638,1732.275865,420.62600000000003,841.205667
2023-09-18 13:00:00,1542.016,1809.348,1134.8951670000001,1799.1076679999999,425.49,853.055001
2023-09-18 14:00:00,1563.97,1871.738,1149.0676660000001,1850.036064,435.20500000000004,834.6626650000001
2023-09-18 15:00:00,1650.191,1928.146,1165.318667,1829.5608619999998,473.289,854.158334
2023-09-18 16:00:00,1770.819666,2037.637,1247.316,1970.333096,470.03000000000003,883.100666
2023-09-18 17:00:00,1916.8413340000002,2240.15,1403.329667,2149.55496,519.3989999999999,988.0599990000001
2023-09-18 18:00:00,2001.278999,2520.996,1521.7623330000001,2279.7505610000003,562.098,1055.973
2023-09-18 19:00:00,2012.292,2512.196,1561.448666,2335.1985320000003,598.5049999999999,1033.5030000000002
2023-09-18 20:00:00,2049.3469999999998,2548.7830000000004,1539.687,2381.315434,612.3910000000001,1060.8719999999998
2023-09-18 21:00:00,1989.1549999999997,2422.33,1512.7686669999998,2303.7392339999997,552.643,1021.3339999999998
2023-09-18 22:00:00,1780.383,2137.0879999999997,1345.2673340000001,2035.9450630000001,523.991,913.8609999999999
2023-09-18 23:00:00,1512.3700000000001,1830.9050000000002,1128.759,1769.770466,451.622,790.2756669999999
2023-09-19 00:00:00,1358.246,1547.095,956.618333,1519.2202969999998,385.012,669.559333
2023-09-19 01:00:00,1139.981667,1359.932,854.101332,1310.4962030000002,320.049,578.315333
2023-09-19 02:00:00,1036.280333,1263.221,776.930667,1186.414397,281.640667,527.089333
2023-09-19 03:00:00,947.317,1223.525,733.1253340000001,1124.063367,276.930333,518.0070000000001
2023-09-19 04:00:00,946.7049999999999,1162.5190000000002,708.414334,1100.7396979999999,277.264,492.932
2023-09-19 05:00:00,995.862,1218.38,769.400002,1128.808268,281.222,505.236
2023-09-19 06:00:00,1099.175667,1322.207,833.3276659999999,1231.5235,314.59400000000005,557.607
2023-09-19 07:00:00,1273.257667,1567.795,974.112668,1458.000097,381.78499999999997,681.69
2023-09-19 08:00:00,1375.7910000000002,1747.98,1091.5246670000001,1579.2688309999999,423.95433299999996,721.922333
2023-09-19 09:00:00,1401.3629999999998,1696.9576670000001,1073.7523340000002,1559.372697,388.27533299999993,711.2139999999999
2023-09-19 10:00:00,1427.607,1664.057,1163.1583340000002,1604.270301,395.45666700000004,704.288
2023-09-19 11:00:00,1402.513,1677.93,1110.276,1592.224535,412.00866700000006,721.286
2023-09-19 12:00:00,1479.141,1677.911,1145.020333,1637.653369,386.392333,775.670667
2023-09-19 13:00:00,1490.67,1710.55,1111.4453330000001,1672.837093,399.407333,797.473
2023-09-19 14:00:00,1506.3310000000001,1673.6529999999998,1145.0059999999999,1728.0881989999998,393.839667,736.523
2023-09-19 15:00:00,1513.871999,1741.1440000000002,1136.708667,1758.05683,401.412333,791.104
2023-09-19 16:00:00,1605.2973339999999,1816.1200000000001,1195.169165,1838.817698,405.31000000000006,852.4196669999999
2023-09-19 17:00:00,1783.3906670000001,2088.659,1303.289664,2046.9805000000001,464.547,949.7020000000001
2023-09-19 18:00:00,1886.7359999999999,2374.607,1408.608666,2135.644134,511.778667,1062.531
2023-09-19 19:00:00,1920.4180000000001,2393.6,1418.8093330000002,2282.599395,554.895,1064.0729999999999
2023-09-19 20:00:00,2038.1259999999997,2360.552,1451.0365,2394.314163,573.71,1073.819
2023-09-19 21:00:00,1983.7440000000001,2346.0099999999998,1410.704833,2229.103328,571.26,1024.897
2023-09-19 22:00:00,1798.865,2059.219,1287.0555,1957.234232,485.21000000000004,938.329666
2023-09-19 23:00:00,1539.793334,1817.043667,1142.384499,1723.86173,444.15700000000004,826.1303330000001
2023-09-20 00:00:00,1330.557334,1552.133333,946.316666,1493.306503,383.892,692.339
2023-09-20 01:00:00,1149.276667,1383.2780000000002,840.727666,1306.720668,330.945,586.267
2023-09-20 02:00:00,1066.701,1238.6663330000001,779.225667,1196.301829,286.54499999999996,518.209334
2023-09-20 03:00:00,1018.12,1181.132,727.698665,1108.6111999999998,282.328,508.651333
2023-09-20 04:00:00,981.305,1178.097,733.884,1106.877663,269.26,480.49199999999996
2023-09-20 05:00:00,1018.53,1190.625667,761.810999,1157.929197,264.348,495.67266599999994
2023-09-20 06:00:00,1113.188667,1307.631,838.323333,1277.072067,286.802,524.819667
2023-09-20 07:00:00,1311.505667,1543.4833330000001,990.331001,1439.1252980000002,333.743,628.5040000000001
2023-09-20 08:00:00,1375.291667,1726.5826670000001,1031.694333,1587.63733,384.87499999999994,727.598667
2023-09-20 09:00:00,1420.543334,1746.4116669999999,1057.528333,1574.909964,397.213,712.446333
2023-09-20 10:00:00,1414.380668,1723.117667,1061.424333,1551.0897679999998,399.797,739.6113330000001
2023-09-20 11:00:00,1459.161334,1734.0880000000002,1114.2836670000002,1590.716698,422.17100000000005,744.7323329999999
2023-09-20 12:00:00,1516.821,1740.8139999999999,1117.5776660000001,1605.006331,408.51900000000006,800.1293330000001
2023-09-20 13:00:00,1486.062,1747.9050000000002,1092.083334,1703.351597,408.94,823.787666
2023-09-20 14:00:00,1459.656,1719.808,1084.629334,1635.5166989999998,398.80600000000004,816.557334
2023-09-20 15:00:00,1543.0130000000001,1711.982333,1092.693001,1653.778196,402.91999999999996,814.114667
2023-09-20 16:00:00,1625.786,1795.4356659999999,1108.7513330000002,1678.131099,394.983,852.7213340000001
2023-09-20 17:00:00,1768.145,1934.771666,1272.6390000000001,1917.0461309999998,448.276,916.807
2023-09-20 18:00:00,1862.9499999999998,2143.7919999999995,1369.743334,2038.9043310000002,504.937,987.4100000000001
2023-09-20 19:00:00,1868.264666,2210.875,1407.5803329999999,2158.222166,540.054,1015.1846669999999
2023-09-20 20:00:00,2000.235333,2313.963,1402.955,2197.344526,574.366,1024.817666
2023-09-20 21:00:00,1941.743,2230.335,1439.436,2191.859368,559.018,982.229667
2023-09-20 22:00:00,1711.054,2004.5720000000001,1291.5233309999999,1995.355696,548.501,860.716
2023-09-20 23:00:00,1530.9270000000001,1730.358,1145.063668,1664.069132,453.37,789.4860000000001
2023-09-21 00:00:00,1296.3180000000002,1503.9470000000001,970.1158340000001,1435.377199,381.735,672.729
2023-09-21 01:00:00,1112.79,1329.975,840.404335,1249.113457,321.793,558.5909999999999
2023-09-21 02:00:00,1013.309,1237.5169999999998,747.4663330000001,1144.1072020000001,287.784667,494.531334
2023-09-21 03:00:00,973.011,1199.568,718.0803330000001,1092.856933,255.78733300000002,486.194668
2023-09-21 04:00:00,963.573,1205.968,735.882834,1093.8765640000001,263.49,474.56433400000003
2023-09-21 05:00:00,992.1980000000001,1236.4859999999999,776.2885020000001,1169.753262,271.615,521.617
2023-09-21 06:00:00,1133.636,1374.5729999999999,869.4081659999999,1293.4259630000001,300.66700000000003,583.269
2023-09-21 07:00:00,1340.4850000000001,1683.9479999999999,1041.8606690000001,1527.2237300000002,390.067,706.602
2023-09-21 08:00:00,1390.093,1832.946,1139.088,1723.251202,430.243,754.745
2023-09-21 09:00:00,1439.059,1797.527,1156.762999,1633.165665,421.678,769.639
2023-09-21 10:00:00,1487.2939999999999,1775.8999999999999,1211.3219989999998,1614.6830960000002,404.926,749.6220000000001
2023-09-21 11:00:00,1510.856,1811.987,1184.8653319999999,1645.8648269999999,388.432,768.3520000000001
2023-09-21 12:00:00,1483.834,1756.8670000000002,1173.6479989999998,1583.37383,382.42100000000005,802.3193329999999
2023-09-21 13:00:00,1498.962,1726.596,1165.438001,1646.0947310000001,412.71233300000006,776.564667
2023-09-21 14:00:00,1434.999667,1685.429,1105.4056679999999,1595.452895,387.30000000000007,731.067
2023-09-21 15:00:00,1455.7160000000001,1715.672,1081.998165,1677.068295,397.949667,783.617
2023-09-21 16:00:00,1555.0393330000002,1761.3709999999999,1146.5673350000002,1771.453563,408.85566700000004,854.8020000000001
2023-09-21 17:00:00,1644.132,1959.3310000000001,1251.063666,1941.657823,479.967,915.3710000000001
2023-09-21 18:00:00,1877.984333,2126.092,1354.1126669999999,2099.828633,524.021333,968.02
2023-09-21 19:00:00,1894.8760000000002,2186.398,1417.4379999999999,2154.607066,561.5883329999999,1020.1920000000001
2023-09-21 20:00:00,2017.432667,2323.754,1431.638001,2223.061702,585.080667,1042.818
2023-09-21 21:00:00,1988.460999,2274.6220000000003,1453.937167,2260.7057969999996,577.3853330000001,1039.917
2023-09-21 22:00:00,1753.366333,2061.262,1294.0434989999999,2011.2450969999998,520.8489999999999,922.079
2023-09-21 23:00:00,1500.955667,1773.911,1113.795665,1791.6887000000002,438.17900000000003,788.1469999999999
2023-09-22 00:00:00,1274.77,1514.503,946.889833,1560.644995,361.598,672.243333
2023-09-22 01:00:00,1118.593333,1343.032,825.969332,1372.431803,289.039,580.586333
2023-09-22 02:00:00,1036.6419999999998,1207.1989999999998,738.2161679999999,1207.414162,280.616333,531.658
2023-09-22 03:00:00,953.408,1174.991,724.2056680000001,1134.692531,268.246,509.687
2023-09-22 04:00:00,938.539667,1143.752,714.951333,1092.225433,263.926333,484.514
2023-09-22 05:00:00,990.099,1186.806,737.6353340000001,1144.649735,277.188,505.043
2023-09-22 06:00:00,1093.5296669999998,1312.149,845.059,1253.394966,304.408,564.669333
2023-09-22 07:00:00,1271.8650000000002,1565.897,961.343333,1446.5850930000001,355.755,684.096333
2023-09-22 08:00:00,1386.606667,1732.748333,1089.0793330000001,1634.114265,417.03200000000004,729.750667
2023-09-22 09:00:00,1385.225,1773.1126669999999,1151.697001,1599.2521980000001,430.703,737.412
2023-09-22 10:00:00,1432.2203330000002,1752.393333,1156.209335,1692.8912340000002,428.106,744.721
2023-09-22 11:00:00,1490.955334,1743.2873329999998,1177.2966649999998,1689.887,436.514,776.8323330000001
2023-09-22 12:00:00,1561.754,1707.132,1191.312334,1721.965064,432.378,795.726
2023-09-22 13:00:00,1558.2576669999999,1803.945667,1203.700832,1729.1183610000003,424.197,778.525
2023-09-22 14:00:00,1562.685,1799.735667,1220.908666,1788.146033,437.34399999999994,777.189
2023-09-22 15:00:00,1583.2623330000001,1865.519,1198.799668,1807.257333,440.934,848.141
2023-09-22 16:00:00,1716.969,2031.232334,1298.349668,1949.7993,456.846,916.518
2023-09-22 17:00:00,1808.691667,2257.616667,1433.983999,2174.955567,523.9169999999999,963.524
2023-09-22 18:00:00,1901.443,2429.0373339999996,1498.612335,2269.257799,548.557,1037.798
2023-09-22 19:00:00,1930.8783329999999,2422.049,1496.897832,2241.431232,580.342,1066.0549999999998
2023-09-22 20:00:00,1940.008,2413.283,1458.607332,2206.608028,553.8389999999999,1020.607
2023-09-22 21:00:00,1872.3890000000001,2267.492333,1402.066,2188.89583,557.886,951.8149999999999
2023-09-22 22:00:00,1711.313,2081.805667,1306.841334,2014.283732,521.287,890.5060000000001
2023-09-22 23:00:00,1539.144,1808.826,1176.818501,1790.96603,459.73699999999997,791.4559999999999
2023-09-23 00:00:00,1377.962,1590.808,1017.421499,1607.313366,394.302,690.526666
2023-09-23 01:00:00,1163.002,1425.951,896.0336649999999,1393.4571,345.439,588.597668
2023-09-23 02:00:00,1051.887,1288.418,797.650334,1211.6456990000001,310.65533300000004,556.4076670000001
2023-09-23 03:00:00,974.705,1183.0970000000002,767.8661679999999,1152.9914979999999,281.891667,513.473667
2023-09-23 04:00:00,957.251,1137.160667,746.417832,1105.628129,272.08900000000006,490.40666699999997
2023-09-23 05:00:00,949.771,1162.1109999999999,744.040166,1093.081201,276.165,493.121
2023-09-23 06:00:00,977.0409999999999,1192.9660010000002,772.2113340000001,1127.361798,286.8,494.875
2023-09-23 07:00:00,1034.232,1351.2803319999998,874.852333,1227.769531,298.87699999999995,573.057
2023-09-23 08:00:00,1259.005,1600.820666,1016.205,1481.3559970000001,361.178,602.5713330000001
2023-09-23 09:00:00,1435.8899999999999,1859.523334,1177.430668,1668.607429,402.31999999999994,743.625
2023-09-23 10:00:00,1581.685,1964.359,1255.5163320000001,1797.806834,482.295,840.3563340000001
2023-09-23 11:00:00,1666.777666,2003.7223329999997,1283.522668,1873.855666,499.805,915.511
2023-09-23 12:00:00,1692.3336669999999,2050.201,1348.316,1928.0943969999998,502.35900000000004,945.907334
2023-09-23 13:00:00,1694.7423330000001,2022.7253329999999,1340.205335,1962.3601990000002,486.991,906.0999999999999
2023-09-23 14:00:00,1652.024333,1944.8776659999999,1330.7681670000002,1951.5183670000001,484.854,880.245
2023-09-23 15:00:00,1710.3388329999998,1999.31,1312.027667,1963.4677659999998,471.648,883.72
2023-09-23 16:00:00,1789.4405,1983.918,1332.926999,1929.415797,475.145,873.8050000000001
2023-09-23 17:00:00,1767.9445,2101.964,1352.623001,2053.757966,472.21000000000004,884.7026659999999
2023-09-23 18:00:00,1843.663,2221.135,1419.501835,2119.127298,504.972,959.134
2023-09-23 19:00:00,1831.979,2242.041,1445.3270009999999,2108.122564,541.963,976.2639999999999
2023-09-23 20:00:00,1848.9961670000002,2211.324,1420.4293320000002,2132.455559,548.2649999999999,953.956
2023-09-23 21:00:00,1802.2376669999999,2119.654,1350.9955,2049.651863,509.515,886.164
2023-09-23 22:00:00,1665.536333,1986.947333,1274.3435,1848.2297990000002,467.851,839.77
2023-09-23 23:00:00,1501.1786670000001,1809.915,1136.335333,1704.9437659999999,431.725,744.472
2023-09-24 00:00:00,1307.7549999999999,1565.509,1007.0545,1491.388695,381.77,662.125
2023-09-24 01:00:00,1149.6619999999998,1379.4540000000002,858.472166,1318.6312010000001,315.355,581.716
2023-09-24 02:00:00,1025.885667,1242.882,802.444667,1194.002129,281.583,538.505
2023-09-24 03:00:00,956.294,1191.4230000000002,737.3618329999999,1146.8677940000002,271.533,501.91766700000005
2023-09-24 04:00:00,908.6183330000001,1151.061,729.334167,1104.2435610000002,268.254,488.14133400000003
2023-09-24 05:00:00,894.3206670000001,1153.776,724.807667,1134.787264,268.063,469.145667
2023-09-24 06:00:00,922.9986670000001,1213.288333,775.0840000000001,1148.553295,282.168,493.27
2023-09-24 07:00:00,1015.956,1354.5230000000001,863.5740000000001,1203.604537,301.515,569.5340000000001
2023-09-24 08:00:00,1268.708,1642.597,1001.279667,1433.944631,353.68,635.059
2023-09-24 09:00:00,1500.628333,1881.85,1177.111,1661.636364,453.302,739.318
2023-09-24 10:00:00,1680.61,2085.866,1265.834,1893.76013,479.142,847.954
2023-09-24 11:00:00,1842.879333,2109.482,1364.167,2002.49133,509.32500000000005,919.6659999999999
2023-09-24 12:00:00,1900.390334,2216.7870000000003,1381.349333,2131.198137,546.5939999999999,968.0983329999999
2023-09-24 13:00:00,1805.427667,2317.839,1410.042,2090.29203,563.014,947.356667
2023-09-24 14:00:00,1852.842333,2275.393,1371.896,2212.516032,540.9770000000001,934.8120000000001
2023-09-24 15:00:00,1876.498333,2249.4230000000002,1403.773333,2142.6526599999997,513.475,981.9080000000001
2023-09-24 16:00:00,1887.9209999999998,2302.420667,1413.4163330000001,2203.863061,513.536,1006.405
2023-09-24 17:00:00,2029.055999,2421.596667,1466.823666,2287.532295,547.9200000000001,1037.446
2023-09-24 18:00:00,2061.279,2546.043667,1514.907,2363.317535,564.648,1087.547666
2023-09-24 19:00:00,2049.9880000000003,2509.999,1535.0459999999998,2406.192196,571.125,1089.733667
2023-09-24 20:00:00,2092.848,2515.257,1563.7130000000002,2443.9155929999997,614.717,1041.596
2023-09-24 21:00:00,2036.3639999999998,2349.686,1468.052999,2304.461833,599.192,1036.21
2023-09-24 22:00:00,1858.9229999999998,2153.157,1308.534001,2056.353729,542.659,978.546
2023-09-24 23:00:00,1555.413,1846.142,1112.4143330000002,1717.556031,456.179,830.6689999999999
2023-09-25 00:00:00,1302.291,1529.7160000000001,946.869,1495.8913939999998,388.74299999999994,722.804
2023-09-25 01:00:00,1102.721,1354.615333,849.3873329999999,1333.112899,316.965,623.609
2023-09-25 02:00:00,983.2586670000001,1245.504333,781.282834,1186.03586,312.495,552.432
2023-09-25 03:00:00,941.7636669999999,1178.058,759.3655,1146.031264,285.8670000000001,518.62
2023-09-25 04:00:00,942.2206669999999,1165.801,727.4645,1133.189301,271.96299999999997,507.68433300000004
2023-09-25 05:00:00,978.376,1236.391,771.635333,1182.678829,282.749,545.316667
2023-09-25 06:00:00,1113.278667,1323.676,861.3033340000001,1309.91086,303.312,588.855333
2023-09-25 07:00:00,1232.487666,1605.533,997.241666,1487.206903,371.74699999999996,700.861
2023-09-25 08:00:00,1434.621667,1859.127667,1097.449665,1621.9286,437.54900000000004,745.332
2023-09-25 09:00:00,1451.3690000000001,1848.056,1162.3381650000001,1625.0906009999999,404.98400000000004,769.462
2023-09-25 10:00:00,1525.399,1881.7979999999998,1220.249667,1687.1243690000001,427.403,782.417
2023-09-25 11:00:00,1517.5583339999998,1877.6733330000002,1208.5186669999998,1708.0014629999998,430.014,794.1320000000001
2023-09-25 12:00:00,1605.7243330000001,1920.7469999999998,1305.352832,1767.992631,402.217,839.7550000000001
2023-09-25 13:00:00,1631.4953329999998,1932.7189999999998,1242.287833,1822.7510000000002,393.722,873.092
2023-09-25 14:00:00,1655.485,1929.4429999999998,1225.025666,1829.157399,437.515,838.319
2023-09-25 15:00:00,1695.25,1859.009,1186.603333,1780.0638,454.08,873.2330000000001
2023-09-25 16:00:00,1757.3870000000002,1937.942,1259.4254999999998,1938.110631,454.48900000000003,918.171
2023-09-25 17:00:00,1817.567,2121.343,1407.727335,2060.59223,479.582,1045.4180000000001
2023-09-25 18:00:00,1977.842,2213.817,1452.302833,2183.247499,513.562,1050.9470000000001
2023-09-25 19:00:00,1958.753,2305.1800000000003,1506.713665,2294.868267,584.014,1064.563667
2023-09-25 20:00:00,2043.042,2409.5910000000003,1491.618999,2375.614031,625.1089999999999,1030.326666
2023-09-25 21:00:00,1981.973,2350.5159999999996,1412.922167,2271.96983,597.288,1037.2576669999999
2023-09-25 22:00:00,1774.124,2049.25,1281.4510030000001,2088.097297,511.724,950.347
2023-09-25 23:00:00,1501.6970000000001,1770.29,1141.000332,1746.987695,430.30499999999995,818.496
2023-09-26 00:00:00,1302.648666,1540.937,996.504999,1481.188297,358.096,693.913
2023-09-26 01:00:00,1133.1203329999998,1360.955,870.851501,1304.897832,313.009,605.472
2023-09-26 02:00:00,1038.600667,1252.669,802.299334,1183.6218279999998,290.932,526.857
2023-09-26 03:00:00,960.6993339999999,1218.394,762.120334,1128.884033,276.33,498.142
2023-09-26 04:00:00,926.496,1207.72,737.549667,1126.8245590000001,284.16499999999996,488.29033499999997
2023-09-26 05:00:00,971.066334,1263.2130000000002,765.213667,1177.820061,294.043,516.286668
2023-09-26 06:00:00,1127.625333,1395.5520000000001,885.504168,1326.551668,316.394,588.965667
2023-09-26 07:00:00,1304.557,1673.7109999999998,1059.805166,1528.713331,383.37600000000003,699.499
2023-09-26 08:00:00,1409.4626669999998,1880.671667,1130.654166,1641.833363,429.534,756.361
2023-09-26 09:00:00,1418.663666,1796.604333,1150.4665009999999,1651.347497,426.04,744.629334
2023-09-26 10:00:00,1444.431333,1786.085,1203.479,1634.509232,419.89599999999996,798.029
2023-09-26 11:00:00,1487.054001,1793.088,1172.389999,1682.242502,432.976,782.36
2023-09-26 12:00:00,1568.366667,1772.463334,1215.21,1713.475133,422.22799999999995,779.329
2023-09-26 13:00:00,1599.646667,1786.574,1159.4071669999998,1726.010998,425.645,835.951333
2023-09-26 14:00:00,1549.8343340000001,1738.4813330000002,1156.6778330000002,1723.6086999999998,420.726,816.941333
2023-09-26 15:00:00,1556.998333,1734.725,1179.392166,1713.196563,394.109,811.044667
2023-09-26 16:00:00,1614.0343349999998,1778.8636669999999,1182.906834,1759.5885680000001,407.044,869.134
2023-09-26 17:00:00,1737.623667,1978.726,1274.332333,1990.4958589999999,450.873,921.984
2023-09-26 18:00:00,1850.4066659999999,2177.004,1420.588667,2093.280235,500.94899999999996,1017.3090000000001
2023-09-26 19:00:00,1946.8600000000001,2259.683,1457.4985000000001,2241.543599,533.6959999999999,1050.963
2023-09-26 20:00:00,2016.1160009999999,2359.175,1468.616167,2279.805993,599.875,1065.324
2023-09-26 21:00:00,1994.427666,2235.282,1396.6134980000002,2165.741963,552.759,1007.8123329999999
2023-09-26 22:00:00,1772.798,2013.331,1285.153667,1947.02666,502.066,934.178333
2023-09-26 23:00:00,1510.4429999999998,1748.73,1129.622999,1682.251296,457.461,815.9880009999999
2023-09-27 00:00:00,1260.445667,1529.425,937.0815,1494.9084050000001,367.295,698.7066669999999
2023-09-27 01:00:00,1091.549668,1387.388667,836.255666,1282.7960970000001,321.51,600.374
2023-09-27 02:00:00,1006.409,1248.1419999999998,769.406,1189.018862,277.712,531.381
2023-09-27 03:00:00,928.7449999999999,1217.867,744.8,1154.200366,274.95399999999995,505.006
2023-09-27 04:00:00,951.242,1229.5660000000003,740.9449999999999,1145.422232,266.728,500.67400000000004
2023-09-27 05:00:00,988.5350000000001,1245.117667,784.1855,1210.904134,276.11899999999997,545.113
2023-09-27 06:00:00,1124.415,1367.1779999999999,875.3105,1313.038097,306.049,584.987333
2023-09-27 07:00:00,1319.567,1644.768667,1038.9975,1475.409529,375.259,704.8396670000001
2023-09-27 08:00:00,1439.112334,1858.611666,1147.711334,1693.5001929999999,438.691,773.655333
2023-09-27 09:00:00,1486.4686660000002,1859.989,1167.272167,1675.975766,420.24199999999996,770.493
2023-09-27 10:00:00,1452.944332,1800.437,1165.205667,1689.290831,407.193,806.49
2023-09-27 11:00:00,1474.8066669999998,1778.0679999999998,1138.470334,1708.545896,408.71400000000006,795.818
2023-09-27 12:00:00,1545.025667,1874.208,1114.1390000000001,1700.687898,420.889,811.6759999999999
2023-09-27 13:00:00,1516.347,1804.847,1100.046667,1725.853632,398.04499999999996,834.129
2023-09-27 14:00:00,1504.0,1761.792,1093.376667,1679.998297,387.200667,813.569
2023-09-27 15:00:00,1574.4850000000001,1771.077667,1122.3626669999999,1785.667133,409.720667,818.8109999999999
2023-09-27 16:00:00,1625.8980000000001,1824.084333,1141.1873329999999,1761.441033,423.18199999999996,875.873333
2023-09-27 17:00:00,1801.9930009999998,1945.281,1246.462667,1887.9506350000001,477.233333,950.4566669999999
2023-09-27 18:00:00,1861.525335,2115.7493310000004,1326.611837,2123.003597,504.991666,984.112997
2023-09-27 19:00:00,1909.55366,2219.523328,1413.038998,2248.946931,557.2070040000001,1044.985668
2023-09-27 20:00:00,2040.0016649999998,2327.085665,1439.575494,2336.779557,594.295331,1089.789326
2023-09-27 21:00:00,2023.047,2245.608666,1405.6934999999999,2263.205193,568.1829990000001,1012.839999
2023-09-27 22:00:00,1793.9939989999998,1985.634,1297.623666,2062.2382629999997,543.973334,909.902667
2023-09-27 23:00:00,1555.163,1782.479,1164.416001,1770.949564,451.865,799.201
2023-09-28 00:00:00,1328.675,1533.208,949.151168,1520.606825,376.925,692.645666
2023-09-28 01:00:00,1160.419,1352.02,860.992499,1364.290397,334.868,581.554999
2023-09-28 02:00:00,1065.755,1230.0829999999999,785.732334,1211.4047300000002,301.721,538.867333
2023-09-28 03:00:00,999.953667,1202.225,755.5206679999999,1133.3591999999999,288.707,517.0830000000001
2023-09-28 04:00:00,1013.4093330000001,1190.7640000000001,757.205667,1132.409198,293.428,515.231
2023-09-28 05:00:00,1071.644333,1270.338,783.8138329999999,1195.607663,312.865,531.93
2023-09-28 06:00:00,1196.8906670000001,1382.714,889.3545,1323.112359,322.578,618.014
2023-09-28 07:00:00,1368.141,1657.798333,1060.1135009999998,1542.5139989999998,388.531,714.241
2023-09-28 08:00:00,1436.019333,1839.1290000000001,1137.367333,1699.104703,430.574,774.068
2023-09-28 09:00:00,1488.2166659999998,1840.6109999999999,1182.664166,1718.716527,428.197,753.8420000000001
2023-09-28 10:00:00,1498.941333,1853.9139999999998,1198.0631680000001,1669.191464,442.25300000000004,794.5840000000001
2023-09-28 11:00:00,1507.165667,1831.1100000000001,1169.7911669999999,1661.478194,410.62800000000004,810.38
2023-09-28 12:00:00,1534.0149999999999,1831.8160000000003,1183.4139989999999,1708.2863619999998,394.313,801.345
2023-09-28 13:00:00,1512.5369999999998,1805.6706669999999,1145.777167,1705.5474920000001,408.11199999999997,825.96
2023-09-28 14:00:00,1534.601666,1777.8993329999998,1125.4325,1684.4589609999998,391.231,797.818
2023-09-28 15:00:00,1512.1299999999999,1717.527,1156.024333,1700.9780660000001,385.51099999999997,761.4206670000001
2023-09-28 16:00:00,1591.262,1758.328667,1167.4075,1737.5841,387.374,865.060001
2023-09-28 17:00:00,1744.001333,1958.8809999999999,1273.7766660000002,1934.354063,473.211,956.2113340000001
2023-09-28 18:00:00,1908.3319999999999,2146.847,1362.469667,2085.1369290000002,498.798,998.6113339999998
2023-09-28 19:00:00,1922.744,2293.164667,1449.514334,2225.7151949999998,537.723,1043.507667
2023-09-28 20:00:00,1958.237,2353.2380000000003,1437.806334,2209.550467,570.471,1036.5473339999999
2023-09-28 21:00:00,1953.13,2226.749,1389.010335,2168.2295,534.5509999999999,984.787333
2023-09-28 22:00:00,1752.694333,2032.0166669999999,1283.661166,2006.499062,489.688,925.532001
2023-09-28 23:00:00,1529.26,1804.437,1138.759334,1714.443699,420.60699999999997,825.014
2023-09-29 00:00:00,1320.2219999999998,1542.5810000000001,976.519665,1518.118402,363.295,694.398
2023-09-29 01:00:00,1124.329,1362.6440000000002,853.931334,1321.0396289999999,336.161,606.562
2023-09-29 02:00:00,1062.9560000000001,1264.452,813.4901669999999,1213.363032,305.719,553.5840000000001
2023-09-29 03:00:00,990.432,1190.6619999999998,759.3601669999999,1134.1148230000001,272.683,523.94
2023-09-29 04:00:00,958.477,1195.2,773.099167,1115.774906,271.066,494.892
2023-09-29 05:00:00,1025.9846670000002,1258.793,800.425667,1155.623261,290.228,546.995
2023-09-29 06:00:00,1162.742,1366.167,894.537,1271.828356,311.922,588.6400000000001
2023-09-29 07:00:00,1375.185,1653.006,1059.564,1544.6278940000002,387.17100000000005,709.184
2023-09-29 08:00:00,1401.0339999999999,1896.097,1116.667167,1709.416165,439.307,783.554
2023-09-29 09:00:00,1448.955,1938.7130000000002,1208.835,1709.3748600000001,418.421,791.327
2023-09-29 10:00:00,1520.286,1906.973,1211.838334,1732.374738,457.629,773.3520000000001
2023-09-29 11:00:00,1603.478,1877.714,1190.476,1757.767533,440.571,797.132334
2023-09-29 12:00:00,1582.301,1883.137,1208.9630000000002,1753.589865,433.035,787.218
2023-09-29 13:00:00,1585.731,1878.002667,1200.531833,1833.530232,464.90099999999995,800.718
2023-09-29 14:00:00,1555.069,1850.905667,1226.4519999999998,1782.512062,432.11400000000003,798.244
2023-09-29 15:00:00,1572.4759999999999,1831.3229999999999,1217.6763329999999,1808.435403,421.798,813.8810000000001
2023-09-29 16:00:00,1627.674,1880.5749999999998,1212.948333,1904.3842599999998,438.248,879.784334
2023-09-29 17:00:00,1810.043666,1983.3319999999999,1287.6779999999999,2003.918897,458.942,940.305
2023-09-29 18:00:00,1910.973,2145.012,1379.720832,2129.0879330000002,508.85,947.9079999999999
2023-09-29 19:00:00,1943.655,2248.0119999999997,1436.9073349999999,2148.884461,539.937,1025.578
2023-09-29 20:00:00,1967.4976669999999,2245.46,1423.433166,2118.489897,557.628,1008.3430000000001
2023-09-29 21:00:00,1882.370666,2152.652333,1361.577334,2082.878702,522.4649999999999,970.2840000000001
2023-09-29 22:00:00,1749.492667,2002.813,1260.3578340000001,1944.2445919999998,508.646,866.909
2023-09-29 23:00:00,1553.1336669999998,1812.9856670000001,1166.309,1777.715105,456.711,831.903
2023-09-30 00:00:00,1412.539667,1609.509333,1061.8704989999999,1561.3327639999998,404.359,703.648
2023-09-30 01:00:00,1253.598,1441.916667,933.414499,1405.6405949999998,379.328,612.365
2023-09-30 02:00:00,1114.818,1333.876,854.0445010000001,1239.832064,340.779,563.66
2023-09-30 03:00:00,1048.2783330000002,1284.6950000000002,803.1463330000001,1216.328003,314.125,519.413
2023-09-30 04:00:00,1014.3669990000001,1268.81,796.0443329999999,1170.7750300000002,307.392,525.574
2023-09-30 05:00:00,1044.396667,1284.2930000000001,779.31,1170.415905,301.418,540.312
2023-09-30 06:00:00,1113.6506669999999,1368.9740000000002,835.856834,1236.061602,319.54100000000005,577.879
2023-09-30 07:00:00,1203.633667,1545.0323329999999,974.8686660000001,1386.21623,361.75399999999996,641.9960000000001
2023-09-30 08:00:00,1374.251667,1809.857333,1160.9775,1720.9734320000002,399.394,758.576
2023-09-30 09:00:00,1625.3,2069.110333,1294.061333,1931.7918260000001,505.524,890.573
2023-09-30 10:00:00,1811.79,2144.4633329999997,1410.5390000000002,2018.2915280000002,550.824,957.6006669999999
2023-09-30 11:00:00,1828.958,2150.465,1410.5445,2072.9953,547.452,996.701333
2023-09-30 12:00:00,1815.156,2063.6369999999997,1366.357334,2017.3009659999998,513.238,1013.559
2023-09-30 13:00:00,1861.7930000000001,2039.867,1330.595001,2044.948366,504.114,968.003
2023-09-30 14:00:00,1846.7023329999997,2068.3759999999997,1277.443333,1977.163165,504.642,919.615
2023-09-30 15:00:00,1846.967667,2007.6966670000002,1286.2658330000002,1959.3238669999998,512.848,910.8399999999999
2023-09-30 16:00:00,1777.3473330000002,1955.554999,1253.158666,1985.011896,500.972,946.357
2023-09-30 17:00:00,1779.597,2057.004666,1339.3083330000002,1992.7265340000004,519.235,949.452
2023-09-30 18:00:00,1811.187667,2118.612667,1411.533501,2032.890033,537.567,980.515
2023-09-30 19:00:00,1832.374666,2163.4139999999998,1411.664834,2097.548566,546.6759999999999,1034.763
2023-09-30 20:00:00,1921.857,2276.242,1420.759333,2099.0352000000003,553.2239999999999,1009.826
2023-09-30 21:00:00,1859.895834,2158.2019999999998,1375.490499,2048.192832,548.12,950.4069999999999
2023-09-30 22:00:00,1645.678666,2030.579,1275.038501,1958.209364,519.48,866.6513339999999
2023-09-30 23:00:00,1583.55,1893.85,1166.149334,1800.3127960000002,458.568,790.881667
2023-10-01 00:00:00,1408.632,1625.7799999999997,1039.272167,1570.413792,397.46799999999996,721.35
2023-10-01 01:00:00,1217.754,1468.1843330000002,921.177668,1419.2373929999999,368.63700000000006,637.875
2023-10-01 02:00:00,1110.999,1339.7616670000002,845.918667,1307.3042,325.251,583.294
2023-10-01 03:00:00,1038.6293329999999,1274.363,833.549667,1221.885594,310.478,560.575666
2023-10-01 04:00:00,1030.641,1248.2579999999998,777.913334,1189.2472659999999,287.93399999999997,549.842667
2023-10-01 05:00:00,1065.558333,1282.809,793.3886669999999,1207.029562,283.927,569.9449999999999
2023-10-01 06:00:00,1094.052333,1394.877,877.297668,1289.280729,307.97300000000007,601.4830000000001
2023-10-01 07:00:00,1167.4213340000001,1589.812,959.348166,1441.98013,341.887333,680.544666
2023-10-01 08:00:00,1409.997,1865.1239999999998,1142.952,1679.3629259999998,433.54266700000005,776.827333
2023-10-01 09:00:00,1693.152333,2085.402,1350.8429999999998,1956.324733,542.0633330000001,906.623667
2023-10-01 10:00:00,1876.717666,2151.6530000000002,1368.946,2061.1573,557.440333,1014.138333
2023-10-01 11:00:00,1936.4883330000002,2226.152,1381.6260000000002,2118.937433,570.807,1022.770667
2023-10-01 12:00:00,1941.201667,2162.572333,1417.368167,2152.757165,574.602667,1069.510001
2023-10-01 13:00:00,1896.2803329999997,2127.1606659999998,1378.104333,2104.9953320000004,548.6999999999999,1057.1933330000002
2023-10-01 14:00:00,1900.910667,2080.738666,1373.666,2103.440099,534.12,1022.606333
2023-10-01 15:00:00,1824.401333,2044.681333,1338.978667,2014.3124659999999,516.627,968.988
2023-10-01 16:00:00,1847.7833329999999,2061.811001,1308.542999,2062.001867,515.2850000000001,955.441
2023-10-01 17:00:00,1832.822667,2255.634,1350.788667,2107.554764,528.744,989.094
2023-10-01 18:00:00,1941.888667,2388.760333,1416.601,2179.3626289999997,555.7819999999999,1028.929999
2023-10-01 19:00:00,1961.250666,2540.174333,1494.580833,2378.292829,560.28,1117.376667
2023-10-01 20:00:00,2083.1763339999998,2632.675,1544.694333,2458.487992,614.822,1078.822667
2023-10-01 21:00:00,2017.9163330000001,2398.954,1512.3018339999999,2333.307523,571.7350000000001,1033.273334
2023-10-01 22:00:00,1802.5819999999999,2198.483999,1361.6235000000001,2153.796796,502.59800000000007,990.3053329999999
2023-10-01 23:00:00,1606.638,1822.425001,1175.081333,1759.038869,460.07599999999996,863.3889999999999
2023-10-02 00:00:00,1374.9193329999998,1530.1266660000001,994.6184989999999,1539.466797,381.766,711.0633330000001
2023-10-02 01:00:00,1178.2526659999999,1378.488333,846.6015,1366.8051639999999,323.87100000000004,606.8639999999999
2023-10-02 02:00:00,1060.770667,1228.9616660000002,772.5288330000001,1215.063896,295.096,552.070667
2023-10-02 03:00:00,987.4233330000001,1197.9470000000001,757.845499,1137.519833,283.664,533.122001
2023-10-02 04:00:00,974.105667,1194.5839999999998,751.062833,1143.0863,287.993,535.98
2023-10-02 05:00:00,1016.9713330000001,1270.614667,787.486001,1213.221697,293.48199999999997,567.7486670000001
2023-10-02 06:00:00,1160.579667,1408.204,915.6978349999999,1348.021159,316.572,649.6506670000001
2023-10-02 07:00:00,1374.099,1656.03,1066.301832,1521.885598,379.389,770.813001
2023-10-02 08:00:00,1471.199333,1887.743,1161.500835,1728.919697,458.682,820.1830009999999
2023-10-02 09:00:00,1551.726333,1901.356,1201.151668,1751.083595,466.611,791.384
2023-10-02 10:00:00,1549.964667,1905.772,1216.1265,1730.756065,468.13800000000003,803.383
2023-10-02 11:00:00,1521.085,1906.238,1302.2976669999998,1734.9662680000001,466.687,809.461
2023-10-02 12:00:00,1618.8539999999998,1932.8739999999998,1275.6753330000001,1807.922598,472.524,892.5709999999999
2023-10-02 13:00:00,1628.356667,1957.35,1322.8993340000002,1836.979559,445.1360000000001,893.5846670000001
2023-10-02 14:00:00,1679.8560000000002,1867.7620000000002,1233.027666,1831.700934,449.19100000000003,897.241332
2023-10-02 15:00:00,1676.500335,1891.9840000000002,1258.565001,1823.049534,474.07099999999997,910.802
2023-10-02 16:00:00,1807.370333,1967.1309999999999,1331.154833,1995.8542669999997,464.64599999999996,943.1426670000001
2023-10-02 17:00:00,1993.3829999999998,2207.7490000000003,1473.2059990000002,2136.538098,522.816,1047.594334
2023-10-02 18:00:00,2139.947333,2433.576,1581.575666,2320.913068,593.509,1141.357667
2023-10-02 19:00:00,2237.7803329999997,2518.3,1596.9193329999998,2477.7189660000004,584.982,1176.7910009999998
2023-10-02 20:00:00,2267.748667,2427.1020000000003,1560.516334,2498.062832,618.2269999999999,1137.851
2023-10-02 21:00:00,2140.1899999999996,2225.298,1489.0206660000001,2321.061866,586.038,1061.493
2023-10-02 22:00:00,1857.002333,2055.639,1336.324834,2031.957203,526.451,943.751335
2023-10-02 23:00:00,1602.090333,1802.518,1174.434833,1785.903097,441.178,812.651666
2023-10-03 00:00:00,1387.535667,1556.04,1019.3861669999999,1532.0021689999999,386.769,701.064001
2023-10-03 01:00:00,1178.32,1375.336,859.555833,1370.757034,329.992,603.657
2023-10-03 02:00:00,1048.4270000000001,1290.97,807.058666,1242.9215,296.692,550.729
2023-10-03 03:00:00,966.638,1235.9070000000002,765.2683340000001,1150.993429,271.23900000000003,536.5433330000001
2023-10-03 04:00:00,952.637,1227.685,742.375333,1144.296296,276.237,513.239667
2023-10-03 05:00:00,995.279,1293.705,778.3958339999999,1230.157198,289.339,520.016667
2023-10-03 06:00:00,1153.4969999999998,1397.1860000000001,885.0094999999999,1352.773869,320.135,604.812
2023-10-03 07:00:00,1352.42,1667.7640000000001,1023.286333,1544.139699,386.108,727.7166669999999
2023-10-03 08:00:00,1424.125667,1861.133,1128.3069999999998,1693.078865,447.703,768.79
2023-10-03 09:00:00,1446.7236670000002,1843.807,1172.7376669999999,1679.7002360000001,457.727,789.3440009999999
2023-10-03 10:00:00,1491.780667,1788.6729999999998,1229.751999,1768.119365,426.452,723.2473339999999
2023-10-03 11:00:00,1503.1390000000001,1750.2459999999999,1194.0161659999999,1732.205839,414.051,767.5840000000001
2023-10-03 12:00:00,1581.9,1799.952,1223.546167,1737.563005,420.07500000000005,802.2920000000001
2023-10-03 13:00:00,1640.9769999999999,1797.0326670000002,1179.093,1755.585963,395.77,792.917
2023-10-03 14:00:00,1593.085,1778.223334,1148.06,1708.9385590000002,391.903,789.643
2023-10-03 15:00:00,1544.010667,1794.930333,1122.6380000000001,1682.63693,391.29200000000003,772.2516670000001
2023-10-03 16:00:00,1661.187,1806.224999,1140.215,1775.717564,393.92600000000004,811.294001
2023-10-03 17:00:00,1792.017,1907.353,1247.436666,1925.401128,463.268,938.662666
2023-10-03 18:00:00,1860.428,2140.205666,1343.8123329999999,2057.775668,484.639,982.699333
2023-10-03 19:00:00,1910.3326669999997,2319.666,1425.6480000000001,2202.6610689999998,523.335,1049.4370000000001
2023-10-03 20:00:00,2081.966333,2397.218333,1467.297499,2326.096859,546.229,1035.597
2023-10-03 21:00:00,2003.8750009999999,2236.208333,1413.678167,2214.666734,536.262,1049.290333
2023-10-03 22:00:00,1785.333,2033.5710000000001,1290.310499,2020.4554959999998,479.19899999999996,944.2669980000001
2023-10-03 23:00:00,1546.589667,1808.931667,1131.818166,1642.152226,445.459,790.1123339999999
2023-10-04 00:00:00,1345.287333,1536.325667,952.703501,1484.183131,383.74399999999997,671.507333
2023-10-04 01:00:00,1158.512,1375.9609999999998,843.569834,1273.155263,319.96000000000004,605.597
2023-10-04 02:00:00,1051.431,1271.411,785.113832,1175.0580959999998,300.443,568.079
2023-10-04 03:00:00,1019.811667,1233.610666,751.431831,1135.647297,280.234,541.946333
2023-10-04 04:00:00,995.794333,1219.013668,755.599166,1139.251029,284.771,523.020334
2023-10-04 05:00:00,1033.654667,1282.2830000000001,816.263833,1204.6504340000001,302.507,556.6263339999999
2023-10-04 06:00:00,1207.949666,1400.4376670000001,899.513,1303.231129,328.414333,611.4300000000001
2023-10-04 07:00:00,1345.188334,1663.631,1048.712,1558.7218639999999,432.21133299999997,679.3636670000001
2023-10-04 08:00:00,1493.208333,1868.815334,1151.530333,1679.767363,483.154667,786.0133330000001
2023-10-04 09:00:00,1514.427333,1848.371668,1179.7673330000002,1744.857837,455.421334,785.441333
2023-10-04 10:00:00,1562.192,1878.7343339999998,1190.276668,1745.592967,424.209667,806.1053340000001
2023-10-04 11:00:00,1595.263,1886.532666,1213.9633330000001,1753.6768670000001,431.340999,814.2273329999999
2023-10-04 12:00:00,1577.112,1904.475,1215.4926650000002,1773.445634,392.787666,874.807
2023-10-04 13:00:00,1592.778,1895.7076670000001,1206.443167,1847.192737,417.751666,883.8860000000001
2023-10-04 14:00:00,1590.123666,1842.901667,1188.878667,1764.581659,379.212,837.903
2023-10-04 15:00:00,1583.3446669999998,1734.837,1130.680333,1711.242598,396.567,821.5350000000001
2023-10-04 16:00:00,1577.448,1781.283,1132.552332,1817.2181959999998,386.435,856.057667
2023-10-04 17:00:00,1775.2969999999998,1934.837,1242.767001,1913.9978330000001,475.219,953.2986660000001
2023-10-04 18:00:00,1926.0330000000001,2120.2709990000003,1337.4118330000001,2029.8787300000004,501.62200000000007,991.497333
2023-10-04 19:00:00,1979.378334,2253.5703329999997,1457.748165,2163.5820000000003,559.547333,1037.61
2023-10-04 20:00:00,2070.494333,2397.995666,1499.223999,2304.760926,558.4596670000001,1042.5819999999999
2023-10-04 21:00:00,1995.593,2180.1299989999998,1454.259333,2205.124994,559.985,1018.014333
2023-10-04 22:00:00,1804.783333,2037.138667,1316.725167,1977.186099,488.14099999999996,978.967334
2023-10-04 23:00:00,1577.043667,1752.099667,1149.1805,1734.657528,439.335,843.545333
2023-10-05 00:00:00,1354.211,1521.022,993.233001,1514.674563,379.166,716.942
2023-10-05 01:00:00,1161.564667,1362.881667,859.7593330000001,1348.406731,349.278,623.395667
2023-10-05 02:00:00,1083.634333,1246.887001,803.214833,1223.950495,303.053,607.607
2023-10-05 03:00:00,1029.594,1242.5460010000002,775.694666,1172.145358,293.83500000000004,561.661666
2023-10-05 04:00:00,1020.164,1219.724333,764.225332,1178.461965,294.004,543.408667
2023-10-05 05:00:00,1039.289,1282.8253330000002,815.225334,1236.345059,310.144,549.4739999999999
2023-10-05 06:00:00,1207.797,1444.530666,903.844,1379.173864,330.886,640.221667
2023-10-05 07:00:00,1360.648,1690.953667,1041.442,1550.603432,389.004,769.123001
2023-10-05 08:00:00,1484.521,1861.1496670000001,1157.23,1695.8739620000001,455.115,833.882334
2023-10-05 09:00:00,1469.036,1884.154,1185.678001,1648.851898,431.96900000000005,809.915
2023-10-05 10:00:00,1507.9940000000001,1872.258667,1206.942666,1711.890697,432.337,773.642
2023-10-05 11:00:00,1620.551,1803.766333,1214.643,1695.112698,404.415,783.1003330000001
2023-10-05 12:00:00,1532.657,1769.608999,1211.808333,1727.272562,405.89300000000003,788.299666
2023-10-05 13:00:00,1583.804333,1723.680666,1134.2836659999998,1722.045063,408.122,805.560667
2023-10-05 14:00:00,1522.019,1677.729333,1153.433,1679.354064,403.244,823.2066670000002
2023-10-05 15:00:00,1520.439,1758.430333,1150.801,1684.2709949999999,396.0,793.069667
2023-10-05 16:00:00,1593.692,1866.306,1178.7289999999998,1814.902063,433.63599999999997,847.366
2023-10-05 17:00:00,1825.168,2061.007667,1294.496999,1972.2088999999999,487.257,942.1400000000001
2023-10-05 18:00:00,1911.359,2253.098667,1409.767334,2138.1613989999996,546.005,1023.586
2023-10-05 19:00:00,1993.103,2448.7053339999998,1462.401167,2253.8077319999998,606.667,1043.626999
2023-10-05 20:00:00,2096.576,2514.804001,1521.0545000000002,2402.050834,582.268,1046.574
2023-10-05 21:00:00,2072.4210000000003,2378.834333,1453.101001,2279.5190039999998,564.562,1041.464999
2023-10-05 22:00:00,1859.164,2137.8526659999998,1337.3013329999999,2052.271624,527.174,956.305667
2023-10-05 23:00:00,1623.032333,1856.831666,1200.6158320000002,1775.44903,437.009,813.763667
2023-10-06 00:00:00,1410.358,1574.665667,988.725666,1504.812567,382.943,700.4549999999999
2023-10-06 01:00:00,1201.177,1380.127333,874.344833,1344.4785630000001,327.73400000000004,609.8373339999999
2023-10-06 02:00:00,1060.597,1258.417,800.0153339999999,1221.6009629999999,295.267,542.004667
2023-10-06 03:00:00,986.7500000000001,1198.3046669999999,753.0239999999999,1130.961197,276.83400000000006,507.675334
2023-10-06 04:00:00,951.594001,1151.052334,737.829667,1118.342568,265.31,499.858667
2023-10-06 05:00:00,971.1633340000001,1189.538,768.3130000000001,1147.781096,276.033,527.492
2023-10-06 06:00:00,1130.951337,1315.016667,847.816,1292.393198,313.533,553.019
2023-10-06 07:00:00,1218.773,1548.9463329999999,975.621333,1443.631664,377.68999999999994,665.701
2023-10-06 08:00:00,1343.8600000000001,1757.798666,1058.390334,1570.420232,421.574,691.402
2023-10-06 09:00:00,1371.766333,1740.8446669999998,1122.7513319999998,1612.827196,416.697,717.6179999999999
2023-10-06 10:00:00,1500.943334,1769.637334,1115.0336670000002,1667.188701,410.314,774.840333
2023-10-06 11:00:00,1537.650666,1758.755667,1116.253667,1738.0259310000001,394.648,792.532667
2023-10-06 12:00:00,1575.308,1800.907334,1235.740334,1817.5377990000002,425.31600000000003,817.096
2023-10-06 13:00:00,1662.681,1896.2673330000002,1241.386333,1890.162364,454.03,859.511667
2023-10-06 14:00:00,1679.882,1921.906,1306.404,1922.293229,456.659,903.232667
2023-10-06 15:00:00,1783.301,2072.807334,1343.481667,2019.708864,475.892,933.655
2023-10-06 16:00:00,1842.4649999999997,2298.956,1487.58,2183.549366,530.5060000000001,1035.299
2023-10-06 17:00:00,1961.7379999999998,2548.384,1621.1404989999999,2262.4057980000002,590.917,1109.212
2023-10-06 18:00:00,2039.5189999999998,2645.951333,1673.189,2337.191903,625.375,1126.804
2023-10-06 19:00:00,2049.311,2618.825334,1644.8996670000001,2369.97023,633.2339999999999,1127.5880000000002
2023-10-06 20:00:00,2093.348,2532.993,1616.785334,2382.936931,615.729,1088.759333
2023-10-06 21:00:00,1969.959,2400.776,1516.402,2279.127198,600.4200000000001,1059.830667
2023-10-06 22:00:00,1790.174,2219.208333,1403.933,2108.8781,505.398,930.1899999999999
2023-10-06 23:00:00,1664.614,1971.349001,1289.625333,1933.46863,482.314,878.442333
2023-10-07 00:00:00,1457.494,1683.5040000000001,1131.087,1669.190397,412.75300000000004,739.7090000000001
2023-10-07 01:00:00,1278.612,1517.415999,968.751,1511.841466,346.98,646.456
2023-10-07 02:00:00,1147.0430000000001,1354.616334,891.4569999999999,1319.7166320000001,301.504,584.5936670000001
2023-10-07 03:00:00,1068.827,1251.4066659999999,817.781667,1252.467299,299.928,543.564667
2023-10-07 04:00:00,1028.328,1197.6783340000002,798.794666,1191.407934,273.354,515.9036659999999
2023-10-07 05:00:00,1014.4130000000001,1162.4663329999998,777.6833330000001,1179.9726289999999,264.005,536.307
2023-10-07 06:00:00,1056.056,1195.309,786.046001,1202.489664,291.217,558.93
2023-10-07 07:00:00,1080.035,1357.565001,898.335,1254.0210009999998,320.14700000000005,612.879
2023-10-07 08:00:00,1279.719,1609.8583330000001,1020.036,1551.927334,364.17,663.754333
2023-10-07 09:00:00,1489.887667,1823.6946659999999,1162.6236669999998,1742.186862,405.938,770.486667
2023-10-07 10:00:00,1702.380333,1984.712,1239.217667,1929.3063629999997,463.69800000000004,842.060333
2023-10-07 11:00:00,1851.42,2073.660666,1391.089333,2032.511262,509.75600000000003,924.054
2023-10-07 12:00:00,1973.8680000000002,2231.635,1458.002,2161.710233,543.317,987.952
2023-10-07 13:00:00,1984.872,2324.641667,1517.506833,2245.843798,551.079,1026.8506670000002
2023-10-07 14:00:00,2030.652,2478.902333,1582.3553330000002,2289.730197,589.4100000000001,1050.867667
2023-10-07 15:00:00,2120.562,2624.281666,1686.223,2393.152499,627.2330000000001,1090.226
2023-10-07 16:00:00,2221.1169999999997,2817.986667,1792.9531669999997,2554.306723,645.848,1160.460333
2023-10-07 17:00:00,2247.1150000000002,2982.699667,1875.5393330000002,2594.194634,678.0169999999999,1223.9470000000001
2023-10-07 18:00:00,2320.4150010000003,3050.0953329999998,1912.439,2647.280734,686.1129999999999,1237.422333
2023-10-07 19:00:00,2188.742666,2923.797,1810.7246679999998,2602.960964,668.896,1195.2649999999999
2023-10-07 20:00:00,2194.051,2811.1450000000004,1729.9603339999999,2525.854596,682.924,1125.46
2023-10-07 21:00:00,2106.567667,2557.320333,1650.056667,2441.735563,620.0070000000001,1056.785
2023-10-07 22:00:00,1930.971333,2308.397667,1477.673334,2222.923268,565.36,975.4733329999999
2023-10-07 23:00:00,1694.780333,2049.0106670000005,1323.762834,1952.4091670000003,502.803,867.263333
2023-10-08 00:00:00,1495.9450000000002,1779.499,1165.74,1732.350227,419.51599999999996,767.0656670000001
2023-10-08 01:00:00,1320.0763339999999,1517.833,1020.887333,1496.5009289999998,377.72,677.3000000000001
2023-10-08 02:00:00,1186.634334,1338.972,915.6440000000001,1287.854335,316.376333,612.29
2023-10-08 03:00:00,1055.936668,1238.882334,823.129332,1197.502935,293.64533300000005,551.762334
2023-10-08 04:00:00,1017.458333,1172.819,754.224833,1137.9122029999999,261.32300000000004,520.693
2023-10-08 05:00:00,983.799334,1161.115667,757.391333,1120.184765,267.95,522.3516669999999
2023-10-08 06:00:00,998.817667,1204.361333,786.8574990000001,1142.279264,280.222,525.1273329999999
2023-10-08 07:00:00,1058.053,1327.9916670000002,864.8763329999999,1251.427568,306.578333,566.952666
2023-10-08 08:00:00,1236.0800000000002,1540.185667,1005.746666,1424.5465320000003,356.32966700000003,640.914667
2023-10-08 09:00:00,1490.703,1830.476334,1177.054832,1626.421462,423.270333,735.8520000000001
2023-10-08 10:00:00,1703.399334,1921.807,1318.082332,1889.254801,488.483333,854.6569999999999
2023-10-08 11:00:00,1807.7219999999998,1998.8170000000002,1315.408,2006.204634,481.80199999999996,924.453334
2023-10-08 12:00:00,1870.0993330000001,2032.0136659999998,1411.8415009999999,2127.609767,502.92199999999997,961.912334
2023-10-08 13:00:00,1917.551,2185.6006669999997,1491.2036670000002,2192.3124310000003,550.155,1043.314333
2023-10-08 14:00:00,1923.875,2258.456,1479.282334,2254.48953,545.279,1073.5163320000001
2023-10-08 15:00:00,1932.6146669999998,2420.434667,1600.552334,2367.167764,559.686,1131.4740000000002
2023-10-08 16:00:00,2012.237333,2688.5893340000002,1681.6019999999999,2433.97553,605.761,1170.522667
2023-10-08 17:00:00,2171.0609999999997,2930.2133329999997,1861.2570019999998,2597.045297,686.4000000000001,1163.569667
2023-10-08 18:00:00,2263.0333339999997,3054.5823330000003,1899.775001,2632.3876,690.2909999999999,1209.9313330000002
2023-10-08 19:00:00,2283.2356680000003,2992.890668,1832.031833,2656.0746689999996,704.2610000000001,1181.185
2023-10-08 20:00:00,2312.184333,2927.508333,1718.175333,2659.826163,667.248,1172.5553329999998
2023-10-08 21:00:00,2165.6083340000005,2665.992,1627.740834,2418.374062,610.605,1080.8293330000001
2023-10-08 22:00:00,1901.3950000000002,2294.340334,1438.0383339999998,2185.0743979999997,550.6379999999999,987.284
2023-10-08 23:00:00,1592.653667,1902.477,1265.166334,1867.8806690000001,480.85699999999997,879.592
2023-10-09 00:00:00,1359.4883329999998,1644.3303329999999,1039.707331,1557.976663,378.847,747.588
2023-10-09 01:00:00,1191.135,1428.473333,890.858834,1368.7615660000001,315.61699999999996,643.402
2023-10-09 02:00:00,1069.163333,1287.145,817.9166660000001,1243.254231,294.174,572.054
2023-10-09 03:00:00,993.4813330000001,1202.690666,766.8491670000001,1136.5861,267.854,536.913333
2023-10-09 04:00:00,976.4246680000001,1164.2036669999998,742.2458330000001,1095.536965,254.825667,501.96666700000003
2023-10-09 05:00:00,992.985666,1236.215333,775.8926670000001,1152.246627,272.280666,519.728667
2023-10-09 06:00:00,1107.708001,1305.621999,855.730668,1264.551999,292.445,552.985334
2023-10-09 07:00:00,1233.093667,1554.853,1001.9936670000001,1424.446234,331.90999999999997,652.914334
2023-10-09 08:00:00,1348.954667,1717.215667,1089.592,1594.1506630000001,402.41,687.097
2023-10-09 09:00:00,1436.939333,1796.375,1109.295333,1567.6823319999999,407.29499999999996,700.359
2023-10-09 10:00:00,1462.3336669999999,1833.527333,1145.9655,1660.746421,404.77700000000004,711.889
2023-10-09 11:00:00,1496.253667,1871.3576659999999,1164.243332,1695.795724,439.57800000000003,745.667
2023-10-09 12:00:00,1579.964667,1924.388667,1209.4773329999998,1702.364998,425.053,805.2289999999999
2023-10-09 13:00:00,1642.38,1940.751,1246.2213350000002,1791.3938979999998,434.227,834.886
2023-10-09 14:00:00,1613.827,1881.186334,1212.8860009999999,1742.4977370000001,424.752333,869.1759999999999
2023-10-09 15:00:00,1607.022,1899.3706680000003,1209.586333,1773.127599,425.743334,869.0
2023-10-09 16:00:00,1714.267667,1910.623666,1216.0836669999999,1852.459632,456.58500000000004,871.5550000000001
2023-10-09 17:00:00,1869.7779999999998,2139.333999,1374.143668,2053.148631,480.65999999999997,958.332
2023-10-09 18:00:00,1939.018333,2304.693333,1474.651666,2219.929032,525.173,1011.0229999999999
2023-10-09 19:00:00,2095.931,2395.0196669999996,1549.983166,2355.364865,585.8520000000001,1093.339333
2023-10-09 20:00:00,2145.2526669999997,2392.318666,1536.7861679999999,2273.8342000000002,570.684,1072.185
2023-10-09 21:00:00,2017.190667,2323.254333,1444.919333,2192.901434,560.3330000000001,1012.827
2023-10-09 22:00:00,1714.842,2073.831,1310.4305,1983.1562020000001,481.971,934.858
2023-10-09 23:00:00,1476.914333,1745.481,1149.912334,1755.1608959999999,425.115,783.0029999999999
2023-10-10 00:00:00,1287.938,1518.525667,941.792832,1464.394202,360.83500000000004,684.258333
2023-10-10 01:00:00,1129.742666,1336.2746659999998,850.302,1300.04423,311.148,602.55
2023-10-10 02:00:00,1044.7583330000002,1249.6313329999998,771.2066669999999,1137.764067,278.42600000000004,547.400333
2023-10-10 03:00:00,997.138333,1200.6023340000002,767.2010009999999,1092.00423,270.731,552.8146669999999
2023-10-10 04:00:00,977.011667,1180.985001,730.468667,1068.496065,265.65600000000006,502.508
2023-10-10 05:00:00,985.0173340000001,1237.174,769.784667,1157.6966969999999,277.37699999999995,512.657
2023-10-10 06:00:00,1164.075667,1343.511667,872.3729979999999,1256.385169,298.722,593.5710000000001
2023-10-10 07:00:00,1300.1970000000001,1644.966,1047.084667,1493.424302,368.785,716.941667
2023-10-10 08:00:00,1430.6339990000001,1879.355666,1125.088666,1687.005568,445.347,774.9666669999999
2023-10-10 09:00:00,1408.7913330000001,1891.530667,1167.4620009999999,1668.028702,426.699667,770.719
2023-10-10 10:00:00,1485.616666,1908.537,1224.309667,1714.927129,433.58733400000006,763.547
2023-10-10 11:00:00,1585.438333,1909.960666,1267.826667,1729.0303979999999,440.35999999999996,806.58
2023-10-10 12:00:00,1582.577667,1880.7896669999998,1261.802667,1754.248604,437.129,885.837
2023-10-10 13:00:00,1676.016667,1802.225667,1160.592999,1731.388765,409.457,882.870667
2023-10-10 14:00:00,1587.984667,1781.592334,1137.0485,1721.022766,422.9,852.311666
2023-10-10 15:00:00,1573.1996669999999,1825.901,1159.734667,1719.772699,419.79999999999995,877.048
2023-10-10 16:00:00,1768.76,1858.728999,1201.862333,1862.242162,429.739,891.078667
2023-10-10 17:00:00,1872.2893330000002,2075.077,1340.670334,1998.7547329999998,494.27500000000003,1021.294334
2023-10-10 18:00:00,2047.204334,2287.705666,1459.538667,2225.266965,553.121333,1074.305
2023-10-10 19:00:00,2086.794334,2422.5379999999996,1579.0073340000001,2304.622032,572.164,1097.349666
2023-10-10 20:00:00,2095.958,2410.988333,1563.325334,2291.350495,585.847,1052.880667
2023-10-10 21:00:00,1999.4309999999998,2283.019333,1420.246333,2230.199035,531.394,1015.4696670000001
2023-10-10 22:00:00,1850.116,2078.309,1328.317833,2050.247366,527.787,996.230666
2023-10-10 23:00:00,1551.592,1814.435667,1144.149167,1730.556532,451.417,813.845999
2023-10-11 00:00:00,1362.1280000000002,1576.373667,985.7451659999999,1485.236832,385.09099999999995,698.530333
2023-10-11 01:00:00,1193.632,1390.304,881.648167,1307.293768,341.38599999999997,658.4483319999999
2023-10-11 02:00:00,1090.074,1300.132,817.8000000000001,1183.908632,301.01,566.6359990000001
2023-10-11 03:00:00,1053.335,1265.0513330000003,804.0183340000001,1142.177998,292.969,543.732998
2023-10-11 04:00:00,1040.492,1252.758668,783.931334,1143.251263,300.58500000000004,545.5906669999999
2023-10-11 05:00:00,1079.6329999999998,1355.790334,830.474001,1200.629697,303.846,584.8986669999999
2023-10-11 06:00:00,1242.9789999999998,1452.783,921.2883340000001,1348.37593,339.65,642.882667
2023-10-11 07:00:00,1379.571,1715.7343339999998,1087.2893330000002,1542.5687619999999,403.461,737.1940000000001
2023-10-11 08:00:00,1505.389,1943.6060000000002,1173.171999,1726.584664,435.23400000000004,829.0066669999999
2023-10-11 09:00:00,1597.966,2013.761,1232.772333,1765.801465,436.031,862.230667
2023-10-11 10:00:00,1659.804,1981.5853339999999,1278.856334,1804.045831,448.095,853.7356669999999
2023-10-11 11:00:00,1726.6860000000001,1995.263666,1282.3360000000002,1779.734031,454.138,890.546
2023-10-11 12:00:00,1703.663333,1984.6260000000002,1336.8493330000001,1861.845499,459.703,914.205333
2023-10-11 13:00:00,1680.8923329999998,1911.569667,1258.8626669999999,1830.7945949999998,462.76,890.24
2023-10-11 14:00:00,1663.281,1831.085667,1195.9989999999998,1765.7529289999998,454.93499999999995,866.267
2023-10-11 15:00:00,1630.603,1789.439,1184.052666,1777.4673990000001,443.21799999999996,901.570333
2023-10-11 16:00:00,1646.6680000000001,1863.6190000000001,1202.5339999999999,1900.7664989999998,470.36400000000003,908.5630000000001
2023-10-11 17:00:00,1858.901,2068.727,1339.914334,2013.303665,501.425,1041.443333
2023-10-11 18:00:00,2025.663,2193.022999,1449.8944999999999,2208.543965,537.006,1118.272
2023-10-11 19:00:00,2085.399,2289.6426659999997,1526.375,2358.706365,575.698,1144.196334
2023-10-11 20:00:00,2192.357,2370.5989999999997,1536.656833,2363.4406580000004,569.432,1131.146
2023-10-11 21:00:00,2031.666,2264.2450000000003,1446.042999,2190.110764,546.614,1067.7060000000001
2023-10-11 22:00:00,1835.004,2073.5716669999997,1359.624667,1983.444497,491.368,968.541334
2023-10-11 23:00:00,1622.9669999999999,1822.0366669999999,1196.603334,1761.463994,439.982,872.815666
2023-10-12 00:00:00,1429.136667,1568.161,1002.0139999999999,1540.998767,384.46799999999996,717.104333
2023-10-12 01:00:00,1203.9650000000001,1366.675667,893.9676649999999,1383.378263,330.249,627.800334
2023-10-12 02:00:00,1086.638667,1279.653001,833.140167,1228.346395,309.48699999999997,568.892665
2023-10-12 03:00:00,1034.058,1258.189001,798.5668340000001,1170.124897,286.171,543.694667
2023-10-12 04:00:00,1022.3803330000001,1201.1203329999998,767.873332,1150.742135,278.29200000000003,539.247
2023-10-12 05:00:00,1065.147667,1275.894333,810.147167,1236.324572,301.71299999999997,554.695666
2023-10-12 06:00:00,1219.376667,1408.463666,925.474333,1370.703529,329.82399999999996,626.207333
2023-10-12 07:00:00,1386.855667,1688.222667,1051.4936670000002,1550.0834949999999,387.53499999999997,742.8156670000001
2023-10-12 08:00:00,1465.77,1835.0266669999999,1167.0646660000002,1724.405601,437.598667,787.1980000000001
2023-10-12 09:00:00,1495.522,1777.3200000000002,1177.867667,1689.57913,435.16499999999996,820.7180000000001
2023-10-12 10:00:00,1558.7469999999998,1820.608667,1189.685,1740.0287950000002,442.48199999999997,778.154333
2023-10-12 11:00:00,1555.326333,1776.705,1170.2146670000002,1712.355264,436.19100000000003,812.240666
2023-10-12 12:00:00,1550.645667,1767.443999,1180.655,1720.426938,416.2,817.073
2023-10-12 13:00:00,1489.5333329999999,1782.877333,1168.341,1712.951869,394.789,833.013
2023-10-12 14:00:00,1537.642667,1797.412333,1101.143,1648.8346000000001,411.54,768.393666
2023-10-12 15:00:00,1509.970667,1800.252333,1120.1509999999998,1656.831764,393.209,750.796
2023-10-12 16:00:00,1618.0803329999999,1810.899,1178.955,1742.6053009999998,421.74199999999996,817.558
2023-10-12 17:00:00,1715.353,1979.2396669999998,1239.142333,1991.9160620000002,478.439,860.162666
2023-10-12 18:00:00,1826.771667,2109.963667,1351.262,2113.982964,519.422,962.259
2023-10-12 19:00:00,1940.6840000000002,2239.516334,1486.6680000000001,2151.0187349999997,570.898,1037.6293329999999
2023-10-12 20:00:00,2031.9270000000001,2363.2270009999997,1470.9316670000003,2234.617199,545.191,1085.7056659999998
2023-10-12 21:00:00,1938.130333,2213.1633329999995,1392.0166669999999,2147.0689,540.616,983.156334
2023-10-12 22:00:00,1748.8286670000002,2078.863666,1321.7659999999998,1983.8174969999998,488.54900000000004,918.860667
2023-10-12 23:00:00,1542.081333,1839.527666,1152.998333,1700.0979320000001,436.656,856.2660000000001
2023-10-13 00:00:00,1356.1889999999999,1587.777667,975.827333,1506.450501,389.42099999999994,731.851667
2023-10-13 01:00:00,1177.424,1460.3503329999999,837.675,1341.784299,345.043,618.169
2023-10-13 02:00:00,1053.27,1297.5420000000001,799.3646669999999,1176.9556320000002,306.717,551.67
2023-10-13 03:00:00,993.869,1234.876667,748.8373320000001,1136.8753980000001,304.821,526.341
2023-10-13 04:00:00,984.354,1213.4533340000003,763.290333,1131.029466,292.969,499.76666700000004
2023-10-13 05:00:00,1010.08,1256.247,786.69,1159.3165319999998,299.636,529.247
2023-10-13 06:00:00,1111.94,1358.834667,877.7479999999999,1249.407131,325.662,591.011
2023-10-13 07:00:00,1260.415,1547.3113329999999,996.9973319999999,1386.8616670000001,376.334,667.952333
2023-10-13 08:00:00,1374.9699999999998,1747.890666,1134.777999,1580.0255670000001,442.342,713.895334
2023-10-13 09:00:00,1475.638334,1862.4596669999999,1199.565,1649.383501,427.2,752.044667
2023-10-13 10:00:00,1545.039667,1914.8523340000002,1247.926667,1714.130202,459.558,775.742667
2023-10-13 11:00:00,1602.196,1822.968,1190.763667,1771.41493,453.598,856.7363330000001
2023-10-13 12:00:00,1667.9945000000002,1832.342334,1239.355667,1830.724465,433.299,865.852
2023-10-13 13:00:00,1643.121,1799.4553329999999,1228.478,1785.222262,448.148,839.985
2023-10-13 14:00:00,1666.382,1756.2220000000002,1189.644333,1797.3737609999998,469.219,834.124
2023-10-13 15:00:00,1662.2999999999997,1811.2993339999998,1194.233,1799.132335,454.562,865.4870000000001
2023-10-13 16:00:00,1707.495665,1867.9050000000002,1201.3663330000002,1845.447898,474.47,886.988
2023-10-13 17:00:00,1830.583333,1976.291,1336.637999,1958.947164,501.152,970.636335
2023-10-13 18:00:00,1890.8429999999998,2193.980333,1408.877333,2116.923369,551.52,986.6093340000001
2023-10-13 19:00:00,1994.382,2275.190334,1449.8553339999999,2184.031135,574.502,1022.644001
2023-10-13 20:00:00,1955.187,2209.884,1432.274001,2105.931102,570.365,995.053333
2023-10-13 21:00:00,1836.650333,2056.112,1383.009999,2005.2380980000003,548.931,974.8316669999999
2023-10-13 22:00:00,1689.905667,1922.465333,1279.741332,1892.8491589999999,506.84,925.922
2023-10-13 23:00:00,1551.7333330000001,1764.0120009999998,1136.878666,1738.587462,424.978,796.984667
2023-10-14 00:00:00,1353.099666,1568.119,1033.722665,1523.340897,378.85400000000004,723.377334
2023-10-14 01:00:00,1255.920333,1380.6119989999997,883.4255,1381.705163,327.00199999999995,637.162333
2023-10-14 02:00:00,1126.246667,1249.261334,807.6285,1266.939468,294.01599999999996,568.864667
2023-10-14 03:00:00,1038.271,1208.572666,766.5309990000001,1184.2471,286.671,535.311334
2023-10-14 04:00:00,1002.971333,1197.477667,740.8803350000001,1113.484865,286.209,507.89633200000003
2023-10-14 05:00:00,1017.057999,1233.743333,782.6346679999999,1145.3824650000001,269.99699999999996,494.020666
2023-10-14 06:00:00,1053.7983330000002,1327.277,842.624333,1170.10129,290.094,538.771
2023-10-14 07:00:00,1136.826666,1440.098668,922.550999,1291.161617,335.83400000000006,589.385334
2023-10-14 08:00:00,1341.370334,1678.793333,1053.670668,1517.2643670000002,401.84799999999996,665.9013339999999
2023-10-14 09:00:00,1517.864,1909.416666,1247.6706669999999,1727.849259,462.93100000000004,849.497666
2023-10-14 10:00:00,1759.029333,2047.23,1341.273667,1893.272796,480.855,916.3703330000001
2023-10-14 11:00:00,1867.385667,2090.986666,1410.8643339999999,1994.670635,531.788,910.105
2023-10-14 12:00:00,1983.8226670000001,2067.7410000000004,1423.229,2044.417864,503.269,941.259667
2023-10-14 13:00:00,1989.312667,2013.648667,1360.8225,2035.3938949999997,528.352,956.828
2023-10-14 14:00:00,1874.411,2018.6043330000002,1298.722166,1971.2259629999999,498.497,943.297
2023-10-14 15:00:00,1908.5130000000001,2048.702666,1329.691667,2002.549597,481.556,930.806333
2023-10-14 16:00:00,1857.887334,2074.516667,1325.3856660000001,2019.5923619999999,517.966,928.36
2023-10-14 17:00:00,1911.6409999999998,2148.964667,1412.510665,2056.7916020000002,562.453,1002.714334
2023-10-14 18:00:00,1977.901333,2268.129333,1462.545167,2149.212966,586.56,998.341
2023-10-14 19:00:00,1998.447667,2297.776,1552.852998,2219.564365,606.267,1004.3316669999999
2023-10-14 20:00:00,1962.720334,2236.752,1455.869335,2193.573896,566.443,989.5029999999999
2023-10-14 21:00:00,1873.6766670000002,2132.116333,1403.6680000000001,2113.193033,521.8879999999999,965.116
2023-10-14 22:00:00,1750.127,1994.142667,1269.2655,1931.854362,480.027,886.2259999999999
2023-10-14 23:00:00,1594.876334,1784.5406669999998,1161.263833,1812.236797,439.06000000000006,797.2719999999999
2023-10-15 00:00:00,1375.804,1568.877,1011.796834,1589.0737980000001,402.576,697.5889999999999
2023-10-15 01:00:00,1246.133334,1413.6060000000002,898.581999,1421.701034,353.132,642.901
2023-10-15 02:00:00,1098.272334,1319.777,844.311,1287.823696,323.398,581.843
2023-10-15 03:00:00,1021.900667,1248.442334,796.517001,1189.7456300000001,293.244,541.7186670000001
2023-10-15 04:00:00,1014.718,1206.097,774.366333,1141.258928,279.366,514.952
2023-10-15 05:00:00,994.96,1207.6676670000002,744.7699990000001,1147.5699330000002,277.466,525.111666
2023-10-15 06:00:00,1043.893,1262.782333,813.9948330000001,1204.716732,288.09000000000003,554.048
2023-10-15 07:00:00,1119.8780000000002,1385.4866670000001,916.659999,1270.82533,328.476,624.9696670000001
2023-10-15 08:00:00,1313.728,1631.0056670000001,1079.859166,1455.676833,389.12600000000003,701.545667
2023-10-15 09:00:00,1578.91,1944.505334,1255.239499,1725.7204649999999,453.28499999999997,851.6793329999999
2023-10-15 10:00:00,1857.855333,2095.4620000000004,1379.0229989999998,1938.975265,528.054,897.665667
2023-10-15 11:00:00,1950.368333,2130.741,1373.827,2065.318297,520.87,952.886
2023-10-15 12:00:00,1946.909,2192.3816659999998,1422.607,2160.459764,531.5240000000001,1018.066
2023-10-15 13:00:00,1951.4866670000001,2149.351667,1409.871665,2223.233731,540.3430000000001,1029.932667
2023-10-15 14:00:00,1839.566667,2134.9120000000003,1401.033501,2085.502598,509.0,977.542
2023-10-15 15:00:00,1782.701333,2104.310667,1417.7575000000002,2162.116864,511.448,973.634
2023-10-15 16:00:00,1797.379,2159.522334,1370.4263329999999,2190.5832010000004,526.7280000000001,982.904
2023-10-15 17:00:00,1906.6599999999999,2294.319333,1429.475,2115.229631,558.4590000000001,1044.8649999999998
2023-10-15 18:00:00,2016.922,2437.429666,1539.356834,2342.5852339999997,593.768,1066.861666
2023-10-15 19:00:00,2076.850333,2574.854668,1589.694335,2459.327566,614.432,1151.7069999999999
2023-10-15 20:00:00,2193.84,2530.210333,1586.282334,2445.8566630000005,628.056,1126.337
2023-10-15 21:00:00,2044.5590000000002,2390.771,1452.4196660000002,2337.989228,595.398,1078.557
2023-10-15 22:00:00,1857.952,2090.4953339999997,1376.566668,2095.314035,530.704,948.261
2023-10-15 23:00:00,1560.267,1877.970667,1176.4769999999999,1809.0558970000002,448.03099999999995,806.758333
2023-10-16 00:00:00,1368.387,1595.2543329999999,972.140167,1505.717067,394.884,705.173334
2023-10-16 01:00:00,1200.542,1389.996333,844.0830000000001,1324.7431660000002,344.991,587.4563330000001
2023-10-16 02:00:00,1023.502333,1250.476,788.426667,1191.364661,307.337,536.582333
2023-10-16 03:00:00,989.109667,1167.196666,749.4775000000001,1093.848935,290.92,513.131999
2023-10-16 04:00:00,974.585334,1189.2906670000002,744.9234999999999,1111.799605,280.39300000000003,518.248334
2023-10-16 05:00:00,1003.8100009999999,1264.554,769.675335,1140.805996,277.543,534.406333
2023-10-16 06:00:00,1138.1446669999998,1356.656999,866.888333,1256.259497,314.34000000000003,599.756001
2023-10-16 07:00:00,1297.4296669999999,1633.005,1026.608334,1458.312729,369.406,692.2363339999999
2023-10-16 08:00:00,1475.5290009999999,1854.935667,1124.759667,1630.488461,429.685333,721.512667
2023-10-16 09:00:00,1505.990333,1948.8310000000001,1180.903499,1595.209962,426.87866699999995,760.582
2023-10-16 10:00:00,1600.201,1874.4879999999998,1249.1589999999999,1708.978733,475.918667,801.2736659999999
2023-10-16 11:00:00,1658.333333,1891.827333,1288.199334,1786.773697,457.96000000000004,816.847667
2023-10-16 12:00:00,1628.795,1968.231,1289.918334,1794.7646960000002,462.651333,878.627
2023-10-16 13:00:00,1722.990667,1962.056,1300.995,1783.112394,469.206,869.209666
2023-10-16 14:00:00,1689.825667,1830.8713340000002,1215.498999,1794.237898,441.75,803.534667
2023-10-16 15:00:00,1667.835333,1859.0490009999999,1153.7303339999999,1803.9507290000001,448.19399999999996,830.263
2023-10-16 16:00:00,1803.430667,1876.649666,1251.813166,1882.3379980000002,460.154,928.624
2023-10-16 17:00:00,1896.215333,2156.090999,1398.398666,2059.51573,522.1110000000001,1001.1196669999999
2023-10-16 18:00:00,2052.257001,2369.9213330000002,1468.732665,2252.5797920000005,550.472,1062.1773329999999
2023-10-16 19:00:00,2133.095999,2463.5786669999998,1557.623333,2431.647204,600.297,1097.942333
2023-10-16 20:00:00,2208.407666,2480.4716660000004,1548.6993320000001,2380.160263,623.672,1097.479666
2023-10-16 21:00:00,2013.9099999999999,2337.2203329999998,1484.408669,2238.011027,589.577,1042.809667
2023-10-16 22:00:00,1846.987334,2148.9610000000002,1309.8169990000001,1996.6307350000002,530.096,957.070334
2023-10-16 23:00:00,1591.2773320000001,1863.942,1179.149667,1778.107397,448.861,829.5286669999999
2023-10-17 00:00:00,1372.019333,1595.875667,1009.451833,1524.777866,387.805,740.373333
2023-10-17 01:00:00,1195.207666,1397.122666,864.1876669999999,1352.9421320000001,347.20000000000005,629.1189999999999
2023-10-17 02:00:00,1109.344333,1302.0686660000001,794.315668,1225.563338,305.33799999999997,599.62
2023-10-17 03:00:00,1016.352334,1273.476334,777.729334,1148.352896,293.507,536.876
2023-10-17 04:00:00,1034.404333,1271.950668,781.860166,1176.965162,286.89,517.033667
2023-10-17 05:00:00,1095.4725,1338.6370000000002,821.039002,1244.925799,296.686,596.121333
2023-10-17 06:00:00,1198.349334,1498.791334,916.755332,1362.71483,345.876,650.7256669999999
2023-10-17 07:00:00,1427.034667,1743.896,1122.038667,1589.335469,407.88,759.5699999999999
2023-10-17 08:00:00,1525.0366669999999,2011.112666,1187.009335,1788.947238,474.162,821.182
2023-10-17 09:00:00,1499.981,1937.0096669999998,1260.895665,1714.598231,430.451,793.289
2023-10-17 10:00:00,1515.173333,1842.915,1215.122666,1743.314558,424.06,777.731
2023-10-17 11:00:00,1559.449,1792.181333,1196.201001,1738.309103,394.913,777.8796659999999
2023-10-17 12:00:00,1602.601,1723.5386669999998,1202.530334,1736.794458,421.90400000000005,805.6360000000001
2023-10-17 13:00:00,1639.638667,1708.736667,1174.751332,1716.857896,426.565,831.256
2023-10-17 14:00:00,1595.1033340000001,1682.309667,1148.647,1729.182867,412.624,827.9649999999999
2023-10-17 15:00:00,1528.546666,1737.669,1128.000998,1667.5351649999998,405.835,792.565
2023-10-17 16:00:00,1601.763334,1804.304999,1172.5805,1815.405837,428.962,851.2416659999999
2023-10-17 17:00:00,1809.319667,1950.252,1255.0735020000002,1933.7927300000001,463.21000000000004,917.425666
2023-10-17 18:00:00,1919.418,2152.889666,1417.106169,2136.802193,514.54,974.146
2023-10-17 19:00:00,2051.9123329999998,2390.1850000000004,1480.588166,2295.397767,540.2539999999999,1099.08
2023-10-17 20:00:00,2143.325,2380.5133330000003,1495.106999,2365.334898,568.2560000000001,1081.329
2023-10-17 21:00:00,2083.4113340000004,2254.4903329999997,1426.092334,2227.585436,555.577,1019.5360000000001
2023-10-17 22:00:00,1895.1583329999999,2090.436,1333.308667,2011.1487000000002,518.935,980.201
2023-10-17 23:00:00,1608.906,1807.631667,1159.8236670000001,1728.6085600000001,439.60200000000003,806.056666
2023-10-18 00:00:00,1377.4053330000002,1564.6876670000001,985.590831,1508.3761009999998,398.927,722.499333
2023-10-18 01:00:00,1152.035667,1422.821,890.5605,1324.044098,328.725,635.424666
2023-10-18 02:00:00,1085.253333,1347.138,795.3044980000001,1248.5781000000002,298.749,601.059999
2023-10-18 03:00:00,1032.690667,1306.017,801.514333,1159.982001,294.857,557.96
2023-10-18 04:00:00,1046.721,1305.5720000000001,792.749999,1146.319861,292.83299999999997,554.613335
2023-10-18 05:00:00,1111.496,1401.7489999999998,843.710334,1219.4924959999998,314.275,620.7076650000001
2023-10-18 06:00:00,1244.837333,1553.8919999999998,943.947332,1424.506769,359.606,643.894
2023-10-18 07:00:00,1478.8793329999999,1834.145,1152.7518329999998,1603.4539949999998,437.401,803.151333
2023-10-18 08:00:00,1592.700667,2079.076,1288.962667,1840.342169,511.42600000000004,883.403333
2023-10-18 09:00:00,1620.935333,2022.647,1305.499166,1849.915461,510.29600000000005,883.457001
2023-10-18 10:00:00,1687.8960000000002,1961.3469999999998,1261.528003,1872.2307720000001,495.931333,856.106666
2023-10-18 11:00:00,1659.158667,1875.133667,1199.6326669999999,1828.752367,465.78999999999996,855.8159989999999
2023-10-18 12:00:00,1617.238667,1802.987666,1239.2736659999998,1833.700564,437.27,801.0763320000001
2023-10-18 13:00:00,1599.9973340000001,1788.206333,1231.951668,1743.3091,450.16600000000005,810.452
2023-10-18 14:00:00,1527.285,1726.527,1129.826502,1734.765737,415.977,799.285333
2023-10-18 15:00:00,1555.9416660000002,1734.525,1113.970334,1703.26493,419.309,825.358
2023-10-18 16:00:00,1610.4413339999999,1770.9899999999998,1184.6266650000002,1770.017032,428.16833299999996,853.8600000000001
2023-10-18 17:00:00,1836.615333,1963.769,1295.5810000000001,1878.027032,452.708667,924.965
2023-10-18 18:00:00,1938.637001,2161.236,1420.414832,2096.3968600000003,513.367667,1001.375
2023-10-18 19:00:00,2070.833334,2335.038667,1495.201,2279.665962,556.787333,1096.7640000000001
2023-10-18 20:00:00,2136.4539999999997,2388.6549999999997,1456.9695000000002,2330.4658630000004,601.242,1074.933333
2023-10-18 21:00:00,2028.4489989999997,2298.5299999999997,1379.565166,2275.285234,567.8530000000001,1022.077334
2023-10-18 22:00:00,1853.212,2068.178,1309.5651659999999,2071.226698,495.11033299999997,955.073334
2023-10-18 23:00:00,1577.793334,1834.699,1147.293333,1784.181424,444.35299999999995,846.923
2023-10-19 00:00:00,1366.060667,1586.99,995.9251670000001,1518.023634,390.640668,730.7059999999999
2023-10-19 01:00:00,1182.871,1418.8809999999999,866.131333,1387.981265,351.957,625.412333
2023-10-19 02:00:00,1103.318,1286.9340000000002,820.001002,1249.7178119999999,313.98633299999995,579.317333
2023-10-19 03:00:00,1044.546,1290.958,771.668332,1181.9302360000001,281.83500000000004,559.0173320000001
2023-10-19 04:00:00,1040.480333,1267.9180000000001,761.116331,1169.6639949999999,310.63300000000004,555.806
2023-10-19 05:00:00,1116.3086669999998,1351.472,822.047334,1264.2387330000001,328.242,611.6236670000001
2023-10-19 06:00:00,1275.422,1528.58,917.858332,1402.1241209999998,341.165,689.119
2023-10-19 07:00:00,1473.5443329999998,1824.9009999999998,1098.058666,1640.518394,420.582,788.694
2023-10-19 08:00:00,1573.529,2040.886,1284.120664,1791.0654299999999,516.987,875.833667
2023-10-19 09:00:00,1603.5369999999998,1951.501,1296.412335,1786.186662,487.532,857.7296670000001
2023-10-19 10:00:00,1679.961668,1945.038,1284.636334,1793.30753,447.80600000000004,870.156
2023-10-19 11:00:00,1634.0583330000002,1955.604,1275.190332,1786.755926,463.159,883.869334
2023-10-19 12:00:00,1650.699334,1930.3700000000001,1282.572001,1776.260201,427.015,905.396
2023-10-19 13:00:00,1640.726668,1866.185,1196.236999,1774.210236,430.985,891.812333
2023-10-19 14:00:00,1589.863,1745.1279999999997,1183.340001,1682.720462,415.416,850.740999
2023-10-19 15:00:00,1547.941668,1731.156,1171.640498,1710.375363,413.36199999999997,824.266333
2023-10-19 16:00:00,1587.9876649999999,1784.018,1165.5891689999999,1754.219201,409.16200000000003,855.4923329999999
2023-10-19 17:00:00,1711.308666,1941.911333,1257.5494990000002,1884.380001,461.39300000000003,922.458333
2023-10-19 18:00:00,1897.280667,2154.833,1356.1744989999997,2065.3021019999996,528.934,1002.476333
2023-10-19 19:00:00,2065.208001,2387.873,1486.383999,2273.3420340000002,564.458,1061.185
2023-10-19 20:00:00,2117.207667,2373.242,1521.819668,2258.983169,566.764,1018.883
2023-10-19 21:00:00,1989.164001,2224.3559999999998,1389.705001,2200.211868,528.692,1005.3969999999999
2023-10-19 22:00:00,1814.811333,2048.0769999999998,1307.0063340000002,1999.5518650000001,459.34799999999996,924.7570000000001
2023-10-19 23:00:00,1582.9733339999998,1829.633,1192.751334,1697.752199,432.142,856.286667
2023-10-20 00:00:00,1384.8843339999999,1572.567,986.353999,1496.737165,370.323,748.937
2023-10-20 01:00:00,1207.5353340000001,1414.164,856.150833,1322.2339700000002,321.62,607.947
2023-10-20 02:00:00,1097.5929999999998,1261.813,779.262167,1178.368301,303.772,554.782
2023-10-20 03:00:00,1028.782,1196.462667,751.534833,1132.1320230000001,290.466,497.941333
2023-10-20 04:00:00,989.0903330000001,1193.305333,757.3256650000001,1109.966169,291.763,499.332
2023-10-20 05:00:00,1038.0113350000001,1260.987333,779.833833,1162.173601,296.61399900000004,541.526333
2023-10-20 06:00:00,1187.702667,1385.1783329999998,867.1549990000001,1293.8129010000002,326.99233300000003,595.7206659999999
2023-10-20 07:00:00,1365.4850000000001,1639.532333,1033.637666,1486.142198,383.438667,713.384333
2023-10-20 08:00:00,1485.6180000000002,1882.563,1158.088334,1600.361296,423.060333,762.26
2023-10-20 09:00:00,1505.212,1895.4993330000002,1198.301168,1631.00633,452.454666,768.708
2023-10-20 10:00:00,1544.8449999999998,1902.984,1238.395833,1675.9551350000002,448.272,797.7139999999999
2023-10-20 11:00:00,1572.495,1850.239,1191.830666,1768.461867,452.401667,804.203
2023-10-20 12:00:00,1575.116667,1866.426,1198.589667,1800.4287009999998,434.85866699999997,843.675
2023-10-20 13:00:00,1605.811999,1863.419,1197.335668,1795.948328,432.542333,850.9100000000001
2023-10-20 14:00:00,1601.460666,1833.0520000000001,1182.6435000000001,1760.8684680000001,450.571333,831.478333
2023-10-20 15:00:00,1624.5819999999999,1822.0639999999999,1145.5233320000002,1768.150735,468.90700000000004,799.836334
2023-10-20 16:00:00,1684.101333,1830.9379999999999,1171.543333,1890.980165,455.558,841.415
2023-10-20 17:00:00,1763.091,1961.6980000000003,1244.707166,1958.256531,488.823,931.9296670000001
2023-10-20 18:00:00,1850.721,2082.846,1369.378667,2106.521765,531.5070000000001,1011.2736669999999
2023-10-20 19:00:00,1949.099668,2208.8639999999996,1469.697,2211.1545,517.576,1060.4453330000001
2023-10-20 20:00:00,1938.857334,2161.937,1429.082333,2167.05553,526.323,1006.8173330000001
2023-10-20 21:00:00,1934.369333,2058.265,1316.304001,2084.701225,517.282667,997.266
2023-10-20 22:00:00,1725.4809999999998,1935.781,1269.881331,1913.647898,474.391,962.269667
2023-10-20 23:00:00,1566.3890000000001,1827.191667,1163.517666,1720.6049,435.32500100000004,863.265333
2023-10-21 00:00:00,1389.752,1593.448,1047.619999,1590.232599,405.410667,762.7266670000001
2023-10-21 01:00:00,1196.3580000000002,1473.343,895.0689990000001,1379.7344950000002,349.55999999999995,660.753333
2023-10-21 02:00:00,1097.902,1363.617,821.122665,1233.847438,322.491,577.684667
2023-10-21 03:00:00,1046.296333,1270.777,784.948665,1140.7690969999999,291.27366700000005,540.660333
2023-10-21 04:00:00,1019.3539999999999,1189.392,754.332001,1133.863702,285.098,530.2189999999999
2023-10-21 05:00:00,1022.550999,1211.324,741.218666,1117.934966,282.378,559.274
2023-10-21 06:00:00,1085.316667,1263.9450000000002,809.2569980000001,1172.554294,321.534,560.311
2023-10-21 07:00:00,1164.9956670000001,1425.87,907.068334,1271.9483,365.45799999999997,644.034
2023-10-21 08:00:00,1311.9286670000001,1733.518,1068.447001,1488.478928,406.34000000000003,687.939666
2023-10-21 09:00:00,1492.0446670000001,1996.9843329999999,1256.865667,1745.5923990000001,464.232,858.265
2023-10-21 10:00:00,1746.218667,2114.9390000000003,1399.002334,1936.477092,530.3340000000001,948.785333
2023-10-21 11:00:00,1883.324,2149.6809999999996,1435.871,2031.558676,539.9670000000001,998.508666
2023-10-21 12:00:00,1921.208,2174.069333,1429.460333,2045.05373,528.019,1030.179
2023-10-21 13:00:00,1860.618,2203.2223329999997,1429.543332,2121.017825,505.94399999999996,1018.473666
2023-10-21 14:00:00,1967.420667,2149.198,1400.2946670000001,2166.666531,532.732,1044.490333
2023-10-21 15:00:00,1886.1319999999998,2128.3509999999997,1370.303835,2074.521636,537.988,986.4119999999999
2023-10-21 16:00:00,1923.6660000000002,2107.638,1384.311667,2137.365827,546.7090000000001,1029.116
2023-10-21 17:00:00,1951.1983329999998,2205.291667,1421.367332,2233.1062,537.444,1022.247667
2023-10-21 18:00:00,1972.8419999999999,2345.4579999999996,1471.2408329999998,2226.7180639999997,590.085,1047.1390000000001
2023-10-21 19:00:00,2023.15,2379.286,1561.972666,2244.075328,594.659,1036.745
2023-10-21 20:00:00,1992.9453330000001,2352.9570000000003,1524.237,2203.376195,637.059,1028.020667
2023-10-21 21:00:00,1891.648666,2273.219333,1375.9776660000002,2183.845266,587.78,963.5236669999999
2023-10-21 22:00:00,1737.88,2088.166666,1282.976832,1972.559493,531.891,892.1949999999999
2023-10-21 23:00:00,1588.761,1826.505334,1201.458665,1811.1651969999998,480.88300000000004,800.990667
2023-10-22 00:00:00,1401.848,1583.124,1061.7924990000001,1575.1747959999998,408.07833300000004,704.480333
2023-10-22 01:00:00,1241.181,1454.882,954.2318339999999,1408.6060659999998,359.02899899999994,642.0350000000001
2023-10-22 02:00:00,1155.7109999999998,1346.863,826.8055009999999,1282.3771649999999,308.887334,597.240001
2023-10-22 03:00:00,1056.013333,1266.0100000000002,769.0049999999999,1205.8093330000002,295.82733299999995,571.165
2023-10-22 04:00:00,1011.9333330000001,1228.4209999999998,748.740335,1160.431363,287.092,538.809
2023-10-22 05:00:00,1010.5543329999999,1242.482,750.306666,1168.5390280000001,277.642333,540.382667
2023-10-22 06:00:00,1057.215667,1311.523,810.916167,1219.816896,300.849666,554.597667
2023-10-22 07:00:00,1113.155667,1468.3650000000002,904.9300000000001,1281.915565,321.270667,638.570667
2023-10-22 08:00:00,1302.461,1656.452,1096.2773339999999,1527.1832650000001,386.83900000000006,695.9000000000001
2023-10-22 09:00:00,1611.839667,1969.0459999999998,1277.811667,1738.8683959999998,468.436,809.654666
2023-10-22 10:00:00,1808.0843340000001,2143.004,1402.347166,1932.425896,548.452,893.421332
2023-10-22 11:00:00,1940.339333,2193.69,1435.077333,2067.4240959999997,584.718,980.016
2023-10-22 12:00:00,1996.749667,2268.199,1475.6879990000002,2235.005494,579.2270000000001,999.933333
2023-10-22 13:00:00,2053.235,2294.231,1469.0809989999998,2204.8675679999997,589.615,1000.229333
2023-10-22 14:00:00,1961.751,2224.728,1441.201999,2174.7641999999996,578.731,1094.597
2023-10-22 15:00:00,1953.205,2242.445,1395.468001,2205.5005,557.477,1022.351
2023-10-22 16:00:00,1921.611,2228.978,1378.2653340000002,2242.384768,555.956,1053.333667
2023-10-22 17:00:00,2008.402667,2297.7470000000003,1394.478665,2286.631834,572.063,1066.8520000000003
2023-10-22 18:00:00,2052.339,2477.9629999999997,1548.214667,2439.8306949999997,568.079,1080.934
2023-10-22 19:00:00,2169.002333,2691.991,1651.092001,2516.567537,616.2679999999999,1150.927334
2023-10-22 20:00:00,2192.7036669999998,2659.661,1648.923001,2576.342068,607.0039999999999,1152.245001
2023-10-22 21:00:00,2131.73,2441.804,1525.8070010000001,2392.2419299999997,577.923,1115.180668
2023-10-22 22:00:00,1942.233,2214.876,1365.502,2145.190203,546.4470000000001,983.743666
2023-10-22 23:00:00,1662.697667,1899.843,1176.906001,1852.419529,489.851,857.0360000000001
2023-10-23 00:00:00,1432.273,1671.181,1017.108832,1578.600434,407.37300000000005,758.61
2023-10-23 01:00:00,1272.752667,1457.575,904.4998330000001,1384.993261,352.80233400000003,664.159
2023-10-23 02:00:00,1170.3600000000001,1321.784,834.985333,1325.8449620000001,311.418,571.135333
2023-10-23 03:00:00,1061.4483340000002,1288.3700000000001,802.3623339999999,1208.263065,309.151333,551.164
2023-10-23 04:00:00,1072.864334,1283.464,778.7769989999999,1217.604767,296.668333,540.3546660000001
2023-10-23 05:00:00,1123.044667,1372.414,795.344335,1262.7044640000001,306.359,592.417666
2023-10-23 06:00:00,1224.7086669999999,1488.771,910.415665,1435.942532,345.041,651.097667
2023-10-23 07:00:00,1422.8319999999999,1735.11,1109.1715,1591.673318,404.178333,786.394333
2023-10-23 08:00:00,1558.8419999999999,1973.667,1212.019667,1741.2915939999998,466.085,802.347333
2023-10-23 09:00:00,1579.487,2010.6580000000001,1288.911667,1762.250563,468.26766699999996,813.513
2023-10-23 10:00:00,1656.7269999999999,1965.304,1312.674168,1834.7588660000001,495.731,841.6569999999999
2023-10-23 11:00:00,1700.533,2022.4470000000001,1303.188334,1803.673829,472.102,874.458667
2023-10-23 12:00:00,1678.585,1982.7759999999998,1333.205334,1857.2614979999998,478.75399999999996,961.203
2023-10-23 13:00:00,1719.984,1924.963,1311.256666,1877.4881000000003,478.68100000000004,942.010666
2023-10-23 14:00:00,1677.183333,1886.413,1248.172333,1867.7490990000001,462.72900000000004,918.627667
2023-10-23 15:00:00,1705.6063330000002,1924.2350000000001,1238.589,1872.7241960000001,483.726,919.839667
2023-10-23 16:00:00,1760.7436659999998,1950.466,1269.6539989999999,2010.033396,482.868,993.652
2023-10-23 17:00:00,1967.115,2171.283,1408.453333,2162.378132,550.5060000000001,1102.854667
2023-10-23 18:00:00,2156.567,2453.85,1536.5549999999998,2352.754826,614.107,1167.9029999999998
2023-10-23 19:00:00,2281.989333,2661.9030000000002,1656.042999,2560.6387990000003,638.246,1220.181
2023-10-23 20:00:00,2300.298001,2512.88,1650.3114990000001,2526.164432,640.635,1231.429333
2023-10-23 21:00:00,2213.507333,2419.225,1533.799,2453.5354310000002,590.0930000000001,1179.04
2023-10-23 22:00:00,2011.6036669999999,2174.514,1411.5414999999998,2161.695396,525.5609999999999,1067.7026660000001
2023-10-23 23:00:00,1679.1,1940.072,1220.2368339999998,1854.269166,465.274,933.088667
2023-10-24 00:00:00,1413.438,1657.203333,1050.6654990000002,1566.6686009999999,402.48199999999997,819.719333
2023-10-24 01:00:00,1273.1863329999999,1440.158,913.362,1412.0210319999999,355.69300000000004,692.529
2023-10-24 02:00:00,1185.212666,1345.688,863.171167,1319.4882010000001,325.287,624.217001
2023-10-24 03:00:00,1117.8363330000002,1341.784,824.4616659999999,1243.225097,307.47299999999996,613.054999
2023-10-24 04:00:00,1123.731334,1327.009,808.037666,1233.685595,324.671,577.597
2023-10-24 05:00:00,1183.391334,1398.684,856.739667,1311.412804,335.224,623.755333
2023-10-24 06:00:00,1368.747667,1541.481,968.431167,1447.6755629999998,366.24233300000003,699.858667
2023-10-24 07:00:00,1501.7713330000001,1850.6709999999998,1182.114666,1751.555167,468.74366699999996,818.694
2023-10-24 08:00:00,1639.4283340000002,2051.526,1275.2790009999999,1867.105167,529.854,901.042334
2023-10-24 09:00:00,1651.332334,1984.525,1302.766001,1856.619464,520.489,902.189
2023-10-24 10:00:00,1715.523333,1953.369,1338.54,1882.964801,503.791,934.296667
2023-10-24 11:00:00,1804.5583339999998,1971.634,1329.634333,1873.002032,509.575,960.2340000000002
2023-10-24 12:00:00,1843.4396669999999,2009.263,1396.492001,1910.1222280000002,520.23,980.592
2023-10-24 13:00:00,1881.2513339999998,2013.5529999999999,1405.040999,2010.7598329999998,531.8720000000001,1006.881333
2023-10-24 14:00:00,1936.94,2021.466,1380.491666,2015.5653659999998,524.864,996.105
2023-10-24 15:00:00,1920.489,2043.4519999999998,1373.1225,2083.9402660000005,558.9649999999999,1012.697667
2023-10-24 16:00:00,1996.2190000000003,2167.9700000000003,1443.217834,2215.250795,550.1479999999999,1108.777999
2023-10-24 17:00:00,2252.198,2390.831,1578.776167,2435.2335590000002,573.669,1257.771
2023-10-24 18:00:00,2522.2113329999997,2661.841,1679.7666679999998,2741.1403920000002,658.238,1368.2730000000001
2023-10-24 19:00:00,2597.6823329999997,2774.406,1766.394499,2810.881534,695.255,1340.487
2023-10-24 20:00:00,2633.437,2714.727,1763.376167,2777.399504,699.281,1308.675
2023-10-24 21:00:00,2466.273,2570.308,1629.632333,2619.6032990000003,678.354,1292.104667
2023-10-24 22:00:00,2250.346333,2391.7886670000003,1466.4263329999999,2419.010559,626.931,1163.5203339999998
2023-10-24 23:00:00,1887.733667,2107.807667,1276.8846669999998,2070.291831,547.29,1010.031
2023-10-25 00:00:00,1600.5649990000002,1804.154,1125.438999,1821.828197,471.666,916.919
2023-10-25 01:00:00,1413.264,1588.714,987.293666,1638.953933,400.135,780.7850000000001
2023-10-25 02:00:00,1320.729333,1517.487,915.736499,1502.198999,358.049,742.643
2023-10-25 03:00:00,1263.710666,1450.661,891.3858339999999,1398.0858979999998,364.929,698.315
2023-10-25 04:00:00,1232.3473330000002,1461.201,891.978499,1378.7046329999998,376.22,691.4183340000001
2023-10-25 05:00:00,1311.0069999999998,1545.008,940.6101659999999,1477.911032,385.41900000000004,751.4943330000001
2023-10-25 06:00:00,1478.847667,1750.786,1064.38,1692.865265,436.701,812.315
2023-10-25 07:00:00,1679.18,2043.1653330000001,1296.122667,1915.7011309999998,524.062,930.5403329999999
2023-10-25 08:00:00,1819.3126659999998,2260.682667,1434.9358339999999,2114.02603,590.143,1021.469666
2023-10-25 09:00:00,1838.398001,2221.5303329999997,1485.4643350000001,2111.5061299999998,571.7250000000001,1082.827667
2023-10-25 10:00:00,1942.3629999999998,2204.873,1434.178334,2163.200699,577.8979999999999,1063.3653330000002
2023-10-25 11:00:00,1980.0369999999998,2173.7110000000002,1471.021667,2191.566001,598.001,1069.575
2023-10-25 12:00:00,2031.1479999999997,2147.381,1472.0766669999998,2184.74846,607.73,1116.032
2023-10-25 13:00:00,2067.554,2215.795,1501.565666,2315.336765,606.049,1159.307
2023-10-25 14:00:00,2058.4170000000004,2086.928,1409.712,2181.25623,559.9069999999999,1101.534
2023-10-25 15:00:00,2076.437,2057.624,1391.7656670000001,2255.5969640000003,568.037,1110.548667
2023-10-25 16:00:00,2121.353,2158.6890000000003,1451.421,2292.551397,560.669,1129.208
2023-10-25 17:00:00,2387.2870000000003,2398.1800000000003,1631.039999,2534.448829,626.778,1294.2616679999999
2023-10-25 18:00:00,2643.791,2783.893,1767.7750019999999,2834.359835,746.251,1451.8393330000001
2023-10-25 19:00:00,2771.1799999999994,2858.38,1832.5921680000001,2975.212966,801.219,1510.578
2023-10-25 20:00:00,2686.084,2807.631,1763.181666,2972.502131,777.3380000000001,1460.119
2023-10-25 21:00:00,2491.8269999999998,2664.4669999999996,1680.118,2758.001096,728.664,1368.2730000000001
2023-10-25 22:00:00,2316.5303329999997,2382.877,1514.310332,2473.909962,678.096,1269.7376669999999
2023-10-25 23:00:00,2061.3819999999996,2120.782,1347.779667,2158.2902320000003,590.4929999999999,1113.545333
2023-10-26 00:00:00,1695.318,1843.768,1173.6648329999998,1874.602764,512.371,963.461667
2023-10-26 01:00:00,1511.965667,1690.794,1037.5545000000002,1685.1682259999998,436.071,875.251667
2023-10-26 02:00:00,1373.203333,1588.227,956.784,1556.049201,406.32599999999996,797.931
2023-10-26 03:00:00,1355.356667,1506.415,927.9010000000001,1484.194898,384.683,803.3823329999999
2023-10-26 04:00:00,1355.446333,1516.835,944.647666,1498.0591709999999,384.201,778.836333
2023-10-26 05:00:00,1415.385,1583.6,1006.658332,1592.778362,407.569,822.115001
2023-10-26 06:00:00,1578.0406659999999,1809.106,1113.4939989999998,1787.395463,426.876,902.550666
2023-10-26 07:00:00,1820.612666,2128.425,1270.0295,2016.4618619999999,524.966,1043.1530010000001
2023-10-26 08:00:00,1902.36,2322.025,1453.4586669999999,2202.001099,598.857,1102.939666
2023-10-26 09:00:00,1918.213,2303.831,1482.208665,2182.7237320000004,583.29,1091.495668
2023-10-26 10:00:00,2028.21,2235.3820000000005,1512.951333,2214.509126,584.39,1105.709334
2023-10-26 11:00:00,2092.9539999999997,2259.9573330000003,1522.9369980000001,2209.6154629999996,590.683,1145.983667
2023-10-26 12:00:00,2073.543,2225.541,1507.7040000000002,2240.1792689999997,580.898,1103.7729989999998
2023-10-26 13:00:00,2070.814001,2193.504,1506.1796669999999,2187.370435,589.078,1153.2040000000002
2023-10-26 14:00:00,2031.2633339999998,2060.04,1470.222499,2126.796964,593.9,1041.4470000000001
2023-10-26 15:00:00,2003.6709999999998,2061.268,1379.358668,2079.37413,550.875,999.7639999999999
2023-10-26 16:00:00,1991.187,2051.0559999999996,1405.5123330000001,2196.852831,574.8710000000001,1096.086333
2023-10-26 17:00:00,2243.895333,2265.836,1515.514334,2388.117996,592.777,1210.4679999999998
2023-10-26 18:00:00,2490.532333,2513.764,1639.7795,2583.312368,698.027,1307.612
2023-10-26 19:00:00,2605.013833,2744.319334,1805.175667,2868.588201,740.675,1482.312667
2023-10-26 20:00:00,2648.553833,2765.253,1814.9365010000001,2965.98274,718.5029999999999,1477.1743339999998
2023-10-26 21:00:00,2577.7433330000003,2725.5543340000004,1737.670502,2843.479263,741.438,1401.261333
2023-10-26 22:00:00,2403.237,2454.078333,1611.6830000000002,2634.854092,707.136,1301.980666
2023-10-26 23:00:00,2090.0389999999998,2180.875,1394.964166,2314.9608639999997,623.073,1215.826333
2023-10-27 00:00:00,1859.0940010000002,1913.434,1218.534165,2081.295681,541.144,1025.211333
2023-10-27 01:00:00,1703.932667,1709.565,1081.379833,1844.669852,477.822,912.136001
2023-10-27 02:00:00,1558.0266659999998,1582.362,1031.9436660000001,1741.905606,453.742,859.4193329999999
2023-10-27 03:00:00,1474.568667,1546.778,968.7063330000001,1629.0571340000001,428.078,874.155
2023-10-27 04:00:00,1481.8366660000002,1574.509,984.428667,1630.636223,429.961,839.137
2023-10-27 05:00:00,1515.281334,1650.46,1036.255166,1721.783688,432.51,870.742334
2023-10-27 06:00:00,1673.813334,1843.3020000000001,1143.2543329999999,1893.8707709999999,492.523,937.917332
2023-10-27 07:00:00,1924.330334,2142.085,1405.440333,2131.152733,580.7090000000001,1069.3546660000002
2023-10-27 08:00:00,2075.563332,2356.4849999999997,1578.702333,2337.430125,660.6890000000001,1148.228333
2023-10-27 09:00:00,2089.0969990000003,2390.066,1601.935167,2425.972182,672.717,1187.9383329999998
2023-10-27 10:00:00,2138.942334,2397.129,1608.1071659999998,2442.476211,683.7929999999999,1183.4923330000001
2023-10-27 11:00:00,2129.885,2365.194333,1572.380333,2382.446234,643.647,1218.62
2023-10-27 12:00:00,2084.7569999999996,2284.802,1482.632,2335.01778,600.3599999999999,1137.0810000000001
2023-10-27 13:00:00,2076.3986670000004,2236.5,1409.2776669999998,2257.522433,600.7189999999999,1122.008
2023-10-27 14:00:00,2021.1493329999998,2134.236,1364.060334,2167.219535,594.2460000000001,1067.436
2023-10-27 15:00:00,1993.603666,2041.777,1322.6628339999997,2181.933035,574.9060000000001,1084.002334
2023-10-27 16:00:00,2092.5950000000003,2080.981,1332.713667,2219.228137,585.515,1130.037
2023-10-27 17:00:00,2247.88,2246.826,1454.9816660000001,2352.878933,648.387,1139.7359999999999
2023-10-27 18:00:00,2448.0829999999996,2510.8329999999996,1619.172833,2601.026102,660.5029999999999,1308.49
2023-10-27 19:00:00,2543.552334,2688.032333,1690.427333,2751.988894,735.744,1405.6039999999998
2023-10-27 20:00:00,2552.5789999999997,2652.860333,1691.626167,2808.1125970000003,738.819,1356.497
2023-10-27 21:00:00,2557.2025000000003,2532.828,1664.485834,2750.303197,732.1479999999999,1340.222999
2023-10-27 22:00:00,2370.330667,2462.292,1580.258333,2630.840734,680.289,1242.4833330000001
2023-10-27 23:00:00,2187.701333,2258.538,1444.473332,2375.603398,628.165,1241.88
2023-10-28 00:00:00,1920.7703330000002,2082.526,1313.241332,2220.350666,585.816,1146.602667
2023-10-28 01:00:00,1792.752667,1919.1530000000002,1229.467334,2006.918598,564.2810000000001,1010.4263330000001
2023-10-28 02:00:00,1665.915,1822.221,1149.4155,1874.076764,539.899,991.934335
2023-10-28 03:00:00,1666.1786670000001,1780.383,1093.128999,1790.479096,527.168,947.264999
2023-10-28 04:00:00,1602.047,1763.971,1111.813999,1858.9957319999999,505.14099999999996,974.4796670000001
2023-10-28 05:00:00,1622.4313339999999,1824.191,1109.125,1852.5674640000002,521.727,970.200999
2023-10-28 06:00:00,1709.034667,1903.819,1226.979,1911.659893,543.995,1067.1276659999999
2023-10-28 07:00:00,1820.5976660000001,2135.17,1373.050833,2085.9493970000003,595.2040000000001,1134.180667
2023-10-28 08:00:00,2039.185,2372.947,1573.673167,2411.04283,663.359,1221.924
2023-10-28 09:00:00,2260.3966680000003,2629.407,1788.1986670000001,2676.0950629999998,762.091,1381.5369999999998
2023-10-28 10:00:00,2558.6953329999997,2673.8379999999997,1824.016334,2805.586998,793.812,1501.403667
2023-10-28 11:00:00,2568.589333,2737.2880000000005,1738.147,2861.402196,789.697,1455.517333
2023-10-28 12:00:00,2614.052667,2662.971333,1719.624667,2837.11906,766.567,1390.124
2023-10-28 13:00:00,2546.395334,2541.566333,1717.747333,2760.1253319999996,695.9870000000001,1343.967
2023-10-28 14:00:00,2505.1846670000004,2400.856667,1582.616333,2652.0091939999998,672.501,1261.053
2023-10-28 15:00:00,2386.373,2361.207,1548.3729990000002,2501.631228,631.094,1218.648333
2023-10-28 16:00:00,2352.0609999999997,2347.1699999999996,1527.486667,2511.521895,647.412,1231.632
2023-10-28 17:00:00,2409.025,2481.378667,1570.969333,2625.356365,663.411,1205.371
2023-10-28 18:00:00,2550.611,2594.071667,1757.0410000000002,2639.962863,727.287,1301.552333
2023-10-28 19:00:00,2664.464333,2797.916333,1856.619667,2771.501332,799.6120000000001,1389.9230000000002
2023-10-28 20:00:00,2668.097167,2716.996,1835.3220000000001,2824.0004639999997,781.4549999999999,1370.395333
2023-10-28 21:00:00,2628.162166,2571.192333,1767.682,2803.978165,762.279,1363.550334
2023-10-28 22:00:00,2420.723666,2396.6989999999996,1668.9099999999999,2696.839532,723.84,1285.554666
2023-10-28 23:00:00,2239.021667,2215.4030000000002,1474.808,2410.510821,632.48,1202.5610000000001
2023-10-29 00:00:00,2026.002666,2015.859,1304.559,2203.396713,581.6010000000001,1100.847
2023-10-29 01:00:00,1914.554001,1868.528,1202.319,1993.8320629999998,524.841,1022.931
2023-10-29 02:00:00,1772.218334,1740.95,1126.4645,1843.1564959999998,492.877,955.154
2023-10-29 03:00:00,1648.385667,1703.018,1091.612,1824.800032,475.67,961.373
2023-10-29 04:00:00,1629.106333,1694.946,1100.956333,1782.002197,462.329,937.0440000000001
2023-10-29 05:00:00,1654.085,1722.536,1107.171,1846.505729,486.812,984.139
2023-10-29 06:00:00,1722.446333,1808.432,1191.8203330000001,1902.106463,523.0989999999999,995.8040000000001
2023-10-29 07:00:00,1839.534,2023.289,1343.2579999999998,2094.2352,559.498,1112.2256670000002
2023-10-29 08:00:00,2079.818333,2266.205,1583.441667,2335.997431,633.6690000000001,1222.436
2023-10-29 09:00:00,2352.680666,2562.482,1773.694334,2609.128798,725.919,1322.7379999999998
2023-10-29 10:00:00,2575.491,2668.16,1835.269334,2745.0834990000003,791.5699999999999,1412.076
2023-10-29 11:00:00,2717.0750000000003,2646.548,1813.865,2909.9771339999998,753.9699999999999,1446.988334
2023-10-29 12:00:00,2659.389333,2573.272,1806.339,2875.122665,714.542,1424.769334
2023-10-29 13:00:00,2653.450333,2601.75,1765.1396670000001,2849.577799,703.558,1334.048
2023-10-29 14:00:00,2508.895,2516.233,1694.132,2696.708098,670.461,1294.57
2023-10-29 15:00:00,2441.301,2456.9449999999997,1587.757334,2627.995566,695.458,1296.222999
2023-10-29 16:00:00,2411.1490000000003,2458.785,1573.001333,2631.784133,686.7149999999999,1287.382667
2023-10-29 17:00:00,2502.071,2590.521,1707.9426669999998,2726.1705970000003,683.051,1350.909
2023-10-29 18:00:00,2598.488334,2875.5289999999995,1844.136001,2927.354932,706.887,1420.779667
2023-10-29 19:00:00,2763.5240009999998,3034.266,1913.144334,3135.125599,810.236,1470.155667
2023-10-29 20:00:00,2881.103667,3021.475,1863.772667,3167.613965,804.732,1555.9823330000002
2023-10-29 21:00:00,2825.024,2811.13,1796.631333,2961.9677659999998,790.54,1466.715666
2023-10-29 22:00:00,2584.003333,2553.7619999999997,1645.1529999999998,2742.4093660000003,700.915,1393.005333
2023-10-29 23:00:00,2256.659334,2283.7963330000002,1468.579333,2371.131996,628.304,1243.677
2023-10-30 00:00:00,1958.7673329999998,1933.1480000000001,1262.961667,2111.450666,543.557,1137.173
2023-10-30 01:00:00,1795.435,1762.5570000000002,1115.2815,1937.076812,479.274,988.281001
2023-10-30 02:00:00,1633.0133329999999,1663.7710000000002,1053.106667,1815.990152,469.744,950.355667
2023-10-30 03:00:00,1588.833333,1657.831667,1027.823333,1715.7460270000001,439.343,926.3050000000001
2023-10-30 04:00:00,1622.5010000000002,1671.914667,1018.0946669999998,1732.784735,442.908,913.9970000000001
2023-10-30 05:00:00,1687.0700000000002,1771.740667,1090.7150000000001,1852.612641,453.019,970.422
2023-10-30 06:00:00,1851.081334,1948.950667,1239.3269999999998,2043.5071189999999,513.442,1080.6910010000001
2023-10-30 07:00:00,2124.8603350000003,2276.139,1486.2849999999999,2374.4374900000003,584.087,1239.005667
2023-10-30 08:00:00,2274.9120000000003,2512.909,1603.171,2579.2067349999998,689.311,1256.505666
2023-10-30 09:00:00,2328.6070010000003,2438.4323329999997,1627.237,2592.846609,662.383,1209.76
2023-10-30 10:00:00,2257.492,2380.167333,1629.087,2525.462049,681.101,1261.105
2023-10-30 11:00:00,2278.423667,2272.591,1527.0610000000001,2422.5190939999998,637.9580000000001,1310.692
2023-10-30 12:00:00,2253.773,2193.86,1532.6970000000001,2409.876298,604.4549999999999,1240.74
2023-10-30 13:00:00,2208.329665,2131.757,1501.941,2414.5035310000003,579.776,1191.589
2023-10-30 14:00:00,2192.880334,2015.2510000000002,1419.047,2271.943932,544.664,1192.669
2023-10-30 15:00:00,2122.546333,1998.7720000000002,1397.1149999999998,2243.116863,552.715,1170.2379999999998
2023-10-30 16:00:00,2202.759,2058.5060000000003,1410.868,2266.393132,573.646,1145.3890000000001
2023-10-30 17:00:00,2405.551332,2202.322,1581.9826670000002,2457.110029,663.311333,1258.9569999999999
2023-10-30 18:00:00,2647.2076660000002,2606.381,1718.3020000000001,2727.513097,704.682,1420.2890000000002
2023-10-30 19:00:00,2770.7143340000002,2797.635,1907.927667,3029.526863,806.338,1481.416
2023-10-30 20:00:00,2847.983,2834.8459999999995,1857.651333,3016.16413,799.483,1510.747
2023-10-30 21:00:00,2695.777666,2692.87,1772.240334,2844.710232,747.7449999999999,1420.263
2023-10-30 22:00:00,2439.898666,2461.3289999999997,1605.811666,2562.5508290000002,704.992,1320.134
2023-10-30 23:00:00,2179.2646680000003,2205.0080000000003,1416.7240000000002,2339.927732,613.604,1152.533
2023-10-31 00:00:00,1880.9740000000002,1917.938,1199.701,2052.1526299999996,526.802,1042.679
2023-10-31 01:00:00,1729.760333,1728.893,1078.8236670000001,1892.368231,460.98799999999994,974.53
2023-10-31 02:00:00,1568.008667,1633.46,1026.081667,1775.5813,436.34800000000007,900.4549999999999
2023-10-31 03:00:00,1551.2199999999998,1625.835,1000.6129999999998,1654.9534640000002,418.64,848.019667
2023-10-31 04:00:00,1559.3016670000002,1622.7820000000002,1032.3200000000002,1699.999832,429.184667,854.218333
2023-10-31 05:00:00,1622.1680000000001,1712.075,1070.7959999999998,1793.686663,459.220333,905.888333
2023-10-31 06:00:00,1784.637333,1925.694,1199.9003340000002,1976.8547959999999,495.73199999999997,970.3363330000001
2023-10-31 07:00:00,2024.2299990000001,2225.3050000000003,1454.487999,2274.9695,583.8513330000001,1093.745
2023-10-31 08:00:00,2162.402,2421.5589999999997,1564.676,2444.576697,657.36,1184.345668
2023-10-31 09:00:00,2220.0299990000003,2388.124,1608.129,2379.6485279999997,681.3,1132.342333
2023-10-31 10:00:00,2204.369667,2321.023,1585.2433330000001,2390.050566,606.9573330000001,1128.164667
2023-10-31 11:00:00,2182.8853329999997,2220.265,1499.351,2328.467969,606.623333,1183.8990000000001
2023-10-31 12:00:00,2210.6143330000004,2209.4390000000003,1470.7889989999999,2249.6426,595.444,1192.369
2023-10-31 13:00:00,2202.792,2141.4210000000003,1409.168667,2254.284736,555.5440000000001,1175.376
2023-10-31 14:00:00,2121.804,2005.374,1354.926666,2141.696766,532.759,1107.657
2023-10-31 15:00:00,2100.424,1947.3270000000002,1352.804333,2126.127864,527.917,1052.296
2023-10-31 16:00:00,2128.8289999999997,2068.94,1366.663667,2179.849064,537.966,1070.891333
2023-10-31 17:00:00,2266.6095,2289.24,1492.8976670000002,2348.009763,589.096,1197.7763330000002
2023-10-31 18:00:00,2440.8990000000003,2594.001,1620.0046670000002,2539.542362,639.469,1286.023666
2023-10-31 19:00:00,2382.349,2575.209,1686.494,2641.112592,724.462,1320.838
2023-10-31 20:00:00,2369.078,2498.58,1652.9769999999999,2590.559797,736.6990000000001,1259.101
2023-10-31 21:00:00,2419.629,2468.74,1569.6693329999998,2554.093267,678.6099999999999,1246.726
2023-10-31 22:00:00,2227.576667,2312.696,1523.9766670000001,2379.214896,614.8140000000001,1221.458
2023-10-31 23:00:00,1965.5609989999998,2100.46,1305.146667,2144.628162,579.7729999999999,1087.46
2023-11-01 00:00:00,1718.4319999999998,1807.0839999999998,1155.8563330000002,1876.533134,510.537,944.499333
2023-11-01 01:00:00,1527.7046679999999,1616.924,1017.3393329999999,1704.947135,440.885,847.182333
2023-11-01 02:00:00,1432.2359999999999,1499.517,954.349666,1578.728726,418.87300000000005,808.684
2023-11-01 03:00:00,1362.741666,1454.915,918.0706660000001,1508.78523,400.692,780.161333
2023-11-01 04:00:00,1399.6496670000001,1441.746,918.088,1534.9226640000002,404.975,753.596666
2023-11-01 05:00:00,1422.240333,1557.3700000000001,975.0926659999999,1611.8011339999998,415.629,806.181667
2023-11-01 06:00:00,1580.346667,1751.768,1087.258832,1787.025461,441.56600000000003,865.983999
2023-11-01 07:00:00,1792.110667,2040.1150000000002,1260.1565,1978.663029,509.81,969.083333
2023-11-01 08:00:00,1856.057666,2249.161,1423.290167,2115.192266,592.3340000000001,1076.432
2023-11-01 09:00:00,1970.031,2190.5879999999997,1466.125167,2130.1342010000003,570.55,1082.335666
2023-11-01 10:00:00,1943.4243319999998,2158.766,1480.717,2194.7482339999997,571.848,1097.519333
2023-11-01 11:00:00,2098.035334,2136.2889999999998,1444.9209999999998,2169.214698,554.637,1098.824
2023-11-01 12:00:00,2072.1046669999996,2086.794,1448.437167,2179.0263939999995,547.2950000000001,1174.352999
2023-11-01 13:00:00,2038.499,2092.112,1465.468833,2289.701003,552.338,1098.098333
2023-11-01 14:00:00,2068.594667,2127.715,1472.177166,2239.296062,574.404,1065.091667
2023-11-01 15:00:00,2065.6743340000003,2117.7749999999996,1489.245334,2257.194663,592.5089999999999,1104.877
2023-11-01 16:00:00,2204.552667,2287.621,1529.372668,2421.120264,616.758,1192.245
2023-11-01 17:00:00,2505.441667,2581.743,1636.241333,2630.627899,728.825,1391.3790000000001
2023-11-01 18:00:00,2748.5620000000004,2861.773,1821.211667,2906.8251330000003,773.154,1499.2150000000001
2023-11-01 19:00:00,2825.44,2851.555,1917.508666,3077.28683,860.909,1553.1260000000002
2023-11-01 20:00:00,2813.8630000000003,2770.392,1813.830333,3050.169729,816.044,1445.387
2023-11-01 21:00:00,2674.6769999999997,2641.1270000000004,1720.1986660000002,2800.386662,777.629,1356.0520000000001
2023-11-01 22:00:00,2388.9160009999996,2398.509,1555.889999,2527.332063,722.482,1285.4869999999999
2023-11-01 23:00:00,2083.488,2195.4750000000004,1356.293002,2213.8355,630.941,1148.5663330000002
2023-11-02 00:00:00,1808.9983320000001,1849.395,1187.8753350000002,1970.029165,522.614,1011.6623340000001
2023-11-02 01:00:00,1610.865335,1662.971,1050.4519990000001,1747.991765,452.06399999999996,877.798
2023-11-02 02:00:00,1476.099333,1531.034,965.077166,1583.7061330000001,417.384,825.135
2023-11-02 03:00:00,1376.854,1483.159,931.597332,1506.824428,403.971,781.7829999999999
2023-11-02 04:00:00,1340.2579999999998,1493.0990000000002,942.146,1495.3015930000001,382.01700000000005,754.3679999999999
2023-11-02 05:00:00,1417.799667,1551.203,980.030334,1590.579601,406.292,785.142
2023-11-02 06:00:00,1560.729334,1770.527,1078.344499,1776.836664,462.46299999999997,845.0176670000001
2023-11-02 07:00:00,1766.980333,2047.3419999999999,1287.7555,1969.097266,537.8009999999999,969.8806670000001
2023-11-02 08:00:00,1832.357,2259.869,1409.372834,2184.270501,616.411,1013.403
2023-11-02 09:00:00,1845.745,2184.7239999999997,1456.240499,2097.5704619999997,614.048,967.7586670000001
2023-11-02 10:00:00,1905.239,2158.6679999999997,1427.3476660000001,2035.1120310000001,551.544,998.330334
2023-11-02 11:00:00,1900.886,2119.753667,1404.594666,2026.048691,536.029,1015.062999
2023-11-02 12:00:00,1911.0819999999999,2020.134667,1331.5465,2003.791828,535.566,1018.8556659999999
2023-11-02 13:00:00,1839.1055000000001,1887.770333,1234.234999,1972.235827,480.03100000000006,942.811333
2023-11-02 14:00:00,1682.774,1872.026,1214.725,1849.988262,448.903,904.8003329999999
2023-11-02 15:00:00,1736.2939999999999,1807.853667,1186.6570000000002,1835.9206669999999,454.041,841.646
2023-11-02 16:00:00,1805.119,1882.134667,1222.359334,1942.800598,438.952,905.371333
2023-11-02 17:00:00,1964.399,2088.894333,1365.183333,2074.6460990000005,518.686,1012.007332
2023-11-02 18:00:00,2141.993,2303.959,1475.615,2283.187031,559.841,1117.3676659999999
2023-11-02 19:00:00,2232.9980000000005,2446.174667,1533.0446670000001,2497.717501,619.908,1159.3890000000001
2023-11-02 20:00:00,2293.529,2433.473333,1502.473666,2420.396968,642.043,1171.5606670000002
2023-11-02 21:00:00,2148.075,2321.124,1437.540667,2286.443797,615.37,1104.6019999999999
2023-11-02 22:00:00,2007.422667,2133.076,1360.867,2073.363864,571.058,1000.3673329999999
2023-11-02 23:00:00,1747.779,1842.714,1208.0963339999998,1833.237365,496.56899999999996,903.5773340000001
2023-11-03 00:00:00,1503.164001,1615.8290000000002,1051.954999,1639.537896,445.828,794.030999
2023-11-03 01:00:00,1330.693,1464.918333,941.2423329999999,1405.1207359999999,381.019,717.520666
2023-11-03 02:00:00,1204.900332,1373.714,869.265666,1324.841665,327.405,680.672333
2023-11-03 03:00:00,1150.279334,1324.603,838.976665,1287.0564,317.84900000000005,652.191
2023-11-03 04:00:00,1156.4,1314.4790000000003,867.830335,1282.0643960000002,327.094,624.434
2023-11-03 05:00:00,1202.9586669999999,1435.558,876.392167,1361.7571010000001,342.256666,694.143667
2023-11-03 06:00:00,1375.0323329999999,1603.5786670000002,1010.135,1586.878457,385.30666600000006,761.546
2023-11-03 07:00:00,1608.230333,1878.0123330000001,1173.2240000000002,1761.677732,464.16433299999994,922.110999
2023-11-03 08:00:00,1773.958333,2117.221333,1316.9596660000002,2001.1380929999998,544.9870000000001,982.8566659999999
2023-11-03 09:00:00,1821.333,2192.004333,1396.973667,2065.317567,591.0989999999999,1037.8870000000002
2023-11-03 10:00:00,1866.764,2147.771667,1411.563,2007.64006,589.436,1042.4129990000001
2023-11-03 11:00:00,1922.2669999999998,2113.08,1365.983667,2043.941899,574.95,1066.2896660000001
2023-11-03 12:00:00,1904.8265000000001,2047.4250000000002,1362.8090000000002,2018.536729,519.547,1011.7663329999999
2023-11-03 13:00:00,1886.678499,1964.159,1309.9916670000002,2007.561263,495.37,974.548
2023-11-03 14:00:00,1779.7756669999999,1896.338,1279.660333,1909.090764,511.667,942.861666
2023-11-03 15:00:00,1769.549333,1904.795,1260.686,1905.496928,515.821,917.590666
2023-11-03 16:00:00,1841.5056670000001,1996.69,1291.628,1999.9275619999999,519.679,969.761667
2023-11-03 17:00:00,1989.3609999999999,2193.697,1407.643333,2199.453333,620.2230000000001,1064.416999
2023-11-03 18:00:00,2200.489,2439.692,1534.900333,2311.4540340000003,614.699,1142.278
2023-11-03 19:00:00,2271.495,2533.37,1588.0753329999998,2345.381432,651.1759999999999,1183.817333
2023-11-03 20:00:00,2205.3329999999996,2413.5330000000004,1537.819333,2357.602834,580.781,1132.1896659999998
2023-11-03 21:00:00,2102.722667,2267.987,1487.131334,2291.571631,558.322,1031.441333
2023-11-03 22:00:00,1915.388667,2096.833,1345.512666,2079.9435000000003,561.2,994.5866659999999
2023-11-03 23:00:00,1738.328333,1965.5320000000002,1248.6,1844.376793,489.302,922.6883339999999
2023-11-04 00:00:00,1589.0059999999999,1754.9689999999998,1095.438333,1691.1411349999998,433.39500000000004,795.287
2023-11-04 01:00:00,1418.142,1599.772,998.918334,1549.347564,383.616,713.806
2023-11-04 02:00:00,1227.3110000000001,1428.471,890.616667,1420.2365340000001,371.06399999999996,650.492334
2023-11-04 03:00:00,1151.199,1348.751,830.525333,1343.185838,337.422,627.359667
2023-11-04 04:00:00,1112.096,1296.081,785.859999,1284.7093770000001,309.411,590.004333
2023-11-04 05:00:00,1133.2690000000002,1292.973,815.417666,1240.2017700000001,311.617,592.483333
2023-11-04 06:00:00,1166.085667,1401.173,856.4833329999999,1339.894297,336.697,625.0923339999999
2023-11-04 07:00:00,1241.764666,1532.29,942.694166,1407.055259,364.578,691.381
2023-11-04 08:00:00,1394.0656669999998,1788.983,1132.725333,1616.25812,439.22900000000004,746.427
2023-11-04 09:00:00,1663.212,2052.801,1297.231,1827.044872,530.884,872.1360000000001
2023-11-04 10:00:00,1828.813,2227.5370000000003,1388.7863340000001,2001.219099,592.772,969.898
2023-11-04 11:00:00,2021.734,2252.775,1468.001,2148.968728,541.0070000000001,991.682333
2023-11-04 12:00:00,2047.493,2313.701,1459.606668,2184.812582,579.0219999999999,1047.4650000000001
2023-11-04 13:00:00,2029.0096670000003,2295.525,1539.027999,2138.603142,564.368,1057.1660000000002
2023-11-04 14:00:00,2072.865334,2286.027,1444.936001,2217.9519689999997,553.3889999999999,1034.1219999999998
2023-11-04 15:00:00,2101.889334,2248.161,1423.171333,2180.792546,574.274,1003.1536660000002
2023-11-04 16:00:00,2061.834,2135.5209999999997,1379.6325,2155.281131,567.25,1074.5643329999998
2023-11-04 17:00:00,2072.9536669999998,2238.414,1451.241833,2242.362387,551.864,1074.185333
2023-11-04 18:00:00,2115.0190000000002,2344.11,1518.371667,2298.615837,567.191,1032.2943329999998
2023-11-04 19:00:00,2135.689999,2483.1739999999995,1636.3750009999999,2371.290029,611.4929999999999,1071.5590000000002
2023-11-04 20:00:00,2092.9466669999997,2375.974,1549.2643349999998,2343.217267,625.23,1085.661
2023-11-04 21:00:00,2064.2783339999996,2274.3729999999996,1489.908332,2253.287049,589.9200000000001,1029.914
2023-11-04 22:00:00,1892.79,2071.548,1336.3496650000002,2064.4099269999997,581.0100000000001,950.745
2023-11-04 23:00:00,1720.348,1894.605,1217.74,1858.0615079999998,470.9290000000001,884.526666
2023-11-05 00:00:00,1526.792,1739.9470000000001,1116.742334,1684.42742,421.17199999999997,784.7173329999999
2023-11-05 01:00:00,1347.0693335,1541.7726665,988.4255845,1510.3434585,379.42916699999995,721.5333330000001
2023-11-05 02:00:00,1167.346667,1343.598333,860.108835,1336.259497,337.686334,658.349333
2023-11-05 03:00:00,1114.000667,1308.605,825.592334,1279.524863,324.860667,605.708667
2023-11-05 04:00:00,1119.8600000000001,1290.3539999999998,814.8839999999999,1249.525762,332.45,605.0129999999999
2023-11-05 05:00:00,1147.158334,1352.5500000000002,864.142668,1294.487228,341.51599999999996,650.7106670000001
2023-11-05 06:00:00,1238.889667,1484.204,961.708333,1383.935261,374.14700000000005,733.212667
2023-11-05 07:00:00,1379.38,1736.419,1126.755667,1578.893866,442.543,844.2753339999999
2023-11-05 08:00:00,1665.5349999999999,2045.805,1358.4770009999997,1924.3320279999998,505.941,897.3250009999999
2023-11-05 09:00:00,2039.7086659999998,2310.982,1506.965668,2198.694634,588.931,1008.824333
2023-11-05 10:00:00,2140.530667,2413.46,1623.2690010000001,2352.162567,602.467,1147.8229999999999
2023-11-05 11:00:00,2183.206999,2476.013,1573.469667,2383.86773,583.452,1198.571001
2023-11-05 12:00:00,2198.6220000000003,2387.947,1573.770333,2391.557363,572.7379999999999,1109.466
2023-11-05 13:00:00,2054.09,2281.4130000000005,1582.250666,2313.001229,588.986,1139.345
2023-11-05 14:00:00,2044.904,2288.772,1513.397835,2306.34633,559.183,1125.422333
2023-11-05 15:00:00,2054.147,2280.0519999999997,1510.1005,2283.522339,544.531,1134.250333
2023-11-05 16:00:00,2183.1186669999997,2492.522,1570.5789989999998,2358.135864,614.678,1165.9846659999998
2023-11-05 17:00:00,2292.329667,2661.589,1686.226167,2537.895237,658.177,1247.141999
2023-11-05 18:00:00,2366.406666,2816.6130000000003,1811.8750009999999,2594.791799,673.26,1258.321333
2023-11-05 19:00:00,2424.2886670000003,2700.005,1738.644834,2572.06733,696.713,1235.13
2023-11-05 20:00:00,2307.8143330000003,2562.697,1663.381168,2581.008737,670.6129999999999,1195.269334
2023-11-05 21:00:00,2176.0659990000004,2411.830666,1530.650501,2420.171027,656.09,1127.852333
2023-11-05 22:00:00,1970.320667,2167.49,1385.675,2193.887667,546.4920000000001,1051.6506669999999
2023-11-05 23:00:00,1751.310333,1846.531,1239.767999,1942.970069,468.84799999999996,891.2603340000001
2023-11-06 00:00:00,1532.449666,1621.171,1072.652,1710.482003,422.953,783.8663329999999
2023-11-06 01:00:00,1367.291335,1521.5249999999999,951.498666,1508.9075659999999,397.76099999999997,707.477666
2023-11-06 02:00:00,1261.454333,1404.426,872.839001,1353.8945939999999,359.449,658.684666
2023-11-06 03:00:00,1198.784667,1349.137,848.3283329999999,1311.7320650000001,334.404,635.3910000000001
2023-11-06 04:00:00,1210.800667,1365.7649999999999,848.197168,1303.3446669999998,341.08500000000004,649.689667
2023-11-06 05:00:00,1253.789667,1516.1660000000002,904.355,1395.547498,357.255,696.067667
2023-11-06 06:00:00,1412.273333,1678.4769999999999,1013.8303329999999,1582.359533,411.36,766.693
2023-11-06 07:00:00,1677.056333,1982.8429999999998,1249.518,1856.036999,470.831,949.799
2023-11-06 08:00:00,1862.653333,2189.405667,1388.0950010000001,2066.896361,517.742,1017.8476660000001
2023-11-06 09:00:00,1918.832668,2152.3776669999997,1435.3343340000001,2046.557134,546.474,966.028
2023-11-06 10:00:00,1880.248001,2037.7559999999999,1383.512333,1994.4170980000001,510.308,979.8760000000001
2023-11-06 11:00:00,1889.768666,2098.4880000000003,1404.1806659999997,2048.23653,502.356,1013.785333
2023-11-06 12:00:00,1887.634666,2096.7929999999997,1397.667833,2050.852233,535.0120000000001,1033.978666
2023-11-06 13:00:00,1898.319332,2141.845,1424.332167,2190.503866,558.9780000000001,1088.007999
2023-11-06 14:00:00,1989.9616659999997,2142.0469999999996,1442.6718329999999,2172.511294,573.78,1053.956333
2023-11-06 15:00:00,2030.592333,2195.16,1400.5911660000002,2183.189597,558.893,1041.116
2023-11-06 16:00:00,2078.053999,2245.098,1452.767002,2280.9645,565.9533329999999,1118.191
2023-11-06 17:00:00,2304.480334,2526.991,1635.997333,2531.399466,658.9663330000001,1239.526
2023-11-06 18:00:00,2502.454999,2838.3590000000004,1747.959333,2737.163261,746.067,1400.112
2023-11-06 19:00:00,2579.1976670000004,2809.794,1787.002668,2742.5188289999996,725.386,1353.895
2023-11-06 20:00:00,2547.7263350000003,2697.11,1695.374333,2642.2550659999997,674.5939999999999,1295.22
2023-11-06 21:00:00,2273.973667,2500.83,1585.898001,2473.436495,677.6869999999999,1242.029
2023-11-06 22:00:00,2089.376999,2258.762,1467.055499,2210.8980979999997,608.874,1089.6059999999998
2023-11-06 23:00:00,1832.035666,1960.455,1288.1858320000001,1988.507294,533.3100000000001,965.1389999999999
2023-11-07 00:00:00,1597.9006669999999,1725.789,1085.385833,1773.064461,435.297,870.379666
2023-11-07 01:00:00,1423.382667,1543.179,959.755834,1594.28433,392.66200000000003,780.579
2023-11-07 02:00:00,1335.524,1475.381,902.261667,1454.090663,378.053,761.858
2023-11-07 03:00:00,1297.318334,1414.299,865.7015000000001,1387.272598,365.725,703.221
2023-11-07 04:00:00,1277.2400000000002,1445.391,888.0615,1403.0866950000002,387.394,701.093667
2023-11-07 05:00:00,1345.536,1550.5,936.6883330000001,1517.149668,409.524,758.852333
2023-11-07 06:00:00,1523.277667,1751.066,1075.117335,1709.153733,438.11499999999995,816.9000000000001
2023-11-07 07:00:00,1751.4089999999999,2040.04,1285.1793320000002,1971.009497,512.171,985.275667
2023-11-07 08:00:00,1892.869,2215.2346669999997,1423.052667,2111.8276960000003,608.5999999999999,1069.767
2023-11-07 09:00:00,1860.940999,2140.288,1458.539667,2149.9993,564.277,1041.9923330000001
2023-11-07 10:00:00,1867.402,2056.525,1429.782999,2050.78573,522.042,1026.123333
2023-11-07 11:00:00,1914.140666,1940.8220000000001,1353.4769999999999,2009.664001,506.53200000000004,1021.631333
2023-11-07 12:00:00,1898.278667,1948.093,1313.858,2081.476666,519.688,1042.638667
2023-11-07 13:00:00,1853.3213329999999,1975.581,1326.1,2073.662664,516.49,999.6379989999999
2023-11-07 14:00:00,1885.7254990000001,1891.114333,1273.590834,2058.069103,516.099,967.574333
2023-11-07 15:00:00,1917.071334,1880.3139999999999,1284.395166,1953.0033930000002,487.165,997.439
2023-11-07 16:00:00,2062.364,2008.878,1387.600332,2075.4685339999996,512.271,1039.304666
2023-11-07 17:00:00,2264.9306669999996,2288.84,1651.515999,2397.0002329999998,589.819,1194.878667
2023-11-07 18:00:00,2553.012001,2654.751,1726.104167,2703.0042329999997,692.315,1381.643
2023-11-07 19:00:00,2577.911666,2733.4300000000003,1794.383167,2891.399826,731.5169999999998,1424.203
2023-11-07 20:00:00,2585.2839999999997,2664.183,1703.400666,2792.4328600000003,725.648666,1321.619999
2023-11-07 21:00:00,2426.3903330000003,2467.5249999999996,1579.100666,2608.322526,683.056666,1230.56
2023-11-07 22:00:00,2160.199667,2231.596,1438.6338329999999,2303.1229949999997,614.853999,1176.271666
2023-11-07 23:00:00,1898.7333330000001,2034.6109999999999,1319.6740009999999,2005.923825,546.177001,1068.992332
2023-11-08 00:00:00,1649.7636650000002,1784.818,1139.163001,1816.423005,475.832667,912.643334
2023-11-08 01:00:00,1509.3,1609.7839999999999,993.615166,1658.4237950000002,429.903,794.4913329999999
2023-11-08 02:00:00,1387.1313329999998,1474.56,922.774168,1483.425369,395.545,776.498334
2023-11-08 03:00:00,1322.085999,1479.3090000000002,905.7641659999999,1479.4631,399.42,756.723
2023-11-08 04:00:00,1384.970334,1519.26,943.955334,1542.088773,399.259,757.691
2023-11-08 05:00:00,1461.3419989999998,1637.8980000000001,1039.941666,1656.952601,428.846,841.165
2023-11-08 06:00:00,1665.902001,1860.5159999999998,1158.173667,1852.852066,495.65399999999994,966.6370000000001
2023-11-08 07:00:00,1915.5750010000002,2147.049,1371.2376669999999,2092.565432,574.906,1033.216
2023-11-08 08:00:00,1985.521,2291.913,1514.327666,2285.692067,647.079,1138.8780000000002
2023-11-08 09:00:00,2018.202667,2231.556,1482.563999,2272.369066,616.4069999999999,1169.737
2023-11-08 10:00:00,1978.1446660000001,2246.562,1519.4396660000002,2221.9250970000003,619.4069999999999,1110.489
2023-11-08 11:00:00,1984.324001,2219.4210000000003,1442.850999,2150.9266989999996,612.268,1129.613
2023-11-08 12:00:00,1919.501334,2086.5950000000003,1409.4216660000002,2118.342826,566.422,1135.096
2023-11-08 13:00:00,1927.1873329999999,2008.5410000000002,1317.462,2125.499531,531.637,1070.0576660000002
2023-11-08 14:00:00,1898.191,1894.578,1280.7426679999999,2035.964895,518.7139999999999,1083.7069999999999
2023-11-08 15:00:00,1907.283334,1959.29,1279.668666,1992.79817,529.77,1004.4583319999999
2023-11-08 16:00:00,2013.6626660000002,2046.668334,1326.291834,2163.24726,541.929,1064.147
2023-11-08 17:00:00,2358.1123350000003,2268.7993340000003,1615.084499,2522.189233,633.463,1199.4540000000002
2023-11-08 18:00:00,2568.746333,2612.085667,1812.5794990000002,2848.3813819999996,737.694,1406.3539999999998
2023-11-08 19:00:00,2727.971667,2694.2329999999997,1884.8155020000002,2907.166249,787.3729999999999,1460.261
2023-11-08 20:00:00,2753.869999,2667.633,1799.2506670000002,2887.1656590000002,754.5753339999999,1424.7959999999998
2023-11-08 21:00:00,2544.9170000000004,2568.9393339999997,1716.7200010000001,2754.64097,746.746,1406.479
2023-11-08 22:00:00,2426.474,2432.4753330000003,1591.573001,2532.385903,681.096,1309.8310000000001
2023-11-08 23:00:00,2156.432667,2161.106666,1388.917335,2282.808215,625.24,1187.838333
2023-11-09 00:00:00,1917.868,1932.435,1236.842001,1987.8122569999996,527.74,1119.832666
2023-11-09 01:00:00,1748.529,1776.9499999999998,1118.330499,1872.688736,491.865,976.469333
2023-11-09 02:00:00,1603.83,1684.4650000000001,1035.554999,1721.7908750000001,461.111,960.424333
2023-11-09 03:00:00,1560.7930000000001,1635.841,1011.037667,1691.4649519999998,456.11400000000003,933.22
2023-11-09 04:00:00,1557.700334,1707.523,1054.149833,1741.2954600000003,465.187,948.711667
2023-11-09 05:00:00,1661.8303339999998,1801.272,1130.76,1906.532291,498.21099999999996,1030.710999
2023-11-09 06:00:00,1874.3453339999999,2005.023,1260.134666,2120.128328,559.444,1088.854667
2023-11-09 07:00:00,2059.516334,2358.477,1501.7525,2342.514805,648.8610000000001,1221.8453330000002
2023-11-09 08:00:00,2260.257667,2407.2929999999997,1638.324833,2557.595032,717.489,1307.5010000000002
2023-11-09 09:00:00,2268.922334,2409.308,1666.4326660000002,2571.5569060000003,723.43,1272.406
2023-11-09 10:00:00,2353.5553330000002,2372.4849999999997,1635.267999,2571.916196,699.228,1331.538333
2023-11-09 11:00:00,2388.0319999999997,2322.077,1582.758333,2505.2564620000003,648.577,1319.442334
2023-11-09 12:00:00,2399.1365,2206.626,1597.672,2487.733132,622.387,1295.155667
2023-11-09 13:00:00,2341.169167,2136.635,1559.347,2422.904267,675.4493339999999,1261.025333
2023-11-09 14:00:00,2328.7529999999997,2158.913,1508.405,2429.264028,638.686667,1252.359
2023-11-09 15:00:00,2287.624,2138.8949999999995,1521.028,2467.879,644.655,1230.455667
2023-11-09 16:00:00,2403.4489999999996,2286.933,1552.806333,2508.7109929999997,658.619,1260.728999
2023-11-09 17:00:00,2571.9080000000004,2590.0499999999997,1723.209833,2873.832499,722.953,1444.69
2023-11-09 18:00:00,2858.844167,2771.501,1838.695334,2976.1447639999997,770.492,1514.236
2023-11-09 19:00:00,2815.6913329999998,2778.7799999999997,1862.701833,3121.9635639999997,778.182,1532.449
2023-11-09 20:00:00,2790.062333,2648.496,1797.955999,2960.133199,794.12,1430.853
2023-11-09 21:00:00,2574.481667,2540.38,1676.665167,2777.3442269999996,726.7919999999999,1331.071
2023-11-09 22:00:00,2394.848334,2369.2969999999996,1504.939833,2557.127631,703.165,1286.437
2023-11-09 23:00:00,2145.656667,2104.959,1342.033168,2270.733797,664.795,1123.042
2023-11-10 00:00:00,1896.510666,1858.453,1176.656,1995.8827580000002,571.2929999999999,1023.932
2023-11-10 01:00:00,1649.870999,1679.179,1067.499666,1806.223534,466.244333,936.469
2023-11-10 02:00:00,1533.479667,1532.56,1017.770999,1663.525261,415.794333,838.5640000000001
2023-11-10 03:00:00,1458.439667,1503.498,956.987668,1565.1540710000002,391.11066700000003,814.0889999999999
2023-11-10 04:00:00,1463.539,1517.091,939.401668,1589.889568,412.048667,799.551001
2023-11-10 05:00:00,1498.366001,1597.6380000000001,999.159667,1669.593793,453.726667,847.4753330000001
2023-11-10 06:00:00,1630.054333,1727.663,1071.544,1848.57936,497.135333,913.6949999999999
2023-11-10 07:00:00,1809.968001,1948.3249999999998,1238.932335,2002.596959,541.544333,985.17
2023-11-10 08:00:00,1981.559,2161.4900000000002,1477.422667,2185.9508319999995,608.7760000000001,1059.358
2023-11-10 09:00:00,2090.850665,2272.181667,1546.707334,2350.7794299999996,658.4363329999999,1121.373
2023-11-10 10:00:00,2199.2576679999997,2288.706666,1569.834002,2346.014929,653.0740000000001,1206.83
2023-11-10 11:00:00,2198.306666,2229.161,1525.9209990000002,2374.454694,638.772,1205.5929999999998
2023-11-10 12:00:00,2237.774668,2242.3779999999997,1464.251,2381.430432,599.565,1203.913
2023-11-10 13:00:00,2229.4263339999998,2113.0280000000002,1436.552333,2338.8378940000002,613.7529999999999,1177.189
2023-11-10 14:00:00,2151.110667,2042.741,1406.657,2260.4872299999997,618.5690000000001,1152.152
2023-11-10 15:00:00,2166.151332,2118.277,1462.499333,2272.534965,634.9350000000001,1129.511
2023-11-10 16:00:00,2226.353666,2214.348333,1510.9470019999999,2332.8874729999998,624.36,1228.3899999999999
2023-11-10 17:00:00,2344.861334,2497.843333,1568.3106659999999,2584.6077269999996,690.756,1391.786
2023-11-10 18:00:00,2496.5950000000003,2653.2309999999998,1683.585,2737.903034,725.579,1422.025
2023-11-10 19:00:00,2470.2979990000003,2595.803,1685.030665,2765.288299,719.432,1353.08
2023-11-10 20:00:00,2396.597334,2469.339,1604.263001,2697.979321,677.793,1254.536
2023-11-10 21:00:00,2390.965999,2349.232,1531.039667,2471.2347330000002,641.173,1166.696
2023-11-10 22:00:00,2165.785666,2219.78,1443.676001,2352.376107,607.572,1148.909
2023-11-10 23:00:00,1982.859001,2010.18,1316.107,2164.802863,552.245,1057.077
2023-11-11 00:00:00,1753.423,1814.912,1185.197999,1936.121299,492.56499999999994,924.386
2023-11-11 01:00:00,1622.0506659999999,1659.117,1052.001999,1785.373932,447.736,861.2949999999998
2023-11-11 02:00:00,1466.952,1523.502,1007.085332,1628.211132,421.385,811.264
2023-11-11 03:00:00,1382.304334,1469.815,945.453668,1567.302968,405.95899999999995,767.0809999999999
2023-11-11 04:00:00,1357.127333,1459.381,912.501334,1515.399434,406.23400000000004,754.135
2023-11-11 05:00:00,1351.679334,1489.048,928.496,1548.351428,416.49,777.2819999999999
2023-11-11 06:00:00,1427.927667,1576.692,1009.696334,1619.4730639999998,441.206,802.864
2023-11-11 07:00:00,1584.096667,1774.094,1179.371,1812.422834,468.617,839.799
2023-11-11 08:00:00,1796.8853330000002,2041.876,1367.77,2030.991768,540.6700000000001,965.820666
2023-11-11 09:00:00,2055.2819990000003,2306.134,1525.688,2348.763195,648.248,1130.244666
2023-11-11 10:00:00,2291.1303339999995,2450.128,1630.648333,2519.431896,708.7149999999999,1229.081334
2023-11-11 11:00:00,2443.346,2507.3689999999997,1680.631,2598.892831,683.721,1272.032
2023-11-11 12:00:00,2474.2176659999996,2509.15,1668.789,2610.0153,659.2130000000001,1275.730333
2023-11-11 13:00:00,2534.893001,2486.442,1649.0133329999999,2550.9372590000003,679.346,1259.9180000000001
2023-11-11 14:00:00,2413.670334,2423.866,1606.0106660000001,2412.467403,657.012,1208.798
2023-11-11 15:00:00,2379.701666,2368.407,1614.499333,2426.221329,647.712,1257.326
2023-11-11 16:00:00,2376.765667,2416.7340000000004,1631.427668,2465.594768,622.702,1264.704
2023-11-11 17:00:00,2424.422667,2607.124,1754.77,2747.476995,638.479,1243.579
2023-11-11 18:00:00,2565.496333,2694.8509999999997,1819.1209989999998,2808.6469939999997,700.3720000000001,1287.4299999999998
2023-11-11 19:00:00,2471.489,2629.0299999999997,1754.8756660000001,2766.2255320000004,718.566,1242.5
2023-11-11 20:00:00,2406.862,2541.1310000000003,1669.682333,2644.281694,680.7339999999999,1200.101
2023-11-11 21:00:00,2257.924,2510.7349999999997,1573.936333,2502.351768,684.7370000000001,1154.7273329999998
2023-11-11 22:00:00,2124.3400009999996,2260.9030000000002,1483.046667,2248.208666,638.5350000000001,1124.501667
2023-11-11 23:00:00,1974.466001,2027.33,1315.796001,2125.5531979999996,615.271,1067.5120000000002
2023-11-12 00:00:00,1826.3506670000002,1850.996,1199.619166,1919.425865,515.275,951.211667
2023-11-12 01:00:00,1611.657,1697.499,1069.5720000000001,1732.1497650000001,446.859,855.325334
2023-11-12 02:00:00,1510.241,1574.451,973.2165,1597.103167,416.93800000000005,797.149333
2023-11-12 03:00:00,1430.582999,1523.283,940.953166,1541.220097,388.375,762.67
2023-11-12 04:00:00,1383.914335,1484.728,969.545167,1514.877133,403.071,749.593
2023-11-12 05:00:00,1377.7686669999998,1489.9940000000001,950.1569999999999,1522.882133,396.972,788.663
2023-11-12 06:00:00,1481.981667,1579.251333,1007.396,1569.1426649999999,435.35,805.1790000000001
2023-11-12 07:00:00,1587.143,1783.0153329999998,1158.581333,1748.286331,456.37399999999997,872.593
2023-11-12 08:00:00,1808.299,2078.103333,1390.428,1992.9886259999998,558.457,983.789
2023-11-12 09:00:00,2053.297666,2401.313,1535.570833,2280.7997000000005,643.998,1154.246334
2023-11-12 10:00:00,2288.928333,2471.311333,1624.622667,2450.921234,671.3679999999999,1209.013
2023-11-12 11:00:00,2395.187334,2469.399333,1593.726,2548.13836,690.002,1281.4769999999999
2023-11-12 12:00:00,2433.109,2477.3833329999998,1586.1585,2605.9870920000003,652.559,1285.0430000000001
2023-11-12 13:00:00,2378.329334,2464.0263330000002,1588.792833,2586.965127,655.23,1294.08
2023-11-12 14:00:00,2335.448666,2412.665667,1588.9658339999999,2586.2249269999998,641.167,1223.159
2023-11-12 15:00:00,2297.606334,2400.800667,1621.1354999999999,2517.931396,625.898,1224.1129999999998
2023-11-12 16:00:00,2307.595667,2421.8689999999997,1584.108667,2553.786164,628.958,1225.156
2023-11-12 17:00:00,2417.436667,2705.376,1780.9334999999999,2744.9487339999996,715.076,1316.355
2023-11-12 18:00:00,2633.9576660000002,2926.577,1915.6200000000001,2848.3152659999996,761.213,1344.775
2023-11-12 19:00:00,2646.972334,2894.885,1831.011834,2835.921564,729.7510000000001,1356.456
2023-11-12 20:00:00,2450.620333,2763.6040000000003,1753.041833,2811.039136,707.53,1323.9569999999999
2023-11-12 21:00:00,2356.924667,2584.064,1642.1506669999999,2605.132501,691.9169999999999,1264.173
2023-11-12 22:00:00,2213.946,2339.2039999999997,1511.808667,2362.5523339999995,605.714667,1165.285
2023-11-12 23:00:00,1935.989,2036.5770000000002,1279.5859999999998,2099.667931,555.9366669999999,1041.6209999999999
2023-11-13 00:00:00,1726.0713329999999,1771.708333,1090.660833,1813.123666,489.16200000000003,913.855
2023-11-13 01:00:00,1502.922,1536.552,999.0928329999999,1551.23133,408.269,797.11
2023-11-13 02:00:00,1382.3469999999998,1431.800666,945.1303330000001,1442.884732,381.611,721.969
2023-11-13 03:00:00,1281.9876669999999,1382.037333,893.7839999999999,1386.9516290000001,367.439,698.181333
2023-11-13 04:00:00,1247.668667,1398.78,894.4703340000001,1403.1961290000002,366.483,712.4823329999999
2023-11-13 05:00:00,1315.039667,1490.9360000000001,938.018833,1495.198761,406.17499999999995,756.433667
2023-11-13 06:00:00,1503.8523329999998,1696.383,1055.310001,1688.5267270000002,439.134,788.547
2023-11-13 07:00:00,1719.140667,1995.701,1259.236833,1961.125764,525.752,974.146
2023-11-13 08:00:00,1832.239,2242.611,1442.878334,2192.954566,599.2919999999999,1036.5810000000001
2023-11-13 09:00:00,1967.708666,2183.621,1483.081333,2189.748764,583.894,1053.953
2023-11-13 10:00:00,1957.692333,2174.2560000000003,1478.233666,2166.065326,598.3019999999999,1046.803
2023-11-13 11:00:00,1998.8543329999998,2098.05,1477.003167,2175.992702,571.454,1001.786
2023-11-13 12:00:00,2017.584667,2096.9629999999997,1438.091334,2104.648197,525.872,1032.058
2023-11-13 13:00:00,2025.3809999999999,2090.307,1489.158,2118.547099,541.094,1051.6729999999998
2023-11-13 14:00:00,1970.982,2024.692,1354.13,2014.590265,546.004,1025.261
2023-11-13 15:00:00,1994.507,2020.062,1304.0123330000001,2043.921656,542.994,1018.448
2023-11-13 16:00:00,2112.0519990000003,2152.4249999999997,1416.643501,2157.289495,569.361,1074.467333
2023-11-13 17:00:00,2338.875,2454.089,1623.073999,2469.2703650000003,629.0809999999999,1249.239667
2023-11-13 18:00:00,2670.059,2834.5409999999997,1850.524167,2855.547564,730.0089999999999,1358.73
2023-11-13 19:00:00,2765.794667,2920.029,1863.775001,2922.02833,789.706,1438.7379999999998
2023-11-13 20:00:00,2702.013668,2801.0460000000003,1735.211167,2800.556065,796.8499999999999,1388.5369999999998
2023-11-13 21:00:00,2571.5850010000004,2693.883,1719.577501,2698.043369,747.9760000000001,1386.774
2023-11-13 22:00:00,2334.139999,2406.138,1589.3398339999999,2470.164832,697.027,1272.181
2023-11-13 23:00:00,2047.768,2184.783,1416.305499,2278.783794,603.9300000000001,1116.796
2023-11-14 00:00:00,1834.7640000000001,1935.011,1211.164,2026.6421020000002,550.8000000000001,1026.192
2023-11-14 01:00:00,1680.422,1765.46,1106.7326670000002,1804.784733,481.56899999999996,957.8670000000001
2023-11-14 02:00:00,1553.5210000000002,1660.646,1007.949668,1722.962328,457.253,896.757
2023-11-14 03:00:00,1511.675,1612.029,998.2,1672.522671,428.40000000000003,870.884
2023-11-14 04:00:00,1516.882,1620.5829999999999,1024.209332,1674.776603,450.392,857.046
2023-11-14 05:00:00,1612.0206669999998,1729.752,1075.376835,1771.3565330000001,484.98699999999997,944.119666
2023-11-14 06:00:00,1812.768667,1954.074,1234.5945000000002,2004.772429,515.622,1004.623999
2023-11-14 07:00:00,2107.718,2291.026,1422.25,2353.813164,589.2940000000001,1158.352667
2023-11-14 08:00:00,2268.7519999999995,2481.563,1623.008334,2503.154599,708.763,1234.018
2023-11-14 09:00:00,2261.67,2339.299,1631.8003330000001,2442.3910619999997,682.49,1192.339
2023-11-14 10:00:00,2244.795666,2245.629,1583.628667,2324.768296,641.182,1166.2350000000001
2023-11-14 11:00:00,2183.928333,2148.942,1502.8673330000001,2244.297138,622.15,1139.933
2023-11-14 12:00:00,2113.7709990000003,2051.433,1458.972666,2201.927767,589.3240000000001,1100.8519999999999
2023-11-14 13:00:00,2075.679,1954.696,1378.686499,2088.779,561.02,1063.176
2023-11-14 14:00:00,2107.7740000000003,1940.178,1381.352667,2016.440998,527.847,1080.5240000000001
2023-11-14 15:00:00,2087.8230000000003,1901.221,1296.394833,2035.829162,552.7640000000001,1125.891
2023-11-14 16:00:00,2226.7846680000002,2060.4339999999997,1431.514334,2260.173233,564.9340000000001,1177.176
2023-11-14 17:00:00,2484.139,2414.557,1668.672833,2647.235334,668.575,1273.467334
2023-11-14 18:00:00,2804.6400009999998,2811.919,1849.4055,2901.9751370000004,769.594,1426.3990009999998
2023-11-14 19:00:00,2823.917,2840.301,1896.718667,3046.68923,776.069,1428.9940000000001
2023-11-14 20:00:00,2825.147666,2781.433,1789.532001,2925.119161,788.969,1394.2060000000001
2023-11-14 21:00:00,2597.283667,2602.3149999999996,1664.825667,2744.7027000000003,777.112,1310.617667
2023-11-14 22:00:00,2343.745334,2404.526,1549.008333,2494.2382669999997,680.441,1245.1296670000002
2023-11-14 23:00:00,2027.649001,2057.201,1359.589001,2179.261694,588.5790010000001,1116.434
2023-11-15 00:00:00,1784.124332,1799.832,1181.462,1911.4248069999999,553.821333,970.6776669999999
2023-11-15 01:00:00,1623.0446660000002,1630.8719999999998,1046.0774999999999,1693.188996,476.60900000000004,886.498
2023-11-15 02:00:00,1481.384666,1529.275,979.8650009999999,1611.4304929999998,431.324,813.8720000000001
2023-11-15 03:00:00,1425.813333,1486.6309999999999,934.183499,1554.581697,410.855,792.727
2023-11-15 04:00:00,1436.621667,1505.756,930.580666,1568.971661,411.90999999999997,775.944
2023-11-15 05:00:00,1502.715666,1591.2040000000002,1007.037667,1646.958639,409.38800000000003,795.023333
2023-11-15 06:00:00,1681.014,1771.496,1123.3319999999999,1852.214399,458.39099999999996,878.7163330000001
2023-11-15 07:00:00,1949.871667,2130.015,1350.386,2100.708092,555.2660000000001,1025.5833340000001
2023-11-15 08:00:00,2108.9083330000003,2323.782,1509.733,2259.647362,670.62,1092.39
2023-11-15 09:00:00,2070.8483330000004,2312.877,1466.5391670000001,2342.812567,641.6390000000001,1126.487333
2023-11-15 10:00:00,2136.1890000000003,2207.888,1454.762833,2247.74733,640.4219999999999,1119.921333
2023-11-15 11:00:00,2119.866668,2158.937,1445.5766669999998,2242.352433,634.0930000000001,1128.78
2023-11-15 12:00:00,2084.401667,2203.4620000000004,1462.4146660000001,2248.389762,600.441,1116.077
2023-11-15 13:00:00,2116.9129999999996,2130.399,1440.964665,2285.032196,574.61,1144.532
2023-11-15 14:00:00,2074.84,2098.709,1422.903333,2221.675366,581.9010000000001,1131.959
2023-11-15 15:00:00,2100.1620000000003,2184.032,1405.798334,2254.1320320000004,604.977,1152.113
2023-11-15 16:00:00,2295.034,2279.9629999999997,1514.4625,2449.3926659999997,634.9449999999999,1182.5529999999999
2023-11-15 17:00:00,2537.262334,2526.068,1694.446,2692.3272620000002,692.895,1289.386667
2023-11-15 18:00:00,2708.083666,2744.308,1815.247998,2894.229535,762.107,1371.747667
2023-11-15 19:00:00,2758.502333,2755.9719999999998,1814.0620009999998,2924.3556639999997,799.6249999999999,1420.969
2023-11-15 20:00:00,2704.5483329999997,2716.857,1765.562666,2860.247434,763.104,1392.556
2023-11-15 21:00:00,2603.715333,2604.3010000000004,1677.305334,2729.966999,740.1200000000001,1365.1506669999999
2023-11-15 22:00:00,2335.837667,2397.2349999999997,1568.684001,2532.9599319999998,661.9179999999999,1285.337
2023-11-15 23:00:00,2101.673333,2151.3940000000002,1356.847167,2277.9728670000004,612.622,1125.584
2023-11-16 00:00:00,1887.309667,1892.929,1169.734,1981.648931,545.2429999999999,1030.3110000000001
2023-11-16 01:00:00,1667.872667,1704.621,1061.342834,1737.357928,476.949,941.729667
2023-11-16 02:00:00,1567.528667,1580.876,988.585,1643.669034,439.206,833.5533330000001
2023-11-16 03:00:00,1488.7359999999999,1549.691,959.158334,1634.3123289999999,421.62,837.709
2023-11-16 04:00:00,1481.194,1539.928,983.644165,1589.5869989999999,425.917,841.5793329999999
2023-11-16 05:00:00,1546.8603329999999,1638.937,1068.737335,1729.509999,432.35900000000004,877.0600000000001
2023-11-16 06:00:00,1737.535667,1838.356,1182.4205,1934.545699,500.18399999999997,951.216334
2023-11-16 07:00:00,2046.0356680000002,2189.362,1381.923166,2212.706701,572.1100000000001,1123.615001
2023-11-16 08:00:00,2200.055332,2378.185,1553.7890000000002,2415.637272,674.638,1211.069
2023-11-16 09:00:00,2205.2229989999996,2286.602,1553.64,2373.145037,672.0139999999999,1175.4543330000001
2023-11-16 10:00:00,2118.665333,2229.477,1483.963,2259.506966,635.858667,1156.722
2023-11-16 11:00:00,2154.978333,2145.599,1493.496,2279.738167,623.105,1160.214
2023-11-16 12:00:00,2131.242333,2151.986,1446.6796669999999,2289.730564,590.9739999999999,1162.336
2023-11-16 13:00:00,2136.9883330000002,2077.3379999999997,1491.5659999999998,2322.784968,582.308,1174.0623329999999
2023-11-16 14:00:00,2071.901,2004.5790000000002,1440.522,2249.1446669999996,534.604,1043.642
2023-11-16 15:00:00,2109.5826660000002,1986.699,1382.6799999999998,2222.5321999999996,544.943,1032.0259999999998
2023-11-16 16:00:00,2254.5696669999998,2096.5829999999996,1401.159,2379.294463,582.674,1173.074
2023-11-16 17:00:00,2541.581,2471.968,1705.361334,2760.5329010000005,671.318,1347.740333
2023-11-16 18:00:00,2800.586333,2792.0389999999998,1880.407667,3084.9368649999997,755.6400000000001,1502.333
2023-11-16 19:00:00,2953.922,2847.529333,1832.457333,3165.137333,826.399,1553.895
2023-11-16 20:00:00,2895.801,2738.374667,1805.052667,3072.567432,820.7040000000001,1519.8110000000001
2023-11-16 21:00:00,2646.488332,2670.110333,1749.945666,2942.0995000000003,784.691,1460.211
2023-11-16 22:00:00,2507.270001,2442.942333,1600.9576659999998,2680.260664,730.228,1399.691
2023-11-16 23:00:00,2254.342667,2147.956,1416.3709999999999,2393.507931,667.277,1250.164
2023-11-17 00:00:00,1521.028667,1635.0606670000002,1010.048,1577.128667,468.14199999999994,814.7189999999999
2023-11-17 01:00:00,0.0,0.0,0.0,0.0,0.0,0.0
2023-11-17 02:00:00,0.0,0.0,0.0,0.0,0.0,0.0
2023-11-17 03:00:00,0.0,0.0,0.0,0.0,0.0,0.0
2023-11-17 04:00:00,0.0,0.0,0.0,0.0,0.0,0.0
2023-11-17 05:00:00,0.0,0.0,0.0,0.0,0.0,0.0
2023-11-17 06:00:00,0.0,0.0,0.0,0.0,0.0,0.0
2023-11-17 07:00:00,0.0,0.0,0.0,0.0,0.0,0.0
2023-11-17 08:00:00,0.0,0.0,0.0,0.0,0.0,0.0
2023-11-17 09:00:00,0.0,0.0,0.0,0.0,0.0,0.0
2023-11-17 10:00:00,0.0,0.0,0.0,0.0,0.0,0.0
2023-11-17 11:00:00,0.0,0.0,0.0,0.0,0.0,0.0
2023-11-17 12:00:00,0.0,0.0,0.0,0.0,0.0,0.0
2023-11-17 13:00:00,0.0,0.0,0.0,0.0,0.0,0.0
2023-11-17 14:00:00,0.0,0.0,0.0,0.0,0.0,0.0
2023-11-17 15:00:00,0.0,0.0,0.0,0.0,0.0,0.0
2023-11-17 16:00:00,0.0,0.0,0.0,0.0,0.0,0.0
2023-11-17 17:00:00,0.0,0.0,0.0,0.0,0.0,0.0
2023-11-17 18:00:00,0.0,0.0,0.0,0.0,0.0,0.0
2023-11-17 19:00:00,0.0,0.0,0.0,0.0,0.0,0.0
2023-11-17 20:00:00,0.0,0.0,0.0,0.0,0.0,0.0
2023-11-17 21:00:00,0.0,0.0,0.0,0.0,0.0,0.0
2023-11-17 22:00:00,0.0,0.0,0.0,0.0,0.0,0.0
2023-11-17 23:00:00,0.0,0.0,0.0,0.0,0.0,0.0
2023-11-18 00:00:00,0.0,0.0,0.0,0.0,0.0,0.0
2023-11-18 01:00:00,0.0,0.0,0.0,0.0,0.0,0.0
2023-11-18 02:00:00,0.0,0.0,0.0,0.0,0.0,0.0
2023-11-18 03:00:00,0.0,0.0,0.0,0.0,0.0,0.0
2023-11-18 04:00:00,0.0,0.0,0.0,0.0,0.0,0.0
2023-11-18 05:00:00,0.0,0.0,0.0,0.0,0.0,0.0
2023-11-18 06:00:00,0.0,0.0,0.0,0.0,0.0,0.0
2023-11-18 07:00:00,0.0,0.0,0.0,0.0,0.0,0.0
2023-11-18 08:00:00,0.0,0.0,0.0,0.0,0.0,0.0
2023-11-18 09:00:00,0.0,0.0,0.0,0.0,0.0,0.0
2023-11-18 10:00:00,0.0,0.0,0.0,0.0,0.0,0.0
2023-11-18 11:00:00,0.0,0.0,0.0,0.0,0.0,0.0
2023-11-18 12:00:00,0.0,0.0,0.0,0.0,0.0,0.0
2023-11-18 13:00:00,0.0,0.0,0.0,0.0,0.0,0.0
2023-11-18 14:00:00,0.0,0.0,0.0,0.0,0.0,0.0
2023-11-18 15:00:00,0.0,0.0,0.0,0.0,0.0,0.0
2023-11-18 16:00:00,0.0,0.0,0.0,0.0,0.0,0.0
2023-11-18 17:00:00,0.0,0.0,0.0,0.0,0.0,0.0
2023-11-18 18:00:00,0.0,0.0,0.0,0.0,0.0,0.0
2023-11-18 19:00:00,0.0,0.0,0.0,0.0,0.0,0.0
2023-11-18 20:00:00,0.0,0.0,0.0,0.0,0.0,0.0
2023-11-18 21:00:00,0.0,0.0,0.0,0.0,0.0,0.0
2023-11-18 22:00:00,0.0,0.0,0.0,0.0,0.0,0.0
2023-11-18 23:00:00,0.0,0.0,0.0,0.0,0.0,0.0
2023-11-19 00:00:00,0.0,0.0,0.0,0.0,0.0,0.0
2023-11-19 01:00:00,0.0,0.0,0.0,0.0,0.0,0.0
2023-11-19 02:00:00,0.0,0.0,0.0,0.0,0.0,0.0
2023-11-19 03:00:00,0.0,0.0,0.0,0.0,0.0,0.0
2023-11-19 04:00:00,0.0,0.0,0.0,0.0,0.0,0.0
2023-11-19 05:00:00,0.0,0.0,0.0,0.0,0.0,0.0
2023-11-19 06:00:00,0.0,0.0,0.0,0.0,0.0,0.0
2023-11-19 07:00:00,0.0,0.0,0.0,0.0,0.0,0.0
2023-11-19 08:00:00,0.0,0.0,0.0,0.0,0.0,0.0
2023-11-19 09:00:00,0.0,0.0,0.0,0.0,0.0,0.0
2023-11-19 10:00:00,0.0,0.0,0.0,0.0,0.0,0.0
2023-11-19 11:00:00,0.0,0.0,0.0,0.0,0.0,0.0
2023-11-19 12:00:00,0.0,0.0,0.0,0.0,0.0,0.0
2023-11-19 13:00:00,0.0,0.0,0.0,0.0,0.0,0.0
2023-11-19 14:00:00,0.0,0.0,0.0,0.0,0.0,0.0
2023-11-19 15:00:00,0.0,0.0,0.0,0.0,0.0,0.0
2023-11-19 16:00:00,0.0,0.0,0.0,0.0,0.0,0.0
2023-11-19 17:00:00,0.0,0.0,0.0,0.0,0.0,0.0
2023-11-19 18:00:00,0.0,0.0,0.0,0.0,0.0,0.0
2023-11-19 19:00:00,0.0,0.0,0.0,0.0,0.0,0.0
2023-11-19 20:00:00,0.0,0.0,0.0,0.0,0.0,0.0
2023-11-19 21:00:00,0.0,0.0,0.0,0.0,0.0,0.0
2023-11-19 22:00:00,0.0,0.0,0.0,0.0,0.0,0.0
2023-11-19 23:00:00,0.0,0.0,0.0,0.0,0.0,0.0
2023-11-20 00:00:00,0.0,0.0,0.0,0.0,0.0,0.0
2023-11-20 01:00:00,0.0,0.0,0.0,0.0,0.0,0.0
2023-11-20 02:00:00,0.0,0.0,0.0,0.0,0.0,0.0
2023-11-20 03:00:00,0.0,0.0,0.0,0.0,0.0,0.0
2023-11-20 04:00:00,0.0,0.0,0.0,0.0,0.0,0.0
2023-11-20 05:00:00,0.0,0.0,0.0,0.0,0.0,0.0
2023-11-20 06:00:00,0.0,0.0,0.0,0.0,0.0,0.0
2023-11-20 07:00:00,0.0,0.0,0.0,0.0,0.0,0.0
2023-11-20 08:00:00,0.0,0.0,0.0,0.0,0.0,0.0
2023-11-20 09:00:00,0.0,0.0,0.0,0.0,0.0,0.0
2023-11-20 10:00:00,0.0,0.0,0.0,0.0,0.0,0.0
2023-11-20 11:00:00,0.0,0.0,0.0,0.0,0.0,0.0
2023-11-20 12:00:00,0.0,0.0,0.0,0.0,0.0,0.0
2023-11-20 13:00:00,0.0,0.0,0.0,0.0,0.0,0.0
2023-11-20 14:00:00,0.0,0.0,0.0,0.0,0.0,0.0
2023-11-20 15:00:00,0.0,0.0,0.0,0.0,0.0,0.0
2023-11-20 16:00:00,0.0,0.0,0.0,0.0,0.0,0.0
2023-11-20 17:00:00,0.0,0.0,0.0,0.0,0.0,0.0
2023-11-20 18:00:00,0.0,0.0,0.0,0.0,0.0,0.0
2023-11-20 19:00:00,0.0,0.0,0.0,0.0,0.0,0.0
2023-11-20 20:00:00,0.0,0.0,0.0,0.0,0.0,0.0
2023-11-20 21:00:00,0.0,0.0,0.0,0.0,0.0,0.0
2023-11-20 22:00:00,0.0,0.0,0.0,0.0,0.0,0.0
2023-11-20 23:00:00,0.0,0.0,0.0,0.0,0.0,0.0
2023-11-21 00:00:00,0.0,0.0,0.0,0.0,0.0,0.0
2023-11-21 01:00:00,0.0,0.0,0.0,0.0,0.0,0.0
2023-11-21 02:00:00,0.0,0.0,0.0,0.0,0.0,0.0
2023-11-21 03:00:00,0.0,0.0,0.0,0.0,0.0,0.0
2023-11-21 04:00:00,0.0,0.0,0.0,0.0,0.0,0.0
2023-11-21 05:00:00,0.0,0.0,0.0,0.0,0.0,0.0
2023-11-21 06:00:00,0.0,0.0,0.0,0.0,0.0,0.0
2023-11-21 07:00:00,0.0,0.0,0.0,0.0,0.0,0.0
2023-11-21 08:00:00,0.0,0.0,0.0,0.0,0.0,0.0
2023-11-21 09:00:00,0.0,0.0,0.0,0.0,0.0,0.0
2023-11-21 10:00:00,0.0,0.0,0.0,0.0,0.0,0.0
2023-11-21 11:00:00,0.0,0.0,0.0,0.0,0.0,0.0
2023-11-21 12:00:00,0.0,0.0,0.0,0.0,0.0,0.0
2023-11-21 13:00:00,0.0,0.0,0.0,0.0,0.0,0.0
2023-11-21 14:00:00,0.0,0.0,0.0,0.0,0.0,0.0
2023-11-21 15:00:00,0.0,0.0,0.0,0.0,0.0,0.0
2023-11-21 16:00:00,0.0,0.0,0.0,0.0,0.0,0.0
2023-11-21 17:00:00,0.0,0.0,0.0,0.0,0.0,0.0
2023-11-21 18:00:00,0.0,0.0,0.0,0.0,0.0,0.0
2023-11-21 19:00:00,0.0,0.0,0.0,0.0,0.0,0.0
2023-11-21 20:00:00,0.0,0.0,0.0,0.0,0.0,0.0
2023-11-21 21:00:00,0.0,0.0,0.0,0.0,0.0,0.0
2023-11-21 22:00:00,0.0,0.0,0.0,0.0,0.0,0.0
2023-11-21 23:00:00,0.0,0.0,0.0,0.0,0.0,0.0
2023-11-22 00:00:00,0.0,0.0,0.0,0.0,0.0,0.0
2023-11-22 01:00:00,0.0,0.0,0.0,0.0,0.0,0.0
2023-11-22 02:00:00,0.0,0.0,0.0,0.0,0.0,0.0
2023-11-22 03:00:00,0.0,0.0,0.0,0.0,0.0,0.0
2023-11-22 04:00:00,0.0,0.0,0.0,0.0,0.0,0.0
2023-11-22 05:00:00,0.0,0.0,0.0,0.0,0.0,0.0
2023-11-22 06:00:00,0.0,0.0,0.0,0.0,0.0,0.0
2023-11-22 07:00:00,0.0,0.0,0.0,0.0,0.0,0.0
2023-11-22 08:00:00,0.0,0.0,0.0,0.0,0.0,0.0
2023-11-22 09:00:00,0.0,0.0,0.0,0.0,0.0,0.0
2023-11-22 10:00:00,0.0,0.0,0.0,0.0,0.0,0.0
2023-11-22 11:00:00,0.0,0.0,0.0,0.0,0.0,0.0
2023-11-22 12:00:00,0.0,0.0,0.0,0.0,0.0,0.0
2023-11-22 13:00:00,0.0,0.0,0.0,0.0,0.0,0.0
2023-11-22 14:00:00,0.0,0.0,0.0,0.0,0.0,0.0
2023-11-22 15:00:00,0.0,0.0,0.0,0.0,0.0,0.0
2023-11-22 16:00:00,0.0,0.0,0.0,0.0,0.0,0.0
2023-11-22 17:00:00,0.0,0.0,0.0,0.0,0.0,0.0
2023-11-22 18:00:00,0.0,0.0,0.0,0.0,0.0,0.0
2023-11-22 19:00:00,0.0,0.0,0.0,0.0,0.0,0.0
2023-11-22 20:00:00,0.0,0.0,0.0,0.0,0.0,0.0
2023-11-22 21:00:00,0.0,0.0,0.0,0.0,0.0,0.0
2023-11-22 22:00:00,0.0,0.0,0.0,0.0,0.0,0.0
2023-11-22 23:00:00,0.0,0.0,0.0,0.0,0.0,0.0
2023-11-23 00:00:00,0.0,0.0,0.0,0.0,0.0,0.0
2023-11-23 01:00:00,0.0,0.0,0.0,0.0,0.0,0.0
2023-11-23 02:00:00,0.0,0.0,0.0,0.0,0.0,0.0
2023-11-23 03:00:00,0.0,0.0,0.0,0.0,0.0,0.0
2023-11-23 04:00:00,0.0,0.0,0.0,0.0,0.0,0.0
2023-11-23 05:00:00,0.0,0.0,0.0,0.0,0.0,0.0
2023-11-23 06:00:00,0.0,0.0,0.0,0.0,0.0,0.0
2023-11-23 07:00:00,0.0,0.0,0.0,0.0,0.0,0.0
2023-11-23 08:00:00,0.0,0.0,0.0,0.0,0.0,0.0
2023-11-23 09:00:00,0.0,0.0,0.0,0.0,0.0,0.0
2023-11-23 10:00:00,0.0,0.0,0.0,0.0,0.0,0.0
2023-11-23 11:00:00,0.0,0.0,0.0,0.0,0.0,0.0
2023-11-23 12:00:00,0.0,0.0,0.0,0.0,0.0,0.0
2023-11-23 13:00:00,0.0,0.0,0.0,0.0,0.0,0.0
2023-11-23 14:00:00,0.0,0.0,0.0,0.0,0.0,0.0
2023-11-23 15:00:00,0.0,0.0,0.0,0.0,0.0,0.0
2023-11-23 16:00:00,0.0,0.0,0.0,0.0,0.0,0.0
2023-11-23 17:00:00,0.0,0.0,0.0,0.0,0.0,0.0
2023-11-23 18:00:00,0.0,0.0,0.0,0.0,0.0,0.0
2023-11-23 19:00:00,0.0,0.0,0.0,0.0,0.0,0.0
2023-11-23 20:00:00,0.0,0.0,0.0,0.0,0.0,0.0
2023-11-23 21:00:00,0.0,0.0,0.0,0.0,0.0,0.0
2023-11-23 22:00:00,0.0,0.0,0.0,0.0,0.0,0.0
2023-11-23 23:00:00,0.0,0.0,0.0,0.0,0.0,0.0
2023-11-24 00:00:00,0.0,0.0,0.0,0.0,0.0,0.0
2023-11-24 01:00:00,0.0,0.0,0.0,0.0,0.0,0.0
2023-11-24 02:00:00,0.0,0.0,0.0,0.0,0.0,0.0
2023-11-24 03:00:00,0.0,0.0,0.0,0.0,0.0,0.0
2023-11-24 04:00:00,0.0,0.0,0.0,0.0,0.0,0.0
2023-11-24 05:00:00,0.0,0.0,0.0,0.0,0.0,0.0
2023-11-24 06:00:00,0.0,0.0,0.0,0.0,0.0,0.0
2023-11-24 07:00:00,0.0,0.0,0.0,0.0,0.0,0.0
2023-11-24 08:00:00,0.0,0.0,0.0,0.0,0.0,0.0
2023-11-24 09:00:00,0.0,0.0,0.0,0.0,0.0,0.0
2023-11-24 10:00:00,0.0,0.0,0.0,0.0,0.0,0.0
2023-11-24 11:00:00,0.0,0.0,0.0,0.0,0.0,0.0
2023-11-24 12:00:00,0.0,0.0,0.0,0.0,0.0,0.0
2023-11-24 13:00:00,0.0,0.0,0.0,0.0,0.0,0.0
2023-11-24 14:00:00,0.0,0.0,0.0,0.0,0.0,0.0
2023-11-24 15:00:00,0.0,0.0,0.0,0.0,0.0,0.0
2023-11-24 16:00:00,0.0,0.0,0.0,0.0,0.0,0.0
2023-11-24 17:00:00,0.0,0.0,0.0,0.0,0.0,0.0
2023-11-24 18:00:00,0.0,0.0,0.0,0.0,0.0,0.0
2023-11-24 19:00:00,0.0,0.0,0.0,0.0,0.0,0.0
2023-11-24 20:00:00,0.0,0.0,0.0,0.0,0.0,0.0
2023-11-24 21:00:00,0.0,0.0,0.0,0.0,0.0,0.0
2023-11-24 22:00:00,0.0,0.0,0.0,0.0,0.0,0.0
2023-11-24 23:00:00,0.0,0.0,0.0,0.0,0.0,0.0
2023-11-25 00:00:00,0.0,0.0,0.0,0.0,0.0,0.0
2023-11-25 01:00:00,0.0,0.0,0.0,0.0,0.0,0.0
2023-11-25 02:00:00,0.0,0.0,0.0,0.0,0.0,0.0
2023-11-25 03:00:00,0.0,0.0,0.0,0.0,0.0,0.0
2023-11-25 04:00:00,0.0,0.0,0.0,0.0,0.0,0.0
2023-11-25 05:00:00,0.0,0.0,0.0,0.0,0.0,0.0
2023-11-25 06:00:00,0.0,0.0,0.0,0.0,0.0,0.0
2023-11-25 07:00:00,0.0,0.0,0.0,0.0,0.0,0.0
2023-11-25 08:00:00,0.0,0.0,0.0,0.0,0.0,0.0
2023-11-25 09:00:00,0.0,0.0,0.0,0.0,0.0,0.0
2023-11-25 10:00:00,0.0,0.0,0.0,0.0,0.0,0.0
2023-11-25 11:00:00,0.0,0.0,0.0,0.0,0.0,0.0
2023-11-25 12:00:00,0.0,0.0,0.0,0.0,0.0,0.0
2023-11-25 13:00:00,0.0,0.0,0.0,0.0,0.0,0.0
2023-11-25 14:00:00,0.0,0.0,0.0,0.0,0.0,0.0
2023-11-25 15:00:00,0.0,0.0,0.0,0.0,0.0,0.0
2023-11-25 16:00:00,0.0,0.0,0.0,0.0,0.0,0.0
2023-11-25 17:00:00,0.0,0.0,0.0,0.0,0.0,0.0
2023-11-25 18:00:00,0.0,0.0,0.0,0.0,0.0,0.0
2023-11-25 19:00:00,0.0,0.0,0.0,0.0,0.0,0.0
2023-11-25 20:00:00,0.0,0.0,0.0,0.0,0.0,0.0
2023-11-25 21:00:00,0.0,0.0,0.0,0.0,0.0,0.0
2023-11-25 22:00:00,0.0,0.0,0.0,0.0,0.0,0.0
2023-11-25 23:00:00,0.0,0.0,0.0,0.0,0.0,0.0
2023-11-26 00:00:00,0.0,0.0,0.0,0.0,0.0,0.0
2023-11-26 01:00:00,0.0,0.0,0.0,0.0,0.0,0.0
2023-11-26 02:00:00,0.0,0.0,0.0,0.0,0.0,0.0
2023-11-26 03:00:00,0.0,0.0,0.0,0.0,0.0,0.0
2023-11-26 04:00:00,0.0,0.0,0.0,0.0,0.0,0.0
2023-11-26 05:00:00,0.0,0.0,0.0,0.0,0.0,0.0
2023-11-26 06:00:00,0.0,0.0,0.0,0.0,0.0,0.0
2023-11-26 07:00:00,0.0,0.0,0.0,0.0,0.0,0.0
2023-11-26 08:00:00,0.0,0.0,0.0,0.0,0.0,0.0
2023-11-26 09:00:00,0.0,0.0,0.0,0.0,0.0,0.0
2023-11-26 10:00:00,0.0,0.0,0.0,0.0,0.0,0.0
2023-11-26 11:00:00,0.0,0.0,0.0,0.0,0.0,0.0
2023-11-26 12:00:00,0.0,0.0,0.0,0.0,0.0,0.0
2023-11-26 13:00:00,0.0,0.0,0.0,0.0,0.0,0.0
2023-11-26 14:00:00,0.0,0.0,0.0,0.0,0.0,0.0
2023-11-26 15:00:00,0.0,0.0,0.0,0.0,0.0,0.0
2023-11-26 16:00:00,0.0,0.0,0.0,0.0,0.0,0.0
2023-11-26 17:00:00,0.0,0.0,0.0,0.0,0.0,0.0
2023-11-26 18:00:00,0.0,0.0,0.0,0.0,0.0,0.0
2023-11-26 19:00:00,0.0,0.0,0.0,0.0,0.0,0.0
2023-11-26 20:00:00,0.0,0.0,0.0,0.0,0.0,0.0
2023-11-26 21:00:00,0.0,0.0,0.0,0.0,0.0,0.0
2023-11-26 22:00:00,0.0,0.0,0.0,0.0,0.0,0.0
2023-11-26 23:00:00,0.0,0.0,0.0,0.0,0.0,0.0
2023-11-27 00:00:00,0.0,0.0,0.0,0.0,0.0,0.0
2023-11-27 01:00:00,0.0,0.0,0.0,0.0,0.0,0.0
2023-11-27 02:00:00,0.0,0.0,0.0,0.0,0.0,0.0
2023-11-27 03:00:00,0.0,0.0,0.0,0.0,0.0,0.0
2023-11-27 04:00:00,0.0,0.0,0.0,0.0,0.0,0.0
2023-11-27 05:00:00,0.0,0.0,0.0,0.0,0.0,0.0
2023-11-27 06:00:00,0.0,0.0,0.0,0.0,0.0,0.0
2023-11-27 07:00:00,0.0,0.0,0.0,0.0,0.0,0.0
2023-11-27 08:00:00,0.0,0.0,0.0,0.0,0.0,0.0
2023-11-27 09:00:00,0.0,0.0,0.0,0.0,0.0,0.0
2023-11-27 10:00:00,0.0,0.0,0.0,0.0,0.0,0.0
2023-11-27 11:00:00,0.0,0.0,0.0,0.0,0.0,0.0
2023-11-27 12:00:00,0.0,0.0,0.0,0.0,0.0,0.0
2023-11-27 13:00:00,0.0,0.0,0.0,0.0,0.0,0.0
2023-11-27 14:00:00,0.0,0.0,0.0,0.0,0.0,0.0
2023-11-27 15:00:00,0.0,0.0,0.0,0.0,0.0,0.0
2023-11-27 16:00:00,0.0,0.0,0.0,0.0,0.0,0.0
2023-11-27 17:00:00,0.0,0.0,0.0,0.0,0.0,0.0
2023-11-27 18:00:00,0.0,0.0,0.0,0.0,0.0,0.0
2023-11-27 19:00:00,0.0,0.0,0.0,0.0,0.0,0.0
2023-11-27 20:00:00,0.0,0.0,0.0,0.0,0.0,0.0
2023-11-27 21:00:00,0.0,0.0,0.0,0.0,0.0,0.0
2023-11-27 22:00:00,0.0,0.0,0.0,0.0,0.0,0.0
2023-11-27 23:00:00,0.0,0.0,0.0,0.0,0.0,0.0
2023-11-28 00:00:00,0.0,0.0,0.0,0.0,0.0,0.0
2023-11-28 01:00:00,0.0,0.0,0.0,0.0,0.0,0.0
2023-11-28 02:00:00,0.0,0.0,0.0,0.0,0.0,0.0
2023-11-28 03:00:00,0.0,0.0,0.0,0.0,0.0,0.0
2023-11-28 04:00:00,0.0,0.0,0.0,0.0,0.0,0.0
2023-11-28 05:00:00,0.0,0.0,0.0,0.0,0.0,0.0
2023-11-28 06:00:00,0.0,0.0,0.0,0.0,0.0,0.0
2023-11-28 07:00:00,0.0,0.0,0.0,0.0,0.0,0.0
2023-11-28 08:00:00,0.0,0.0,0.0,0.0,0.0,0.0
2023-11-28 09:00:00,0.0,0.0,0.0,0.0,0.0,0.0
2023-11-28 10:00:00,0.0,0.0,0.0,0.0,0.0,0.0
2023-11-28 11:00:00,0.0,0.0,0.0,0.0,0.0,0.0
2023-11-28 12:00:00,0.0,0.0,0.0,0.0,0.0,0.0
2023-11-28 13:00:00,0.0,0.0,0.0,0.0,0.0,0.0
2023-11-28 14:00:00,0.0,0.0,0.0,0.0,0.0,0.0
2023-11-28 15:00:00,0.0,0.0,0.0,0.0,0.0,0.0
2023-11-28 16:00:00,0.0,0.0,0.0,0.0,0.0,0.0
2023-11-28 17:00:00,0.0,0.0,0.0,0.0,0.0,0.0
2023-11-28 18:00:00,0.0,0.0,0.0,0.0,0.0,0.0
2023-11-28 19:00:00,0.0,0.0,0.0,0.0,0.0,0.0
2023-11-28 20:00:00,0.0,0.0,0.0,0.0,0.0,0.0
2023-11-28 21:00:00,0.0,0.0,0.0,0.0,0.0,0.0
2023-11-28 22:00:00,0.0,0.0,0.0,0.0,0.0,0.0
2023-11-28 23:00:00,0.0,0.0,0.0,0.0,0.0,0.0
2023-11-29 00:00:00,0.0,0.0,0.0,0.0,0.0,0.0
2023-11-29 01:00:00,0.0,0.0,0.0,0.0,0.0,0.0
2023-11-29 02:00:00,0.0,0.0,0.0,0.0,0.0,0.0
2023-11-29 03:00:00,0.0,0.0,0.0,0.0,0.0,0.0
2023-11-29 04:00:00,0.0,0.0,0.0,0.0,0.0,0.0
2023-11-29 05:00:00,0.0,0.0,0.0,0.0,0.0,0.0
2023-11-29 06:00:00,0.0,0.0,0.0,0.0,0.0,0.0
2023-11-29 07:00:00,0.0,0.0,0.0,0.0,0.0,0.0
2023-11-29 08:00:00,0.0,0.0,0.0,0.0,0.0,0.0
2023-11-29 09:00:00,0.0,0.0,0.0,0.0,0.0,0.0
2023-11-29 10:00:00,0.0,0.0,0.0,0.0,0.0,0.0
2023-11-29 11:00:00,0.0,0.0,0.0,0.0,0.0,0.0
2023-11-29 12:00:00,0.0,0.0,0.0,0.0,0.0,0.0
2023-11-29 13:00:00,0.0,0.0,0.0,0.0,0.0,0.0
2023-11-29 14:00:00,0.0,0.0,0.0,0.0,0.0,0.0
2023-11-29 15:00:00,0.0,0.0,0.0,0.0,0.0,0.0
2023-11-29 16:00:00,0.0,0.0,0.0,0.0,0.0,0.0
2023-11-29 17:00:00,0.0,0.0,0.0,0.0,0.0,0.0
2023-11-29 18:00:00,0.0,0.0,0.0,0.0,0.0,0.0
2023-11-29 19:00:00,0.0,0.0,0.0,0.0,0.0,0.0
2023-11-29 20:00:00,0.0,0.0,0.0,0.0,0.0,0.0
2023-11-29 21:00:00,0.0,0.0,0.0,0.0,0.0,0.0
2023-11-29 22:00:00,0.0,0.0,0.0,0.0,0.0,0.0
2023-11-29 23:00:00,0.0,0.0,0.0,0.0,0.0,0.0
2023-11-30 00:00:00,0.0,0.0,0.0,0.0,0.0,0.0
2023-11-30 01:00:00,0.0,0.0,0.0,0.0,0.0,0.0
2023-11-30 02:00:00,0.0,0.0,0.0,0.0,0.0,0.0
2023-11-30 03:00:00,0.0,0.0,0.0,0.0,0.0,0.0
2023-11-30 04:00:00,0.0,0.0,0.0,0.0,0.0,0.0
2023-11-30 05:00:00,0.0,0.0,0.0,0.0,0.0,0.0
2023-11-30 06:00:00,0.0,0.0,0.0,0.0,0.0,0.0
2023-11-30 07:00:00,0.0,0.0,0.0,0.0,0.0,0.0
2023-11-30 08:00:00,0.0,0.0,0.0,0.0,0.0,0.0
2023-11-30 09:00:00,0.0,0.0,0.0,0.0,0.0,0.0
2023-11-30 10:00:00,0.0,0.0,0.0,0.0,0.0,0.0
2023-11-30 11:00:00,0.0,0.0,0.0,0.0,0.0,0.0
2023-11-30 12:00:00,0.0,0.0,0.0,0.0,0.0,0.0
2023-11-30 13:00:00,0.0,0.0,0.0,0.0,0.0,0.0
2023-11-30 14:00:00,0.0,0.0,0.0,0.0,0.0,0.0
2023-11-30 15:00:00,0.0,0.0,0.0,0.0,0.0,0.0
2023-11-30 16:00:00,0.0,0.0,0.0,0.0,0.0,0.0
2023-11-30 17:00:00,0.0,0.0,0.0,0.0,0.0,0.0
2023-11-30 18:00:00,0.0,0.0,0.0,0.0,0.0,0.0
2023-11-30 19:00:00,0.0,0.0,0.0,0.0,0.0,0.0
2023-11-30 20:00:00,0.0,0.0,0.0,0.0,0.0,0.0
2023-11-30 21:00:00,0.0,0.0,0.0,0.0,0.0,0.0
2023-11-30 22:00:00,0.0,0.0,0.0,0.0,0.0,0.0
2023-11-30 23:00:00,0.0,0.0,0.0,0.0,0.0,0.0
2023-12-01 00:00:00,0.0,0.0,0.0,0.0,0.0,0.0
2023-12-01 01:00:00,0.0,0.0,0.0,0.0,0.0,0.0
2023-12-01 02:00:00,0.0,0.0,0.0,0.0,0.0,0.0
2023-12-01 03:00:00,0.0,0.0,0.0,0.0,0.0,0.0
2023-12-01 04:00:00,0.0,0.0,0.0,0.0,0.0,0.0
2023-12-01 05:00:00,0.0,0.0,0.0,0.0,0.0,0.0
2023-12-01 06:00:00,0.0,0.0,0.0,0.0,0.0,0.0
2023-12-01 07:00:00,0.0,0.0,0.0,0.0,0.0,0.0
2023-12-01 08:00:00,0.0,0.0,0.0,0.0,0.0,0.0
2023-12-01 09:00:00,0.0,0.0,0.0,0.0,0.0,0.0
2023-12-01 10:00:00,0.0,0.0,0.0,0.0,0.0,0.0
2023-12-01 11:00:00,0.0,0.0,0.0,0.0,0.0,0.0
2023-12-01 12:00:00,0.0,0.0,0.0,0.0,0.0,0.0
2023-12-01 13:00:00,0.0,0.0,0.0,0.0,0.0,0.0
2023-12-01 14:00:00,0.0,0.0,0.0,0.0,0.0,0.0
2023-12-01 15:00:00,0.0,0.0,0.0,0.0,0.0,0.0
2023-12-01 16:00:00,0.0,0.0,0.0,0.0,0.0,0.0
2023-12-01 17:00:00,0.0,0.0,0.0,0.0,0.0,0.0
2023-12-01 18:00:00,0.0,0.0,0.0,0.0,0.0,0.0
2023-12-01 19:00:00,0.0,0.0,0.0,0.0,0.0,0.0
2023-12-01 20:00:00,0.0,0.0,0.0,0.0,0.0,0.0
2023-12-01 21:00:00,0.0,0.0,0.0,0.0,0.0,0.0
2023-12-01 22:00:00,0.0,0.0,0.0,0.0,0.0,0.0
2023-12-01 23:00:00,0.0,0.0,0.0,0.0,0.0,0.0
2023-12-02 00:00:00,0.0,0.0,0.0,0.0,0.0,0.0
2023-12-02 01:00:00,0.0,0.0,0.0,0.0,0.0,0.0
2023-12-02 02:00:00,0.0,0.0,0.0,0.0,0.0,0.0
2023-12-02 03:00:00,0.0,0.0,0.0,0.0,0.0,0.0
2023-12-02 04:00:00,0.0,0.0,0.0,0.0,0.0,0.0
2023-12-02 05:00:00,0.0,0.0,0.0,0.0,0.0,0.0
2023-12-02 06:00:00,0.0,0.0,0.0,0.0,0.0,0.0
2023-12-02 07:00:00,0.0,0.0,0.0,0.0,0.0,0.0
2023-12-02 08:00:00,0.0,0.0,0.0,0.0,0.0,0.0
2023-12-02 09:00:00,0.0,0.0,0.0,0.0,0.0,0.0
2023-12-02 10:00:00,0.0,0.0,0.0,0.0,0.0,0.0
2023-12-02 11:00:00,0.0,0.0,0.0,0.0,0.0,0.0
2023-12-02 12:00:00,0.0,0.0,0.0,0.0,0.0,0.0
2023-12-02 13:00:00,0.0,0.0,0.0,0.0,0.0,0.0
2023-12-02 14:00:00,0.0,0.0,0.0,0.0,0.0,0.0
2023-12-02 15:00:00,0.0,0.0,0.0,0.0,0.0,0.0
2023-12-02 16:00:00,0.0,0.0,0.0,0.0,0.0,0.0
2023-12-02 17:00:00,0.0,0.0,0.0,0.0,0.0,0.0
2023-12-02 18:00:00,0.0,0.0,0.0,0.0,0.0,0.0
2023-12-02 19:00:00,0.0,0.0,0.0,0.0,0.0,0.0
2023-12-02 20:00:00,0.0,0.0,0.0,0.0,0.0,0.0
2023-12-02 21:00:00,0.0,0.0,0.0,0.0,0.0,0.0
2023-12-02 22:00:00,0.0,0.0,0.0,0.0,0.0,0.0
2023-12-02 23:00:00,0.0,0.0,0.0,0.0,0.0,0.0
2023-12-03 00:00:00,0.0,0.0,0.0,0.0,0.0,0.0
2023-12-03 01:00:00,0.0,0.0,0.0,0.0,0.0,0.0
2023-12-03 02:00:00,0.0,0.0,0.0,0.0,0.0,0.0
2023-12-03 03:00:00,0.0,0.0,0.0,0.0,0.0,0.0
2023-12-03 04:00:00,0.0,0.0,0.0,0.0,0.0,0.0
2023-12-03 05:00:00,0.0,0.0,0.0,0.0,0.0,0.0
2023-12-03 06:00:00,0.0,0.0,0.0,0.0,0.0,0.0
2023-12-03 07:00:00,0.0,0.0,0.0,0.0,0.0,0.0
2023-12-03 08:00:00,0.0,0.0,0.0,0.0,0.0,0.0
2023-12-03 09:00:00,0.0,0.0,0.0,0.0,0.0,0.0
2023-12-03 10:00:00,0.0,0.0,0.0,0.0,0.0,0.0
2023-12-03 11:00:00,0.0,0.0,0.0,0.0,0.0,0.0
2023-12-03 12:00:00,0.0,0.0,0.0,0.0,0.0,0.0
2023-12-03 13:00:00,0.0,0.0,0.0,0.0,0.0,0.0
2023-12-03 14:00:00,0.0,0.0,0.0,0.0,0.0,0.0
2023-12-03 15:00:00,0.0,0.0,0.0,0.0,0.0,0.0
2023-12-03 16:00:00,0.0,0.0,0.0,0.0,0.0,0.0
2023-12-03 17:00:00,0.0,0.0,0.0,0.0,0.0,0.0
2023-12-03 18:00:00,0.0,0.0,0.0,0.0,0.0,0.0
2023-12-03 19:00:00,0.0,0.0,0.0,0.0,0.0,0.0
2023-12-03 20:00:00,0.0,0.0,0.0,0.0,0.0,0.0
2023-12-03 21:00:00,0.0,0.0,0.0,0.0,0.0,0.0
2023-12-03 22:00:00,0.0,0.0,0.0,0.0,0.0,0.0
2023-12-03 23:00:00,0.0,0.0,0.0,0.0,0.0,0.0
2023-12-04 00:00:00,0.0,0.0,0.0,0.0,0.0,0.0
2023-12-04 01:00:00,0.0,0.0,0.0,0.0,0.0,0.0
2023-12-04 02:00:00,0.0,0.0,0.0,0.0,0.0,0.0
2023-12-04 03:00:00,0.0,0.0,0.0,0.0,0.0,0.0
2023-12-04 04:00:00,0.0,0.0,0.0,0.0,0.0,0.0
2023-12-04 05:00:00,0.0,0.0,0.0,0.0,0.0,0.0
2023-12-04 06:00:00,0.0,0.0,0.0,0.0,0.0,0.0
2023-12-04 07:00:00,0.0,0.0,0.0,0.0,0.0,0.0
2023-12-04 08:00:00,0.0,0.0,0.0,0.0,0.0,0.0
2023-12-04 09:00:00,0.0,0.0,0.0,0.0,0.0,0.0
2023-12-04 10:00:00,0.0,0.0,0.0,0.0,0.0,0.0
2023-12-04 11:00:00,0.0,0.0,0.0,0.0,0.0,0.0
2023-12-04 12:00:00,0.0,0.0,0.0,0.0,0.0,0.0
2023-12-04 13:00:00,0.0,0.0,0.0,0.0,0.0,0.0
2023-12-04 14:00:00,0.0,0.0,0.0,0.0,0.0,0.0
2023-12-04 15:00:00,0.0,0.0,0.0,0.0,0.0,0.0
2023-12-04 16:00:00,0.0,0.0,0.0,0.0,0.0,0.0
2023-12-04 17:00:00,0.0,0.0,0.0,0.0,0.0,0.0
2023-12-04 18:00:00,0.0,0.0,0.0,0.0,0.0,0.0
2023-12-04 19:00:00,0.0,0.0,0.0,0.0,0.0,0.0
2023-12-04 20:00:00,0.0,0.0,0.0,0.0,0.0,0.0
2023-12-04 21:00:00,0.0,0.0,0.0,0.0,0.0,0.0
2023-12-04 22:00:00,0.0,0.0,0.0,0.0,0.0,0.0
2023-12-04 23:00:00,0.0,0.0,0.0,0.0,0.0,0.0
2023-12-05 00:00:00,0.0,0.0,0.0,0.0,0.0,0.0
2023-12-05 01:00:00,0.0,0.0,0.0,0.0,0.0,0.0
2023-12-05 02:00:00,0.0,0.0,0.0,0.0,0.0,0.0
2023-12-05 03:00:00,0.0,0.0,0.0,0.0,0.0,0.0
2023-12-05 04:00:00,0.0,0.0,0.0,0.0,0.0,0.0
2023-12-05 05:00:00,0.0,0.0,0.0,0.0,0.0,0.0
2023-12-05 06:00:00,0.0,0.0,0.0,0.0,0.0,0.0
2023-12-05 07:00:00,0.0,0.0,0.0,0.0,0.0,0.0
2023-12-05 08:00:00,0.0,0.0,0.0,0.0,0.0,0.0
2023-12-05 09:00:00,0.0,0.0,0.0,0.0,0.0,0.0
2023-12-05 10:00:00,0.0,0.0,0.0,0.0,0.0,0.0
2023-12-05 11:00:00,0.0,0.0,0.0,0.0,0.0,0.0
2023-12-05 12:00:00,0.0,0.0,0.0,0.0,0.0,0.0
2023-12-05 13:00:00,0.0,0.0,0.0,0.0,0.0,0.0
2023-12-05 14:00:00,0.0,0.0,0.0,0.0,0.0,0.0
2023-12-05 15:00:00,0.0,0.0,0.0,0.0,0.0,0.0
2023-12-05 16:00:00,0.0,0.0,0.0,0.0,0.0,0.0
2023-12-05 17:00:00,0.0,0.0,0.0,0.0,0.0,0.0
2023-12-05 18:00:00,0.0,0.0,0.0,0.0,0.0,0.0
2023-12-05 19:00:00,0.0,0.0,0.0,0.0,0.0,0.0
2023-12-05 20:00:00,0.0,0.0,0.0,0.0,0.0,0.0
2023-12-05 21:00:00,0.0,0.0,0.0,0.0,0.0,0.0
2023-12-05 22:00:00,0.0,0.0,0.0,0.0,0.0,0.0
2023-12-05 23:00:00,0.0,0.0,0.0,0.0,0.0,0.0
2023-12-06 00:00:00,0.0,0.0,0.0,0.0,0.0,0.0
2023-12-06 01:00:00,0.0,0.0,0.0,0.0,0.0,0.0
2023-12-06 02:00:00,0.0,0.0,0.0,0.0,0.0,0.0
2023-12-06 03:00:00,0.0,0.0,0.0,0.0,0.0,0.0
2023-12-06 04:00:00,0.0,0.0,0.0,0.0,0.0,0.0
2023-12-06 05:00:00,0.0,0.0,0.0,0.0,0.0,0.0
2023-12-06 06:00:00,0.0,0.0,0.0,0.0,0.0,0.0
2023-12-06 07:00:00,0.0,0.0,0.0,0.0,0.0,0.0
2023-12-06 08:00:00,0.0,0.0,0.0,0.0,0.0,0.0
2023-12-06 09:00:00,0.0,0.0,0.0,0.0,0.0,0.0
2023-12-06 10:00:00,0.0,0.0,0.0,0.0,0.0,0.0
2023-12-06 11:00:00,0.0,0.0,0.0,0.0,0.0,0.0
2023-12-06 12:00:00,0.0,0.0,0.0,0.0,0.0,0.0
2023-12-06 13:00:00,0.0,0.0,0.0,0.0,0.0,0.0
2023-12-06 14:00:00,0.0,0.0,0.0,0.0,0.0,0.0
2023-12-06 15:00:00,0.0,0.0,0.0,0.0,0.0,0.0
2023-12-06 16:00:00,0.0,0.0,0.0,0.0,0.0,0.0
2023-12-06 17:00:00,0.0,0.0,0.0,0.0,0.0,0.0
2023-12-06 18:00:00,0.0,0.0,0.0,0.0,0.0,0.0
2023-12-06 19:00:00,0.0,0.0,0.0,0.0,0.0,0.0
2023-12-06 20:00:00,0.0,0.0,0.0,0.0,0.0,0.0
2023-12-06 21:00:00,0.0,0.0,0.0,0.0,0.0,0.0
2023-12-06 22:00:00,0.0,0.0,0.0,0.0,0.0,0.0
2023-12-06 23:00:00,0.0,0.0,0.0,0.0,0.0,0.0
2023-12-07 00:00:00,0.0,0.0,0.0,0.0,0.0,0.0
2023-12-07 01:00:00,0.0,0.0,0.0,0.0,0.0,0.0
2023-12-07 02:00:00,0.0,0.0,0.0,0.0,0.0,0.0
2023-12-07 03:00:00,0.0,0.0,0.0,0.0,0.0,0.0
2023-12-07 04:00:00,0.0,0.0,0.0,0.0,0.0,0.0
2023-12-07 05:00:00,0.0,0.0,0.0,0.0,0.0,0.0
2023-12-07 06:00:00,0.0,0.0,0.0,0.0,0.0,0.0
2023-12-07 07:00:00,0.0,0.0,0.0,0.0,0.0,0.0
2023-12-07 08:00:00,0.0,0.0,0.0,0.0,0.0,0.0
2023-12-07 09:00:00,0.0,0.0,0.0,0.0,0.0,0.0
2023-12-07 10:00:00,0.0,0.0,0.0,0.0,0.0,0.0
2023-12-07 11:00:00,0.0,0.0,0.0,0.0,0.0,0.0
2023-12-07 12:00:00,0.0,0.0,0.0,0.0,0.0,0.0
2023-12-07 13:00:00,0.0,0.0,0.0,0.0,0.0,0.0
2023-12-07 14:00:00,0.0,0.0,0.0,0.0,0.0,0.0
2023-12-07 15:00:00,0.0,0.0,0.0,0.0,0.0,0.0
2023-12-07 16:00:00,0.0,0.0,0.0,0.0,0.0,0.0
2023-12-07 17:00:00,0.0,0.0,0.0,0.0,0.0,0.0
2023-12-07 18:00:00,0.0,0.0,0.0,0.0,0.0,0.0
2023-12-07 19:00:00,0.0,0.0,0.0,0.0,0.0,0.0
2023-12-07 20:00:00,0.0,0.0,0.0,0.0,0.0,0.0
2023-12-07 21:00:00,0.0,0.0,0.0,0.0,0.0,0.0
2023-12-07 22:00:00,0.0,0.0,0.0,0.0,0.0,0.0
2023-12-07 23:00:00,0.0,0.0,0.0,0.0,0.0,0.0
2023-12-08 00:00:00,0.0,0.0,0.0,0.0,0.0,0.0
2023-12-08 01:00:00,0.0,0.0,0.0,0.0,0.0,0.0
2023-12-08 02:00:00,0.0,0.0,0.0,0.0,0.0,0.0
2023-12-08 03:00:00,0.0,0.0,0.0,0.0,0.0,0.0
2023-12-08 04:00:00,0.0,0.0,0.0,0.0,0.0,0.0
2023-12-08 05:00:00,0.0,0.0,0.0,0.0,0.0,0.0
2023-12-08 06:00:00,0.0,0.0,0.0,0.0,0.0,0.0
2023-12-08 07:00:00,0.0,0.0,0.0,0.0,0.0,0.0
2023-12-08 08:00:00,0.0,0.0,0.0,0.0,0.0,0.0
2023-12-08 09:00:00,0.0,0.0,0.0,0.0,0.0,0.0
2023-12-08 10:00:00,0.0,0.0,0.0,0.0,0.0,0.0
2023-12-08 11:00:00,0.0,0.0,0.0,0.0,0.0,0.0
2023-12-08 12:00:00,0.0,0.0,0.0,0.0,0.0,0.0
2023-12-08 13:00:00,0.0,0.0,0.0,0.0,0.0,0.0
2023-12-08 14:00:00,0.0,0.0,0.0,0.0,0.0,0.0
2023-12-08 15:00:00,0.0,0.0,0.0,0.0,0.0,0.0
2023-12-08 16:00:00,0.0,0.0,0.0,0.0,0.0,0.0
2023-12-08 17:00:00,0.0,0.0,0.0,0.0,0.0,0.0
2023-12-08 18:00:00,0.0,0.0,0.0,0.0,0.0,0.0
2023-12-08 19:00:00,0.0,0.0,0.0,0.0,0.0,0.0
2023-12-08 20:00:00,0.0,0.0,0.0,0.0,0.0,0.0
2023-12-08 21:00:00,0.0,0.0,0.0,0.0,0.0,0.0
2023-12-08 22:00:00,0.0,0.0,0.0,0.0,0.0,0.0
2023-12-08 23:00:00,0.0,0.0,0.0,0.0,0.0,0.0
2023-12-09 00:00:00,0.0,0.0,0.0,0.0,0.0,0.0
2023-12-09 01:00:00,0.0,0.0,0.0,0.0,0.0,0.0
2023-12-09 02:00:00,0.0,0.0,0.0,0.0,0.0,0.0
2023-12-09 03:00:00,0.0,0.0,0.0,0.0,0.0,0.0
2023-12-09 04:00:00,0.0,0.0,0.0,0.0,0.0,0.0
2023-12-09 05:00:00,0.0,0.0,0.0,0.0,0.0,0.0
2023-12-09 06:00:00,0.0,0.0,0.0,0.0,0.0,0.0
2023-12-09 07:00:00,0.0,0.0,0.0,0.0,0.0,0.0
2023-12-09 08:00:00,0.0,0.0,0.0,0.0,0.0,0.0
2023-12-09 09:00:00,0.0,0.0,0.0,0.0,0.0,0.0
2023-12-09 10:00:00,0.0,0.0,0.0,0.0,0.0,0.0
2023-12-09 11:00:00,0.0,0.0,0.0,0.0,0.0,0.0
2023-12-09 12:00:00,0.0,0.0,0.0,0.0,0.0,0.0
2023-12-09 13:00:00,0.0,0.0,0.0,0.0,0.0,0.0
2023-12-09 14:00:00,0.0,0.0,0.0,0.0,0.0,0.0
2023-12-09 15:00:00,0.0,0.0,0.0,0.0,0.0,0.0
2023-12-09 16:00:00,0.0,0.0,0.0,0.0,0.0,0.0
2023-12-09 17:00:00,0.0,0.0,0.0,0.0,0.0,0.0
2023-12-09 18:00:00,0.0,0.0,0.0,0.0,0.0,0.0
2023-12-09 19:00:00,0.0,0.0,0.0,0.0,0.0,0.0
2023-12-09 20:00:00,0.0,0.0,0.0,0.0,0.0,0.0
2023-12-09 21:00:00,0.0,0.0,0.0,0.0,0.0,0.0
2023-12-09 22:00:00,0.0,0.0,0.0,0.0,0.0,0.0
2023-12-09 23:00:00,0.0,0.0,0.0,0.0,0.0,0.0
2023-12-10 00:00:00,0.0,0.0,0.0,0.0,0.0,0.0
2023-12-10 01:00:00,0.0,0.0,0.0,0.0,0.0,0.0
2023-12-10 02:00:00,0.0,0.0,0.0,0.0,0.0,0.0
2023-12-10 03:00:00,0.0,0.0,0.0,0.0,0.0,0.0
2023-12-10 04:00:00,0.0,0.0,0.0,0.0,0.0,0.0
2023-12-10 05:00:00,0.0,0.0,0.0,0.0,0.0,0.0
2023-12-10 06:00:00,0.0,0.0,0.0,0.0,0.0,0.0
2023-12-10 07:00:00,0.0,0.0,0.0,0.0,0.0,0.0
2023-12-10 08:00:00,0.0,0.0,0.0,0.0,0.0,0.0
2023-12-10 09:00:00,0.0,0.0,0.0,0.0,0.0,0.0
2023-12-10 10:00:00,0.0,0.0,0.0,0.0,0.0,0.0
2023-12-10 11:00:00,0.0,0.0,0.0,0.0,0.0,0.0
2023-12-10 12:00:00,0.0,0.0,0.0,0.0,0.0,0.0
2023-12-10 13:00:00,0.0,0.0,0.0,0.0,0.0,0.0
2023-12-10 14:00:00,0.0,0.0,0.0,0.0,0.0,0.0
2023-12-10 15:00:00,0.0,0.0,0.0,0.0,0.0,0.0
2023-12-10 16:00:00,0.0,0.0,0.0,0.0,0.0,0.0
2023-12-10 17:00:00,0.0,0.0,0.0,0.0,0.0,0.0
2023-12-10 18:00:00,0.0,0.0,0.0,0.0,0.0,0.0
2023-12-10 19:00:00,0.0,0.0,0.0,0.0,0.0,0.0
2023-12-10 20:00:00,0.0,0.0,0.0,0.0,0.0,0.0
2023-12-10 21:00:00,0.0,0.0,0.0,0.0,0.0,0.0
2023-12-10 22:00:00,0.0,0.0,0.0,0.0,0.0,0.0
2023-12-10 23:00:00,0.0,0.0,0.0,0.0,0.0,0.0
2023-12-11 00:00:00,0.0,0.0,0.0,0.0,0.0,0.0
2023-12-11 01:00:00,0.0,0.0,0.0,0.0,0.0,0.0
2023-12-11 02:00:00,0.0,0.0,0.0,0.0,0.0,0.0
2023-12-11 03:00:00,0.0,0.0,0.0,0.0,0.0,0.0
2023-12-11 04:00:00,0.0,0.0,0.0,0.0,0.0,0.0
2023-12-11 05:00:00,0.0,0.0,0.0,0.0,0.0,0.0
2023-12-11 06:00:00,0.0,0.0,0.0,0.0,0.0,0.0
2023-12-11 07:00:00,0.0,0.0,0.0,0.0,0.0,0.0
2023-12-11 08:00:00,0.0,0.0,0.0,0.0,0.0,0.0
2023-12-11 09:00:00,0.0,0.0,0.0,0.0,0.0,0.0
2023-12-11 10:00:00,0.0,0.0,0.0,0.0,0.0,0.0
2023-12-11 11:00:00,0.0,0.0,0.0,0.0,0.0,0.0
2023-12-11 12:00:00,0.0,0.0,0.0,0.0,0.0,0.0
2023-12-11 13:00:00,0.0,0.0,0.0,0.0,0.0,0.0
2023-12-11 14:00:00,0.0,0.0,0.0,0.0,0.0,0.0
2023-12-11 15:00:00,0.0,0.0,0.0,0.0,0.0,0.0
2023-12-11 16:00:00,0.0,0.0,0.0,0.0,0.0,0.0
2023-12-11 17:00:00,0.0,0.0,0.0,0.0,0.0,0.0
2023-12-11 18:00:00,0.0,0.0,0.0,0.0,0.0,0.0
2023-12-11 19:00:00,0.0,0.0,0.0,0.0,0.0,0.0
2023-12-11 20:00:00,0.0,0.0,0.0,0.0,0.0,0.0
2023-12-11 21:00:00,0.0,0.0,0.0,0.0,0.0,0.0
2023-12-11 22:00:00,0.0,0.0,0.0,0.0,0.0,0.0
2023-12-11 23:00:00,0.0,0.0,0.0,0.0,0.0,0.0
2023-12-12 00:00:00,0.0,0.0,0.0,0.0,0.0,0.0
2023-12-12 01:00:00,0.0,0.0,0.0,0.0,0.0,0.0
2023-12-12 02:00:00,0.0,0.0,0.0,0.0,0.0,0.0
2023-12-12 03:00:00,0.0,0.0,0.0,0.0,0.0,0.0
2023-12-12 04:00:00,0.0,0.0,0.0,0.0,0.0,0.0
2023-12-12 05:00:00,0.0,0.0,0.0,0.0,0.0,0.0
2023-12-12 06:00:00,0.0,0.0,0.0,0.0,0.0,0.0
2023-12-12 07:00:00,0.0,0.0,0.0,0.0,0.0,0.0
2023-12-12 08:00:00,0.0,0.0,0.0,0.0,0.0,0.0
2023-12-12 09:00:00,0.0,0.0,0.0,0.0,0.0,0.0
2023-12-12 10:00:00,0.0,0.0,0.0,0.0,0.0,0.0
2023-12-12 11:00:00,0.0,0.0,0.0,0.0,0.0,0.0
2023-12-12 12:00:00,0.0,0.0,0.0,0.0,0.0,0.0
2023-12-12 13:00:00,0.0,0.0,0.0,0.0,0.0,0.0
2023-12-12 14:00:00,0.0,0.0,0.0,0.0,0.0,0.0
2023-12-12 15:00:00,0.0,0.0,0.0,0.0,0.0,0.0
2023-12-12 16:00:00,0.0,0.0,0.0,0.0,0.0,0.0
2023-12-12 17:00:00,0.0,0.0,0.0,0.0,0.0,0.0
2023-12-12 18:00:00,0.0,0.0,0.0,0.0,0.0,0.0
2023-12-12 19:00:00,0.0,0.0,0.0,0.0,0.0,0.0
2023-12-12 20:00:00,0.0,0.0,0.0,0.0,0.0,0.0
2023-12-12 21:00:00,0.0,0.0,0.0,0.0,0.0,0.0
2023-12-12 22:00:00,0.0,0.0,0.0,0.0,0.0,0.0
2023-12-12 23:00:00,0.0,0.0,0.0,0.0,0.0,0.0
2023-12-13 00:00:00,0.0,0.0,0.0,0.0,0.0,0.0
2023-12-13 01:00:00,0.0,0.0,0.0,0.0,0.0,0.0
2023-12-13 02:00:00,0.0,0.0,0.0,0.0,0.0,0.0
2023-12-13 03:00:00,0.0,0.0,0.0,0.0,0.0,0.0
2023-12-13 04:00:00,0.0,0.0,0.0,0.0,0.0,0.0
2023-12-13 05:00:00,0.0,0.0,0.0,0.0,0.0,0.0
2023-12-13 06:00:00,0.0,0.0,0.0,0.0,0.0,0.0
2023-12-13 07:00:00,0.0,0.0,0.0,0.0,0.0,0.0
2023-12-13 08:00:00,0.0,0.0,0.0,0.0,0.0,0.0
2023-12-13 09:00:00,0.0,0.0,0.0,0.0,0.0,0.0
2023-12-13 10:00:00,0.0,0.0,0.0,0.0,0.0,0.0
2023-12-13 11:00:00,0.0,0.0,0.0,0.0,0.0,0.0
2023-12-13 12:00:00,0.0,0.0,0.0,0.0,0.0,0.0
2023-12-13 13:00:00,0.0,0.0,0.0,0.0,0.0,0.0
2023-12-13 14:00:00,0.0,0.0,0.0,0.0,0.0,0.0
2023-12-13 15:00:00,0.0,0.0,0.0,0.0,0.0,0.0
2023-12-13 16:00:00,0.0,0.0,0.0,0.0,0.0,0.0
2023-12-13 17:00:00,0.0,0.0,0.0,0.0,0.0,0.0
2023-12-13 18:00:00,0.0,0.0,0.0,0.0,0.0,0.0
2023-12-13 19:00:00,0.0,0.0,0.0,0.0,0.0,0.0
2023-12-13 20:00:00,0.0,0.0,0.0,0.0,0.0,0.0
2023-12-13 21:00:00,0.0,0.0,0.0,0.0,0.0,0.0
2023-12-13 22:00:00,0.0,0.0,0.0,0.0,0.0,0.0
2023-12-13 23:00:00,0.0,0.0,0.0,0.0,0.0,0.0
2023-12-14 00:00:00,0.0,0.0,0.0,0.0,0.0,0.0
2023-12-14 01:00:00,0.0,0.0,0.0,0.0,0.0,0.0
2023-12-14 02:00:00,0.0,0.0,0.0,0.0,0.0,0.0
2023-12-14 03:00:00,0.0,0.0,0.0,0.0,0.0,0.0
2023-12-14 04:00:00,0.0,0.0,0.0,0.0,0.0,0.0
2023-12-14 05:00:00,0.0,0.0,0.0,0.0,0.0,0.0
2023-12-14 06:00:00,0.0,0.0,0.0,0.0,0.0,0.0
2023-12-14 07:00:00,0.0,0.0,0.0,0.0,0.0,0.0
2023-12-14 08:00:00,0.0,0.0,0.0,0.0,0.0,0.0
2023-12-14 09:00:00,0.0,0.0,0.0,0.0,0.0,0.0
2023-12-14 10:00:00,0.0,0.0,0.0,0.0,0.0,0.0
2023-12-14 11:00:00,0.0,0.0,0.0,0.0,0.0,0.0
2023-12-14 12:00:00,0.0,0.0,0.0,0.0,0.0,0.0
2023-12-14 13:00:00,0.0,0.0,0.0,0.0,0.0,0.0
2023-12-14 14:00:00,0.0,0.0,0.0,0.0,0.0,0.0
2023-12-14 15:00:00,0.0,0.0,0.0,0.0,0.0,0.0
2023-12-14 16:00:00,0.0,0.0,0.0,0.0,0.0,0.0
2023-12-14 17:00:00,0.0,0.0,0.0,0.0,0.0,0.0
2023-12-14 18:00:00,0.0,0.0,0.0,0.0,0.0,0.0
2023-12-14 19:00:00,0.0,0.0,0.0,0.0,0.0,0.0
2023-12-14 20:00:00,0.0,0.0,0.0,0.0,0.0,0.0
2023-12-14 21:00:00,0.0,0.0,0.0,0.0,0.0,0.0
2023-12-14 22:00:00,0.0,0.0,0.0,0.0,0.0,0.0
2023-12-14 23:00:00,0.0,0.0,0.0,0.0,0.0,0.0
2023-12-15 00:00:00,0.0,0.0,0.0,0.0,0.0,0.0
2023-12-15 01:00:00,0.0,0.0,0.0,0.0,0.0,0.0
2023-12-15 02:00:00,0.0,0.0,0.0,0.0,0.0,0.0
2023-12-15 03:00:00,0.0,0.0,0.0,0.0,0.0,0.0
2023-12-15 04:00:00,0.0,0.0,0.0,0.0,0.0,0.0
2023-12-15 05:00:00,0.0,0.0,0.0,0.0,0.0,0.0
2023-12-15 06:00:00,0.0,0.0,0.0,0.0,0.0,0.0
2023-12-15 07:00:00,0.0,0.0,0.0,0.0,0.0,0.0
2023-12-15 08:00:00,0.0,0.0,0.0,0.0,0.0,0.0
2023-12-15 09:00:00,0.0,0.0,0.0,0.0,0.0,0.0
2023-12-15 10:00:00,0.0,0.0,0.0,0.0,0.0,0.0
2023-12-15 11:00:00,0.0,0.0,0.0,0.0,0.0,0.0
2023-12-15 12:00:00,0.0,0.0,0.0,0.0,0.0,0.0
2023-12-15 13:00:00,0.0,0.0,0.0,0.0,0.0,0.0
2023-12-15 14:00:00,0.0,0.0,0.0,0.0,0.0,0.0
2023-12-15 15:00:00,0.0,0.0,0.0,0.0,0.0,0.0
2023-12-15 16:00:00,0.0,0.0,0.0,0.0,0.0,0.0
2023-12-15 17:00:00,0.0,0.0,0.0,0.0,0.0,0.0
2023-12-15 18:00:00,0.0,0.0,0.0,0.0,0.0,0.0
2023-12-15 19:00:00,0.0,0.0,0.0,0.0,0.0,0.0
2023-12-15 20:00:00,0.0,0.0,0.0,0.0,0.0,0.0
2023-12-15 21:00:00,0.0,0.0,0.0,0.0,0.0,0.0
2023-12-15 22:00:00,0.0,0.0,0.0,0.0,0.0,0.0
2023-12-15 23:00:00,0.0,0.0,0.0,0.0,0.0,0.0
2023-12-16 00:00:00,0.0,0.0,0.0,0.0,0.0,0.0
2023-12-16 01:00:00,0.0,0.0,0.0,0.0,0.0,0.0
2023-12-16 02:00:00,0.0,0.0,0.0,0.0,0.0,0.0
2023-12-16 03:00:00,0.0,0.0,0.0,0.0,0.0,0.0
2023-12-16 04:00:00,0.0,0.0,0.0,0.0,0.0,0.0
2023-12-16 05:00:00,0.0,0.0,0.0,0.0,0.0,0.0
2023-12-16 06:00:00,0.0,0.0,0.0,0.0,0.0,0.0
2023-12-16 07:00:00,0.0,0.0,0.0,0.0,0.0,0.0
2023-12-16 08:00:00,0.0,0.0,0.0,0.0,0.0,0.0
2023-12-16 09:00:00,0.0,0.0,0.0,0.0,0.0,0.0
2023-12-16 10:00:00,0.0,0.0,0.0,0.0,0.0,0.0
2023-12-16 11:00:00,0.0,0.0,0.0,0.0,0.0,0.0
2023-12-16 12:00:00,0.0,0.0,0.0,0.0,0.0,0.0
2023-12-16 13:00:00,0.0,0.0,0.0,0.0,0.0,0.0
2023-12-16 14:00:00,0.0,0.0,0.0,0.0,0.0,0.0
2023-12-16 15:00:00,0.0,0.0,0.0,0.0,0.0,0.0
2023-12-16 16:00:00,0.0,0.0,0.0,0.0,0.0,0.0
2023-12-16 17:00:00,0.0,0.0,0.0,0.0,0.0,0.0
2023-12-16 18:00:00,0.0,0.0,0.0,0.0,0.0,0.0
2023-12-16 19:00:00,0.0,0.0,0.0,0.0,0.0,0.0
2023-12-16 20:00:00,0.0,0.0,0.0,0.0,0.0,0.0
2023-12-16 21:00:00,0.0,0.0,0.0,0.0,0.0,0.0
2023-12-16 22:00:00,0.0,0.0,0.0,0.0,0.0,0.0
2023-12-16 23:00:00,0.0,0.0,0.0,0.0,0.0,0.0
2023-12-17 00:00:00,0.0,0.0,0.0,0.0,0.0,0.0
2023-12-17 01:00:00,0.0,0.0,0.0,0.0,0.0,0.0
2023-12-17 02:00:00,0.0,0.0,0.0,0.0,0.0,0.0
2023-12-17 03:00:00,0.0,0.0,0.0,0.0,0.0,0.0
2023-12-17 04:00:00,0.0,0.0,0.0,0.0,0.0,0.0
2023-12-17 05:00:00,0.0,0.0,0.0,0.0,0.0,0.0
2023-12-17 06:00:00,0.0,0.0,0.0,0.0,0.0,0.0
2023-12-17 07:00:00,0.0,0.0,0.0,0.0,0.0,0.0
2023-12-17 08:00:00,0.0,0.0,0.0,0.0,0.0,0.0
2023-12-17 09:00:00,0.0,0.0,0.0,0.0,0.0,0.0
2023-12-17 10:00:00,0.0,0.0,0.0,0.0,0.0,0.0
2023-12-17 11:00:00,0.0,0.0,0.0,0.0,0.0,0.0
2023-12-17 12:00:00,0.0,0.0,0.0,0.0,0.0,0.0
2023-12-17 13:00:00,0.0,0.0,0.0,0.0,0.0,0.0
2023-12-17 14:00:00,0.0,0.0,0.0,0.0,0.0,0.0
2023-12-17 15:00:00,0.0,0.0,0.0,0.0,0.0,0.0
2023-12-17 16:00:00,0.0,0.0,0.0,0.0,0.0,0.0
2023-12-17 17:00:00,0.0,0.0,0.0,0.0,0.0,0.0
2023-12-17 18:00:00,0.0,0.0,0.0,0.0,0.0,0.0
2023-12-17 19:00:00,0.0,0.0,0.0,0.0,0.0,0.0
2023-12-17 20:00:00,0.0,0.0,0.0,0.0,0.0,0.0
2023-12-17 21:00:00,0.0,0.0,0.0,0.0,0.0,0.0
2023-12-17 22:00:00,0.0,0.0,0.0,0.0,0.0,0.0
2023-12-17 23:00:00,0.0,0.0,0.0,0.0,0.0,0.0
2023-12-18 00:00:00,0.0,0.0,0.0,0.0,0.0,0.0
2023-12-18 01:00:00,0.0,0.0,0.0,0.0,0.0,0.0
2023-12-18 02:00:00,0.0,0.0,0.0,0.0,0.0,0.0
2023-12-18 03:00:00,0.0,0.0,0.0,0.0,0.0,0.0
2023-12-18 04:00:00,0.0,0.0,0.0,0.0,0.0,0.0
2023-12-18 05:00:00,0.0,0.0,0.0,0.0,0.0,0.0
2023-12-18 06:00:00,0.0,0.0,0.0,0.0,0.0,0.0
2023-12-18 07:00:00,0.0,0.0,0.0,0.0,0.0,0.0
2023-12-18 08:00:00,0.0,0.0,0.0,0.0,0.0,0.0
2023-12-18 09:00:00,0.0,0.0,0.0,0.0,0.0,0.0
2023-12-18 10:00:00,0.0,0.0,0.0,0.0,0.0,0.0
2023-12-18 11:00:00,0.0,0.0,0.0,0.0,0.0,0.0
2023-12-18 12:00:00,0.0,0.0,0.0,0.0,0.0,0.0
2023-12-18 13:00:00,0.0,0.0,0.0,0.0,0.0,0.0
2023-12-18 14:00:00,0.0,0.0,0.0,0.0,0.0,0.0
2023-12-18 15:00:00,0.0,0.0,0.0,0.0,0.0,0.0
2023-12-18 16:00:00,0.0,0.0,0.0,0.0,0.0,0.0
2023-12-18 17:00:00,0.0,0.0,0.0,0.0,0.0,0.0
2023-12-18 18:00:00,0.0,0.0,0.0,0.0,0.0,0.0
2023-12-18 19:00:00,0.0,0.0,0.0,0.0,0.0,0.0
2023-12-18 20:00:00,0.0,0.0,0.0,0.0,0.0,0.0
2023-12-18 21:00:00,0.0,0.0,0.0,0.0,0.0,0.0
2023-12-18 22:00:00,0.0,0.0,0.0,0.0,0.0,0.0
2023-12-18 23:00:00,0.0,0.0,0.0,0.0,0.0,0.0
2023-12-19 00:00:00,0.0,0.0,0.0,0.0,0.0,0.0
2023-12-19 01:00:00,0.0,0.0,0.0,0.0,0.0,0.0
2023-12-19 02:00:00,0.0,0.0,0.0,0.0,0.0,0.0
2023-12-19 03:00:00,0.0,0.0,0.0,0.0,0.0,0.0
2023-12-19 04:00:00,0.0,0.0,0.0,0.0,0.0,0.0
2023-12-19 05:00:00,0.0,0.0,0.0,0.0,0.0,0.0
2023-12-19 06:00:00,0.0,0.0,0.0,0.0,0.0,0.0
2023-12-19 07:00:00,0.0,0.0,0.0,0.0,0.0,0.0
2023-12-19 08:00:00,0.0,0.0,0.0,0.0,0.0,0.0
2023-12-19 09:00:00,0.0,0.0,0.0,0.0,0.0,0.0
2023-12-19 10:00:00,0.0,0.0,0.0,0.0,0.0,0.0
2023-12-19 11:00:00,0.0,0.0,0.0,0.0,0.0,0.0
2023-12-19 12:00:00,0.0,0.0,0.0,0.0,0.0,0.0
2023-12-19 13:00:00,0.0,0.0,0.0,0.0,0.0,0.0
2023-12-19 14:00:00,0.0,0.0,0.0,0.0,0.0,0.0
2023-12-19 15:00:00,0.0,0.0,0.0,0.0,0.0,0.0
2023-12-19 16:00:00,0.0,0.0,0.0,0.0,0.0,0.0
2023-12-19 17:00:00,0.0,0.0,0.0,0.0,0.0,0.0
2023-12-19 18:00:00,0.0,0.0,0.0,0.0,0.0,0.0
2023-12-19 19:00:00,0.0,0.0,0.0,0.0,0.0,0.0
2023-12-19 20:00:00,0.0,0.0,0.0,0.0,0.0,0.0
2023-12-19 21:00:00,0.0,0.0,0.0,0.0,0.0,0.0
2023-12-19 22:00:00,0.0,0.0,0.0,0.0,0.0,0.0
2023-12-19 23:00:00,0.0,0.0,0.0,0.0,0.0,0.0
2023-12-20 00:00:00,0.0,0.0,0.0,0.0,0.0,0.0
2023-12-20 01:00:00,0.0,0.0,0.0,0.0,0.0,0.0
2023-12-20 02:00:00,0.0,0.0,0.0,0.0,0.0,0.0
2023-12-20 03:00:00,0.0,0.0,0.0,0.0,0.0,0.0
2023-12-20 04:00:00,0.0,0.0,0.0,0.0,0.0,0.0
2023-12-20 05:00:00,0.0,0.0,0.0,0.0,0.0,0.0
2023-12-20 06:00:00,0.0,0.0,0.0,0.0,0.0,0.0
2023-12-20 07:00:00,0.0,0.0,0.0,0.0,0.0,0.0
2023-12-20 08:00:00,0.0,0.0,0.0,0.0,0.0,0.0
2023-12-20 09:00:00,0.0,0.0,0.0,0.0,0.0,0.0
2023-12-20 10:00:00,0.0,0.0,0.0,0.0,0.0,0.0
2023-12-20 11:00:00,0.0,0.0,0.0,0.0,0.0,0.0
2023-12-20 12:00:00,0.0,0.0,0.0,0.0,0.0,0.0
2023-12-20 13:00:00,0.0,0.0,0.0,0.0,0.0,0.0
2023-12-20 14:00:00,0.0,0.0,0.0,0.0,0.0,0.0
2023-12-20 15:00:00,0.0,0.0,0.0,0.0,0.0,0.0
2023-12-20 16:00:00,0.0,0.0,0.0,0.0,0.0,0.0
2023-12-20 17:00:00,0.0,0.0,0.0,0.0,0.0,0.0
2023-12-20 18:00:00,0.0,0.0,0.0,0.0,0.0,0.0
2023-12-20 19:00:00,0.0,0.0,0.0,0.0,0.0,0.0
2023-12-20 20:00:00,0.0,0.0,0.0,0.0,0.0,0.0
2023-12-20 21:00:00,0.0,0.0,0.0,0.0,0.0,0.0
2023-12-20 22:00:00,0.0,0.0,0.0,0.0,0.0,0.0
2023-12-20 23:00:00,0.0,0.0,0.0,0.0,0.0,0.0
2023-12-21 00:00:00,0.0,0.0,0.0,0.0,0.0,0.0
2023-12-21 01:00:00,0.0,0.0,0.0,0.0,0.0,0.0
2023-12-21 02:00:00,0.0,0.0,0.0,0.0,0.0,0.0
2023-12-21 03:00:00,0.0,0.0,0.0,0.0,0.0,0.0
2023-12-21 04:00:00,0.0,0.0,0.0,0.0,0.0,0.0
2023-12-21 05:00:00,0.0,0.0,0.0,0.0,0.0,0.0
2023-12-21 06:00:00,0.0,0.0,0.0,0.0,0.0,0.0
2023-12-21 07:00:00,0.0,0.0,0.0,0.0,0.0,0.0
2023-12-21 08:00:00,0.0,0.0,0.0,0.0,0.0,0.0
2023-12-21 09:00:00,0.0,0.0,0.0,0.0,0.0,0.0
2023-12-21 10:00:00,0.0,0.0,0.0,0.0,0.0,0.0
2023-12-21 11:00:00,0.0,0.0,0.0,0.0,0.0,0.0
2023-12-21 12:00:00,0.0,0.0,0.0,0.0,0.0,0.0
2023-12-21 13:00:00,0.0,0.0,0.0,0.0,0.0,0.0
2023-12-21 14:00:00,0.0,0.0,0.0,0.0,0.0,0.0
2023-12-21 15:00:00,0.0,0.0,0.0,0.0,0.0,0.0
2023-12-21 16:00:00,0.0,0.0,0.0,0.0,0.0,0.0
2023-12-21 17:00:00,0.0,0.0,0.0,0.0,0.0,0.0
2023-12-21 18:00:00,0.0,0.0,0.0,0.0,0.0,0.0
2023-12-21 19:00:00,0.0,0.0,0.0,0.0,0.0,0.0
2023-12-21 20:00:00,0.0,0.0,0.0,0.0,0.0,0.0
2023-12-21 21:00:00,0.0,0.0,0.0,0.0,0.0,0.0
2023-12-21 22:00:00,0.0,0.0,0.0,0.0,0.0,0.0
2023-12-21 23:00:00,0.0,0.0,0.0,0.0,0.0,0.0
2023-12-22 00:00:00,0.0,0.0,0.0,0.0,0.0,0.0
2023-12-22 01:00:00,0.0,0.0,0.0,0.0,0.0,0.0
2023-12-22 02:00:00,0.0,0.0,0.0,0.0,0.0,0.0
2023-12-22 03:00:00,0.0,0.0,0.0,0.0,0.0,0.0
2023-12-22 04:00:00,0.0,0.0,0.0,0.0,0.0,0.0
2023-12-22 05:00:00,0.0,0.0,0.0,0.0,0.0,0.0
2023-12-22 06:00:00,0.0,0.0,0.0,0.0,0.0,0.0
2023-12-22 07:00:00,0.0,0.0,0.0,0.0,0.0,0.0
2023-12-22 08:00:00,0.0,0.0,0.0,0.0,0.0,0.0
2023-12-22 09:00:00,0.0,0.0,0.0,0.0,0.0,0.0
2023-12-22 10:00:00,0.0,0.0,0.0,0.0,0.0,0.0
2023-12-22 11:00:00,0.0,0.0,0.0,0.0,0.0,0.0
2023-12-22 12:00:00,0.0,0.0,0.0,0.0,0.0,0.0
2023-12-22 13:00:00,0.0,0.0,0.0,0.0,0.0,0.0
2023-12-22 14:00:00,0.0,0.0,0.0,0.0,0.0,0.0
2023-12-22 15:00:00,0.0,0.0,0.0,0.0,0.0,0.0
2023-12-22 16:00:00,0.0,0.0,0.0,0.0,0.0,0.0
2023-12-22 17:00:00,0.0,0.0,0.0,0.0,0.0,0.0
2023-12-22 18:00:00,0.0,0.0,0.0,0.0,0.0,0.0
2023-12-22 19:00:00,0.0,0.0,0.0,0.0,0.0,0.0
2023-12-22 20:00:00,0.0,0.0,0.0,0.0,0.0,0.0
2023-12-22 21:00:00,0.0,0.0,0.0,0.0,0.0,0.0
2023-12-22 22:00:00,0.0,0.0,0.0,0.0,0.0,0.0
2023-12-22 23:00:00,0.0,0.0,0.0,0.0,0.0,0.0
2023-12-23 00:00:00,0.0,0.0,0.0,0.0,0.0,0.0
2023-12-23 01:00:00,0.0,0.0,0.0,0.0,0.0,0.0
2023-12-23 02:00:00,0.0,0.0,0.0,0.0,0.0,0.0
2023-12-23 03:00:00,0.0,0.0,0.0,0.0,0.0,0.0
2023-12-23 04:00:00,0.0,0.0,0.0,0.0,0.0,0.0
2023-12-23 05:00:00,0.0,0.0,0.0,0.0,0.0,0.0
2023-12-23 06:00:00,0.0,0.0,0.0,0.0,0.0,0.0
2023-12-23 07:00:00,0.0,0.0,0.0,0.0,0.0,0.0
2023-12-23 08:00:00,0.0,0.0,0.0,0.0,0.0,0.0
2023-12-23 09:00:00,0.0,0.0,0.0,0.0,0.0,0.0
2023-12-23 10:00:00,0.0,0.0,0.0,0.0,0.0,0.0
2023-12-23 11:00:00,0.0,0.0,0.0,0.0,0.0,0.0
2023-12-23 12:00:00,0.0,0.0,0.0,0.0,0.0,0.0
2023-12-23 13:00:00,0.0,0.0,0.0,0.0,0.0,0.0
2023-12-23 14:00:00,0.0,0.0,0.0,0.0,0.0,0.0
2023-12-23 15:00:00,0.0,0.0,0.0,0.0,0.0,0.0
2023-12-23 16:00:00,0.0,0.0,0.0,0.0,0.0,0.0
2023-12-23 17:00:00,0.0,0.0,0.0,0.0,0.0,0.0
2023-12-23 18:00:00,0.0,0.0,0.0,0.0,0.0,0.0
2023-12-23 19:00:00,0.0,0.0,0.0,0.0,0.0,0.0
2023-12-23 20:00:00,0.0,0.0,0.0,0.0,0.0,0.0
2023-12-23 21:00:00,0.0,0.0,0.0,0.0,0.0,0.0
2023-12-23 22:00:00,0.0,0.0,0.0,0.0,0.0,0.0
2023-12-23 23:00:00,0.0,0.0,0.0,0.0,0.0,0.0
2023-12-24 00:00:00,0.0,0.0,0.0,0.0,0.0,0.0
2023-12-24 01:00:00,0.0,0.0,0.0,0.0,0.0,0.0
2023-12-24 02:00:00,0.0,0.0,0.0,0.0,0.0,0.0
2023-12-24 03:00:00,0.0,0.0,0.0,0.0,0.0,0.0
2023-12-24 04:00:00,0.0,0.0,0.0,0.0,0.0,0.0
2023-12-24 05:00:00,0.0,0.0,0.0,0.0,0.0,0.0
2023-12-24 06:00:00,0.0,0.0,0.0,0.0,0.0,0.0
2023-12-24 07:00:00,0.0,0.0,0.0,0.0,0.0,0.0
2023-12-24 08:00:00,0.0,0.0,0.0,0.0,0.0,0.0
2023-12-24 09:00:00,0.0,0.0,0.0,0.0,0.0,0.0
2023-12-24 10:00:00,0.0,0.0,0.0,0.0,0.0,0.0
2023-12-24 11:00:00,0.0,0.0,0.0,0.0,0.0,0.0
2023-12-24 12:00:00,0.0,0.0,0.0,0.0,0.0,0.0
2023-12-24 13:00:00,0.0,0.0,0.0,0.0,0.0,0.0
2023-12-24 14:00:00,0.0,0.0,0.0,0.0,0.0,0.0
2023-12-24 15:00:00,0.0,0.0,0.0,0.0,0.0,0.0
2023-12-24 16:00:00,0.0,0.0,0.0,0.0,0.0,0.0
2023-12-24 17:00:00,0.0,0.0,0.0,0.0,0.0,0.0
2023-12-24 18:00:00,0.0,0.0,0.0,0.0,0.0,0.0
2023-12-24 19:00:00,0.0,0.0,0.0,0.0,0.0,0.0
2023-12-24 20:00:00,0.0,0.0,0.0,0.0,0.0,0.0
2023-12-24 21:00:00,0.0,0.0,0.0,0.0,0.0,0.0
2023-12-24 22:00:00,0.0,0.0,0.0,0.0,0.0,0.0
2023-12-24 23:00:00,0.0,0.0,0.0,0.0,0.0,0.0
2023-12-25 00:00:00,0.0,0.0,0.0,0.0,0.0,0.0
2023-12-25 01:00:00,0.0,0.0,0.0,0.0,0.0,0.0
2023-12-25 02:00:00,0.0,0.0,0.0,0.0,0.0,0.0
2023-12-25 03:00:00,0.0,0.0,0.0,0.0,0.0,0.0
2023-12-25 04:00:00,0.0,0.0,0.0,0.0,0.0,0.0
2023-12-25 05:00:00,0.0,0.0,0.0,0.0,0.0,0.0
2023-12-25 06:00:00,0.0,0.0,0.0,0.0,0.0,0.0
2023-12-25 07:00:00,0.0,0.0,0.0,0.0,0.0,0.0
2023-12-25 08:00:00,0.0,0.0,0.0,0.0,0.0,0.0
2023-12-25 09:00:00,0.0,0.0,0.0,0.0,0.0,0.0
2023-12-25 10:00:00,0.0,0.0,0.0,0.0,0.0,0.0
2023-12-25 11:00:00,0.0,0.0,0.0,0.0,0.0,0.0
2023-12-25 12:00:00,0.0,0.0,0.0,0.0,0.0,0.0
2023-12-25 13:00:00,0.0,0.0,0.0,0.0,0.0,0.0
2023-12-25 14:00:00,0.0,0.0,0.0,0.0,0.0,0.0
2023-12-25 15:00:00,0.0,0.0,0.0,0.0,0.0,0.0
2023-12-25 16:00:00,0.0,0.0,0.0,0.0,0.0,0.0
2023-12-25 17:00:00,0.0,0.0,0.0,0.0,0.0,0.0
2023-12-25 18:00:00,0.0,0.0,0.0,0.0,0.0,0.0
2023-12-25 19:00:00,0.0,0.0,0.0,0.0,0.0,0.0
2023-12-25 20:00:00,0.0,0.0,0.0,0.0,0.0,0.0
2023-12-25 21:00:00,0.0,0.0,0.0,0.0,0.0,0.0
2023-12-25 22:00:00,0.0,0.0,0.0,0.0,0.0,0.0
2023-12-25 23:00:00,0.0,0.0,0.0,0.0,0.0,0.0
2023-12-26 00:00:00,0.0,0.0,0.0,0.0,0.0,0.0
2023-12-26 01:00:00,0.0,0.0,0.0,0.0,0.0,0.0
2023-12-26 02:00:00,0.0,0.0,0.0,0.0,0.0,0.0
2023-12-26 03:00:00,0.0,0.0,0.0,0.0,0.0,0.0
2023-12-26 04:00:00,0.0,0.0,0.0,0.0,0.0,0.0
2023-12-26 05:00:00,0.0,0.0,0.0,0.0,0.0,0.0
2023-12-26 06:00:00,0.0,0.0,0.0,0.0,0.0,0.0
2023-12-26 07:00:00,0.0,0.0,0.0,0.0,0.0,0.0
2023-12-26 08:00:00,0.0,0.0,0.0,0.0,0.0,0.0
2023-12-26 09:00:00,0.0,0.0,0.0,0.0,0.0,0.0
2023-12-26 10:00:00,0.0,0.0,0.0,0.0,0.0,0.0
2023-12-26 11:00:00,0.0,0.0,0.0,0.0,0.0,0.0
2023-12-26 12:00:00,0.0,0.0,0.0,0.0,0.0,0.0
2023-12-26 13:00:00,0.0,0.0,0.0,0.0,0.0,0.0
2023-12-26 14:00:00,0.0,0.0,0.0,0.0,0.0,0.0
2023-12-26 15:00:00,0.0,0.0,0.0,0.0,0.0,0.0
2023-12-26 16:00:00,0.0,0.0,0.0,0.0,0.0,0.0
2023-12-26 17:00:00,0.0,0.0,0.0,0.0,0.0,0.0
2023-12-26 18:00:00,0.0,0.0,0.0,0.0,0.0,0.0
2023-12-26 19:00:00,0.0,0.0,0.0,0.0,0.0,0.0
2023-12-26 20:00:00,0.0,0.0,0.0,0.0,0.0,0.0
2023-12-26 21:00:00,0.0,0.0,0.0,0.0,0.0,0.0
2023-12-26 22:00:00,0.0,0.0,0.0,0.0,0.0,0.0
2023-12-26 23:00:00,0.0,0.0,0.0,0.0,0.0,0.0
2023-12-27 00:00:00,0.0,0.0,0.0,0.0,0.0,0.0
2023-12-27 01:00:00,0.0,0.0,0.0,0.0,0.0,0.0
2023-12-27 02:00:00,0.0,0.0,0.0,0.0,0.0,0.0
2023-12-27 03:00:00,0.0,0.0,0.0,0.0,0.0,0.0
2023-12-27 04:00:00,0.0,0.0,0.0,0.0,0.0,0.0
2023-12-27 05:00:00,0.0,0.0,0.0,0.0,0.0,0.0
2023-12-27 06:00:00,0.0,0.0,0.0,0.0,0.0,0.0
2023-12-27 07:00:00,0.0,0.0,0.0,0.0,0.0,0.0
2023-12-27 08:00:00,0.0,0.0,0.0,0.0,0.0,0.0
2023-12-27 09:00:00,0.0,0.0,0.0,0.0,0.0,0.0
2023-12-27 10:00:00,0.0,0.0,0.0,0.0,0.0,0.0
2023-12-27 11:00:00,0.0,0.0,0.0,0.0,0.0,0.0
2023-12-27 12:00:00,0.0,0.0,0.0,0.0,0.0,0.0
2023-12-27 13:00:00,0.0,0.0,0.0,0.0,0.0,0.0
2023-12-27 14:00:00,0.0,0.0,0.0,0.0,0.0,0.0
2023-12-27 15:00:00,0.0,0.0,0.0,0.0,0.0,0.0
2023-12-27 16:00:00,0.0,0.0,0.0,0.0,0.0,0.0
2023-12-27 17:00:00,0.0,0.0,0.0,0.0,0.0,0.0
2023-12-27 18:00:00,0.0,0.0,0.0,0.0,0.0,0.0
2023-12-27 19:00:00,0.0,0.0,0.0,0.0,0.0,0.0
2023-12-27 20:00:00,0.0,0.0,0.0,0.0,0.0,0.0
2023-12-27 21:00:00,0.0,0.0,0.0,0.0,0.0,0.0
2023-12-27 22:00:00,0.0,0.0,0.0,0.0,0.0,0.0
2023-12-27 23:00:00,0.0,0.0,0.0,0.0,0.0,0.0
2023-12-28 00:00:00,0.0,0.0,0.0,0.0,0.0,0.0
2023-12-28 01:00:00,0.0,0.0,0.0,0.0,0.0,0.0
2023-12-28 02:00:00,0.0,0.0,0.0,0.0,0.0,0.0
2023-12-28 03:00:00,0.0,0.0,0.0,0.0,0.0,0.0
2023-12-28 04:00:00,0.0,0.0,0.0,0.0,0.0,0.0
2023-12-28 05:00:00,0.0,0.0,0.0,0.0,0.0,0.0
2023-12-28 06:00:00,0.0,0.0,0.0,0.0,0.0,0.0
2023-12-28 07:00:00,0.0,0.0,0.0,0.0,0.0,0.0
2023-12-28 08:00:00,0.0,0.0,0.0,0.0,0.0,0.0
2023-12-28 09:00:00,0.0,0.0,0.0,0.0,0.0,0.0
2023-12-28 10:00:00,0.0,0.0,0.0,0.0,0.0,0.0
2023-12-28 11:00:00,0.0,0.0,0.0,0.0,0.0,0.0
2023-12-28 12:00:00,0.0,0.0,0.0,0.0,0.0,0.0
2023-12-28 13:00:00,0.0,0.0,0.0,0.0,0.0,0.0
2023-12-28 14:00:00,0.0,0.0,0.0,0.0,0.0,0.0
2023-12-28 15:00:00,0.0,0.0,0.0,0.0,0.0,0.0
2023-12-28 16:00:00,0.0,0.0,0.0,0.0,0.0,0.0
2023-12-28 17:00:00,0.0,0.0,0.0,0.0,0.0,0.0
2023-12-28 18:00:00,0.0,0.0,0.0,0.0,0.0,0.0
2023-12-28 19:00:00,0.0,0.0,0.0,0.0,0.0,0.0
2023-12-28 20:00:00,0.0,0.0,0.0,0.0,0.0,0.0
2023-12-28 21:00:00,0.0,0.0,0.0,0.0,0.0,0.0
2023-12-28 22:00:00,0.0,0.0,0.0,0.0,0.0,0.0
2023-12-28 23:00:00,0.0,0.0,0.0,0.0,0.0,0.0
2023-12-29 00:00:00,0.0,0.0,0.0,0.0,0.0,0.0
2023-12-29 01:00:00,0.0,0.0,0.0,0.0,0.0,0.0
2023-12-29 02:00:00,0.0,0.0,0.0,0.0,0.0,0.0
2023-12-29 03:00:00,0.0,0.0,0.0,0.0,0.0,0.0
2023-12-29 04:00:00,0.0,0.0,0.0,0.0,0.0,0.0
2023-12-29 05:00:00,0.0,0.0,0.0,0.0,0.0,0.0
2023-12-29 06:00:00,0.0,0.0,0.0,0.0,0.0,0.0
2023-12-29 07:00:00,0.0,0.0,0.0,0.0,0.0,0.0
2023-12-29 08:00:00,0.0,0.0,0.0,0.0,0.0,0.0
2023-12-29 09:00:00,0.0,0.0,0.0,0.0,0.0,0.0
2023-12-29 10:00:00,0.0,0.0,0.0,0.0,0.0,0.0
2023-12-29 11:00:00,0.0,0.0,0.0,0.0,0.0,0.0
2023-12-29 12:00:00,0.0,0.0,0.0,0.0,0.0,0.0
2023-12-29 13:00:00,0.0,0.0,0.0,0.0,0.0,0.0
2023-12-29 14:00:00,0.0,0.0,0.0,0.0,0.0,0.0
2023-12-29 15:00:00,0.0,0.0,0.0,0.0,0.0,0.0
2023-12-29 16:00:00,0.0,0.0,0.0,0.0,0.0,0.0
2023-12-29 17:00:00,0.0,0.0,0.0,0.0,0.0,0.0
2023-12-29 18:00:00,0.0,0.0,0.0,0.0,0.0,0.0
2023-12-29 19:00:00,0.0,0.0,0.0,0.0,0.0,0.0
2023-12-29 20:00:00,0.0,0.0,0.0,0.0,0.0,0.0
2023-12-29 21:00:00,0.0,0.0,0.0,0.0,0.0,0.0
2023-12-29 22:00:00,0.0,0.0,0.0,0.0,0.0,0.0
2023-12-29 23:00:00,0.0,0.0,0.0,0.0,0.0,0.0
2023-12-30 00:00:00,0.0,0.0,0.0,0.0,0.0,0.0
2023-12-30 01:00:00,0.0,0.0,0.0,0.0,0.0,0.0
2023-12-30 02:00:00,0.0,0.0,0.0,0.0,0.0,0.0
2023-12-30 03:00:00,0.0,0.0,0.0,0.0,0.0,0.0
2023-12-30 04:00:00,0.0,0.0,0.0,0.0,0.0,0.0
2023-12-30 05:00:00,0.0,0.0,0.0,0.0,0.0,0.0
2023-12-30 06:00:00,0.0,0.0,0.0,0.0,0.0,0.0
2023-12-30 07:00:00,0.0,0.0,0.0,0.0,0.0,0.0
2023-12-30 08:00:00,0.0,0.0,0.0,0.0,0.0,0.0
2023-12-30 09:00:00,0.0,0.0,0.0,0.0,0.0,0.0
2023-12-30 10:00:00,0.0,0.0,0.0,0.0,0.0,0.0
2023-12-30 11:00:00,0.0,0.0,0.0,0.0,0.0,0.0
2023-12-30 12:00:00,0.0,0.0,0.0,0.0,0.0,0.0
2023-12-30 13:00:00,0.0,0.0,0.0,0.0,0.0,0.0
2023-12-30 14:00:00,0.0,0.0,0.0,0.0,0.0,0.0
2023-12-30 15:00:00,0.0,0.0,0.0,0.0,0.0,0.0
2023-12-30 16:00:00,0.0,0.0,0.0,0.0,0.0,0.0
2023-12-30 17:00:00,0.0,0.0,0.0,0.0,0.0,0.0
2023-12-30 18:00:00,0.0,0.0,0.0,0.0,0.0,0.0
2023-12-30 19:00:00,0.0,0.0,0.0,0.0,0.0,0.0
2023-12-30 20:00:00,0.0,0.0,0.0,0.0,0.0,0.0
2023-12-30 21:00:00,0.0,0.0,0.0,0.0,0.0,0.0
2023-12-30 22:00:00,0.0,0.0,0.0,0.0,0.0,0.0
2023-12-30 23:00:00,0.0,0.0,0.0,0.0,0.0,0.0
2023-12-31 00:00:00,0.0,0.0,0.0,0.0,0.0,0.0
2023-12-31 01:00:00,0.0,0.0,0.0,0.0,0.0,0.0
2023-12-31 02:00:00,0.0,0.0,0.0,0.0,0.0,0.0
2023-12-31 03:00:00,0.0,0.0,0.0,0.0,0.0,0.0
2023-12-31 04:00:00,0.0,0.0,0.0,0.0,0.0,0.0
2023-12-31 05:00:00,0.0,0.0,0.0,0.0,0.0,0.0
2023-12-31 06:00:00,0.0,0.0,0.0,0.0,0.0,0.0
2023-12-31 07:00:00,0.0,0.0,0.0,0.0,0.0,0.0
2023-12-31 08:00:00,0.0,0.0,0.0,0.0,0.0,0.0
2023-12-31 09:00:00,0.0,0.0,0.0,0.0,0.0,0.0
2023-12-31 10:00:00,0.0,0.0,0.0,0.0,0.0,0.0
2023-12-31 11:00:00,0.0,0.0,0.0,0.0,0.0,0.0
2023-12-31 12:00:00,0.0,0.0,0.0,0.0,0.0,0.0
2023-12-31 13:00:00,0.0,0.0,0.0,0.0,0.0,0.0
2023-12-31 14:00:00,0.0,0.0,0.0,0.0,0.0,0.0
2023-12-31 15:00:00,0.0,0.0,0.0,0.0,0.0,0.0
2023-12-31 16:00:00,0.0,0.0,0.0,0.0,0.0,0.0
2023-12-31 17:00:00,0.0,0.0,0.0,0.0,0.0,0.0
2023-12-31 18:00:00,0.0,0.0,0.0,0.0,0.0,0.0
2023-12-31 19:00:00,0.0,0.0,0.0,0.0,0.0,0.0
2023-12-31 20:00:00,0.0,0.0,0.0,0.0,0.0,0.0
2023-12-31 21:00:00,0.0,0.0,0.0,0.0,0.0,0.0
2023-12-31 22:00:00,0.0,0.0,0.0,0.0,0.0,0.0
2023-12-31 23:00:00,0.0,0.0,0.0,0.0,0.0,0.0
